2,0.0,0.0,0.11400651465798045,-0.30618892508143325,0.2996742671009772,-0.5993485342019544,0.42671009771986973,-0.8175895765472313,0.4723127035830619,-1.0,0.50814332247557,-0.5276872964169381,0.7100977198697068,-0.42996742671009774,0.6416938110749185,-0.3713355048859935,0.5407166123778502,-0.3778501628664495,0.5472312703583062,-0.34527687296416937,0.762214983713355,-0.2768729641693811,0.6807817589576547,-0.23127035830618892,0.5602605863192183,-0.23127035830618892,0.5667752442996743,-0.15309446254071662,0.762214983713355,-0.12052117263843648,0.6775244299674267,-0.08469055374592833,0.5602605863192183,-0.08469055374592833,0.5602605863192183,0.03257328990228013,0.7100977198697068,0.016286644951140065,0.6254071661237784,0.03257328990228013,0.5309446254071661,0.035830618892508145
2,0.0,0.0,0.11295681063122924,-0.3089700996677741,0.2823920265780731,-0.5980066445182725,0.4152823920265781,-0.8172757475083057,0.46179401993355484,-1.0,0.5049833887043189,-0.53156146179402,0.7009966777408638,-0.43853820598006643,0.6378737541528239,-0.37209302325581395,0.5382059800664452,-0.37209302325581395,0.5514950166112956,-0.34219269102990035,0.7674418604651163,-0.2757475083056478,0.6976744186046512,-0.22259136212624583,0.5813953488372093,-0.2159468438538206,0.5714285714285714,-0.1461794019933555,0.7674418604651163,-0.11295681063122924,0.6910299003322259,-0.07973421926910298,0.5714285714285714,-0.07641196013289037,0.5647840531561462,0.03986710963455149,0.7142857142857143,0.023255813953488372,0.6345514950166113,0.036544850498338874,0.5448504983388704,0.036544850498338874
2,0.0,0.0,0.11038961038961038,-0.3051948051948052,0.2824675324675325,-0.5974025974025974,0.40584415584415584,-0.8181818181818182,0.4448051948051948,-1.0,0.4935064935064935,-0.5194805194805194,0.698051948051948,-0.4155844155844156,0.6201298701298701,-0.36038961038961037,0.5194805194805194,-0.37012987012987014,0.5357142857142857,-0.33766233766233766,0.7532467532467533,-0.2694805194805195,0.6688311688311688,-0.22402597402597402,0.5454545454545454,-0.22727272727272727,0.551948051948052,-0.14935064935064934,0.75,-0.11363636363636363,0.6655844155844156,-0.08441558441558442,0.5454545454545454,-0.08441558441558442,0.5454545454545454,0.032467532467532464,0.698051948051948,0.012987012987012988,0.6168831168831169,0.02922077922077922,0.5227272727272727,0.02922077922077922
2,0.0,0.0,0.10855263157894737,-0.3026315789473684,0.27960526315789475,-0.5953947368421053,0.40131578947368424,-0.8157894736842105,0.4375,-1.0,0.506578947368421,-0.5328947368421053,0.7105263157894737,-0.41776315789473684,0.6282894736842105,-0.35855263157894735,0.5197368421052632,-0.3717105263157895,0.5493421052631579,-0.34868421052631576,0.7664473684210527,-0.26973684210526316,0.6743421052631579,-0.22039473684210525,0.5493421052631579,-0.2236842105263158,0.569078947368421,-0.1513157894736842,0.756578947368421,-0.1118421052631579,0.6677631578947368,-0.0756578947368421,0.5493421052631579,-0.07236842105263158,0.5657894736842105,0.03618421052631579,0.7138157894736842,0.023026315789473683,0.6282894736842105,0.046052631578947366,0.5328947368421053,0.049342105263157895
2,0.0,0.0,0.11960132890365449,-0.3089700996677741,0.2857142857142857,-0.5980066445182725,0.4019933554817276,-0.8239202657807309,0.44518272425249167,-1.0,0.5249169435215947,-0.53156146179402,0.7242524916943521,-0.4219269102990033,0.6411960132890365,-0.3588039867109635,0.53156146179402,-0.37209302325581395,0.5647840531561462,-0.3521594684385382,0.7641196013289037,-0.26245847176079734,0.6744186046511628,-0.2159468438538206,0.5514950166112956,-0.22259136212624583,0.5780730897009967,-0.15282392026578073,0.7508305647840532,-0.10631229235880399,0.6644518272425249,-0.07308970099667775,0.5448504983388704,-0.07641196013289037,0.5714285714285714,0.03322259136212625,0.7142857142857143,0.029900332225913623,0.6312292358803987,0.04318936877076412,0.53156146179402,0.04318936877076412
2,0.0,0.0,0.12459016393442623,-0.30491803278688523,0.2983606557377049,-0.5934426229508196,0.42295081967213116,-0.8163934426229508,0.46229508196721314,-1.0,0.5245901639344263,-0.5245901639344263,0.7442622950819672,-0.40327868852459015,0.6655737704918033,-0.3475409836065574,0.5573770491803278,-0.3540983606557377,0.5606557377049181,-0.3442622950819672,0.780327868852459,-0.24918032786885247,0.6950819672131148,-0.20655737704918034,0.5737704918032787,-0.21311475409836064,0.5704918032786885,-0.14754098360655737,0.7639344262295082,-0.09508196721311475,0.6786885245901639,-0.06557377049180328,0.5606557377049181,-0.07213114754098361,0.5606557377049181,0.036065573770491806,0.7114754098360656,0.036065573770491806,0.6295081967213115,0.04918032786885246,0.5344262295081967,0.04590163934426229
2,0.0,0.0,0.12457912457912458,-0.30976430976430974,0.2996632996632997,-0.5993265993265994,0.43434343434343436,-0.8181818181818182,0.5016835016835017,-1.0,0.5555555555555556,-0.5286195286195287,0.7744107744107744,-0.39057239057239057,0.6801346801346801,-0.3333333333333333,0.569023569023569,-0.35353535353535354,0.5892255892255892,-0.3400673400673401,0.7946127946127947,-0.23232323232323232,0.7070707070707071,-0.18855218855218855,0.5858585858585859,-0.19865319865319866,0.5959595959595959,-0.13804713804713806,0.7710437710437711,-0.0707070707070707,0.6801346801346801,-0.04377104377104377,0.5622895622895623,-0.05723905723905724,0.5824915824915825,0.05387205387205387,0.7239057239057239,0.06397306397306397,0.6363636363636364,0.07407407407407407,0.5420875420875421,0.06397306397306397
2,0.0,0.0,0.13175675675675674,-0.3108108108108108,0.31756756756756754,-0.6013513513513513,0.46283783783783783,-0.8209459459459459,0.5371621621621622,-1.0,0.5574324324324325,-0.5236486486486487,0.7837837837837838,-0.4155405405405405,0.7263513513513513,-0.34459459459459457,0.6317567567567568,-0.34797297297297297,0.597972972972973,-0.3310810810810811,0.8209459459459459,-0.24662162162162163,0.7668918918918919,-0.1858108108108108,0.6655405405405406,-0.18243243243243243,0.6114864864864865,-0.12837837837837837,0.8108108108108109,-0.07432432432432433,0.7466216216216216,-0.033783783783783786,0.6385135135135135,-0.04054054054054054,0.6047297297297297,0.07094594594594594,0.7601351351351351,0.07094594594594594,0.6858108108108109,0.08783783783783784,0.597972972972973,0.0777027027027027
2,0.0,0.0,0.13013698630136986,-0.3013698630136986,0.3219178082191781,-0.5958904109589042,0.4726027397260274,-0.8116438356164384,0.5547945205479452,-1.0,0.6164383561643836,-0.523972602739726,0.8561643835616438,-0.3493150684931507,0.7534246575342466,-0.2945205479452055,0.6267123287671232,-0.3321917808219178,0.6506849315068494,-0.3287671232876712,0.8835616438356164,-0.18835616438356165,0.7842465753424658,-0.14383561643835616,0.6575342465753424,-0.17123287671232876,0.6541095890410958,-0.11986301369863013,0.8664383561643836,-0.0273972602739726,0.7671232876712328,0.003424657534246575,0.6438356164383562,-0.02054794520547945,0.6335616438356164,0.0821917808219178,0.8047945205479452,0.1095890410958904,0.708904109589041,0.1232876712328767,0.6061643835616438,0.10273972602739725
2,0.0,0.0,0.1326530612244898,-0.3163265306122449,0.32653061224489793,-0.608843537414966,0.4931972789115646,-0.8163265306122449,0.5884353741496599,-1.0,0.6360544217687075,-0.5102040816326531,0.8469387755102041,-0.35714285714285715,0.7517006802721088,-0.30272108843537415,0.6360544217687075,-0.3299319727891156,0.6666666666666666,-0.3129251700680272,0.8605442176870748,-0.17687074829931973,0.7619047619047619,-0.14285714285714285,0.6428571428571429,-0.17006802721088435,0.6598639455782312,-0.11224489795918367,0.8163265306122449,-0.02040816326530612,0.7210884353741497,0.0,0.6020408163265306,-0.034013605442176874,0.6326530612244898,0.0782312925170068,0.7551020408163265,0.11224489795918367,0.6632653061224489,0.11564625850340136,0.564625850340136,0.08503401360544217
2,0.0,0.0,0.1310344827586207,-0.3137931034482759,0.3275862068965517,-0.6068965517241379,0.506896551724138,-0.8206896551724138,0.6241379310344828,-1.0,0.6551724137931034,-0.5344827586206896,0.8413793103448276,-0.3620689655172414,0.7310344827586207,-0.296551724137931,0.6172413793103448,-0.32413793103448274,0.696551724137931,-0.32413793103448274,0.8655172413793103,-0.1793103448275862,0.7551724137931034,-0.13793103448275862,0.6310344827586207,-0.16206896551724137,0.696551724137931,-0.11379310344827587,0.8482758620689655,-0.006896551724137931,0.7413793103448276,0.020689655172413793,0.6206896551724138,-0.0034482758620689655,0.6689655172413793,0.08620689655172414,0.8,0.1310344827586207,0.696551724137931,0.14482758620689656,0.593103448275862,0.12758620689655173
2,0.0,0.0,0.13588850174216027,-0.31010452961672474,0.3310104529616725,-0.6062717770034843,0.5052264808362369,-0.818815331010453,0.6236933797909407,-1.0,0.6968641114982579,-0.5296167247386759,0.9059233449477352,-0.32752613240418116,0.8153310104529616,-0.25435540069686413,0.6968641114982579,-0.28222996515679444,0.7386759581881533,-0.3205574912891986,0.89198606271777,-0.14634146341463414,0.794425087108014,-0.10452961672473868,0.6759581881533101,-0.13588850174216027,0.7247386759581882,-0.10452961672473868,0.8432055749128919,0.020905923344947737,0.7456445993031359,0.04529616724738676,0.6236933797909407,0.006968641114982578,0.686411149825784,0.0975609756097561,0.7770034843205574,0.1672473867595819,0.6794425087108014,0.17421602787456447,0.5714285714285714,0.13588850174216027
2,0.0,0.0,0.12714776632302405,-0.30927835051546393,0.3127147766323024,-0.6082474226804123,0.4845360824742268,-0.8178694158075601,0.6048109965635738,-1.0,0.6907216494845361,-0.5395189003436426,0.8831615120274914,-0.3470790378006873,0.7766323024054983,-0.2852233676975945,0.6563573883161512,-0.3127147766323024,0.738831615120275,-0.32989690721649484,0.8762886597938144,-0.16494845360824742,0.7628865979381443,-0.12714776632302405,0.6357388316151202,-0.16151202749140894,0.7319587628865979,-0.11683848797250859,0.8316151202749141,0.003436426116838488,0.7285223367697594,0.027491408934707903,0.6082474226804123,-0.006872852233676976,0.697594501718213,0.0859106529209622,0.7628865979381443,0.15463917525773196,0.6597938144329897,0.16151202749140894,0.5567010309278351,0.12371134020618557
2,0.0,0.0,0.09967845659163987,-0.31189710610932475,0.2829581993569132,-0.6012861736334405,0.44694533762057875,-0.8167202572347267,0.5434083601286174,-1.0,0.5916398713826366,-0.5659163987138264,0.7717041800643086,-0.42765273311897106,0.6784565916398714,-0.3440514469453376,0.572347266881029,-0.3504823151125402,0.6591639871382636,-0.3729903536977492,0.8102893890675241,-0.24758842443729903,0.7234726688102894,-0.19614147909967847,0.6012861736334405,-0.2090032154340836,0.6816720257234726,-0.17041800643086816,0.7877813504823151,-0.0707395498392283,0.6977491961414791,-0.03858520900321544,0.5819935691318328,-0.05787781350482315,0.6720257234726688,0.03215434083601286,0.7395498392282959,0.08038585209003216,0.6495176848874598,0.09646302250803858,0.5498392282958199,0.07395498392282958
2,0.0,0.0,0.08615384615384615,-0.30153846153846153,0.2523076923076923,-0.5969230769230769,0.40307692307692305,-0.8153846153846154,0.47692307692307695,-1.0,0.5169230769230769,-0.5538461538461539,0.7292307692307692,-0.4276923076923077,0.676923076923077,-0.3353846153846154,0.5938461538461538,-0.3292307692307692,0.5815384615384616,-0.36923076923076925,0.7815384615384615,-0.2676923076923077,0.7292307692307692,-0.2,0.6307692307692307,-0.19692307692307692,0.6123076923076923,-0.1753846153846154,0.7753846153846153,-0.09538461538461539,0.7107692307692308,-0.04923076923076923,0.6061538461538462,-0.055384615384615386,0.6184615384615385,0.015384615384615385,0.7353846153846154,0.036923076923076927,0.6615384615384615,0.05846153846153846,0.5692307692307692,0.046153846153846156
2,0.0,0.0,0.08868501529051988,-0.30275229357798167,0.23853211009174313,-0.6024464831804281,0.3730886850152905,-0.8226299694189603,0.43119266055045874,-1.0,0.5045871559633027,-0.5504587155963303,0.7186544342507645,-0.43730886850152906,0.6758409785932722,-0.3577981651376147,0.599388379204893,-0.345565749235474,0.5596330275229358,-0.3761467889908257,0.7706422018348624,-0.28134556574923547,0.7247706422018348,-0.22018348623853212,0.6330275229357798,-0.21100917431192662,0.5871559633027523,-0.18654434250764526,0.7706422018348624,-0.11009174311926606,0.7125382262996942,-0.07339449541284404,0.6116207951070336,-0.08256880733944955,0.5902140672782875,0.0,0.7217125382262997,0.027522935779816515,0.6605504587155964,0.04281345565749235,0.581039755351682,0.027522935779816515
2,0.0,0.0,0.08201892744479496,-0.3028391167192429,0.19558359621451105,-0.5962145110410094,0.2996845425867508,-0.8201892744479495,0.3627760252365931,-1.0,0.47634069400630913,-0.5615141955835962,0.6529968454258676,-0.47318611987381703,0.555205047318612,-0.4069400630914827,0.444794952681388,-0.4037854889589905,0.5425867507886435,-0.3785488958990536,0.7066246056782335,-0.305993690851735,0.61198738170347,-0.26498422712933756,0.4952681388012618,-0.2618296529968454,0.580441640378549,-0.1892744479495268,0.7066246056782335,-0.14195583596214512,0.6182965299684543,-0.11987381703470032,0.5047318611987381,-0.11987381703470032,0.5930599369085173,-0.012618296529968454,0.6750788643533123,-0.006309148264984227,0.5930599369085173,0.006309148264984227,0.5078864353312302,0.0031545741324921135
2,0.0,0.0,0.08552631578947369,-0.3125,0.20723684210526316,-0.6052631578947368,0.3223684210526316,-0.8223684210526315,0.3815789473684211,-1.0,0.4868421052631579,-0.555921052631579,0.6776315789473685,-0.47039473684210525,0.5855263157894737,-0.3980263157894737,0.47039473684210525,-0.39473684210526316,0.5526315789473685,-0.375,0.743421052631579,-0.3092105263157895,0.6611842105263158,-0.2565789473684211,0.5394736842105263,-0.25,0.5921052631578947,-0.1875,0.756578947368421,-0.14802631578947367,0.680921052631579,-0.11513157894736842,0.5657894736842105,-0.11513157894736842,0.6019736842105263,-0.009868421052631578,0.7269736842105263,-0.01644736842105263,0.6546052631578947,0.003289473684210526,0.5625,0.0
2,0.0,0.0,0.08503401360544217,-0.30272108843537415,0.21428571428571427,-0.5986394557823129,0.3333333333333333,-0.8197278911564626,0.40476190476190477,-1.0,0.5034013605442177,-0.5680272108843537,0.717687074829932,-0.45918367346938777,0.6258503401360545,-0.3877551020408163,0.5102040816326531,-0.391156462585034,0.5680272108843537,-0.3877551020408163,0.7653061224489796,-0.29931972789115646,0.6802721088435374,-0.24829931972789115,0.5578231292517006,-0.24489795918367346,0.6054421768707483,-0.20068027210884354,0.7721088435374149,-0.13945578231292516,0.6870748299319728,-0.11224489795918367,0.5714285714285714,-0.11564625850340136,0.6190476190476191,-0.023809523809523808,0.7380952380952381,-0.01020408163265306,0.6564625850340136,0.01020408163265306,0.5612244897959183,0.003401360544217687
2,0.0,0.0,0.10320284697508897,-0.3096085409252669,0.2597864768683274,-0.6014234875444839,0.398576512455516,-0.8185053380782918,0.47330960854092524,-1.0,0.5444839857651246,-0.5587188612099644,0.7508896797153025,-0.4412811387900356,0.6583629893238434,-0.3701067615658363,0.5373665480427047,-0.3736654804270463,0.608540925266904,-0.37722419928825623,0.797153024911032,-0.2704626334519573,0.7046263345195729,-0.21708185053380782,0.5836298932384342,-0.2206405693950178,0.6334519572953736,-0.18505338078291814,0.7900355871886121,-0.10320284697508897,0.701067615658363,-0.0711743772241993,0.5836298932384342,-0.08540925266903915,0.6405693950177936,0.0035587188612099642,0.7508896797153025,0.03914590747330961,0.6619217081850534,0.05693950177935943,0.5658362989323843,0.03558718861209965
2,0.0,0.0,0.14785992217898833,-0.31906614785992216,0.3424124513618677,-0.6108949416342413,0.5214007782101168,-0.8249027237354085,0.6342412451361867,-1.0,0.6342412451361867,-0.5369649805447471,0.8054474708171206,-0.40077821011673154,0.6848249027237354,-0.3424124513618677,0.5642023346303502,-0.36186770428015563,0.6809338521400778,-0.3346303501945525,0.8326848249027238,-0.22957198443579765,0.7276264591439688,-0.1828793774319066,0.603112840466926,-0.19455252918287938,0.6926070038910506,-0.1245136186770428,0.8171206225680934,-0.05058365758754864,0.7237354085603113,-0.023346303501945526,0.5992217898832685,-0.042801556420233464,0.6770428015564203,0.07392996108949416,0.7821011673151751,0.10116731517509728,0.6926070038910506,0.11284046692607004,0.5953307392996109,0.09727626459143969
2,0.0,0.0,0.15853658536585366,-0.32113821138211385,0.3699186991869919,-0.6138211382113821,0.573170731707317,-0.8211382113821138,0.7113821138211383,-1.0,0.6829268292682927,-0.5203252032520326,0.8780487804878049,-0.34146341463414637,0.7601626016260162,-0.2845528455284553,0.6422764227642277,-0.3130081300813008,0.7195121951219512,-0.3048780487804878,0.8780487804878049,-0.16666666666666666,0.7682926829268293,-0.13008130081300814,0.6463414634146342,-0.15040650406504066,0.7195121951219512,-0.09349593495934959,0.8455284552845529,0.0040650406504065045,0.7479674796747967,0.02032520325203252,0.6260162601626016,-0.0040650406504065045,0.6910569105691057,0.10569105691056911,0.7845528455284553,0.13414634146341464,0.6910569105691057,0.13821138211382114,0.5894308943089431,0.11382113821138211
2,0.0,0.0,0.1581196581196581,-0.3162393162393162,0.3888888888888889,-0.6153846153846154,0.6025641025641025,-0.8205128205128205,0.7606837606837606,-1.0,0.7136752136752137,-0.5170940170940171,0.9358974358974359,-0.3247863247863248,0.811965811965812,-0.26495726495726496,0.6837606837606838,-0.3034188034188034,0.7393162393162394,-0.2948717948717949,0.9316239316239316,-0.13675213675213677,0.8162393162393162,-0.09829059829059829,0.6752136752136753,-0.13247863247863248,0.7264957264957265,-0.06837606837606838,0.8931623931623932,0.038461538461538464,0.7863247863247863,0.05982905982905983,0.6538461538461539,0.029914529914529916,0.6923076923076923,0.1452991452991453,0.8290598290598291,0.1794871794871795,0.7264957264957265,0.18803418803418803,0.6196581196581197,0.16666666666666666
2,0.0,0.0,0.15517241379310345,-0.3275862068965517,0.40086206896551724,-0.625,0.6293103448275862,-0.8318965517241379,0.7801724137931034,-1.0,0.7068965517241379,-0.521551724137931,0.9224137931034483,-0.3620689655172414,0.7931034482758621,-0.3017241379310345,0.6594827586206896,-0.3275862068965517,0.7413793103448276,-0.30603448275862066,0.9396551724137931,-0.16810344827586207,0.8189655172413793,-0.12931034482758622,0.6810344827586207,-0.15517241379310345,0.7413793103448276,-0.08620689655172414,0.9094827586206896,0.017241379310344827,0.7974137931034483,0.034482758620689655,0.6637931034482759,0.008620689655172414,0.7155172413793104,0.125,0.8491379310344828,0.15948275862068967,0.7413793103448276,0.16810344827586207,0.6336206896551724,0.14655172413793102
2,0.0,0.0,0.14410480349344978,-0.3406113537117904,0.4017467248908297,-0.6331877729257642,0.6331877729257642,-0.8296943231441049,0.7903930131004366,-1.0,0.6899563318777293,-0.5283842794759825,0.9519650655021834,-0.388646288209607,0.9519650655021834,-0.3056768558951965,0.9082969432314411,-0.2838427947598253,0.7292576419213974,-0.31004366812227074,0.982532751091703,-0.20087336244541484,0.9475982532751092,-0.14410480349344978,0.868995633187773,-0.14410480349344978,0.7336244541484717,-0.08733624454148471,0.9737991266375546,-0.013100436681222707,0.9126637554585153,0.017467248908296942,0.8122270742358079,0.004366812227074236,0.7074235807860262,0.12663755458515283,0.9170305676855895,0.13537117903930132,0.8427947598253275,0.14847161572052403,0.7467248908296943,0.13973799126637554
2,0.0,0.0,0.14601769911504425,-0.3407079646017699,0.4026548672566372,-0.6371681415929203,0.6415929203539823,-0.8362831858407079,0.8097345132743363,-0.995575221238938,0.7123893805309734,-0.5132743362831859,0.9823008849557522,-0.38495575221238937,0.9911504424778761,-0.3185840707964602,0.9513274336283186,-0.3053097345132743,0.7477876106194691,-0.29646017699115046,1.0,-0.20353982300884957,0.9823008849557522,-0.1504424778761062,0.915929203539823,-0.1504424778761062,0.7433628318584071,-0.0752212389380531,0.9911504424778761,-0.01327433628318584,0.9513274336283186,0.017699115044247787,0.8584070796460177,0.004424778761061947,0.7079646017699115,0.1415929203539823,0.9247787610619469,0.14601769911504425,0.8761061946902655,0.1504424778761062,0.7920353982300885,0.13274336283185842
2,0.0,0.0,0.13692946058091288,-0.3278008298755187,0.3817427385892116,-0.6224066390041494,0.6099585062240664,-0.8049792531120332,0.7717842323651453,-0.946058091286307,0.6846473029045643,-0.47717842323651455,0.946058091286307,-0.36099585062240663,1.0,-0.2987551867219917,1.0,-0.2821576763485477,0.7095435684647303,-0.27385892116182575,0.970954356846473,-0.18672199170124482,0.991701244813278,-0.13692946058091288,0.970954356846473,-0.13278008298755187,0.7012448132780082,-0.06224066390041494,0.950207468879668,-0.004149377593360996,0.9336099585062241,0.02074688796680498,0.8755186721991701,0.008298755186721992,0.6639004149377593,0.14107883817427386,0.8838174273858921,0.13692946058091288,0.8506224066390041,0.14522821576763487,0.7842323651452282,0.13278008298755187
2,0.0,0.0,0.1440677966101695,-0.3347457627118644,0.3940677966101695,-0.635593220338983,0.6228813559322034,-0.8389830508474576,0.8008474576271186,-0.9872881355932204,0.7161016949152542,-0.5296610169491526,0.9872881355932204,-0.3898305084745763,0.9491525423728814,-0.3093220338983051,0.8728813559322034,-0.3050847457627119,0.75,-0.3220338983050847,1.0,-0.19915254237288135,0.9322033898305084,-0.1440677966101695,0.826271186440678,-0.15254237288135594,0.75,-0.1016949152542373,0.9915254237288136,-0.025423728813559324,0.9152542372881356,0.012711864406779662,0.7966101694915254,-0.00423728813559322,0.7203389830508474,0.11016949152542373,0.940677966101695,0.11440677966101695,0.8601694915254238,0.1271186440677966,0.7542372881355932,0.11440677966101695
2,0.0,0.0,0.15126050420168066,-0.3403361344537815,0.3865546218487395,-0.6470588235294118,0.6134453781512605,-0.8529411764705882,0.7857142857142857,-1.0,0.7142857142857143,-0.5336134453781513,0.9873949579831933,-0.3865546218487395,0.9117647058823529,-0.31932773109243695,0.8025210084033614,-0.3277310924369748,0.7563025210084033,-0.3277310924369748,0.9957983193277311,-0.2184873949579832,0.9159663865546218,-0.16806722689075632,0.7941176470588235,-0.18067226890756302,0.7563025210084033,-0.1134453781512605,0.9747899159663865,-0.05042016806722689,0.8949579831932774,-0.01680672268907563,0.7689075630252101,-0.029411764705882353,0.7310924369747899,0.09663865546218488,0.9159663865546218,0.09243697478991597,0.8319327731092437,0.10504201680672269,0.7226890756302521,0.09663865546218488
2,0.0,0.0,0.12658227848101267,-0.3291139240506329,0.350210970464135,-0.6371308016877637,0.5780590717299579,-0.8438818565400844,0.7468354430379747,-1.0,0.7426160337552743,-0.540084388185654,0.9704641350210971,-0.3670886075949367,0.8481012658227848,-0.29957805907172996,0.7130801687763713,-0.3291139240506329,0.7932489451476793,-0.31223628691983124,0.9789029535864979,-0.17721518987341772,0.8649789029535865,-0.13924050632911392,0.7215189873417721,-0.16033755274261605,0.7932489451476793,-0.08438818565400844,0.9535864978902954,-0.004219409282700422,0.8565400843881856,0.02109704641350211,0.7215189873417721,0.0,0.7679324894514767,0.12236286919831224,0.9071729957805907,0.13924050632911392,0.810126582278481,0.15611814345991562,0.6962025316455697,0.14767932489451477
2,0.0,0.0,0.13924050632911392,-0.33755274261603374,0.3459915611814346,-0.6329113924050633,0.5611814345991561,-0.8354430379746836,0.729957805907173,-1.0,0.7426160337552743,-0.5189873417721519,0.890295358649789,-0.37130801687763715,0.7637130801687764,-0.3080168776371308,0.6371308016877637,-0.3333333333333333,0.7974683544303798,-0.27848101265822783,0.9113924050632911,-0.1729957805907173,0.7890295358649789,-0.14345991561181434,0.6540084388185654,-0.16455696202531644,0.8016877637130801,-0.05485232067510549,0.8776371308016878,0.008438818565400843,0.7721518987341772,0.029535864978902954,0.6455696202531646,0.004219409282700422,0.7721518987341772,0.14767932489451477,0.8270042194092827,0.1729957805907173,0.7215189873417721,0.1729957805907173,0.6118143459915611,0.1518987341772152
2,0.0,0.0,0.12552301255230125,-0.3472803347280335,0.33472803347280333,-0.6401673640167364,0.5564853556485355,-0.8451882845188284,0.7280334728033473,-1.0,0.7489539748953975,-0.5230125523012552,0.8870292887029289,-0.40585774058577406,0.7615062761506276,-0.3472803347280335,0.6401673640167364,-0.35564853556485354,0.8075313807531381,-0.28870292887029286,0.8870292887029289,-0.20502092050209206,0.7740585774058577,-0.17154811715481172,0.6485355648535565,-0.1799163179916318,0.803347280334728,-0.058577405857740586,0.8577405857740585,-0.02092050209205021,0.7573221757322176,0.0,0.6317991631799164,-0.008368200836820083,0.7698744769874477,0.14644351464435146,0.8075313807531381,0.14644351464435146,0.7154811715481172,0.15481171548117154,0.606694560669456,0.14225941422594143
2,0.0,0.0,0.12083333333333333,-0.3375,0.32916666666666666,-0.6375,0.5416666666666666,-0.8416666666666667,0.7125,-1.0,0.7291666666666666,-0.5333333333333333,0.8958333333333334,-0.375,0.7833333333333333,-0.30416666666666664,0.6583333333333333,-0.32083333333333336,0.7833333333333333,-0.30416666666666664,0.8916666666666667,-0.18333333333333332,0.7708333333333334,-0.14583333333333334,0.6375,-0.16666666666666666,0.7875,-0.075,0.8666666666666667,-0.008333333333333333,0.7625,0.016666666666666666,0.6333333333333333,0.004166666666666667,0.7583333333333333,0.1375,0.8208333333333333,0.14583333333333334,0.7208333333333333,0.15833333333333333,0.6125,0.15
2,0.0,0.0,0.13636363636363635,-0.3347107438016529,0.35537190082644626,-0.6322314049586777,0.5785123966942148,-0.8388429752066116,0.7396694214876033,-1.0,0.71900826446281,-0.5413223140495868,0.8925619834710744,-0.40082644628099173,0.768595041322314,-0.32644628099173556,0.6363636363636364,-0.33884297520661155,0.78099173553719,-0.3140495867768595,0.9049586776859504,-0.19834710743801653,0.7851239669421488,-0.15289256198347106,0.6528925619834711,-0.1652892561983471,0.7892561983471075,-0.08264462809917356,0.8925619834710744,-0.008264462809917356,0.7892561983471075,0.01652892561983471,0.6611570247933884,0.004132231404958678,0.768595041322314,0.1322314049586777,0.8512396694214877,0.15289256198347106,0.7520661157024794,0.1652892561983471,0.6446280991735537,0.15289256198347106
2,0.0,0.0,0.12955465587044535,-0.32793522267206476,0.3562753036437247,-0.6275303643724697,0.5668016194331984,-0.8340080971659919,0.7206477732793523,-1.0,0.6963562753036437,-0.5465587044534413,0.9068825910931174,-0.3765182186234818,0.7894736842105263,-0.30364372469635625,0.659919028340081,-0.32793522267206476,0.7530364372469636,-0.32793522267206476,0.9311740890688259,-0.1902834008097166,0.8178137651821862,-0.145748987854251,0.680161943319838,-0.1700404858299595,0.7651821862348178,-0.10526315789473684,0.9190283400809717,-0.012145748987854251,0.8137651821862348,0.016194331983805668,0.6842105263157895,-0.004048582995951417,0.7449392712550608,0.10526315789473684,0.8663967611336032,0.12955465587044535,0.7651821862348178,0.14979757085020243,0.6558704453441295,0.13765182186234817
2,0.0,0.0,0.1349206349206349,-0.3253968253968254,0.3531746031746032,-0.623015873015873,0.5555555555555556,-0.8333333333333334,0.6944444444444444,-1.0,0.6428571428571429,-0.5396825396825397,0.9087301587301587,-0.3888888888888889,0.8412698412698413,-0.31746031746031744,0.7301587301587301,-0.32936507936507936,0.6865079365079365,-0.32936507936507936,0.9246031746031746,-0.21428571428571427,0.8373015873015873,-0.15873015873015872,0.7103174603174603,-0.17063492063492064,0.6984126984126984,-0.11507936507936507,0.9047619047619048,-0.03968253968253968,0.8134920634920635,-0.003968253968253968,0.6825396825396826,-0.015873015873015872,0.6825396825396826,0.0992063492063492,0.8531746031746031,0.10714285714285714,0.753968253968254,0.12301587301587301,0.6388888888888888,0.1111111111111111
2,0.0,0.0,0.13545816733067728,-0.33067729083665337,0.3426294820717131,-0.6334661354581673,0.5378486055776892,-0.8446215139442231,0.6892430278884463,-1.0,0.6095617529880478,-0.545816733067729,0.9043824701195219,-0.41434262948207173,0.8645418326693227,-0.32669322709163345,0.7649402390438247,-0.3147410358565737,0.649402390438247,-0.33067729083665337,0.9243027888446215,-0.2151394422310757,0.8446215139442231,-0.1553784860557769,0.7131474103585658,-0.16733067729083664,0.6573705179282868,-0.10756972111553785,0.8924302788844621,-0.035856573705179286,0.8087649402390438,0.00398406374501992,0.6812749003984063,-0.00796812749003984,0.6454183266932271,0.10756972111553785,0.8406374501992032,0.11553784860557768,0.7450199203187251,0.12749003984063745,0.6334661354581673,0.12350597609561753
2,0.0,0.0,0.11764705882352941,-0.3176470588235294,0.32941176470588235,-0.6313725490196078,0.5137254901960784,-0.8352941176470589,0.6549019607843137,-1.0,0.5882352941176471,-0.5450980392156862,0.8862745098039215,-0.41568627450980394,0.8705882352941177,-0.3411764705882353,0.792156862745098,-0.32941176470588235,0.615686274509804,-0.3333333333333333,0.9215686274509803,-0.2235294117647059,0.8509803921568627,-0.17647058823529413,0.7215686274509804,-0.18823529411764706,0.6196078431372549,-0.11372549019607843,0.8901960784313725,-0.054901960784313725,0.8,-0.0196078431372549,0.6705882352941176,-0.03137254901960784,0.6,0.09803921568627451,0.8313725490196079,0.09411764705882353,0.7294117647058823,0.10588235294117647,0.611764705882353,0.10196078431372549
2,0.0,0.0,0.10606060606060606,-0.3068181818181818,0.29924242424242425,-0.6174242424242424,0.4734848484848485,-0.8333333333333334,0.6022727272727273,-1.0,0.5340909090909091,-0.553030303030303,0.8484848484848485,-0.42424242424242425,0.8143939393939394,-0.3560606060606061,0.7234848484848485,-0.3484848484848485,0.5606060606060606,-0.3446969696969697,0.8863636363636364,-0.24242424242424243,0.803030303030303,-0.19696969696969696,0.6590909090909091,-0.20454545454545456,0.571969696969697,-0.125,0.8522727272727273,-0.07196969696969698,0.7537878787878788,-0.041666666666666664,0.6212121212121212,-0.04924242424242424,0.5681818181818182,0.07954545454545454,0.7954545454545454,0.07196969696969698,0.7007575757575758,0.08712121212121213,0.5833333333333334,0.08712121212121213
2,0.0,0.0,0.09454545454545454,-0.29454545454545455,0.2727272727272727,-0.6145454545454545,0.4218181818181818,-0.8290909090909091,0.5309090909090909,-1.0,0.5018181818181818,-0.5272727272727272,0.8181818181818182,-0.43272727272727274,0.7527272727272727,-0.38545454545454544,0.6472727272727272,-0.38545454545454544,0.5309090909090909,-0.3236363636363636,0.850909090909091,-0.2545454545454545,0.7563636363636363,-0.22545454545454546,0.6145454545454545,-0.23636363636363636,0.5454545454545454,-0.12,0.8218181818181818,-0.09454545454545454,0.7272727272727273,-0.07636363636363637,0.5963636363636363,-0.08,0.5418181818181819,0.07272727272727272,0.76,0.04,0.6690909090909091,0.05454545454545454,0.5563636363636364,0.05818181818181818
2,0.0,0.0,0.08480565371024736,-0.2968197879858657,0.24028268551236748,-0.607773851590106,0.3674911660777385,-0.8268551236749117,0.45936395759717313,-1.0,0.4558303886925795,-0.5229681978798587,0.7632508833922261,-0.4558303886925795,0.6996466431095406,-0.4169611307420495,0.5971731448763251,-0.4204946996466431,0.4876325088339223,-0.3215547703180212,0.7985865724381626,-0.28975265017667845,0.7102473498233216,-0.26501766784452296,0.5759717314487632,-0.26501766784452296,0.5053003533568905,-0.12367491166077739,0.784452296819788,-0.13427561837455831,0.6925795053003534,-0.11307420494699646,0.5653710247349824,-0.0989399293286219,0.5123674911660777,0.0636042402826855,0.734982332155477,0.0035335689045936395,0.6501766784452296,0.0176678445229682,0.5441696113074205,0.0353356890459364
2,0.0,0.0,0.07457627118644068,-0.29152542372881357,0.2271186440677966,-0.6067796610169491,0.33559322033898303,-0.8271186440677966,0.41694915254237286,-1.0,0.42033898305084744,-0.5322033898305085,0.7084745762711865,-0.46779661016949153,0.6440677966101694,-0.43050847457627117,0.5457627118644067,-0.4271186440677966,0.45084745762711864,-0.34576271186440677,0.7661016949152543,-0.31864406779661014,0.6915254237288135,-0.288135593220339,0.5627118644067797,-0.27796610169491526,0.4711864406779661,-0.15593220338983052,0.752542372881356,-0.1694915254237288,0.6711864406779661,-0.13898305084745763,0.5491525423728814,-0.12542372881355932,0.4847457627118644,0.02711864406779661,0.711864406779661,-0.030508474576271188,0.6305084745762712,-0.01694915254237288,0.5254237288135594,0.0
2,0.0,0.0,0.06944444444444445,-0.2777777777777778,0.22916666666666666,-0.59375,0.3368055555555556,-0.8125,0.40625,-1.0,0.4131944444444444,-0.5520833333333334,0.7395833333333334,-0.4548611111111111,0.6736111111111112,-0.4097222222222222,0.5659722222222222,-0.4097222222222222,0.4305555555555556,-0.3715277777777778,0.7916666666666666,-0.3090277777777778,0.6944444444444444,-0.2777777777777778,0.5486111111111112,-0.28125,0.4444444444444444,-0.18055555555555555,0.7673611111111112,-0.15625,0.6631944444444444,-0.13194444444444445,0.53125,-0.1284722222222222,0.4548611111111111,0.010416666666666666,0.7083333333333334,-0.010416666666666666,0.6145833333333334,0.003472222222222222,0.4965277777777778,0.006944444444444444
2,0.0,0.0,0.08013937282229965,-0.2787456445993031,0.24738675958188153,-0.5888501742160279,0.3554006968641115,-0.8118466898954704,0.41114982578397213,-1.0,0.43205574912891986,-0.5226480836236934,0.7491289198606271,-0.44947735191637633,0.6794425087108014,-0.41114982578397213,0.5714285714285714,-0.41114982578397213,0.45993031358885017,-0.3344947735191638,0.8083623693379791,-0.30313588850174217,0.7073170731707317,-0.2787456445993031,0.5609756097560976,-0.27177700348432055,0.47735191637630664,-0.14285714285714285,0.7839721254355401,-0.14634146341463414,0.6829268292682927,-0.1289198606271777,0.5505226480836237,-0.12195121951219512,0.4808362369337979,0.04529616724738676,0.7212543554006968,0.0,0.627177700348432,0.006968641114982578,0.5121951219512195,0.010452961672473868
2,0.0,0.0,0.10071942446043165,-0.29136690647482016,0.26618705035971224,-0.6007194244604317,0.39568345323741005,-0.8201438848920863,0.4748201438848921,-1.0,0.5035971223021583,-0.49280575539568344,0.762589928057554,-0.4136690647482014,0.7194244604316546,-0.3669064748201439,0.6402877697841727,-0.3669064748201439,0.539568345323741,-0.29856115107913667,0.8165467625899281,-0.26618705035971224,0.7589928057553957,-0.23381294964028776,0.6402877697841727,-0.2302158273381295,0.5575539568345323,-0.09712230215827339,0.8093525179856115,-0.09712230215827339,0.737410071942446,-0.07194244604316546,0.6115107913669064,-0.06115107913669065,0.5539568345323741,0.08992805755395683,0.7446043165467626,0.046762589928057555,0.6690647482014388,0.06115107913669065,0.5611510791366906,0.07194244604316546
2,0.0,0.0,0.11594202898550725,-0.2971014492753623,0.3007246376811594,-0.6014492753623188,0.44565217391304346,-0.8188405797101449,0.5217391304347826,-1.0,0.5434782608695652,-0.5108695652173914,0.822463768115942,-0.39855072463768115,0.7427536231884058,-0.35507246376811596,0.6413043478260869,-0.36231884057971014,0.5688405797101449,-0.31521739130434784,0.8442028985507246,-0.2427536231884058,0.7717391304347826,-0.213768115942029,0.6630434782608695,-0.2210144927536232,0.5760869565217391,-0.11594202898550725,0.8115942028985508,-0.07971014492753623,0.7318840579710145,-0.057971014492753624,0.6123188405797102,-0.06159420289855073,0.5688405797101449,0.07608695652173914,0.7536231884057971,0.06159420289855073,0.6702898550724637,0.07246376811594203,0.572463768115942,0.07246376811594203
2,0.0,0.0,0.1444866920152091,-0.30798479087452474,0.34600760456273766,-0.6083650190114068,0.5133079847908745,-0.8212927756653993,0.6121673003802282,-1.0,0.5893536121673004,-0.4790874524714829,0.8403041825095057,-0.376425855513308,0.7414448669201521,-0.33840304182509506,0.6197718631178707,-0.3574144486692015,0.6159695817490495,-0.26996197718631176,0.8669201520912547,-0.21673003802281368,0.7756653992395437,-0.19011406844106463,0.6463878326996197,-0.19391634980988592,0.6197718631178707,-0.060836501901140684,0.844106463878327,-0.045627376425855515,0.7490494296577946,-0.026615969581749048,0.6197718631178707,-0.026615969581749048,0.6007604562737643,0.13688212927756654,0.7908745247148289,0.10646387832699619,0.6958174904942965,0.11026615969581749,0.5817490494296578,0.11026615969581749
2,0.0,0.0,0.16535433070866143,-0.3188976377952756,0.38976377952755903,-0.6181102362204725,0.562992125984252,-0.8267716535433071,0.6771653543307087,-1.0,0.6338582677165354,-0.484251968503937,0.8779527559055118,-0.3661417322834646,0.7716535433070866,-0.32677165354330706,0.6535433070866141,-0.3425196850393701,0.6535433070866141,-0.27165354330708663,0.9251968503937008,-0.1889763779527559,0.8228346456692913,-0.16141732283464566,0.6929133858267716,-0.16929133858267717,0.6496062992125984,-0.05511811023622047,0.889763779527559,-0.01968503937007874,0.7874015748031497,-0.007874015748031496,0.6614173228346457,-0.011811023622047244,0.6259842519685039,0.14566929133858267,0.8267716535433071,0.1220472440944882,0.7322834645669292,0.1220472440944882,0.6299212598425197,0.1220472440944882
2,0.0,0.0,0.18699186991869918,-0.3170731707317073,0.4268292682926829,-0.6138211382113821,0.6219512195121951,-0.8252032520325203,0.7560975609756098,-1.0,0.6747967479674797,-0.45934959349593496,0.9349593495934959,-0.32113821138211385,0.9065040650406504,-0.2804878048780488,0.8455284552845529,-0.2926829268292683,0.6747967479674797,-0.23170731707317074,0.9512195121951219,-0.14634146341463414,0.9186991869918699,-0.11382113821138211,0.8414634146341463,-0.12601626016260162,0.6504065040650406,-0.008130081300813009,0.9146341463414634,0.044715447154471545,0.8495934959349594,0.056910569105691054,0.7398373983739838,0.036585365853658534,0.6097560975609756,0.1951219512195122,0.8211382113821138,0.18699186991869918,0.7479674796747967,0.18292682926829268,0.6544715447154471,0.17073170731707318
2,0.0,0.0,0.1607843137254902,-0.3254901960784314,0.396078431372549,-0.6235294117647059,0.5803921568627451,-0.8313725490196079,0.7058823529411765,-1.0,0.6313725490196078,-0.48627450980392156,0.9019607843137255,-0.33725490196078434,0.8431372549019608,-0.2980392156862745,0.7490196078431373,-0.3215686274509804,0.6470588235294118,-0.27450980392156865,0.9215686274509803,-0.17647058823529413,0.8509803921568627,-0.1450980392156863,0.7294117647058823,-0.1607843137254902,0.6392156862745098,-0.058823529411764705,0.8980392156862745,-0.00784313725490196,0.8156862745098039,0.011764705882352941,0.6862745098039216,0.0,0.611764705882353,0.1450980392156863,0.8156862745098039,0.12549019607843137,0.7294117647058823,0.12941176470588237,0.6196078431372549,0.12549019607843137
2,0.0,0.0,0.12030075187969924,-0.3157894736842105,0.31954887218045114,-0.6203007518796992,0.47368421052631576,-0.8308270676691729,0.5789473684210527,-1.0,0.5300751879699248,-0.518796992481203,0.8270676691729323,-0.40601503759398494,0.8383458646616542,-0.3458646616541353,0.7969924812030075,-0.34210526315789475,0.5526315789473685,-0.31954887218045114,0.8646616541353384,-0.24060150375939848,0.8383458646616542,-0.19924812030075187,0.7481203007518797,-0.20300751879699247,0.5601503759398496,-0.11654135338345864,0.8609022556390977,-0.07142857142857142,0.8045112781954887,-0.045112781954887216,0.6992481203007519,-0.05263157894736842,0.5526315789473685,0.08270676691729323,0.7894736842105263,0.06015037593984962,0.7255639097744361,0.06766917293233082,0.6278195488721805,0.06015037593984962
2,0.0,0.0,0.1,-0.3,0.26666666666666666,-0.6111111111111112,0.3962962962962963,-0.8222222222222222,0.48518518518518516,-1.0,0.48148148148148145,-0.5259259259259259,0.7925925925925926,-0.42592592592592593,0.7037037037037037,-0.3888888888888889,0.5740740740740741,-0.4,0.5037037037037037,-0.337037037037037,0.8407407407407408,-0.26666666666666666,0.7407407407407407,-0.23703703703703705,0.5888888888888889,-0.24814814814814815,0.5148148148148148,-0.14074074074074075,0.8296296296296296,-0.1111111111111111,0.7222222222222222,-0.08148148148148149,0.5814814814814815,-0.08518518518518518,0.5148148148148148,0.05185185185185185,0.7666666666666667,0.025925925925925925,0.662962962962963,0.040740740740740744,0.5407407407407407,0.040740740740740744
2,0.0,0.0,0.058419243986254296,-0.2920962199312715,0.18556701030927836,-0.6082474226804123,0.2920962199312715,-0.8247422680412371,0.3642611683848797,-1.0,0.38831615120274915,-0.5567010309278351,0.6907216494845361,-0.5017182130584192,0.6116838487972509,-0.4570446735395189,0.4879725085910653,-0.4536082474226804,0.4329896907216495,-0.38144329896907214,0.7525773195876289,-0.3539518900343643,0.6666666666666666,-0.3127147766323024,0.5257731958762887,-0.29896907216494845,0.4742268041237113,-0.1958762886597938,0.7560137457044673,-0.20618556701030927,0.6666666666666666,-0.16494845360824742,0.5360824742268041,-0.14432989690721648,0.5017182130584192,-0.013745704467353952,0.7216494845360825,-0.07216494845360824,0.6323024054982818,-0.041237113402061855,0.5257731958762887,-0.01718213058419244
2,0.0,0.0,0.05782312925170068,-0.2857142857142857,0.17687074829931973,-0.5986394557823129,0.2755102040816326,-0.8197278911564626,0.3231292517006803,-1.0,0.3435374149659864,-0.5714285714285714,0.6360544217687075,-0.5238095238095238,0.5850340136054422,-0.46258503401360546,0.4897959183673469,-0.4489795918367347,0.3979591836734694,-0.40476190476190477,0.7244897959183674,-0.3877551020408163,0.6496598639455783,-0.3333333333333333,0.5204081632653061,-0.3197278911564626,0.4489795918367347,-0.22789115646258504,0.7517006802721088,-0.23469387755102042,0.673469387755102,-0.19047619047619047,0.5510204081632653,-0.17006802721088435,0.4931972789115646,-0.05102040816326531,0.7244897959183674,-0.09523809523809523,0.6462585034013606,-0.061224489795918366,0.5408163265306123,-0.04421768707482993
2,0.0,0.0,0.053156146179401995,-0.27906976744186046,0.16943521594684385,-0.5946843853820598,0.2558139534883721,-0.8172757475083057,0.27906976744186046,-1.0,0.3920265780730897,-0.5780730897009967,0.6777408637873754,-0.48172757475083056,0.584717607973422,-0.4318936877076412,0.46179401993355484,-0.4485049833887043,0.43521594684385384,-0.4152823920265781,0.7342192691029901,-0.3488372093023256,0.6345514950166113,-0.30564784053156147,0.5016611295681063,-0.3122923588039867,0.4684385382059801,-0.23920265780730898,0.7342192691029901,-0.2026578073089701,0.6378737541528239,-0.16611295681063123,0.5116279069767442,-0.16611295681063123,0.49169435215946844,-0.06312292358803986,0.7009966777408638,-0.06976744186046512,0.6079734219269103,-0.046511627906976744,0.4950166112956811,-0.04983388704318937
2,0.0,0.0,0.05921052631578947,-0.29605263157894735,0.16447368421052633,-0.5953947368421053,0.26973684210526316,-0.819078947368421,0.3355263157894737,-1.0,0.3782894736842105,-0.5822368421052632,0.6348684210526315,-0.5526315789473685,0.5855263157894737,-0.48355263157894735,0.4769736842105263,-0.4605263157894737,0.4440789473684211,-0.41118421052631576,0.7236842105263158,-0.39144736842105265,0.6677631578947368,-0.33881578947368424,0.5460526315789473,-0.3190789473684211,0.4967105263157895,-0.23026315789473684,0.75,-0.23355263157894737,0.6842105263157895,-0.19078947368421054,0.5657894736842105,-0.17434210526315788,0.5296052631578947,-0.049342105263157895,0.7203947368421053,-0.08881578947368421,0.6414473684210527,-0.05921052631578947,0.5394736842105263,-0.049342105263157895
2,0.0,0.0,0.08333333333333333,-0.3055555555555556,0.21180555555555555,-0.6111111111111112,0.3541666666666667,-0.8298611111111112,0.4652777777777778,-1.0,0.5590277777777778,-0.5416666666666666,0.7083333333333334,-0.4895833333333333,0.6354166666666666,-0.4097222222222222,0.5104166666666666,-0.3819444444444444,0.6423611111111112,-0.34375,0.7673611111111112,-0.2986111111111111,0.6979166666666666,-0.2465277777777778,0.5763888888888888,-0.2326388888888889,0.6805555555555556,-0.14583333333333334,0.7743055555555556,-0.11458333333333333,0.7083333333333334,-0.0798611111111111,0.5902777777777778,-0.0763888888888889,0.6840277777777778,0.03819444444444445,0.7465277777777778,0.04513888888888889,0.6597222222222222,0.05555555555555555,0.5590277777777778,0.04861111111111111
2,0.0,0.0,0.10069444444444445,-0.3159722222222222,0.2604166666666667,-0.6076388888888888,0.4236111111111111,-0.8229166666666666,0.5520833333333334,-1.0,0.6527777777777778,-0.5729166666666666,0.7673611111111112,-0.4826388888888889,0.6458333333333334,-0.4097222222222222,0.53125,-0.4097222222222222,0.7256944444444444,-0.3506944444444444,0.8020833333333334,-0.3020833333333333,0.6840277777777778,-0.2569444444444444,0.5590277777777778,-0.25,0.7534722222222222,-0.13541666666666666,0.8055555555555556,-0.11458333333333333,0.7048611111111112,-0.08680555555555555,0.5798611111111112,-0.08333333333333333,0.7465277777777778,0.0625,0.7638888888888888,0.04513888888888889,0.6666666666666666,0.06597222222222222,0.5659722222222222,0.06944444444444445
2,0.0,0.0,0.0975609756097561,-0.3240418118466899,0.26480836236933797,-0.6132404181184669,0.43902439024390244,-0.8327526132404182,0.5749128919860628,-1.0,0.6376306620209059,-0.5331010452961672,0.7770034843205574,-0.47038327526132406,0.6724738675958188,-0.40418118466898956,0.5470383275261324,-0.40069686411149824,0.7177700348432056,-0.313588850174216,0.794425087108014,-0.2857142857142857,0.686411149825784,-0.24041811846689895,0.5609756097560976,-0.23344947735191637,0.7456445993031359,-0.10104529616724739,0.7909407665505227,-0.09059233449477352,0.6968641114982579,-0.0627177700348432,0.5749128919860628,-0.059233449477351915,0.735191637630662,0.0975609756097561,0.7491289198606271,0.08013937282229965,0.6515679442508711,0.09059233449477352,0.554006968641115,0.09407665505226481
2,0.0,0.0,0.09824561403508772,-0.3368421052631579,0.27017543859649124,-0.6210526315789474,0.45614035087719296,-0.8350877192982457,0.6035087719298246,-1.0,0.6771929824561403,-0.543859649122807,0.7824561403508772,-0.4666666666666667,0.6596491228070176,-0.40350877192982454,0.5403508771929825,-0.40350877192982454,0.7473684210526316,-0.3157894736842105,0.8070175438596491,-0.2771929824561403,0.6912280701754386,-0.24210526315789474,0.5719298245614035,-0.23508771929824562,0.7578947368421053,-0.09824561403508772,0.7824561403508772,-0.0912280701754386,0.6842105263157895,-0.06666666666666667,0.5649122807017544,-0.06315789473684211,0.7333333333333333,0.09824561403508772,0.7368421052631579,0.08070175438596491,0.6421052631578947,0.0912280701754386,0.543859649122807,0.08771929824561403
2,0.0,0.0,0.09634551495016612,-0.31893687707641194,0.2691029900332226,-0.6146179401993356,0.43521594684385384,-0.8305647840531561,0.5415282392026578,-1.0,0.584717607973422,-0.5813953488372093,0.7674418604651163,-0.45514950166112955,0.6578073089700996,-0.38870431893687707,0.5448504983388704,-0.4019933554817276,0.6411960132890365,-0.3853820598006645,0.8106312292358804,-0.292358803986711,0.707641196013289,-0.2425249169435216,0.5880398671096345,-0.25249169435215946,0.6578073089700996,-0.17940199335548174,0.813953488372093,-0.12292358803986711,0.717607973421927,-0.08970099667774087,0.5946843853820598,-0.09302325581395349,0.6511627906976745,0.016611295681063124,0.7774086378737541,0.013289036544850499,0.6843853820598007,0.03322259136212625,0.5813953488372093,0.036544850498338874
2,0.0,0.0,0.08445945945945946,-0.30067567567567566,0.24324324324324326,-0.6081081081081081,0.3716216216216216,-0.8277027027027027,0.46283783783783783,-1.0,0.5371621621621622,-0.5777027027027027,0.777027027027027,-0.44594594594594594,0.6722972972972973,-0.38513513513513514,0.5506756756756757,-0.40540540540540543,0.5844594594594594,-0.3885135135135135,0.8243243243243243,-0.2972972972972973,0.7162162162162162,-0.24662162162162163,0.581081081081081,-0.25,0.6081081081081081,-0.1891891891891892,0.8209459459459459,-0.13851351351351351,0.7162162162162162,-0.0945945945945946,0.5878378378378378,-0.09797297297297297,0.6114864864864865,0.010135135135135136,0.7837837837837838,0.0,0.6790540540540541,0.02364864864864865,0.5743243243243243,0.030405405405405407
2,0.0,0.0,0.08417508417508418,-0.2962962962962963,0.24242424242424243,-0.6060606060606061,0.367003367003367,-0.8215488215488216,0.44107744107744107,-1.0,0.5016835016835017,-0.5622895622895623,0.7676767676767676,-0.4444444444444444,0.6666666666666666,-0.39057239057239057,0.5420875420875421,-0.4074074074074074,0.5420875420875421,-0.37037037037037035,0.8215488215488216,-0.2962962962962963,0.7138047138047138,-0.2558922558922559,0.5723905723905723,-0.25925925925925924,0.5656565656565656,-0.1717171717171717,0.8047138047138047,-0.1414141414141414,0.7037037037037037,-0.1111111111111111,0.5757575757575758,-0.10774410774410774,0.5757575757575758,0.020202020202020204,0.7676767676767676,-0.006734006734006734,0.6666666666666666,0.013468013468013467,0.5622895622895623,0.016835016835016835
2,0.0,0.0,0.07958477508650519,-0.30103806228373703,0.22837370242214533,-0.6124567474048442,0.35986159169550175,-0.8269896193771626,0.44982698961937717,-1.0,0.4844290657439446,-0.5536332179930796,0.7681660899653979,-0.4463667820069204,0.6851211072664359,-0.4013840830449827,0.5640138408304498,-0.4117647058823529,0.5224913494809689,-0.356401384083045,0.8235294117647058,-0.29411764705882354,0.7231833910034602,-0.25951557093425603,0.5813148788927336,-0.2629757785467128,0.5432525951557093,-0.15916955017301038,0.7993079584775087,-0.1384083044982699,0.7058823529411765,-0.11072664359861592,0.5778546712802768,-0.11072664359861592,0.5536332179930796,0.031141868512110725,0.7612456747404844,-0.0034602076124567475,0.6678200692041523,0.01384083044982699,0.5640138408304498,0.020761245674740483
2,0.0,0.0,0.08275862068965517,-0.30344827586206896,0.23448275862068965,-0.6137931034482759,0.35517241379310344,-0.8275862068965517,0.43448275862068964,-1.0,0.44482758620689655,-0.5482758620689655,0.7241379310344828,-0.4689655172413793,0.6862068965517242,-0.42758620689655175,0.6,-0.43448275862068964,0.4862068965517241,-0.3620689655172414,0.7896551724137931,-0.31724137931034485,0.7137931034482758,-0.2827586206896552,0.5896551724137931,-0.2827586206896552,0.5103448275862069,-0.16551724137931034,0.7862068965517242,-0.15862068965517243,0.7,-0.13448275862068965,0.5793103448275863,-0.12758620689655173,0.5241379310344828,0.02413793103448276,0.7448275862068966,-0.020689655172413793,0.6586206896551724,-0.0034482758620689655,0.5517241379310345,0.006896551724137931
2,0.0,0.0,0.07216494845360824,-0.28865979381443296,0.2268041237113402,-0.6013745704467354,0.32646048109965636,-0.8213058419243986,0.38144329896907214,-1.0,0.4054982817869416,-0.5429553264604811,0.6941580756013745,-0.4948453608247423,0.6597938144329897,-0.45017182130584193,0.5807560137457045,-0.44329896907216493,0.43986254295532645,-0.3642611683848797,0.7628865979381443,-0.3436426116838488,0.6907216494845361,-0.3127147766323024,0.5670103092783505,-0.30927835051546393,0.46735395189003437,-0.17869415807560138,0.7628865979381443,-0.19243986254295534,0.6769759450171822,-0.16838487972508592,0.5567010309278351,-0.16151202749140894,0.4845360824742268,0.003436426116838488,0.7250859106529209,-0.05154639175257732,0.6426116838487973,-0.044673539518900345,0.5360824742268041,-0.037800687285223365
2,0.0,0.0,0.06206896551724138,-0.28620689655172415,0.2,-0.6,0.29310344827586204,-0.8241379310344827,0.33793103448275863,-1.0,0.3758620689655172,-0.5275862068965518,0.6586206896551724,-0.4827586206896552,0.6275862068965518,-0.4379310344827586,0.5482758620689655,-0.4241379310344828,0.41724137931034483,-0.3482758620689655,0.7379310344827587,-0.3448275862068966,0.6724137931034483,-0.31724137931034485,0.5482758620689655,-0.30689655172413793,0.4517241379310345,-0.16896551724137931,0.7448275862068966,-0.19655172413793104,0.6689655172413793,-0.16896551724137931,0.5482758620689655,-0.15517241379310345,0.4724137931034483,0.006896551724137931,0.7103448275862069,-0.05862068965517241,0.6310344827586207,-0.041379310344827586,0.5206896551724138,-0.020689655172413793
2,0.0,0.0,0.07142857142857142,-0.3,0.18928571428571428,-0.6071428571428571,0.2892857142857143,-0.825,0.3464285714285714,-1.0,0.44285714285714284,-0.525,0.6964285714285714,-0.4714285714285714,0.6464285714285715,-0.42857142857142855,0.5535714285714286,-0.425,0.4928571428571429,-0.3357142857142857,0.7571428571428571,-0.33214285714285713,0.6964285714285714,-0.30357142857142855,0.5821428571428572,-0.2892857142857143,0.525,-0.15,0.7607142857142857,-0.16785714285714284,0.6964285714285714,-0.14642857142857144,0.5892857142857143,-0.13214285714285715,0.5321428571428571,0.02857142857142857,0.7285714285714285,-0.02142857142857143,0.6607142857142857,-0.014285714285714285,0.5642857142857143,0.0
2,0.0,0.0,0.08540925266903915,-0.3096085409252669,0.22419928825622776,-0.6120996441281139,0.35587188612099646,-0.8291814946619217,0.4412811387900356,-1.0,0.5088967971530249,-0.5266903914590747,0.7508896797153025,-0.44483985765124556,0.6548042704626335,-0.40213523131672596,0.5302491103202847,-0.4092526690391459,0.5622775800711743,-0.3274021352313167,0.7900355871886121,-0.29537366548042704,0.701067615658363,-0.2704626334519573,0.5729537366548043,-0.26334519572953735,0.5907473309608541,-0.13167259786476868,0.7864768683274022,-0.13167259786476868,0.7046263345195729,-0.1103202846975089,0.5871886120996441,-0.099644128113879,0.5907473309608541,0.05338078291814947,0.7402135231316725,0.010676156583629894,0.6583629893238434,0.017793594306049824,0.5658362989323843,0.03202846975088968
2,0.0,0.0,0.1455223880597015,-0.31343283582089554,0.34328358208955223,-0.6156716417910447,0.5111940298507462,-0.8283582089552238,0.6194029850746269,-1.0,0.6305970149253731,-0.503731343283582,0.832089552238806,-0.39925373134328357,0.7313432835820896,-0.34328358208955223,0.6007462686567164,-0.3619402985074627,0.6753731343283582,-0.2947761194029851,0.8582089552238806,-0.23134328358208955,0.7649253731343284,-0.19029850746268656,0.6343283582089553,-0.19776119402985073,0.6902985074626866,-0.08582089552238806,0.8507462686567164,-0.04477611940298507,0.7649253731343284,-0.022388059701492536,0.6380597014925373,-0.033582089552238806,0.6753731343283582,0.10820895522388059,0.7947761194029851,0.1044776119402985,0.7052238805970149,0.11567164179104478,0.6044776119402985,0.10820895522388059
2,0.0,0.0,0.15953307392996108,-0.3229571984435798,0.377431906614786,-0.6147859922178989,0.5797665369649806,-0.8249027237354085,0.7120622568093385,-1.0,0.7003891050583657,-0.48249027237354086,0.8832684824902723,-0.31906614785992216,0.7704280155642024,-0.27626459143968873,0.6459143968871596,-0.311284046692607,0.7315175097276264,-0.25680933852140075,0.8949416342412452,-0.14007782101167315,0.7898832684824902,-0.11673151750972763,0.6536964980544747,-0.14396887159533073,0.7198443579766537,-0.03501945525291829,0.8521400778210116,0.038910505836575876,0.7587548638132295,0.05058365758754864,0.6342412451361867,0.023346303501945526,0.6809338521400778,0.16342412451361868,0.7821011673151751,0.1867704280155642,0.6926070038910506,0.1828793774319066,0.5914396887159533,0.1556420233463035
2,0.0,0.0,0.16996047430830039,-0.33201581027667987,0.39920948616600793,-0.6284584980237155,0.6126482213438735,-0.83399209486166,0.766798418972332,-1.0,0.7391304347826086,-0.4901185770750988,0.9090909090909091,-0.32806324110671936,0.7865612648221344,-0.2845849802371542,0.6561264822134387,-0.3201581027667984,0.7628458498023716,-0.25691699604743085,0.924901185770751,-0.1422924901185771,0.8063241106719368,-0.11462450592885376,0.6561264822134387,-0.1422924901185771,0.7470355731225297,-0.03162055335968379,0.8853754940711462,0.043478260869565216,0.782608695652174,0.05533596837944664,0.6482213438735178,0.02766798418972332,0.6996047430830039,0.17391304347826086,0.8102766798418972,0.19367588932806323,0.7154150197628458,0.19367588932806323,0.6086956521739131,0.16600790513833993
2,0.0,0.0,0.17647058823529413,-0.3176470588235294,0.4235294117647059,-0.6196078431372549,0.6274509803921569,-0.8313725490196079,0.7686274509803922,-1.0,0.7450980392156863,-0.5019607843137255,0.9450980392156862,-0.3254901960784314,0.8196078431372549,-0.2784313725490196,0.6901960784313725,-0.32941176470588235,0.7607843137254902,-0.27450980392156865,0.9490196078431372,-0.12941176470588237,0.8392156862745098,-0.10196078431372549,0.6980392156862745,-0.13725490196078433,0.7372549019607844,-0.043137254901960784,0.9019607843137255,0.054901960784313725,0.8,0.07058823529411765,0.6666666666666666,0.0392156862745098,0.6941176470588235,0.17254901960784313,0.8392156862745098,0.2,0.7372549019607844,0.2,0.6235294117647059,0.17647058823529413
2,0.0,0.0,0.1686746987951807,-0.3373493975903614,0.43373493975903615,-0.6305220883534136,0.6746987951807228,-0.8192771084337349,0.8674698795180723,-0.9678714859437751,0.7911646586345381,-0.4738955823293173,0.9919678714859438,-0.30120481927710846,0.8795180722891566,-0.26506024096385544,0.7590361445783133,-0.30522088353413657,0.8112449799196787,-0.23694779116465864,1.0,-0.11244979919678715,0.8875502008032129,-0.08835341365461848,0.751004016064257,-0.11646586345381527,0.7911646586345381,-0.008032128514056224,0.963855421686747,0.060240963855421686,0.8634538152610441,0.06827309236947791,0.7269076305220884,0.04417670682730924,0.7469879518072289,0.20481927710843373,0.8795180722891566,0.20080321285140562,0.7831325301204819,0.20080321285140562,0.6706827309236948,0.18875502008032127
2,0.0,0.0,0.17551020408163265,-0.34285714285714286,0.43673469387755104,-0.6489795918367347,0.6816326530612244,-0.8408163265306122,0.8857142857142857,-0.9591836734693877,0.7714285714285715,-0.4857142857142857,0.9836734693877551,-0.31020408163265306,0.8612244897959184,-0.27755102040816326,0.7387755102040816,-0.3142857142857143,0.7877551020408163,-0.24081632653061225,1.0,-0.12244897959183673,0.8816326530612245,-0.09795918367346938,0.7428571428571429,-0.12653061224489795,0.7673469387755102,-0.004081632653061225,0.9510204081632653,0.06938775510204082,0.8489795918367347,0.08163265306122448,0.7142857142857143,0.05714285714285714,0.7183673469387755,0.2163265306122449,0.8571428571428571,0.2163265306122449,0.7591836734693878,0.2163265306122449,0.6489795918367347,0.20816326530612245
2,0.0,0.0,0.16194331983805668,-0.3319838056680162,0.4089068825910931,-0.6396761133603239,0.6396761133603239,-0.8421052631578947,0.8421052631578947,-0.9554655870445344,0.757085020242915,-0.48582995951417,0.9878542510121457,-0.3076923076923077,0.8704453441295547,-0.27125506072874495,0.7449392712550608,-0.3117408906882591,0.7732793522267206,-0.2388663967611336,1.0,-0.12550607287449392,0.8866396761133604,-0.10121457489878542,0.7449392712550608,-0.12955465587044535,0.7530364372469636,-0.004048582995951417,0.9595141700404858,0.05263157894736842,0.8582995951417004,0.0728744939271255,0.7206477732793523,0.05668016194331984,0.7125506072874493,0.21862348178137653,0.8825910931174089,0.20242914979757085,0.7813765182186235,0.21052631578947367,0.6680161943319838,0.20647773279352227
2,0.0,0.0,0.1752988047808765,-0.350597609561753,0.41434262948207173,-0.6613545816733067,0.6414342629482072,-0.8725099601593626,0.8326693227091634,-1.0,0.7450199203187251,-0.5139442231075697,0.9681274900398407,-0.350597609561753,0.8565737051792829,-0.30677290836653387,0.7290836653386454,-0.3466135458167331,0.7689243027888446,-0.27091633466135456,0.9960159362549801,-0.16334661354581673,0.8884462151394422,-0.13545816733067728,0.749003984063745,-0.1553784860557769,0.7569721115537849,-0.03187250996015936,0.9681274900398407,0.02390438247011952,0.8645418326693227,0.043824701195219126,0.7250996015936255,0.027888446215139442,0.7211155378486056,0.18725099601593626,0.8844621513944223,0.17131474103585656,0.7888446215139442,0.17928286852589642,0.6733067729083665,0.18326693227091634
2,0.0,0.0,0.1596958174904943,-0.33460076045627374,0.3688212927756654,-0.6349809885931559,0.55893536121673,-0.8517110266159695,0.7224334600760456,-1.0,0.6920152091254753,-0.49049429657794674,0.9049429657794676,-0.33460076045627374,0.8022813688212928,-0.2889733840304182,0.6768060836501901,-0.3193916349809886,0.7186311787072244,-0.25475285171102663,0.9277566539923955,-0.1520912547528517,0.8250950570342205,-0.12167300380228137,0.6844106463878327,-0.14068441064638784,0.7110266159695817,-0.022813688212927757,0.9011406844106464,0.022813688212927757,0.8060836501901141,0.049429657794676805,0.6730038022813688,0.03802281368821293,0.6768060836501901,0.19011406844106463,0.8365019011406845,0.17490494296577946,0.7414448669201521,0.18250950570342206,0.6311787072243346,0.18631178707224336
2,0.0,0.0,0.15162454873646208,-0.3212996389891697,0.3574007220216607,-0.6209386281588448,0.5342960288808665,-0.8339350180505415,0.6714801444043321,-1.0,0.6642599277978339,-0.49458483754512633,0.8736462093862816,-0.35379061371841153,0.7545126353790613,-0.3140794223826715,0.628158844765343,-0.34296028880866425,0.6895306859205776,-0.26714801444043323,0.9025270758122743,-0.18050541516245489,0.7942238267148014,-0.1552346570397112,0.6570397111913358,-0.16967509025270758,0.6823104693140795,-0.04693140794223827,0.8736462093862816,-0.010830324909747292,0.779783393501805,0.010830324909747292,0.6498194945848376,0.0036101083032490976,0.6534296028880866,0.1552346570397112,0.8122743682310469,0.1299638989169675,0.7220216606498195,0.1371841155234657,0.6173285198555957,0.1371841155234657
2,0.0,0.0,0.14642857142857144,-0.3142857142857143,0.3535714285714286,-0.6142857142857143,0.5285714285714286,-0.8285714285714286,0.6535714285714286,-1.0,0.6571428571428571,-0.4928571428571429,0.8857142857142857,-0.33214285714285713,0.775,-0.2892857142857143,0.6464285714285715,-0.31785714285714284,0.6892857142857143,-0.2714285714285714,0.8928571428571429,-0.16071428571428573,0.7857142857142857,-0.1357142857142857,0.6535714285714286,-0.15357142857142858,0.6821428571428572,-0.05357142857142857,0.8535714285714285,0.010714285714285714,0.7607142857142857,0.02857142857142857,0.6321428571428571,0.010714285714285714,0.6535714285714286,0.15,0.775,0.15357142857142858,0.6857142857142857,0.15714285714285714,0.5857142857142857,0.14285714285714285
2,0.0,0.0,0.14788732394366197,-0.30633802816901406,0.352112676056338,-0.602112676056338,0.5176056338028169,-0.823943661971831,0.6267605633802817,-1.0,0.647887323943662,-0.4964788732394366,0.9014084507042254,-0.3415492957746479,0.7992957746478874,-0.29225352112676056,0.6725352112676056,-0.31690140845070425,0.6725352112676056,-0.2887323943661972,0.9049295774647887,-0.18309859154929578,0.8063380281690141,-0.1443661971830986,0.6725352112676056,-0.16549295774647887,0.6654929577464789,-0.07746478873239436,0.8697183098591549,-0.017605633802816902,0.7816901408450704,0.007042253521126761,0.6549295774647887,-0.007042253521126761,0.6408450704225352,0.11971830985915492,0.8028169014084507,0.11267605633802817,0.7147887323943662,0.12323943661971831,0.6091549295774648,0.11619718309859155
2,0.0,0.0,0.13541666666666666,-0.3090277777777778,0.3159722222222222,-0.6076388888888888,0.4791666666666667,-0.8229166666666666,0.5798611111111112,-1.0,0.6076388888888888,-0.5104166666666666,0.8333333333333334,-0.3715277777777778,0.7361111111111112,-0.3159722222222222,0.6180555555555556,-0.3368055555555556,0.6423611111111112,-0.3090277777777778,0.8541666666666666,-0.21180555555555555,0.7569444444444444,-0.17708333333333334,0.6284722222222222,-0.1909722222222222,0.6493055555555556,-0.10416666666666667,0.8229166666666666,-0.052083333333333336,0.7361111111111112,-0.027777777777777776,0.6111111111111112,-0.034722222222222224,0.6284722222222222,0.09027777777777778,0.7638888888888888,0.08333333333333333,0.6770833333333334,0.09375,0.5798611111111112,0.08680555555555555
2,0.0,0.0,0.11724137931034483,-0.30689655172413793,0.2793103448275862,-0.603448275862069,0.41724137931034483,-0.8241379310344827,0.496551724137931,-1.0,0.5689655172413793,-0.5206896551724138,0.7896551724137931,-0.4,0.7068965517241379,-0.33448275862068966,0.593103448275862,-0.3448275862068966,0.6137931034482759,-0.3310344827586207,0.8206896551724138,-0.24482758620689654,0.7310344827586207,-0.2,0.6068965517241379,-0.20689655172413793,0.6310344827586207,-0.1310344827586207,0.8103448275862069,-0.08620689655172414,0.7310344827586207,-0.05517241379310345,0.6103448275862069,-0.05517241379310345,0.6206896551724138,0.05517241379310345,0.7551724137931034,0.04482758620689655,0.6758620689655173,0.06551724137931035,0.5793103448275863,0.06551724137931035
2,0.0,0.0,0.1,-0.30333333333333334,0.25,-0.6,0.37333333333333335,-0.82,0.43,-1.0,0.53,-0.52,0.7466666666666667,-0.41,0.6666666666666666,-0.35333333333333333,0.56,-0.36333333333333334,0.5766666666666667,-0.33666666666666667,0.78,-0.26666666666666666,0.7033333333333334,-0.22333333333333333,0.5866666666666667,-0.22666666666666666,0.5966666666666667,-0.14666666666666667,0.7733333333333333,-0.11333333333333333,0.7,-0.08666666666666667,0.5866666666666667,-0.08666666666666667,0.5933333333333334,0.03333333333333333,0.73,0.013333333333333334,0.6566666666666666,0.02666666666666667,0.56,0.02666666666666667
2,0.0,0.0,0.0924092409240924,-0.3069306930693069,0.23432343234323433,-0.6039603960396039,0.3465346534653465,-0.8217821782178217,0.39933993399339934,-1.0,0.5181518151815182,-0.5346534653465347,0.7458745874587459,-0.43234323432343236,0.6666666666666666,-0.3696369636963696,0.5511551155115512,-0.3795379537953795,0.5742574257425742,-0.3564356435643564,0.7722772277227723,-0.2838283828382838,0.6897689768976898,-0.2376237623762376,0.570957095709571,-0.2376237623762376,0.6006600660066007,-0.1716171617161716,0.7656765676567657,-0.1353135313531353,0.6897689768976898,-0.09900990099009901,0.570957095709571,-0.10231023102310231,0.6039603960396039,0.006600660066006601,0.7260726072607261,0.0,0.6435643564356436,0.0165016501650165,0.5445544554455446,0.013201320132013201
2,0.0,0.0,0.08737864077669903,-0.3074433656957929,0.22330097087378642,-0.6019417475728155,0.32362459546925565,-0.8220064724919094,0.3656957928802589,-1.0,0.49838187702265374,-0.5339805825242718,0.7346278317152104,-0.4368932038834951,0.6504854368932039,-0.3851132686084142,0.5307443365695793,-0.3948220064724919,0.5533980582524272,-0.3559870550161812,0.7605177993527508,-0.30097087378640774,0.6763754045307443,-0.2588996763754045,0.5533980582524272,-0.2588996763754045,0.5857605177993528,-0.16828478964401294,0.7637540453074434,-0.15210355987055016,0.6828478964401294,-0.11974110032362459,0.5631067961165048,-0.11326860841423948,0.5922330097087378,0.009708737864077669,0.7216828478964401,-0.019417475728155338,0.6407766990291263,0.0,0.5469255663430421,0.006472491909385114
2,0.0,0.0,0.09415584415584416,-0.3051948051948052,0.23376623376623376,-0.6006493506493507,0.33116883116883117,-0.8214285714285714,0.37012987012987014,-1.0,0.512987012987013,-0.5454545454545454,0.7467532467532467,-0.4383116883116883,0.6558441558441559,-0.37662337662337664,0.5357142857142857,-0.38636363636363635,0.564935064935065,-0.36038961038961037,0.7727272727272727,-0.2922077922077922,0.685064935064935,-0.2435064935064935,0.564935064935065,-0.24025974025974026,0.5974025974025974,-0.16883116883116883,0.775974025974026,-0.1396103896103896,0.6915584415584416,-0.10714285714285714,0.5714285714285714,-0.1038961038961039,0.6038961038961039,0.012987012987012988,0.737012987012987,-0.00974025974025974,0.6590909090909091,0.00974025974025974,0.5616883116883117,0.012987012987012988
2,0.0,0.0,0.09385113268608414,-0.3042071197411003,0.23624595469255663,-0.6019417475728155,0.3365695792880259,-0.8220064724919094,0.37540453074433655,-1.0,0.517799352750809,-0.5275080906148867,0.7605177993527508,-0.4368932038834951,0.686084142394822,-0.3851132686084142,0.5728155339805825,-0.39158576051779936,0.5663430420711975,-0.343042071197411,0.7831715210355987,-0.2912621359223301,0.7022653721682848,-0.2524271844660194,0.5825242718446602,-0.2459546925566343,0.5889967637540453,-0.1553398058252427,0.7766990291262136,-0.1423948220064725,0.6990291262135923,-0.11326860841423948,0.5825242718446602,-0.10679611650485436,0.5889967637540453,0.022653721682847898,0.7378640776699029,-0.009708737864077669,0.6601941747572816,0.006472491909385114,0.5631067961165048,0.016181229773462782
2,0.0,0.0,0.1,-0.3032258064516129,0.24516129032258063,-0.6,0.3419354838709677,-0.8225806451612904,0.3741935483870968,-1.0,0.5290322580645161,-0.5225806451612903,0.7677419354838709,-0.4258064516129032,0.6967741935483871,-0.36774193548387096,0.5870967741935483,-0.3741935483870968,0.5741935483870968,-0.3387096774193548,0.7935483870967742,-0.2806451612903226,0.7161290322580646,-0.23548387096774193,0.5935483870967742,-0.23225806451612904,0.5967741935483871,-0.15161290322580645,0.7870967741935484,-0.12580645161290321,0.7064516129032258,-0.0967741935483871,0.5903225806451613,-0.0935483870967742,0.5967741935483871,0.02903225806451613,0.7419354838709677,0.00967741935483871,0.6612903225806451,0.025806451612903226,0.5645161290322581,0.02903225806451613
2,0.0,0.0,0.1157556270096463,-0.2990353697749196,0.27009646302250806,-0.5916398713826366,0.36977491961414793,-0.8135048231511254,0.3987138263665595,-1.0,0.5691318327974276,-0.4983922829581994,0.797427652733119,-0.3858520900321543,0.707395498392283,-0.33440514469453375,0.5884244372990354,-0.3536977491961415,0.6109324758842444,-0.3022508038585209,0.8263665594855305,-0.2347266881028939,0.7427652733118971,-0.19614147909967847,0.617363344051447,-0.19935691318327975,0.6237942122186495,-0.10932475884244373,0.8070739549839229,-0.07395498392282958,0.7266881028938906,-0.04823151125401929,0.6077170418006431,-0.05466237942122187,0.6141479099678456,0.07395498392282958,0.7556270096463023,0.06109324758842444,0.6720257234726688,0.0707395498392283,0.5755627009646302,0.06752411575562701
2,0.0,0.0,0.15753424657534246,-0.2910958904109589,0.3458904109589041,-0.5821917808219178,0.4863013698630137,-0.8047945205479452,0.5547945205479452,-1.0,0.6815068493150684,-0.476027397260274,0.8698630136986302,-0.3184931506849315,0.7465753424657534,-0.2773972602739726,0.6198630136986302,-0.3116438356164384,0.6986301369863014,-0.2568493150684932,0.8938356164383562,-0.1404109589041096,0.7876712328767124,-0.11643835616438356,0.6506849315068494,-0.1404109589041096,0.678082191780822,-0.0410958904109589,0.8595890410958904,0.030821917808219176,0.7636986301369864,0.04794520547945205,0.6335616438356164,0.0273972602739726,0.6404109589041096,0.15753424657534246,0.7876712328767124,0.17465753424657535,0.6952054794520548,0.17465753424657535,0.5924657534246576,0.15753424657534246
2,0.0,0.0,0.17482517482517482,-0.3076923076923077,0.3916083916083916,-0.5874125874125874,0.541958041958042,-0.8041958041958042,0.6258741258741258,-1.0,0.7237762237762237,-0.486013986013986,0.916083916083916,-0.27972027972027974,0.8006993006993007,-0.24125874125874125,0.6818181818181818,-0.2902097902097902,0.7307692307692307,-0.2727272727272727,0.9335664335664335,-0.10839160839160839,0.8146853146853147,-0.09090909090909091,0.6713286713286714,-0.13636363636363635,0.7062937062937062,-0.055944055944055944,0.8846153846153846,0.05944055944055944,0.7727272727272727,0.06643356643356643,0.6398601398601399,0.024475524475524476,0.6573426573426573,0.15384615384615385,0.7902097902097902,0.1958041958041958,0.6853146853146853,0.1888111888111888,0.583916083916084,0.15734265734265734
2,0.0,0.0,0.1918819188191882,-0.3173431734317343,0.42435424354243545,-0.6051660516605166,0.6088560885608856,-0.8154981549815498,0.7306273062730627,-1.0,0.7749077490774908,-0.46863468634686345,0.974169741697417,-0.25830258302583026,0.8634686346863468,-0.22509225092250923,0.7416974169741697,-0.2767527675276753,0.7785977859778598,-0.24354243542435425,0.985239852398524,-0.06273062730627306,0.8597785977859779,-0.05166051660516605,0.7158671586715867,-0.1070110701107011,0.7453874538745388,-0.01845018450184502,0.9298892988929889,0.11808118081180811,0.8118081180811808,0.11808118081180811,0.6715867158671587,0.06642066420664207,0.6789667896678967,0.1992619926199262,0.8081180811808119,0.25830258302583026,0.6974169741697417,0.25092250922509224,0.5940959409594095,0.21033210332103322
2,0.0,0.0,0.1962962962962963,-0.32222222222222224,0.43333333333333335,-0.6111111111111112,0.6259259259259259,-0.8148148148148148,0.7777777777777778,-0.9851851851851852,0.7814814814814814,-0.4925925925925926,0.9851851851851852,-0.26296296296296295,0.8703703703703703,-0.21851851851851853,0.7444444444444445,-0.2740740740740741,0.7851851851851852,-0.25925925925925924,1.0,-0.06666666666666667,0.8777777777777778,-0.04814814814814815,0.7296296296296296,-0.1037037037037037,0.7481481481481481,-0.025925925925925925,0.9444444444444444,0.10740740740740741,0.825925925925926,0.11481481481481481,0.6851851851851852,0.06666666666666667,0.6851851851851852,0.1962962962962963,0.8333333333333334,0.24814814814814815,0.7222222222222222,0.24074074074074073,0.6074074074074074,0.2037037037037037
2,0.0,0.0,0.1948529411764706,-0.31985294117647056,0.43014705882352944,-0.6139705882352942,0.6176470588235294,-0.8272058823529411,0.7536764705882353,-1.0,0.7720588235294118,-0.4889705882352941,0.9522058823529411,-0.2757352941176471,0.8419117647058824,-0.23529411764705882,0.7279411764705882,-0.29044117647058826,0.7757352941176471,-0.25735294117647056,0.9779411764705882,-0.08455882352941177,0.8602941176470589,-0.0625,0.7242647058823529,-0.11397058823529412,0.7463235294117647,-0.029411764705882353,0.9264705882352942,0.08823529411764706,0.8125,0.09558823529411764,0.6801470588235294,0.051470588235294115,0.6838235294117647,0.1875,0.8198529411764706,0.22794117647058823,0.7132352941176471,0.22426470588235295,0.6066176470588235,0.19117647058823528
2,0.0,0.0,0.1970260223048327,-0.32342007434944237,0.4312267657992565,-0.6133828996282528,0.6133828996282528,-0.8252788104089219,0.7397769516728625,-1.0,0.758364312267658,-0.48698884758364314,0.9516728624535316,-0.2899628252788104,0.8401486988847584,-0.2527881040892193,0.7211895910780669,-0.3048327137546468,0.7695167286245354,-0.25650557620817843,0.9814126394052045,-0.10408921933085502,0.862453531598513,-0.08550185873605948,0.7174721189591078,-0.13011152416356878,0.7397769516728625,-0.026022304832713755,0.9330855018587361,0.07434944237918216,0.8178438661710037,0.08550185873605948,0.6802973977695167,0.04460966542750929,0.6802973977695167,0.1895910780669145,0.8252788104089219,0.22304832713754646,0.7211895910780669,0.21561338289962825,0.6096654275092936,0.1895910780669145
2,0.0,0.0,0.1360544217687075,-0.3129251700680272,0.32653061224489793,-0.6020408163265306,0.48299319727891155,-0.8197278911564626,0.5748299319727891,-1.0,0.6360544217687075,-0.5170068027210885,0.8673469387755102,-0.3741496598639456,0.7653061224489796,-0.3231292517006803,0.6462585034013606,-0.3435374149659864,0.6632653061224489,-0.30952380952380953,0.8877551020408163,-0.20408163265306123,0.7857142857142857,-0.17346938775510204,0.6462585034013606,-0.19387755102040816,0.6632653061224489,-0.09523809523809523,0.8605442176870748,-0.04081632653061224,0.7653061224489796,-0.017006802721088437,0.6360544217687075,-0.027210884353741496,0.6462585034013606,0.1054421768707483,0.8061224489795918,0.09523809523809523,0.7142857142857143,0.1054421768707483,0.6054421768707483,0.1054421768707483
2,0.0,0.0,0.11842105263157894,-0.3059210526315789,0.2993421052631579,-0.6019736842105263,0.4375,-0.8157894736842105,0.5032894736842105,-1.0,0.5888157894736842,-0.5361842105263158,0.8223684210526315,-0.3881578947368421,0.7203947368421053,-0.3355263157894737,0.5953947368421053,-0.3618421052631579,0.625,-0.34210526315789475,0.8552631578947368,-0.23355263157894737,0.75,-0.19407894736842105,0.6151315789473685,-0.2138157894736842,0.6381578947368421,-0.14144736842105263,0.8355263157894737,-0.06578947368421052,0.7368421052631579,-0.04276315789473684,0.6085526315789473,-0.05921052631578947,0.6282894736842105,0.05592105263157895,0.7796052631578947,0.06907894736842106,0.680921052631579,0.07894736842105263,0.5756578947368421,0.06907894736842106
2,0.0,0.0,0.11501597444089456,-0.30670926517571884,0.28753993610223644,-0.6038338658146964,0.4281150159744409,-0.8178913738019169,0.4952076677316294,-1.0,0.5623003194888179,-0.5559105431309904,0.7955271565495208,-0.41533546325878595,0.7060702875399361,-0.3546325878594249,0.5878594249201278,-0.3738019169329074,0.6134185303514377,-0.3610223642172524,0.8402555910543131,-0.268370607028754,0.7412140575079872,-0.22044728434504793,0.610223642172524,-0.23322683706070288,0.6357827476038339,-0.1597444089456869,0.8402555910543131,-0.10223642172523961,0.7412140575079872,-0.07028753993610223,0.6134185303514377,-0.07667731629392971,0.6325878594249201,0.03514376996805112,0.7891373801916933,0.03514376996805112,0.6869009584664537,0.051118210862619806,0.5814696485623003,0.04792332268370607
2,0.0,0.0,0.102803738317757,-0.3052959501557632,0.2772585669781931,-0.6012461059190031,0.4143302180685358,-0.8161993769470405,0.48286604361370716,-1.0,0.5420560747663551,-0.557632398753894,0.8006230529595015,-0.43613707165109034,0.7289719626168224,-0.37694704049844235,0.6105919003115264,-0.3894080996884735,0.5887850467289719,-0.37383177570093457,0.8442367601246106,-0.2866043613707165,0.7570093457943925,-0.2367601246105919,0.6261682242990654,-0.24922118380062305,0.616822429906542,-0.17757009345794392,0.8442367601246106,-0.11838006230529595,0.7507788161993769,-0.08099688473520249,0.6261682242990654,-0.09345794392523364,0.6199376947040498,0.021806853582554516,0.8037383177570093,0.024922118380062305,0.7009345794392523,0.04361370716510903,0.5887850467289719,0.037383177570093455
2,0.0,0.0,0.1023391812865497,-0.30116959064327486,0.2894736842105263,-0.5964912280701754,0.4269005847953216,-0.8157894736842105,0.4766081871345029,-1.0,0.5058479532163743,-0.5584795321637427,0.7690058479532164,-0.4502923976608187,0.7192982456140351,-0.3888888888888889,0.6198830409356725,-0.39766081871345027,0.5526315789473685,-0.37719298245614036,0.8157894736842105,-0.2982456140350877,0.7397660818713451,-0.24561403508771928,0.6198830409356725,-0.2573099415204678,0.5847953216374269,-0.1783625730994152,0.8187134502923976,-0.13450292397660818,0.7339181286549707,-0.0935672514619883,0.6111111111111112,-0.1023391812865497,0.5964912280701754,0.017543859649122806,0.7807017543859649,0.008771929824561403,0.6842105263157895,0.029239766081871343,0.5730994152046783,0.02631578947368421
2,0.0,0.0,0.1092436974789916,-0.2801120448179272,0.2913165266106443,-0.5854341736694678,0.40896358543417366,-0.8123249299719888,0.4481792717086835,-1.0,0.5350140056022409,-0.5294117647058824,0.8011204481792717,-0.4005602240896359,0.7030812324929971,-0.35294117647058826,0.5714285714285714,-0.37815126050420167,0.5686274509803921,-0.34173669467787116,0.8291316526610645,-0.23809523809523808,0.7226890756302521,-0.19607843137254902,0.5854341736694678,-0.21568627450980393,0.5854341736694678,-0.14285714285714285,0.8179271708683473,-0.08123249299719888,0.7142857142857143,-0.04481792717086835,0.5882352941176471,-0.058823529411764705,0.5826330532212886,0.056022408963585436,0.7619047619047619,0.056022408963585436,0.6638655462184874,0.07563025210084033,0.5574229691876751,0.07282913165266107
2,0.0,0.0,0.11304347826086956,-0.28405797101449276,0.2927536231884058,-0.591304347826087,0.42028985507246375,-0.8144927536231884,0.4927536231884058,-1.0,0.5768115942028985,-0.518840579710145,0.8521739130434782,-0.39420289855072466,0.7507246376811594,-0.34492753623188405,0.6231884057971014,-0.3652173913043478,0.6,-0.3101449275362319,0.8666666666666667,-0.19420289855072465,0.7594202898550725,-0.16521739130434782,0.6202898550724638,-0.18840579710144928,0.6028985507246377,-0.09855072463768116,0.8405797101449275,-0.020289855072463767,0.736231884057971,-0.005797101449275362,0.6086956521739131,-0.028985507246376812,0.5884057971014492,0.10434782608695652,0.7681159420289855,0.1246376811594203,0.672463768115942,0.13043478260869565,0.5681159420289855,0.11594202898550725
2,0.0,0.0,0.11235955056179775,-0.300561797752809,0.3061797752808989,-0.6039325842696629,0.4353932584269663,-0.8202247191011236,0.5224719101123596,-1.0,0.5589887640449438,-0.5140449438202247,0.8286516853932584,-0.42134831460674155,0.7612359550561798,-0.36797752808988765,0.6432584269662921,-0.37359550561797755,0.5814606741573034,-0.300561797752809,0.8735955056179775,-0.2247191011235955,0.7865168539325843,-0.19382022471910113,0.6432584269662921,-0.20224719101123595,0.5814606741573034,-0.08707865168539326,0.8595505617977528,-0.042134831460674156,0.7668539325842697,-0.025280898876404494,0.6320224719101124,-0.033707865168539325,0.5702247191011236,0.12078651685393259,0.7837078651685393,0.11235955056179775,0.699438202247191,0.1151685393258427,0.5898876404494382,0.11235955056179775
2,0.0,0.0,0.09183673469387756,-0.29336734693877553,0.2780612244897959,-0.5969387755102041,0.41836734693877553,-0.8188775510204082,0.5,-1.0,0.5076530612244898,-0.5331632653061225,0.7857142857142857,-0.4362244897959184,0.701530612244898,-0.38010204081632654,0.576530612244898,-0.3877551020408163,0.5382653061224489,-0.34438775510204084,0.8367346938775511,-0.2602040816326531,0.7372448979591837,-0.21173469387755103,0.5943877551020408,-0.2193877551020408,0.5510204081632653,-0.14540816326530612,0.8341836734693877,-0.09183673469387756,0.7295918367346939,-0.05357142857142857,0.5969387755102041,-0.05612244897959184,0.548469387755102,0.05612244897959184,0.7806122448979592,0.05612244897959184,0.673469387755102,0.07908163265306123,0.5586734693877551,0.07653061224489796
2,0.0,0.0,0.1056701030927835,-0.29896907216494845,0.29381443298969073,-0.595360824742268,0.4381443298969072,-0.8144329896907216,0.5257731958762887,-1.0,0.5231958762886598,-0.538659793814433,0.8041237113402062,-0.45618556701030927,0.7242268041237113,-0.4020618556701031,0.595360824742268,-0.4020618556701031,0.5515463917525774,-0.35051546391752575,0.8505154639175257,-0.28350515463917525,0.75,-0.23969072164948454,0.6082474226804123,-0.2422680412371134,0.5695876288659794,-0.15721649484536082,0.8505154639175257,-0.11082474226804123,0.7525773195876289,-0.07989690721649484,0.6211340206185567,-0.08247422680412371,0.5695876288659794,0.03350515463917526,0.8041237113402062,0.03608247422680412,0.7087628865979382,0.05412371134020619,0.5979381443298969,0.04639175257731959
2,0.0,0.0,0.14689265536723164,-0.3022598870056497,0.3700564971751412,-0.5932203389830508,0.5310734463276836,-0.8135593220338984,0.6186440677966102,-1.0,0.5649717514124294,-0.5536723163841808,0.8587570621468926,-0.4632768361581921,0.8220338983050848,-0.4067796610169492,0.7146892655367232,-0.4124293785310734,0.5875706214689266,-0.3898305084745763,0.9265536723163842,-0.2824858757062147,0.8502824858757062,-0.2231638418079096,0.711864406779661,-0.23728813559322035,0.6016949152542372,-0.1977401129943503,0.9180790960451978,-0.10734463276836158,0.8361581920903954,-0.06779661016949153,0.7033898305084746,-0.0847457627118644,0.5988700564971752,0.0,0.8587570621468926,0.03954802259887006,0.7740112994350282,0.05649717514124294,0.6638418079096046,0.03672316384180791
2,0.0,0.0,0.18674698795180722,-0.2891566265060241,0.44879518072289154,-0.5783132530120482,0.6295180722891566,-0.7891566265060241,0.7379518072289156,-0.9789156626506024,0.677710843373494,-0.5120481927710844,0.9939759036144579,-0.3313253012048193,0.9006024096385542,-0.28012048192771083,0.7590361445783133,-0.3132530120481928,0.6686746987951807,-0.3132530120481928,1.0,-0.13855421686746988,0.8885542168674698,-0.11746987951807229,0.7409638554216867,-0.16265060240963855,0.6385542168674698,-0.0963855421686747,0.9427710843373494,0.0391566265060241,0.8373493975903614,0.05120481927710843,0.7048192771084337,0.012048192771084338,0.5963855421686747,0.1144578313253012,0.8283132530120482,0.1927710843373494,0.7349397590361446,0.1897590361445783,0.6295180722891566,0.1536144578313253
2,0.0,0.0,0.205607476635514,-0.2803738317757009,0.46417445482866043,-0.5607476635514018,0.6510903426791277,-0.7694704049844237,0.7601246105919003,-0.9532710280373832,0.6915887850467289,-0.514018691588785,0.9937694704049844,-0.3115264797507788,0.897196261682243,-0.24610591900311526,0.7632398753894081,-0.2803738317757009,0.6822429906542056,-0.3302180685358255,1.0,-0.1308411214953271,0.8847352024922118,-0.08411214953271028,0.7383177570093458,-0.1308411214953271,0.6573208722741433,-0.12149532710280374,0.9439252336448598,0.040498442367601244,0.8317757009345794,0.06853582554517133,0.6947040498442367,0.024922118380062305,0.6199376947040498,0.08722741433021806,0.8566978193146417,0.17133956386292834,0.7507788161993769,0.1838006230529595,0.6355140186915887,0.14330218068535824
2,0.0,0.0,0.21262458471760798,-0.29900332225913623,0.4750830564784053,-0.574750830564784,0.6710963455149501,-0.7774086378737541,0.7873754152823921,-0.946843853820598,0.7242524916943521,-0.4883720930232558,1.0,-0.3122923588039867,0.9169435215946844,-0.24916943521594684,0.7906976744186046,-0.2757475083056478,0.7275747508305648,-0.29900332225913623,0.9966777408637874,-0.13953488372093023,0.9003322259136213,-0.09966777408637874,0.760797342192691,-0.13953488372093023,0.7009966777408638,-0.09302325581395349,0.9501661129568106,0.03322259136212625,0.8504983388704319,0.053156146179401995,0.7209302325581395,0.016611295681063124,0.6578073089700996,0.10963455149501661,0.8704318936877077,0.1760797342192691,0.7740863787375415,0.17940199335548174,0.6677740863787376,0.1461794019933555
2,0.0,0.0,0.20350877192982456,-0.3017543859649123,0.45964912280701753,-0.5824561403508772,0.6631578947368421,-0.7859649122807018,0.7964912280701755,-0.9543859649122807,0.7403508771929824,-0.4842105263157895,1.0,-0.3263157894736842,0.9087719298245615,-0.2631578947368421,0.7859649122807018,-0.2807017543859649,0.743859649122807,-0.2912280701754386,1.0,-0.1368421052631579,0.8982456140350877,-0.09824561403508772,0.7578947368421053,-0.13333333333333333,0.7192982456140351,-0.08421052631578947,0.9473684210526315,0.042105263157894736,0.8491228070175438,0.05964912280701754,0.7192982456140351,0.02456140350877193,0.6771929824561403,0.11578947368421053,0.8736842105263158,0.18596491228070175,0.775438596491228,0.18596491228070175,0.6666666666666666,0.14736842105263157
2,0.0,0.0,0.1897810218978102,-0.2846715328467153,0.4343065693430657,-0.5547445255474452,0.635036496350365,-0.7554744525547445,0.7737226277372263,-0.927007299270073,0.7554744525547445,-0.4489051094890511,1.0,-0.3029197080291971,0.8941605839416058,-0.24817518248175183,0.7700729927007299,-0.27007299270072993,0.7445255474452555,-0.2518248175182482,0.9781021897810219,-0.09124087591240876,0.8722627737226277,-0.06934306569343066,0.7408759124087592,-0.10948905109489052,0.708029197080292,-0.04744525547445255,0.9197080291970803,0.09124087591240876,0.8211678832116789,0.09124087591240876,0.6934306569343066,0.04744525547445255,0.656934306569343,0.15328467153284672,0.8321167883211679,0.22627737226277372,0.7299270072992701,0.21532846715328466,0.6240875912408759,0.17518248175182483
2,0.0,0.0,0.20149253731343283,-0.29850746268656714,0.4626865671641791,-0.582089552238806,0.6604477611940298,-0.7910447761194029,0.7686567164179104,-0.9776119402985075,0.7723880597014925,-0.5074626865671642,0.9850746268656716,-0.291044776119403,0.8582089552238806,-0.23880597014925373,0.7388059701492538,-0.2835820895522388,0.7798507462686567,-0.29850746268656714,1.0,-0.1044776119402985,0.8768656716417911,-0.07462686567164178,0.7313432835820896,-0.12313432835820895,0.753731343283582,-0.07835820895522388,0.9440298507462687,0.08208955223880597,0.8283582089552238,0.09328358208955224,0.6940298507462687,0.041044776119402986,0.7089552238805971,0.13805970149253732,0.8619402985074627,0.21641791044776118,0.746268656716418,0.2126865671641791,0.6343283582089553,0.16791044776119404
2,0.0,0.0,0.15942028985507245,-0.2971014492753623,0.3804347826086957,-0.5942028985507246,0.5543478260869565,-0.8079710144927537,0.6485507246376812,-1.0,0.7028985507246377,-0.5471014492753623,0.9021739130434783,-0.35507246376811596,0.782608695652174,-0.29347826086956524,0.6630434782608695,-0.32971014492753625,0.7355072463768116,-0.3442028985507246,0.9420289855072463,-0.17028985507246377,0.8260869565217391,-0.12318840579710146,0.6884057971014492,-0.15942028985507245,0.7355072463768116,-0.13043478260869565,0.9239130434782609,0.018115942028985508,0.8043478260869565,0.043478260869565216,0.6702898550724637,0.0036231884057971015,0.7028985507246377,0.07971014492753623,0.8514492753623188,0.16666666666666666,0.7282608695652174,0.17391304347826086,0.6086956521739131,0.13768115942028986
2,0.0,0.0,0.1360544217687075,-0.3129251700680272,0.3163265306122449,-0.6054421768707483,0.47278911564625853,-0.8197278911564626,0.5816326530612245,-1.0,0.6190476190476191,-0.5748299319727891,0.8129251700680272,-0.41156462585034015,0.7006802721088435,-0.3401360544217687,0.5816326530612245,-0.3707482993197279,0.6768707482993197,-0.37755102040816324,0.8605442176870748,-0.23809523809523808,0.7517006802721088,-0.1870748299319728,0.6190476190476191,-0.21428571428571427,0.7006802721088435,-0.16326530612244897,0.8707482993197279,-0.06462585034013606,0.7619047619047619,-0.030612244897959183,0.6326530612244898,-0.05102040816326531,0.6938775510204082,0.04421768707482993,0.8197278911564626,0.0782312925170068,0.7074829931972789,0.09863945578231292,0.5986394557823129,0.08503401360544217
2,0.0,0.0,0.09803921568627451,-0.30392156862745096,0.238562091503268,-0.5947712418300654,0.3660130718954248,-0.8137254901960784,0.42810457516339867,-1.0,0.545751633986928,-0.5784313725490197,0.7352941176470589,-0.477124183006536,0.6405228758169934,-0.4019607843137255,0.5294117647058824,-0.4117647058823529,0.6241830065359477,-0.3888888888888889,0.8006535947712419,-0.3104575163398693,0.7124183006535948,-0.25163398692810457,0.5882352941176471,-0.2549019607843137,0.673202614379085,-0.18627450980392157,0.8169934640522876,-0.13071895424836602,0.7254901960784313,-0.08496732026143791,0.6045751633986928,-0.08496732026143791,0.6895424836601307,0.013071895424836602,0.7843137254901961,0.02287581699346405,0.6895424836601307,0.05228758169934641,0.5882352941176471,0.058823529411764705
2,0.0,0.0,0.07006369426751592,-0.29936305732484075,0.20382165605095542,-0.5955414012738853,0.3343949044585987,-0.8152866242038217,0.40764331210191085,-1.0,0.5159235668789809,-0.554140127388535,0.7133757961783439,-0.5127388535031847,0.6401273885350318,-0.4394904458598726,0.5159235668789809,-0.42356687898089174,0.5955414012738853,-0.3630573248407643,0.7643312101910829,-0.34394904458598724,0.6910828025477707,-0.28662420382165604,0.5636942675159236,-0.267515923566879,0.6369426751592356,-0.17197452229299362,0.7738853503184714,-0.15605095541401273,0.7038216560509554,-0.11464968152866242,0.5859872611464968,-0.09872611464968153,0.6560509554140127,0.01592356687898089,0.7547770700636943,0.009554140127388535,0.6751592356687898,0.03184713375796178,0.5764331210191083,0.044585987261146494
2,0.0,0.0,0.07142857142857142,-0.30434782608695654,0.1956521739130435,-0.5962732919254659,0.3198757763975155,-0.8136645962732919,0.37888198757763975,-1.0,0.531055900621118,-0.5652173913043478,0.6894409937888198,-0.4906832298136646,0.5993788819875776,-0.4161490683229814,0.48757763975155277,-0.4161490683229814,0.6211180124223602,-0.37888198757763975,0.7453416149068323,-0.32608695652173914,0.6583850931677019,-0.2732919254658385,0.546583850931677,-0.2670807453416149,0.6677018633540373,-0.18944099378881987,0.7670807453416149,-0.15217391304347827,0.6863354037267081,-0.11801242236024845,0.5745341614906833,-0.11180124223602485,0.6832298136645962,-0.003105590062111801,0.7484472049689441,0.006211180124223602,0.6583850931677019,0.027950310559006212,0.5652173913043478,0.027950310559006212
2,0.0,0.0,0.078125,-0.303125,0.196875,-0.59375,0.31875,-0.8125,0.396875,-1.0,0.546875,-0.565625,0.696875,-0.45,0.6,-0.36875,0.48125,-0.375,0.640625,-0.371875,0.7625,-0.275,0.665625,-0.21875,0.540625,-0.228125,0.690625,-0.175,0.778125,-0.09375,0.684375,-0.059375,0.565625,-0.06875,0.70625,0.015625,0.75625,0.06875,0.65625,0.0875,0.55,0.071875
2,0.0,0.0,0.08695652173913043,-0.30745341614906835,0.2267080745341615,-0.5993788819875776,0.3695652173913043,-0.8167701863354038,0.4782608695652174,-1.0,0.5714285714285714,-0.5590062111801242,0.7329192546583851,-0.43788819875776397,0.639751552795031,-0.35093167701863354,0.5217391304347826,-0.35093167701863354,0.6614906832298136,-0.36645962732919257,0.7919254658385093,-0.2484472049689441,0.7049689440993789,-0.18633540372670807,0.5900621118012422,-0.18633540372670807,0.7049689440993789,-0.16459627329192547,0.7888198757763976,-0.062111801242236024,0.6987577639751553,-0.024844720496894408,0.5838509316770186,-0.037267080745341616,0.717391304347826,0.034161490683229816,0.7546583850931677,0.11490683229813664,0.6521739130434783,0.13354037267080746,0.5496894409937888,0.10869565217391304
2,0.0,0.0,0.14965986394557823,-0.32653061224489793,0.32653061224489793,-0.608843537414966,0.5102040816326531,-0.826530612244898,0.6564625850340136,-1.0,0.7482993197278912,-0.4965986394557823,0.8979591836734694,-0.35034013605442177,0.7755102040816326,-0.2857142857142857,0.6394557823129252,-0.29931972789115646,0.8095238095238095,-0.2891156462585034,0.8945578231292517,-0.14285714285714285,0.7721088435374149,-0.1054421768707483,0.6462585034013606,-0.1292517006802721,0.8095238095238095,-0.07482993197278912,0.8571428571428571,0.047619047619047616,0.7551020408163265,0.06802721088435375,0.6428571428571429,0.03741496598639456,0.782312925170068,0.13945578231292516,0.8163265306122449,0.23129251700680273,0.7040816326530612,0.23469387755102042,0.5952380952380952,0.19047619047619047
2,0.0,0.0,0.14982578397212543,-0.3344947735191638,0.3554006968641115,-0.6132404181184669,0.554006968641115,-0.8257839721254355,0.7003484320557491,-1.0,0.7247386759581882,-0.519163763066202,0.8501742160278746,-0.4181184668989547,0.7212543554006968,-0.34494773519163763,0.5853658536585366,-0.34843205574912894,0.794425087108014,-0.29965156794425085,0.8606271777003485,-0.18815331010452963,0.735191637630662,-0.14982578397212543,0.6097560975609756,-0.16376306620209058,0.8013937282229965,-0.06968641114982578,0.8292682926829268,0.024390243902439025,0.710801393728223,0.03832752613240418,0.5888501742160279,0.013937282229965157,0.7735191637630662,0.14982578397212543,0.7839721254355401,0.2229965156794425,0.6689895470383276,0.2229965156794425,0.5679442508710801,0.1916376306620209
2,0.0,0.0,0.15384615384615385,-0.34065934065934067,0.3626373626373626,-0.6373626373626373,0.5714285714285714,-0.8388278388278388,0.7362637362637363,-1.0,0.7545787545787546,-0.5421245421245421,0.9010989010989011,-0.42857142857142855,0.7765567765567766,-0.34798534798534797,0.6336996336996337,-0.3516483516483517,0.8241758241758241,-0.315018315018315,0.9194139194139194,-0.19047619047619047,0.7985347985347986,-0.14652014652014653,0.6593406593406593,-0.1575091575091575,0.8351648351648352,-0.08424908424908426,0.8937728937728938,0.03296703296703297,0.7765567765567766,0.047619047619047616,0.6410256410256411,0.02197802197802198,0.8131868131868132,0.14285714285714285,0.8424908424908425,0.23076923076923078,0.7216117216117216,0.2271062271062271,0.6153846153846154,0.19047619047619047
2,0.0,0.0,0.14388489208633093,-0.30935251798561153,0.3776978417266187,-0.6079136690647482,0.5935251798561151,-0.8201438848920863,0.7589928057553957,-1.0,0.7517985611510791,-0.5107913669064749,0.9532374100719424,-0.37050359712230213,0.8237410071942446,-0.29136690647482016,0.6942446043165468,-0.2949640287769784,0.7877697841726619,-0.28776978417266186,0.960431654676259,-0.14388489208633093,0.8345323741007195,-0.10071942446043165,0.7014388489208633,-0.1223021582733813,0.7769784172661871,-0.06115107913669065,0.935251798561151,0.05755395683453238,0.8201438848920863,0.08273381294964029,0.6834532374100719,0.05755395683453238,0.7338129496402878,0.15467625899280577,0.8776978417266187,0.23381294964028776,0.762589928057554,0.24100719424460432,0.6474820143884892,0.21223021582733814
2,0.0,0.0,0.18345323741007194,-0.3129496402877698,0.4316546762589928,-0.60431654676259,0.6294964028776978,-0.8165467625899281,0.7482014388489209,-1.0,0.7410071942446043,-0.4856115107913669,0.9784172661870504,-0.37410071942446044,0.8920863309352518,-0.30935251798561153,0.7553956834532374,-0.30935251798561153,0.7517985611510791,-0.26258992805755393,0.9784172661870504,-0.13309352517985612,0.8884892086330936,-0.10071942446043165,0.7482014388489209,-0.1223021582733813,0.7230215827338129,-0.03597122302158273,0.9388489208633094,0.08273381294964029,0.8453237410071942,0.08992805755395683,0.7050359712230215,0.06115107913669065,0.6690647482014388,0.18345323741007194,0.8525179856115108,0.26258992805755393,0.7553956834532374,0.2517985611510791,0.6366906474820144,0.22302158273381295
2,0.0,0.0,0.16551724137931034,-0.29310344827586204,0.41724137931034483,-0.5896551724137931,0.603448275862069,-0.8103448275862069,0.7103448275862069,-1.0,0.7241379310344828,-0.4896551724137931,0.9482758620689655,-0.3482758620689655,0.8413793103448276,-0.29310344827586204,0.7206896551724138,-0.3103448275862069,0.7344827586206897,-0.28620689655172415,0.9758620689655172,-0.13793103448275862,0.8689655172413793,-0.10344827586206896,0.7275862068965517,-0.13448275862068965,0.7172413793103448,-0.07241379310344828,0.9344827586206896,0.05517241379310345,0.8275862068965517,0.06896551724137931,0.696551724137931,0.03793103448275862,0.6758620689655173,0.14482758620689656,0.8586206896551725,0.21379310344827587,0.7517241379310344,0.2103448275862069,0.6379310344827587,0.1793103448275862
2,0.0,0.0,0.14790996784565916,-0.31189710610932475,0.36012861736334406,-0.6045016077170418,0.5369774919614148,-0.819935691318328,0.6527331189710611,-1.0,0.6302250803858521,-0.5369774919614148,0.8810289389067524,-0.40514469453376206,0.8102893890675241,-0.3215434083601286,0.6977491961414791,-0.3247588424437299,0.6655948553054662,-0.3408360128617363,0.9131832797427653,-0.21221864951768488,0.8102893890675241,-0.15434083601286175,0.6720257234726688,-0.17684887459807075,0.6720257234726688,-0.12540192926045016,0.9035369774919614,-0.03858520900321544,0.8006430868167203,-0.003215434083601286,0.662379421221865,-0.01929260450160772,0.6591639871382636,0.08681672025723473,0.8392282958199357,0.10610932475884244,0.729903536977492,0.1189710610932476,0.617363344051447,0.10932475884244373
2,0.0,0.0,0.12852664576802508,-0.3072100313479624,0.3166144200626959,-0.6050156739811913,0.47335423197492166,-0.8244514106583072,0.5799373040752351,-1.0,0.5924764890282131,-0.5517241379310345,0.8338557993730408,-0.41379310344827586,0.7335423197492164,-0.3542319749216301,0.6144200626959248,-0.3761755485893417,0.6332288401253918,-0.3510971786833856,0.8871473354231975,-0.2476489028213166,0.774294670846395,-0.20376175548589343,0.6332288401253918,-0.219435736677116,0.6520376175548589,-0.13793103448275862,0.8746081504702194,-0.07210031347962383,0.7648902821316614,-0.04075235109717868,0.6300940438871473,-0.05329153605015674,0.6426332288401254,0.06896551724137931,0.8181818181818182,0.07836990595611286,0.7053291536050157,0.09404388714733543,0.5924764890282131,0.08463949843260188
2,0.0,0.0,0.10850439882697947,-0.30498533724340177,0.2844574780058651,-0.6011730205278593,0.4222873900293255,-0.8240469208211144,0.49560117302052786,-1.0,0.501466275659824,-0.5542521994134897,0.7302052785923754,-0.4780058651026393,0.7067448680351907,-0.4046920821114369,0.6539589442815249,-0.39296187683284456,0.5601173020527859,-0.36950146627565983,0.8093841642228738,-0.31378299120234604,0.7390029325513197,-0.24926686217008798,0.6275659824046921,-0.2434017595307918,0.5982404692082112,-0.16715542521994134,0.8211143695014663,-0.14076246334310852,0.7419354838709677,-0.0967741935483871,0.6217008797653959,-0.0967741935483871,0.6070381231671554,0.026392961876832845,0.7771260997067448,0.008797653958944282,0.6862170087976539,0.02932551319648094,0.5835777126099707,0.03225806451612903
2,0.0,0.0,0.08902077151335312,-0.3056379821958457,0.2403560830860534,-0.6053412462908012,0.3560830860534125,-0.8219584569732937,0.41839762611275966,-1.0,0.4807121661721068,-0.5578635014836796,0.7566765578635015,-0.4688427299703264,0.6973293768545994,-0.4124629080118694,0.5905044510385756,-0.4124629080118694,0.5281899109792285,-0.3768545994065282,0.8011869436201781,-0.3264094955489614,0.7181008902077152,-0.2789317507418398,0.5934718100890207,-0.27596439169139464,0.5637982195845698,-0.18100890207715134,0.8071216617210683,-0.1632047477744807,0.7181008902077152,-0.12759643916913946,0.5964391691394659,-0.12462908011869436,0.5786350148367952,0.011869436201780416,0.7655786350148368,-0.017804154302670624,0.6706231454005934,0.002967359050445104,0.5667655786350149,0.01483679525222552
2,0.0,0.0,0.047619047619047616,-0.29411764705882354,0.17086834733893558,-0.5938375350140056,0.2605042016806723,-0.8179271708683473,0.2857142857142857,-1.0,0.38935574229691877,-0.5714285714285714,0.6498599439775911,-0.5070028011204482,0.5910364145658263,-0.4425770308123249,0.49299719887955185,-0.43137254901960786,0.4565826330532213,-0.3949579831932773,0.7170868347338936,-0.3753501400560224,0.6386554621848739,-0.32212885154061627,0.5210084033613446,-0.29971988795518206,0.5098039215686274,-0.20728291316526612,0.7366946778711485,-0.22969187675070027,0.6526610644257703,-0.18487394957983194,0.5378151260504201,-0.1568627450980392,0.5434173669467787,-0.025210084033613446,0.7086834733893558,-0.0896358543417367,0.6218487394957983,-0.056022408963585436,0.5294117647058824,-0.025210084033613446
2,0.0,0.0,0.038011695906432746,-0.30116959064327486,0.15789473684210525,-0.5964912280701754,0.24853801169590642,-0.8187134502923976,0.27485380116959063,-1.0,0.39473684210526316,-0.5497076023391813,0.652046783625731,-0.5263157894736842,0.6345029239766082,-0.47953216374269003,0.5760233918128655,-0.45614035087719296,0.4678362573099415,-0.3654970760233918,0.7280701754385965,-0.3888888888888889,0.6842105263157895,-0.3508771929824561,0.5906432748538012,-0.31871345029239767,0.5175438596491229,-0.1783625730994152,0.7602339181286549,-0.22514619883040934,0.6900584795321637,-0.19298245614035087,0.5847953216374269,-0.16374269005847952,0.5497076023391813,0.0029239766081871343,0.7309941520467836,-0.07017543859649122,0.6578947368421053,-0.05263157894736842,0.5672514619883041,-0.02046783625730994
2,0.0,0.0,0.05113636363636364,-0.29545454545454547,0.17897727272727273,-0.6022727272727273,0.26136363636363635,-0.8267045454545454,0.28125,-1.0,0.36363636363636365,-0.53125,0.5994318181818182,-0.5284090909090909,0.5994318181818182,-0.48579545454545453,0.5511363636363636,-0.45454545454545453,0.42613636363636365,-0.35795454545454547,0.6960227272727273,-0.38920454545454547,0.6732954545454546,-0.3522727272727273,0.5909090909090909,-0.3210227272727273,0.4715909090909091,-0.17613636363636365,0.7301136363636364,-0.2215909090909091,0.6846590909090909,-0.19318181818181818,0.59375,-0.17045454545454544,0.5028409090909091,0.005681818181818182,0.6960227272727273,-0.05965909090909091,0.6363636363636364,-0.048295454545454544,0.5568181818181818,-0.03125
2,0.0,0.0,0.05763688760806916,-0.28530259365994237,0.2017291066282421,-0.5965417867435159,0.29971181556195964,-0.8213256484149856,0.3170028818443804,-1.0,0.38904899135446686,-0.5302593659942363,0.6570605187319885,-0.49855907780979825,0.6138328530259366,-0.4553314121037464,0.521613832853026,-0.43804034582132567,0.4409221902017291,-0.34293948126801155,0.7406340057636888,-0.34870317002881845,0.6772334293948127,-0.31988472622478387,0.5561959654178674,-0.29971181556195964,0.4783861671469741,-0.15561959654178675,0.7550432276657061,-0.1844380403458213,0.6801152737752162,-0.1585014409221902,0.5648414985590778,-0.138328530259366,0.5014409221902018,0.02881844380403458,0.7089337175792507,-0.025936599423631124,0.6340057636887608,-0.01729106628242075,0.5360230547550432,0.0
2,0.0,0.0,0.10714285714285714,-0.2708333333333333,0.30357142857142855,-0.5803571428571429,0.41964285714285715,-0.8125,0.4494047619047619,-1.0,0.4732142857142857,-0.49404761904761907,0.7767857142857143,-0.41964285714285715,0.7291666666666666,-0.38392857142857145,0.6339285714285714,-0.38095238095238093,0.49702380952380953,-0.28869047619047616,0.8422619047619048,-0.26785714285714285,0.7767857142857143,-0.25,0.6458333333333334,-0.24107142857142858,0.5119047619047619,-0.08630952380952381,0.8303571428571429,-0.09226190476190477,0.7529761904761905,-0.07738095238095238,0.6220238095238095,-0.06845238095238096,0.5178571428571429,0.11011904761904762,0.7529761904761905,0.07142857142857142,0.6785714285714286,0.07142857142857142,0.5714285714285714,0.08035714285714286
2,0.0,0.0,0.1458966565349544,-0.270516717325228,0.3829787234042553,-0.5805471124620061,0.5440729483282675,-0.8054711246200608,0.6261398176291794,-1.0,0.5562310030395137,-0.5106382978723404,0.8753799392097265,-0.3404255319148936,0.756838905775076,-0.2978723404255319,0.6200607902735562,-0.3404255319148936,0.5623100303951368,-0.3130699088145897,0.9057750759878419,-0.19148936170212766,0.7750759878419453,-0.1641337386018237,0.6139817629179332,-0.19756838905775076,0.5562310030395137,-0.1033434650455927,0.8662613981762918,-0.03951367781155015,0.7416413373860182,-0.0121580547112462,0.5927051671732523,-0.030395136778115502,0.5349544072948328,0.10030395136778116,0.78419452887538,0.1094224924012158,0.6717325227963525,0.11854103343465046,0.547112462006079,0.10638297872340426
2,0.0,0.0,0.14241486068111456,-0.28792569659442724,0.38390092879256965,-0.5913312693498453,0.5603715170278638,-0.804953560371517,0.653250773993808,-1.0,0.5603715170278638,-0.5263157894736842,0.8792569659442725,-0.3560371517027864,0.7708978328173375,-0.3157894736842105,0.6377708978328174,-0.34674922600619196,0.56656346749226,-0.32507739938080493,0.913312693498452,-0.20123839009287925,0.7956656346749226,-0.17337461300309598,0.6408668730650154,-0.2043343653250774,0.5634674922600619,-0.10835913312693499,0.8792569659442725,-0.04024767801857585,0.7616099071207431,-0.01238390092879257,0.6191950464396285,-0.02786377708978328,0.5479876160990712,0.1021671826625387,0.804953560371517,0.10835913312693499,0.6934984520123839,0.12074303405572756,0.5696594427244582,0.11145510835913312
2,0.0,0.0,0.15479876160990713,-0.29102167182662536,0.39628482972136225,-0.5975232198142415,0.5727554179566563,-0.8142414860681114,0.6594427244582043,-1.0,0.5975232198142415,-0.5046439628482973,0.8668730650154799,-0.35294117647058826,0.7647058823529411,-0.30959752321981426,0.653250773993808,-0.33126934984520123,0.6006191950464397,-0.29721362229102166,0.913312693498452,-0.17647058823529413,0.7925696594427245,-0.15789473684210525,0.6408668730650154,-0.18575851393188855,0.5882352941176471,-0.0804953560371517,0.8699690402476781,-0.01238390092879257,0.7554179566563467,0.0030959752321981426,0.6160990712074303,-0.015479876160990712,0.5510835913312694,0.1238390092879257,0.7863777089783281,0.12693498452012383,0.6780185758513931,0.13003095975232198,0.5634674922600619,0.12074303405572756
2,0.0,0.0,0.1536050156739812,-0.2946708463949843,0.40752351097178685,-0.5987460815047022,0.5924764890282131,-0.8150470219435737,0.6927899686520376,-1.0,0.6081504702194357,-0.5078369905956113,0.890282131661442,-0.335423197492163,0.7836990595611285,-0.29780564263322884,0.6677115987460815,-0.329153605015674,0.6050156739811913,-0.2946708463949843,0.9278996865203761,-0.15673981191222572,0.8056426332288401,-0.13479623824451412,0.6551724137931034,-0.16614420062695925,0.5862068965517241,-0.07210031347962383,0.877742946708464,0.012539184952978056,0.7554858934169278,0.025078369905956112,0.6144200626959248,0.003134796238244514,0.5517241379310345,0.14106583072100312,0.7836990595611285,0.15047021943573669,0.6677115987460815,0.15047021943573669,0.5454545454545454,0.13793103448275862
2,0.0,0.0,0.14906832298136646,-0.30124223602484473,0.39751552795031053,-0.6024844720496895,0.5807453416149069,-0.8167701863354038,0.6925465838509317,-1.0,0.5807453416149069,-0.531055900621118,0.8633540372670807,-0.4254658385093168,0.8695652173913043,-0.34782608695652173,0.8229813664596274,-0.3198757763975155,0.5993788819875776,-0.32608695652173914,0.9037267080745341,-0.2360248447204969,0.8664596273291926,-0.16770186335403728,0.7670807453416149,-0.16149068322981366,0.6024844720496895,-0.10559006211180125,0.9006211180124224,-0.040372670807453416,0.8260869565217391,0.006211180124223602,0.6987577639751553,0.003105590062111801,0.5900621118012422,0.11490683229813664,0.8416149068322981,0.11801242236024845,0.7577639751552795,0.13975155279503104,0.639751552795031,0.13975155279503104
2,0.0,0.0,0.1377245508982036,-0.3023952095808383,0.3413173652694611,-0.6017964071856288,0.5029940119760479,-0.8233532934131736,0.5958083832335329,-1.0,0.49700598802395207,-0.5299401197604791,0.7634730538922155,-0.4880239520958084,0.8263473053892215,-0.40718562874251496,0.8173652694610778,-0.3562874251497006,0.5389221556886228,-0.33532934131736525,0.8263473053892215,-0.2994011976047904,0.8323353293413174,-0.23353293413173654,0.7574850299401198,-0.20658682634730538,0.562874251497006,-0.12574850299401197,0.8502994011976048,-0.10179640718562874,0.8053892215568862,-0.05089820359281437,0.6946107784431138,-0.03592814371257485,0.5748502994011976,0.08383233532934131,0.8053892215568862,0.0658682634730539,0.7365269461077845,0.08682634730538923,0.6347305389221557,0.10179640718562874
2,0.0,0.0,0.11436950146627566,-0.2991202346041056,0.30791788856304986,-0.6070381231671554,0.4574780058651026,-0.8269794721407625,0.530791788856305,-1.0,0.5249266862170088,-0.5249266862170088,0.750733137829912,-0.4662756598240469,0.7712609970674487,-0.39002932551319647,0.7302052785923754,-0.36363636363636365,0.5865102639296188,-0.34017595307917886,0.8035190615835777,-0.30791788856304986,0.7771260997067448,-0.2434017595307918,0.6891495601173021,-0.21994134897360704,0.624633431085044,-0.1436950146627566,0.8240469208211144,-0.12023460410557185,0.7800586510263929,-0.07624633431085044,0.6744868035190615,-0.06451612903225806,0.6392961876832844,0.0469208211143695,0.7917888563049853,0.03812316715542522,0.7331378299120235,0.05865102639296188,0.6422287390029325,0.07038123167155426
2,0.0,0.0,0.0935672514619883,-0.30409356725146197,0.2309941520467836,-0.6052631578947368,0.35964912280701755,-0.8187134502923976,0.4239766081871345,-1.0,0.5292397660818714,-0.5292397660818714,0.7748538011695907,-0.4502923976608187,0.672514619883041,-0.39766081871345027,0.5380116959064327,-0.4064327485380117,0.5847953216374269,-0.3216374269005848,0.804093567251462,-0.2807017543859649,0.7105263157894737,-0.23976608187134502,0.5789473684210527,-0.23391812865497075,0.6111111111111112,-0.11988304093567251,0.7923976608187134,-0.1023391812865497,0.7046783625730995,-0.07309941520467836,0.5818713450292398,-0.06432748538011696,0.6081871345029239,0.07017543859649122,0.7368421052631579,0.05847953216374269,0.652046783625731,0.07309941520467836,0.5555555555555556,0.08187134502923976
2,0.0,0.0,0.049586776859504134,-0.30303030303030304,0.17355371900826447,-0.5977961432506887,0.29476584022038566,-0.8209366391184573,0.36639118457300274,-1.0,0.4738292011019284,-0.5702479338842975,0.6749311294765841,-0.5289256198347108,0.5950413223140496,-0.45179063360881544,0.4793388429752066,-0.4325068870523416,0.5454545454545454,-0.39118457300275483,0.7355371900826446,-0.36639118457300274,0.6556473829201102,-0.30303030303030304,0.5344352617079889,-0.2809917355371901,0.5895316804407713,-0.2066115702479339,0.7548209366391184,-0.19559228650137742,0.6776859504132231,-0.15151515151515152,0.5564738292011019,-0.1322314049586777,0.6060606060606061,-0.027548209366391185,0.7272727272727273,-0.04132231404958678,0.6446280991735537,-0.011019283746556474,0.5509641873278237,0.005509641873278237
2,0.0,0.0,0.09009009009009009,-0.3033033033033033,0.25825825825825827,-0.6006006006006006,0.3963963963963964,-0.8168168168168168,0.4924924924924925,-1.0,0.5825825825825826,-0.5465465465465466,0.8288288288288288,-0.44144144144144143,0.7387387387387387,-0.37537537537537535,0.5975975975975976,-0.37537537537537535,0.6306306306306306,-0.35735735735735735,0.8678678678678678,-0.27627627627627627,0.7687687687687688,-0.2222222222222222,0.6156156156156156,-0.21921921921921922,0.6486486486486487,-0.15315315315315314,0.8588588588588588,-0.0960960960960961,0.7627627627627628,-0.057057057057057055,0.6246246246246246,-0.06006006006006006,0.6366366366366366,0.03903903903903904,0.8078078078078078,0.03903903903903904,0.7087087087087087,0.03903903903903904,0.5915915915915916,0.03903903903903904
2,0.0,0.0,0.11912225705329153,-0.3072100313479624,0.3166144200626959,-0.6081504702194357,0.4702194357366771,-0.8213166144200627,0.5579937304075235,-1.0,0.6175548589341693,-0.54858934169279,0.8871473354231975,-0.41379310344827586,0.7962382445141066,-0.36363636363636365,0.6614420062695925,-0.3824451410658307,0.6520376175548589,-0.3605015673981191,0.9404388714733543,-0.2507836990595611,0.8338557993730408,-0.20376175548589343,0.677115987460815,-0.219435736677116,0.6614420062695925,-0.1536050156739812,0.9310344827586207,-0.06583072100313479,0.8244514106583072,-0.03761755485893417,0.6802507836990596,-0.050156739811912224,0.64576802507837,0.050156739811912224,0.8683385579937304,0.06583072100313479,0.7617554858934169,0.06583072100313479,0.6489028213166145,0.06583072100313479
2,0.0,0.0,0.16025641025641027,-0.27564102564102566,0.40064102564102566,-0.5641025641025641,0.5833333333333334,-0.7756410256410257,0.7147435897435898,-0.9647435897435898,0.6730769230769231,-0.5160256410256411,0.9775641025641025,-0.2724358974358974,0.8589743589743589,-0.23717948717948717,0.717948717948718,-0.2948717948717949,0.6698717948717948,-0.32051282051282054,1.0,-0.09935897435897435,0.8685897435897436,-0.08333333333333333,0.7147435897435898,-0.15064102564102563,0.6410256410256411,-0.11217948717948718,0.9455128205128205,0.07051282051282051,0.8269230769230769,0.07371794871794872,0.6891025641025641,0.009615384615384616,0.5993589743589743,0.09294871794871795,0.8237179487179487,0.1955128205128205,0.7211538461538461,0.1955128205128205,0.6089743589743589,0.14102564102564102
2,0.0,0.0,0.15625,-0.2875,0.40625,-0.56875,0.59375,-0.775,0.70625,-0.96875,0.634375,-0.565625,0.946875,-0.353125,0.85,-0.290625,0.715625,-0.328125,0.646875,-0.378125,1.0,-0.16875,0.871875,-0.128125,0.715625,-0.1875,0.6375,-0.1625,0.95625,0.015625,0.828125,0.0375,0.6875,-0.021875,0.603125,0.0625,0.8375,0.16875,0.7125,0.178125,0.59375,0.125
2,0.0,0.0,0.15217391304347827,-0.2981366459627329,0.38819875776397517,-0.5962732919254659,0.5559006211180124,-0.8105590062111802,0.6645962732919255,-1.0,0.6211180124223602,-0.5714285714285714,0.922360248447205,-0.40993788819875776,0.8385093167701864,-0.3385093167701863,0.7049689440993789,-0.35714285714285715,0.6459627329192547,-0.38198757763975155,0.968944099378882,-0.2391304347826087,0.8571428571428571,-0.18012422360248448,0.7080745341614907,-0.2080745341614907,0.6521739130434783,-0.16770186335403728,0.9409937888198758,-0.055900621118012424,0.8229813664596274,-0.015527950310559006,0.6770186335403726,-0.046583850931677016,0.6366459627329193,0.049689440993788817,0.8540372670807453,0.10559006211180125,0.7329192546583851,0.12422360248447205,0.6086956521739131,0.09627329192546584
2,0.0,0.0,0.15384615384615385,-0.30177514792899407,0.3727810650887574,-0.5946745562130178,0.5384615384615384,-0.8136094674556213,0.6242603550295858,-1.0,0.5650887573964497,-0.5502958579881657,0.8372781065088757,-0.46449704142011833,0.863905325443787,-0.3757396449704142,0.8195266272189349,-0.33727810650887574,0.6035502958579881,-0.3727810650887574,0.8846153846153846,-0.28106508875739644,0.8550295857988166,-0.20414201183431951,0.7662721893491125,-0.1893491124260355,0.6272189349112426,-0.16863905325443787,0.8846153846153846,-0.09171597633136094,0.8195266272189349,-0.03550295857988166,0.7041420118343196,-0.038461538461538464,0.6331360946745562,0.03550295857988166,0.834319526627219,0.0650887573964497,0.7514792899408284,0.08579881656804733,0.6479289940828402,0.07988165680473373
2,0.0,0.0,0.10826210826210826,-0.30484330484330485,0.2849002849002849,-0.6011396011396012,0.4301994301994302,-0.8176638176638177,0.5042735042735043,-1.0,0.5384615384615384,-0.5413105413105413,0.792022792022792,-0.43304843304843305,0.7150997150997151,-0.3789173789173789,0.603988603988604,-0.38746438746438744,0.5868945868945868,-0.35327635327635326,0.8233618233618234,-0.27635327635327633,0.7350427350427351,-0.2336182336182336,0.6096866096866097,-0.24216524216524216,0.6125356125356125,-0.14814814814814814,0.8262108262108262,-0.11396011396011396,0.7407407407407407,-0.08262108262108261,0.6182336182336182,-0.08262108262108261,0.6182336182336182,0.05128205128205128,0.7891737891737892,0.02849002849002849,0.7037037037037037,0.042735042735042736,0.603988603988604,0.042735042735042736
2,0.0,0.0,0.09770114942528736,-0.3103448275862069,0.25,-0.6063218390804598,0.3850574712643678,-0.8218390804597702,0.4511494252873563,-1.0,0.5229885057471264,-0.5086206896551724,0.75,-0.4425287356321839,0.6580459770114943,-0.3936781609195402,0.5545977011494253,-0.3936781609195402,0.5775862068965517,-0.3074712643678161,0.7873563218390804,-0.2988505747126437,0.7068965517241379,-0.27298850574712646,0.5948275862068966,-0.25862068965517243,0.603448275862069,-0.11494252873563218,0.7758620689655172,-0.14080459770114942,0.7011494252873564,-0.1206896551724138,0.5890804597701149,-0.10057471264367816,0.6063218390804598,0.06321839080459771,0.7270114942528736,0.0,0.6522988505747126,0.008620689655172414,0.5660919540229885,0.028735632183908046
2,0.0,0.0,0.0847953216374269,-0.31871345029239767,0.2309941520467836,-0.6052631578947368,0.3538011695906433,-0.8245614035087719,0.4064327485380117,-1.0,0.49122807017543857,-0.5058479532163743,0.7192982456140351,-0.47368421052631576,0.7105263157894737,-0.42105263157894735,0.6666666666666666,-0.39766081871345027,0.5614035087719298,-0.30701754385964913,0.7777777777777778,-0.3304093567251462,0.7397660818713451,-0.30409356725146197,0.652046783625731,-0.2807017543859649,0.5964912280701754,-0.12280701754385964,0.7807017543859649,-0.17543859649122806,0.7280701754385965,-0.16374269005847952,0.6257309941520468,-0.14327485380116958,0.6140350877192983,0.04678362573099415,0.7339181286549707,-0.043859649122807015,0.6754385964912281,-0.043859649122807015,0.5964912280701754,-0.023391812865497075
2,0.0,0.0,0.06528189910979229,-0.32344213649851633,0.18694362017804153,-0.6083086053412463,0.3115727002967359,-0.8219584569732937,0.37388724035608306,-1.0,0.5074183976261127,-0.5074183976261127,0.6735905044510386,-0.5044510385756676,0.56973293768546,-0.456973293768546,0.47774480712166173,-0.42729970326409494,0.5905044510385756,-0.3056379821958457,0.7566765578635015,-0.3649851632047478,0.6617210682492581,-0.34718100890207715,0.5459940652818991,-0.3056379821958457,0.6261127596439169,-0.12166172106824925,0.7388724035608308,-0.19881305637982197,0.6617210682492581,-0.17804154302670624,0.5519287833827893,-0.13649851632047477,0.6320474777448071,0.03857566765578635,0.6973293768545994,-0.03857566765578635,0.6201780415430267,-0.02967359050445104,0.543026706231454,0.002967359050445104
2,0.0,0.0,0.057926829268292686,-0.3231707317073171,0.14939024390243902,-0.600609756097561,0.2621951219512195,-0.8262195121951219,0.3323170731707317,-1.0,0.5060975609756098,-0.5091463414634146,0.676829268292683,-0.49390243902439024,0.5792682926829268,-0.4298780487804878,0.47865853658536583,-0.4024390243902439,0.5945121951219512,-0.3079268292682927,0.7560975609756098,-0.3445121951219512,0.6676829268292683,-0.31402439024390244,0.5487804878048781,-0.2865853658536585,0.6310975609756098,-0.12195121951219512,0.7469512195121951,-0.1676829268292683,0.6737804878048781,-0.14329268292682926,0.5609756097560976,-0.11280487804878049,0.6371951219512195,0.042682926829268296,0.7103658536585366,-0.006097560975609756,0.6310975609756098,0.006097560975609756,0.5457317073170732,0.027439024390243903
2,0.0,0.0,0.056716417910447764,-0.30149253731343284,0.1701492537313433,-0.5880597014925373,0.28059701492537314,-0.8208955223880597,0.34328358208955223,-1.0,0.5134328358208955,-0.48955223880597015,0.7014925373134329,-0.4835820895522388,0.6119402985074627,-0.4298507462686567,0.5014925373134328,-0.40298507462686567,0.5850746268656717,-0.29850746268656714,0.7402985074626866,-0.3253731343283582,0.6626865671641791,-0.29253731343283584,0.5462686567164179,-0.2626865671641791,0.6149253731343284,-0.11940298507462686,0.7402985074626866,-0.16417910447761194,0.6686567164179105,-0.13432835820895522,0.5611940298507463,-0.10746268656716418,0.6179104477611941,0.04776119402985075,0.7074626865671642,-0.011940298507462687,0.6328358208955224,0.005970149253731343,0.5432835820895522,0.029850746268656716
2,0.0,0.0,0.08463949843260188,-0.31347962382445144,0.22570532915360503,-0.6018808777429467,0.3573667711598746,-0.8244514106583072,0.45768025078369906,-1.0,0.5579937304075235,-0.5172413793103449,0.8025078369905956,-0.4670846394984326,0.7053291536050157,-0.4200626959247649,0.5768025078369906,-0.4169278996865204,0.6144200626959248,-0.3072100313479624,0.8401253918495298,-0.29780564263322884,0.7554858934169278,-0.26332288401253917,0.6238244514106583,-0.2507836990595611,0.6363636363636364,-0.109717868338558,0.8244514106583072,-0.12225705329153605,0.7398119122257053,-0.09404388714733543,0.6175548589341693,-0.07836990595611286,0.6363636363636364,0.07836990595611286,0.786833855799373,0.034482758620689655,0.6990595611285266,0.0438871473354232,0.5987460815047022,0.06269592476489028
2,0.0,0.0,0.11475409836065574,-0.3180327868852459,0.2983606557377049,-0.6196721311475409,0.4459016393442623,-0.8262295081967214,0.5573770491803278,-1.0,0.5868852459016394,-0.5081967213114754,0.8459016393442623,-0.4065573770491803,0.7901639344262295,-0.36721311475409835,0.6885245901639344,-0.3737704918032787,0.6131147540983607,-0.28852459016393445,0.898360655737705,-0.22295081967213115,0.8327868852459016,-0.19672131147540983,0.6983606557377049,-0.2,0.6131147540983607,-0.07540983606557378,0.8786885245901639,-0.03934426229508197,0.8,-0.022950819672131147,0.6721311475409836,-0.02622950819672131,0.6,0.12786885245901639,0.8163934426229508,0.11475409836065574,0.7311475409836066,0.11475409836065574,0.6262295081967213,0.11475409836065574
2,0.0,0.0,0.18333333333333332,-0.31,0.43333333333333335,-0.6,0.62,-0.8166666666666667,0.7533333333333333,-1.0,0.6966666666666667,-0.47,0.9833333333333333,-0.2966666666666667,0.8833333333333333,-0.27,0.74,-0.31666666666666665,0.7,-0.24333333333333335,0.99,-0.11666666666666667,0.8866666666666667,-0.1,0.7366666666666667,-0.13666666666666666,0.6733333333333333,-0.016666666666666666,0.9333333333333333,0.06666666666666667,0.8333333333333334,0.07666666666666666,0.6933333333333334,0.05,0.6333333333333333,0.19666666666666666,0.8366666666666667,0.22,0.7366666666666667,0.21666666666666667,0.6233333333333333,0.20333333333333334
2,0.0,0.0,0.20930232558139536,-0.3089700996677741,0.4883720930232558,-0.5913621262458472,0.7043189368770764,-0.7873754152823921,0.867109634551495,-0.9501661129568106,0.7641196013289037,-0.42857142857142855,0.9867109634551495,-0.22259136212624583,0.8737541528239202,-0.2059800664451827,0.7441860465116279,-0.2691029900332226,0.7475083056478405,-0.1893687707641196,1.0,-0.026578073089700997,0.8870431893687708,-0.026578073089700997,0.7408637873754153,-0.08970099667774087,0.6976744186046512,0.03986710963455149,0.9269102990033222,0.15946843853820597,0.8205980066445183,0.15282392026578073,0.6843853820598007,0.09634551495016612,0.6245847176079734,0.2558139534883721,0.7906976744186046,0.3089700996677741,0.6943521594684385,0.292358803986711,0.5913621262458472,0.24916943521594684
2,0.0,0.0,0.2222222222222222,-0.2908496732026144,0.5098039215686274,-0.5686274509803921,0.7254901960784313,-0.761437908496732,0.8921568627450981,-0.9215686274509803,0.7712418300653595,-0.4019607843137255,0.9967320261437909,-0.16013071895424835,0.8758169934640523,-0.1437908496732026,0.7418300653594772,-0.21241830065359477,0.7418300653594772,-0.16013071895424835,1.0,0.029411764705882353,0.8790849673202614,0.029411764705882353,0.7287581699346405,-0.0392156862745098,0.6830065359477124,0.0718954248366013,0.9150326797385621,0.20915032679738563,0.8006535947712419,0.19934640522875818,0.6633986928104575,0.14052287581699346,0.6045751633986928,0.28431372549019607,0.7712418300653595,0.3431372549019608,0.6699346405228758,0.32679738562091504,0.565359477124183,0.2875816993464052
2,0.0,0.0,0.22258064516129034,-0.3,0.5064516129032258,-0.5774193548387097,0.7290322580645161,-0.7709677419354839,0.8903225806451613,-0.9258064516129032,0.7806451612903226,-0.4129032258064516,1.0,-0.18064516129032257,0.8903225806451613,-0.15483870967741936,0.7612903225806451,-0.2161290322580645,0.7516129032258064,-0.18064516129032257,0.9903225806451613,0.012903225806451613,0.8709677419354839,0.01935483870967742,0.7290322580645161,-0.04516129032258064,0.6903225806451613,0.05161290322580645,0.9129032258064517,0.1967741935483871,0.8,0.19032258064516128,0.6645161290322581,0.12903225806451613,0.6064516129032258,0.267741935483871,0.7677419354838709,0.33548387096774196,0.6612903225806451,0.3161290322580645,0.5580645161290323,0.2709677419354839
2,0.0,0.0,0.20192307692307693,-0.3141025641025641,0.47435897435897434,-0.6025641025641025,0.6891025641025641,-0.8076923076923077,0.842948717948718,-0.9807692307692307,0.75,-0.46794871794871795,0.9967948717948718,-0.2532051282051282,0.8782051282051282,-0.22435897435897437,0.7435897435897436,-0.27884615384615385,0.7339743589743589,-0.23076923076923078,1.0,-0.060897435897435896,0.8782051282051282,-0.05128205128205128,0.7243589743589743,-0.10256410256410256,0.6923076923076923,0.003205128205128205,0.9455128205128205,0.125,0.8301282051282052,0.125,0.6826923076923077,0.08333333333333333,0.6314102564102564,0.22756410256410256,0.8301282051282052,0.266025641025641,0.7243589743589743,0.2532051282051282,0.6057692307692307,0.22756410256410256
2,0.0,0.0,0.13414634146341464,-0.32926829268292684,0.3231707317073171,-0.6189024390243902,0.5060975609756098,-0.8323170731707317,0.6432926829268293,-1.0,0.6341463414634146,-0.5182926829268293,0.8810975609756098,-0.4024390243902439,0.7774390243902439,-0.3475609756097561,0.6432926829268293,-0.3597560975609756,0.6737804878048781,-0.28353658536585363,0.9146341463414634,-0.21646341463414634,0.8140243902439024,-0.18597560975609756,0.6646341463414634,-0.1951219512195122,0.676829268292683,-0.057926829268292686,0.899390243902439,-0.027439024390243903,0.8048780487804879,-0.006097560975609756,0.6676829268292683,-0.003048780487804878,0.6585365853658537,0.15548780487804878,0.8384146341463414,0.13109756097560976,0.7469512195121951,0.13719512195121952,0.6341463414634146,0.14329268292682926
2,0.0,0.0,0.0967741935483871,-0.3255131964809384,0.26392961876832843,-0.6129032258064516,0.4310850439882698,-0.8299120234604106,0.5571847507331378,-1.0,0.5718475073313783,-0.533724340175953,0.8387096774193549,-0.4750733137829912,0.7419354838709677,-0.41348973607038125,0.6099706744868035,-0.40762463343108507,0.624633431085044,-0.31085043988269795,0.8709677419354839,-0.2844574780058651,0.7653958944281525,-0.2434017595307918,0.6217008797653959,-0.23460410557184752,0.6422287390029325,-0.09090909090909091,0.8504398826979472,-0.0967741935483871,0.7536656891495601,-0.06744868035190615,0.6187683284457478,-0.04985337243401759,0.6363636363636364,0.11436950146627566,0.8005865102639296,0.06451612903225806,0.7067448680351907,0.07624633431085044,0.6011730205278593,0.0967741935483871
2,0.0,0.0,0.0700280112044818,-0.31932773109243695,0.2184873949579832,-0.6078431372549019,0.36134453781512604,-0.8291316526610645,0.4565826330532213,-1.0,0.5294117647058824,-0.5238095238095238,0.7507002801120448,-0.48179271708683474,0.6554621848739496,-0.4341736694677871,0.5378151260504201,-0.4257703081232493,0.5882352941176471,-0.3277310924369748,0.7983193277310925,-0.3137254901960784,0.7030812324929971,-0.2801120448179272,0.5770308123249299,-0.25770308123249297,0.6106442577030813,-0.13725490196078433,0.7983193277310925,-0.14285714285714285,0.711484593837535,-0.11764705882352941,0.5910364145658263,-0.09523809523809523,0.6190476190476191,0.047619047619047616,0.7619047619047619,0.0056022408963585435,0.6778711484593838,0.014005602240896359,0.5854341736694678,0.036414565826330535
2,0.0,0.0,0.06442577030812324,-0.31092436974789917,0.20728291316526612,-0.5994397759103641,0.34173669467787116,-0.8207282913165266,0.41456582633053224,-1.0,0.5210084033613446,-0.5182072829131653,0.7394957983193278,-0.4733893557422969,0.6470588235294118,-0.42296918767507,0.5406162464985994,-0.41456582633053224,0.5770308123249299,-0.3333333333333333,0.7843137254901961,-0.32212885154061627,0.6946778711484594,-0.28291316526610644,0.5742296918767507,-0.26330532212885155,0.5994397759103641,-0.1484593837535014,0.7787114845938375,-0.15406162464985995,0.6946778711484594,-0.12324929971988796,0.5826330532212886,-0.10364145658263306,0.6050420168067226,0.03081232492997199,0.7450980392156863,-0.0056022408963585435,0.6610644257703081,0.008403361344537815,0.5686274509803921,0.028011204481792718
2,0.0,0.0,0.06552706552706553,-0.2934472934472934,0.20797720797720798,-0.5868945868945868,0.33618233618233617,-0.8176638176638177,0.39886039886039887,-1.0,0.5185185185185185,-0.5128205128205128,0.7578347578347578,-0.4757834757834758,0.6666666666666666,-0.42735042735042733,0.5527065527065527,-0.41595441595441596,0.5783475783475783,-0.32763532763532766,0.8062678062678063,-0.33048433048433046,0.717948717948718,-0.2905982905982906,0.5925925925925926,-0.2678062678062678,0.6096866096866097,-0.14245014245014245,0.8062678062678063,-0.16524216524216523,0.7236467236467237,-0.1339031339031339,0.6068376068376068,-0.10826210826210826,0.6210826210826211,0.03418803418803419,0.7806267806267806,-0.014245014245014245,0.698005698005698,0.0,0.603988603988604,0.022792022792022793
2,0.0,0.0,0.059322033898305086,-0.2937853107344633,0.192090395480226,-0.5903954802259888,0.2909604519774011,-0.8220338983050848,0.3418079096045198,-1.0,0.4774011299435028,-0.5706214689265536,0.7203389830508474,-0.5169491525423728,0.6610169491525424,-0.4293785310734463,0.5649717514124294,-0.403954802259887,0.5508474576271186,-0.4011299435028249,0.7796610169491526,-0.3757062146892655,0.7090395480225988,-0.3050847457627119,0.5903954802259888,-0.2768361581920904,0.6016949152542372,-0.2231638418079096,0.7909604519774012,-0.211864406779661,0.7175141242937854,-0.1497175141242938,0.6045197740112994,-0.1271186440677966,0.6271186440677966,-0.03672316384180791,0.7655367231638418,-0.05367231638418079,0.6864406779661016,-0.01977401129943503,0.5932203389830508,0.0
2,0.0,0.0,0.03142857142857143,-0.30857142857142855,0.12285714285714286,-0.5914285714285714,0.21142857142857144,-0.82,0.23142857142857143,-1.0,0.39714285714285713,-0.5542857142857143,0.6428571428571429,-0.5457142857142857,0.5885714285714285,-0.48,0.49142857142857144,-0.4514285714285714,0.4857142857142857,-0.3742857142857143,0.7085714285714285,-0.4114285714285714,0.6428571428571429,-0.36857142857142855,0.5285714285714286,-0.3314285714285714,0.5457142857142857,-0.19714285714285715,0.7314285714285714,-0.25142857142857145,0.6657142857142857,-0.21714285714285714,0.5571428571428572,-0.18285714285714286,0.5828571428571429,-0.025714285714285714,0.7114285714285714,-0.1,0.64,-0.08,0.5514285714285714,-0.045714285714285714
2,0.0,0.0,0.01749271137026239,-0.3032069970845481,0.09912536443148688,-0.5947521865889213,0.18075801749271136,-0.8192419825072886,0.20116618075801748,-1.0,0.37026239067055394,-0.577259475218659,0.6151603498542274,-0.5830903790087464,0.5451895043731778,-0.521865889212828,0.43731778425655976,-0.4897959183673469,0.47230320699708456,-0.40233236151603496,0.6880466472303207,-0.4577259475218659,0.6209912536443148,-0.4139941690962099,0.5102040816326531,-0.37026239067055394,0.5481049562682215,-0.2303206997084548,0.7317784256559767,-0.3032069970845481,0.6618075801749271,-0.26822157434402333,0.5568513119533528,-0.22157434402332363,0.597667638483965,-0.061224489795918366,0.7317784256559767,-0.16326530612244897,0.6588921282798834,-0.13702623906705538,0.5743440233236151,-0.09037900874635568
2,0.0,0.0,-0.022598870056497175,-0.2966101694915254,0.03389830508474576,-0.6016949152542372,0.0903954802259887,-0.827683615819209,0.09322033898305085,-1.0,0.2853107344632768,-0.5903954802259888,0.5282485875706214,-0.6073446327683616,0.4745762711864407,-0.53954802259887,0.384180790960452,-0.5056497175141242,0.3926553672316384,-0.4293785310734463,0.615819209039548,-0.4887005649717514,0.556497175141243,-0.4378531073446328,0.4519774011299435,-0.3954802259887006,0.4717514124293785,-0.2655367231638418,0.652542372881356,-0.3389830508474576,0.596045197740113,-0.2994350282485876,0.5,-0.2542372881355932,0.5310734463276836,-0.10734463276836158,0.6610169491525424,-0.2062146892655367,0.5988700564971752,-0.17796610169491525,0.5225988700564972,-0.1327683615819209
2,0.0,0.0,0.014005602240896359,-0.2913165266106443,0.10364145658263306,-0.6022408963585434,0.16806722689075632,-0.8291316526610645,0.15966386554621848,-1.0,0.34173669467787116,-0.5882352941176471,0.5966386554621849,-0.5630252100840336,0.5406162464985994,-0.5070028011204482,0.43977591036414565,-0.48739495798319327,0.4341736694677871,-0.42857142857142855,0.6694677871148459,-0.4481792717086835,0.6050420168067226,-0.4005602240896359,0.4957983193277311,-0.3697478991596639,0.5042016806722689,-0.25770308123249297,0.7002801120448179,-0.3025210084033613,0.6358543417366946,-0.26330532212885155,0.5322128851540616,-0.22969187675070027,0.5518207282913166,-0.0896358543417367,0.6918767507002801,-0.16246498599439776,0.6246498599439776,-0.13445378151260504,0.5406162464985994,-0.10644257703081232
2,0.0,0.0,0.05965909090909091,-0.30113636363636365,0.17897727272727273,-0.6022727272727273,0.2727272727272727,-0.8267045454545454,0.2897727272727273,-1.0,0.42329545454545453,-0.5653409090909091,0.6704545454545454,-0.5142045454545454,0.5994318181818182,-0.45170454545454547,0.48579545454545453,-0.4403409090909091,0.5,-0.39488636363636365,0.7386363636363636,-0.3806818181818182,0.6676136363636364,-0.32670454545454547,0.5482954545454546,-0.30113636363636365,0.5539772727272727,-0.21306818181818182,0.7613636363636364,-0.23011363636363635,0.6818181818181818,-0.1875,0.5681818181818182,-0.1590909090909091,0.5852272727272727,-0.036931818181818184,0.7386363636363636,-0.08806818181818182,0.6534090909090909,-0.056818181818181816,0.5596590909090909,-0.03409090909090909
2,0.0,0.0,0.08882521489971347,-0.30945558739255014,0.23209169054441262,-0.6045845272206304,0.3524355300859599,-0.8252148997134671,0.41260744985673353,-1.0,0.4699140401146132,-0.5587392550143266,0.7220630372492837,-0.4813753581661891,0.673352435530086,-0.42406876790830944,0.5702005730659025,-0.42406876790830944,0.5329512893982808,-0.37822349570200575,0.7736389684813754,-0.32951289398280803,0.7106017191977078,-0.27793696275071633,0.5959885386819485,-0.2664756446991404,0.5730659025787965,-0.18624641833810887,0.7908309455587392,-0.17191977077363896,0.7163323782234957,-0.1318051575931232,0.5988538681948424,-0.1174785100286533,0.5959885386819485,0.0028653295128939827,0.7564469914040115,-0.02865329512893983,0.673352435530086,-0.0057306590257879654,0.5787965616045845,0.0057306590257879654
2,0.0,0.0,0.11799410029498525,-0.30973451327433627,0.2831858407079646,-0.6017699115044248,0.4306784660766962,-0.8200589970501475,0.5221238938053098,-1.0,0.5309734513274337,-0.5457227138643068,0.775811209439528,-0.44542772861356933,0.7138643067846607,-0.3893805309734513,0.6076696165191741,-0.39823008849557523,0.584070796460177,-0.35398230088495575,0.8259587020648967,-0.27728613569321536,0.7551622418879056,-0.23008849557522124,0.6342182890855457,-0.23008849557522124,0.6135693215339233,-0.1504424778761062,0.8289085545722714,-0.10914454277286136,0.7492625368731564,-0.07374631268436578,0.6283185840707964,-0.07374631268436578,0.6224188790560472,0.0471976401179941,0.7846607669616519,0.035398230088495575,0.696165191740413,0.05014749262536873,0.5958702064896755,0.05014749262536873
2,0.0,0.0,0.1345565749235474,-0.3119266055045872,0.3241590214067278,-0.6024464831804281,0.4923547400611621,-0.8165137614678899,0.6055045871559633,-1.0,0.6024464831804281,-0.5351681957186545,0.8470948012232415,-0.40061162079510704,0.7522935779816514,-0.3516819571865443,0.6269113149847095,-0.3761467889908257,0.636085626911315,-0.3333333333333333,0.8776758409785933,-0.21406727828746178,0.7767584097859327,-0.18042813455657492,0.6422018348623854,-0.2018348623853211,0.6391437308868502,-0.12232415902140673,0.8623853211009175,-0.03669724770642202,0.7553516819571865,-0.01529051987767584,0.6269113149847095,-0.03058103975535168,0.6207951070336392,0.08256880733944955,0.7981651376146789,0.11009174311926606,0.691131498470948,0.1162079510703364,0.581039755351682,0.10397553516819572
2,0.0,0.0,0.15822784810126583,-0.31645569620253167,0.37658227848101267,-0.6139240506329114,0.569620253164557,-0.819620253164557,0.7088607594936709,-1.0,0.6424050632911392,-0.5221518987341772,0.9050632911392406,-0.3860759493670886,0.8259493670886076,-0.3227848101265823,0.6962025316455697,-0.33860759493670883,0.6740506329113924,-0.31329113924050633,0.9335443037974683,-0.18670886075949367,0.8386075949367089,-0.14556962025316456,0.6993670886075949,-0.17088607594936708,0.6772151898734177,-0.08860759493670886,0.9145569620253164,0.0031645569620253164,0.810126582278481,0.03164556962025317,0.6708860759493671,0.015822784810126583,0.6582278481012658,0.12658227848101267,0.8512658227848101,0.16139240506329114,0.7436708860759493,0.17088607594936708,0.629746835443038,0.15822784810126583
2,0.0,0.0,0.14153846153846153,-0.32,0.3476923076923077,-0.6153846153846154,0.5415384615384615,-0.8184615384615385,0.6676923076923077,-1.0,0.6030769230769231,-0.5476923076923077,0.8676923076923077,-0.40923076923076923,0.7815384615384615,-0.3569230769230769,0.6492307692307693,-0.38769230769230767,0.64,-0.3292307692307692,0.9015384615384615,-0.22153846153846155,0.8092307692307692,-0.1753846153846154,0.6676923076923077,-0.19692307692307692,0.6553846153846153,-0.10461538461538461,0.8892307692307693,-0.018461538461538463,0.7907692307692308,0.009230769230769232,0.6523076923076923,-0.009230769230769232,0.6461538461538462,0.11076923076923077,0.8307692307692308,0.14153846153846153,0.7261538461538461,0.15384615384615385,0.6123076923076923,0.14461538461538462
2,0.0,0.0,0.12424242424242424,-0.3090909090909091,0.31212121212121213,-0.6090909090909091,0.49393939393939396,-0.8181818181818182,0.6212121212121212,-1.0,0.6242424242424243,-0.5363636363636364,0.8606060606060606,-0.403030303030303,0.7484848484848485,-0.33636363636363636,0.6090909090909091,-0.3515151515151515,0.6727272727272727,-0.30606060606060603,0.8818181818181818,-0.19393939393939394,0.7727272727272727,-0.14545454545454545,0.6333333333333333,-0.1606060606060606,0.6848484848484848,-0.07575757575757576,0.8606060606060606,0.006060606060606061,0.7545454545454545,0.030303030303030304,0.6181818181818182,0.015151515151515152,0.6666666666666666,0.1393939393939394,0.7909090909090909,0.17575757575757575,0.6787878787878788,0.18787878787878787,0.5696969696969697,0.1787878787878788
2,0.0,0.0,0.12571428571428572,-0.30857142857142855,0.32285714285714284,-0.6085714285714285,0.49714285714285716,-0.8228571428571428,0.6228571428571429,-1.0,0.6457142857142857,-0.5285714285714286,0.8514285714285714,-0.38,0.7285714285714285,-0.32285714285714284,0.5914285714285714,-0.3485714285714286,0.6914285714285714,-0.2885714285714286,0.9,-0.19714285714285715,0.7828571428571428,-0.15142857142857144,0.6342857142857142,-0.16,0.7028571428571428,-0.05714285714285714,0.8885714285714286,0.0,0.78,0.025714285714285714,0.6428571428571429,0.017142857142857144,0.68,0.15428571428571428,0.8171428571428572,0.16,0.7142857142857143,0.17142857142857143,0.6085714285714285,0.1657142857142857
2,0.0,0.0,0.13505747126436782,-0.3074712643678161,0.32471264367816094,-0.603448275862069,0.47988505747126436,-0.8218390804597702,0.5890804597701149,-1.0,0.6206896551724138,-0.5172413793103449,0.8591954022988506,-0.4166666666666667,0.7586206896551724,-0.367816091954023,0.6350574712643678,-0.382183908045977,0.6551724137931034,-0.3132183908045977,0.8879310344827587,-0.23275862068965517,0.7873563218390804,-0.19827586206896552,0.646551724137931,-0.20402298850574713,0.6637931034482759,-0.10057471264367816,0.8706896551724138,-0.040229885057471264,0.7729885057471264,-0.017241379310344827,0.6379310344827587,-0.022988505747126436,0.6494252873563219,0.10344827586206896,0.8045977011494253,0.12931034482758622,0.7097701149425287,0.13218390804597702,0.6063218390804598,0.1235632183908046
2,0.0,0.0,0.11572700296735905,-0.3026706231454006,0.28486646884273,-0.5964391691394659,0.4332344213649852,-0.8189910979228486,0.5103857566765578,-1.0,0.6112759643916914,-0.5192878338278932,0.8456973293768546,-0.41543026706231456,0.7418397626112759,-0.3590504451038576,0.6201780415430267,-0.36795252225519287,0.658753709198813,-0.314540059347181,0.857566765578635,-0.24925816023738873,0.7655786350148368,-0.21364985163204747,0.6350148367952523,-0.2166172106824926,0.6735905044510386,-0.10979228486646884,0.827893175074184,-0.06824925816023739,0.7418397626112759,-0.04451038575667656,0.6142433234421365,-0.04451038575667656,0.6646884272997032,0.08605341246290801,0.7774480712166172,0.09495548961424333,0.685459940652819,0.10089020771513353,0.5875370919881305,0.09792284866468842
2,0.0,0.0,0.0975609756097561,-0.3231707317073171,0.24390243902439024,-0.6036585365853658,0.375,-0.823170731707317,0.4481707317073171,-1.0,0.5609756097560976,-0.551829268292683,0.7896341463414634,-0.49390243902439024,0.6859756097560976,-0.4420731707317073,0.5762195121951219,-0.4420731707317073,0.6189024390243902,-0.3475609756097561,0.8170731707317073,-0.3323170731707317,0.7195121951219512,-0.3048780487804878,0.5975609756097561,-0.28353658536585363,0.6432926829268293,-0.14634146341463414,0.7926829268292683,-0.15853658536585366,0.7103658536585366,-0.13719512195121952,0.5884146341463414,-0.11280487804878049,0.6463414634146342,0.039634146341463415,0.7530487804878049,0.0,0.6707317073170732,0.009146341463414634,0.5823170731707317,0.027439024390243903
2,0.0,0.0,0.10423452768729642,-0.30944625407166126,0.247557003257329,-0.5960912052117264,0.3745928338762215,-0.8175895765472313,0.4495114006514658,-1.0,0.5732899022801303,-0.5570032573289903,0.7915309446254072,-0.4560260586319218,0.7003257328990228,-0.3941368078175896,0.5895765472312704,-0.3973941368078176,0.6351791530944625,-0.36482084690553745,0.8273615635179153,-0.30618892508143325,0.7361563517915309,-0.2671009771986971,0.6123778501628665,-0.25732899022801303,0.6644951140065146,-0.16938110749185667,0.8143322475570033,-0.14006514657980457,0.7361563517915309,-0.11400651465798045,0.6188925081433225,-0.10423452768729642,0.6742671009771987,0.013029315960912053,0.7785016286644951,0.009771986970684038,0.6970684039087948,0.02280130293159609,0.6058631921824105,0.029315960912052116
2,0.0,0.0,0.08469055374592833,-0.30293159609120524,0.23452768729641693,-0.6026058631921825,0.3485342019543974,-0.8241042345276873,0.40716612377850164,-1.0,0.48859934853420195,-0.5570032573289903,0.7361563517915309,-0.48859934853420195,0.6644951140065146,-0.4201954397394137,0.5602605863192183,-0.40716612377850164,0.5504885993485342,-0.39087947882736157,0.7850162866449512,-0.3550488599348534,0.7035830618892508,-0.30618892508143325,0.5798045602605864,-0.2899022801302932,0.5928338762214984,-0.20846905537459284,0.7882736156351792,-0.21172638436482086,0.7133550488599348,-0.17263843648208468,0.5993485342019544,-0.1498371335504886,0.6188925081433225,-0.035830618892508145,0.762214983713355,-0.0781758957654723,0.6872964169381107,-0.05211726384364821,0.5993485342019544,-0.029315960912052116
2,0.0,0.0,0.06802721088435375,-0.30952380952380953,0.1836734693877551,-0.608843537414966,0.2891156462585034,-0.8299319727891157,0.35714285714285715,-1.0,0.42857142857142855,-0.5918367346938775,0.6836734693877551,-0.5102040816326531,0.6666666666666666,-0.43537414965986393,0.608843537414966,-0.41156462585034015,0.4897959183673469,-0.4217687074829932,0.7482993197278912,-0.3707482993197279,0.7040816326530612,-0.3129251700680272,0.608843537414966,-0.29591836734693877,0.5340136054421769,-0.24149659863945577,0.7517006802721088,-0.22448979591836735,0.6870748299319728,-0.17687074829931973,0.5850340136054422,-0.1598639455782313,0.5612244897959183,-0.061224489795918366,0.7244897959183674,-0.09183673469387756,0.6496598639455783,-0.061224489795918366,0.5612244897959183,-0.047619047619047616
2,0.0,0.0,0.05357142857142857,-0.30357142857142855,0.16071428571428573,-0.6035714285714285,0.2571428571428571,-0.825,0.31785714285714284,-1.0,0.39285714285714285,-0.5607142857142857,0.6357142857142857,-0.5071428571428571,0.6285714285714286,-0.45,0.5785714285714286,-0.425,0.45714285714285713,-0.3892857142857143,0.7107142857142857,-0.375,0.6964285714285714,-0.32857142857142857,0.625,-0.30714285714285716,0.5071428571428571,-0.20714285714285716,0.7214285714285714,-0.225,0.6714285714285714,-0.18214285714285713,0.5785714285714286,-0.16785714285714284,0.5392857142857143,-0.03214285714285714,0.7035714285714286,-0.08571428571428572,0.6357142857142857,-0.060714285714285714,0.55,-0.05
2,0.0,0.0,0.040740740740740744,-0.3037037037037037,0.12962962962962962,-0.6037037037037037,0.21851851851851853,-0.8296296296296296,0.27037037037037037,-1.0,0.3962962962962963,-0.5666666666666667,0.6370370370370371,-0.5074074074074074,0.5925925925925926,-0.44814814814814813,0.5074074074074074,-0.42962962962962964,0.4666666666666667,-0.3925925925925926,0.7037037037037037,-0.37037037037037035,0.6518518518518519,-0.31851851851851853,0.5481481481481482,-0.3,0.5148148148148148,-0.21481481481481482,0.7148148148148148,-0.21851851851851853,0.6481481481481481,-0.17777777777777778,0.5444444444444444,-0.16296296296296298,0.5444444444444444,-0.040740740740740744,0.6962962962962963,-0.08518518518518518,0.6185185185185185,-0.05925925925925926,0.5296296296296297,-0.04814814814814815
2,0.0,0.0,0.010714285714285714,-0.2892857142857143,0.06785714285714285,-0.6035714285714285,0.11785714285714285,-0.8357142857142857,0.14642857142857144,-1.0,0.2892857142857143,-0.5785714285714286,0.55,-0.5785714285714286,0.48928571428571427,-0.5214285714285715,0.4,-0.48928571428571427,0.37142857142857144,-0.41785714285714287,0.6142857142857143,-0.475,0.5571428571428572,-0.43214285714285716,0.4607142857142857,-0.3892857142857143,0.44642857142857145,-0.2571428571428571,0.6357142857142857,-0.325,0.575,-0.2892857142857143,0.48214285714285715,-0.24642857142857144,0.5071428571428571,-0.10357142857142858,0.6357142857142857,-0.19285714285714287,0.5714285714285714,-0.16785714285714284,0.5,-0.12857142857142856
2,0.0,0.0,0.011111111111111112,-0.29259259259259257,0.07407407407407407,-0.6,0.12222222222222222,-0.825925925925926,0.14444444444444443,-1.0,0.3074074074074074,-0.5814814814814815,0.5740740740740741,-0.5666666666666667,0.4962962962962963,-0.5111111111111111,0.3888888888888889,-0.48518518518518516,0.3925925925925926,-0.4185185185185185,0.6518518518518519,-0.46296296296296297,0.5740740740740741,-0.4185185185185185,0.46296296296296297,-0.37777777777777777,0.4666666666666667,-0.2518518518518518,0.6703703703703704,-0.32592592592592595,0.5925925925925926,-0.2851851851851852,0.4962962962962963,-0.24814814814814815,0.5185185185185185,-0.0962962962962963,0.6666666666666666,-0.18888888888888888,0.5925925925925926,-0.15925925925925927,0.5111111111111111,-0.12222222222222222
2,0.0,0.0,0.01532567049808429,-0.2835249042145594,0.07662835249042145,-0.5938697318007663,0.12260536398467432,-0.8275862068965517,0.12260536398467432,-1.0,0.30268199233716475,-0.5938697318007663,0.578544061302682,-0.5593869731800766,0.5057471264367817,-0.48659003831417624,0.40229885057471265,-0.46360153256704983,0.3831417624521073,-0.4329501915708812,0.6475095785440613,-0.4367816091954023,0.5747126436781609,-0.3793103448275862,0.46360153256704983,-0.3524904214559387,0.4521072796934866,-0.2681992337164751,0.6666666666666666,-0.2950191570881226,0.5977011494252874,-0.24904214559386972,0.4942528735632184,-0.2260536398467433,0.5095785440613027,-0.10727969348659004,0.6590038314176245,-0.1724137931034483,0.5900383141762452,-0.13409961685823754,0.5095785440613027,-0.1111111111111111
2,0.0,0.0,0.007905138339920948,-0.2964426877470356,0.05138339920948617,-0.5968379446640316,0.08695652173913043,-0.8300395256916996,0.09881422924901186,-1.0,0.28063241106719367,-0.5849802371541502,0.5454545454545454,-0.5770750988142292,0.4782608695652174,-0.5138339920948617,0.3794466403162055,-0.48221343873517786,0.37549407114624506,-0.4189723320158103,0.616600790513834,-0.4624505928853755,0.5533596837944664,-0.41106719367588934,0.4505928853754941,-0.37549407114624506,0.45454545454545453,-0.25296442687747034,0.6600790513833992,-0.3201581027667984,0.5968379446640316,-0.28063241106719367,0.4980237154150198,-0.2450592885375494,0.5138339920948617,-0.09881422924901186,0.6600790513833992,-0.19367588932806323,0.5928853754940712,-0.16205533596837945,0.5177865612648221,-0.1225296442687747
2,0.0,0.0,0.0,-0.2992125984251969,0.03543307086614173,-0.6023622047244095,0.07874015748031496,-0.8307086614173228,0.09448818897637795,-1.0,0.25984251968503935,-0.5866141732283464,0.5196850393700787,-0.594488188976378,0.44881889763779526,-0.5354330708661418,0.35039370078740156,-0.5078740157480315,0.35826771653543305,-0.4251968503937008,0.5984251968503937,-0.484251968503937,0.531496062992126,-0.4330708661417323,0.42913385826771655,-0.3937007874015748,0.43700787401574803,-0.2637795275590551,0.6338582677165354,-0.33858267716535434,0.5708661417322834,-0.2952755905511811,0.47244094488188976,-0.2559055118110236,0.5,-0.11023622047244094,0.6299212598425197,-0.2047244094488189,0.562992125984252,-0.1732283464566929,0.4881889763779528,-0.13385826771653545
2,0.0,0.0,0.028455284552845527,-0.3008130081300813,0.08943089430894309,-0.6016260162601627,0.14227642276422764,-0.8333333333333334,0.16666666666666666,-1.0,0.3089430894308943,-0.5934959349593496,0.556910569105691,-0.5528455284552846,0.4796747967479675,-0.483739837398374,0.3699186991869919,-0.4715447154471545,0.4024390243902439,-0.4268292682926829,0.6382113821138211,-0.43902439024390244,0.5650406504065041,-0.3861788617886179,0.45528455284552843,-0.35365853658536583,0.47560975609756095,-0.2601626016260163,0.6829268292682927,-0.3008130081300813,0.6097560975609756,-0.25609756097560976,0.5040650406504065,-0.22357723577235772,0.532520325203252,-0.0975609756097561,0.6788617886178862,-0.17073170731707318,0.6056910569105691,-0.13414634146341464,0.516260162601626,-0.10569105691056911
2,0.0,0.0,0.049586776859504134,-0.2975206611570248,0.1487603305785124,-0.5991735537190083,0.22727272727272727,-0.8181818181818182,0.2603305785123967,-1.0,0.359504132231405,-0.5661157024793388,0.6157024793388429,-0.5041322314049587,0.5330578512396694,-0.44214876033057854,0.41735537190082644,-0.4256198347107438,0.4256198347107438,-0.3925619834710744,0.6859504132231405,-0.3760330578512397,0.6033057851239669,-0.32644628099173556,0.4793388429752066,-0.2975206611570248,0.47520661157024796,-0.21487603305785125,0.7272727272727273,-0.22727272727272727,0.6446280991735537,-0.19421487603305784,0.5247933884297521,-0.1652892561983471,0.512396694214876,-0.04132231404958678,0.7066115702479339,-0.09504132231404959,0.6239669421487604,-0.0743801652892562,0.5206611570247934,-0.05785123966942149
2,0.0,0.0,0.07894736842105263,-0.3026315789473684,0.20614035087719298,-0.6008771929824561,0.3157894736842105,-0.8201754385964912,0.3815789473684211,-1.0,0.44298245614035087,-0.5701754385964912,0.7105263157894737,-0.47368421052631576,0.6359649122807017,-0.40789473684210525,0.5219298245614035,-0.40350877192982454,0.49122807017543857,-0.39035087719298245,0.7675438596491229,-0.3201754385964912,0.6929824561403509,-0.2719298245614035,0.5614035087719298,-0.2675438596491228,0.5263157894736842,-0.20175438596491227,0.7807017543859649,-0.17105263157894737,0.6973684210526315,-0.13596491228070176,0.5745614035087719,-0.13157894736842105,0.5482456140350878,-0.008771929824561403,0.75,-0.03508771929824561,0.6622807017543859,-0.008771929824561403,0.5526315789473685,-0.008771929824561403
2,0.0,0.0,0.08035714285714286,-0.30357142857142855,0.23214285714285715,-0.6116071428571429,0.3705357142857143,-0.8214285714285714,0.45535714285714285,-1.0,0.4732142857142857,-0.5401785714285714,0.7589285714285714,-0.41517857142857145,0.6741071428571429,-0.3705357142857143,0.5535714285714286,-0.3794642857142857,0.5044642857142857,-0.34375,0.8080357142857143,-0.26339285714285715,0.7142857142857143,-0.22767857142857142,0.5714285714285714,-0.23214285714285715,0.5267857142857143,-0.14732142857142858,0.7946428571428571,-0.11160714285714286,0.6964285714285714,-0.08928571428571429,0.5714285714285714,-0.09375,0.5357142857142857,0.044642857142857144,0.7455357142857143,0.022321428571428572,0.6517857142857143,0.03571428571428571,0.5446428571428571,0.03571428571428571
2,0.0,0.0,0.1004566210045662,-0.3105022831050228,0.273972602739726,-0.6164383561643836,0.4155251141552511,-0.8264840182648402,0.5068493150684932,-1.0,0.4931506849315068,-0.5251141552511416,0.7671232876712328,-0.4063926940639269,0.6894977168949772,-0.3561643835616438,0.5844748858447488,-0.3607305936073059,0.5205479452054794,-0.319634703196347,0.8082191780821918,-0.2420091324200913,0.726027397260274,-0.2054794520547945,0.5981735159817352,-0.2100456621004566,0.5342465753424658,-0.1141552511415525,0.7990867579908676,-0.0867579908675799,0.7123287671232876,-0.0639269406392694,0.589041095890411,-0.0684931506849315,0.5388127853881278,0.0821917808219178,0.7534246575342466,0.0502283105022831,0.6621004566210046,0.0639269406392694,0.5570776255707762,0.0639269406392694
2,0.0,0.0,0.13270142180094788,-0.3080568720379147,0.32701421800947866,-0.6066350710900474,0.4786729857819905,-0.8199052132701422,0.5687203791469194,-1.0,0.5308056872037915,-0.5213270142180095,0.8151658767772512,-0.3933649289099526,0.7298578199052133,-0.3412322274881517,0.6161137440758294,-0.35071090047393366,0.5450236966824644,-0.3127962085308057,0.8530805687203792,-0.21800947867298578,0.7582938388625592,-0.1848341232227488,0.6208530805687204,-0.1990521327014218,0.5497630331753555,-0.10426540284360189,0.8388625592417062,-0.052132701421800945,0.7440758293838863,-0.037914691943127965,0.6113744075829384,-0.052132701421800945,0.5402843601895735,0.09004739336492891,0.7819905213270142,0.08530805687203792,0.6872037914691943,0.08530805687203792,0.5734597156398105,0.07109004739336493
2,0.0,0.0,0.102803738317757,-0.308411214953271,0.2757009345794392,-0.6074766355140186,0.4158878504672897,-0.822429906542056,0.4953271028037383,-1.0,0.48598130841121495,-0.5373831775700935,0.7570093457943925,-0.4205607476635514,0.6962616822429907,-0.3644859813084112,0.5981308411214953,-0.3644859813084112,0.514018691588785,-0.3317757009345794,0.8177570093457944,-0.2523364485981308,0.7336448598130841,-0.21962616822429906,0.5981308411214953,-0.22429906542056074,0.5327102803738317,-0.1261682242990654,0.8084112149532711,-0.09345794392523364,0.719626168224299,-0.06542056074766354,0.5887850467289719,-0.07009345794392523,0.5327102803738317,0.07009345794392523,0.7570093457943925,0.04205607476635514,0.6635514018691588,0.06074766355140187,0.5514018691588785,0.06542056074766354
2,0.0,0.0,0.0752212389380531,-0.3008849557522124,0.22123893805309736,-0.6061946902654868,0.336283185840708,-0.8230088495575221,0.39823008849557523,-1.0,0.4424778761061947,-0.5575221238938053,0.6902654867256637,-0.4424778761061947,0.5973451327433629,-0.3893805309734513,0.4823008849557522,-0.3938053097345133,0.48672566371681414,-0.3672566371681416,0.7477876106194691,-0.2920353982300885,0.6460176991150443,-0.24778761061946902,0.5176991150442478,-0.24336283185840707,0.5132743362831859,-0.17699115044247787,0.7610619469026548,-0.13716814159292035,0.6637168141592921,-0.10619469026548672,0.5353982300884956,-0.10176991150442478,0.5309734513274337,0.01327433628318584,0.7256637168141593,-0.008849557522123894,0.6283185840707964,0.008849557522123894,0.5221238938053098,0.017699115044247787
2,0.0,0.0,0.06493506493506493,-0.30303030303030304,0.18181818181818182,-0.6017316017316018,0.2857142857142857,-0.8225108225108225,0.3333333333333333,-1.0,0.4155844155844156,-0.5670995670995671,0.6753246753246753,-0.4935064935064935,0.5930735930735931,-0.44155844155844154,0.48484848484848486,-0.43722943722943725,0.47619047619047616,-0.38961038961038963,0.7316017316017316,-0.3593073593073593,0.6406926406926406,-0.3116883116883117,0.5151515151515151,-0.2987012987012987,0.5194805194805194,-0.20346320346320346,0.7445887445887446,-0.21212121212121213,0.6623376623376623,-0.16883116883116883,0.5454545454545454,-0.15584415584415584,0.5541125541125541,-0.021645021645021644,0.7272727272727273,-0.08225108225108226,0.6406926406926406,-0.047619047619047616,0.5497835497835498,-0.021645021645021644
2,0.0,0.0,0.06550218340611354,-0.30131004366812225,0.17903930131004367,-0.6026200873362445,0.2794759825327511,-0.8253275109170306,0.3406113537117904,-1.0,0.4192139737991266,-0.5589519650655022,0.6768558951965066,-0.49344978165938863,0.5938864628820961,-0.4410480349344978,0.48034934497816595,-0.4410480349344978,0.4759825327510917,-0.37554585152838427,0.7292576419213974,-0.35807860262008734,0.6462882096069869,-0.31004366812227074,0.5240174672489083,-0.29694323144104806,0.5240174672489083,-0.19213973799126638,0.7467248908296943,-0.2052401746724891,0.6637554585152838,-0.16593886462882096,0.5502183406113537,-0.14847161572052403,0.5545851528384279,-0.008733624454148471,0.7248908296943232,-0.07423580786026202,0.6419213973799127,-0.043668122270742356,0.5545851528384279,-0.021834061135371178
2,0.0,0.0,0.02066115702479339,-0.29338842975206614,0.09504132231404959,-0.5950413223140496,0.16115702479338842,-0.8264462809917356,0.19421487603305784,-1.0,0.3181818181818182,-0.5826446280991735,0.5785123966942148,-0.5454545454545454,0.49586776859504134,-0.4793388429752066,0.3884297520661157,-0.4628099173553719,0.39669421487603307,-0.4132231404958678,0.6528925619834711,-0.4297520661157025,0.5661157024793388,-0.3677685950413223,0.44214876033057854,-0.3347107438016529,0.4669421487603306,-0.2396694214876033,0.6694214876033058,-0.2809917355371901,0.5909090909090909,-0.22727272727272727,0.4834710743801653,-0.19008264462809918,0.5247933884297521,-0.0743801652892562,0.6776859504132231,-0.16115702479338842,0.6033057851239669,-0.11570247933884298,0.5206611570247934,-0.07851239669421488
2,0.0,0.0,0.016877637130801686,-0.2911392405063291,0.08438818565400844,-0.5907172995780591,0.13924050632911392,-0.8227848101265823,0.15611814345991562,-1.0,0.3080168776371308,-0.5949367088607594,0.5822784810126582,-0.5780590717299579,0.5147679324894515,-0.510548523206751,0.4092827004219409,-0.4810126582278481,0.3881856540084388,-0.4345991561181435,0.6371308016877637,-0.45569620253164556,0.5611814345991561,-0.3924050632911392,0.4430379746835443,-0.35443037974683544,0.459915611814346,-0.26582278481012656,0.6708860759493671,-0.3080168776371308,0.5949367088607594,-0.25738396624472576,0.48945147679324896,-0.22362869198312235,0.5232067510548524,-0.10548523206751055,0.6877637130801688,-0.18565400843881857,0.6118143459915611,-0.1518987341772152,0.5189873417721519,-0.12236286919831224
2,0.0,0.0,0.012605042016806723,-0.28991596638655465,0.07983193277310924,-0.5966386554621849,0.13025210084033614,-0.8235294117647058,0.13865546218487396,-1.0,0.29411764705882354,-0.5882352941176471,0.5840336134453782,-0.5672268907563025,0.5084033613445378,-0.5084033613445378,0.39915966386554624,-0.4831932773109244,0.3739495798319328,-0.42857142857142855,0.634453781512605,-0.4495798319327731,0.5588235294117647,-0.3949579831932773,0.4411764705882353,-0.36134453781512604,0.4411764705882353,-0.2647058823529412,0.6596638655462185,-0.3025210084033613,0.5840336134453782,-0.25630252100840334,0.4789915966386555,-0.226890756302521,0.5042016806722689,-0.10084033613445378,0.6638655462184874,-0.18067226890756302,0.5882352941176471,-0.14705882352941177,0.5,-0.11764705882352941
2,0.0,0.0,0.05803571428571429,-0.28125,0.16964285714285715,-0.59375,0.24107142857142858,-0.8214285714285714,0.26785714285714285,-1.0,0.35267857142857145,-0.5848214285714286,0.6651785714285714,-0.5446428571428571,0.5803571428571429,-0.48660714285714285,0.45535714285714285,-0.47767857142857145,0.39285714285714285,-0.41964285714285715,0.7142857142857143,-0.41517857142857145,0.6160714285714286,-0.36607142857142855,0.47767857142857145,-0.35714285714285715,0.42857142857142855,-0.24107142857142858,0.7276785714285714,-0.26339285714285715,0.6294642857142857,-0.22321428571428573,0.5044642857142857,-0.20982142857142858,0.4642857142857143,-0.05803571428571429,0.6875,-0.11607142857142858,0.5982142857142857,-0.09375,0.48660714285714285,-0.07589285714285714
2,0.0,0.0,0.08411214953271028,-0.2803738317757009,0.22897196261682243,-0.5934579439252337,0.32710280373831774,-0.8177570093457944,0.37850467289719625,-1.0,0.4205607476635514,-0.5841121495327103,0.7429906542056075,-0.5,0.6448598130841121,-0.4485981308411215,0.5093457943925234,-0.45794392523364486,0.4485981308411215,-0.4205607476635514,0.7757009345794392,-0.3691588785046729,0.6635514018691588,-0.32242990654205606,0.5233644859813084,-0.32710280373831774,0.48130841121495327,-0.2383177570093458,0.7757009345794392,-0.21962616822429906,0.6682242990654206,-0.17757009345794392,0.5420560747663551,-0.17757009345794392,0.5046728971962616,-0.0514018691588785,0.7383177570093458,-0.07476635514018691,0.6401869158878505,-0.04672897196261682,0.5186915887850467,-0.0514018691588785
2,0.0,0.0,0.08372093023255814,-0.2837209302325581,0.2186046511627907,-0.5953488372093023,0.3116279069767442,-0.8186046511627907,0.3581395348837209,-1.0,0.4046511627906977,-0.5813953488372093,0.7255813953488373,-0.4930232558139535,0.6372093023255814,-0.4418604651162791,0.5069767441860465,-0.44651162790697674,0.4372093023255814,-0.413953488372093,0.7674418604651163,-0.3627906976744186,0.6604651162790698,-0.31627906976744186,0.5209302325581395,-0.3209302325581395,0.4697674418604651,-0.22790697674418606,0.7674418604651163,-0.21395348837209302,0.6651162790697674,-0.17209302325581396,0.5348837209302325,-0.17209302325581396,0.49767441860465117,-0.04186046511627907,0.7255813953488373,-0.06976744186046512,0.627906976744186,-0.04186046511627907,0.5116279069767442,-0.046511627906976744
2,0.0,0.0,0.1330049261083744,-0.270935960591133,0.3399014778325123,-0.5763546798029556,0.4630541871921182,-0.8078817733990148,0.5369458128078818,-1.0,0.46798029556650245,-0.5517241379310345,0.8177339901477833,-0.4039408866995074,0.7093596059113301,-0.35467980295566504,0.5812807881773399,-0.39408866995073893,0.46798029556650245,-0.3891625615763547,0.8275862068965517,-0.2512315270935961,0.6995073891625616,-0.22660098522167488,0.5517241379310345,-0.2660098522167488,0.458128078817734,-0.19704433497536947,0.7881773399014779,-0.09852216748768473,0.6650246305418719,-0.08374384236453201,0.5320197044334976,-0.11330049261083744,0.45320197044334976,0.0049261083743842365,0.7192118226600985,0.03940886699507389,0.6059113300492611,0.04926108374384237,0.47783251231527096,0.019704433497536946
2,0.0,0.0,0.1326530612244898,-0.2755102040816326,0.3520408163265306,-0.5816326530612245,0.4846938775510204,-0.8112244897959183,0.5561224489795918,-1.0,0.47959183673469385,-0.5561224489795918,0.8214285714285714,-0.4030612244897959,0.7091836734693877,-0.3673469387755102,0.5816326530612245,-0.40816326530612246,0.46938775510204084,-0.3877551020408163,0.826530612244898,-0.25,0.6989795918367347,-0.22959183673469388,0.5561224489795918,-0.27040816326530615,0.45408163265306123,-0.1989795918367347,0.7857142857142857,-0.10204081632653061,0.6683673469387755,-0.09183673469387756,0.5306122448979592,-0.12755102040816327,0.4387755102040816,-0.00510204081632653,0.7142857142857143,0.030612244897959183,0.6173469387755102,0.03571428571428571,0.4897959183673469,0.00510204081632653
2,0.0,0.0,0.12371134020618557,-0.26804123711340205,0.34536082474226804,-0.5773195876288659,0.4690721649484536,-0.8041237113402062,0.5309278350515464,-1.0,0.4742268041237113,-0.5463917525773195,0.8195876288659794,-0.39690721649484534,0.7164948453608248,-0.36597938144329895,0.5876288659793815,-0.4072164948453608,0.4587628865979381,-0.37628865979381443,0.8402061855670103,-0.23711340206185566,0.711340206185567,-0.22164948453608246,0.5670103092783505,-0.26288659793814434,0.44329896907216493,-0.18041237113402062,0.7989690721649485,-0.08762886597938144,0.6804123711340206,-0.07216494845360824,0.5412371134020618,-0.10824742268041238,0.42783505154639173,0.015463917525773196,0.7164948453608248,0.05670103092783505,0.6134020618556701,0.05670103092783505,0.4845360824742268,0.02577319587628866
2,0.0,0.0,0.10552763819095477,-0.2663316582914573,0.3065326633165829,-0.5728643216080402,0.4271356783919598,-0.8040201005025126,0.46733668341708545,-1.0,0.4221105527638191,-0.5477386934673367,0.7839195979899497,-0.4120603015075377,0.6834170854271356,-0.3768844221105528,0.5527638190954773,-0.41708542713567837,0.4120603015075377,-0.3869346733668342,0.7939698492462312,-0.271356783919598,0.6733668341708543,-0.25125628140703515,0.5326633165829145,-0.2864321608040201,0.3969849246231156,-0.20603015075376885,0.7638190954773869,-0.1306532663316583,0.6482412060301508,-0.11557788944723618,0.507537688442211,-0.1407035175879397,0.39195979899497485,-0.01507537688442211,0.6834170854271356,0.005025125628140704,0.5829145728643216,0.010050251256281407,0.457286432160804,-0.01507537688442211
2,0.0,0.0,0.09,-0.26,0.26,-0.575,0.35,-0.805,0.375,-1.0,0.365,-0.56,0.73,-0.455,0.625,-0.415,0.49,-0.44,0.36,-0.395,0.755,-0.315,0.64,-0.29,0.5,-0.305,0.36,-0.215,0.73,-0.16,0.615,-0.14,0.48,-0.155,0.37,-0.025,0.665,-0.015,0.56,-0.005,0.43,-0.025
2,0.0,0.0,0.09183673469387756,-0.2602040816326531,0.2602040816326531,-0.576530612244898,0.3469387755102041,-0.8061224489795918,0.37244897959183676,-1.0,0.37755102040816324,-0.5612244897959183,0.7551020408163265,-0.44387755102040816,0.6428571428571429,-0.3877551020408163,0.5,-0.41836734693877553,0.37244897959183676,-0.3979591836734694,0.7755102040816326,-0.3010204081632653,0.6530612244897959,-0.2602040816326531,0.5051020408163265,-0.2857142857142857,0.3673469387755102,-0.21428571428571427,0.75,-0.14795918367346939,0.6224489795918368,-0.11734693877551021,0.4846938775510204,-0.1377551020408163,0.37755102040816324,-0.02040816326530612,0.6785714285714286,-0.00510204081632653,0.5612244897959183,0.01020408163265306,0.42346938775510207,-0.01020408163265306
2,0.0,0.0,0.05263157894736842,-0.26842105263157895,0.1736842105263158,-0.5842105263157895,0.24210526315789474,-0.8157894736842105,0.26842105263157895,-1.0,0.32105263157894737,-0.5947368421052631,0.6631578947368421,-0.5263157894736842,0.5526315789473685,-0.47368421052631576,0.41578947368421054,-0.47368421052631576,0.3526315789473684,-0.4368421052631579,0.6947368421052632,-0.38421052631578945,0.5842105263157895,-0.34210526315789475,0.4421052631578947,-0.34210526315789475,0.37894736842105264,-0.2631578947368421,0.6947368421052632,-0.23684210526315788,0.5842105263157895,-0.2,0.45789473684210524,-0.2,0.4052631578947368,-0.08947368421052632,0.6526315789473685,-0.09473684210526316,0.5526315789473685,-0.06842105263157895,0.43157894736842106,-0.07368421052631578
2,0.0,0.0,0.04838709677419355,-0.26881720430107525,0.15591397849462366,-0.5913978494623656,0.22043010752688172,-0.8172043010752689,0.26344086021505375,-1.0,0.3225806451612903,-0.6021505376344086,0.6612903225806451,-0.532258064516129,0.5645161290322581,-0.4731182795698925,0.43010752688172044,-0.478494623655914,0.3548387096774194,-0.44623655913978494,0.7043010752688172,-0.4032258064516129,0.5967741935483871,-0.3548387096774194,0.45698924731182794,-0.3548387096774194,0.3817204301075269,-0.26881720430107525,0.7043010752688172,-0.25806451612903225,0.5967741935483871,-0.20967741935483872,0.46774193548387094,-0.20967741935483872,0.41397849462365593,-0.0913978494623656,0.6612903225806451,-0.11290322580645161,0.5591397849462365,-0.07526881720430108,0.43548387096774194,-0.07526881720430108
2,0.0,0.0,0.05,-0.26666666666666666,0.15555555555555556,-0.5833333333333334,0.2222222222222222,-0.8166666666666667,0.25555555555555554,-1.0,0.3111111111111111,-0.5888888888888889,0.6722222222222223,-0.5111111111111111,0.5722222222222222,-0.45555555555555555,0.4388888888888889,-0.4722222222222222,0.3388888888888889,-0.42777777777777776,0.7111111111111111,-0.37222222222222223,0.6,-0.3277777777777778,0.45555555555555555,-0.34444444444444444,0.3611111111111111,-0.25,0.7055555555555556,-0.22777777777777777,0.5944444444444444,-0.18333333333333332,0.46111111111111114,-0.19444444444444445,0.38333333333333336,-0.06666666666666667,0.6611111111111111,-0.07777777777777778,0.5555555555555556,-0.044444444444444446,0.42777777777777776,-0.05
2,0.0,0.0,0.11976047904191617,-0.2754491017964072,0.2994011976047904,-0.5808383233532934,0.41916167664670656,-0.8083832335329342,0.5029940119760479,-1.0,0.4550898203592814,-0.5988023952095808,0.8023952095808383,-0.46706586826347307,0.7065868263473054,-0.40718562874251496,0.5688622754491018,-0.4431137724550898,0.46706586826347307,-0.4491017964071856,0.8323353293413174,-0.31736526946107785,0.718562874251497,-0.281437125748503,0.5808383233532934,-0.31137724550898205,0.47305389221556887,-0.2694610778443114,0.8083832335329342,-0.16167664670658682,0.6946107784431138,-0.12574850299401197,0.5688622754491018,-0.15568862275449102,0.46706586826347307,-0.08383233532934131,0.7425149700598802,-0.005988023952095809,0.6407185628742516,0.017964071856287425,0.5149700598802395,-0.011976047904191617
2,0.0,0.0,0.14285714285714285,-0.2662337662337662,0.35714285714285715,-0.564935064935065,0.4935064935064935,-0.7987012987012987,0.577922077922078,-1.0,0.525974025974026,-0.6038961038961039,0.8506493506493507,-0.474025974025974,0.7597402597402597,-0.44805194805194803,0.6298701298701299,-0.525974025974026,0.5324675324675324,-0.44805194805194803,0.9285714285714286,-0.2597402597402597,0.8051948051948052,-0.22727272727272727,0.6558441558441559,-0.2857142857142857,0.525974025974026,-0.2597402597402597,0.8896103896103896,-0.09740259740259741,0.7662337662337663,-0.06493506493506493,0.6298701298701299,-0.11688311688311688,0.5,-0.05194805194805195,0.7857142857142857,0.06493506493506493,0.6688311688311688,0.08441558441558442,0.5324675324675324,0.032467532467532464
2,0.0,0.0,0.1610738255033557,-0.2684563758389262,0.42953020134228187,-0.5704697986577181,0.5973154362416108,-0.7986577181208053,0.6912751677852349,-0.9932885906040269,0.6040268456375839,-0.5973154362416108,0.9865771812080537,-0.3288590604026846,0.8657718120805369,-0.28187919463087246,0.7315436241610739,-0.35570469798657717,0.5906040268456376,-0.42953020134228187,1.0,-0.16778523489932887,0.8590604026845637,-0.14093959731543623,0.7114093959731543,-0.2080536912751678,0.5503355704697986,-0.22818791946308725,0.9261744966442953,-0.006711409395973154,0.7785234899328859,0.013422818791946308,0.6442953020134228,-0.053691275167785234,0.5033557046979866,-0.006711409395973154,0.7986577181208053,0.1476510067114094,0.6711409395973155,0.15436241610738255,0.5369127516778524,0.087248322147651
2,0.0,0.0,0.18543046357615894,-0.2582781456953642,0.4768211920529801,-0.5496688741721855,0.6622516556291391,-0.7682119205298014,0.7748344370860927,-0.9602649006622517,0.6225165562913907,-0.5364238410596026,1.0,-0.2582781456953642,0.8741721854304636,-0.2119205298013245,0.7483443708609272,-0.2847682119205298,0.5761589403973509,-0.3708609271523179,0.9735099337748344,-0.08609271523178808,0.8344370860927153,-0.07947019867549669,0.695364238410596,-0.152317880794702,0.5165562913907285,-0.17880794701986755,0.8874172185430463,0.0728476821192053,0.7549668874172185,0.0728476821192053,0.6291390728476821,-0.006622516556291391,0.46357615894039733,0.033112582781456956,0.7682119205298014,0.1986754966887417,0.6490066225165563,0.1986754966887417,0.5231788079470199,0.13245033112582782
2,0.0,0.0,0.19078947368421054,-0.24342105263157895,0.47368421052631576,-0.5197368421052632,0.6578947368421053,-0.7302631578947368,0.7828947368421053,-0.9144736842105263,0.6447368421052632,-0.5263157894736842,1.0,-0.2565789473684211,0.881578947368421,-0.21052631578947367,0.743421052631579,-0.27631578947368424,0.6118421052631579,-0.375,0.9736842105263158,-0.09868421052631579,0.8421052631578947,-0.07894736842105263,0.7039473684210527,-0.1513157894736842,0.5526315789473685,-0.19736842105263158,0.8947368421052632,0.046052631578947366,0.7631578947368421,0.05921052631578947,0.6381578947368421,-0.013157894736842105,0.5,0.006578947368421052,0.7631578947368421,0.17763157894736842,0.6447368421052632,0.17763157894736842,0.5263157894736842,0.1118421052631579
2,0.0,0.0,0.1793103448275862,-0.27586206896551724,0.4482758620689655,-0.5793103448275863,0.6344827586206897,-0.8068965517241379,0.7586206896551724,-1.0,0.6344827586206897,-0.5655172413793104,0.9793103448275862,-0.31724137931034485,0.8689655172413793,-0.2620689655172414,0.7310344827586207,-0.31724137931034485,0.6275862068965518,-0.4068965517241379,0.9862068965517241,-0.14482758620689656,0.8620689655172413,-0.11724137931034483,0.7172413793103448,-0.1793103448275862,0.593103448275862,-0.21379310344827587,0.9172413793103448,0.006896551724137931,0.7931034482758621,0.027586206896551724,0.6551724137931034,-0.041379310344827586,0.5517241379310345,-0.006896551724137931,0.8,0.13793103448275862,0.6689655172413793,0.14482758620689656,0.5448275862068965,0.08275862068965517
2,0.0,0.0,0.1643835616438356,-0.2876712328767123,0.4178082191780822,-0.589041095890411,0.589041095890411,-0.8082191780821918,0.6917808219178082,-1.0,0.6232876712328768,-0.5616438356164384,0.9657534246575342,-0.3082191780821918,0.863013698630137,-0.2671232876712329,0.726027397260274,-0.3219178082191781,0.6164383561643836,-0.3904109589041096,0.9726027397260274,-0.15753424657534246,0.8561643835616438,-0.13013698630136986,0.7123287671232876,-0.1917808219178082,0.589041095890411,-0.19863013698630136,0.9041095890410958,-0.0136986301369863,0.7876712328767124,0.00684931506849315,0.6575342465753424,-0.0547945205479452,0.5547945205479452,0.0,0.7945205479452054,0.1232876712328767,0.678082191780822,0.13013698630136986,0.5547945205479452,0.07534246575342465
2,0.0,0.0,0.15503875968992248,-0.32558139534883723,0.3643410852713178,-0.6356589147286822,0.5426356589147286,-0.8372093023255814,0.6666666666666666,-0.9224806201550387,0.5891472868217055,-0.6589147286821705,0.9457364341085271,-0.4883720930232558,0.8604651162790697,-0.4263565891472868,0.7131782945736435,-0.4418604651162791,0.627906976744186,-0.4806201550387597,1.0,-0.3178294573643411,0.9069767441860465,-0.2558139534883721,0.7441860465116279,-0.27906976744186046,0.6511627906976745,-0.27906976744186046,0.9844961240310077,-0.13953488372093023,0.8837209302325582,-0.09302325581395349,0.7364341085271318,-0.12403100775193798,0.6434108527131783,-0.06201550387596899,0.9147286821705426,0.023255813953488372,0.7984496124031008,0.05426356589147287,0.6666666666666666,0.023255813953488372
2,0.0,0.0,0.09210526315789473,-0.29605263157894735,0.2565789473684211,-0.6052631578947368,0.39473684210526316,-0.8223684210526315,0.47368421052631576,-1.0,0.46710526315789475,-0.5657894736842105,0.7697368421052632,-0.4276315789473684,0.6644736842105263,-0.3815789473684211,0.5394736842105263,-0.40789473684210525,0.5,-0.39473684210526316,0.8157894736842105,-0.27631578947368424,0.7171052631578947,-0.23684210526315788,0.5723684210526315,-0.2631578947368421,0.5197368421052632,-0.21052631578947367,0.8157894736842105,-0.125,0.7105263157894737,-0.08552631578947369,0.5789473684210527,-0.10526315789473684,0.5263157894736842,-0.019736842105263157,0.7697368421052632,0.019736842105263157,0.6644736842105263,0.046052631578947366,0.5394736842105263,0.02631578947368421
2,0.0,0.0,0.06666666666666667,-0.296969696969697,0.2,-0.6060606060606061,0.32727272727272727,-0.8242424242424242,0.3939393939393939,-1.0,0.40606060606060607,-0.5454545454545454,0.6909090909090909,-0.4666666666666667,0.6363636363636364,-0.40606060606060607,0.5393939393939394,-0.40606060606060607,0.4666666666666667,-0.38181818181818183,0.7151515151515152,-0.3333333333333333,0.6484848484848484,-0.2787878787878788,0.5333333333333333,-0.2727272727272727,0.503030303030303,-0.2,0.7333333333333333,-0.17575757575757575,0.6484848484848484,-0.13333333333333333,0.5272727272727272,-0.12727272727272726,0.5212121212121212,-0.01818181818181818,0.7212121212121212,-0.012121212121212121,0.6303030303030303,0.012121212121212121,0.5151515151515151,0.012121212121212121
2,0.0,0.0,0.08187134502923976,-0.29239766081871343,0.22807017543859648,-0.5964912280701754,0.3508771929824561,-0.8187134502923976,0.4152046783625731,-1.0,0.43859649122807015,-0.5789473684210527,0.7251461988304093,-0.4444444444444444,0.6374269005847953,-0.39766081871345027,0.5146198830409356,-0.4269005847953216,0.47953216374269003,-0.42105263157894735,0.7602339181286549,-0.3216374269005848,0.6666666666666666,-0.2807017543859649,0.5497076023391813,-0.2982456140350877,0.5087719298245614,-0.24561403508771928,0.7602339181286549,-0.17543859649122806,0.6608187134502924,-0.13450292397660818,0.5380116959064327,-0.15204678362573099,0.52046783625731,-0.06432748538011696,0.7309941520467836,-0.029239766081871343,0.6257309941520468,-0.005847953216374269,0.5087719298245614,-0.023391812865497075
2,0.0,0.0,0.08484848484848485,-0.2909090909090909,0.23030303030303031,-0.5878787878787879,0.3575757575757576,-0.8121212121212121,0.43636363636363634,-1.0,0.44242424242424244,-0.5878787878787879,0.7515151515151515,-0.46060606060606063,0.6606060606060606,-0.40606060606060607,0.5272727272727272,-0.43636363636363634,0.4909090909090909,-0.4303030303030303,0.806060606060606,-0.3151515151515151,0.7090909090909091,-0.2727272727272727,0.5818181818181818,-0.296969696969697,0.5151515151515151,-0.24848484848484848,0.8121212121212121,-0.16363636363636364,0.703030303030303,-0.11515151515151516,0.5757575757575758,-0.1393939393939394,0.5272727272727272,-0.06060606060606061,0.7636363636363637,-0.006060606060606061,0.6545454545454545,0.024242424242424242,0.5151515151515151,-0.006060606060606061
2,0.0,0.0,0.11392405063291139,-0.2974683544303797,0.2974683544303797,-0.5886075949367089,0.4430379746835443,-0.810126582278481,0.5316455696202531,-1.0,0.5379746835443038,-0.5886075949367089,0.8607594936708861,-0.3987341772151899,0.7784810126582279,-0.34810126582278483,0.6518987341772152,-0.379746835443038,0.5632911392405063,-0.4240506329113924,0.8924050632911392,-0.25949367088607594,0.7974683544303798,-0.22151898734177214,0.6708860759493671,-0.2468354430379747,0.5759493670886076,-0.23417721518987342,0.879746835443038,-0.10126582278481013,0.7721518987341772,-0.06962025316455696,0.6392405063291139,-0.0949367088607595,0.569620253164557,-0.03164556962025317,0.8037974683544303,0.05063291139240506,0.6962025316455697,0.06962025316455696,0.569620253164557,0.0379746835443038
2,0.0,0.0,0.15789473684210525,-0.3026315789473684,0.39473684210526316,-0.5921052631578947,0.5789473684210527,-0.8092105263157895,0.6907894736842105,-1.0,0.6052631578947368,-0.5986842105263158,0.9407894736842105,-0.3355263157894737,0.8552631578947368,-0.27631578947368424,0.7302631578947368,-0.3157894736842105,0.6118421052631579,-0.4473684210526316,0.9539473684210527,-0.17763157894736842,0.8486842105263158,-0.13157894736842105,0.7236842105263158,-0.17763157894736842,0.5855263157894737,-0.2565789473684211,0.9078947368421053,-0.013157894736842105,0.7894736842105263,0.013157894736842105,0.6710526315789473,-0.039473684210526314,0.5592105263157895,-0.046052631578947366,0.7828947368421053,0.11842105263157894,0.6644736842105263,0.13157894736842105,0.5526315789473685,0.07894736842105263
2,0.0,0.0,0.17567567567567569,-0.2972972972972973,0.44594594594594594,-0.5675675675675675,0.6621621621621622,-0.7635135135135135,0.8040540540540541,-0.9459459459459459,0.6554054054054054,-0.581081081081081,1.0,-0.2972972972972973,0.8851351351351351,-0.21621621621621623,0.7432432432432432,-0.25675675675675674,0.6486486486486487,-0.41216216216216217,0.9797297297297297,-0.10810810810810811,0.8513513513513513,-0.05405405405405406,0.7162162162162162,-0.11486486486486487,0.6081081081081081,-0.20945945945945946,0.9256756756756757,0.06756756756756757,0.7905405405405406,0.0945945945945946,0.668918918918919,0.02702702702702703,0.5675675675675675,0.0,0.8040540540540541,0.20270270270270271,0.6824324324324325,0.20945945945945946,0.5608108108108109,0.13513513513513514
2,0.0,0.0,0.16216216216216217,-0.2905405405405405,0.4391891891891892,-0.5608108108108109,0.6756756756756757,-0.75,0.8378378378378378,-0.9256756756756757,0.668918918918919,-0.5675675675675675,1.0,-0.28378378378378377,0.8783783783783784,-0.22972972972972974,0.7364864864864865,-0.2972972972972973,0.6486486486486487,-0.3918918918918919,0.9864864864864865,-0.08783783783783784,0.8513513513513513,-0.060810810810810814,0.7162162162162162,-0.14189189189189189,0.6081081081081081,-0.19594594594594594,0.9391891891891891,0.07432432432432433,0.7972972972972973,0.08783783783783784,0.668918918918919,0.013513513513513514,0.5608108108108109,0.013513513513513514,0.8243243243243243,0.20270270270270271,0.7027027027027027,0.20945945945945946,0.5743243243243243,0.14189189189189189
2,0.0,0.0,0.18543046357615894,-0.2781456953642384,0.46357615894039733,-0.5496688741721855,0.6887417218543046,-0.7417218543046358,0.8211920529801324,-0.9271523178807947,0.6821192052980133,-0.5364238410596026,1.0,-0.2251655629139073,0.8940397350993378,-0.17880794701986755,0.7682119205298014,-0.2582781456953642,0.6556291390728477,-0.37748344370860926,1.0,-0.059602649006622516,0.8741721854304636,-0.033112582781456956,0.7350993377483444,-0.11258278145695365,0.6158940397350994,-0.19205298013245034,0.9271523178807947,0.09933774834437085,0.7947019867549668,0.11258278145695365,0.6688741721854304,0.033112582781456956,0.5629139072847682,0.006622516556291391,0.8013245033112583,0.2119205298013245,0.6821192052980133,0.2119205298013245,0.5695364238410596,0.1456953642384106
2,0.0,0.0,0.19205298013245034,-0.2913907284768212,0.4503311258278146,-0.5562913907284768,0.6622516556291391,-0.7483443708609272,0.7947019867549668,-0.9337748344370861,0.6688741721854304,-0.5364238410596026,1.0,-0.2052980132450331,0.9205298013245033,-0.11920529801324503,0.8145695364238411,-0.15894039735099338,0.6490066225165563,-0.3841059602649007,1.0,-0.052980132450331126,0.8940397350993378,0.006622516556291391,0.7615894039735099,-0.046357615894039736,0.609271523178808,-0.1986754966887417,0.9337748344370861,0.09933774834437085,0.8145695364238411,0.13245033112582782,0.6887417218543046,0.06622516556291391,0.5629139072847682,-0.006622516556291391,0.8145695364238411,0.2052980132450331,0.7218543046357616,0.2251655629139073,0.6225165562913907,0.16556291390728478
2,0.0,0.0,0.13636363636363635,-0.3051948051948052,0.37012987012987014,-0.5974025974025974,0.5584415584415584,-0.8051948051948052,0.6818181818181818,-1.0,0.6168831168831169,-0.5844155844155844,0.961038961038961,-0.2922077922077922,0.8831168831168831,-0.21428571428571427,0.7662337662337663,-0.2597402597402597,0.6168831168831169,-0.4155844155844156,0.9805194805194806,-0.13636363636363635,0.8701298701298701,-0.09090909090909091,0.7272727272727273,-0.14285714285714285,0.6038961038961039,-0.22077922077922077,0.9285714285714286,0.012987012987012988,0.8051948051948052,0.045454545454545456,0.6688311688311688,-0.012987012987012988,0.5714285714285714,-0.006493506493506494,0.8181818181818182,0.14285714285714285,0.7077922077922078,0.16233766233766234,0.5844155844155844,0.11038961038961038
2,0.0,0.0,0.11585365853658537,-0.29878048780487804,0.31097560975609756,-0.5975609756097561,0.4695121951219512,-0.8109756097560976,0.5609756097560976,-1.0,0.5182926829268293,-0.5853658536585366,0.8353658536585366,-0.40853658536585363,0.7682926829268293,-0.35365853658536583,0.6463414634146342,-0.3780487804878049,0.5548780487804879,-0.4146341463414634,0.8963414634146342,-0.24390243902439024,0.8048780487804879,-0.1951219512195122,0.6585365853658537,-0.23170731707317074,0.573170731707317,-0.22560975609756098,0.8658536585365854,-0.07926829268292683,0.7682926829268293,-0.042682926829268296,0.6341463414634146,-0.07926829268292683,0.573170731707317,-0.024390243902439025,0.7865853658536586,0.06707317073170732,0.676829268292683,0.09146341463414634,0.5609756097560976,0.06097560975609756
2,0.0,0.0,0.09826589595375723,-0.30057803468208094,0.26011560693641617,-0.6011560693641619,0.41040462427745666,-0.815028901734104,0.5144508670520231,-1.0,0.49710982658959535,-0.5838150289017341,0.7572254335260116,-0.4393063583815029,0.6647398843930635,-0.3930635838150289,0.5375722543352601,-0.42196531791907516,0.5491329479768786,-0.4161849710982659,0.8208092485549133,-0.28901734104046245,0.7225433526011561,-0.23699421965317918,0.5953757225433526,-0.26011560693641617,0.5838150289017341,-0.2254335260115607,0.8208092485549133,-0.11560693641618497,0.7109826589595376,-0.07514450867052024,0.5953757225433526,-0.09826589595375723,0.5953757225433526,-0.028901734104046242,0.7572254335260116,0.046242774566473986,0.6473988439306358,0.06936416184971098,0.5491329479768786,0.05202312138728324
2,0.0,0.0,0.096045197740113,-0.3050847457627119,0.23163841807909605,-0.6045197740112994,0.3615819209039548,-0.8248587570621468,0.4632768361581921,-1.0,0.4689265536723164,-0.5932203389830508,0.7062146892655368,-0.4689265536723164,0.5988700564971752,-0.4124293785310734,0.480225988700565,-0.4350282485875706,0.536723163841808,-0.423728813559322,0.7853107344632768,-0.3107344632768362,0.6836158192090396,-0.2598870056497175,0.559322033898305,-0.2711864406779661,0.576271186440678,-0.23728813559322035,0.7796610169491526,-0.13559322033898305,0.672316384180791,-0.1016949152542373,0.559322033898305,-0.11299435028248588,0.5875706214689266,-0.03954802259887006,0.7175141242937854,0.022598870056497175,0.615819209039548,0.04519774011299435,0.519774011299435,0.02824858757062147
2,0.0,0.0,0.06417112299465241,-0.29411764705882354,0.18716577540106952,-0.5935828877005348,0.32620320855614976,-0.8181818181818182,0.4117647058823529,-1.0,0.48128342245989303,-0.5828877005347594,0.7112299465240641,-0.47058823529411764,0.5989304812834224,-0.40641711229946526,0.47058823529411764,-0.42245989304812837,0.5508021390374331,-0.40106951871657753,0.7540106951871658,-0.3155080213903743,0.6470588235294118,-0.26737967914438504,0.5294117647058824,-0.26737967914438504,0.5935828877005348,-0.20855614973262032,0.7700534759358288,-0.1443850267379679,0.6737967914438503,-0.11229946524064172,0.5561497326203209,-0.11764705882352941,0.6149732620320856,-0.0213903743315508,0.7379679144385026,0.0053475935828877,0.6470588235294118,0.03208556149732621,0.5508021390374331,0.026737967914438502
2,0.0,0.0,0.08602150537634409,-0.3118279569892473,0.20967741935483872,-0.6021505376344086,0.3333333333333333,-0.8172043010752689,0.43010752688172044,-1.0,0.510752688172043,-0.5860215053763441,0.7096774193548387,-0.46774193548387094,0.6075268817204301,-0.3924731182795699,0.489247311827957,-0.3978494623655914,0.5806451612903226,-0.4032258064516129,0.7795698924731183,-0.2956989247311828,0.6935483870967742,-0.23118279569892472,0.5645161290322581,-0.24193548387096775,0.6182795698924731,-0.20967741935483872,0.7849462365591398,-0.12365591397849462,0.6881720430107527,-0.08064516129032258,0.5698924731182796,-0.10215053763440861,0.6290322580645161,-0.016129032258064516,0.7526881720430108,0.03225806451612903,0.6505376344086021,0.04838709677419355,0.543010752688172,0.026881720430107527
2,0.0,0.0,0.1043956043956044,-0.3076923076923077,0.24175824175824176,-0.6043956043956044,0.38461538461538464,-0.8186813186813187,0.4835164835164835,-1.0,0.554945054945055,-0.5769230769230769,0.7692307692307693,-0.4340659340659341,0.6648351648351648,-0.3626373626373626,0.5439560439560439,-0.36813186813186816,0.6098901098901099,-0.3956043956043956,0.8021978021978022,-0.27472527472527475,0.6923076923076923,-0.22527472527472528,0.5714285714285714,-0.23626373626373626,0.6373626373626373,-0.2032967032967033,0.7802197802197802,-0.10989010989010989,0.6813186813186813,-0.07692307692307693,0.5659340659340659,-0.08791208791208792,0.6373626373626373,-0.01098901098901099,0.7197802197802198,0.04395604395604396,0.6263736263736264,0.06593406593406594,0.532967032967033,0.04945054945054945
2,0.0,0.0,0.15294117647058825,-0.3176470588235294,0.34705882352941175,-0.6176470588235294,0.5235294117647059,-0.8352941176470589,0.6411764705882353,-1.0,0.6294117647058823,-0.5705882352941176,0.8411764705882353,-0.4176470588235294,0.7294117647058823,-0.3411764705882353,0.6058823529411764,-0.3588235294117647,0.6764705882352942,-0.40588235294117647,0.8470588235294118,-0.2647058823529412,0.7294117647058823,-0.21764705882352942,0.6058823529411764,-0.2411764705882353,0.6882352941176471,-0.21764705882352942,0.8235294117647058,-0.08235294117647059,0.7176470588235294,-0.047058823529411764,0.5941176470588235,-0.07647058823529412,0.6764705882352942,-0.023529411764705882,0.7588235294117647,0.08235294117647059,0.6529411764705882,0.10588235294117647,0.5529411764705883,0.08235294117647059
2,0.0,0.0,0.15625,-0.31875,0.375,-0.60625,0.575,-0.825,0.70625,-1.0,0.6625,-0.58125,0.90625,-0.38125,0.79375,-0.325,0.6625,-0.36875,0.7125,-0.4125,0.9375,-0.21875,0.81875,-0.1875,0.68125,-0.23125,0.71875,-0.2125,0.925,-0.025,0.8,-0.00625,0.66875,-0.05,0.70625,-0.00625,0.80625,0.14375,0.6875,0.1625,0.58125,0.11875
2,0.0,0.0,0.13924050632911392,-0.310126582278481,0.34810126582278483,-0.5949367088607594,0.5506329113924051,-0.810126582278481,0.689873417721519,-1.0,0.6645569620253164,-0.5632911392405063,0.9240506329113924,-0.3291139240506329,0.8291139240506329,-0.25949367088607594,0.7025316455696202,-0.3037974683544304,0.7025316455696202,-0.3860759493670886,0.9493670886075949,-0.17088607594936708,0.8481012658227848,-0.12658227848101267,0.7151898734177216,-0.17721518987341772,0.7025316455696202,-0.1962025316455696,0.9430379746835443,0.006329113924050633,0.8291139240506329,0.0379746835443038,0.689873417721519,-0.006329113924050633,0.6835443037974683,0.006329113924050633,0.8481012658227848,0.15822784810126583,0.7468354430379747,0.189873417721519,0.6329113924050633,0.1518987341772152
2,0.0,0.0,0.13548387096774195,-0.3161290322580645,0.34838709677419355,-0.6064516129032258,0.5483870967741935,-0.8193548387096774,0.6967741935483871,-1.0,0.6903225806451613,-0.5741935483870968,0.9548387096774194,-0.3096774193548387,0.864516129032258,-0.23225806451612904,0.7354838709677419,-0.25806451612903225,0.7225806451612903,-0.4064516129032258,0.9806451612903225,-0.15483870967741936,0.8709677419354839,-0.1032258064516129,0.7354838709677419,-0.15483870967741936,0.7225806451612903,-0.2064516129032258,0.9483870967741935,0.03225806451612903,0.8387096774193549,0.06451612903225806,0.7032258064516129,0.012903225806451613,0.7032258064516129,0.0064516129032258064,0.864516129032258,0.1870967741935484,0.7677419354838709,0.23225806451612904,0.6645161290322581,0.2064516129032258
2,0.0,0.0,0.14935064935064934,-0.3246753246753247,0.37012987012987014,-0.6103896103896104,0.577922077922078,-0.8181818181818182,0.7207792207792207,-1.0,0.7077922077922078,-0.5844155844155844,0.9805194805194806,-0.3246753246753247,0.8896103896103896,-0.2532467532467532,0.7597402597402597,-0.2857142857142857,0.7467532467532467,-0.4155844155844156,1.0,-0.16883116883116883,0.8961038961038961,-0.11688311688311688,0.7662337662337663,-0.16883116883116883,0.7467532467532467,-0.22077922077922077,0.9805194805194806,0.01948051948051948,0.8636363636363636,0.05194805194805195,0.7402597402597403,0.0,0.7272727272727273,-0.006493506493506494,0.8961038961038961,0.18181818181818182,0.7922077922077922,0.22077922077922077,0.6948051948051948,0.18181818181818182
2,0.0,0.0,0.1503267973856209,-0.3137254901960784,0.37254901960784315,-0.5882352941176471,0.5751633986928104,-0.7843137254901961,0.7320261437908496,-0.954248366013072,0.7058823529411765,-0.5490196078431373,0.9738562091503268,-0.2875816993464052,0.8888888888888888,-0.21568627450980393,0.7647058823529411,-0.2549019607843137,0.738562091503268,-0.3790849673202614,1.0,-0.12418300653594772,0.8954248366013072,-0.08496732026143791,0.7712418300653595,-0.1437908496732026,0.7320261437908496,-0.1895424836601307,0.954248366013072,0.05228758169934641,0.8431372549019608,0.0784313725490196,0.7124183006535948,0.006535947712418301,0.7058823529411765,0.0196078431372549,0.8627450980392157,0.20915032679738563,0.7516339869281046,0.2222222222222222,0.6405228758169934,0.1568627450980392
2,0.0,0.0,0.11392405063291139,-0.310126582278481,0.3227848101265823,-0.620253164556962,0.5063291139240507,-0.8227848101265823,0.6455696202531646,-1.0,0.6518987341772152,-0.5506329113924051,0.9240506329113924,-0.35443037974683544,0.810126582278481,-0.3037974683544304,0.6835443037974683,-0.34177215189873417,0.6835443037974683,-0.37341772151898733,0.9430379746835443,-0.189873417721519,0.8291139240506329,-0.15822784810126583,0.6962025316455697,-0.1962025316455696,0.6835443037974683,-0.189873417721519,0.930379746835443,-0.02531645569620253,0.8227848101265823,-0.006329113924050633,0.689873417721519,-0.04430379746835443,0.6582278481012658,0.006329113924050633,0.8607594936708861,0.10759493670886076,0.7531645569620253,0.13291139240506328,0.6392405063291139,0.10126582278481013
2,0.0,0.0,0.10967741935483871,-0.3096774193548387,0.3225806451612903,-0.6193548387096774,0.5096774193548387,-0.832258064516129,0.6387096774193548,-1.0,0.6645161290322581,-0.5612903225806452,0.9419354838709677,-0.34838709677419355,0.832258064516129,-0.2967741935483871,0.6967741935483871,-0.3419354838709677,0.6967741935483871,-0.38064516129032255,0.9483870967741935,-0.1935483870967742,0.8387096774193549,-0.15483870967741936,0.7096774193548387,-0.2,0.6903225806451613,-0.1935483870967742,0.9225806451612903,-0.03225806451612903,0.8129032258064516,0.0,0.6838709677419355,-0.03870967741935484,0.6709677419354839,0.0064516129032258064,0.8516129032258064,0.11612903225806452,0.7483870967741936,0.13548387096774195,0.632258064516129,0.1032258064516129
2,0.0,0.0,0.09195402298850575,-0.3160919540229885,0.2471264367816092,-0.6149425287356322,0.39655172413793105,-0.8275862068965517,0.5172413793103449,-1.0,0.5574712643678161,-0.5689655172413793,0.7931034482758621,-0.40229885057471265,0.6839080459770115,-0.3448275862068966,0.5517241379310345,-0.367816091954023,0.6149425287356322,-0.3793103448275862,0.8333333333333334,-0.2413793103448276,0.7241379310344828,-0.19540229885057472,0.5977011494252874,-0.21264367816091953,0.6379310344827587,-0.1781609195402299,0.8390804597701149,-0.06896551724137931,0.7298850574712644,-0.034482758620689655,0.6091954022988506,-0.05172413793103448,0.632183908045977,0.028735632183908046,0.7586206896551724,0.09195402298850575,0.6551724137931034,0.10344827586206896,0.5517241379310345,0.08620689655172414
2,0.0,0.0,0.08108108108108109,-0.3081081081081081,0.2,-0.6108108108108108,0.32972972972972975,-0.827027027027027,0.43783783783783786,-1.0,0.5081081081081081,-0.5783783783783784,0.7351351351351352,-0.4594594594594595,0.6378378378378379,-0.4,0.5135135135135135,-0.40540540540540543,0.572972972972973,-0.3945945945945946,0.7621621621621621,-0.3027027027027027,0.6594594594594595,-0.25405405405405407,0.5351351351351351,-0.2648648648648649,0.6108108108108108,-0.2,0.7567567567567568,-0.12972972972972974,0.6594594594594595,-0.0972972972972973,0.5405405405405406,-0.10270270270270271,0.6216216216216216,-0.005405405405405406,0.7189189189189189,0.032432432432432434,0.6270270270270271,0.04864864864864865,0.5243243243243243,0.03783783783783784
2,0.0,0.0,0.046632124352331605,-0.3160621761658031,0.13471502590673576,-0.6062176165803109,0.24870466321243523,-0.8290155440414507,0.33678756476683935,-1.0,0.44041450777202074,-0.5751295336787565,0.6528497409326425,-0.5077720207253886,0.5751295336787565,-0.44041450777202074,0.46632124352331605,-0.42487046632124353,0.5284974093264249,-0.38860103626943004,0.7202072538860104,-0.36787564766839376,0.6424870466321243,-0.31088082901554404,0.5233160621761658,-0.29015544041450775,0.5854922279792746,-0.20207253886010362,0.7512953367875648,-0.20725388601036268,0.6787564766839378,-0.16062176165803108,0.5647668393782384,-0.13989637305699482,0.616580310880829,-0.031088082901554404,0.7409326424870466,-0.06217616580310881,0.6683937823834197,-0.031088082901554404,0.5699481865284974,-0.010362694300518135
2,0.0,0.0,0.05612244897959184,-0.3010204081632653,0.15306122448979592,-0.6020408163265306,0.2653061224489796,-0.8214285714285714,0.34183673469387754,-1.0,0.45408163265306123,-0.5612244897959183,0.6479591836734694,-0.5051020408163265,0.5612244897959183,-0.44387755102040816,0.45918367346938777,-0.4336734693877551,0.5306122448979592,-0.39285714285714285,0.7091836734693877,-0.3673469387755102,0.6224489795918368,-0.3163265306122449,0.5,-0.3010204081632653,0.5714285714285714,-0.21428571428571427,0.7091836734693877,-0.18877551020408162,0.6224489795918368,-0.15306122448979592,0.5102040816326531,-0.1326530612244898,0.5867346938775511,-0.03571428571428571,0.673469387755102,-0.02040816326530612,0.5867346938775511,0.0,0.49489795918367346,0.00510204081632653
2,0.0,0.0,0.078125,-0.3125,0.19270833333333334,-0.609375,0.3177083333333333,-0.828125,0.4166666666666667,-1.0,0.4739583333333333,-0.5885416666666666,0.7239583333333334,-0.4739583333333333,0.6302083333333334,-0.4166666666666667,0.515625,-0.4322916666666667,0.53125,-0.4114583333333333,0.7708333333333334,-0.3385416666666667,0.6770833333333334,-0.296875,0.546875,-0.3020833333333333,0.5729166666666666,-0.22916666666666666,0.7604166666666666,-0.17708333333333334,0.671875,-0.14583333333333334,0.5520833333333334,-0.14583333333333334,0.5885416666666666,-0.052083333333333336,0.71875,-0.041666666666666664,0.640625,-0.015625,0.5520833333333334,-0.020833333333333332
2,0.0,0.0,0.10326086956521739,-0.30978260869565216,0.27717391304347827,-0.6086956521739131,0.42934782608695654,-0.8206521739130435,0.5380434782608695,-1.0,0.5380434782608695,-0.5652173913043478,0.8097826086956522,-0.3967391304347826,0.717391304347826,-0.3532608695652174,0.6032608695652174,-0.391304347826087,0.5760869565217391,-0.3967391304347826,0.8315217391304348,-0.2554347826086957,0.7282608695652174,-0.22826086956521738,0.5978260869565217,-0.2608695652173913,0.5869565217391305,-0.20652173913043478,0.7663043478260869,-0.09782608695652174,0.6684782608695652,-0.07608695652173914,0.5489130434782609,-0.10869565217391304,0.5760869565217391,-0.016304347826086956,0.6739130434782609,0.06521739130434782,0.5760869565217391,0.08152173913043478,0.4782608695652174,0.04891304347826087
2,0.0,0.0,0.14705882352941177,-0.31176470588235294,0.35294117647058826,-0.6058823529411764,0.5294117647058824,-0.8176470588235294,0.6705882352941176,-1.0,0.5529411764705883,-0.6058823529411764,0.8705882352941177,-0.49411764705882355,0.8588235294117647,-0.38823529411764707,0.7705882352941177,-0.3588235294117647,0.5823529411764706,-0.4470588235294118,0.9294117647058824,-0.2823529411764706,0.8823529411764706,-0.19411764705882353,0.7647058823529411,-0.19411764705882353,0.6,-0.2529411764705882,0.9235294117647059,-0.08823529411764706,0.8470588235294118,-0.029411764705882353,0.711764705882353,-0.058823529411764705,0.6,-0.041176470588235294,0.8647058823529412,0.07647058823529412,0.7705882352941177,0.1,0.6352941176470588,0.058823529411764705
2,0.0,0.0,0.11475409836065574,-0.2896174863387978,0.32786885245901637,-0.5901639344262295,0.4808743169398907,-0.8142076502732241,0.5737704918032787,-1.0,0.5573770491803278,-0.5792349726775956,0.8743169398907104,-0.3989071038251366,0.8032786885245902,-0.3333333333333333,0.6939890710382514,-0.34972677595628415,0.5683060109289617,-0.43169398907103823,0.9180327868852459,-0.25136612021857924,0.819672131147541,-0.19672131147540983,0.6830601092896175,-0.22404371584699453,0.5628415300546448,-0.25136612021857924,0.8961748633879781,-0.10382513661202186,0.7978142076502732,-0.06557377049180328,0.6721311475409836,-0.08743169398907104,0.546448087431694,-0.0546448087431694,0.8360655737704918,0.03825136612021858,0.7704918032786885,0.060109289617486336,0.6666666666666666,0.03278688524590164
2,0.0,0.0,0.1016949152542373,-0.2824858757062147,0.2824858757062147,-0.5819209039548022,0.4293785310734463,-0.807909604519774,0.519774011299435,-1.0,0.5254237288135594,-0.5988700564971752,0.864406779661017,-0.4293785310734463,0.8135593220338984,-0.3333333333333333,0.7175141242937854,-0.327683615819209,0.5423728813559322,-0.4519774011299435,0.9096045197740112,-0.2655367231638418,0.8248587570621468,-0.1864406779661017,0.6949152542372882,-0.1977401129943503,0.536723163841808,-0.2711864406779661,0.8757062146892656,-0.11299435028248588,0.7796610169491526,-0.05649717514124294,0.655367231638418,-0.07909604519774012,0.5254237288135594,-0.07909604519774012,0.807909604519774,0.03389830508474576,0.7288135593220338,0.06779661016949153,0.615819209039548,0.03389830508474576
2,0.0,0.0,0.07608695652173914,-0.29891304347826086,0.23369565217391305,-0.5978260869565217,0.3641304347826087,-0.8206521739130435,0.4076086956521739,-1.0,0.45652173913043476,-0.592391304347826,0.7391304347826086,-0.45652173913043476,0.6630434782608695,-0.3858695652173913,0.5543478260869565,-0.3858695652173913,0.4891304347826087,-0.45108695652173914,0.7771739130434783,-0.32065217391304346,0.6956521739130435,-0.266304347826087,0.5760869565217391,-0.2717391304347826,0.5,-0.2826086956521739,0.7771739130434783,-0.16847826086956522,0.6793478260869565,-0.13043478260869565,0.5597826086956522,-0.14130434782608695,0.5054347826086957,-0.09782608695652174,0.7228260869565217,-0.021739130434782608,0.6358695652173914,0.010869565217391304,0.5271739130434783,-0.010869565217391304
2,0.0,0.0,0.031578947368421054,-0.2736842105263158,0.1368421052631579,-0.5736842105263158,0.22105263157894736,-0.8052631578947368,0.2578947368421053,-1.0,0.35789473684210527,-0.5736842105263158,0.6368421052631579,-0.5052631578947369,0.5684210526315789,-0.4473684210526316,0.47368421052631576,-0.4473684210526316,0.4105263157894737,-0.42105263157894735,0.6894736842105263,-0.3736842105263158,0.6263157894736842,-0.33157894736842103,0.5210526315789473,-0.32105263157894737,0.45263157894736844,-0.25263157894736843,0.7263157894736842,-0.23684210526315788,0.6684210526315789,-0.2,0.5736842105263158,-0.18947368421052632,0.4842105263157895,-0.08947368421052632,0.7157894736842105,-0.1,0.7421052631578947,-0.06842105263157895,0.7315789473684211,-0.04736842105263158
2,0.0,0.0,0.03608247422680412,-0.27835051546391754,0.13402061855670103,-0.5927835051546392,0.20618556701030927,-0.8195876288659794,0.23195876288659795,-1.0,0.34536082474226804,-0.5824742268041238,0.6391752577319587,-0.520618556701031,0.5515463917525774,-0.4639175257731959,0.4329896907216495,-0.4639175257731959,0.39690721649484534,-0.42783505154639173,0.6855670103092784,-0.3865979381443299,0.5876288659793815,-0.33505154639175255,0.4690721649484536,-0.3247422680412371,0.44329896907216493,-0.26288659793814434,0.7061855670103093,-0.2422680412371134,0.6082474226804123,-0.1958762886597938,0.4896907216494845,-0.18556701030927836,0.4742268041237113,-0.0979381443298969,0.6804123711340206,-0.10824742268041238,0.5876288659793815,-0.06701030927835051,0.4845360824742268,-0.05154639175257732
2,0.0,0.0,0.031088082901554404,-0.27979274611398963,0.12953367875647667,-0.5958549222797928,0.19689119170984457,-0.8186528497409327,0.23316062176165803,-1.0,0.3471502590673575,-0.5751295336787565,0.6528497409326425,-0.533678756476684,0.5699481865284974,-0.47668393782383417,0.45077720207253885,-0.46113989637305697,0.40414507772020725,-0.41450777202072536,0.6994818652849741,-0.39896373056994816,0.6113989637305699,-0.3471502590673575,0.48704663212435234,-0.3316062176165803,0.44559585492227977,-0.24352331606217617,0.7046632124352331,-0.24870466321243523,0.6217616580310881,-0.20207253886010362,0.5025906735751295,-0.18652849740932642,0.48186528497409326,-0.06217616580310881,0.6839378238341969,-0.09844559585492228,0.5958549222797928,-0.06735751295336788,0.49222797927461137,-0.05699481865284974
2,0.0,0.0,0.025906735751295335,-0.27461139896373055,0.11917098445595854,-0.5906735751295337,0.18652849740932642,-0.8186528497409327,0.21761658031088082,-1.0,0.3316062176165803,-0.5803108808290155,0.6424870466321243,-0.5440414507772021,0.5647668393782384,-0.48704663212435234,0.44559585492227977,-0.46632124352331605,0.38860103626943004,-0.41968911917098445,0.694300518134715,-0.40932642487046633,0.6113989637305699,-0.35751295336787564,0.49222797927461137,-0.33678756476683935,0.44041450777202074,-0.24352331606217617,0.694300518134715,-0.25906735751295334,0.616580310880829,-0.20725388601036268,0.5025906735751295,-0.18652849740932642,0.48186528497409326,-0.06735751295336788,0.6787564766839378,-0.11398963730569948,0.5958549222797928,-0.07772020725388601,0.5025906735751295,-0.05699481865284974
2,0.0,0.0,0.07567567567567568,-0.2810810810810811,0.2,-0.5945945945945946,0.2918918918918919,-0.8216216216216217,0.3567567567567568,-1.0,0.41621621621621624,-0.5891891891891892,0.7351351351351352,-0.4918918918918919,0.654054054054054,-0.43243243243243246,0.5297297297297298,-0.44324324324324327,0.4486486486486487,-0.42162162162162165,0.7675675675675676,-0.35135135135135137,0.6648648648648648,-0.3027027027027027,0.5297297297297298,-0.31351351351351353,0.4702702702702703,-0.23783783783783785,0.7675675675675676,-0.1945945945945946,0.6702702702702703,-0.15675675675675677,0.5405405405405406,-0.16216216216216217,0.4918918918918919,-0.04864864864864865,0.7297297297297297,-0.04864864864864865,0.6378378378378379,-0.021621621621621623,0.518918918918919,-0.032432432432432434
2,0.0,0.0,0.10674157303370786,-0.2752808988764045,0.2752808988764045,-0.5786516853932584,0.38202247191011235,-0.8089887640449438,0.4438202247191011,-1.0,0.47191011235955055,-0.6067415730337079,0.797752808988764,-0.4438202247191011,0.702247191011236,-0.398876404494382,0.5730337078651685,-0.4438202247191011,0.4887640449438202,-0.449438202247191,0.8370786516853933,-0.3089887640449438,0.7247191011235955,-0.2640449438202247,0.5898876404494382,-0.30337078651685395,0.4887640449438202,-0.2696629213483146,0.8202247191011236,-0.15730337078651685,0.7134831460674157,-0.11235955056179775,0.5842696629213483,-0.14606741573033707,0.4887640449438202,-0.07303370786516854,0.7471910112359551,-0.0056179775280898875,0.6460674157303371,0.028089887640449437,0.5280898876404494,-0.0056179775280898875
2,0.0,0.0,0.1497005988023952,-0.2754491017964072,0.3772455089820359,-0.5808383233532934,0.5209580838323353,-0.8083832335329342,0.6227544910179641,-1.0,0.5688622754491018,-0.5808383233532934,0.9281437125748503,-0.3652694610778443,0.8323353293413174,-0.31736526946107785,0.6946107784431138,-0.3712574850299401,0.562874251497006,-0.4251497005988024,0.9461077844311377,-0.2155688622754491,0.8323353293413174,-0.18562874251497005,0.6946107784431138,-0.23353293413173654,0.5389221556886228,-0.24550898203592814,0.8862275449101796,-0.0658682634730539,0.7784431137724551,-0.041916167664670656,0.6526946107784432,-0.08982035928143713,0.5149700598802395,-0.04790419161676647,0.7784431137724551,0.07784431137724551,0.6766467065868264,0.08982035928143713,0.5568862275449101,0.03592814371257485
2,0.0,0.0,0.24022346368715083,-0.2569832402234637,0.5139664804469274,-0.4748603351955307,0.6983240223463687,-0.6424581005586593,0.8379888268156425,-0.7932960893854749,0.6983240223463687,-0.48044692737430167,1.0,-0.1564245810055866,0.88268156424581,-0.11731843575418995,0.776536312849162,-0.20670391061452514,0.6480446927374302,-0.35195530726256985,0.9608938547486033,-0.01675977653631285,0.8268156424581006,-0.01675977653631285,0.7262569832402235,-0.1005586592178771,0.5754189944134078,-0.18994413407821228,0.8659217877094972,0.09497206703910614,0.7374301675977654,0.08379888268156424,0.6368715083798883,0.0,0.49162011173184356,-0.0111731843575419,0.7206703910614525,0.19553072625698323,0.6201117318435754,0.16759776536312848,0.5195530726256983,0.0893854748603352
2,0.0,0.0,0.21714285714285714,-0.21714285714285714,0.5142857142857142,-0.41714285714285715,0.7371428571428571,-0.5771428571428572,0.8914285714285715,-0.7371428571428571,0.7085714285714285,-0.44571428571428573,1.0,-0.08571428571428572,0.8857142857142857,-0.05714285714285714,0.7657142857142857,-0.13142857142857142,0.6457142857142857,-0.32571428571428573,0.9314285714285714,0.06285714285714286,0.7942857142857143,0.05714285714285714,0.6857142857142857,-0.045714285714285714,0.56,-0.17142857142857143,0.8342857142857143,0.17714285714285713,0.6914285714285714,0.16,0.5885714285714285,0.05714285714285714,0.48,0.011428571428571429,0.68,0.2742857142857143,0.56,0.24571428571428572,0.46285714285714286,0.14857142857142858
2,0.0,0.0,0.18292682926829268,-0.2804878048780488,0.4451219512195122,-0.5609756097560976,0.6341463414634146,-0.7682926829268293,0.7682926829268293,-0.9573170731707317,0.676829268292683,-0.5365853658536586,1.0,-0.23170731707317074,0.9390243902439024,-0.17682926829268292,0.8414634146341463,-0.21341463414634146,0.6463414634146342,-0.3719512195121951,0.9817073170731707,-0.06707317073170732,0.8658536585365854,-0.03048780487804878,0.7317073170731707,-0.0975609756097561,0.5975609756097561,-0.17682926829268292,0.9146341463414634,0.07926829268292683,0.7865853658536586,0.0975609756097561,0.6585365853658537,0.03048780487804878,0.5487804878048781,0.03048780487804878,0.7926829268292683,0.1951219512195122,0.6890243902439024,0.1951219512195122,0.573170731707317,0.1402439024390244
2,0.0,0.0,0.1437125748502994,-0.2934131736526946,0.3652694610778443,-0.5808383233532934,0.5329341317365269,-0.7964071856287425,0.6347305389221557,-1.0,0.5868263473053892,-0.5748502994011976,0.9341317365269461,-0.30538922155688625,0.874251497005988,-0.24550898203592814,0.7664670658682635,-0.2754491017964072,0.5808383233532934,-0.40718562874251496,0.9341317365269461,-0.1437125748502994,0.8263473053892215,-0.10179640718562874,0.6826347305389222,-0.16167664670658682,0.5568862275449101,-0.2155688622754491,0.8982035928143712,0.005988023952095809,0.7784431137724551,0.029940119760479042,0.6407185628742516,-0.023952095808383235,0.5269461077844312,-0.005988023952095809,0.7904191616766467,0.1377245508982036,0.6766467065868264,0.1377245508982036,0.5568862275449101,0.08383233532934131
2,0.0,0.0,0.09826589595375723,-0.2832369942196532,0.3063583815028902,-0.5722543352601156,0.4508670520231214,-0.7861271676300579,0.5375722543352601,-1.0,0.5375722543352601,-0.5895953757225434,0.8959537572254336,-0.37572254335260113,0.8208092485549133,-0.3236994219653179,0.6878612716763006,-0.35260115606936415,0.5433526011560693,-0.41040462427745666,0.9017341040462428,-0.2023121387283237,0.791907514450867,-0.16184971098265896,0.653179190751445,-0.20809248554913296,0.5375722543352601,-0.2023121387283237,0.8670520231213873,-0.03468208092485549,0.7514450867052023,0.0,0.6184971098265896,-0.04046242774566474,0.5260115606936416,0.011560693641618497,0.7803468208092486,0.10982658959537572,0.6647398843930635,0.12716763005780346,0.5375722543352601,0.09248554913294797
2,0.0,0.0,0.09090909090909091,-0.2887700534759358,0.23529411764705882,-0.5828877005347594,0.34759358288770054,-0.8074866310160428,0.40641711229946526,-1.0,0.5133689839572193,-0.5775401069518716,0.8021390374331551,-0.40641711229946526,0.7058823529411765,-0.35294117647058826,0.5721925133689839,-0.39572192513368987,0.5561497326203209,-0.40106951871657753,0.8288770053475936,-0.25668449197860965,0.7219251336898396,-0.20855614973262032,0.5935828877005348,-0.24598930481283424,0.5668449197860963,-0.20855614973262032,0.8128342245989305,-0.09090909090909091,0.7058823529411765,-0.0481283422459893,0.5828877005347594,-0.0748663101604278,0.5668449197860963,-0.0053475935828877,0.7272727272727273,0.0748663101604278,0.6203208556149733,0.10160427807486631,0.5133689839572193,0.06951871657754011
2,0.0,0.0,0.09895833333333333,-0.3020833333333333,0.22916666666666666,-0.5885416666666666,0.3333333333333333,-0.8125,0.4010416666666667,-1.0,0.5052083333333334,-0.5833333333333334,0.78125,-0.4479166666666667,0.6822916666666666,-0.390625,0.5520833333333334,-0.40625,0.5520833333333334,-0.40625,0.828125,-0.296875,0.7239583333333334,-0.25,0.5885416666666666,-0.2604166666666667,0.5729166666666666,-0.21875,0.8020833333333334,-0.13020833333333334,0.6927083333333334,-0.08854166666666667,0.5677083333333334,-0.10416666666666667,0.578125,-0.020833333333333332,0.71875,0.026041666666666668,0.6197916666666666,0.046875,0.5260416666666666,0.03125
2,0.0,0.0,0.11518324607329843,-0.3089005235602094,0.25654450261780104,-0.5968586387434555,0.3717277486910995,-0.8167539267015707,0.4397905759162304,-1.0,0.5549738219895288,-0.5549738219895288,0.7958115183246073,-0.4031413612565445,0.7172774869109948,-0.33507853403141363,0.5968586387434555,-0.3507853403141361,0.5968586387434555,-0.3769633507853403,0.837696335078534,-0.24607329842931938,0.7486910994764397,-0.18848167539267016,0.6230366492146597,-0.193717277486911,0.612565445026178,-0.18848167539267016,0.8115183246073299,-0.07853403141361257,0.7277486910994765,-0.02617801047120419,0.6178010471204188,-0.031413612565445025,0.6073298429319371,0.005235602094240838,0.7591623036649214,0.08900523560209424,0.7068062827225131,0.13612565445026178,0.6387434554973822,0.14659685863874344
2,0.0,0.0,0.1497326203208556,-0.2994652406417112,0.3155080213903743,-0.5935828877005348,0.46524064171123,-0.8128342245989305,0.5668449197860963,-1.0,0.6363636363636364,-0.5508021390374331,0.8502673796791443,-0.39037433155080214,0.7647058823529411,-0.32085561497326204,0.6524064171122995,-0.32620320855614976,0.6684491978609626,-0.36363636363636365,0.893048128342246,-0.20320855614973263,0.8074866310160428,-0.13903743315508021,0.6951871657754011,-0.1497326203208556,0.6684491978609626,-0.1657754010695187,0.8716577540106952,-0.0106951871657754,0.8021390374331551,0.03208556149732621,0.7005347593582888,0.0106951871657754,0.6363636363636364,0.03208556149732621,0.7914438502673797,0.16042780748663102,0.7379679144385026,0.1925133689839572,0.6737967914438503,0.17647058823529413
2,0.0,0.0,0.20994475138121546,-0.27624309392265195,0.4530386740331492,-0.5414364640883977,0.6077348066298343,-0.7513812154696132,0.7071823204419889,-0.9392265193370166,0.7403314917127072,-0.47513812154696133,1.0,-0.2265193370165746,0.9005524861878453,-0.1878453038674033,0.7900552486187845,-0.2430939226519337,0.7237569060773481,-0.3149171270718232,0.9613259668508287,-0.06629834254143646,0.850828729281768,-0.06077348066298342,0.7292817679558011,-0.13812154696132597,0.6740331491712708,-0.13812154696132597,0.856353591160221,0.06077348066298342,0.7569060773480663,0.055248618784530384,0.6519337016574586,-0.016574585635359115,0.6077348066298343,0.04419889502762431,0.712707182320442,0.1712707182320442,0.6243093922651933,0.16574585635359115,0.5414364640883977,0.11049723756906077
2,0.0,0.0,0.2247191011235955,-0.25280898876404495,0.48314606741573035,-0.4943820224719101,0.6573033707865169,-0.6853932584269663,0.7752808988764045,-0.8539325842696629,0.7584269662921348,-0.449438202247191,1.0,-0.1404494382022472,0.9044943820224719,-0.08426966292134831,0.7865168539325843,-0.1348314606741573,0.7359550561797753,-0.30337078651685395,0.9831460674157303,0.0,0.8707865168539326,0.033707865168539325,0.7528089887640449,-0.033707865168539325,0.6797752808988764,-0.1348314606741573,0.8876404494382022,0.12359550561797752,0.7808988764044944,0.1404494382022472,0.6741573033707865,0.06741573033707865,0.6123595505617978,0.0449438202247191,0.7415730337078652,0.21910112359550563,0.6460674157303371,0.2303370786516854,0.5617977528089888,0.17415730337078653
2,0.0,0.0,0.22807017543859648,-0.25146198830409355,0.47953216374269003,-0.47953216374269003,0.6666666666666666,-0.6666666666666666,0.7953216374269005,-0.8304093567251462,0.7485380116959064,-0.4444444444444444,1.0,-0.12280701754385964,0.9122807017543859,-0.06432748538011696,0.8070175438596491,-0.1111111111111111,0.7192982456140351,-0.30994152046783624,0.9883040935672515,0.017543859649122806,0.8830409356725146,0.04093567251461988,0.7660818713450293,-0.03508771929824561,0.6608187134502924,-0.15204678362573099,0.9005847953216374,0.14035087719298245,0.7777777777777778,0.15204678362573099,0.672514619883041,0.07602339181286549,0.5847953216374269,0.029239766081871343,0.7426900584795322,0.23976608187134502,0.6374269005847953,0.24561403508771928,0.5497076023391813,0.17543859649122806
2,0.0,0.0,0.20958083832335328,-0.24550898203592814,0.47904191616766467,-0.47305389221556887,0.6706586826347305,-0.6586826347305389,0.7904191616766467,-0.8263473053892215,0.7305389221556886,-0.46107784431137727,1.0,-0.10179640718562874,0.8922155688622755,-0.0658682634730539,0.7784431137724551,-0.1497005988023952,0.688622754491018,-0.33532934131736525,0.9820359281437125,0.029940119760479042,0.8502994011976048,0.041916167664670656,0.7425149700598802,-0.059880239520958084,0.6227544910179641,-0.17964071856287425,0.9101796407185628,0.15568862275449102,0.7724550898203593,0.15568862275449102,0.6586826347305389,0.059880239520958084,0.5449101796407185,0.0,0.7604790419161677,0.24550898203592814,0.6407185628742516,0.24550898203592814,0.5389221556886228,0.16167664670658682
2,0.0,0.0,0.19393939393939394,-0.2545454545454545,0.4666666666666667,-0.503030303030303,0.6484848484848484,-0.703030303030303,0.7575757575757576,-0.8787878787878788,0.7151515151515152,-0.503030303030303,1.0,-0.15757575757575756,0.8909090909090909,-0.11515151515151516,0.7878787878787878,-0.2,0.6909090909090909,-0.38181818181818183,1.0,-0.024242424242424242,0.8666666666666667,0.0,0.7575757575757576,-0.09090909090909091,0.6363636363636364,-0.22424242424242424,0.9272727272727272,0.10909090909090909,0.7878787878787878,0.12727272727272726,0.6787878787878788,0.03636363636363636,0.5636363636363636,-0.030303030303030304,0.7696969696969697,0.21818181818181817,0.6484848484848484,0.23030303030303031,0.5515151515151515,0.15151515151515152
2,0.0,0.0,0.11834319526627218,-0.28994082840236685,0.33727810650887574,-0.5680473372781065,0.4970414201183432,-0.7928994082840237,0.5857988165680473,-1.0,0.6272189349112426,-0.5680473372781065,0.9349112426035503,-0.28402366863905326,0.834319526627219,-0.22485207100591717,0.7100591715976331,-0.27218934911242604,0.6390532544378699,-0.40828402366863903,0.9585798816568047,-0.14201183431952663,0.834319526627219,-0.10059171597633136,0.6923076923076923,-0.16568047337278108,0.621301775147929,-0.21893491124260356,0.9053254437869822,0.011834319526627219,0.7692307692307693,0.04142011834319527,0.6331360946745562,-0.023668639053254437,0.5857988165680473,-0.005917159763313609,0.7692307692307693,0.15384615384615385,0.6331360946745562,0.16568047337278108,0.5207100591715976,0.10650887573964497
2,0.0,0.0,0.09239130434782608,-0.28804347826086957,0.266304347826087,-0.5869565217391305,0.41847826086956524,-0.8097826086956522,0.4945652173913043,-1.0,0.5543478260869565,-0.5597826086956522,0.8315217391304348,-0.358695652173913,0.7336956521739131,-0.30434782608695654,0.6141304347826086,-0.33695652173913043,0.592391304347826,-0.3967391304347826,0.8695652173913043,-0.21195652173913043,0.75,-0.16847826086956522,0.6086956521739131,-0.21195652173913043,0.6032608695652174,-0.20652173913043478,0.8478260869565217,-0.04891304347826087,0.7282608695652174,-0.021739130434782608,0.592391304347826,-0.06521739130434782,0.592391304347826,-0.005434782608695652,0.7554347826086957,0.08695652173913043,0.6358695652173914,0.09782608695652174,0.5163043478260869,0.059782608695652176
2,0.0,0.0,0.09743589743589744,-0.29743589743589743,0.2358974358974359,-0.5948717948717949,0.358974358974359,-0.8153846153846154,0.4256410256410256,-1.0,0.5128205128205128,-0.5641025641025641,0.7743589743589744,-0.4,0.6820512820512821,-0.3435897435897436,0.5641025641025641,-0.36923076923076925,0.558974358974359,-0.38461538461538464,0.8102564102564103,-0.24615384615384617,0.7076923076923077,-0.2,0.5794871794871795,-0.2205128205128205,0.5846153846153846,-0.19487179487179487,0.8,-0.08205128205128205,0.6974358974358974,-0.05641025641025641,0.5692307692307692,-0.07692307692307693,0.5846153846153846,0.0,0.7230769230769231,0.05641025641025641,0.6256410256410256,0.06666666666666667,0.517948717948718,0.03076923076923077
2,0.0,0.0,0.08415841584158416,-0.30198019801980197,0.21782178217821782,-0.599009900990099,0.33663366336633666,-0.8168316831683168,0.400990099009901,-1.0,0.504950495049505,-0.5693069306930693,0.7623762376237624,-0.42574257425742573,0.6732673267326733,-0.3712871287128713,0.5544554455445545,-0.3910891089108911,0.5594059405940595,-0.39603960396039606,0.8168316831683168,-0.2871287128712871,0.7227722772277227,-0.2376237623762376,0.594059405940594,-0.2524752475247525,0.5891089108910891,-0.21287128712871287,0.806930693069307,-0.12871287128712872,0.7128712871287128,-0.0891089108910891,0.5891089108910891,-0.10891089108910891,0.599009900990099,-0.019801980198019802,0.7475247524752475,0.009900990099009901,0.6584158415841584,0.024752475247524754,0.5594059405940595,0.0049504950495049506
2,0.0,0.0,0.08,-0.305,0.2,-0.6,0.31,-0.82,0.385,-1.0,0.51,-0.56,0.775,-0.43,0.68,-0.38,0.555,-0.395,0.56,-0.375,0.81,-0.285,0.715,-0.24,0.585,-0.25,0.585,-0.185,0.795,-0.12,0.7,-0.085,0.58,-0.095,0.59,0.005,0.745,0.025,0.65,0.04,0.55,0.025
2,0.0,0.0,0.06896551724137931,-0.3054187192118227,0.18226600985221675,-0.6059113300492611,0.29064039408866993,-0.8226600985221675,0.3645320197044335,-1.0,0.5073891625615764,-0.5369458128078818,0.7438423645320197,-0.4630541871921182,0.6650246305418719,-0.4088669950738916,0.5467980295566502,-0.4039408866995074,0.5665024630541872,-0.3399014778325123,0.7980295566502463,-0.2955665024630542,0.7192118226600985,-0.2512315270935961,0.5960591133004927,-0.2413793103448276,0.5960591133004927,-0.14285714285714285,0.7832512315270936,-0.11822660098522167,0.7093596059113301,-0.08374384236453201,0.5911330049261084,-0.07389162561576355,0.6009852216748769,0.04433497536945813,0.7389162561576355,0.04433497536945813,0.6650246305418719,0.06403940886699508,0.5714285714285714,0.06896551724137931
2,0.0,0.0,0.0825242718446602,-0.3058252427184466,0.20388349514563106,-0.6019417475728155,0.3155339805825243,-0.8155339805825242,0.3883495145631068,-1.0,0.5242718446601942,-0.5485436893203883,0.7718446601941747,-0.45145631067961167,0.6796116504854369,-0.4029126213592233,0.558252427184466,-0.4077669902912621,0.5776699029126213,-0.3640776699029126,0.8009708737864077,-0.2961165048543689,0.7135922330097088,-0.25728155339805825,0.5825242718446602,-0.25728155339805825,0.6116504854368932,-0.17475728155339806,0.7961165048543689,-0.13106796116504854,0.7087378640776699,-0.10194174757281553,0.587378640776699,-0.10194174757281553,0.6213592233009708,0.0048543689320388345,0.7572815533980582,0.014563106796116505,0.6747572815533981,0.03398058252427184,0.5728155339805825,0.02912621359223301
2,0.0,0.0,0.10204081632653061,-0.30612244897959184,0.22959183673469388,-0.5969387755102041,0.3469387755102041,-0.8163265306122449,0.4336734693877551,-1.0,0.5714285714285714,-0.576530612244898,0.8112244897959183,-0.42857142857142855,0.7040816326530612,-0.37244897959183676,0.5714285714285714,-0.39285714285714285,0.6224489795918368,-0.39285714285714285,0.8367346938775511,-0.27040816326530615,0.7295918367346939,-0.22959183673469388,0.5969387755102041,-0.23979591836734693,0.6428571428571429,-0.1989795918367347,0.826530612244898,-0.10204081632653061,0.7193877551020408,-0.0663265306122449,0.5969387755102041,-0.08163265306122448,0.6377551020408163,-0.00510204081632653,0.7755102040816326,0.04591836734693878,0.673469387755102,0.07142857142857142,0.5714285714285714,0.05102040816326531
2,0.0,0.0,0.18181818181818182,-0.3048128342245989,0.41711229946524064,-0.5721925133689839,0.6042780748663101,-0.7754010695187166,0.7272727272727273,-0.9572192513368984,0.7219251336898396,-0.5080213903743316,1.0,-0.22994652406417113,0.9144385026737968,-0.1711229946524064,0.8021390374331551,-0.21390374331550802,0.732620320855615,-0.3422459893048128,0.9732620320855615,-0.08021390374331551,0.8663101604278075,-0.0427807486631016,0.7486631016042781,-0.09090909090909091,0.7058823529411765,-0.15508021390374332,0.9251336898395722,0.06417112299465241,0.8181818181818182,0.08021390374331551,0.7005347593582888,0.026737967914438502,0.6631016042780749,0.0374331550802139,0.8181818181818182,0.18181818181818182,0.7165775401069518,0.18716577540106952,0.6096256684491979,0.13903743315508021
2,0.0,0.0,0.1956521739130435,-0.27717391304347827,0.44565217391304346,-0.5271739130434783,0.6358695652173914,-0.7228260869565217,0.7663043478260869,-0.8913043478260869,0.7554347826086957,-0.47282608695652173,1.0,-0.18478260869565216,0.907608695652174,-0.09239130434782608,0.7989130434782609,-0.11413043478260869,0.7663043478260869,-0.31521739130434784,0.9891304347826086,-0.021739130434782608,0.8858695652173914,0.04891304347826087,0.7663043478260869,0.016304347826086956,0.7282608695652174,-0.1358695652173913,0.9402173913043478,0.13043478260869565,0.8260869565217391,0.1793478260869565,0.7065217391304348,0.14673913043478262,0.6684782608695652,0.059782608695652176,0.8152173913043478,0.2554347826086957,0.7065217391304348,0.29347826086956524,0.6032608695652174,0.2554347826086957
2,0.0,0.0,0.2033898305084746,-0.2768361581920904,0.4632768361581921,-0.5254237288135594,0.672316384180791,-0.711864406779661,0.8192090395480226,-0.8813559322033898,0.7796610169491526,-0.4689265536723164,1.0,-0.1864406779661017,0.9096045197740112,-0.10734463276836158,0.8022598870056498,-0.13559322033898305,0.7796610169491526,-0.3050847457627119,0.9830508474576272,-0.02824858757062147,0.8757062146892656,0.022598870056497175,0.768361581920904,-0.01694915254237288,0.7401129943502824,-0.12429378531073447,0.9152542372881356,0.12994350282485875,0.7966101694915254,0.15819209039548024,0.6779661016949152,0.1016949152542373,0.6779661016949152,0.07344632768361582,0.7740112994350282,0.24858757062146894,0.655367231638418,0.2542372881355932,0.5536723163841808,0.2033898305084746
2,0.0,0.0,0.1694915254237288,-0.2937853107344633,0.4293785310734463,-0.5536723163841808,0.6440677966101694,-0.7457627118644068,0.7853107344632768,-0.9265536723163842,0.7288135593220338,-0.5141242937853108,1.0,-0.21468926553672316,0.8983050847457628,-0.14689265536723164,0.7853107344632768,-0.1807909604519774,0.7288135593220338,-0.3502824858757062,1.0,-0.05649717514124294,0.8870056497175142,-0.005649717514124294,0.7627118644067796,-0.04519774011299435,0.6949152542372882,-0.15819209039548024,0.9378531073446328,0.10734463276836158,0.8135593220338984,0.14124293785310735,0.6892655367231638,0.096045197740113,0.6440677966101694,0.05084745762711865,0.807909604519774,0.24293785310734464,0.6949152542372882,0.2768361581920904,0.5932203389830508,0.24858757062146894
2,0.0,0.0,0.10869565217391304,-0.30434782608695654,0.2826086956521739,-0.5869565217391305,0.46195652173913043,-0.8097826086956522,0.5706521739130435,-1.0,0.5815217391304348,-0.5815217391304348,0.8206521739130435,-0.42391304347826086,0.7336956521739131,-0.33152173913043476,0.6195652173913043,-0.32608695652173914,0.6358695652173914,-0.4076086956521739,0.875,-0.25,0.7771739130434783,-0.1793478260869565,0.6521739130434783,-0.19021739130434784,0.657608695652174,-0.21195652173913043,0.8804347826086957,-0.059782608695652176,0.7771739130434783,-0.016304347826086956,0.6521739130434783,-0.02717391304347826,0.657608695652174,-0.005434782608695652,0.8206521739130435,0.10326086956521739,0.7119565217391305,0.1358695652173913,0.6032608695652174,0.125
2,0.0,0.0,0.0979381443298969,-0.30412371134020616,0.25257731958762886,-0.5927835051546392,0.39690721649484534,-0.8144329896907216,0.4896907216494845,-1.0,0.5360824742268041,-0.5876288659793815,0.7783505154639175,-0.44329896907216493,0.6752577319587629,-0.3711340206185567,0.5463917525773195,-0.3865979381443299,0.5927835051546392,-0.4175257731958763,0.8144329896907216,-0.29381443298969073,0.7164948453608248,-0.2422680412371134,0.5876288659793815,-0.24742268041237114,0.6237113402061856,-0.23195876288659795,0.8298969072164949,-0.12371134020618557,0.7164948453608248,-0.08762886597938144,0.5876288659793815,-0.0979381443298969,0.634020618556701,-0.03608247422680412,0.7835051546391752,0.03608247422680412,0.6649484536082474,0.06701030927835051,0.5515463917525774,0.05154639175257732
2,0.0,0.0,0.06372549019607843,-0.29901960784313725,0.18137254901960784,-0.5882352941176471,0.28921568627450983,-0.8137254901960784,0.3284313725490196,-1.0,0.45588235294117646,-0.5833333333333334,0.696078431372549,-0.46568627450980393,0.6176470588235294,-0.39215686274509803,0.5049019607843137,-0.39215686274509803,0.5245098039215687,-0.4264705882352941,0.7401960784313726,-0.3382352941176471,0.6617647058823529,-0.27450980392156865,0.5392156862745098,-0.2696078431372549,0.5735294117647058,-0.25,0.7696078431372549,-0.17647058823529413,0.6813725490196079,-0.12745098039215685,0.5637254901960784,-0.12254901960784313,0.5980392156862745,-0.06372549019607843,0.75,-0.024509803921568627,0.6519607843137255,0.00980392156862745,0.5441176470588235,0.014705882352941176
2,0.0,0.0,0.05238095238095238,-0.3047619047619048,0.14285714285714285,-0.5904761904761905,0.23809523809523808,-0.8142857142857143,0.28095238095238095,-1.0,0.4095238095238095,-0.6142857142857143,0.680952380952381,-0.5190476190476191,0.6095238095238096,-0.4380952380952381,0.49047619047619045,-0.42857142857142855,0.4857142857142857,-0.46190476190476193,0.7380952380952381,-0.3904761904761905,0.6571428571428571,-0.319047619047619,0.5333333333333333,-0.3047619047619048,0.5428571428571428,-0.2857142857142857,0.7714285714285715,-0.22857142857142856,0.6761904761904762,-0.1761904761904762,0.5571428571428572,-0.17142857142857143,0.5857142857142857,-0.10476190476190476,0.7571428571428571,-0.09523809523809523,0.6523809523809524,-0.05238095238095238,0.5476190476190477,-0.047619047619047616
2,0.0,0.0,0.057971014492753624,-0.30917874396135264,0.1497584541062802,-0.5990338164251208,0.24154589371980675,-0.8164251207729468,0.2898550724637681,-1.0,0.42995169082125606,-0.6231884057971014,0.7004830917874396,-0.5120772946859904,0.6231884057971014,-0.43478260869565216,0.5072463768115942,-0.42995169082125606,0.5024154589371981,-0.45893719806763283,0.7536231884057971,-0.38164251207729466,0.6763285024154589,-0.3140096618357488,0.5507246376811594,-0.2995169082125604,0.5555555555555556,-0.28019323671497587,0.7874396135265701,-0.2222222222222222,0.6956521739130435,-0.17391304347826086,0.5748792270531401,-0.1642512077294686,0.5942028985507246,-0.0966183574879227,0.7632850241545893,-0.07246376811594203,0.6666666666666666,-0.033816425120772944,0.5603864734299517,-0.024154589371980676
2,0.0,0.0,0.023148148148148147,-0.28703703703703703,0.10185185185185185,-0.5833333333333334,0.17592592592592593,-0.8148148148148148,0.20833333333333334,-1.0,0.35185185185185186,-0.6203703703703703,0.6342592592592593,-0.5601851851851852,0.5694444444444444,-0.47685185185185186,0.4583333333333333,-0.4537037037037037,0.4305555555555556,-0.48148148148148145,0.7037037037037037,-0.4351851851851852,0.6296296296296297,-0.35185185185185186,0.5092592592592593,-0.3333333333333333,0.49537037037037035,-0.3194444444444444,0.7546296296296297,-0.2916666666666667,0.6712962962962963,-0.2175925925925926,0.5555555555555556,-0.18981481481481483,0.5509259259259259,-0.14351851851851852,0.7546296296296297,-0.14351851851851852,0.6666666666666666,-0.08333333333333333,0.5694444444444444,-0.05555555555555555
2,0.0,0.0,0.03225806451612903,-0.2903225806451613,0.11981566820276497,-0.5898617511520737,0.20276497695852536,-0.815668202764977,0.2350230414746544,-1.0,0.37327188940092165,-0.6267281105990783,0.6728110599078341,-0.5391705069124424,0.6129032258064516,-0.46543778801843316,0.4930875576036866,-0.45622119815668205,0.43317972350230416,-0.48847926267281105,0.7235023041474654,-0.41013824884792627,0.6451612903225806,-0.3456221198156682,0.5207373271889401,-0.34101382488479265,0.4838709677419355,-0.3225806451612903,0.7419354838709677,-0.2626728110599078,0.6682027649769585,-0.2073732718894009,0.5529953917050692,-0.19815668202764977,0.5161290322580645,-0.14746543778801843,0.7096774193548387,-0.10599078341013825,0.6359447004608295,-0.059907834101382486,0.5391705069124424,-0.055299539170506916
2,0.0,0.0,0.06944444444444445,-0.2916666666666667,0.18518518518518517,-0.5879629629629629,0.27314814814814814,-0.8194444444444444,0.3055555555555556,-1.0,0.4027777777777778,-0.6064814814814815,0.7175925925925926,-0.5092592592592593,0.6435185185185185,-0.4398148148148148,0.5231481481481481,-0.4398148148148148,0.4583333333333333,-0.4722222222222222,0.7777777777777778,-0.38425925925925924,0.6898148148148148,-0.3287037037037037,0.5509259259259259,-0.3287037037037037,0.49537037037037035,-0.30092592592592593,0.7685185185185185,-0.24537037037037038,0.6712962962962963,-0.19907407407407407,0.5416666666666666,-0.2037037037037037,0.5231481481481481,-0.11574074074074074,0.6851851851851852,-0.09259259259259259,0.5879629629629629,-0.06018518518518518,0.48148148148148145,-0.07407407407407407
2,0.0,0.0,0.12307692307692308,-0.29743589743589743,0.29743589743589743,-0.5897435897435898,0.4461538461538462,-0.8102564102564103,0.5282051282051282,-1.0,0.5435897435897435,-0.5641025641025641,0.8,-0.4512820512820513,0.7025641025641025,-0.37948717948717947,0.5743589743589743,-0.38974358974358975,0.5846153846153846,-0.38974358974358975,0.841025641025641,-0.27692307692307694,0.7333333333333333,-0.22564102564102564,0.6051282051282051,-0.24615384615384617,0.6,-0.2,0.8051282051282052,-0.10256410256410256,0.6974358974358974,-0.07179487179487179,0.5794871794871795,-0.10256410256410256,0.6,-0.010256410256410256,0.7333333333333333,0.05641025641025641,0.6205128205128205,0.08717948717948718,0.5128205128205128,0.06153846153846154
2,0.0,0.0,0.13114754098360656,-0.29508196721311475,0.30601092896174864,-0.5956284153005464,0.45901639344262296,-0.819672131147541,0.5573770491803278,-1.0,0.6229508196721312,-0.5628415300546448,0.8360655737704918,-0.4262295081967213,0.73224043715847,-0.36065573770491804,0.6120218579234973,-0.3770491803278688,0.6666666666666666,-0.3770491803278688,0.8579234972677595,-0.25136612021857924,0.7486338797814208,-0.20218579234972678,0.6229508196721312,-0.22404371584699453,0.6775956284153005,-0.18032786885245902,0.8360655737704918,-0.07103825136612021,0.726775956284153,-0.03825136612021858,0.6065573770491803,-0.06557377049180328,0.6666666666666666,0.01639344262295082,0.7814207650273224,0.08196721311475409,0.6721311475409836,0.10382513661202186,0.5683060109289617,0.08196721311475409
2,0.0,0.0,0.10614525139664804,-0.30726256983240224,0.27932960893854747,-0.6033519553072626,0.44692737430167595,-0.8212290502793296,0.5642458100558659,-1.0,0.6256983240223464,-0.5586592178770949,0.8324022346368715,-0.37988826815642457,0.7206703910614525,-0.31843575418994413,0.5977653631284916,-0.35195530726256985,0.6759776536312849,-0.3575418994413408,0.8435754189944135,-0.2122905027932961,0.7206703910614525,-0.17318435754189945,0.6033519553072626,-0.19553072625698323,0.6871508379888268,-0.15083798882681565,0.8212290502793296,-0.03910614525139665,0.7094972067039106,-0.01675977653631285,0.5921787709497207,-0.03910614525139665,0.6759776536312849,0.05027932960893855,0.7541899441340782,0.11173184357541899,0.6480446927374302,0.12849162011173185,0.553072625698324,0.11173184357541899
2,0.0,0.0,0.11475409836065574,-0.31693989071038253,0.28415300546448086,-0.6120218579234973,0.45901639344262296,-0.825136612021858,0.5792349726775956,-1.0,0.6174863387978142,-0.5300546448087432,0.7923497267759563,-0.4098360655737705,0.6775956284153005,-0.34972677595628415,0.5573770491803278,-0.366120218579235,0.6721311475409836,-0.32786885245901637,0.8142076502732241,-0.22950819672131148,0.6994535519125683,-0.1912568306010929,0.5737704918032787,-0.20218579234972678,0.6939890710382514,-0.12568306010928962,0.8032786885245902,-0.04371584699453552,0.6994535519125683,-0.02185792349726776,0.5792349726775956,-0.03825136612021858,0.6830601092896175,0.07650273224043716,0.7650273224043715,0.11475409836065574,0.6612021857923497,0.12568306010928962,0.5683060109289617,0.1092896174863388
2,0.0,0.0,0.12299465240641712,-0.3155080213903743,0.2887700534759358,-0.6096256684491979,0.46524064171123,-0.8288770053475936,0.5882352941176471,-1.0,0.6096256684491979,-0.5454545454545454,0.8181818181818182,-0.40106951871657753,0.7112299465240641,-0.3422459893048128,0.5935828877005348,-0.3582887700534759,0.6684491978609626,-0.33689839572192515,0.8449197860962567,-0.23529411764705882,0.7379679144385026,-0.1925133689839572,0.6149732620320856,-0.20855614973262032,0.6898395721925134,-0.12834224598930483,0.8288770053475936,-0.053475935828877004,0.732620320855615,-0.03208556149732621,0.6096256684491979,-0.053475935828877004,0.6844919786096256,0.06951871657754011,0.786096256684492,0.0855614973262032,0.6898395721925134,0.0962566844919786,0.5935828877005348,0.0855614973262032
2,0.0,0.0,0.11224489795918367,-0.3112244897959184,0.2857142857142857,-0.6071428571428571,0.44387755102040816,-0.8214285714285714,0.5357142857142857,-1.0,0.5357142857142857,-0.5612244897959183,0.7551020408163265,-0.44387755102040816,0.6632653061224489,-0.37755102040816324,0.5510204081632653,-0.3826530612244898,0.5918367346938775,-0.37755102040816324,0.8163265306122449,-0.28061224489795916,0.7193877551020408,-0.22448979591836735,0.5918367346938775,-0.23469387755102042,0.6275510204081632,-0.17857142857142858,0.8316326530612245,-0.11224489795918367,0.7346938775510204,-0.07142857142857142,0.6122448979591837,-0.08163265306122448,0.6479591836734694,0.015306122448979591,0.8061224489795918,0.030612244897959183,0.7091836734693877,0.05102040816326531,0.6020408163265306,0.04591836734693878
2,0.0,0.0,0.10256410256410256,-0.3076923076923077,0.26153846153846155,-0.6051282051282051,0.40512820512820513,-0.8153846153846154,0.48717948717948717,-1.0,0.5076923076923077,-0.558974358974359,0.7897435897435897,-0.4205128205128205,0.7025641025641025,-0.37948717948717947,0.5794871794871795,-0.39487179487179486,0.5487179487179488,-0.36923076923076925,0.8666666666666667,-0.26153846153846155,0.7589743589743589,-0.22564102564102564,0.6153846153846154,-0.24102564102564103,0.5692307692307692,-0.16923076923076924,0.8512820512820513,-0.10256410256410256,0.7435897435897436,-0.07179487179487179,0.6102564102564103,-0.08205128205128205,0.5692307692307692,0.03076923076923077,0.7846153846153846,0.041025641025641026,0.6820512820512821,0.05128205128205128,0.5692307692307692,0.041025641025641026
2,0.0,0.0,0.0784313725490196,-0.28431372549019607,0.24509803921568626,-0.5882352941176471,0.35784313725490197,-0.8088235294117647,0.4117647058823529,-1.0,0.43137254901960786,-0.5686274509803921,0.7794117647058824,-0.4264705882352941,0.6911764705882353,-0.38235294117647056,0.5686274509803921,-0.39705882352941174,0.45098039215686275,-0.39215686274509803,0.8137254901960784,-0.28431372549019607,0.7107843137254902,-0.25,0.5588235294117647,-0.2696078431372549,0.46568627450980393,-0.20098039215686275,0.7990196078431373,-0.13725490196078433,0.6911764705882353,-0.10294117647058823,0.553921568627451,-0.11764705882352941,0.47549019607843135,-0.004901960784313725,0.7401960784313726,0.004901960784313725,0.6372549019607843,0.0196078431372549,0.5147058823529411,0.004901960784313725
2,0.0,0.0,0.09,-0.275,0.245,-0.59,0.355,-0.815,0.44,-1.0,0.425,-0.575,0.79,-0.445,0.725,-0.39,0.605,-0.39,0.435,-0.395,0.815,-0.295,0.72,-0.26,0.58,-0.275,0.435,-0.19,0.79,-0.135,0.685,-0.105,0.55,-0.12,0.435,0.015,0.715,0.02,0.62,0.035,0.49,0.02
2,0.0,0.0,0.07655502392344497,-0.2631578947368421,0.22488038277511962,-0.5741626794258373,0.3014354066985646,-0.8086124401913876,0.3492822966507177,-1.0,0.33014354066985646,-0.5789473684210527,0.7177033492822966,-0.4880382775119617,0.645933014354067,-0.44019138755980863,0.507177033492823,-0.4354066985645933,0.3349282296650718,-0.40669856459330145,0.7464114832535885,-0.3588516746411483,0.6602870813397129,-0.3157894736842105,0.5119617224880383,-0.3157894736842105,0.3492822966507177,-0.22009569377990432,0.722488038277512,-0.20574162679425836,0.6267942583732058,-0.1674641148325359,0.49282296650717705,-0.1674641148325359,0.37320574162679426,-0.03349282296650718,0.6698564593301436,-0.04784688995215311,0.583732057416268,-0.028708133971291867,0.44976076555023925,-0.03349282296650718
2,0.0,0.0,0.07211538461538461,-0.25,0.20673076923076922,-0.5721153846153846,0.2692307692307692,-0.8028846153846154,0.30288461538461536,-1.0,0.28365384615384615,-0.5769230769230769,0.6923076923076923,-0.5144230769230769,0.625,-0.4567307692307692,0.5,-0.4519230769230769,0.2932692307692308,-0.41346153846153844,0.7307692307692307,-0.3798076923076923,0.6394230769230769,-0.3317307692307692,0.4951923076923077,-0.3269230769230769,0.3173076923076923,-0.23076923076923078,0.7067307692307693,-0.22596153846153846,0.6057692307692307,-0.18269230769230768,0.47115384615384615,-0.18269230769230768,0.35096153846153844,-0.04807692307692308,0.6682692307692307,-0.07692307692307693,0.5721153846153846,-0.052884615384615384,0.4423076923076923,-0.04807692307692308
2,0.0,0.0,0.07142857142857142,-0.24761904761904763,0.20476190476190476,-0.5714285714285714,0.2571428571428571,-0.8047619047619048,0.2714285714285714,-1.0,0.2714285714285714,-0.5761904761904761,0.6761904761904762,-0.5333333333333333,0.6095238095238096,-0.46190476190476193,0.48095238095238096,-0.4523809523809524,0.2761904761904762,-0.4142857142857143,0.7142857142857143,-0.40476190476190477,0.6238095238095238,-0.3380952380952381,0.48095238095238096,-0.32857142857142857,0.3,-0.23809523809523808,0.7,-0.24761904761904763,0.6,-0.19523809523809524,0.4714285714285714,-0.19047619047619047,0.34285714285714286,-0.05238095238095238,0.6619047619047619,-0.1,0.5761904761904761,-0.07142857142857142,0.44285714285714284,-0.06190476190476191
2,0.0,0.0,0.09178743961352658,-0.2560386473429952,0.23671497584541062,-0.5748792270531401,0.30434782608695654,-0.8019323671497585,0.3333333333333333,-1.0,0.3333333333333333,-0.5845410628019324,0.7294685990338164,-0.5120772946859904,0.6521739130434783,-0.45410628019323673,0.5169082125603864,-0.45410628019323673,0.34299516908212563,-0.42028985507246375,0.7632850241545893,-0.38164251207729466,0.6714975845410628,-0.32367149758454106,0.5314009661835749,-0.3188405797101449,0.3671497584541063,-0.22705314009661837,0.7536231884057971,-0.22705314009661837,0.6521739130434783,-0.178743961352657,0.5217391304347826,-0.16908212560386474,0.4057971014492754,-0.03864734299516908,0.7101449275362319,-0.07729468599033816,0.6183574879227053,-0.04830917874396135,0.48792270531400966,-0.03864734299516908
2,0.0,0.0,0.11979166666666667,-0.296875,0.296875,-0.59375,0.4270833333333333,-0.8177083333333334,0.5260416666666666,-1.0,0.5104166666666666,-0.5572916666666666,0.8645833333333334,-0.4375,0.765625,-0.3958333333333333,0.6197916666666666,-0.4166666666666667,0.5364583333333334,-0.3697916666666667,0.8854166666666666,-0.28125,0.7708333333333334,-0.25,0.625,-0.265625,0.5416666666666666,-0.16666666666666666,0.859375,-0.11458333333333333,0.75,-0.08333333333333333,0.6145833333333334,-0.08854166666666667,0.5364583333333334,0.041666666666666664,0.7916666666666666,0.0625,0.6927083333333334,0.078125,0.5625,0.0625
2,0.0,0.0,0.12886597938144329,-0.30927835051546393,0.30412371134020616,-0.6134020618556701,0.4639175257731959,-0.8247422680412371,0.5773195876288659,-1.0,0.5463917525773195,-0.5412371134020618,0.8298969072164949,-0.42783505154639173,0.7319587628865979,-0.38144329896907214,0.6030927835051546,-0.4020618556701031,0.5824742268041238,-0.3402061855670103,0.8711340206185567,-0.25773195876288657,0.7680412371134021,-0.22164948453608246,0.6237113402061856,-0.23711340206185566,0.5927835051546392,-0.13402061855670103,0.8350515463917526,-0.08247422680412371,0.7319587628865979,-0.05154639175257732,0.6030927835051546,-0.061855670103092786,0.5876288659793815,0.07216494845360824,0.7474226804123711,0.07731958762886598,0.6494845360824743,0.09278350515463918,0.5463917525773195,0.08247422680412371
2,0.0,0.0,0.13297872340425532,-0.32978723404255317,0.30319148936170215,-0.6276595744680851,0.48404255319148937,-0.8351063829787234,0.6329787234042553,-1.0,0.6063829787234043,-0.5425531914893617,0.8351063829787234,-0.39893617021276595,0.7180851063829787,-0.35106382978723405,0.5851063829787234,-0.3776595744680851,0.648936170212766,-0.324468085106383,0.8882978723404256,-0.22340425531914893,0.776595744680851,-0.19148936170212766,0.6329787234042553,-0.2074468085106383,0.6542553191489362,-0.11170212765957446,0.8563829787234043,-0.0425531914893617,0.75,-0.02127659574468085,0.6170212765957447,-0.031914893617021274,0.6382978723404256,0.09574468085106383,0.7712765957446809,0.11170212765957446,0.6648936170212766,0.12234042553191489,0.5638297872340425,0.11702127659574468
2,0.0,0.0,0.12169312169312169,-0.328042328042328,0.30158730158730157,-0.6349206349206349,0.4973544973544973,-0.8359788359788359,0.656084656084656,-1.0,0.6402116402116402,-0.5555555555555556,0.8465608465608465,-0.42328042328042326,0.7301587301587301,-0.35978835978835977,0.6031746031746031,-0.37566137566137564,0.6931216931216931,-0.328042328042328,0.8835978835978836,-0.23809523809523808,0.7724867724867724,-0.19576719576719576,0.6349206349206349,-0.20634920634920634,0.7037037037037037,-0.1111111111111111,0.8677248677248677,-0.047619047619047616,0.7566137566137566,-0.015873015873015872,0.6296296296296297,-0.026455026455026454,0.6878306878306878,0.09523809523809523,0.8148148148148148,0.10052910052910052,0.7037037037037037,0.1164021164021164,0.5925925925925926,0.1164021164021164
2,0.0,0.0,0.13043478260869565,-0.33695652173913043,0.32065217391304346,-0.6413043478260869,0.5108695652173914,-0.8478260869565217,0.6739130434782609,-1.0,0.6956521739130435,-0.5543478260869565,0.875,-0.41847826086956524,0.7608695652173914,-0.3532608695652174,0.6358695652173914,-0.3641304347826087,0.7445652173913043,-0.33152173913043476,0.9021739130434783,-0.21195652173913043,0.7934782608695652,-0.16304347826086957,0.657608695652174,-0.1793478260869565,0.7445652173913043,-0.10326086956521739,0.8586956521739131,-0.010869565217391304,0.7554347826086957,0.021739130434782608,0.6304347826086957,-0.005434782608695652,0.717391304347826,0.10869565217391304,0.7880434782608695,0.15760869565217392,0.6902173913043478,0.16847826086956522,0.592391304347826,0.14673913043478262
2,0.0,0.0,0.14207650273224043,-0.32786885245901637,0.33879781420765026,-0.6284153005464481,0.546448087431694,-0.8306010928961749,0.6994535519125683,-1.0,0.7377049180327869,-0.5245901639344263,0.8797814207650273,-0.37158469945355194,0.7595628415300546,-0.30601092896174864,0.6338797814207651,-0.3224043715846995,0.7868852459016393,-0.29508196721311475,0.8961748633879781,-0.15846994535519127,0.7759562841530054,-0.12021857923497267,0.644808743169399,-0.14754098360655737,0.7814207650273224,-0.06557377049180328,0.8469945355191257,0.03825136612021858,0.7377049180327869,0.060109289617486336,0.6120218579234973,0.03278688524590164,0.7431693989071039,0.14754098360655737,0.7759562841530054,0.20765027322404372,0.6721311475409836,0.21311475409836064,0.5737704918032787,0.18579234972677597
2,0.0,0.0,0.1366120218579235,-0.3442622950819672,0.3333333333333333,-0.639344262295082,0.546448087431694,-0.8415300546448088,0.7158469945355191,-1.0,0.7595628415300546,-0.5191256830601093,0.8579234972677595,-0.3989071038251366,0.7377049180327869,-0.3333333333333333,0.6284153005464481,-0.33879781420765026,0.8032786885245902,-0.29508196721311475,0.8852459016393442,-0.16939890710382513,0.7650273224043715,-0.13114754098360656,0.639344262295082,-0.15300546448087432,0.7978142076502732,-0.07103825136612021,0.825136612021858,0.04371584699453552,0.7103825136612022,0.0546448087431694,0.5901639344262295,0.02185792349726776,0.7486338797814208,0.14207650273224043,0.7377049180327869,0.2185792349726776,0.6338797814207651,0.22404371584699453,0.5355191256830601,0.19672131147540983
2,0.0,0.0,0.15384615384615385,-0.3516483516483517,0.3791208791208791,-0.6483516483516484,0.6098901098901099,-0.8406593406593407,0.7802197802197802,-1.0,0.7857142857142857,-0.4945054945054945,0.8681318681318682,-0.4065934065934066,0.7472527472527473,-0.34615384615384615,0.6318681318681318,-0.34615384615384615,0.8351648351648352,-0.25824175824175827,0.9010989010989011,-0.1978021978021978,0.7802197802197802,-0.17032967032967034,0.6538461538461539,-0.1813186813186813,0.8186813186813187,-0.038461538461538464,0.8516483516483516,0.005494505494505495,0.7472527472527473,0.016483516483516484,0.6263736263736264,0.0,0.7637362637362637,0.16483516483516483,0.7582417582417582,0.18681318681318682,0.6538461538461539,0.1813186813186813,0.5494505494505495,0.15934065934065933
2,0.0,0.0,0.1358695652173913,-0.3532608695652174,0.3641304347826087,-0.6467391304347826,0.5869565217391305,-0.8369565217391305,0.75,-1.0,0.7391304347826086,-0.4945652173913043,0.8206521739130435,-0.44021739130434784,0.6956521739130435,-0.3804347826086957,0.5760869565217391,-0.3695652173913043,0.7934782608695652,-0.2717391304347826,0.842391304347826,-0.23369565217391305,0.7228260869565217,-0.20108695652173914,0.6086956521739131,-0.20108695652173914,0.7880434782608695,-0.05434782608695652,0.8097826086956522,-0.03804347826086957,0.7065217391304348,-0.010869565217391304,0.5869565217391305,-0.016304347826086956,0.7445652173913043,0.14673913043478262,0.7391304347826086,0.15217391304347827,0.6413043478260869,0.16304347826086957,0.5434782608695652,0.16304347826086957
2,0.0,0.0,0.10695187165775401,-0.35294117647058826,0.3048128342245989,-0.6470588235294118,0.5133689839572193,-0.839572192513369,0.6684491978609626,-1.0,0.7005347593582888,-0.5133689839572193,0.7593582887700535,-0.45454545454545453,0.6470588235294118,-0.39037433155080214,0.5401069518716578,-0.37967914438502676,0.7700534759358288,-0.29411764705882354,0.7914438502673797,-0.25133689839572193,0.679144385026738,-0.2192513368983957,0.5668449197860963,-0.2192513368983957,0.7700534759358288,-0.08021390374331551,0.7700534759358288,-0.058823529411764705,0.6684491978609626,-0.03208556149732621,0.5561497326203209,-0.03208556149732621,0.732620320855615,0.11764705882352941,0.7165775401069518,0.12834224598930483,0.6149732620320856,0.13903743315508021,0.5187165775401069,0.13903743315508021
2,0.0,0.0,0.08163265306122448,-0.32142857142857145,0.24489795918367346,-0.6122448979591837,0.42857142857142855,-0.8214285714285714,0.5510204081632653,-1.0,0.6071428571428571,-0.5816326530612245,0.7908163265306123,-0.42346938775510207,0.6836734693877551,-0.34183673469387754,0.5612244897959183,-0.3469387755102041,0.6836734693877551,-0.3826530612244898,0.8316326530612245,-0.24489795918367346,0.7142857142857143,-0.18877551020408162,0.5867346938775511,-0.20408163265306123,0.7193877551020408,-0.17346938775510204,0.826530612244898,-0.0663265306122449,0.7244897959183674,-0.030612244897959183,0.5969387755102041,-0.04591836734693878,0.7244897959183674,0.030612244897959183,0.7959183673469388,0.08673469387755102,0.6887755102040817,0.11224489795918367,0.5867346938775511,0.10204081632653061
2,0.0,0.0,0.08133971291866028,-0.3062200956937799,0.22488038277511962,-0.5980861244019139,0.3875598086124402,-0.8181818181818182,0.49760765550239233,-1.0,0.5645933014354066,-0.583732057416268,0.7703349282296651,-0.44019138755980863,0.6746411483253588,-0.3588516746411483,0.5550239234449761,-0.36363636363636365,0.6411483253588517,-0.3923444976076555,0.8181818181818182,-0.2727272727272727,0.7177033492822966,-0.21052631578947367,0.5933014354066986,-0.22488038277511962,0.6746411483253588,-0.19617224880382775,0.8325358851674641,-0.09090909090909091,0.7368421052631579,-0.04784688995215311,0.6124401913875598,-0.07177033492822966,0.6746411483253588,0.004784688995215311,0.7894736842105263,0.07177033492822966,0.6985645933014354,0.09569377990430622,0.5980861244019139,0.07655502392344497
2,0.0,0.0,0.07623318385650224,-0.3094170403587444,0.18834080717488788,-0.600896860986547,0.3094170403587444,-0.820627802690583,0.3811659192825112,-1.0,0.484304932735426,-0.600896860986547,0.6995515695067265,-0.5112107623318386,0.6143497757847534,-0.4349775784753363,0.4977578475336323,-0.4349775784753363,0.5650224215246636,-0.4170403587443946,0.7713004484304933,-0.34977578475336324,0.672645739910314,-0.28699551569506726,0.547085201793722,-0.28699551569506726,0.6053811659192825,-0.21973094170403587,0.7713004484304933,-0.17488789237668162,0.6771300448430493,-0.12556053811659193,0.5515695067264574,-0.12556053811659193,0.6233183856502242,-0.02242152466367713,0.726457399103139,-0.017937219730941704,0.6322869955156951,0.008968609865470852,0.5291479820627802,0.013452914798206279
2,0.0,0.0,0.05063291139240506,-0.28270042194092826,0.16455696202531644,-0.5907172995780591,0.25738396624472576,-0.8185654008438819,0.31645569620253167,-1.0,0.38396624472573837,-0.5738396624472574,0.6582278481012658,-0.5232067510548524,0.5949367088607594,-0.4641350210970464,0.4936708860759494,-0.459915611814346,0.4472573839662447,-0.4050632911392405,0.7341772151898734,-0.38396624472573837,0.6455696202531646,-0.32489451476793246,0.5147679324894515,-0.3080168776371308,0.4978902953586498,-0.21940928270042195,0.7468354430379747,-0.22362869198312235,0.6624472573839663,-0.1729957805907173,0.540084388185654,-0.1518987341772152,0.5358649789029536,-0.029535864978902954,0.729957805907173,-0.0759493670886076,0.6371308016877637,-0.046413502109704644,0.5358649789029536,-0.02531645569620253
2,0.0,0.0,0.04819277108433735,-0.27710843373493976,0.1606425702811245,-0.5863453815261044,0.2289156626506024,-0.8152610441767069,0.26104417670682734,-1.0,0.3453815261044177,-0.5742971887550201,0.6666666666666666,-0.5220883534136547,0.5863453815261044,-0.4578313253012048,0.46586345381526106,-0.4538152610441767,0.39357429718875503,-0.40963855421686746,0.714859437751004,-0.3895582329317269,0.6224899598393574,-0.3333333333333333,0.4859437751004016,-0.3293172690763052,0.43775100401606426,-0.23293172690763053,0.7309236947791165,-0.23694779116465864,0.6385542168674698,-0.1927710843373494,0.5140562248995983,-0.18072289156626506,0.4819277108433735,-0.04819277108433735,0.7108433734939759,-0.10040160642570281,0.6265060240963856,-0.07630522088353414,0.5180722891566265,-0.0642570281124498
2,0.0,0.0,0.058091286307053944,-0.27800829875518673,0.22406639004149378,-0.6058091286307054,0.36929460580912865,-0.8423236514522822,0.42738589211618255,-1.0,0.31950207468879666,-0.6431535269709544,0.7427385892116183,-0.5933609958506224,0.7178423236514523,-0.5145228215767634,0.6058091286307054,-0.49377593360995853,0.35684647302904565,-0.47717842323651455,0.8008298755186722,-0.45228215767634855,0.7344398340248963,-0.3775933609958506,0.5809128630705395,-0.36099585062240663,0.3941908713692946,-0.27800829875518673,0.8008298755186722,-0.29045643153526973,0.7178423236514523,-0.22406639004149378,0.5767634854771784,-0.2074688796680498,0.43983402489626555,-0.07883817427385892,0.7593360995850622,-0.12448132780082988,0.6680497925311203,-0.0912863070539419,0.5311203319502075,-0.07883817427385892
2,0.0,0.0,0.04693140794223827,-0.26714801444043323,0.1624548736462094,-0.5812274368231047,0.23826714801444043,-0.8122743682310469,0.26353790613718414,-1.0,0.30324909747292417,-0.5631768953068592,0.6462093862815884,-0.5090252707581228,0.592057761732852,-0.4404332129963899,0.48736462093862815,-0.4296028880866426,0.34296028880866425,-0.40794223826714804,0.7184115523465704,-0.38267148014440433,0.628158844765343,-0.3249097472924188,0.48375451263537905,-0.3140794223826715,0.37906137184115524,-0.23104693140794225,0.7075812274368231,-0.24548736462093862,0.6137184115523465,-0.19133574007220217,0.48736462093862815,-0.17328519855595667,0.4151624548736462,-0.04693140794223827,0.6714801444043321,-0.10108303249097472,0.5848375451263538,-0.07220216606498195,0.4693140794223827,-0.05776173285198556
2,0.0,0.0,0.040293040293040296,-0.29304029304029305,0.15384615384615385,-0.5970695970695971,0.26373626373626374,-0.8205128205128205,0.31868131868131866,-1.0,0.3626373626373626,-0.5384615384615384,0.6703296703296703,-0.47985347985347987,0.663003663003663,-0.43223443223443225,0.6007326007326007,-0.42124542124542125,0.4358974358974359,-0.3516483516483517,0.7435897435897436,-0.3443223443223443,0.6959706959706959,-0.304029304029304,0.5897435897435898,-0.2857142857142857,0.4908424908424908,-0.1684981684981685,0.7692307692307693,-0.19047619047619047,0.7252747252747253,-0.16117216117216118,0.63003663003663,-0.15018315018315018,0.5347985347985348,0.007326007326007326,0.73992673992674,-0.054945054945054944,0.6959706959706959,-0.04395604395604396,0.6227106227106227,-0.03663003663003663
2,0.0,0.0,0.0996309963099631,-0.3210332103321033,0.24354243542435425,-0.6199261992619927,0.4059040590405904,-0.8376383763837638,0.5239852398523985,-1.0,0.6051660516605166,-0.5276752767527675,0.7269372693726938,-0.45387453874538747,0.6162361623616236,-0.3763837638376384,0.4944649446494465,-0.36531365313653136,0.6789667896678967,-0.3173431734317343,0.7601476014760148,-0.25092250922509224,0.6605166051660517,-0.2029520295202952,0.5387453874538746,-0.1992619926199262,0.7084870848708487,-0.1070110701107011,0.7453874538745388,-0.06273062730627306,0.6642066420664207,-0.04059040590405904,0.5461254612546126,-0.04428044280442804,0.7011070110701108,0.08118081180811808,0.7158671586715867,0.0959409594095941,0.6309963099630996,0.1033210332103321,0.5350553505535055,0.09225092250922509
2,0.0,0.0,0.11355311355311355,-0.315018315018315,0.2673992673992674,-0.608058608058608,0.42857142857142855,-0.8278388278388278,0.5604395604395604,-1.0,0.6483516483516484,-0.5347985347985348,0.7985347985347986,-0.40293040293040294,0.6923076923076923,-0.326007326007326,0.5787545787545788,-0.3333333333333333,0.7142857142857143,-0.315018315018315,0.8131868131868132,-0.20512820512820512,0.6996336996336996,-0.16117216117216118,0.575091575091575,-0.17216117216117216,0.7289377289377289,-0.10256410256410256,0.7582417582417582,-0.029304029304029304,0.6593406593406593,-0.003663003663003663,0.5421245421245421,-0.018315018315018316,0.7106227106227107,0.09157509157509157,0.706959706959707,0.12454212454212454,0.6117216117216118,0.13186813186813187,0.5201465201465202,0.11355311355311355
2,0.0,0.0,0.11552346570397112,-0.3212996389891697,0.2779783393501805,-0.6173285198555957,0.44404332129963897,-0.8303249097472925,0.5740072202166066,-1.0,0.6534296028880866,-0.5306859205776173,0.7725631768953068,-0.4223826714801444,0.6606498194945848,-0.35018050541516244,0.5487364620938628,-0.35018050541516244,0.7184115523465704,-0.3249097472924188,0.8014440433212996,-0.23104693140794225,0.6967509025270758,-0.18772563176895307,0.5776173285198556,-0.18772563176895307,0.7292418772563177,-0.11552346570397112,0.7653429602888087,-0.05415162454873646,0.6750902527075813,-0.02527075812274368,0.5595667870036101,-0.02888086642599278,0.7111913357400722,0.07942238267148015,0.7148014440433214,0.10108303249097472,0.628158844765343,0.11191335740072202,0.5379061371841155,0.10108303249097472
2,0.0,0.0,0.10676156583629894,-0.31316725978647686,0.2669039145907473,-0.604982206405694,0.4377224199288256,-0.8220640569395018,0.5622775800711743,-1.0,0.6441281138790036,-0.5124555160142349,0.7580071174377224,-0.3879003558718861,0.6370106761565836,-0.3202846975088968,0.5195729537366548,-0.3238434163701068,0.7153024911032029,-0.302491103202847,0.7793594306049823,-0.20284697508896798,0.6690391459074733,-0.1601423487544484,0.5516014234875445,-0.1601423487544484,0.7295373665480427,-0.099644128113879,0.7508896797153025,-0.017793594306049824,0.6512455516014235,0.0035587188612099642,0.5338078291814946,-0.0035587188612099642,0.7153024911032029,0.09608540925266904,0.697508896797153,0.1423487544483986,0.597864768683274,0.15302491103202848,0.498220640569395,0.1423487544483986
2,0.0,0.0,0.12186379928315412,-0.32616487455197135,0.27956989247311825,-0.6129032258064516,0.4551971326164875,-0.8243727598566308,0.5806451612903226,-1.0,0.6559139784946236,-0.5268817204301075,0.8172043010752689,-0.4050179211469534,0.7096774193548387,-0.32974910394265233,0.5806451612903226,-0.32974910394265233,0.7204301075268817,-0.3333333333333333,0.8458781362007168,-0.2222222222222222,0.7347670250896058,-0.17562724014336917,0.6057347670250897,-0.17562724014336917,0.7383512544802867,-0.13261648745519714,0.8136200716845878,-0.035842293906810034,0.7204301075268817,-0.010752688172043012,0.5985663082437276,-0.014336917562724014,0.7275985663082437,0.06093189964157706,0.7562724014336918,0.13261648745519714,0.6594982078853047,0.14695340501792115,0.5591397849462365,0.13978494623655913
2,0.0,0.0,0.10830324909747292,-0.33212996389891697,0.2490974729241877,-0.6173285198555957,0.3971119133574007,-0.8267148014440433,0.5090252707581228,-1.0,0.628158844765343,-0.516245487364621,0.740072202166065,-0.4693140794223827,0.631768953068592,-0.4007220216606498,0.5234657039711191,-0.37906137184115524,0.6931407942238267,-0.3104693140794224,0.7689530685920578,-0.2743682310469314,0.6606498194945848,-0.23465703971119134,0.5487364620938628,-0.21299638989169675,0.7003610108303249,-0.11191335740072202,0.7256317689530686,-0.08664259927797834,0.6389891696750902,-0.06498194945848375,0.5306859205776173,-0.04693140794223827,0.6823104693140795,0.06498194945848375,0.6895306859205776,0.08303249097472924,0.5992779783393501,0.09386281588447654,0.516245487364621,0.10830324909747292
2,0.0,0.0,0.07954545454545454,-0.32954545454545453,0.22727272727272727,-0.6212121212121212,0.38636363636363635,-0.8257575757575758,0.5,-1.0,0.6212121212121212,-0.5189393939393939,0.7159090909090909,-0.48484848484848486,0.6022727272727273,-0.42424242424242425,0.48484848484848486,-0.4015151515151515,0.7007575757575758,-0.3143939393939394,0.7386363636363636,-0.2537878787878788,0.6287878787878788,-0.21212121212121213,0.5189393939393939,-0.20075757575757575,0.7159090909090909,-0.11363636363636363,0.7196969696969697,-0.05303030303030303,0.625,-0.030303030303030304,0.5189393939393939,-0.026515151515151516,0.7007575757575758,0.07575757575757576,0.6893939393939394,0.12878787878787878,0.5946969696969697,0.14015151515151514,0.5075757575757576,0.13636363636363635
2,0.0,0.0,0.08846153846153847,-0.31153846153846154,0.24615384615384617,-0.6076923076923076,0.4115384615384615,-0.8153846153846154,0.5307692307692308,-1.0,0.6730769230769231,-0.49615384615384617,0.7961538461538461,-0.3730769230769231,0.6653846153846154,-0.3192307692307692,0.5461538461538461,-0.33076923076923076,0.7384615384615385,-0.28076923076923077,0.7923076923076923,-0.18076923076923077,0.6730769230769231,-0.1576923076923077,0.5538461538461539,-0.16153846153846155,0.7384615384615385,-0.07307692307692308,0.7576923076923077,-0.0038461538461538464,0.6615384615384615,0.011538461538461539,0.55,0.0038461538461538464,0.7153846153846154,0.11153846153846154,0.7153846153846154,0.16538461538461538,0.6153846153846154,0.16538461538461538,0.5230769230769231,0.14615384615384616
2,0.0,0.0,0.10196078431372549,-0.3215686274509804,0.2901960784313726,-0.615686274509804,0.4823529411764706,-0.8274509803921568,0.6274509803921569,-1.0,0.6901960784313725,-0.48627450980392156,0.8470588235294118,-0.39215686274509803,0.7490196078431373,-0.3333333333333333,0.6274509803921569,-0.3254901960784314,0.7490196078431373,-0.2823529411764706,0.8470588235294118,-0.2196078431372549,0.7450980392156863,-0.1843137254901961,0.6196078431372549,-0.17254901960784313,0.7568627450980392,-0.08627450980392157,0.8156862745098039,-0.047058823529411764,0.7254901960784313,-0.023529411764705882,0.611764705882353,-0.01568627450980392,0.7411764705882353,0.09411764705882353,0.7803921568627451,0.11764705882352941,0.6784313725490196,0.12156862745098039,0.5882352941176471,0.12549019607843137
2,0.0,0.0,0.11666666666666667,-0.32083333333333336,0.3333333333333333,-0.625,0.5458333333333333,-0.8291666666666667,0.6958333333333333,-1.0,0.7583333333333333,-0.45416666666666666,0.8958333333333334,-0.32916666666666666,0.7666666666666667,-0.275,0.6416666666666667,-0.2875,0.8166666666666667,-0.24166666666666667,0.8958333333333334,-0.15,0.775,-0.12083333333333333,0.6458333333333334,-0.12916666666666668,0.8125,-0.041666666666666664,0.8625,0.020833333333333332,0.7625,0.03333333333333333,0.6416666666666667,0.020833333333333332,0.7833333333333333,0.14166666666666666,0.825,0.17916666666666667,0.7166666666666667,0.17916666666666667,0.6208333333333333,0.1625
2,0.0,0.0,0.08264462809917356,-0.3347107438016529,0.28512396694214875,-0.6239669421487604,0.49586776859504134,-0.8223140495867769,0.6322314049586777,-1.0,0.71900826446281,-0.4380165289256198,0.8512396694214877,-0.33884297520661155,0.7396694214876033,-0.30165289256198347,0.6239669421487604,-0.30165289256198347,0.78099173553719,-0.22727272727272727,0.8553719008264463,-0.16942148760330578,0.7479338842975206,-0.1487603305785124,0.628099173553719,-0.13636363636363635,0.7851239669421488,-0.0371900826446281,0.8512396694214877,-0.004132231404958678,0.756198347107438,0.008264462809917356,0.6363636363636364,0.012396694214876033,0.7644628099173554,0.13636363636363635,0.8264462809917356,0.16115702479338842,0.7272727272727273,0.16115702479338842,0.6322314049586777,0.15702479338842976
2,0.0,0.0,0.0653061224489796,-0.32653061224489793,0.2612244897959184,-0.6204081632653061,0.46938775510204084,-0.8204081632653061,0.6,-1.0,0.6938775510204082,-0.45714285714285713,0.8530612244897959,-0.3673469387755102,0.7428571428571429,-0.3142857142857143,0.6285714285714286,-0.3142857142857143,0.763265306122449,-0.2571428571428571,0.8612244897959184,-0.2,0.7510204081632653,-0.17142857142857143,0.6285714285714286,-0.16326530612244897,0.7714285714285715,-0.06938775510204082,0.8448979591836735,-0.0326530612244898,0.746938775510204,-0.0163265306122449,0.6285714285714286,-0.012244897959183673,0.7591836734693878,0.10612244897959183,0.8122448979591836,0.1346938775510204,0.7061224489795919,0.1346938775510204,0.6081632653061224,0.12653061224489795
2,0.0,0.0,0.06584362139917696,-0.3292181069958848,0.26337448559670784,-0.6296296296296297,0.4773662551440329,-0.823045267489712,0.6131687242798354,-1.0,0.7078189300411523,-0.4444444444444444,0.8395061728395061,-0.3662551440329218,0.7119341563786008,-0.3292181069958848,0.588477366255144,-0.3333333333333333,0.7695473251028807,-0.2345679012345679,0.8353909465020576,-0.18930041152263374,0.7160493827160493,-0.1728395061728395,0.5925925925925926,-0.16049382716049382,0.7736625514403292,-0.0411522633744856,0.8271604938271605,-0.01646090534979424,0.7242798353909465,-0.00411522633744856,0.6090534979423868,-0.00411522633744856,0.7489711934156379,0.12757201646090535,0.7983539094650206,0.1522633744855967,0.691358024691358,0.1522633744855967,0.5967078189300411,0.14814814814814814
2,0.0,0.0,0.05394190871369295,-0.3360995850622407,0.24066390041493776,-0.6307053941908713,0.4605809128630705,-0.8215767634854771,0.5975103734439834,-1.0,0.6970954356846473,-0.42323651452282157,0.8589211618257261,-0.3153526970954357,0.7385892116182573,-0.2821576763485477,0.6099585062240664,-0.2946058091286307,0.7676348547717843,-0.2157676348547718,0.8713692946058091,-0.14937759336099585,0.7510373443983402,-0.13278008298755187,0.6265560165975104,-0.13278008298755187,0.7717842323651453,-0.029045643153526972,0.8630705394190872,0.012448132780082987,0.7634854771784232,0.016597510373443983,0.6473029045643154,0.016597510373443983,0.7510373443983402,0.13692946058091288,0.8381742738589212,0.16597510373443983,0.7344398340248963,0.16597510373443983,0.6390041493775933,0.16182572614107885
2,0.0,0.0,0.05371900826446281,-0.33884297520661155,0.2396694214876033,-0.6446280991735537,0.45454545454545453,-0.8429752066115702,0.6198347107438017,-1.0,0.6570247933884298,-0.4669421487603306,0.8760330578512396,-0.48760330578512395,0.756198347107438,-0.49173553719008267,0.6115702479338843,-0.4793388429752066,0.71900826446281,-0.25206611570247933,0.8801652892561983,-0.2975206611570248,0.7727272727272727,-0.30165289256198347,0.6487603305785123,-0.26859504132231404,0.731404958677686,-0.05785123966942149,0.8636363636363636,-0.1115702479338843,0.7727272727272727,-0.1115702479338843,0.6446280991735537,-0.08264462809917356,0.7272727272727273,0.11570247933884298,0.8347107438016529,0.05785123966942149,0.7396694214876033,0.05371900826446281,0.640495867768595,0.07851239669421488
2,0.0,0.0,0.059574468085106386,-0.31063829787234043,0.2170212765957447,-0.625531914893617,0.39148936170212767,-0.8382978723404255,0.5319148936170213,-1.0,0.6553191489361702,-0.4765957446808511,0.8638297872340426,-0.3702127659574468,0.774468085106383,-0.2978723404255319,0.6595744680851063,-0.28936170212765955,0.7191489361702128,-0.28085106382978725,0.8680851063829788,-0.19148936170212766,0.7531914893617021,-0.14893617021276595,0.625531914893617,-0.14468085106382977,0.7404255319148936,-0.08936170212765958,0.8553191489361702,-0.029787234042553193,0.7617021276595745,0.00425531914893617,0.6425531914893617,0.00851063829787234,0.7319148936170212,0.08936170212765958,0.8340425531914893,0.13191489361702127,0.7404255319148936,0.14893617021276595,0.6425531914893617,0.15319148936170213
2,0.0,0.0,0.08536585365853659,-0.3008130081300813,0.24390243902439024,-0.6016260162601627,0.3983739837398374,-0.8252032520325203,0.516260162601626,-1.0,0.6382113821138211,-0.4796747967479675,0.8495934959349594,-0.37398373983739835,0.7601626016260162,-0.3048780487804878,0.6544715447154471,-0.2967479674796748,0.6951219512195121,-0.2926829268292683,0.8658536585365854,-0.2073170731707317,0.7682926829268293,-0.16666666666666666,0.6463414634146342,-0.16260162601626016,0.7113821138211383,-0.10569105691056911,0.8536585365853658,-0.04878048780487805,0.7682926829268293,-0.016260162601626018,0.6463414634146342,-0.012195121951219513,0.6991869918699187,0.07317073170731707,0.8170731707317073,0.1016260162601626,0.7276422764227642,0.11788617886178862,0.6300813008130082,0.11382113821138211
2,0.0,0.0,0.10486891385767791,-0.299625468164794,0.2696629213483146,-0.5842696629213483,0.4157303370786517,-0.8089887640449438,0.49063670411985016,-1.0,0.5805243445692884,-0.4868913857677903,0.797752808988764,-0.40074906367041196,0.6928838951310862,-0.3595505617977528,0.5692883895131086,-0.3707865168539326,0.6329588014981273,-0.27715355805243447,0.8314606741573034,-0.24344569288389514,0.7378277153558053,-0.21348314606741572,0.6067415730337079,-0.21348314606741572,0.651685393258427,-0.07865168539325842,0.8277153558052435,-0.07865168539325842,0.7340823970037453,-0.056179775280898875,0.6067415730337079,-0.04868913857677903,0.6441947565543071,0.10112359550561797,0.7827715355805244,0.07116104868913857,0.6928838951310862,0.08239700374531835,0.5880149812734082,0.0898876404494382
2,0.0,0.0,0.10108303249097472,-0.30685920577617326,0.259927797833935,-0.6028880866425993,0.3971119133574007,-0.8231046931407943,0.47653429602888087,-1.0,0.5487364620938628,-0.5234657039711191,0.7725631768953068,-0.4404332129963899,0.6859205776173285,-0.37906137184115524,0.5848375451263538,-0.37184115523465705,0.6064981949458483,-0.3285198555956679,0.8122743682310469,-0.2996389891696751,0.7328519855595668,-0.2490974729241877,0.6137184115523465,-0.23826714801444043,0.6353790613718412,-0.13357400722021662,0.8050541516245487,-0.1407942238267148,0.7256317689530686,-0.09747292418772563,0.6137184115523465,-0.07942238267148015,0.6425992779783394,0.05054151624548736,0.7689530685920578,0.007220216606498195,0.6859205776173285,0.02888086642599278,0.592057761732852,0.04693140794223827
2,0.0,0.0,0.10861423220973783,-0.31086142322097376,0.27715355805243447,-0.602996254681648,0.4157303370786517,-0.8239700374531835,0.50187265917603,-1.0,0.5655430711610487,-0.5318352059925093,0.8164794007490637,-0.42696629213483145,0.7153558052434457,-0.3707865168539326,0.599250936329588,-0.3707865168539326,0.6179775280898876,-0.31835205992509363,0.846441947565543,-0.2846441947565543,0.7565543071161048,-0.24344569288389514,0.6292134831460674,-0.23595505617977527,0.6479400749063671,-0.11235955056179775,0.8426966292134831,-0.12734082397003746,0.7565543071161048,-0.09737827715355805,0.6367041198501873,-0.08239700374531835,0.651685393258427,0.07865168539325842,0.8014981273408239,0.00749063670411985,0.7191011235955056,0.0299625468164794,0.6217228464419475,0.056179775280898875
2,0.0,0.0,0.12396694214876033,-0.30578512396694213,0.3140495867768595,-0.6074380165289256,0.47107438016528924,-0.8264462809917356,0.6033057851239669,-1.0,0.7148760330578512,-0.4628099173553719,0.871900826446281,-0.35537190082644626,0.7479338842975206,-0.30578512396694213,0.6115702479338843,-0.32644628099173556,0.7520661157024794,-0.23553719008264462,0.8884297520661157,-0.1652892561983471,0.7727272727272727,-0.13636363636363635,0.6322314049586777,-0.1446280991735537,0.743801652892562,-0.024793388429752067,0.8471074380165289,0.02066115702479339,0.7520661157024794,0.04132231404958678,0.628099173553719,0.028925619834710745,0.6983471074380165,0.1652892561983471,0.7727272727272727,0.19008264462809918,0.6776859504132231,0.19834710743801653,0.5826446280991735,0.19008264462809918
2,0.0,0.0,0.132,-0.316,0.312,-0.62,0.5,-0.832,0.648,-1.0,0.732,-0.464,0.868,-0.364,0.752,-0.316,0.64,-0.328,0.78,-0.252,0.88,-0.184,0.772,-0.16,0.656,-0.164,0.772,-0.052,0.828,0.0,0.736,0.016,0.624,0.012,0.732,0.136,0.768,0.164,0.68,0.16,0.588,0.148
2,0.0,0.0,0.125,-0.328125,0.30859375,-0.6328125,0.5078125,-0.83984375,0.66796875,-1.0,0.6953125,-0.51171875,0.8359375,-0.4453125,0.71875,-0.390625,0.6015625,-0.39453125,0.76171875,-0.30078125,0.84765625,-0.25,0.734375,-0.2109375,0.61328125,-0.203125,0.7734375,-0.09375,0.83203125,-0.0625,0.73046875,-0.03515625,0.6171875,-0.02734375,0.7578125,0.08984375,0.81640625,0.10546875,0.72265625,0.1171875,0.62890625,0.12109375
2,0.0,0.0,0.13095238095238096,-0.34523809523809523,0.3333333333333333,-0.6428571428571429,0.5476190476190477,-0.8452380952380952,0.7103174603174603,-1.0,0.7738095238095238,-0.49206349206349204,0.7976190476190477,-0.44841269841269843,0.6626984126984127,-0.3968253968253968,0.5555555555555556,-0.39285714285714285,0.8412698412698413,-0.2619047619047619,0.8095238095238095,-0.25396825396825395,0.6865079365079365,-0.21825396825396826,0.5833333333333334,-0.19444444444444445,0.8373015873015873,-0.051587301587301584,0.7976190476190477,-0.06746031746031746,0.6904761904761905,-0.04365079365079365,0.5833333333333334,-0.027777777777777776,0.8055555555555556,0.1388888888888889,0.7817460317460317,0.10714285714285714,0.6706349206349206,0.1111111111111111,0.5753968253968254,0.11904761904761904
2,0.0,0.0,0.104,-0.352,0.308,-0.644,0.528,-0.84,0.692,-1.0,0.768,-0.476,0.82,-0.428,0.676,-0.376,0.56,-0.36,0.828,-0.244,0.82,-0.236,0.688,-0.212,0.576,-0.184,0.816,-0.032,0.792,-0.044,0.68,-0.032,0.56,-0.016,0.776,0.16,0.752,0.14,0.636,0.132,0.54,0.136
2,0.0,0.0,0.0873015873015873,-0.35714285714285715,0.30158730158730157,-0.6428571428571429,0.5317460317460317,-0.8333333333333334,0.6944444444444444,-1.0,0.7658730158730159,-0.4801587301587302,0.8253968253968254,-0.38492063492063494,0.6785714285714286,-0.3333333333333333,0.5595238095238095,-0.3373015873015873,0.8293650793650794,-0.25396825396825395,0.8412698412698413,-0.19444444444444445,0.7063492063492064,-0.1746031746031746,0.5912698412698413,-0.17063492063492064,0.8214285714285714,-0.03968253968253968,0.8134920634920635,-0.015873015873015872,0.6944444444444444,-0.003968253968253968,0.5793650793650794,-0.007936507936507936,0.7817460317460317,0.15476190476190477,0.7579365079365079,0.1626984126984127,0.6468253968253969,0.15476190476190477,0.5476190476190477,0.1388888888888889
2,0.0,0.0,0.07392996108949416,-0.35797665369649806,0.26848249027237353,-0.642023346303502,0.49416342412451364,-0.8326848249027238,0.6575875486381323,-1.0,0.7237354085603113,-0.46303501945525294,0.8404669260700389,-0.45136186770428016,0.7003891050583657,-0.4085603112840467,0.5875486381322957,-0.38910505836575876,0.7859922178988327,-0.23735408560311283,0.8754863813229572,-0.2723735408560311,0.7470817120622568,-0.25680933852140075,0.6264591439688716,-0.22957198443579765,0.7821011673151751,-0.0311284046692607,0.8326848249027238,-0.07392996108949416,0.7315175097276264,-0.06614785992217899,0.6108949416342413,-0.04669260700389105,0.7470817120622568,0.1517509727626459,0.7821011673151751,0.11284046692607004,0.6770428015564203,0.10505836575875487,0.5758754863813229,0.10894941634241245
2,0.0,0.0,0.10980392156862745,-0.35294117647058826,0.3137254901960784,-0.6588235294117647,0.5411764705882353,-0.8509803921568627,0.7098039215686275,-1.0,0.7294117647058823,-0.4823529411764706,0.8352941176470589,-0.42745098039215684,0.7176470588235294,-0.3803921568627451,0.6078431372549019,-0.3803921568627451,0.796078431372549,-0.26666666666666666,0.8509803921568627,-0.23529411764705882,0.7411764705882353,-0.20784313725490197,0.6274509803921569,-0.19607843137254902,0.796078431372549,-0.054901960784313725,0.8196078431372549,-0.047058823529411764,0.7215686274509804,-0.03137254901960784,0.6039215686274509,-0.027450980392156862,0.7647058823529411,0.13725490196078433,0.792156862745098,0.13333333333333333,0.6980392156862745,0.12941176470588237,0.6,0.12156862745098039
2,0.0,0.0,0.04780876494023904,-0.3386454183266932,0.20318725099601595,-0.6573705179282868,0.4063745019920319,-0.852589641434263,0.5776892430278885,-1.0,0.6175298804780877,-0.46613545816733065,0.8605577689243028,-0.4302788844621514,0.7848605577689243,-0.3665338645418327,0.6733067729083665,-0.3426294820717131,0.6812749003984063,-0.24302788844621515,0.9203187250996016,-0.22709163346613545,0.8446215139442231,-0.199203187250996,0.7250996015936255,-0.1752988047808765,0.6972111553784861,-0.0398406374501992,0.9083665338645418,-0.043824701195219126,0.8366533864541833,-0.027888446215139442,0.7131474103585658,-0.01195219123505976,0.6852589641434262,0.15139442231075698,0.848605577689243,0.13147410358565736,0.7729083665338645,0.1394422310756972,0.6693227091633466,0.14741035856573706
2,0.0,0.0,0.09195402298850575,-0.3218390804597701,0.24521072796934865,-0.6206896551724138,0.421455938697318,-0.8275862068965517,0.5478927203065134,-1.0,0.6475095785440613,-0.48659003831417624,0.7739463601532567,-0.39846743295019155,0.6628352490421456,-0.34099616858237547,0.5555555555555556,-0.3371647509578544,0.7164750957854407,-0.2796934865900383,0.7931034482758621,-0.19923371647509577,0.6743295019157088,-0.1685823754789272,0.5517241379310345,-0.16475095785440613,0.7241379310344828,-0.08045977011494253,0.7816091954022989,-0.019157088122605363,0.685823754789272,-0.0038314176245210726,0.5670498084291188,-0.0038314176245210726,0.7011494252873564,0.10727969348659004,0.7509578544061303,0.1417624521072797,0.6551724137931034,0.1417624521072797,0.5517241379310345,0.13409961685823754
2,0.0,0.0,0.09259259259259259,-0.31851851851851853,0.21851851851851853,-0.6148148148148148,0.37407407407407406,-0.8333333333333334,0.5037037037037037,-1.0,0.5703703703703704,-0.5555555555555556,0.7111111111111111,-0.44814814814814813,0.6111111111111112,-0.3814814814814815,0.5037037037037037,-0.37037037037037035,0.6481481481481481,-0.35555555555555557,0.7555555555555555,-0.28888888888888886,0.6592592592592592,-0.24814814814814815,0.5481481481481482,-0.23333333333333334,0.674074074074074,-0.15185185185185185,0.762962962962963,-0.12222222222222222,0.674074074074074,-0.0962962962962963,0.5592592592592592,-0.08148148148148149,0.674074074074074,0.02962962962962963,0.7296296296296296,0.025925925925925925,0.6444444444444445,0.044444444444444446,0.5518518518518518,0.05555555555555555
2,0.0,0.0,0.08582089552238806,-0.31343283582089554,0.20149253731343283,-0.6044776119402985,0.3283582089552239,-0.8246268656716418,0.4253731343283582,-1.0,0.5485074626865671,-0.5410447761194029,0.753731343283582,-0.4626865671641791,0.6567164179104478,-0.4216417910447761,0.5447761194029851,-0.4253731343283582,0.6044776119402985,-0.33955223880597013,0.7798507462686567,-0.3208955223880597,0.6902985074626866,-0.2947761194029851,0.5746268656716418,-0.2798507462686567,0.6343283582089553,-0.1455223880597015,0.7873134328358209,-0.16044776119402984,0.7052238805970149,-0.13805970149253732,0.585820895522388,-0.11940298507462686,0.6380597014925373,0.033582089552238806,0.75,-0.018656716417910446,0.6716417910447762,-0.0037313432835820895,0.582089552238806,0.018656716417910446
2,0.0,0.0,0.08363636363636363,-0.3090909090909091,0.2109090909090909,-0.6,0.3236363636363636,-0.8218181818181818,0.3890909090909091,-1.0,0.52,-0.5309090909090909,0.7236363636363636,-0.4618181818181818,0.6290909090909091,-0.41818181818181815,0.5236363636363637,-0.41818181818181815,0.5854545454545454,-0.3381818181818182,0.7709090909090909,-0.33090909090909093,0.6836363636363636,-0.29454545454545455,0.5672727272727273,-0.2727272727272727,0.6218181818181818,-0.15272727272727274,0.7781818181818182,-0.1781818181818182,0.6981818181818182,-0.14545454545454545,0.5854545454545454,-0.11636363636363636,0.6327272727272727,0.02181818181818182,0.7454545454545455,-0.04,0.6654545454545454,-0.01818181818181818,0.5781818181818181,0.01090909090909091
2,0.0,0.0,0.08,-0.3018181818181818,0.2,-0.6,0.3054545454545455,-0.8218181818181818,0.3563636363636364,-1.0,0.49818181818181817,-0.5309090909090909,0.7054545454545454,-0.4509090909090909,0.6181818181818182,-0.4,0.5127272727272727,-0.4,0.5636363636363636,-0.3381818181818182,0.7527272727272727,-0.3236363636363636,0.6727272727272727,-0.28363636363636363,0.5563636363636364,-0.26545454545454544,0.6036363636363636,-0.15272727272727274,0.76,-0.1709090909090909,0.6872727272727273,-0.13818181818181818,0.5745454545454546,-0.11636363636363636,0.6181818181818182,0.025454545454545455,0.7236363636363636,-0.03636363636363636,0.6472727272727272,-0.014545454545454545,0.56,0.014545454545454545
2,0.0,0.0,0.07352941176470588,-0.30514705882352944,0.1948529411764706,-0.6029411764705882,0.3088235294117647,-0.8198529411764706,0.36764705882352944,-1.0,0.5257352941176471,-0.5551470588235294,0.7132352941176471,-0.46691176470588236,0.625,-0.4117647058823529,0.5183823529411765,-0.41544117647058826,0.5919117647058824,-0.35661764705882354,0.7647058823529411,-0.3272058823529412,0.6801470588235294,-0.2867647058823529,0.5588235294117647,-0.27205882352941174,0.625,-0.16544117647058823,0.7794117647058824,-0.16911764705882354,0.6985294117647058,-0.13970588235294118,0.5845588235294118,-0.11764705882352941,0.6397058823529411,0.01838235294117647,0.7463235294117647,-0.03676470588235294,0.6691176470588235,-0.011029411764705883,0.5808823529411765,0.01838235294117647
2,0.0,0.0,0.07604562737642585,-0.3041825095057034,0.18250950570342206,-0.6007604562737643,0.3041825095057034,-0.8212927756653993,0.39923954372623577,-1.0,0.55893536121673,-0.55893536121673,0.7072243346007605,-0.4600760456273764,0.6083650190114068,-0.38783269961977185,0.49809885931558934,-0.3916349809885932,0.6387832699619772,-0.35361216730038025,0.7566539923954373,-0.2889733840304182,0.6615969581749049,-0.24334600760456274,0.5399239543726235,-0.24334600760456274,0.6768060836501901,-0.1520912547528517,0.7718631178707225,-0.11787072243346007,0.688212927756654,-0.08745247148288973,0.5703422053231939,-0.08365019011406843,0.6844106463878327,0.030418250950570342,0.752851711026616,0.030418250950570342,0.6653992395437263,0.049429657794676805,0.5703422053231939,0.053231939163498096
2,0.0,0.0,0.09259259259259259,-0.3037037037037037,0.21851851851851853,-0.6,0.362962962962963,-0.8222222222222222,0.4777777777777778,-1.0,0.5962962962962963,-0.5333333333333333,0.7333333333333333,-0.4185185185185185,0.6370370370370371,-0.34074074074074073,0.5222222222222223,-0.34814814814814815,0.674074074074074,-0.337037037037037,0.7814814814814814,-0.25925925925925924,0.6851851851851852,-0.2111111111111111,0.562962962962963,-0.2074074074074074,0.7037037037037037,-0.14074074074074075,0.7592592592592593,-0.08148148148148149,0.6777777777777778,-0.05185185185185185,0.5666666666666667,-0.05925925925925926,0.6962962962962963,0.040740740740740744,0.7222222222222222,0.07407407407407407,0.6370370370370371,0.08518518518518518,0.5444444444444444,0.07037037037037037
2,0.0,0.0,0.1070110701107011,-0.3062730627306273,0.25092250922509224,-0.5940959409594095,0.4059040590405904,-0.8154981549815498,0.5018450184501845,-1.0,0.6494464944649446,-0.4981549815498155,0.7970479704797048,-0.42066420664206644,0.7011070110701108,-0.35793357933579334,0.5867158671586716,-0.35793357933579334,0.7121771217712177,-0.31365313653136534,0.8154981549815498,-0.23247232472324722,0.7158671586715867,-0.1918819188191882,0.6014760147601476,-0.18450184501845018,0.7195571955719557,-0.12546125461254612,0.8044280442804428,-0.05904059040590406,0.7195571955719557,-0.03690036900369004,0.6088560885608856,-0.04059040590405904,0.7047970479704797,0.05166051660516605,0.7601476014760148,0.08487084870848709,0.6789667896678967,0.0996309963099631,0.5867158671586716,0.09225092250922509
2,0.0,0.0,0.1,-0.3111111111111111,0.25555555555555554,-0.6,0.4074074074074074,-0.8185185185185185,0.5074074074074074,-1.0,0.6222222222222222,-0.4666666666666667,0.774074074074074,-0.40370370370370373,0.7,-0.337037037037037,0.5888888888888889,-0.32592592592592595,0.6814814814814815,-0.27037037037037037,0.7925925925925926,-0.2037037037037037,0.7074074074074074,-0.16666666666666666,0.5888888888888889,-0.16296296296296298,0.6888888888888889,-0.07777777777777778,0.7703703703703704,-0.022222222222222223,0.6925925925925925,-0.003703703703703704,0.5777777777777777,-0.003703703703703704,0.6703703703703704,0.0962962962962963,0.7222222222222222,0.12962962962962962,0.6407407407407407,0.13333333333333333,0.5481481481481482,0.12222222222222222
2,0.0,0.0,0.12313432835820895,-0.33955223880597013,0.2835820895522388,-0.6194029850746269,0.4664179104477612,-0.8208955223880597,0.6044776119402985,-1.0,0.7014925373134329,-0.48134328358208955,0.8097014925373134,-0.373134328358209,0.6902985074626866,-0.31716417910447764,0.5746268656716418,-0.332089552238806,0.7649253731343284,-0.26492537313432835,0.8134328358208955,-0.19402985074626866,0.7089552238805971,-0.16044776119402984,0.5970149253731343,-0.16417910447761194,0.7649253731343284,-0.05970149253731343,0.7686567164179104,-0.007462686567164179,0.6753731343283582,0.011194029850746268,0.5708955223880597,0.0037313432835820895,0.7350746268656716,0.13432835820895522,0.7276119402985075,0.17537313432835822,0.6268656716417911,0.17537313432835822,0.5335820895522388,0.15671641791044777
2,0.0,0.0,0.10294117647058823,-0.35294117647058826,0.2757352941176471,-0.6397058823529411,0.4742647058823529,-0.8345588235294118,0.6139705882352942,-1.0,0.6985294117647058,-0.4889705882352941,0.8014705882352942,-0.47058823529411764,0.6764705882352942,-0.4227941176470588,0.5735294117647058,-0.40808823529411764,0.7610294117647058,-0.2647058823529412,0.8602941176470589,-0.29044117647058826,0.7536764705882353,-0.27205882352941174,0.6360294117647058,-0.25,0.7573529411764706,-0.05514705882352941,0.8272058823529411,-0.09558823529411764,0.7352941176470589,-0.08088235294117647,0.6176470588235294,-0.0625,0.7279411764705882,0.12867647058823528,0.7794117647058824,0.09191176470588236,0.6838235294117647,0.08823529411764706,0.5845588235294118,0.09558823529411764
2,0.0,0.0,0.09923664122137404,-0.3473282442748092,0.2748091603053435,-0.648854961832061,0.48091603053435117,-0.8473282442748091,0.6450381679389313,-1.0,0.7061068702290076,-0.5,0.8091603053435115,-0.45038167938931295,0.6984732824427481,-0.3969465648854962,0.583969465648855,-0.38549618320610685,0.767175572519084,-0.2748091603053435,0.8396946564885496,-0.25572519083969464,0.732824427480916,-0.22519083969465647,0.6106870229007634,-0.2099236641221374,0.7709923664122137,-0.061068702290076333,0.8282442748091603,-0.061068702290076333,0.7290076335877863,-0.04198473282442748,0.6068702290076335,-0.030534351145038167,0.7404580152671756,0.14122137404580154,0.7938931297709924,0.12213740458015267,0.6984732824427481,0.12595419847328243,0.5992366412213741,0.12213740458015267
2,0.0,0.0,0.11904761904761904,-0.3373015873015873,0.30158730158730157,-0.6428571428571429,0.5079365079365079,-0.8412698412698413,0.6785714285714286,-1.0,0.7301587301587301,-0.47619047619047616,0.8611111111111112,-0.38095238095238093,0.75,-0.3253968253968254,0.6349206349206349,-0.3253968253968254,0.7857142857142857,-0.24603174603174602,0.8492063492063492,-0.16666666666666666,0.7341269841269841,-0.14285714285714285,0.6111111111111112,-0.14285714285714285,0.7817460317460317,-0.027777777777777776,0.7976190476190477,0.027777777777777776,0.6984126984126984,0.03968253968253968,0.5793650793650794,0.031746031746031744,0.746031746031746,0.1746031746031746,0.753968253968254,0.20634920634920634,0.6587301587301587,0.20238095238095238,0.5634920634920635,0.18253968253968253
2,0.0,0.0,0.11450381679389313,-0.3282442748091603,0.3015267175572519,-0.6335877862595419,0.48854961832061067,-0.8358778625954199,0.6259541984732825,-1.0,0.7061068702290076,-0.48854961832061067,0.8435114503816794,-0.3969465648854962,0.7290076335877863,-0.3282442748091603,0.6183206106870229,-0.3244274809160305,0.7595419847328244,-0.27099236641221375,0.851145038167939,-0.1946564885496183,0.7404580152671756,-0.15648854961832062,0.6221374045801527,-0.16030534351145037,0.7595419847328244,-0.05343511450381679,0.8129770992366412,-0.007633587786259542,0.7137404580152672,0.015267175572519083,0.5954198473282443,0.015267175572519083,0.7251908396946565,0.14885496183206107,0.7748091603053435,0.16793893129770993,0.683206106870229,0.1717557251908397,0.583969465648855,0.16793893129770993
2,0.0,0.0,0.11068702290076336,-0.32061068702290074,0.2824427480916031,-0.6183206106870229,0.4541984732824427,-0.8282442748091603,0.5687022900763359,-1.0,0.6679389312977099,-0.48854961832061067,0.8435114503816794,-0.38549618320610685,0.7442748091603053,-0.31679389312977096,0.6297709923664122,-0.32061068702290074,0.7213740458015268,-0.27099236641221375,0.8702290076335878,-0.1946564885496183,0.7709923664122137,-0.16030534351145037,0.6450381679389313,-0.16412213740458015,0.7290076335877863,-0.061068702290076333,0.8549618320610687,-0.007633587786259542,0.7633587786259542,0.011450381679389313,0.6335877862595419,0.007633587786259542,0.7099236641221374,0.1297709923664122,0.7938931297709924,0.15648854961832062,0.7099236641221374,0.16412213740458015,0.6106870229007634,0.15648854961832062
2,0.0,0.0,0.08455882352941177,-0.3014705882352941,0.2426470588235294,-0.5955882352941176,0.4007352941176471,-0.8161764705882353,0.4852941176470588,-1.0,0.6286764705882353,-0.4852941176470588,0.8161764705882353,-0.39338235294117646,0.7316176470588235,-0.33088235294117646,0.625,-0.33088235294117646,0.6838235294117647,-0.2867647058823529,0.8492647058823529,-0.22058823529411764,0.7610294117647058,-0.18382352941176472,0.6433823529411765,-0.1801470588235294,0.6948529411764706,-0.09191176470588236,0.8272058823529411,-0.04779411764705882,0.7463235294117647,-0.029411764705882353,0.625,-0.029411764705882353,0.6838235294117647,0.08823529411764706,0.7683823529411765,0.10661764705882353,0.6911764705882353,0.11397058823529412,0.5955882352941176,0.10661764705882353
2,0.0,0.0,0.08695652173913043,-0.29347826086956524,0.2391304347826087,-0.5942028985507246,0.391304347826087,-0.8152173913043478,0.48188405797101447,-1.0,0.5797101449275363,-0.5108695652173914,0.7681159420289855,-0.4166666666666667,0.677536231884058,-0.35507246376811596,0.5760869565217391,-0.35144927536231885,0.644927536231884,-0.3188405797101449,0.8007246376811594,-0.2463768115942029,0.6956521739130435,-0.21014492753623187,0.5688405797101449,-0.2028985507246377,0.6739130434782609,-0.13043478260869565,0.8043478260869565,-0.07971014492753623,0.7137681159420289,-0.057971014492753624,0.5869565217391305,-0.057971014492753624,0.6739130434782609,0.04710144927536232,0.7608695652173914,0.06521739130434782,0.6702898550724637,0.07608695652173914,0.572463768115942,0.07246376811594203
2,0.0,0.0,0.09328358208955224,-0.31343283582089554,0.21641791044776118,-0.6156716417910447,0.373134328358209,-0.8283582089552238,0.48134328358208955,-1.0,0.5746268656716418,-0.5522388059701493,0.7238805970149254,-0.4962686567164179,0.6231343283582089,-0.40671641791044777,0.5,-0.3843283582089552,0.6567164179104478,-0.3694029850746269,0.7649253731343284,-0.31343283582089554,0.6604477611940298,-0.2574626865671642,0.5410447761194029,-0.23507462686567165,0.6902985074626866,-0.17537313432835822,0.7611940298507462,-0.13432835820895522,0.667910447761194,-0.1044776119402985,0.5485074626865671,-0.09701492537313433,0.6902985074626866,0.007462686567164179,0.7238805970149254,0.029850746268656716,0.6343283582089553,0.041044776119402986,0.5447761194029851,0.03731343283582089
2,0.0,0.0,0.08139534883720931,-0.3023255813953488,0.19767441860465115,-0.6085271317829457,0.3449612403100775,-0.8372093023255814,0.4689922480620155,-1.0,0.562015503875969,-0.5658914728682171,0.7131782945736435,-0.4728682170542636,0.6085271317829457,-0.3992248062015504,0.49224806201550386,-0.3992248062015504,0.6434108527131783,-0.375968992248062,0.7674418604651163,-0.3062015503875969,0.6627906976744186,-0.25193798449612403,0.5426356589147286,-0.24031007751937986,0.6821705426356589,-0.1744186046511628,0.7674418604651163,-0.12403100775193798,0.6744186046511628,-0.09302325581395349,0.5581395348837209,-0.08914728682170543,0.686046511627907,0.015503875968992248,0.7403100775193798,0.03488372093023256,0.6472868217054264,0.050387596899224806,0.5542635658914729,0.046511627906976744
2,0.0,0.0,0.07058823529411765,-0.30196078431372547,0.19607843137254902,-0.615686274509804,0.3333333333333333,-0.8431372549019608,0.4588235294117647,-1.0,0.5372549019607843,-0.5803921568627451,0.7411764705882353,-0.5215686274509804,0.6509803921568628,-0.4588235294117647,0.5333333333333333,-0.45098039215686275,0.615686274509804,-0.39215686274509803,0.8,-0.36470588235294116,0.7137254901960784,-0.3137254901960784,0.5843137254901961,-0.29411764705882354,0.6627450980392157,-0.19607843137254902,0.8431372549019608,-0.19607843137254902,0.7568627450980392,-0.15294117647058825,0.6274509803921569,-0.12941176470588237,0.6823529411764706,-0.00392156862745098,0.8352941176470589,-0.043137254901960784,0.7411764705882353,-0.011764705882352941,0.6313725490196078,0.011764705882352941
2,0.0,0.0,0.07539682539682539,-0.2976190476190476,0.21031746031746032,-0.5952380952380952,0.32142857142857145,-0.8174603174603174,0.38095238095238093,-1.0,0.49603174603174605,-0.5119047619047619,0.7658730158730159,-0.4722222222222222,0.7023809523809523,-0.4166666666666667,0.6111111111111112,-0.40476190476190477,0.5436507936507936,-0.31746031746031744,0.8174603174603174,-0.3134920634920635,0.7341269841269841,-0.2777777777777778,0.6031746031746031,-0.25793650793650796,0.5634920634920635,-0.12301587301587301,0.8055555555555556,-0.14682539682539683,0.7182539682539683,-0.11904761904761904,0.5952380952380952,-0.0992063492063492,0.5674603174603174,0.05952380952380952,0.753968253968254,0.007936507936507936,0.6706349206349206,0.01984126984126984,0.5714285714285714,0.03968253968253968
2,0.0,0.0,0.08396946564885496,-0.2900763358778626,0.22900763358778625,-0.5916030534351145,0.33587786259541985,-0.8206106870229007,0.3816793893129771,-1.0,0.48091603053435117,-0.5152671755725191,0.7366412213740458,-0.4389312977099237,0.6526717557251909,-0.3969465648854962,0.5458015267175572,-0.40076335877862596,0.5267175572519084,-0.3282442748091603,0.7977099236641222,-0.3015267175572519,0.7061068702290076,-0.27099236641221375,0.583969465648855,-0.2595419847328244,0.5534351145038168,-0.14122137404580154,0.8015267175572519,-0.14122137404580154,0.7099236641221374,-0.12213740458015267,0.5916030534351145,-0.10687022900763359,0.5572519083969466,0.04198473282442748,0.7519083969465649,-0.007633587786259542,0.6603053435114504,0.0,0.5610687022900763,0.011450381679389313
2,0.0,0.0,0.09019607843137255,-0.3058823529411765,0.2235294117647059,-0.6078431372549019,0.3411764705882353,-0.8313725490196079,0.4196078431372549,-1.0,0.4823529411764706,-0.5411764705882353,0.7568627450980392,-0.4549019607843137,0.6901960784313725,-0.40784313725490196,0.592156862745098,-0.40784313725490196,0.5333333333333333,-0.34509803921568627,0.8156862745098039,-0.30980392156862746,0.7294117647058823,-0.27450980392156865,0.6,-0.27058823529411763,0.5607843137254902,-0.14901960784313725,0.8117647058823529,-0.15294117647058825,0.7215686274509804,-0.12941176470588237,0.6,-0.11764705882352941,0.5725490196078431,0.0392156862745098,0.7607843137254902,-0.011764705882352941,0.6705882352941176,0.00392156862745098,0.5725490196078431,0.0196078431372549
2,0.0,0.0,0.08097165991902834,-0.3157894736842105,0.2145748987854251,-0.631578947368421,0.3562753036437247,-0.854251012145749,0.4898785425101215,-1.0,0.4979757085020243,-0.5506072874493927,0.757085020242915,-0.4898785425101215,0.680161943319838,-0.44129554655870445,0.5708502024291497,-0.43724696356275305,0.5587044534412956,-0.3522267206477733,0.8299595141700404,-0.3360323886639676,0.7449392712550608,-0.29959514170040485,0.6194331983805668,-0.2874493927125506,0.5910931174089069,-0.15384615384615385,0.8340080971659919,-0.1659919028340081,0.7530364372469636,-0.13765182186234817,0.6356275303643725,-0.12550607287449392,0.5991902834008097,0.032388663967611336,0.7894736842105263,-0.020242914979757085,0.7125506072874493,-0.004048582995951417,0.6153846153846154,0.016194331983805668
2,0.0,0.0,0.09163346613545817,-0.30278884462151395,0.22709163346613545,-0.6055776892430279,0.35856573705179284,-0.8207171314741036,0.4581673306772908,-1.0,0.5378486055776892,-0.545816733067729,0.7689243027888446,-0.450199203187251,0.6613545816733067,-0.398406374501992,0.5378486055776892,-0.4063745019920319,0.5896414342629482,-0.3466135458167331,0.8326693227091634,-0.29880478087649404,0.7290836653386454,-0.2549800796812749,0.5936254980079682,-0.24701195219123506,0.6135458167330677,-0.14342629482071714,0.8366533864541833,-0.13545816733067728,0.7370517928286853,-0.10358565737051793,0.6135458167330677,-0.09163346613545817,0.6055776892430279,0.043824701195219126,0.7848605577689243,0.00796812749003984,0.6892430278884463,0.027888446215139442,0.5856573705179283,0.043824701195219126
2,0.0,0.0,0.11284046692607004,-0.311284046692607,0.26848249027237353,-0.603112840466926,0.39299610894941633,-0.8210116731517509,0.4785992217898833,-1.0,0.5797665369649806,-0.5408560311284046,0.8015564202334631,-0.44357976653696496,0.7003891050583657,-0.3968871595330739,0.5836575875486382,-0.41245136186770426,0.6303501945525292,-0.33852140077821014,0.8404669260700389,-0.29571984435797666,0.7470817120622568,-0.2529182879377432,0.6186770428015564,-0.2490272373540856,0.6536964980544747,-0.14007782101167315,0.8404669260700389,-0.13618677042801555,0.754863813229572,-0.10505836575875487,0.6342412451361867,-0.0933852140077821,0.6536964980544747,0.04669260700389105,0.8054474708171206,-0.0038910505836575876,0.7198443579766537,0.019455252918287938,0.622568093385214,0.038910505836575876
2,0.0,0.0,0.102880658436214,-0.32098765432098764,0.2551440329218107,-0.6378600823045267,0.4156378600823045,-0.8518518518518519,0.5679012345679012,-1.0,0.6008230452674898,-0.5843621399176955,0.7777777777777778,-0.4691358024691358,0.6666666666666666,-0.4074074074074074,0.5473251028806584,-0.41975308641975306,0.6707818930041153,-0.3662551440329218,0.8353909465020576,-0.2962962962962963,0.7242798353909465,-0.2551440329218107,0.5843621399176955,-0.2551440329218107,0.7037037037037037,-0.1522633744855967,0.8559670781893004,-0.11934156378600823,0.7613168724279835,-0.08641975308641975,0.6296296296296297,-0.08641975308641975,0.7037037037037037,0.04938271604938271,0.8189300411522634,0.02880658436213992,0.7242798353909465,0.04938271604938271,0.6255144032921811,0.06172839506172839
2,0.0,0.0,0.1,-0.325,0.24583333333333332,-0.6375,0.42916666666666664,-0.8541666666666666,0.5958333333333333,-1.0,0.6041666666666666,-0.5833333333333334,0.7166666666666667,-0.5083333333333333,0.5958333333333333,-0.43333333333333335,0.4708333333333333,-0.42916666666666664,0.6875,-0.36666666666666664,0.7708333333333334,-0.3,0.6541666666666667,-0.25416666666666665,0.5333333333333333,-0.25416666666666665,0.7208333333333333,-0.15,0.7916666666666666,-0.10833333333333334,0.6875,-0.075,0.5666666666666667,-0.07916666666666666,0.7208333333333333,0.04583333333333333,0.7666666666666667,0.058333333333333334,0.6625,0.07916666666666666,0.5625,0.07916666666666666
2,0.0,0.0,0.10887096774193548,-0.3225806451612903,0.27419354838709675,-0.625,0.46774193548387094,-0.8306451612903226,0.6209677419354839,-1.0,0.6209677419354839,-0.5524193548387096,0.7298387096774194,-0.5,0.6048387096774194,-0.42338709677419356,0.47580645161290325,-0.4112903225806452,0.7096774193548387,-0.35080645161290325,0.7540322580645161,-0.2903225806451613,0.6330645161290323,-0.23387096774193547,0.5120967741935484,-0.22580645161290322,0.7459677419354839,-0.14112903225806453,0.7540322580645161,-0.09274193548387097,0.6532258064516129,-0.056451612903225805,0.5443548387096774,-0.05241935483870968,0.75,0.05241935483870968,0.7540322580645161,0.07661290322580645,0.6532258064516129,0.09274193548387097,0.5524193548387096,0.0846774193548387
2,0.0,0.0,0.13909774436090225,-0.32706766917293234,0.30451127819548873,-0.6203007518796992,0.47368421052631576,-0.8270676691729323,0.6052631578947368,-1.0,0.6654135338345865,-0.5037593984962406,0.7255639097744361,-0.4323308270676692,0.6015037593984962,-0.36466165413533835,0.4774436090225564,-0.37218045112781956,0.7368421052631579,-0.3007518796992481,0.7593984962406015,-0.24812030075187969,0.650375939849624,-0.20676691729323307,0.5338345864661654,-0.20300751879699247,0.7518796992481203,-0.10150375939849623,0.7518796992481203,-0.05639097744360902,0.6654135338345865,-0.03383458646616541,0.556390977443609,-0.03383458646616541,0.7330827067669173,0.08270676691729323,0.7142857142857143,0.10150375939849623,0.6203007518796992,0.11278195488721804,0.5300751879699248,0.11654135338345864
2,0.0,0.0,0.10714285714285714,-0.3412698412698413,0.2698412698412698,-0.6507936507936508,0.46825396825396826,-0.8571428571428571,0.6507936507936508,-1.0,0.6746031746031746,-0.5317460317460317,0.8293650793650794,-0.4365079365079365,0.7182539682539683,-0.36507936507936506,0.5833333333333334,-0.36507936507936506,0.7420634920634921,-0.3055555555555556,0.8571428571428571,-0.23015873015873015,0.7420634920634921,-0.19047619047619047,0.6071428571428571,-0.19444444444444445,0.753968253968254,-0.0873015873015873,0.8333333333333334,-0.031746031746031744,0.7341269841269841,-0.007936507936507936,0.6071428571428571,-0.011904761904761904,0.7380952380952381,0.11904761904761904,0.7777777777777778,0.14285714285714285,0.6746031746031746,0.14682539682539683,0.5714285714285714,0.1388888888888889
2,0.0,0.0,0.10465116279069768,-0.34108527131782945,0.2596899224806202,-0.6472868217054264,0.4418604651162791,-0.8527131782945736,0.6007751937984496,-1.0,0.6666666666666666,-0.5310077519379846,0.7906976744186046,-0.45348837209302323,0.6821705426356589,-0.39147286821705424,0.5697674418604651,-0.39147286821705424,0.7364341085271318,-0.31007751937984496,0.8333333333333334,-0.25193798449612403,0.7325581395348837,-0.22093023255813954,0.6124031007751938,-0.22093023255813954,0.751937984496124,-0.09689922480620156,0.810077519379845,-0.05426356589147287,0.7209302325581395,-0.03875968992248062,0.6007751937984496,-0.046511627906976744,0.7325581395348837,0.09689922480620156,0.751937984496124,0.12403100775193798,0.6589147286821705,0.12403100775193798,0.5658914728682171,0.11627906976744186
2,0.0,0.0,0.10526315789473684,-0.3383458646616541,0.2669172932330827,-0.631578947368421,0.45112781954887216,-0.8421052631578947,0.5864661654135338,-1.0,0.6616541353383458,-0.5338345864661654,0.793233082706767,-0.48872180451127817,0.6879699248120301,-0.42857142857142855,0.5714285714285714,-0.41353383458646614,0.7330827067669173,-0.3157894736842105,0.8082706766917294,-0.3007518796992481,0.7030075187969925,-0.2669172932330827,0.5864661654135338,-0.24812030075187969,0.7406015037593985,-0.10526315789473684,0.7744360902255639,-0.10150375939849623,0.6842105263157895,-0.07894736842105263,0.5676691729323309,-0.07142857142857142,0.7218045112781954,0.08646616541353383,0.7255639097744361,0.07142857142857142,0.6353383458646616,0.07894736842105263,0.5375939849624061,0.08270676691729323
2,0.0,0.0,0.09230769230769231,-0.33076923076923076,0.25,-0.6307692307692307,0.4307692307692308,-0.8423076923076923,0.5615384615384615,-1.0,0.6538461538461539,-0.5346153846153846,0.7769230769230769,-0.4307692307692308,0.676923076923077,-0.3730769230769231,0.5653846153846154,-0.3769230769230769,0.7230769230769231,-0.3192307692307692,0.8192307692307692,-0.24615384615384617,0.7153846153846154,-0.21153846153846154,0.5923076923076923,-0.2153846153846154,0.7423076923076923,-0.1076923076923077,0.8076923076923077,-0.05,0.7153846153846154,-0.03461538461538462,0.5923076923076923,-0.04230769230769231,0.7192307692307692,0.08846153846153847,0.7384615384615385,0.11538461538461539,0.6461538461538462,0.11923076923076924,0.5538461538461539,0.10384615384615385
2,0.0,0.0,0.11940298507462686,-0.3208955223880597,0.291044776119403,-0.6194029850746269,0.4552238805970149,-0.832089552238806,0.5783582089552238,-1.0,0.6604477611940298,-0.5335820895522388,0.7947761194029851,-0.43656716417910446,0.6865671641791045,-0.3694029850746269,0.5708955223880597,-0.3694029850746269,0.7238805970149254,-0.332089552238806,0.8283582089552238,-0.23507462686567165,0.7164179104477612,-0.19402985074626866,0.5932835820895522,-0.20149253731343283,0.7388059701492538,-0.12686567164179105,0.8171641791044776,-0.048507462686567165,0.7201492537313433,-0.029850746268656716,0.5932835820895522,-0.04477611940298507,0.7276119402985075,0.07462686567164178,0.7611940298507462,0.1044776119402985,0.667910447761194,0.10820895522388059,0.5708955223880597,0.08955223880597014
2,0.0,0.0,0.09252669039145907,-0.31316725978647686,0.24555160142348753,-0.608540925266904,0.40213523131672596,-0.8256227758007118,0.501779359430605,-1.0,0.6014234875444839,-0.5338078291814946,0.7686832740213523,-0.44483985765124556,0.6725978647686833,-0.3879003558718861,0.5658362989323843,-0.3914590747330961,0.6619217081850534,-0.33807829181494664,0.7864768683274022,-0.2704626334519573,0.6868327402135231,-0.2313167259786477,0.5693950177935944,-0.23487544483985764,0.6797153024911032,-0.13523131672597866,0.7793594306049823,-0.09252669039145907,0.697508896797153,-0.07473309608540925,0.5765124555160143,-0.07829181494661921,0.6725978647686833,0.05338078291814947,0.7330960854092526,0.05338078291814947,0.6441281138790036,0.060498220640569395,0.5516014234875445,0.05693950177935943
2,0.0,0.0,0.09540636042402827,-0.31095406360424027,0.24028268551236748,-0.6042402826855123,0.37809187279151946,-0.8197879858657244,0.4628975265017668,-1.0,0.568904593639576,-0.5441696113074205,0.7491166077738516,-0.45229681978798586,0.657243816254417,-0.38162544169611307,0.5477031802120141,-0.38162544169611307,0.6431095406360424,-0.3498233215547703,0.7879858657243817,-0.29328621908127206,0.6890459363957597,-0.24734982332155478,0.5724381625441696,-0.23674911660777384,0.6713780918727915,-0.14840989399293286,0.7915194346289752,-0.13074204946996468,0.7102473498233216,-0.10247349823321555,0.5901060070671378,-0.08833922261484099,0.6749116607773852,0.038869257950530034,0.7526501766784452,0.01060070671378092,0.6713780918727915,0.028268551236749116,0.5830388692579506,0.038869257950530034
2,0.0,0.0,0.09824561403508772,-0.30526315789473685,0.256140350877193,-0.5929824561403508,0.3824561403508772,-0.8175438596491228,0.45263157894736844,-1.0,0.5684210526315789,-0.5263157894736842,0.7228070175438597,-0.4456140350877193,0.6140350877192983,-0.38596491228070173,0.5052631578947369,-0.3929824561403509,0.6385964912280702,-0.3368421052631579,0.7684210526315789,-0.28771929824561404,0.6631578947368421,-0.24561403508771928,0.5473684210526316,-0.23859649122807017,0.6666666666666666,-0.14385964912280702,0.7684210526315789,-0.11578947368421053,0.6807017543859649,-0.09473684210526316,0.5649122807017544,-0.0912280701754386,0.6701754385964912,0.03508771929824561,0.7298245614035088,0.028070175438596492,0.6456140350877193,0.042105263157894736,0.5578947368421052,0.0456140350877193
2,0.0,0.0,0.11355311355311355,-0.30036630036630035,0.26373626373626374,-0.5970695970695971,0.39194139194139194,-0.8205128205128205,0.4908424908424908,-1.0,0.5897435897435898,-0.5238095238095238,0.73992673992674,-0.4139194139194139,0.6190476190476191,-0.3553113553113553,0.5018315018315018,-0.37362637362637363,0.6556776556776557,-0.31868131868131866,0.8168498168498168,-0.2490842490842491,0.7032967032967034,-0.20512820512820512,0.5641025641025641,-0.20512820512820512,0.6813186813186813,-0.11721611721611722,0.8168498168498168,-0.07692307692307693,0.7142857142857143,-0.04395604395604396,0.5824175824175825,-0.047619047619047616,0.673992673992674,0.07326007326007326,0.7692307692307693,0.07326007326007326,0.6703296703296703,0.08791208791208792,0.5641025641025641,0.08058608058608059
2,0.0,0.0,0.10740740740740741,-0.29259259259259257,0.26666666666666666,-0.5851851851851851,0.4,-0.8111111111111111,0.48518518518518516,-1.0,0.5888888888888889,-0.5296296296296297,0.8518518518518519,-0.40370370370370373,0.7444444444444445,-0.337037037037037,0.6185185185185185,-0.34814814814814815,0.6333333333333333,-0.3333333333333333,0.8666666666666667,-0.23333333333333334,0.7555555555555555,-0.1925925925925926,0.6148148148148148,-0.2,0.6518518518518519,-0.12962962962962962,0.837037037037037,-0.05925925925925926,0.737037037037037,-0.03333333333333333,0.6037037037037037,-0.044444444444444446,0.6444444444444445,0.06666666666666667,0.7777777777777778,0.09259259259259259,0.6777777777777778,0.1037037037037037,0.5703703703703704,0.08888888888888889
2,0.0,0.0,0.12686567164179105,-0.2947761194029851,0.30970149253731344,-0.582089552238806,0.44776119402985076,-0.8059701492537313,0.5298507462686567,-1.0,0.6082089552238806,-0.5559701492537313,0.8955223880597015,-0.376865671641791,0.7873134328358209,-0.30597014925373134,0.6529850746268657,-0.332089552238806,0.6417910447761194,-0.3694029850746269,0.9104477611940298,-0.21641791044776118,0.7947761194029851,-0.16417910447761194,0.6529850746268657,-0.1865671641791045,0.6529850746268657,-0.16417910447761194,0.8880597014925373,-0.04477611940298507,0.7761194029850746,-0.011194029850746268,0.6417910447761194,-0.041044776119402986,0.6417910447761194,0.041044776119402986,0.8059701492537313,0.10074626865671642,0.7014925373134329,0.11940298507462686,0.5970149253731343,0.09701492537313433
2,0.0,0.0,0.11567164179104478,-0.2947761194029851,0.30223880597014924,-0.585820895522388,0.43283582089552236,-0.8059701492537313,0.4962686567164179,-1.0,0.585820895522388,-0.5298507462686567,0.8656716417910447,-0.3880597014925373,0.7649253731343284,-0.332089552238806,0.6343283582089553,-0.35074626865671643,0.6194029850746269,-0.33955223880597013,0.8805970149253731,-0.22388059701492538,0.7761194029850746,-0.1865671641791045,0.6380597014925373,-0.19776119402985073,0.6305970149253731,-0.1417910447761194,0.8507462686567164,-0.05223880597014925,0.7574626865671642,-0.022388059701492536,0.6305970149253731,-0.041044776119402986,0.6268656716417911,0.05223880597014925,0.7798507462686567,0.09328358208955224,0.6940298507462687,0.10820895522388059,0.5970149253731343,0.09328358208955224
2,0.0,0.0,0.11851851851851852,-0.3037037037037037,0.3074074074074074,-0.5925925925925926,0.45185185185185184,-0.8148148148148148,0.5259259259259259,-1.0,0.6037037037037037,-0.5296296296296297,0.8555555555555555,-0.3814814814814815,0.7555555555555555,-0.31851851851851853,0.6259259259259259,-0.337037037037037,0.6481481481481481,-0.3296296296296296,0.8814814814814815,-0.2222222222222222,0.7777777777777778,-0.17407407407407408,0.6370370370370371,-0.18518518518518517,0.6666666666666666,-0.11851851851851852,0.8629629629629629,-0.037037037037037035,0.7666666666666667,-0.003703703703703704,0.6370370370370371,-0.018518518518518517,0.662962962962963,0.08888888888888889,0.8,0.12222222222222222,0.7037037037037037,0.13703703703703704,0.6037037037037037,0.1259259259259259
2,0.0,0.0,0.12186379928315412,-0.2974910394265233,0.2903225806451613,-0.5842293906810035,0.43010752688172044,-0.8100358422939068,0.5161290322580645,-1.0,0.6129032258064516,-0.5017921146953405,0.7956989247311828,-0.3727598566308244,0.6810035842293907,-0.31899641577060933,0.5591397849462365,-0.3333333333333333,0.6666666666666666,-0.3010752688172043,0.8315412186379928,-0.21505376344086022,0.7240143369175627,-0.17921146953405018,0.5913978494623656,-0.1827956989247312,0.6810035842293907,-0.0931899641577061,0.8100358422939068,-0.02867383512544803,0.7132616487455197,-0.0035842293906810036,0.5878136200716846,-0.010752688172043012,0.6594982078853047,0.1039426523297491,0.7491039426523297,0.13620071684587814,0.6559139784946236,0.14695340501792115,0.5591397849462365,0.13261648745519714
2,0.0,0.0,0.10175438596491228,-0.312280701754386,0.24561403508771928,-0.5929824561403508,0.4,-0.8175438596491228,0.49473684210526314,-1.0,0.6280701754385964,-0.48771929824561405,0.7298245614035088,-0.40350877192982454,0.6175438596491228,-0.3543859649122807,0.5157894736842106,-0.35789473684210527,0.7052631578947368,-0.2771929824561403,0.775438596491228,-0.23859649122807017,0.6736842105263158,-0.21052631578947367,0.5614035087719298,-0.2,0.7228070175438597,-0.07719298245614035,0.7614035087719299,-0.07017543859649122,0.6736842105263158,-0.0456140350877193,0.5614035087719298,-0.03508771929824561,0.7017543859649122,0.09824561403508772,0.7333333333333333,0.08771929824561403,0.6421052631578947,0.09473684210526316,0.5543859649122806,0.09824561403508772
2,0.0,0.0,0.08710801393728224,-0.3344947735191638,0.2264808362369338,-0.6027874564459931,0.3902439024390244,-0.818815331010453,0.49825783972125437,-1.0,0.6341463414634146,-0.5156794425087108,0.6968641114982579,-0.4250871080139373,0.5818815331010453,-0.3623693379790941,0.4878048780487805,-0.3623693379790941,0.7212543554006968,-0.313588850174216,0.7456445993031359,-0.2613240418118467,0.627177700348432,-0.23344947735191637,0.5226480836236934,-0.22996515679442509,0.7317073170731707,-0.11846689895470383,0.7142857142857143,-0.10104529616724739,0.6202090592334495,-0.08362369337979095,0.5156794425087108,-0.08013937282229965,0.7142857142857143,0.04878048780487805,0.7038327526132404,0.04878048780487805,0.6097560975609756,0.05574912891986063,0.5261324041811847,0.05226480836236934
2,0.0,0.0,0.06620209059233449,-0.3344947735191638,0.20905923344947736,-0.6167247386759582,0.3832752613240418,-0.8257839721254355,0.49477351916376305,-1.0,0.5993031358885017,-0.5296167247386759,0.6236933797909407,-0.4808362369337979,0.5052264808362369,-0.42160278745644597,0.4181184668989547,-0.41114982578397213,0.6933797909407665,-0.3344947735191638,0.6968641114982579,-0.30662020905923343,0.5888501742160279,-0.27177700348432055,0.4912891986062718,-0.25435540069686413,0.7212543554006968,-0.14634146341463414,0.6898954703832753,-0.13937282229965156,0.6027874564459931,-0.11846689895470383,0.5052264808362369,-0.10801393728222997,0.7142857142857143,0.020905923344947737,0.7038327526132404,0.010452961672473868,0.6097560975609756,0.017421602787456445,0.5261324041811847,0.020905923344947737
2,0.0,0.0,0.07857142857142857,-0.325,0.23214285714285715,-0.6214285714285714,0.40714285714285714,-0.8285714285714286,0.5178571428571429,-1.0,0.6142857142857143,-0.5321428571428571,0.6821428571428572,-0.4857142857142857,0.5607142857142857,-0.41785714285714287,0.4642857142857143,-0.4142857142857143,0.7035714285714286,-0.33214285714285713,0.7607142857142857,-0.30357142857142855,0.6464285714285715,-0.26071428571428573,0.5321428571428571,-0.24642857142857144,0.7357142857142858,-0.1357142857142857,0.7428571428571429,-0.12142857142857143,0.65,-0.09642857142857143,0.5428571428571428,-0.08571428571428572,0.7321428571428571,0.04285714285714286,0.7392857142857143,0.039285714285714285,0.6464285714285715,0.05,0.5571428571428572,0.05
2,0.0,0.0,0.13533834586466165,-0.31203007518796994,0.3157894736842105,-0.6165413533834586,0.48872180451127817,-0.8270676691729323,0.6090225563909775,-1.0,0.6353383458646616,-0.5451127819548872,0.8195488721804511,-0.41353383458646614,0.706766917293233,-0.34962406015037595,0.5714285714285714,-0.37218045112781956,0.6992481203007519,-0.33458646616541354,0.8759398496240601,-0.23684210526315788,0.7669172932330827,-0.18796992481203006,0.6203007518796992,-0.19924812030075187,0.7255639097744361,-0.12406015037593984,0.8872180451127819,-0.05639097744360902,0.7857142857142857,-0.022556390977443608,0.6428571428571429,-0.03759398496240601,0.7180451127819549,0.07894736842105263,0.8270676691729323,0.09774436090225563,0.7255639097744361,0.11278195488721804,0.6127819548872181,0.10526315789473684
2,0.0,0.0,0.12313432835820895,-0.30597014925373134,0.29850746268656714,-0.6082089552238806,0.4552238805970149,-0.8283582089552238,0.5708955223880597,-1.0,0.5746268656716418,-0.5410447761194029,0.8544776119402985,-0.43656716417910446,0.7723880597014925,-0.3694029850746269,0.6492537313432836,-0.3694029850746269,0.6194029850746269,-0.33955223880597013,0.8805970149253731,-0.26492537313432835,0.7835820895522388,-0.208955223880597,0.6455223880597015,-0.2126865671641791,0.6417910447761194,-0.13059701492537312,0.8731343283582089,-0.08582089552238806,0.7798507462686567,-0.048507462686567165,0.6492537313432836,-0.048507462686567165,0.6455223880597015,0.0708955223880597,0.8171641791044776,0.06343283582089553,0.7238805970149254,0.08582089552238806,0.6156716417910447,0.09328358208955224
2,0.0,0.0,0.10545454545454545,-0.29818181818181816,0.2727272727272727,-0.6,0.41454545454545455,-0.8181818181818182,0.49818181818181817,-1.0,0.5018181818181818,-0.5381818181818182,0.8,-0.44,0.7236363636363636,-0.38181818181818183,0.6036363636363636,-0.3890909090909091,0.5454545454545454,-0.3418181818181818,0.84,-0.28363636363636363,0.7418181818181818,-0.24,0.6036363636363636,-0.24363636363636362,0.5745454545454546,-0.14181818181818182,0.84,-0.10909090909090909,0.7418181818181818,-0.08,0.6036363636363636,-0.08,0.5854545454545454,0.05454545454545454,0.7818181818181819,0.03636363636363636,0.6836363636363636,0.05818181818181818,0.5781818181818181,0.05818181818181818
2,0.0,0.0,0.08185053380782918,-0.28825622775800713,0.23487544483985764,-0.5907473309608541,0.3594306049822064,-0.8113879003558719,0.4234875444839858,-1.0,0.43416370106761565,-0.5266903914590747,0.7508896797153025,-0.45195729537366547,0.6725978647686833,-0.398576512455516,0.5516014234875445,-0.3914590747330961,0.47686832740213525,-0.33451957295373663,0.797153024911032,-0.298932384341637,0.708185053380783,-0.25622775800711745,0.5658362989323843,-0.24555160142348753,0.5088967971530249,-0.1387900355871886,0.7864768683274022,-0.13523131672597866,0.693950177935943,-0.09608540925266904,0.5622775800711743,-0.08185053380782918,0.5338078291814946,0.0498220640569395,0.7402135231316725,0.010676156583629894,0.6476868327402135,0.03558718861209965,0.5444839857651246,0.05338078291814947
2,0.0,0.0,0.06462585034013606,-0.282312925170068,0.19727891156462585,-0.5918367346938775,0.30272108843537415,-0.8163265306122449,0.3673469387755102,-1.0,0.3741496598639456,-0.5170068027210885,0.6904761904761905,-0.47278911564625853,0.6224489795918368,-0.4387755102040816,0.5170068027210885,-0.43197278911564624,0.4217687074829932,-0.3231292517006803,0.7551020408163265,-0.3333333333333333,0.6768707482993197,-0.30612244897959184,0.5476190476190477,-0.2891156462585034,0.46598639455782315,-0.1326530612244898,0.7482993197278912,-0.17346938775510204,0.6666666666666666,-0.15306122448979592,0.54421768707483,-0.1326530612244898,0.5,0.04421768707482993,0.7142857142857143,-0.034013605442176874,0.6292517006802721,-0.017006802721088437,0.5272108843537415,0.01020408163265306
2,0.0,0.0,0.0726643598615917,-0.28027681660899656,0.19377162629757785,-0.5916955017301038,0.2906574394463668,-0.8200692041522492,0.36678200692041524,-1.0,0.3806228373702422,-0.5259515570934256,0.7093425605536332,-0.47058823529411764,0.7024221453287197,-0.42560553633217996,0.6401384083044983,-0.40484429065743943,0.42560553633217996,-0.328719723183391,0.7647058823529411,-0.32525951557093424,0.7024221453287197,-0.28719723183391005,0.5743944636678201,-0.2698961937716263,0.46366782006920415,-0.1384083044982699,0.7577854671280276,-0.1695501730103806,0.6782006920415224,-0.1384083044982699,0.5605536332179931,-0.12110726643598616,0.4982698961937716,0.04152249134948097,0.7162629757785467,-0.02768166089965398,0.6332179930795848,-0.0034602076124567475,0.532871972318339,0.020761245674740483
2,0.0,0.0,0.061224489795918366,-0.2755102040816326,0.1836734693877551,-0.5918367346938775,0.2755102040816326,-0.8197278911564626,0.3435374149659864,-1.0,0.35374149659863946,-0.5170068027210885,0.6938775510204082,-0.46938775510204084,0.6156462585034014,-0.4421768707482993,0.5034013605442177,-0.43537414965986393,0.4013605442176871,-0.3129251700680272,0.7619047619047619,-0.32653061224489793,0.6768707482993197,-0.30612244897959184,0.5408163265306123,-0.2891156462585034,0.4387755102040816,-0.12585034013605442,0.7517006802721088,-0.17006802721088435,0.6598639455782312,-0.14965986394557823,0.5340136054421769,-0.1292517006802721,0.47278911564625853,0.047619047619047616,0.7074829931972789,-0.023809523809523808,0.6190476190476191,-0.006802721088435374,0.5102040816326531,0.013605442176870748
2,0.0,0.0,0.061016949152542375,-0.2745762711864407,0.17966101694915254,-0.5864406779661017,0.2677966101694915,-0.8169491525423729,0.3288135593220339,-1.0,0.33559322033898303,-0.5186440677966102,0.6813559322033899,-0.488135593220339,0.6372881355932203,-0.4576271186440678,0.535593220338983,-0.4406779661016949,0.376271186440678,-0.3220338983050847,0.7559322033898305,-0.3423728813559322,0.6847457627118644,-0.3152542372881356,0.5525423728813559,-0.2983050847457627,0.41694915254237286,-0.13559322033898305,0.7491525423728813,-0.18983050847457628,0.6677966101694915,-0.16271186440677965,0.5423728813559322,-0.1423728813559322,0.45084745762711864,0.03728813559322034,0.711864406779661,-0.04406779661016949,0.6305084745762712,-0.023728813559322035,0.5186440677966102,0.0
2,0.0,0.0,0.05442176870748299,-0.2687074829931973,0.18027210884353742,-0.5884353741496599,0.2653061224489796,-0.8163265306122449,0.3197278911564626,-1.0,0.3333333333333333,-0.5170068027210885,0.6904761904761905,-0.48299319727891155,0.6122448979591837,-0.46258503401360546,0.4897959183673469,-0.45918367346938777,0.3707482993197279,-0.3231292517006803,0.7482993197278912,-0.336734693877551,0.6530612244897959,-0.3231292517006803,0.5102040816326531,-0.30612244897959184,0.40476190476190477,-0.1360544217687075,0.7448979591836735,-0.19047619047619047,0.6462585034013606,-0.16666666666666666,0.5136054421768708,-0.14285714285714285,0.4421768707482993,0.034013605442176874,0.7074829931972789,-0.04081632653061224,0.6190476190476191,-0.023809523809523808,0.5,0.0
2,0.0,0.0,0.0576271186440678,-0.28135593220338984,0.18305084745762712,-0.5932203389830508,0.26440677966101694,-0.8135593220338984,0.31186440677966104,-1.0,0.39322033898305087,-0.5050847457627119,0.7016949152542373,-0.47796610169491527,0.6203389830508474,-0.4440677966101695,0.49830508474576274,-0.43050847457627117,0.4440677966101695,-0.30847457627118646,0.752542372881356,-0.31864406779661014,0.6610169491525424,-0.29491525423728815,0.5254237288135594,-0.2677966101694915,0.48135593220338985,-0.11864406779661017,0.7593220338983051,-0.15932203389830507,0.6711864406779661,-0.1423728813559322,0.5457627118644067,-0.11864406779661017,0.5050847457627119,0.05423728813559322,0.7220338983050848,-0.006779661016949152,0.6406779661016949,0.003389830508474576,0.535593220338983,0.02711864406779661
2,0.0,0.0,0.07457627118644068,-0.30847457627118646,0.18983050847457628,-0.6067796610169491,0.28135593220338984,-0.8271186440677966,0.3389830508474576,-1.0,0.45084745762711864,-0.511864406779661,0.7016949152542373,-0.5050847457627119,0.6440677966101694,-0.46440677966101696,0.5389830508474577,-0.44745762711864406,0.5186440677966102,-0.31864406779661014,0.7661016949152543,-0.3389830508474576,0.6949152542372882,-0.31186440677966104,0.5694915254237288,-0.288135593220339,0.559322033898305,-0.13220338983050847,0.7796610169491526,-0.17288135593220338,0.7016949152542373,-0.15593220338983052,0.5864406779661017,-0.1288135593220339,0.5796610169491525,0.04406779661016949,0.7423728813559322,-0.020338983050847456,0.6677966101694915,-0.013559322033898305,0.5796610169491525,0.013559322033898305
2,0.0,0.0,0.07508532423208192,-0.31399317406143346,0.1945392491467577,-0.6109215017064846,0.31399317406143346,-0.8293515358361775,0.3856655290102389,-1.0,0.49829351535836175,-0.4948805460750853,0.7235494880546075,-0.49146757679180886,0.6279863481228669,-0.47440273037542663,0.5119453924914675,-0.4709897610921502,0.5699658703071673,-0.2832764505119454,0.78839590443686,-0.3447098976109215,0.7030716723549488,-0.3412969283276451,0.5870307167235495,-0.31399317406143346,0.6075085324232082,-0.09215017064846416,0.7918088737201365,-0.16382252559726962,0.7167235494880546,-0.16040955631399317,0.6040955631399317,-0.13310580204778158,0.621160409556314,0.07849829351535836,0.7542662116040956,-0.013651877133105802,0.6825938566552902,-0.017064846416382253,0.5938566552901023,0.013651877133105802
2,0.0,0.0,0.06354515050167224,-0.30434782608695654,0.18729096989966554,-0.6020066889632107,0.3110367892976589,-0.822742474916388,0.38461538461538464,-1.0,0.5083612040133779,-0.49498327759197325,0.7591973244147158,-0.4983277591973244,0.6488294314381271,-0.47491638795986624,0.5284280936454849,-0.46153846153846156,0.5752508361204013,-0.29431438127090304,0.8093645484949833,-0.35451505016722407,0.7157190635451505,-0.3511705685618729,0.5919732441471572,-0.32441471571906355,0.6053511705685619,-0.10367892976588629,0.7859531772575251,-0.1705685618729097,0.7023411371237458,-0.16722408026755853,0.5852842809364549,-0.14046822742474915,0.6086956521739131,0.07023411371237458,0.7324414715719063,-0.013377926421404682,0.6488294314381271,-0.016722408026755852,0.5585284280936454,0.010033444816053512
2,0.0,0.0,0.0756578947368421,-0.3059210526315789,0.20065789473684212,-0.6019736842105263,0.3223684210526316,-0.8256578947368421,0.3848684210526316,-1.0,0.4967105263157895,-0.5131578947368421,0.6973684210526315,-0.4901315789473684,0.5986842105263158,-0.4605263157894737,0.4967105263157895,-0.4605263157894737,0.5723684210526315,-0.3223684210526316,0.7730263157894737,-0.3618421052631579,0.6875,-0.33881578947368424,0.5789473684210527,-0.3092105263157895,0.6151315789473685,-0.13815789473684212,0.7894736842105263,-0.19078947368421054,0.7138157894736842,-0.17434210526315788,0.5986842105263158,-0.14473684210526316,0.6348684210526315,0.03289473684210526,0.75,-0.039473684210526314,0.6743421052631579,-0.03289473684210526,0.5888157894736842,-0.006578947368421052
2,0.0,0.0,0.04912280701754386,-0.3017543859649123,0.14736842105263157,-0.6035087719298246,0.26666666666666666,-0.8280701754385965,0.3684210526315789,-1.0,0.5157894736842106,-0.5052631578947369,0.743859649122807,-0.47017543859649125,0.6526315789473685,-0.41754385964912283,0.5368421052631579,-0.39649122807017545,0.5964912280701754,-0.29473684210526313,0.7929824561403509,-0.3087719298245614,0.7017543859649122,-0.2771929824561403,0.5754385964912281,-0.24561403508771928,0.631578947368421,-0.0912280701754386,0.7894736842105263,-0.12982456140350876,0.7017543859649122,-0.10526315789473684,0.5789473684210527,-0.07719298245614035,0.6385964912280702,0.0912280701754386,0.7508771929824561,0.0456140350877193,0.6596491228070176,0.05263157894736842,0.5649122807017544,0.07017543859649122
2,0.0,0.0,0.08766233766233766,-0.3116883116883117,0.22077922077922077,-0.6006493506493507,0.3344155844155844,-0.8246753246753247,0.4090909090909091,-1.0,0.5,-0.5,0.7564935064935064,-0.45454545454545453,0.6785714285714286,-0.41883116883116883,0.5746753246753247,-0.41233766233766234,0.5616883116883117,-0.288961038961039,0.801948051948052,-0.3246753246753247,0.7272727272727273,-0.3116883116883117,0.6103896103896104,-0.288961038961039,0.5909090909090909,-0.10064935064935066,0.7922077922077922,-0.16558441558441558,0.7175324675324676,-0.1525974025974026,0.6071428571428571,-0.12987012987012986,0.6006493506493507,0.06818181818181818,0.7467532467532467,-0.022727272727272728,0.6688311688311688,-0.01948051948051948,0.5811688311688312,0.00974025974025974
2,0.0,0.0,0.0970873786407767,-0.2912621359223301,0.24919093851132687,-0.5922330097087378,0.33980582524271846,-0.8220064724919094,0.3851132686084142,-1.0,0.41423948220064727,-0.49514563106796117,0.7249190938511327,-0.44336569579288027,0.6731391585760518,-0.39805825242718446,0.5889967637540453,-0.3818770226537217,0.44660194174757284,-0.2977346278317152,0.7734627831715211,-0.2977346278317152,0.6925566343042071,-0.27184466019417475,0.5631067961165048,-0.255663430420712,0.47572815533980584,-0.10679611650485436,0.7572815533980582,-0.14563106796116504,0.6731391585760518,-0.1262135922330097,0.5533980582524272,-0.10355987055016182,0.49838187702265374,0.06796116504854369,0.7152103559870551,-0.006472491909385114,0.6310679611650486,0.003236245954692557,0.5339805825242718,0.032362459546925564
2,0.0,0.0,0.08496732026143791,-0.27450980392156865,0.23529411764705882,-0.5882352941176471,0.31699346405228757,-0.8169934640522876,0.3627450980392157,-1.0,0.3758169934640523,-0.5261437908496732,0.7026143790849673,-0.46405228758169936,0.6339869281045751,-0.42483660130718953,0.5294117647058824,-0.4150326797385621,0.4019607843137255,-0.32679738562091504,0.7745098039215687,-0.3137254901960784,0.6862745098039216,-0.2875816993464052,0.5490196078431373,-0.2777777777777778,0.42810457516339867,-0.13071895424836602,0.7581699346405228,-0.1568627450980392,0.6601307189542484,-0.13398692810457516,0.5326797385620915,-0.12091503267973856,0.45098039215686275,0.05228758169934641,0.7091503267973857,-0.00980392156862745,0.6209150326797386,0.0,0.5065359477124183,0.016339869281045753
2,0.0,0.0,0.08223684210526316,-0.26973684210526316,0.23026315789473684,-0.5855263157894737,0.3059210526315789,-0.8157894736842105,0.33881578947368424,-1.0,0.375,-0.506578947368421,0.7236842105263158,-0.4440789473684211,0.6282894736842105,-0.42105263157894735,0.5032894736842105,-0.4276315789473684,0.39473684210526316,-0.3059210526315789,0.7730263157894737,-0.29276315789473684,0.6710526315789473,-0.28289473684210525,0.5263157894736842,-0.27631578947368424,0.41776315789473684,-0.1118421052631579,0.7532894736842105,-0.13815789473684212,0.6513157894736842,-0.125,0.5230263157894737,-0.11513157894736842,0.4342105263157895,0.06578947368421052,0.694078947368421,0.006578947368421052,0.6052631578947368,0.013157894736842105,0.4967105263157895,0.029605263157894735
2,0.0,0.0,0.08852459016393442,-0.28524590163934427,0.23934426229508196,-0.5934426229508196,0.32786885245901637,-0.8229508196721311,0.3639344262295082,-1.0,0.42950819672131146,-0.4852459016393443,0.760655737704918,-0.4163934426229508,0.6688524590163935,-0.40327868852459015,0.5540983606557377,-0.4065573770491803,0.45901639344262296,-0.2721311475409836,0.8065573770491803,-0.26885245901639343,0.7081967213114754,-0.26885245901639343,0.5737704918032787,-0.25901639344262295,0.4852459016393443,-0.07868852459016394,0.7770491803278688,-0.11475409836065574,0.6819672131147541,-0.11147540983606558,0.5606557377049181,-0.09836065573770492,0.49836065573770494,0.09508196721311475,0.7213114754098361,0.022950819672131147,0.6360655737704918,0.02622950819672131,0.5377049180327869,0.04918032786885246
2,0.0,0.0,0.1174496644295302,-0.3087248322147651,0.26174496644295303,-0.6006711409395973,0.3959731543624161,-0.8187919463087249,0.48322147651006714,-1.0,0.540268456375839,-0.5067114093959731,0.785234899328859,-0.42953020134228187,0.6912751677852349,-0.38926174496644295,0.5604026845637584,-0.38926174496644295,0.587248322147651,-0.29194630872483224,0.825503355704698,-0.2751677852348993,0.7416107382550335,-0.2516778523489933,0.610738255033557,-0.23825503355704697,0.6073825503355704,-0.087248322147651,0.8221476510067114,-0.11073825503355705,0.7416107382550335,-0.09395973154362416,0.6174496644295302,-0.07718120805369127,0.6073825503355704,0.09731543624161074,0.7751677852348994,0.03355704697986577,0.697986577181208,0.0436241610738255,0.6006711409395973,0.06711409395973154
2,0.0,0.0,0.11538461538461539,-0.32167832167832167,0.26223776223776224,-0.6153846153846154,0.4230769230769231,-0.8286713286713286,0.548951048951049,-1.0,0.5944055944055944,-0.5034965034965035,0.8076923076923077,-0.40559440559440557,0.7167832167832168,-0.35664335664335667,0.5979020979020979,-0.35664335664335667,0.6538461538461539,-0.27972027972027974,0.8566433566433567,-0.24825174825174826,0.7692307692307693,-0.2202797202797203,0.6398601398601399,-0.2062937062937063,0.6748251748251748,-0.07342657342657342,0.8356643356643356,-0.07692307692307693,0.7552447552447552,-0.05944055944055944,0.6328671328671329,-0.05244755244755245,0.6678321678321678,0.11538461538461539,0.7727272727272727,0.07692307692307693,0.6923076923076923,0.08391608391608392,0.6013986013986014,0.09090909090909091
2,0.0,0.0,0.10344827586206896,-0.32068965517241377,0.2517241379310345,-0.6206896551724138,0.4103448275862069,-0.8344827586206897,0.5344827586206896,-1.0,0.5586206896551724,-0.5,0.803448275862069,-0.4103448275862069,0.7310344827586207,-0.3620689655172414,0.6275862068965518,-0.3586206896551724,0.6068965517241379,-0.2827586206896552,0.8344827586206897,-0.25862068965517243,0.7517241379310344,-0.23103448275862068,0.6275862068965518,-0.2206896551724138,0.6241379310344828,-0.08275862068965517,0.7931034482758621,-0.08275862068965517,0.7103448275862069,-0.06551724137931035,0.593103448275862,-0.05517241379310345,0.6206896551724138,0.10344827586206896,0.7275862068965517,0.06896551724137931,0.6448275862068965,0.07931034482758621,0.5586206896551724,0.08620689655172414
2,0.0,0.0,0.09183673469387756,-0.3197278911564626,0.24149659863945577,-0.6190476190476191,0.38095238095238093,-0.8367346938775511,0.5,-1.0,0.4965986394557823,-0.5034013605442177,0.7755102040816326,-0.4489795918367347,0.7380952380952381,-0.40816326530612246,0.6564625850340136,-0.3945578231292517,0.5476190476190477,-0.2857142857142857,0.826530612244898,-0.2925170068027211,0.7789115646258503,-0.2687074829931973,0.6768707482993197,-0.25510204081632654,0.5748299319727891,-0.08163265306122448,0.8197278911564626,-0.12585034013605442,0.7482993197278912,-0.11224489795918367,0.6360544217687075,-0.09523809523809523,0.5918367346938775,0.10884353741496598,0.7619047619047619,0.02040816326530612,0.6870748299319728,0.02040816326530612,0.5986394557823129,0.04421768707482993
2,0.0,0.0,0.09900990099009901,-0.29042904290429045,0.24422442244224424,-0.6006600660066007,0.35313531353135313,-0.8283828382838284,0.4389438943894389,-1.0,0.429042904290429,-0.49834983498349833,0.7557755775577558,-0.4389438943894389,0.6600660066006601,-0.41254125412541254,0.528052805280528,-0.41254125412541254,0.45544554455445546,-0.28052805280528054,0.7986798679867987,-0.2739273927392739,0.7062706270627063,-0.25742574257425743,0.5610561056105611,-0.24752475247524752,0.4752475247524752,-0.07590759075907591,0.7788778877887789,-0.11221122112211221,0.6864686468646864,-0.09570957095709572,0.5544554455445545,-0.07920792079207921,0.49504950495049505,0.10561056105610561,0.7293729372937293,0.036303630363036306,0.6402640264026402,0.039603960396039604,0.5313531353135313,0.0627062706270627
2,0.0,0.0,0.10197368421052631,-0.27631578947368424,0.24342105263157895,-0.5855263157894737,0.32894736842105265,-0.819078947368421,0.40131578947368424,-1.0,0.40131578947368424,-0.48355263157894735,0.7368421052631579,-0.4276315789473684,0.6480263157894737,-0.40460526315789475,0.5263157894736842,-0.40131578947368424,0.4243421052631579,-0.26644736842105265,0.7927631578947368,-0.26644736842105265,0.7006578947368421,-0.2598684210526316,0.555921052631579,-0.24671052631578946,0.4473684210526316,-0.06578947368421052,0.7697368421052632,-0.10855263157894737,0.6743421052631579,-0.10526315789473684,0.5394736842105263,-0.08881578947368421,0.46710526315789475,0.1118421052631579,0.7138157894736842,0.03289473684210526,0.631578947368421,0.029605263157894735,0.5230263157894737,0.046052631578947366
2,0.0,0.0,0.10652920962199312,-0.2646048109965636,0.281786941580756,-0.5738831615120275,0.3745704467353952,-0.8144329896907216,0.4536082474226804,-1.0,0.44673539518900346,-0.49140893470790376,0.8247422680412371,-0.38144329896907214,0.7663230240549829,-0.35051546391752575,0.6563573883161512,-0.3539518900343643,0.44329896907216493,-0.281786941580756,0.8487972508591065,-0.21993127147766323,0.7491408934707904,-0.21305841924398625,0.584192439862543,-0.2268041237113402,0.43986254295532645,-0.07560137457044673,0.8144329896907216,-0.05154639175257732,0.7147766323024055,-0.058419243986254296,0.5670103092783505,-0.06872852233676977,0.44329896907216493,0.1134020618556701,0.7285223367697594,0.08934707903780069,0.6460481099656358,0.08247422680412371,0.5257731958762887,0.07903780068728522
2,0.0,0.0,0.11538461538461539,-0.25524475524475526,0.2902097902097902,-0.5594405594405595,0.3881118881118881,-0.8076923076923077,0.44405594405594406,-1.0,0.47202797202797203,-0.4405594405594406,0.8286713286713286,-0.3916083916083916,0.7447552447552448,-0.3916083916083916,0.6083916083916084,-0.3951048951048951,0.4755244755244755,-0.23776223776223776,0.8671328671328671,-0.23076923076923078,0.7692307692307693,-0.24825174825174826,0.6258741258741258,-0.24825174825174826,0.47202797202797203,-0.04895104895104895,0.8391608391608392,-0.06293706293706294,0.7517482517482518,-0.08391608391608392,0.6188811188811189,-0.07692307692307693,0.46503496503496505,0.1258741258741259,0.7622377622377622,0.07692307692307693,0.6958041958041958,0.06293706293706294,0.5909090909090909,0.07342657342657342
2,0.0,0.0,0.03484320557491289,-0.24041811846689895,0.156794425087108,-0.5574912891986062,0.18118466898954705,-0.7979094076655052,0.1986062717770035,-1.0,0.22996515679442509,-0.43205574912891986,0.6585365853658537,-0.42160278745644597,0.554006968641115,-0.40069686411149824,0.40418118466898956,-0.39372822299651566,0.24738675958188153,-0.2229965156794425,0.7142857142857143,-0.2508710801393728,0.6027874564459931,-0.24738675958188153,0.43205574912891986,-0.23344947735191637,0.2682926829268293,-0.03484320557491289,0.686411149825784,-0.07317073170731707,0.578397212543554,-0.059233449477351915,0.42160278745644597,-0.0313588850174216,0.2961672473867596,0.04878048780487805,0.627177700348432,0.04878048780487805,0.5400696864111498,0.04878048780487805,0.40418118466898956,0.04878048780487805
2,0.0,0.0,0.0749185667752443,-0.247557003257329,0.21498371335504887,-0.5700325732899023,0.25732899022801303,-0.8045602605863192,0.2671009771986971,-1.0,0.30293159609120524,-0.504885993485342,0.6872964169381107,-0.495114006514658,0.6123778501628665,-0.4364820846905538,0.4820846905537459,-0.42996742671009774,0.30944625407166126,-0.31921824104234525,0.7198697068403909,-0.31921824104234525,0.6221498371335505,-0.28013029315960913,0.46579804560260585,-0.2703583061889251,0.3257328990228013,-0.13029315960912052,0.7035830618892508,-0.15309446254071662,0.6091205211726385,-0.12052117263843648,0.4723127035830619,-0.10423452768729642,0.3517915309446254,0.029315960912052116,0.6416938110749185,-0.003257328990228013,0.5570032573289903,0.016286644951140065,0.4364820846905538,0.029315960912052116
2,0.0,0.0,0.06918238993710692,-0.29559748427672955,0.18238993710691823,-0.6037735849056604,0.23270440251572327,-0.8270440251572327,0.24213836477987422,-1.0,0.39308176100628933,-0.4968553459119497,0.6792452830188679,-0.5,0.6132075471698113,-0.4779874213836478,0.5125786163522013,-0.46540880503144655,0.44654088050314467,-0.3018867924528302,0.7484276729559748,-0.3522012578616352,0.6792452830188679,-0.33647798742138363,0.559748427672956,-0.3113207547169811,0.48427672955974843,-0.11949685534591195,0.7578616352201258,-0.20125786163522014,0.6855345911949685,-0.1949685534591195,0.5754716981132075,-0.17295597484276728,0.5094339622641509,0.0440251572327044,0.7138364779874213,-0.06289308176100629,0.6477987421383647,-0.0660377358490566,0.5566037735849056,-0.03459119496855346
2,0.0,0.0,0.07792207792207792,-0.30844155844155846,0.18181818181818182,-0.6006493506493507,0.2597402597402597,-0.8246753246753247,0.3116883116883117,-1.0,0.45454545454545453,-0.5064935064935064,0.7435064935064936,-0.474025974025974,0.6525974025974026,-0.44155844155844154,0.5324675324675324,-0.4318181818181818,0.5162337662337663,-0.2922077922077922,0.7987012987012987,-0.33766233766233766,0.7142857142857143,-0.32142857142857145,0.5844155844155844,-0.2922077922077922,0.5551948051948052,-0.09740259740259741,0.7857142857142857,-0.17857142857142858,0.7045454545454546,-0.16233766233766234,0.5941558441558441,-0.1331168831168831,0.577922077922078,0.07142857142857142,0.7435064935064936,-0.03896103896103896,0.6688311688311688,-0.02922077922077922,0.5844155844155844,0.00974025974025974
2,0.0,0.0,0.09508196721311475,-0.31475409836065577,0.2262295081967213,-0.6065573770491803,0.3377049180327869,-0.8262295081967214,0.42295081967213116,-1.0,0.5114754098360655,-0.49508196721311476,0.780327868852459,-0.4163934426229508,0.7081967213114754,-0.3770491803278688,0.5967213114754099,-0.3737704918032787,0.5573770491803278,-0.2819672131147541,0.819672131147541,-0.26885245901639343,0.7442622950819672,-0.24918032786885247,0.6163934426229508,-0.23278688524590163,0.580327868852459,-0.07868852459016394,0.7934426229508197,-0.10819672131147541,0.7147540983606557,-0.09180327868852459,0.5967213114754099,-0.07868852459016394,0.5836065573770491,0.10163934426229508,0.7442622950819672,0.036065573770491806,0.6655737704918033,0.04262295081967213,0.5770491803278689,0.06557377049180328
2,0.0,0.0,0.11036789297658862,-0.3076923076923077,0.26421404682274247,-0.6120401337792643,0.39464882943143814,-0.8294314381270903,0.5016722408026756,-1.0,0.5250836120401338,-0.4983277591973244,0.8127090301003345,-0.39464882943143814,0.7525083612040134,-0.35451505016722407,0.6488294314381271,-0.35451505016722407,0.5551839464882943,-0.27759197324414714,0.8494983277591973,-0.23411371237458195,0.7759197324414716,-0.2140468227424749,0.6454849498327759,-0.21070234113712374,0.568561872909699,-0.07023411371237458,0.8294314381270903,-0.07692307692307693,0.7424749163879598,-0.06020066889632107,0.6187290969899666,-0.05351170568561873,0.5652173913043478,0.12040133779264214,0.7692307692307693,0.06688963210702341,0.6822742474916388,0.07357859531772576,0.5819397993311036,0.08695652173913043
2,0.0,0.0,0.10561056105610561,-0.30033003300330036,0.25742574257425743,-0.5973597359735974,0.38283828382838286,-0.8250825082508251,0.48184818481848185,-1.0,0.5016501650165016,-0.504950495049505,0.7887788778877888,-0.40264026402640263,0.7194719471947195,-0.3564356435643564,0.6171617161716172,-0.34983498349834985,0.5313531353135313,-0.29042904290429045,0.8316831683168316,-0.24422442244224424,0.7491749174917491,-0.2145214521452145,0.6204620462046204,-0.2079207920792079,0.5478547854785478,-0.07920792079207921,0.801980198019802,-0.0858085808580858,0.7128712871287128,-0.0627062706270627,0.594059405940594,-0.052805280528052806,0.5511551155115512,0.11221122112211221,0.7425742574257426,0.0627062706270627,0.6501650165016502,0.07260726072607261,0.5544554455445545,0.0891089108910891
2,0.0,0.0,0.08176100628930817,-0.3081761006289308,0.20440251572327045,-0.60062893081761,0.2861635220125786,-0.8238993710691824,0.34591194968553457,-1.0,0.4308176100628931,-0.5314465408805031,0.7075471698113207,-0.46540880503144655,0.6415094339622641,-0.41823899371069184,0.5440251572327044,-0.4056603773584906,0.4937106918238994,-0.3270440251572327,0.7735849056603774,-0.330188679245283,0.7012578616352201,-0.29559748427672955,0.5754716981132075,-0.27358490566037735,0.5377358490566038,-0.1320754716981132,0.7704402515723271,-0.1761006289308176,0.6949685534591195,-0.1509433962264151,0.5817610062893082,-0.11949685534591195,0.5723270440251572,0.04716981132075472,0.7358490566037735,-0.0440251572327044,0.660377358490566,-0.02830188679245283,0.5723270440251572,0.006289308176100629
2,0.0,0.0,0.039755351681957186,-0.29357798165137616,0.12538226299694188,-0.581039755351682,0.1620795107033639,-0.8103975535168195,0.1743119266055046,-1.0,0.3516819571865443,-0.5168195718654435,0.6666666666666666,-0.5076452599388379,0.6024464831804281,-0.4740061162079511,0.5015290519877675,-0.4525993883792049,0.42507645259938837,-0.327217125382263,0.7308868501529052,-0.38837920489296635,0.6605504587155964,-0.3669724770642202,0.5443425076452599,-0.3333333333333333,0.4892966360856269,-0.14984709480122324,0.7308868501529052,-0.24464831804281345,0.6513761467889908,-0.22324159021406728,0.5443425076452599,-0.18654434250764526,0.5412844036697247,0.009174311926605505,0.7033639143730887,-0.11009174311926606,0.6269113149847095,-0.09480122324159021,0.5443425076452599,-0.05504587155963303
2,0.0,0.0,0.027777777777777776,-0.2962962962962963,0.10493827160493827,-0.5895061728395061,0.13580246913580246,-0.8148148148148148,0.12962962962962962,-1.0,0.33024691358024694,-0.5061728395061729,0.6450617283950617,-0.5154320987654321,0.5617283950617284,-0.49074074074074076,0.44753086419753085,-0.4691358024691358,0.4074074074074074,-0.3117283950617284,0.7098765432098766,-0.39197530864197533,0.6296296296296297,-0.38271604938271603,0.5092592592592593,-0.3425925925925926,0.47530864197530864,-0.13580246913580246,0.7129629629629629,-0.25308641975308643,0.6358024691358025,-0.23148148148148148,0.5308641975308642,-0.1882716049382716,0.5277777777777778,0.018518518518518517,0.6882716049382716,-0.10185185185185185,0.6111111111111112,-0.08641975308641975,0.5308641975308642,-0.043209876543209874
2,0.0,0.0,0.036585365853658534,-0.2926829268292683,0.11890243902439024,-0.5914634146341463,0.14939024390243902,-0.8201219512195121,0.1524390243902439,-1.0,0.3445121951219512,-0.5091463414634146,0.6402439024390244,-0.5213414634146342,0.5640243902439024,-0.4878048780487805,0.45426829268292684,-0.4603658536585366,0.42073170731707316,-0.32621951219512196,0.7073170731707317,-0.3932926829268293,0.6341463414634146,-0.3719512195121951,0.5213414634146342,-0.3323170731707317,0.4817073170731707,-0.1524390243902439,0.7164634146341463,-0.24695121951219512,0.6432926829268293,-0.22560975609756098,0.5396341463414634,-0.18902439024390244,0.5274390243902439,0.009146341463414634,0.6890243902439024,-0.09451219512195122,0.6158536585365854,-0.08231707317073171,0.5335365853658537,-0.042682926829268296
2,0.0,0.0,0.05572755417956656,-0.28792569659442724,0.15479876160990713,-0.5820433436532507,0.20743034055727555,-0.8142414860681114,0.23529411764705882,-1.0,0.4117647058823529,-0.5015479876160991,0.6780185758513931,-0.47987616099071206,0.6130030959752322,-0.43653250773993807,0.5046439628482973,-0.4117647058823529,0.47368421052631576,-0.30959752321981426,0.739938080495356,-0.33436532507739936,0.6811145510835913,-0.30030959752321984,0.56656346749226,-0.2724458204334365,0.5170278637770898,-0.12693498452012383,0.739938080495356,-0.17337461300309598,0.6749226006191951,-0.14551083591331268,0.56656346749226,-0.1238390092879257,0.541795665634675,0.043343653250773995,0.7089783281733746,-0.018575851393188854,0.6408668730650154,-0.0030959752321981426,0.5541795665634675,0.015479876160990712
2,0.0,0.0,0.10967741935483871,-0.29354838709677417,0.24516129032258063,-0.5967741935483871,0.3548387096774194,-0.8193548387096774,0.43870967741935485,-1.0,0.4838709677419355,-0.5225806451612903,0.7677419354838709,-0.4290322580645161,0.6806451612903226,-0.3741935483870968,0.5580645161290323,-0.3741935483870968,0.5161290322580645,-0.31290322580645163,0.8064516129032258,-0.2645161290322581,0.7161290322580646,-0.22903225806451613,0.5741935483870968,-0.22580645161290322,0.5419354838709678,-0.10967741935483871,0.7967741935483871,-0.1032258064516129,0.7096774193548387,-0.07419354838709677,0.5806451612903226,-0.06129032258064516,0.5516129032258065,0.07741935483870968,0.7451612903225806,0.02903225806451613,0.6612903225806451,0.054838709677419356,0.5580645161290323,0.06774193548387097
2,0.0,0.0,0.11182108626198083,-0.29073482428115016,0.28115015974440893,-0.5942492012779552,0.41533546325878595,-0.8178913738019169,0.4952076677316294,-1.0,0.5015974440894568,-0.5175718849840255,0.7763578274760383,-0.38338658146964855,0.7060702875399361,-0.3258785942492013,0.6006389776357828,-0.329073482428115,0.5335463258785943,-0.3194888178913738,0.8178913738019169,-0.23003194888178913,0.7412140575079872,-0.19169329073482427,0.6134185303514377,-0.19488817891373802,0.5527156549520766,-0.12140575079872204,0.8019169329073482,-0.07348242811501597,0.7124600638977636,-0.04472843450479233,0.5910543130990416,-0.051118210862619806,0.5559105431309904,0.0670926517571885,0.744408945686901,0.051118210862619806,0.65814696485623,0.07028753993610223,0.5591054313099042,0.07028753993610223
2,0.0,0.0,0.12420382165605096,-0.28343949044585987,0.3184713375796178,-0.5859872611464968,0.445859872611465,-0.8089171974522293,0.5159235668789809,-1.0,0.535031847133758,-0.48089171974522293,0.8471337579617835,-0.3184713375796178,0.7611464968152867,-0.2929936305732484,0.6528662420382165,-0.321656050955414,0.5509554140127388,-0.2802547770700637,0.8885350318471338,-0.17197452229299362,0.7770700636942676,-0.1624203821656051,0.6273885350318471,-0.1910828025477707,0.5477707006369427,-0.07643312101910828,0.8312101910828026,-0.025477707006369428,0.7229299363057324,-0.01592356687898089,0.5923566878980892,-0.03184713375796178,0.5286624203821656,0.1178343949044586,0.7388535031847133,0.09872611464968153,0.6401273885350318,0.09554140127388536,0.535031847133758,0.09554140127388536
2,0.0,0.0,0.09495548961424333,-0.3056379821958457,0.26409495548961426,-0.6023738872403561,0.39762611275964393,-0.8219584569732937,0.486646884272997,-1.0,0.5044510385756676,-0.5014836795252225,0.7952522255192879,-0.3827893175074184,0.7596439169139466,-0.34124629080118696,0.6913946587537092,-0.34718100890207715,0.5459940652818991,-0.29080118694362017,0.8456973293768546,-0.2433234421364985,0.7626112759643917,-0.2195845697329377,0.629080118694362,-0.2195845697329377,0.56973293768546,-0.08902077151335312,0.8041543026706232,-0.09495548961424333,0.7210682492581603,-0.07418397626112759,0.6023738872403561,-0.06528189910979229,0.5786350148367952,0.09495548961424333,0.7388724035608308,0.03560830860534125,0.658753709198813,0.04747774480712166,0.56973293768546,0.06824925816023739
2,0.0,0.0,0.0830945558739255,-0.3008595988538682,0.2148997134670487,-0.5931232091690545,0.3237822349570201,-0.8223495702005731,0.38968481375358166,-1.0,0.4297994269340974,-0.5157593123209169,0.7220630372492837,-0.4269340974212034,0.7134670487106017,-0.37822349570200575,0.66189111747851,-0.3667621776504298,0.48424068767908307,-0.3209169054441261,0.7879656160458453,-0.28939828080229224,0.7220630372492837,-0.2607449856733524,0.5959885386819485,-0.25501432664756446,0.5157593123209169,-0.12607449856733524,0.7564469914040115,-0.14326647564469913,0.6790830945558739,-0.1174785100286533,0.5644699140401146,-0.10601719197707736,0.5358166189111748,0.05157593123209169,0.6876790830945558,-0.0057306590257879654,0.6103151862464183,0.008595988538681949,0.5214899713467048,0.025787965616045846
2,0.0,0.0,0.08139534883720931,-0.29651162790697677,0.2005813953488372,-0.5959302325581395,0.30523255813953487,-0.8255813953488372,0.3808139534883721,-1.0,0.42151162790697677,-0.5319767441860465,0.7209302325581395,-0.4563953488372093,0.7180232558139535,-0.4011627906976744,0.6715116279069767,-0.3808139534883721,0.48255813953488375,-0.3313953488372093,0.7819767441860465,-0.311046511627907,0.7383720930232558,-0.27325581395348836,0.6337209302325582,-0.2558139534883721,0.5261627906976745,-0.13372093023255813,0.7645348837209303,-0.1569767441860465,0.7005813953488372,-0.12790697674418605,0.5930232558139535,-0.11337209302325581,0.5581395348837209,0.046511627906976744,0.7122093023255814,-0.020348837209302327,0.6395348837209303,-0.005813953488372093,0.5581395348837209,0.014534883720930232
2,0.0,0.0,0.08734939759036145,-0.2891566265060241,0.20783132530120482,-0.5933734939759037,0.3192771084337349,-0.8253012048192772,0.40963855421686746,-1.0,0.45481927710843373,-0.5180722891566265,0.75,-0.43373493975903615,0.713855421686747,-0.3885542168674699,0.6325301204819277,-0.3825301204819277,0.5090361445783133,-0.31626506024096385,0.8012048192771084,-0.29819277108433734,0.7409638554216867,-0.2620481927710843,0.6295180722891566,-0.2469879518072289,0.5512048192771084,-0.11746987951807229,0.7981927710843374,-0.14457831325301204,0.7259036144578314,-0.12349397590361445,0.6144578313253012,-0.11144578313253012,0.5783132530120482,0.06626506024096386,0.7379518072289156,-0.0030120481927710845,0.6596385542168675,0.009036144578313253,0.572289156626506,0.02710843373493976
2,0.0,0.0,0.09006211180124224,-0.2981366459627329,0.21428571428571427,-0.5993788819875776,0.3198757763975155,-0.8260869565217391,0.41304347826086957,-1.0,0.4440993788819876,-0.5279503105590062,0.7515527950310559,-0.453416149068323,0.6956521739130435,-0.41304347826086957,0.6024844720496895,-0.40683229813664595,0.4937888198757764,-0.3136645962732919,0.8105590062111802,-0.3105590062111801,0.7298136645962733,-0.2857142857142857,0.5962732919254659,-0.2670807453416149,0.5341614906832298,-0.11180124223602485,0.7981366459627329,-0.15217391304347827,0.7142857142857143,-0.13354037267080746,0.593167701863354,-0.12111801242236025,0.562111801242236,0.06832298136645963,0.7453416149068323,-0.012422360248447204,0.6614906832298136,-0.003105590062111801,0.5714285714285714,0.018633540372670808
2,0.0,0.0,0.10355987055016182,-0.32038834951456313,0.22653721682847897,-0.6084142394822006,0.3365695792880259,-0.8284789644012945,0.42394822006472493,-1.0,0.47896440129449835,-0.5339805825242718,0.7411003236245954,-0.47572815533980584,0.6634304207119741,-0.42718446601941745,0.5501618122977346,-0.41423948220064727,0.5436893203883495,-0.3268608414239482,0.8025889967637541,-0.33980582524271846,0.7346278317152104,-0.3074433656957929,0.6084142394822006,-0.2783171521035599,0.5857605177993528,-0.13268608414239483,0.7928802588996764,-0.18446601941747573,0.7216828478964401,-0.16181229773462782,0.6084142394822006,-0.13268608414239483,0.6084142394822006,0.045307443365695796,0.7572815533980582,-0.045307443365695796,0.686084142394822,-0.03559870550161812,0.6051779935275081,-0.006472491909385114
2,0.0,0.0,0.07718120805369127,-0.31208053691275167,0.18791946308724833,-0.6040268456375839,0.2953020134228188,-0.8288590604026845,0.37919463087248323,-1.0,0.44966442953020136,-0.5100671140939598,0.7080536912751678,-0.47651006711409394,0.6577181208053692,-0.4228187919463087,0.5704697986577181,-0.3959731543624161,0.5134228187919463,-0.3053691275167785,0.7684563758389261,-0.33221476510067116,0.7013422818791947,-0.30201342281879195,0.587248322147651,-0.2751677852348993,0.5570469798657718,-0.11409395973154363,0.7651006711409396,-0.174496644295302,0.6946308724832215,-0.1476510067114094,0.5838926174496645,-0.1174496644295302,0.5805369127516778,0.05704697986577181,0.7315436241610739,-0.03691275167785235,0.6610738255033557,-0.020134228187919462,0.5771812080536913,0.013422818791946308
2,0.0,0.0,0.14492753623188406,-0.3115942028985507,0.32971014492753625,-0.605072463768116,0.47101449275362317,-0.8297101449275363,0.5833333333333334,-1.0,0.5760869565217391,-0.47101449275362317,0.8804347826086957,-0.35507246376811596,0.7681159420289855,-0.33695652173913043,0.6231884057971014,-0.35144927536231885,0.5978260869565217,-0.2391304347826087,0.894927536231884,-0.1956521739130435,0.7898550724637681,-0.19202898550724637,0.644927536231884,-0.19202898550724637,0.5978260869565217,-0.021739130434782608,0.855072463768116,-0.03260869565217391,0.7608695652173914,-0.03260869565217391,0.6304347826086957,-0.028985507246376812,0.5797101449275363,0.16304347826086957,0.7717391304347826,0.10869565217391304,0.6847826086956522,0.10869565217391304,0.5905797101449275,0.12318840579710146
2,0.0,0.0,0.12544802867383512,-0.3010752688172043,0.3154121863799283,-0.6093189964157706,0.46953405017921146,-0.8279569892473119,0.5913978494623656,-1.0,0.5448028673835126,-0.48028673835125446,0.8530465949820788,-0.34050179211469533,0.7455197132616488,-0.32616487455197135,0.6164874551971327,-0.35125448028673834,0.5483870967741935,-0.25089605734767023,0.8673835125448028,-0.17921146953405018,0.7670250896057348,-0.1827956989247312,0.6200716845878136,-0.1971326164874552,0.5448028673835126,-0.035842293906810034,0.8243727598566308,-0.025089605734767026,0.7275985663082437,-0.017921146953405017,0.5913978494623656,-0.014336917562724014,0.5340501792114696,0.15770609318996415,0.7491039426523297,0.11469534050179211,0.6523297491039427,0.11469534050179211,0.5448028673835126,0.12903225806451613
2,0.0,0.0,0.12099644128113879,-0.298932384341637,0.30604982206405695,-0.608540925266904,0.4555160142348754,-0.8291814946619217,0.5693950177935944,-1.0,0.5409252669039146,-0.48398576512455516,0.8576512455516014,-0.35231316725978645,0.7508896797153025,-0.33451957295373663,0.6192170818505338,-0.35587188612099646,0.5480427046263345,-0.26334519572953735,0.8683274021352313,-0.18861209964412812,0.7722419928825622,-0.18505338078291814,0.6298932384341637,-0.19572953736654805,0.5480427046263345,-0.05338078291814947,0.8327402135231317,-0.03558718861209965,0.7366548042704626,-0.03202846975088968,0.604982206405694,-0.03202846975088968,0.5444839857651246,0.13523131672597866,0.7651245551601423,0.09252669039145907,0.6761565836298933,0.09252669039145907,0.5729537366548043,0.10320284697508897
2,0.0,0.0,0.1,-0.296551724137931,0.2655172413793103,-0.603448275862069,0.3931034482758621,-0.8241379310344827,0.4793103448275862,-1.0,0.503448275862069,-0.506896551724138,0.8103448275862069,-0.38620689655172413,0.7241379310344828,-0.3482758620689655,0.6,-0.35172413793103446,0.5275862068965518,-0.29310344827586204,0.8344827586206897,-0.23103448275862068,0.7517241379310344,-0.20689655172413793,0.6206896551724138,-0.21379310344827587,0.5448275862068965,-0.08275862068965517,0.8103448275862069,-0.07241379310344828,0.7241379310344828,-0.05862068965517241,0.603448275862069,-0.06206896551724138,0.5517241379310345,0.10344827586206896,0.7551724137931034,0.05172413793103448,0.6724137931034483,0.05862068965517241,0.5724137931034483,0.06896551724137931
2,0.0,0.0,0.08524590163934426,-0.2983606557377049,0.22950819672131148,-0.6,0.35081967213114756,-0.8262295081967214,0.4360655737704918,-1.0,0.46229508196721314,-0.5147540983606558,0.7442622950819672,-0.419672131147541,0.6721311475409836,-0.3737704918032787,0.5573770491803278,-0.36721311475409835,0.5049180327868853,-0.3081967213114754,0.7770491803278688,-0.2721311475409836,0.6950819672131148,-0.24262295081967214,0.5672131147540984,-0.23278688524590163,0.5278688524590164,-0.10491803278688525,0.7737704918032787,-0.11147540983606558,0.6885245901639344,-0.09508196721311475,0.5704918032786885,-0.08524590163934426,0.5377049180327869,0.08196721311475409,0.7180327868852459,0.02622950819672131,0.6327868852459017,0.03278688524590164,0.5409836065573771,0.04918032786885246
2,0.0,0.0,0.06349206349206349,-0.3047619047619048,0.17142857142857143,-0.6063492063492063,0.273015873015873,-0.8285714285714286,0.3492063492063492,-1.0,0.40634920634920635,-0.5428571428571428,0.7047619047619048,-0.48253968253968255,0.6603174603174603,-0.4222222222222222,0.5587301587301587,-0.4,0.473015873015873,-0.34285714285714286,0.7746031746031746,-0.3396825396825397,0.7238095238095238,-0.2984126984126984,0.6095238095238096,-0.273015873015873,0.5238095238095238,-0.1492063492063492,0.7714285714285715,-0.18095238095238095,0.7111111111111111,-0.1523809523809524,0.6031746031746031,-0.1365079365079365,0.5619047619047619,0.031746031746031744,0.7396825396825397,-0.044444444444444446,0.6793650793650794,-0.031746031746031744,0.5968253968253968,-0.009523809523809525
2,0.0,0.0,0.06116207951070336,-0.2996941896024465,0.1620795107033639,-0.5963302752293578,0.25076452599388377,-0.8226299694189603,0.3180428134556575,-1.0,0.39755351681957185,-0.5504587155963303,0.6880733944954128,-0.4954128440366973,0.6055045871559633,-0.44036697247706424,0.4831804281345566,-0.42813455657492355,0.47706422018348627,-0.3577981651376147,0.7584097859327217,-0.36085626911314983,0.6758409785932722,-0.3211009174311927,0.5443425076452599,-0.2966360856269113,0.5382262996941896,-0.16819571865443425,0.7584097859327217,-0.20489296636085627,0.6819571865443425,-0.16819571865443425,0.5657492354740061,-0.1437308868501529,0.581039755351682,0.0030581039755351682,0.7339449541284404,-0.07339449541284404,0.6636085626911316,-0.04892966360856269,0.5779816513761468,-0.01834862385321101
2,0.0,0.0,0.07339449541284404,-0.29357798165137616,0.18042813455657492,-0.5932721712538226,0.27217125382262997,-0.8195718654434251,0.345565749235474,-1.0,0.42201834862385323,-0.5474006116207951,0.7125382262996942,-0.4801223241590214,0.6299694189602446,-0.42201834862385323,0.5076452599388379,-0.40672782874617736,0.4923547400611621,-0.3516819571865443,0.764525993883792,-0.3425076452599388,0.6819571865443425,-0.29357798165137616,0.5535168195718655,-0.27217125382262997,0.5474006116207951,-0.15902140672782875,0.7675840978593272,-0.18960244648318042,0.6850152905198776,-0.14984709480122324,0.5688073394495413,-0.12844036697247707,0.5871559633027523,0.01529051987767584,0.7370030581039755,-0.0581039755351682,0.654434250764526,-0.024464831804281346,0.5688073394495413,0.0030581039755351682
2,0.0,0.0,0.12751677852348994,-0.3053691275167785,0.2953020134228188,-0.6040268456375839,0.40604026845637586,-0.825503355704698,0.5167785234899329,-1.0,0.5302013422818792,-0.46308724832214765,0.8422818791946308,-0.3859060402684564,0.7718120805369127,-0.3624161073825503,0.6644295302013423,-0.36577181208053694,0.5570469798657718,-0.2348993288590604,0.8691275167785235,-0.2214765100671141,0.7953020134228188,-0.2181208053691275,0.674496644295302,-0.21140939597315436,0.5671140939597316,-0.02348993288590604,0.8389261744966443,-0.06375838926174497,0.7583892617449665,-0.06375838926174497,0.6375838926174496,-0.050335570469798654,0.5671140939597316,0.15436241610738255,0.7785234899328859,0.08053691275167785,0.7013422818791947,0.07718120805369127,0.6040268456375839,0.09395973154362416
2,0.0,0.0,0.12040133779264214,-0.3010033444816054,0.3010033444816054,-0.5986622073578596,0.43812709030100333,-0.822742474916388,0.5518394648829431,-1.0,0.5250836120401338,-0.46153846153846156,0.842809364548495,-0.3511705685618729,0.7692307692307693,-0.3277591973244147,0.6655518394648829,-0.3277591973244147,0.5418060200668896,-0.23745819397993312,0.8762541806020067,-0.19063545150501673,0.7993311036789298,-0.1806020066889632,0.6655518394648829,-0.18394648829431437,0.5484949832775919,-0.026755852842809364,0.8394648829431438,-0.03678929765886288,0.7491638795986622,-0.030100334448160536,0.6220735785953178,-0.023411371237458192,0.5484949832775919,0.15719063545150502,0.7692307692307693,0.09698996655518395,0.6822742474916388,0.09698996655518395,0.5785953177257525,0.11371237458193979
2,0.0,0.0,0.1296928327645051,-0.3003412969283277,0.32081911262798635,-0.6075085324232082,0.46757679180887374,-0.825938566552901,0.5870307167235495,-1.0,0.5665529010238908,-0.45733788395904434,0.8737201365187713,-0.3310580204778157,0.7849829351535836,-0.310580204778157,0.6689419795221843,-0.32081911262798635,0.5733788395904437,-0.22525597269624573,0.9010238907849829,-0.15699658703071673,0.8122866894197952,-0.15017064846416384,0.6791808873720137,-0.15699658703071673,0.5665529010238908,-0.010238907849829351,0.8498293515358362,0.0034129692832764505,0.7542662116040956,0.006825938566552901,0.6279863481228669,0.006825938566552901,0.5494880546075085,0.18430034129692832,0.7781569965870307,0.14334470989761092,0.6825938566552902,0.13993174061433447,0.5767918088737202,0.14675767918088736
2,0.0,0.0,0.13559322033898305,-0.30847457627118646,0.33559322033898303,-0.6067796610169491,0.49491525423728816,-0.823728813559322,0.6,-1.0,0.5796610169491525,-0.4440677966101695,0.8711864406779661,-0.3254237288135593,0.7898305084745763,-0.3050847457627119,0.6847457627118644,-0.31864406779661014,0.5864406779661017,-0.2135593220338983,0.9016949152542373,-0.14576271186440679,0.8203389830508474,-0.1423728813559322,0.6847457627118644,-0.15254237288135594,0.576271186440678,0.0,0.847457627118644,0.01694915254237288,0.7559322033898305,0.01694915254237288,0.6338983050847458,0.01694915254237288,0.5559322033898305,0.18983050847457628,0.7694915254237288,0.15593220338983052,0.6813559322033899,0.15254237288135594,0.5796610169491525,0.16271186440677965
2,0.0,0.0,0.13758389261744966,-0.3087248322147651,0.34563758389261745,-0.6006711409395973,0.5,-0.8154362416107382,0.6073825503355704,-1.0,0.5906040268456376,-0.42953020134228187,0.8825503355704698,-0.3053691275167785,0.802013422818792,-0.28859060402684567,0.6879194630872483,-0.3053691275167785,0.5906040268456376,-0.20134228187919462,0.9026845637583892,-0.12751677852348994,0.8187919463087249,-0.13087248322147652,0.6778523489932886,-0.14429530201342283,0.5738255033557047,0.010067114093959731,0.8389261744966443,0.026845637583892617,0.7516778523489933,0.026845637583892617,0.62751677852349,0.026845637583892617,0.5469798657718121,0.19798657718120805,0.7651006711409396,0.1610738255033557,0.6778523489932886,0.15771812080536912,0.5738255033557047,0.16778523489932887
2,0.0,0.0,0.10461538461538461,-0.29846153846153844,0.27384615384615385,-0.5938461538461538,0.39692307692307693,-0.8184615384615385,0.47384615384615386,-1.0,0.5015384615384615,-0.47692307692307695,0.7876923076923077,-0.38769230769230767,0.7107692307692308,-0.36,0.6,-0.3569230769230769,0.5261538461538462,-0.2676923076923077,0.8215384615384616,-0.23692307692307693,0.7476923076923077,-0.21846153846153846,0.6184615384615385,-0.2153846153846154,0.5353846153846153,-0.07076923076923076,0.7907692307692308,-0.08,0.7076923076923077,-0.06769230769230769,0.5876923076923077,-0.055384615384615386,0.5415384615384615,0.11076923076923077,0.7323076923076923,0.04923076923076923,0.6523076923076923,0.052307692307692305,0.5538461538461539,0.07076923076923076
2,0.0,0.0,0.1,-0.309375,0.246875,-0.596875,0.3625,-0.81875,0.446875,-1.0,0.5,-0.46875,0.8,-0.390625,0.721875,-0.36875,0.60625,-0.371875,0.534375,-0.24375,0.834375,-0.2375,0.753125,-0.234375,0.61875,-0.225,0.55,-0.040625,0.790625,-0.08125,0.7125,-0.075,0.590625,-0.065625,0.553125,0.134375,0.725,0.0625,0.646875,0.0625,0.55625,0.084375
2,0.0,0.0,0.08814589665653495,-0.303951367781155,0.2066869300911854,-0.5896656534954408,0.2978723404255319,-0.817629179331307,0.3586626139817629,-1.0,0.4376899696048632,-0.47720364741641336,0.7355623100303952,-0.42857142857142855,0.6534954407294833,-0.39209726443769,0.5349544072948328,-0.3860182370820669,0.48632218844984804,-0.2735562310030395,0.7811550151975684,-0.2857142857142857,0.7021276595744681,-0.26443768996960487,0.5714285714285714,-0.24620060790273557,0.5167173252279635,-0.08206686930091185,0.7659574468085106,-0.13069908814589665,0.6838905775075987,-0.11246200607902736,0.5653495440729484,-0.0851063829787234,0.5349544072948328,0.0911854103343465,0.7112462006079028,0.015197568389057751,0.6291793313069909,0.0243161094224924,0.5379939209726444,0.0547112462006079
2,0.0,0.0,0.07926829268292683,-0.29573170731707316,0.20121951219512196,-0.5914634146341463,0.27439024390243905,-0.8140243902439024,0.3231707317073171,-1.0,0.4176829268292683,-0.4878048780487805,0.7103658536585366,-0.4268292682926829,0.6219512195121951,-0.3932926829268293,0.4878048780487805,-0.38414634146341464,0.4634146341463415,-0.2804878048780488,0.7652439024390244,-0.2865853658536585,0.6859756097560976,-0.2652439024390244,0.5487804878048781,-0.24390243902439024,0.49390243902439024,-0.08841463414634146,0.75,-0.13414634146341464,0.6737804878048781,-0.11280487804878049,0.551829268292683,-0.09146341463414634,0.5182926829268293,0.08231707317073171,0.7103658536585366,0.009146341463414634,0.6310975609756098,0.018292682926829267,0.5365853658536586,0.042682926829268296
2,0.0,0.0,0.10223642172523961,-0.29073482428115016,0.2364217252396166,-0.5846645367412141,0.31309904153354634,-0.8178913738019169,0.38338658146964855,-1.0,0.46006389776357826,-0.48562300319488816,0.7795527156549521,-0.3961661341853035,0.7507987220447284,-0.34824281150159747,0.6773162939297125,-0.33226837060702874,0.49201277955271566,-0.26517571884984026,0.8338658146964856,-0.23961661341853036,0.7699680511182109,-0.21405750798722045,0.645367412140575,-0.19808306709265175,0.5079872204472844,-0.06070287539936102,0.7891373801916933,-0.07028753993610223,0.7124600638977636,-0.05750798722044728,0.5878594249201278,-0.054313099041533544,0.5143769968051118,0.12140575079872204,0.7220447284345048,0.07667731629392971,0.6485623003194888,0.07667731629392971,0.5527156549520766,0.07987220447284345
2,0.0,0.0,0.1111111111111111,-0.2973856209150327,0.26143790849673204,-0.5882352941176471,0.3660130718954248,-0.8202614379084967,0.45098039215686275,-1.0,0.5,-0.4542483660130719,0.7973856209150327,-0.3888888888888889,0.7287581699346405,-0.3627450980392157,0.6241830065359477,-0.35947712418300654,0.5228758169934641,-0.23202614379084968,0.8529411764705882,-0.21895424836601307,0.7745098039215687,-0.21241830065359477,0.6372549019607843,-0.20915032679738563,0.5326797385620915,-0.029411764705882353,0.8071895424836601,-0.0457516339869281,0.7189542483660131,-0.042483660130718956,0.5947712418300654,-0.03594771241830065,0.5261437908496732,0.15359477124183007,0.738562091503268,0.10784313725490197,0.6568627450980392,0.10457516339869281,0.5588235294117647,0.11437908496732026
2,0.0,0.0,0.16783216783216784,-0.32167832167832167,0.3741258741258741,-0.6153846153846154,0.5454545454545454,-0.8286713286713286,0.6748251748251748,-1.0,0.6643356643356644,-0.44405594405594406,0.9370629370629371,-0.3006993006993007,0.9125874125874126,-0.2517482517482518,0.8531468531468531,-0.2517482517482518,0.6643356643356644,-0.20279720279720279,0.9405594405594405,-0.11538461538461539,0.8566433566433567,-0.10139860139860139,0.7272727272727273,-0.11538461538461539,0.6398601398601399,0.017482517482517484,0.8706293706293706,0.05244755244755245,0.7902097902097902,0.06293706293706294,0.6643356643356644,0.05244755244755245,0.6013986013986014,0.21328671328671328,0.7867132867132867,0.20279720279720279,0.7062937062937062,0.1958041958041958,0.6048951048951049,0.1853146853146853
2,0.0,0.0,0.16666666666666666,-0.3229166666666667,0.3854166666666667,-0.6145833333333334,0.5694444444444444,-0.8263888888888888,0.7013888888888888,-1.0,0.6736111111111112,-0.4270833333333333,0.9513888888888888,-0.3055555555555556,0.8645833333333334,-0.28125,0.7569444444444444,-0.2986111111111111,0.6736111111111112,-0.1909722222222222,0.9513888888888888,-0.1284722222222222,0.8611111111111112,-0.125,0.7222222222222222,-0.1388888888888889,0.6493055555555556,0.024305555555555556,0.8888888888888888,0.03819444444444445,0.8020833333333334,0.041666666666666664,0.6736111111111112,0.041666666666666664,0.6076388888888888,0.21875,0.8055555555555556,0.18055555555555555,0.7256944444444444,0.17708333333333334,0.6215277777777778,0.18055555555555555
2,0.0,0.0,0.1522491349480969,-0.32525951557093424,0.3737024221453287,-0.615916955017301,0.5570934256055363,-0.8269896193771626,0.6885813148788927,-1.0,0.6643598615916955,-0.43944636678200694,0.9480968858131488,-0.314878892733564,0.9065743944636678,-0.2664359861591695,0.8373702422145328,-0.25951557093425603,0.6643598615916955,-0.20761245674740483,0.9446366782006921,-0.1384083044982699,0.8650519031141869,-0.1245674740484429,0.7370242214532872,-0.13494809688581316,0.6366782006920415,0.0034602076124567475,0.8788927335640139,0.02422145328719723,0.7958477508650519,0.031141868512110725,0.671280276816609,0.02422145328719723,0.5986159169550173,0.1972318339100346,0.7958477508650519,0.16608996539792387,0.7162629757785467,0.15570934256055363,0.6089965397923875,0.15570934256055363
2,0.0,0.0,0.13513513513513514,-0.31756756756756754,0.3141891891891892,-0.6114864864864865,0.46959459459459457,-0.831081081081081,0.5912162162162162,-1.0,0.5641891891891891,-0.44256756756756754,0.8648648648648649,-0.34121621621621623,0.7635135135135135,-0.3310810810810811,0.6351351351351351,-0.34797297297297297,0.5777027027027027,-0.21283783783783783,0.8986486486486487,-0.17229729729729729,0.8006756756756757,-0.18243243243243243,0.6554054054054054,-0.1858108108108108,0.5743243243243243,-0.006756756756756757,0.8547297297297297,-0.010135135135135136,0.7567567567567568,-0.016891891891891893,0.625,-0.013513513513513514,0.5574324324324325,0.17229729729729729,0.7736486486486487,0.12837837837837837,0.6824324324324325,0.11486486486486487,0.5777027027027027,0.12162162162162163
2,0.0,0.0,0.12080536912751678,-0.2986577181208054,0.2986577181208054,-0.6006711409395973,0.42953020134228187,-0.825503355704698,0.5369127516778524,-1.0,0.5369127516778524,-0.42953020134228187,0.8590604026845637,-0.3389261744966443,0.7550335570469798,-0.3288590604026846,0.6208053691275168,-0.3422818791946309,0.5469798657718121,-0.21140939597315436,0.8825503355704698,-0.16778523489932887,0.785234899328859,-0.16778523489932887,0.6375838926174496,-0.174496644295302,0.5436241610738255,-0.006711409395973154,0.8322147651006712,0.003355704697986577,0.7416107382550335,0.003355704697986577,0.610738255033557,0.003355704697986577,0.5302013422818792,0.174496644295302,0.7718120805369127,0.1476510067114094,0.6879194630872483,0.14093959731543623,0.5771812080536913,0.1476510067114094
2,0.0,0.0,0.10963455149501661,-0.29900332225913623,0.2724252491694352,-0.6013289036544851,0.38205980066445183,-0.8272425249169435,0.4717607973421927,-1.0,0.49169435215946844,-0.46179401993355484,0.8305647840531561,-0.3920265780730897,0.7674418604651163,-0.3687707641196013,0.6578073089700996,-0.3654485049833887,0.5116279069767442,-0.2558139534883721,0.8704318936877077,-0.22591362126245848,0.7873754152823921,-0.22259136212624583,0.6445182724252492,-0.22259136212624583,0.521594684385382,-0.06312292358803986,0.8438538205980066,-0.059800664451827246,0.7574750830564784,-0.05647840531561462,0.6245847176079734,-0.04983388704318937,0.5249169435215947,0.11627906976744186,0.7840531561461794,0.07973421926910298,0.7043189368770764,0.07973421926910298,0.5980066445182725,0.08970099667774087
2,0.0,0.0,0.11036789297658862,-0.2909698996655518,0.2809364548494983,-0.5852842809364549,0.3979933110367893,-0.8193979933110368,0.4916387959866221,-1.0,0.5284280936454849,-0.46488294314381273,0.8461538461538461,-0.39464882943143814,0.8060200668896321,-0.35451505016722407,0.7224080267558528,-0.34448160535117056,0.5484949832775919,-0.25418060200668896,0.8862876254180602,-0.23076923076923078,0.8060200668896321,-0.20735785953177258,0.6722408026755853,-0.19732441471571907,0.5551839464882943,-0.06020066889632107,0.8595317725752508,-0.05351170568561873,0.7759197324414716,-0.04013377926421405,0.6488294314381271,-0.033444816053511704,0.5484949832775919,0.11705685618729098,0.7993311036789298,0.08695652173913043,0.7224080267558528,0.09364548494983277,0.6220735785953178,0.11036789297658862
2,0.0,0.0,0.1254355400696864,-0.29965156794425085,0.31010452961672474,-0.5958188153310104,0.43902439024390244,-0.8222996515679443,0.5400696864111498,-1.0,0.578397212543554,-0.445993031358885,0.8745644599303136,-0.37282229965156793,0.9303135888501742,-0.33797909407665505,0.9372822299651568,-0.32752613240418116,0.5923344947735192,-0.23693379790940766,0.9059233449477352,-0.20209059233449478,0.8571428571428571,-0.18815331010452963,0.7491289198606271,-0.18815331010452963,0.5853658536585366,-0.03832752613240418,0.8745644599303136,-0.027874564459930314,0.8048780487804879,-0.027874564459930314,0.6898954703832753,-0.0313588850174216,0.5679442508710801,0.14285714285714285,0.7979094076655052,0.11498257839721254,0.7247386759581882,0.10452961672473868,0.627177700348432,0.10801393728222997
2,0.0,0.0,0.13240418118466898,-0.3205574912891986,0.32752613240418116,-0.6062717770034843,0.47735191637630664,-0.8292682926829268,0.5993031358885017,-1.0,0.6341463414634146,-0.4425087108013937,0.9024390243902439,-0.3623693379790941,0.9372822299651568,-0.31010452961672474,0.9233449477351916,-0.2857142857142857,0.6585365853658537,-0.20905923344947736,0.9198606271777003,-0.17421602787456447,0.8571428571428571,-0.14982578397212543,0.7421602787456446,-0.14285714285714285,0.6515679442508711,0.003484320557491289,0.8780487804878049,0.003484320557491289,0.7979094076655052,0.017421602787456445,0.6759581881533101,0.017421602787456445,0.6236933797909407,0.1951219512195122,0.7839721254355401,0.156794425087108,0.7038327526132404,0.15331010452961671,0.6097560975609756,0.156794425087108
2,0.0,0.0,0.1461794019933555,-0.3122923588039867,0.36212624584717606,-0.6212624584717608,0.5448504983388704,-0.8338870431893688,0.6810631229235881,-1.0,0.6710963455149501,-0.43853820598006643,0.8903654485049833,-0.29900332225913623,0.7674418604651163,-0.2823920265780731,0.6411960132890365,-0.31561461794019935,0.6810631229235881,-0.2059800664451827,0.8903654485049833,-0.12624584717607973,0.7807308970099668,-0.11960132890365449,0.6445182724252492,-0.14285714285714285,0.6644518272425249,0.009966777408637873,0.8438538205980066,0.04983388704318937,0.7475083056478405,0.05647840531561462,0.6179401993355482,0.03986710963455149,0.6212624584717608,0.2026578073089701,0.7674418604651163,0.19933554817275748,0.6777408637873754,0.19601328903654486,0.574750830564784,0.18272425249169436
2,0.0,0.0,0.1568627450980392,-0.3137254901960784,0.3627450980392157,-0.6111111111111112,0.5424836601307189,-0.826797385620915,0.6699346405228758,-1.0,0.6601307189542484,-0.43790849673202614,0.9052287581699346,-0.30392156862745096,0.8137254901960784,-0.27124183006535946,0.6993464052287581,-0.2908496732026144,0.6699346405228758,-0.20261437908496732,0.9215686274509803,-0.12418300653594772,0.8333333333333334,-0.1111111111111111,0.6993464052287581,-0.12745098039215685,0.6568627450980392,0.013071895424836602,0.8562091503267973,0.042483660130718956,0.7745098039215687,0.05555555555555555,0.6470588235294118,0.0457516339869281,0.6209150326797386,0.20588235294117646,0.7745098039215687,0.1895424836601307,0.696078431372549,0.1830065359477124,0.5980392156862745,0.17647058823529413
2,0.0,0.0,0.1360759493670886,-0.31962025316455694,0.3291139240506329,-0.6139240506329114,0.49050632911392406,-0.8291139240506329,0.6139240506329114,-1.0,0.6170886075949367,-0.4525316455696203,0.8765822784810127,-0.3512658227848101,0.810126582278481,-0.31962025316455694,0.7120253164556962,-0.31962025316455694,0.6329113924050633,-0.22151898734177214,0.8892405063291139,-0.17721518987341772,0.8132911392405063,-0.16139240506329114,0.6867088607594937,-0.16455696202531644,0.6234177215189873,-0.012658227848101266,0.8386075949367089,-0.00949367088607595,0.7626582278481012,0.0031645569620253164,0.6392405063291139,0.006329113924050633,0.6012658227848101,0.17721518987341772,0.7626582278481012,0.13291139240506328,0.6867088607594937,0.12974683544303797,0.5917721518987342,0.13924050632911392
2,0.0,0.0,0.0838150289017341,-0.31213872832369943,0.21098265895953758,-0.6069364161849711,0.3063583815028902,-0.8236994219653179,0.3699421965317919,-1.0,0.41329479768786126,-0.49421965317919075,0.7109826589595376,-0.4595375722543353,0.6213872832369942,-0.4277456647398844,0.5057803468208093,-0.4161849710982659,0.4624277456647399,-0.2861271676300578,0.7601156069364162,-0.315028901734104,0.684971098265896,-0.2947976878612717,0.5578034682080925,-0.2745664739884393,0.5,-0.09826589595375723,0.7543352601156069,-0.16184971098265896,0.6705202312138728,-0.14450867052023122,0.5520231213872833,-0.11849710982658959,0.5260115606936416,0.07225433526011561,0.7109826589595376,-0.023121387283236993,0.630057803468208,-0.014450867052023121,0.5346820809248555,0.014450867052023121
2,0.0,0.0,0.08536585365853659,-0.2926829268292683,0.20121951219512196,-0.5975609756097561,0.2804878048780488,-0.823170731707317,0.35060975609756095,-1.0,0.4268292682926829,-0.49390243902439024,0.7469512195121951,-0.43902439024390244,0.6402439024390244,-0.40853658536585363,0.5,-0.4054878048780488,0.46646341463414637,-0.2774390243902439,0.7896341463414634,-0.28353658536585363,0.6951219512195121,-0.2652439024390244,0.551829268292683,-0.24695121951219512,0.5030487804878049,-0.07926829268292683,0.7682926829268293,-0.125,0.6798780487804879,-0.10365853658536585,0.5548780487804879,-0.08536585365853659,0.5274390243902439,0.0975609756097561,0.7317073170731707,0.021341463414634148,0.6463414634146342,0.03048780487804878,0.5457317073170732,0.057926829268292686
2,0.0,0.0,0.09174311926605505,-0.28440366972477066,0.22629969418960244,-0.5779816513761468,0.2874617737003058,-0.8134556574923547,0.3302752293577982,-1.0,0.4036697247706422,-0.4892966360856269,0.7553516819571865,-0.43119266055045874,0.7003058103975535,-0.39755351681957185,0.5963302752293578,-0.3853211009174312,0.43119266055045874,-0.27522935779816515,0.7951070336391437,-0.27217125382262997,0.709480122324159,-0.2599388379204893,0.5688073394495413,-0.25076452599388377,0.4525993883792049,-0.0764525993883792,0.7584097859327217,-0.11314984709480122,0.6697247706422018,-0.10397553516819572,0.5443425076452599,-0.09480122324159021,0.4709480122324159,0.09480122324159021,0.6972477064220184,0.03058103975535168,0.617737003058104,0.03058103975535168,0.5198776758409785,0.045871559633027525
2,0.0,0.0,0.12714776632302405,-0.30584192439862545,0.30584192439862545,-0.5910652920962199,0.43986254295532645,-0.8144329896907216,0.5463917525773195,-1.0,0.5807560137457045,-0.47766323024054985,0.8762886597938144,-0.40893470790378006,0.852233676975945,-0.35051546391752575,0.7766323024054983,-0.33676975945017185,0.6048109965635738,-0.27491408934707906,0.8969072164948454,-0.24398625429553264,0.8350515463917526,-0.20962199312714777,0.7044673539518901,-0.2027491408934708,0.6082474226804123,-0.07903780068728522,0.872852233676976,-0.07560137457044673,0.8006872852233677,-0.054982817869415807,0.6735395189003437,-0.054982817869415807,0.5945017182130584,0.10309278350515463,0.8178694158075601,0.06872852233676977,0.7422680412371134,0.07560137457044673,0.6357388316151202,0.07903780068728522
2,0.0,0.0,0.15671641791044777,-0.31716417910447764,0.3843283582089552,-0.6156716417910447,0.5708955223880597,-0.8283582089552238,0.7201492537313433,-1.0,0.746268656716418,-0.44776119402985076,0.9664179104477612,-0.30597014925373134,0.8507462686567164,-0.26119402985074625,0.7201492537313433,-0.2835820895522388,0.7649253731343284,-0.22014925373134328,0.9738805970149254,-0.13059701492537312,0.8619402985074627,-0.09701492537313433,0.7201492537313433,-0.10820895522388059,0.753731343283582,-0.007462686567164179,0.9328358208955224,0.048507462686567165,0.835820895522388,0.0708955223880597,0.7014925373134329,0.05970149253731343,0.7089552238805971,0.19402985074626866,0.8507462686567164,0.20522388059701493,0.7574626865671642,0.208955223880597,0.6492537313432836,0.19402985074626866
2,0.0,0.0,0.16104868913857678,-0.3295880149812734,0.4044943820224719,-0.6142322097378277,0.599250936329588,-0.8277153558052435,0.7415730337078652,-1.0,0.7528089887640449,-0.4419475655430712,1.0,-0.30711610486891383,0.9176029962546817,-0.25842696629213485,0.8052434456928839,-0.2696629213483146,0.7715355805243446,-0.21722846441947566,0.9925093632958801,-0.13857677902621723,0.898876404494382,-0.11235955056179775,0.7640449438202247,-0.1198501872659176,0.7565543071161048,0.0,0.9438202247191011,0.033707865168539325,0.8539325842696629,0.056179775280898875,0.7265917602996255,0.052434456928838954,0.7153558052434457,0.19850187265917604,0.8614232209737828,0.18726591760299627,0.7715355805243446,0.19101123595505617,0.6629213483146067,0.18726591760299627
2,0.0,0.0,0.1407942238267148,-0.3176895306859206,0.36462093862815886,-0.631768953068592,0.5631768953068592,-0.8375451263537906,0.7184115523465704,-1.0,0.7220216606498195,-0.4187725631768953,0.9169675090252708,-0.2815884476534296,0.7942238267148014,-0.2563176895306859,0.6750902527075813,-0.2815884476534296,0.740072202166065,-0.17689530685920576,0.927797833935018,-0.10469314079422383,0.8122743682310469,-0.09747292418772563,0.6787003610108303,-0.10830324909747292,0.7184115523465704,0.039711191335740074,0.8916967509025271,0.07581227436823104,0.7942238267148014,0.08303249097472924,0.6606498194945848,0.07220216606498195,0.6750902527075813,0.23465703971119134,0.8122743682310469,0.22382671480144403,0.7184115523465704,0.21660649819494585,0.6101083032490975,0.21299638989169675
