3,0.0,0.0,0.05539358600583091,0.27405247813411077,0.26822157434402333,0.5743440233236151,0.446064139941691,0.793002915451895,0.5072886297376094,1.0,0.6676384839650146,0.43440233236151604,0.6880466472303207,0.5131195335276968,0.4752186588921283,0.41690962099125367,0.3965014577259475,0.36443148688046645,0.7230320699708455,0.2565597667638484,0.7201166180758017,0.34110787172011664,0.4606413994169096,0.26239067055393583,0.3848396501457726,0.22157434402332363,0.7201166180758017,0.07580174927113703,0.7142857142857143,0.14868804664723032,0.4606413994169096,0.11078717201166181,0.3760932944606414,0.08163265306122448,0.685131195335277,-0.10787172011661808,0.6793002915451894,-0.052478134110787174,0.49271137026239065,-0.026239067055393587,0.42565597667638483,-0.01749271137026239
3,0.0,0.0,0.05830903790087463,0.282798833819242,0.26822157434402333,0.5801749271137027,0.446064139941691,0.7959183673469388,0.5043731778425656,1.0,0.6501457725947521,0.4402332361516035,0.6938775510204082,0.5306122448979592,0.4839650145772595,0.42857142857142855,0.3965014577259475,0.37317784256559766,0.7055393586005831,0.26239067055393583,0.7317784256559767,0.3556851311953353,0.47230320699708456,0.27113702623906705,0.3819241982507289,0.22740524781341107,0.7084548104956269,0.08163265306122448,0.7201166180758017,0.15743440233236153,0.46938775510204084,0.119533527696793,0.3848396501457726,0.09037900874635568,0.6793002915451894,-0.10204081632653061,0.6822157434402333,-0.037900874635568516,0.5043731778425656,-0.011661807580174927,0.4402332361516035,-0.0058309037900874635
3,0.0,0.0,0.06764705882352941,0.27941176470588236,0.2735294117647059,0.5764705882352941,0.45,0.7970588235294118,0.5176470588235295,1.0,0.6352941176470588,0.4441176470588235,0.7029411764705882,0.5323529411764706,0.49411764705882355,0.4294117647058823,0.4088235294117647,0.36764705882352944,0.6882352941176471,0.26176470588235295,0.7411764705882353,0.36176470588235293,0.4764705882352941,0.27058823529411763,0.3911764705882353,0.21470588235294116,0.6911764705882353,0.07352941176470588,0.7323529411764705,0.1588235294117647,0.47058823529411764,0.11470588235294117,0.3764705882352941,0.07647058823529412,0.6676470588235294,-0.11764705882352941,0.7,-0.04411764705882353,0.5147058823529411,-0.014705882352941176,0.43529411764705883,-0.011764705882352941
3,0.0,0.0,0.07017543859649122,0.28362573099415206,0.2777777777777778,0.5730994152046783,0.45321637426900585,0.7953216374269005,0.5175438596491229,1.0,0.6666666666666666,0.43859649122807015,0.6988304093567251,0.5321637426900585,0.48830409356725146,0.4298245614035088,0.4064327485380117,0.3654970760233918,0.7222222222222222,0.2573099415204678,0.7280701754385965,0.3508771929824561,0.47076023391812866,0.26900584795321636,0.3888888888888889,0.2134502923976608,0.7192982456140351,0.07017543859649122,0.7192982456140351,0.15204678362573099,0.4678362573099415,0.11403508771929824,0.3830409356725146,0.07309941520467836,0.6812865497076024,-0.11695906432748537,0.695906432748538,-0.043859649122807015,0.5175438596491229,-0.014619883040935672,0.4473684210526316,-0.017543859649122806
3,0.0,0.0,0.07100591715976332,0.2869822485207101,0.27218934911242604,0.5798816568047337,0.4526627218934911,0.7899408284023669,0.514792899408284,1.0,0.650887573964497,0.4408284023668639,0.6923076923076923,0.5443786982248521,0.48520710059171596,0.4289940828402367,0.3994082840236686,0.35502958579881655,0.7071005917159763,0.2603550295857988,0.7337278106508875,0.3668639053254438,0.47633136094674555,0.27514792899408286,0.3875739644970414,0.21893491124260356,0.7130177514792899,0.07396449704142012,0.727810650887574,0.16568047337278108,0.47337278106508873,0.11834319526627218,0.378698224852071,0.07396449704142012,0.6863905325443787,-0.11538461538461539,0.7041420118343196,-0.04142011834319527,0.5207100591715976,-0.014792899408284023,0.4467455621301775,-0.01775147928994083
3,0.0,0.0,0.07142857142857142,0.28273809523809523,0.2767857142857143,0.5744047619047619,0.4583333333333333,0.7857142857142857,0.5208333333333334,1.0,0.6339285714285714,0.45535714285714285,0.6964285714285714,0.5267857142857143,0.49404761904761907,0.41964285714285715,0.40476190476190477,0.36607142857142855,0.6904761904761905,0.2708333333333333,0.7470238095238095,0.35119047619047616,0.4880952380952381,0.26785714285714285,0.3958333333333333,0.22023809523809523,0.6964285714285714,0.08333333333333333,0.7380952380952381,0.1488095238095238,0.4880952380952381,0.10714285714285714,0.39285714285714285,0.07142857142857142,0.6726190476190477,-0.11011904761904762,0.7202380952380952,-0.05357142857142857,0.5505952380952381,-0.02976190476190476,0.48214285714285715,-0.026785714285714284
3,0.0,0.0,0.0572289156626506,0.2740963855421687,0.2710843373493976,0.5692771084337349,0.44879518072289154,0.7831325301204819,0.5,1.0,0.6746987951807228,0.4246987951807229,0.6927710843373494,0.5150602409638554,0.4879518072289157,0.4186746987951807,0.3885542168674699,0.3614457831325301,0.7259036144578314,0.24096385542168675,0.7349397590361446,0.35240963855421686,0.4789156626506024,0.2740963855421687,0.3795180722891566,0.22289156626506024,0.7228915662650602,0.05120481927710843,0.7228915662650602,0.15963855421686746,0.4759036144578313,0.11746987951807229,0.3795180722891566,0.0783132530120482,0.6867469879518072,-0.13855421686746988,0.6897590361445783,-0.04216867469879518,0.5060240963855421,-0.018072289156626505,0.4307228915662651,-0.018072289156626505
3,0.0,0.0,0.08385093167701864,0.2888198757763975,0.30124223602484473,0.5807453416149069,0.4813664596273292,0.7919254658385093,0.5403726708074534,1.0,0.7298136645962733,0.4409937888198758,0.7391304347826086,0.5372670807453416,0.515527950310559,0.4409937888198758,0.422360248447205,0.3695652173913043,0.7857142857142857,0.2515527950310559,0.7577639751552795,0.35714285714285715,0.48757763975155277,0.2826086956521739,0.40683229813664595,0.2204968944099379,0.782608695652174,0.055900621118012424,0.7298136645962733,0.15838509316770186,0.4720496894409938,0.11801242236024845,0.3944099378881988,0.07142857142857142,0.7422360248447205,-0.13664596273291926,0.7111801242236024,-0.040372670807453416,0.5279503105590062,-0.018633540372670808,0.4720496894409938,-0.034161490683229816
3,0.0,0.0,0.09034267912772585,0.29283489096573206,0.3052959501557632,0.5825545171339563,0.4735202492211838,0.7975077881619937,0.5389408099688473,1.0,0.7258566978193146,0.43302180685358255,0.7258566978193146,0.5389408099688473,0.5015576323987538,0.4423676012461059,0.42990654205607476,0.38006230529595014,0.7819314641744548,0.2398753894080997,0.7414330218068536,0.35514018691588783,0.4797507788161994,0.2803738317757009,0.4143302180685358,0.22741433021806853,0.7694704049844237,0.04361370716510903,0.7133956386292835,0.1557632398753894,0.4672897196261682,0.12149532710280374,0.3987538940809969,0.0778816199376947,0.7227414330218068,-0.14953271028037382,0.6978193146417445,-0.040498442367601244,0.5202492211838006,-0.012461059190031152,0.4672897196261682,-0.024922118380062305
3,0.0,0.0,0.07076923076923076,0.29846153846153844,0.27076923076923076,0.5846153846153846,0.44,0.796923076923077,0.5107692307692308,1.0,0.6615384615384615,0.4430769230769231,0.6923076923076923,0.5353846153846153,0.47692307692307695,0.4369230769230769,0.38461538461538464,0.36923076923076925,0.7138461538461538,0.26153846153846155,0.7292307692307692,0.3630769230769231,0.4676923076923077,0.28923076923076924,0.38461538461538464,0.24307692307692308,0.7107692307692308,0.08,0.7169230769230769,0.16923076923076924,0.47692307692307695,0.14153846153846153,0.39076923076923076,0.10461538461538461,0.6738461538461539,-0.10153846153846154,0.6861538461538461,-0.033846153846153845,0.5138461538461538,-0.009230769230769232,0.4430769230769231,-0.009230769230769232
3,0.0,0.0,0.047021943573667714,0.27899686520376177,0.25391849529780564,0.567398119122257,0.4169278996865204,0.7931034482758621,0.4952978056426332,1.0,0.6426332288401254,0.42946708463949845,0.6927899686520376,0.5203761755485894,0.47648902821316613,0.43260188087774293,0.36990595611285265,0.3667711598746082,0.6927899686520376,0.2476489028213166,0.7304075235109718,0.3667711598746082,0.45768025078369906,0.2946708463949843,0.3573667711598746,0.2413793103448276,0.6833855799373041,0.06269592476489028,0.6927899686520376,0.1755485893416928,0.445141065830721,0.13793103448275862,0.3605015673981191,0.09717868338557993,0.64576802507837,-0.12225705329153605,0.6489028213166145,-0.034482758620689655,0.47335423197492166,-0.009404388714733543,0.4106583072100313,-0.01567398119122257
3,0.0,0.0,0.0915032679738562,0.28104575163398693,0.29411764705882354,0.565359477124183,0.46078431372549017,0.7875816993464052,0.5326797385620915,1.0,0.6666666666666666,0.4117647058823529,0.7254901960784313,0.5,0.5163398692810458,0.4215686274509804,0.43137254901960786,0.37254901960784315,0.7124183006535948,0.22875816993464052,0.7418300653594772,0.3431372549019608,0.4803921568627451,0.2777777777777778,0.40522875816993464,0.22875816993464052,0.7091503267973857,0.0392156862745098,0.7287581699346405,0.14705882352941177,0.4803921568627451,0.12091503267973856,0.39869281045751637,0.08169934640522876,0.6699346405228758,-0.16013071895424835,0.6830065359477124,-0.06862745098039216,0.5098039215686274,-0.032679738562091505,0.4444444444444444,-0.0392156862745098
3,0.0,0.0,0.13333333333333333,0.32,0.36,0.5866666666666667,0.5266666666666666,0.7933333333333333,0.5933333333333334,1.0,0.77,0.4,0.7366666666666667,0.56,0.5133333333333333,0.4666666666666667,0.45,0.38666666666666666,0.8233333333333334,0.22,0.75,0.3933333333333333,0.51,0.31333333333333335,0.45666666666666667,0.24,0.8133333333333334,0.02666666666666667,0.74,0.2,0.5133333333333333,0.16,0.44666666666666666,0.09666666666666666,0.7566666666666667,-0.16333333333333333,0.7133333333333334,-0.02,0.5466666666666666,0.0033333333333333335,0.4866666666666667,-0.03
3,0.0,0.0,0.11,0.30666666666666664,0.31,0.5833333333333334,0.45666666666666667,0.7966666666666666,0.51,1.0,0.7433333333333333,0.4066666666666667,0.6866666666666666,0.5466666666666666,0.47333333333333333,0.45,0.42,0.38,0.8,0.22333333333333333,0.7,0.39,0.4666666666666667,0.2966666666666667,0.4266666666666667,0.23333333333333334,0.7866666666666666,0.03666666666666667,0.6866666666666666,0.19333333333333333,0.4633333333333333,0.14,0.41333333333333333,0.08666666666666667,0.7366666666666667,-0.15333333333333332,0.6733333333333333,-0.023333333333333334,0.5033333333333333,-0.013333333333333334,0.4533333333333333,-0.03666666666666667
3,0.0,0.0,0.10437710437710437,0.3063973063973064,0.2996632996632997,0.5824915824915825,0.4478114478114478,0.7912457912457912,0.49158249158249157,1.0,0.7407407407407407,0.45454545454545453,0.696969696969697,0.569023569023569,0.48484848484848486,0.45791245791245794,0.4175084175084175,0.3838383838383838,0.8148148148148148,0.2760942760942761,0.7037037037037037,0.40404040404040403,0.46464646464646464,0.3063973063973064,0.4208754208754209,0.2558922558922559,0.8148148148148148,0.08080808080808081,0.6801346801346801,0.2053872053872054,0.45454545454545453,0.1414141414141414,0.41414141414141414,0.10101010101010101,0.7777777777777778,-0.11447811447811448,0.6599326599326599,-0.006734006734006734,0.4882154882154882,-0.003367003367003367,0.45454545454545453,-0.016835016835016835
3,0.0,0.0,0.07482993197278912,0.29931972789115646,0.23809523809523808,0.5782312925170068,0.37755102040816324,0.7891156462585034,0.43197278911564624,1.0,0.6904761904761905,0.47619047619047616,0.6802721088435374,0.5714285714285714,0.47619047619047616,0.47278911564625853,0.3673469387755102,0.391156462585034,0.7687074829931972,0.2925170068027211,0.673469387755102,0.4013605442176871,0.43197278911564624,0.3129251700680272,0.35714285714285715,0.25170068027210885,0.7755102040816326,0.09863945578231292,0.6564625850340136,0.20408163265306123,0.42857142857142855,0.14285714285714285,0.3673469387755102,0.09523809523809523,0.7482993197278912,-0.10204081632653061,0.6564625850340136,-0.006802721088435374,0.47959183673469385,0.0,0.43537414965986393,-0.017006802721088437
3,0.0,0.0,0.07829181494661921,0.30604982206405695,0.25622775800711745,0.5800711743772242,0.3665480427046263,0.7935943060498221,0.40213523131672596,1.0,0.6832740213523132,0.47686832740213525,0.797153024911032,0.6120996441281139,0.6868327402135231,0.6725978647686833,0.5871886120996441,0.7117437722419929,0.7437722419928826,0.2918149466192171,0.6903914590747331,0.43416370106761565,0.45907473309608543,0.3701067615658363,0.3736654804270463,0.298932384341637,0.7473309608540926,0.09608540925266904,0.6476868327402135,0.2313167259786477,0.4306049822064057,0.1708185053380783,0.3594306049822064,0.11387900355871886,0.7117437722419929,-0.10676156583629894,0.6512455516014235,0.010676156583629894,0.4804270462633452,0.0071174377224199285,0.41637010676156583,-0.017793594306049824
3,0.0,0.0,0.07636363636363637,0.3054545454545455,0.24363636363636362,0.5854545454545454,0.36727272727272725,0.8,0.4,1.0,0.6363636363636364,0.4290909090909091,0.6145454545454545,0.5454545454545454,0.41818181818181815,0.44363636363636366,0.38181818181818183,0.3927272727272727,0.7018181818181818,0.2545454545454545,0.6145454545454545,0.37454545454545457,0.3927272727272727,0.2909090909090909,0.37454545454545457,0.2581818181818182,0.7163636363636363,0.07636363636363637,0.6,0.18181818181818182,0.3890909090909091,0.12363636363636364,0.3709090909090909,0.08727272727272728,0.6981818181818182,-0.10545454545454545,0.610909090909091,-0.01090909090909091,0.4509090909090909,-0.014545454545454545,0.4218181818181818,-0.02909090909090909
3,0.0,0.0,0.07782101167315175,0.3151750972762646,0.2607003891050584,0.5953307392996109,0.377431906614786,0.8054474708171206,0.38910505836575876,1.0,0.6848249027237354,0.4474708171206226,0.6731517509727627,0.5330739299610895,0.48638132295719844,0.4669260700389105,0.38910505836575876,0.4046692607003891,0.7431906614785992,0.2529182879377432,0.6575875486381323,0.35019455252918286,0.46303501945525294,0.2918287937743191,0.3852140077821012,0.23735408560311283,0.7431906614785992,0.05058365758754864,0.6342412451361867,0.14396887159533073,0.44357976653696496,0.10505836575875487,0.38132295719844356,0.06614785992217899,0.7120622568093385,-0.1517509727626459,0.6498054474708171,-0.07392996108949416,0.4980544747081712,-0.0622568093385214,0.44357976653696496,-0.06614785992217899
3,0.0,0.0,0.10505836575875487,0.32684824902723736,0.2918287937743191,0.5953307392996109,0.4085603112840467,0.7976653696498055,0.43190661478599224,1.0,0.708171206225681,0.42023346303501946,0.6575875486381323,0.5408560311284046,0.47470817120622566,0.45525291828793774,0.39299610894941633,0.377431906614786,0.7665369649805448,0.22957198443579765,0.6536964980544747,0.377431906614786,0.45525291828793774,0.29961089494163423,0.38132295719844356,0.22178988326848248,0.7626459143968871,0.042801556420233464,0.6303501945525292,0.1828793774319066,0.44357976653696496,0.1245136186770428,0.38910505836575876,0.058365758754863814,0.7198443579766537,-0.14007782101167315,0.6303501945525292,-0.007782101167315175,0.48638132295719844,-0.011673151750972763,0.4396887159533074,-0.042801556420233464
3,0.0,0.0,0.0967741935483871,0.31451612903225806,0.2862903225806452,0.5887096774193549,0.4153225806451613,0.7943548387096774,0.43951612903225806,1.0,0.75,0.4274193548387097,0.6854838709677419,0.5846774193548387,0.4637096774193548,0.47580645161290325,0.39919354838709675,0.39919354838709675,0.8024193548387096,0.22580645161290322,0.6733870967741935,0.4032258064516129,0.4314516129032258,0.31451612903225806,0.3870967741935484,0.24596774193548387,0.7862903225806451,0.028225806451612902,0.6290322580645161,0.1935483870967742,0.40725806451612906,0.13306451612903225,0.375,0.07661290322580645,0.7379032258064516,-0.15725806451612903,0.6451612903225806,-0.016129032258064516,0.4717741935483871,-0.012096774193548387,0.4314516129032258,-0.04032258064516129
3,0.0,0.0,0.10975609756097561,0.3170731707317073,0.3089430894308943,0.5894308943089431,0.43902439024390244,0.7967479674796748,0.47560975609756095,1.0,0.7439024390243902,0.4024390243902439,0.6788617886178862,0.540650406504065,0.47560975609756095,0.43902439024390244,0.3902439024390244,0.35772357723577236,0.7967479674796748,0.2032520325203252,0.6585365853658537,0.36585365853658536,0.43902439024390244,0.2845528455284553,0.3780487804878049,0.21138211382113822,0.7845528455284553,0.012195121951219513,0.6260162601626016,0.17073170731707318,0.42276422764227645,0.11382113821138211,0.37398373983739835,0.052845528455284556,0.7317073170731707,-0.17479674796747968,0.6422764227642277,-0.032520325203252036,0.4878048780487805,-0.028455284552845527,0.44308943089430897,-0.052845528455284556
3,0.0,0.0,0.11666666666666667,0.32083333333333336,0.3333333333333333,0.5875,0.4666666666666667,0.7958333333333333,0.49166666666666664,1.0,0.7875,0.35833333333333334,0.7166666666666667,0.5458333333333333,0.49166666666666664,0.4708333333333333,0.425,0.39166666666666666,0.8208333333333333,0.15416666666666667,0.6416666666666667,0.37916666666666665,0.425,0.3125,0.39166666666666666,0.22916666666666666,0.7833333333333333,-0.029166666666666667,0.5791666666666667,0.19166666666666668,0.38333333333333336,0.14166666666666666,0.36666666666666664,0.0625,0.7083333333333334,-0.2,0.5625,0.0,0.4083333333333333,-0.004166666666666667,0.38333333333333336,-0.05416666666666667
3,0.0,0.0,0.15481171548117154,0.32217573221757323,0.3891213389121339,0.5857740585774058,0.5313807531380753,0.7949790794979079,0.5857740585774058,1.0,0.8410041841004184,0.29707112970711297,0.7656903765690377,0.5271966527196653,0.5271966527196653,0.4686192468619247,0.4435146443514644,0.3891213389121339,0.8577405857740585,0.10460251046025104,0.6736401673640168,0.38493723849372385,0.4393305439330544,0.3138075313807531,0.39748953974895396,0.2175732217573222,0.8075313807531381,-0.06694560669456066,0.606694560669456,0.21338912133891214,0.401673640167364,0.1589958158995816,0.37656903765690375,0.06694560669456066,0.7154811715481172,-0.21338912133891214,0.5774058577405857,0.029288702928870293,0.4225941422594142,0.012552301255230125,0.401673640167364,-0.058577405857740586
3,0.0,0.0,0.13692946058091288,0.31950207468879666,0.3775933609958506,0.5850622406639004,0.5228215767634855,0.7966804979253111,0.5767634854771784,1.0,0.8298755186721992,0.3070539419087137,0.7759336099585062,0.5228215767634855,0.5228215767634855,0.4730290456431535,0.43568464730290457,0.4066390041493776,0.8423236514522822,0.12033195020746888,0.6721991701244814,0.4024896265560166,0.42323651452282157,0.33195020746887965,0.3900414937759336,0.23236514522821577,0.7925311203319502,-0.05394190871369295,0.5975103734439834,0.22821576763485477,0.3775933609958506,0.17012448132780084,0.3651452282157676,0.07883817427385892,0.7053941908713693,-0.2033195020746888,0.5684647302904564,0.03734439834024896,0.4066390041493776,0.024896265560165973,0.3900414937759336,-0.04564315352697095
3,0.0,0.0,0.13414634146341464,0.3252032520325203,0.35772357723577236,0.5975609756097561,0.483739837398374,0.8008130081300813,0.532520325203252,1.0,0.7845528455284553,0.34552845528455284,0.7032520325203252,0.5609756097560976,0.4634146341463415,0.491869918699187,0.4146341463414634,0.4146341463414634,0.8130081300813008,0.15447154471544716,0.6260162601626016,0.4105691056910569,0.3943089430894309,0.33739837398373984,0.3780487804878049,0.24390243902439024,0.7723577235772358,-0.024390243902439025,0.5650406504065041,0.23577235772357724,0.35772357723577236,0.17073170731707318,0.35365853658536583,0.07723577235772358,0.6951219512195121,-0.17886178861788618,0.5528455284552846,0.04065040650406504,0.3983739837398374,0.024390243902439025,0.3861788617886179,-0.04878048780487805
3,0.0,0.0,0.12244897959183673,0.3142857142857143,0.33877551020408164,0.5836734693877551,0.47346938775510206,0.7959183673469388,0.5224489795918368,1.0,0.7795918367346939,0.3183673469387755,0.7020408163265306,0.5306122448979592,0.46530612244897956,0.4530612244897959,0.4163265306122449,0.3673469387755102,0.8122448979591836,0.1306122448979592,0.6122448979591837,0.3877551020408163,0.37142857142857144,0.3020408163265306,0.37551020408163266,0.20408163265306123,0.7714285714285715,-0.04081632653061224,0.5714285714285714,0.20408163265306123,0.35918367346938773,0.13877551020408163,0.3673469387755102,0.053061224489795916,0.6938775510204082,-0.19591836734693877,0.5673469387755102,0.00816326530612245,0.4122448979591837,-0.004081632653061225,0.40408163265306124,-0.0653061224489796
3,0.0,0.0,0.1141732283464567,0.3188976377952756,0.31496062992125984,0.5905511811023622,0.42913385826771655,0.7992125984251969,0.468503937007874,1.0,0.7480314960629921,0.3425196850393701,0.6299212598425197,0.5354330708661418,0.41732283464566927,0.4448818897637795,0.38976377952755903,0.36220472440944884,0.7834645669291339,0.16535433070866143,0.5866141732283464,0.38976377952755903,0.3700787401574803,0.3031496062992126,0.3661417322834646,0.2204724409448819,0.7519685039370079,0.0,0.5551181102362205,0.2125984251968504,0.35826771653543305,0.15354330708661418,0.36220472440944884,0.07480314960629922,0.6850393700787402,-0.14960629921259844,0.5511811023622047,0.031496062992125984,0.40551181102362205,0.015748031496062992,0.39763779527559057,-0.03937007874015748
3,0.0,0.0,0.0992063492063492,0.3055555555555556,0.2857142857142857,0.5873015873015873,0.40476190476190477,0.7976190476190477,0.4365079365079365,1.0,0.7420634920634921,0.3531746031746032,0.6071428571428571,0.5317460317460317,0.3968253968253968,0.42063492063492064,0.38095238095238093,0.3373015873015873,0.7857142857142857,0.1746031746031746,0.5912698412698413,0.38492063492063494,0.373015873015873,0.2896825396825397,0.376984126984127,0.21825396825396826,0.7658730158730159,0.007936507936507936,0.5634920634920635,0.20238095238095238,0.36507936507936506,0.1349206349206349,0.38095238095238093,0.07142857142857142,0.7103174603174603,-0.14285714285714285,0.5634920634920635,0.015873015873015872,0.42063492063492064,0.003968253968253968,0.4166666666666667,-0.03968253968253968
3,0.0,0.0,0.08560311284046693,0.3035019455252918,0.2490272373540856,0.5797665369649806,0.3540856031128405,0.7976653696498055,0.377431906614786,1.0,0.7237354085603113,0.38910505836575876,0.6108949416342413,0.5330739299610895,0.40077821011673154,0.4280155642023346,0.3424124513618677,0.35019455252918286,0.7782101167315175,0.22178988326848248,0.5797665369649806,0.3968871595330739,0.36964980544747084,0.29961089494163423,0.35019455252918286,0.22957198443579765,0.7626459143968871,0.0622568093385214,0.5447470817120622,0.2178988326848249,0.36186770428015563,0.14007782101167315,0.35797665369649806,0.08171206225680934,0.7120622568093385,-0.0933852140077821,0.556420233463035,0.03501945525291829,0.4163424124513619,0.011673151750972763,0.40077821011673154,-0.019455252918287938
3,0.0,0.0,0.08366533864541832,0.30278884462151395,0.24701195219123506,0.5776892430278885,0.3705179282868526,0.796812749003984,0.41832669322709165,1.0,0.7370517928286853,0.3665338645418327,0.6334661354581673,0.5258964143426295,0.4063745019920319,0.42231075697211157,0.3386454183266932,0.3386454183266932,0.7848605577689243,0.18725099601593626,0.5856573705179283,0.38645418326693226,0.35856573705179284,0.2908366533864542,0.3426294820717131,0.20318725099601595,0.7609561752988048,0.01593625498007968,0.549800796812749,0.20318725099601595,0.350597609561753,0.13147410358565736,0.3466135458167331,0.055776892430278883,0.6972111553784861,-0.15139442231075698,0.5617529880478087,0.01195219123505976,0.41434262948207173,0.00398406374501992,0.40239043824701193,-0.0398406374501992
3,0.0,0.0,0.092,0.316,0.268,0.6,0.416,0.808,0.512,1.0,0.728,0.364,0.612,0.544,0.408,0.444,0.372,0.356,0.788,0.192,0.584,0.404,0.36,0.304,0.356,0.216,0.772,0.028,0.572,0.228,0.364,0.148,0.36,0.076,0.72,-0.132,0.592,0.036,0.432,0.016,0.416,-0.028
3,0.0,0.0,0.08641975308641975,0.30864197530864196,0.27983539094650206,0.5925925925925926,0.43621399176954734,0.8024691358024691,0.5308641975308642,1.0,0.7654320987654321,0.37448559670781895,0.7242798353909465,0.5967078189300411,0.4773662551440329,0.522633744855967,0.3950617283950617,0.4444444444444444,0.8189300411522634,0.1934156378600823,0.6213991769547325,0.43621399176954734,0.3786008230452675,0.34156378600823045,0.36213991769547327,0.24691358024691357,0.7983539094650206,0.01646090534979424,0.5679012345679012,0.24279835390946503,0.35802469135802467,0.16049382716049382,0.36213991769547327,0.07818930041152264,0.7325102880658436,-0.1440329218106996,0.5720164609053497,0.04526748971193416,0.411522633744856,0.0205761316872428,0.40329218106995884,-0.0411522633744856
3,0.0,0.0,0.08677685950413223,0.3181818181818182,0.2768595041322314,0.6074380165289256,0.4380165289256198,0.8057851239669421,0.5413223140495868,1.0,0.756198347107438,0.38016528925619836,0.6570247933884298,0.5743801652892562,0.43388429752066116,0.4793388429752066,0.384297520661157,0.3884297520661157,0.8140495867768595,0.2024793388429752,0.5991735537190083,0.4256198347107438,0.3677685950413223,0.32231404958677684,0.359504132231405,0.22727272727272727,0.7933884297520661,0.024793388429752067,0.5743801652892562,0.23553719008264462,0.359504132231405,0.15289256198347106,0.36363636363636365,0.0743801652892562,0.7355371900826446,-0.14049586776859505,0.5867768595041323,0.0371900826446281,0.4256198347107438,0.02066115702479339,0.4132231404958678,-0.03305785123966942
3,0.0,0.0,0.09090909090909091,0.3181818181818182,0.2809917355371901,0.5991735537190083,0.44214876033057854,0.8016528925619835,0.5330578512396694,1.0,0.743801652892562,0.371900826446281,0.640495867768595,0.5661157024793388,0.4214876033057851,0.45041322314049587,0.3677685950413223,0.3512396694214876,0.8016528925619835,0.1859504132231405,0.6157024793388429,0.4132231404958678,0.384297520661157,0.30165289256198347,0.36363636363636365,0.21487603305785125,0.7851239669421488,0.012396694214876033,0.5785123966942148,0.2231404958677686,0.3677685950413223,0.14049586776859505,0.359504132231405,0.06611570247933884,0.7231404958677686,-0.1487603305785124,0.5950413223140496,0.028925619834710745,0.43388429752066116,0.012396694214876033,0.4132231404958678,-0.0371900826446281
3,0.0,0.0,0.08641975308641975,0.32510288065843623,0.2716049382716049,0.6090534979423868,0.4279835390946502,0.8065843621399177,0.5185185185185185,1.0,0.7407407407407407,0.37448559670781895,0.6296296296296297,0.5596707818930041,0.4156378600823045,0.45267489711934156,0.37448559670781895,0.35802469135802467,0.7942386831275721,0.1934156378600823,0.6008230452674898,0.4156378600823045,0.37448559670781895,0.30864197530864196,0.36213991769547327,0.21810699588477367,0.7777777777777778,0.0205761316872428,0.5761316872427984,0.22633744855967078,0.3662551440329218,0.14814814814814814,0.3662551440329218,0.06995884773662552,0.720164609053498,-0.13991769547325103,0.588477366255144,0.02880658436213992,0.43209876543209874,0.012345679012345678,0.41975308641975306,-0.03292181069958848
3,0.0,0.0,0.07630522088353414,0.3092369477911647,0.24899598393574296,0.5983935742971888,0.357429718875502,0.8072289156626506,0.3895582329317269,1.0,0.714859437751004,0.39357429718875503,0.570281124497992,0.5461847389558233,0.3815261044176707,0.42570281124497994,0.3534136546184739,0.3453815261044177,0.7791164658634538,0.22088353413654618,0.5742971887550201,0.39357429718875503,0.3654618473895582,0.285140562248996,0.357429718875502,0.20883534136546184,0.7710843373493976,0.05220883534136546,0.570281124497992,0.20883534136546184,0.36947791164658633,0.13253012048192772,0.3614457831325301,0.07228915662650602,0.7228915662650602,-0.10843373493975904,0.6024096385542169,0.01606425702811245,0.4538152610441767,0.008032128514056224,0.43373493975903615,-0.020080321285140562
3,0.0,0.0,0.06589147286821706,0.29844961240310075,0.22093023255813954,0.5813953488372093,0.32170542635658916,0.7984496124031008,0.3333333333333333,1.0,0.6744186046511628,0.4108527131782946,0.5581395348837209,0.5658914728682171,0.3682170542635659,0.4418604651162791,0.32558139534883723,0.35658914728682173,0.7441860465116279,0.24031007751937986,0.5581395348837209,0.4186046511627907,0.35271317829457366,0.29844961240310075,0.3372093023255814,0.2248062015503876,0.7441860465116279,0.07751937984496124,0.5503875968992248,0.2441860465116279,0.36046511627906974,0.15891472868217055,0.36046511627906974,0.09302325581395349,0.7131782945736435,-0.07751937984496124,0.5813953488372093,0.06976744186046512,0.437984496124031,0.046511627906976744,0.42248062015503873,0.003875968992248062
3,0.0,0.0,0.061068702290076333,0.3015267175572519,0.2099236641221374,0.5877862595419847,0.29389312977099236,0.8015267175572519,0.2862595419847328,1.0,0.6679389312977099,0.4198473282442748,0.5534351145038168,0.5648854961832062,0.366412213740458,0.44656488549618323,0.3320610687022901,0.3702290076335878,0.7404580152671756,0.2595419847328244,0.5534351145038168,0.42366412213740456,0.3473282442748092,0.30916030534351147,0.3435114503816794,0.24427480916030533,0.7442748091603053,0.10687022900763359,0.5419847328244275,0.25190839694656486,0.36259541984732824,0.16793893129770993,0.3702290076335878,0.11068702290076336,0.7099236641221374,-0.04198473282442748,0.5610687022900763,0.08015267175572519,0.42748091603053434,0.05343511450381679,0.42366412213740456,0.015267175572519083
3,0.0,0.0,0.050387596899224806,0.29844961240310075,0.1937984496124031,0.5852713178294574,0.27906976744186046,0.7984496124031008,0.2713178294573643,1.0,0.6627906976744186,0.437984496124031,0.5542635658914729,0.5775193798449613,0.3682170542635659,0.45348837209302323,0.32558139534883723,0.37209302325581395,0.7403100775193798,0.2751937984496124,0.5542635658914729,0.43410852713178294,0.3488372093023256,0.313953488372093,0.3372093023255814,0.2441860465116279,0.7441860465116279,0.1124031007751938,0.5426356589147286,0.2558139534883721,0.35658914728682173,0.17054263565891473,0.36046511627906974,0.10465116279069768,0.7131782945736435,-0.046511627906976744,0.5658914728682171,0.08139534883720931,0.42248062015503873,0.05813953488372093,0.4186046511627907,0.01937984496124031
3,0.0,0.0,0.054474708171206226,0.3035019455252918,0.20622568093385213,0.5914396887159533,0.30739299610894943,0.8015564202334631,0.3151750972762646,1.0,0.6848249027237354,0.4046692607003891,0.5486381322957199,0.5642023346303502,0.35797665369649806,0.4396887159533074,0.33852140077821014,0.35797665369649806,0.7509727626459144,0.23735408560311283,0.5486381322957199,0.42412451361867703,0.3424124513618677,0.3035019455252918,0.3540856031128405,0.22568093385214008,0.7470817120622568,0.07782101167315175,0.5447470817120622,0.245136186770428,0.3540856031128405,0.15953307392996108,0.3657587548638132,0.08949416342412451,0.708171206225681,-0.07392996108949416,0.5642023346303502,0.07392996108949416,0.42023346303501946,0.04669260700389105,0.42023346303501946,0.0
3,0.0,0.0,0.06349206349206349,0.30952380952380953,0.2261904761904762,0.5912698412698413,0.3333333333333333,0.7976190476190477,0.3492063492063492,1.0,0.6746031746031746,0.4007936507936508,0.5595238095238095,0.5515873015873016,0.36507936507936506,0.42857142857142855,0.31746031746031744,0.3373015873015873,0.7380952380952381,0.2261904761904762,0.5396825396825397,0.4087301587301587,0.3373015873015873,0.2976190476190476,0.31746031746031744,0.21031746031746032,0.7380952380952381,0.05952380952380952,0.5238095238095238,0.23015873015873015,0.3412698412698413,0.14682539682539683,0.3373015873015873,0.07539682539682539,0.6944444444444444,-0.0992063492063492,0.5436507936507936,0.047619047619047616,0.3968253968253968,0.023809523809523808,0.38492063492063494,-0.015873015873015872
3,0.0,0.0,0.09236947791164658,0.3092369477911647,0.27309236947791166,0.5863453815261044,0.3895582329317269,0.7951807228915663,0.42570281124497994,1.0,0.714859437751004,0.3654618473895582,0.5983935742971888,0.5421686746987951,0.39759036144578314,0.42971887550200805,0.3453815261044177,0.3333333333333333,0.7670682730923695,0.18473895582329317,0.570281124497992,0.3895582329317269,0.3614457831325301,0.2931726907630522,0.3373493975903614,0.20883534136546184,0.7550200803212851,0.01606425702811245,0.5461847389558233,0.20481927710843373,0.357429718875502,0.13654618473895583,0.3493975903614458,0.0642570281124498,0.6987951807228916,-0.14056224899598393,0.5582329317269076,0.020080321285140562,0.41365461847389556,0.004016064257028112,0.40160642570281124,-0.040160642570281124
3,0.0,0.0,0.11934156378600823,0.3004115226337449,0.35390946502057613,0.5720164609053497,0.5020576131687243,0.7901234567901234,0.551440329218107,1.0,0.8065843621399177,0.3045267489711934,0.8189300411522634,0.5267489711934157,0.6008230452674898,0.5267489711934157,0.5102880658436214,0.4897119341563786,0.831275720164609,0.1111111111111111,0.6378600823045267,0.37037037037037035,0.3991769547325103,0.31275720164609055,0.3786008230452675,0.2139917695473251,0.7736625514403292,-0.06995884773662552,0.5555555555555556,0.1934156378600823,0.35390946502057613,0.1440329218106996,0.35390946502057613,0.06172839506172839,0.6790123456790124,-0.2222222222222222,0.522633744855967,0.012345679012345678,0.3786008230452675,-0.00411522633744856,0.37448559670781895,-0.07407407407407407
3,0.0,0.0,0.14285714285714285,0.3142857142857143,0.39591836734693875,0.5836734693877551,0.5510204081632653,0.7959183673469388,0.6244897959183674,1.0,0.8367346938775511,0.3020408163265306,0.7795918367346939,0.5306122448979592,0.5265306122448979,0.4897959183673469,0.45714285714285713,0.4204081632653061,0.8571428571428571,0.11020408163265306,0.6489795918367347,0.39183673469387753,0.4,0.3224489795918367,0.39183673469387753,0.22040816326530613,0.8040816326530612,-0.053061224489795916,0.5673469387755102,0.22040816326530613,0.3551020408163265,0.16326530612244897,0.37142857142857144,0.07346938775510205,0.7142857142857143,-0.20408163265306123,0.5469387755102041,0.036734693877551024,0.39183673469387753,0.024489795918367346,0.39183673469387753,-0.04897959183673469
3,0.0,0.0,0.13924050632911392,0.3037974683544304,0.4050632911392405,0.5654008438818565,0.5780590717299579,0.7763713080168776,0.6708860759493671,1.0,0.8438818565400844,0.28270042194092826,0.9156118143459916,0.4810126582278481,0.8523206751054853,0.48523206751054854,0.8945147679324894,0.459915611814346,0.869198312236287,0.08860759493670886,0.6835443037974683,0.3924050632911392,0.43037974683544306,0.3206751054852321,0.4219409282700422,0.19831223628691982,0.8059071729957806,-0.08438818565400844,0.5949367088607594,0.22362869198312235,0.37130801687763715,0.15611814345991562,0.3755274261603376,0.05485232067510549,0.7046413502109705,-0.23628691983122363,0.5527426160337553,0.029535864978902954,0.3881856540084388,0.004219409282700422,0.38396624472573837,-0.08016877637130802
3,0.0,0.0,0.15,0.31666666666666665,0.4083333333333333,0.5875,0.5791666666666667,0.8,0.6833333333333333,1.0,0.8583333333333333,0.2875,0.8,0.5166666666666667,0.5583333333333333,0.475,0.49583333333333335,0.4083333333333333,0.875,0.1,0.6666666666666666,0.3875,0.4166666666666667,0.31666666666666665,0.4083333333333333,0.21666666666666667,0.8166666666666667,-0.06666666666666667,0.5791666666666667,0.21666666666666667,0.36666666666666664,0.15833333333333333,0.37916666666666665,0.07083333333333333,0.7166666666666667,-0.21666666666666667,0.5625,0.029166666666666667,0.4041666666666667,0.008333333333333333,0.4,-0.06666666666666667
3,0.0,0.0,0.15481171548117154,0.30962343096234307,0.40585774058577406,0.5690376569037657,0.5815899581589958,0.7907949790794979,0.6778242677824268,1.0,0.8535564853556485,0.2719665271966527,0.7782426778242678,0.5104602510460251,0.5313807531380753,0.45188284518828453,0.4811715481171548,0.36401673640167365,0.8744769874476988,0.08368200836820083,0.6652719665271967,0.3891213389121339,0.4225941422594142,0.30962343096234307,0.41841004184100417,0.20502092050209206,0.8200836820083682,-0.08368200836820083,0.5941422594142259,0.20920502092050208,0.3807531380753138,0.1506276150627615,0.3891213389121339,0.058577405857740586,0.7238493723849372,-0.2301255230125523,0.5690376569037657,0.016736401673640166,0.41422594142259417,0.0,0.4100418410041841,-0.07531380753138076
3,0.0,0.0,0.1285140562248996,0.30120481927710846,0.3534136546184739,0.5622489959839357,0.4979919678714859,0.7831325301204819,0.570281124497992,1.0,0.7871485943775101,0.30120481927710846,0.7590361445783133,0.4939759036144578,0.5622489959839357,0.4578313253012048,0.5220883534136547,0.40562248995983935,0.8232931726907631,0.11244979919678715,0.6144578313253012,0.357429718875502,0.39357429718875503,0.2971887550200803,0.3855421686746988,0.20080321285140562,0.7751004016064257,-0.05622489959839357,0.5421686746987951,0.1927710843373494,0.3453815261044177,0.13253012048192772,0.357429718875502,0.05220883534136546,0.6947791164658634,-0.20080321285140562,0.5220883534136547,0.020080321285140562,0.37751004016064255,0.0,0.37751004016064255,-0.06827309236947791
3,0.0,0.0,0.092,0.308,0.3,0.58,0.416,0.792,0.42,1.0,0.756,0.372,0.708,0.512,0.48,0.448,0.388,0.38,0.808,0.18,0.592,0.356,0.38,0.28,0.364,0.204,0.78,0.0,0.544,0.176,0.36,0.12,0.364,0.056,0.716,-0.168,0.54,-0.008,0.4,-0.012,0.4,-0.048
3,0.0,0.0,0.0694980694980695,0.3088803088803089,0.25096525096525096,0.583011583011583,0.35135135135135137,0.7953667953667953,0.35135135135135137,1.0,0.694980694980695,0.41312741312741313,0.6332046332046332,0.5521235521235521,0.43243243243243246,0.44787644787644787,0.36293436293436293,0.36293436293436293,0.7567567567567568,0.24324324324324326,0.5791505791505791,0.39768339768339767,0.3783783783783784,0.30115830115830117,0.3552123552123552,0.23166023166023167,0.752895752895753,0.08108108108108109,0.5366795366795367,0.22393822393822393,0.37065637065637064,0.15057915057915058,0.3745173745173745,0.0888030888030888,0.7104247104247104,-0.07722007722007722,0.5444015444015444,0.05405405405405406,0.41312741312741313,0.03088803088803089,0.416988416988417,-0.011583011583011582
3,0.0,0.0,0.07392996108949416,0.29961089494163423,0.245136186770428,0.5797665369649806,0.3346303501945525,0.7976653696498055,0.3346303501945525,1.0,0.7003891050583657,0.3852140077821012,0.6070038910505836,0.5136186770428015,0.40077821011673154,0.43190661478599224,0.31906614785992216,0.3540856031128405,0.754863813229572,0.21011673151750973,0.5525291828793775,0.38132295719844356,0.3540856031128405,0.2918287937743191,0.3151750972762646,0.21011673151750973,0.7431906614785992,0.038910505836575876,0.5291828793774319,0.20622568093385213,0.35019455252918286,0.13618677042801555,0.33073929961089493,0.07003891050583658,0.6926070038910506,-0.11284046692607004,0.5408560311284046,0.03501945525291829,0.4046692607003891,0.01556420233463035,0.3852140077821012,-0.0311284046692607
3,0.0,0.0,0.08333333333333333,0.30158730158730157,0.28174603174603174,0.5873015873015873,0.373015873015873,0.8015873015873016,0.38095238095238093,1.0,0.75,0.376984126984127,0.7936507936507936,0.5119047619047619,0.6507936507936508,0.5436507936507936,0.5793650793650794,0.5674603174603174,0.8055555555555556,0.19444444444444445,0.6190476190476191,0.38492063492063494,0.40476190476190477,0.3253968253968254,0.36507936507936506,0.24206349206349206,0.7817460317460317,0.011904761904761904,0.5555555555555556,0.21031746031746032,0.3611111111111111,0.15079365079365079,0.3492063492063492,0.08333333333333333,0.7103174603174603,-0.15079365079365079,0.5396825396825397,0.03571428571428571,0.3888888888888889,0.015873015873015872,0.373015873015873,-0.03571428571428571
3,0.0,0.0,0.14173228346456693,0.3031496062992126,0.35826771653543305,0.5748031496062992,0.48031496062992124,0.7992125984251969,0.5196850393700787,1.0,0.8228346456692913,0.2874015748031496,0.7125984251968503,0.5275590551181102,0.4921259842519685,0.4566929133858268,0.4448818897637795,0.3779527559055118,0.8385826771653543,0.11023622047244094,0.6299212598425197,0.38976377952755903,0.42913385826771655,0.31496062992125984,0.4094488188976378,0.2204724409448819,0.7874015748031497,-0.047244094488188976,0.5669291338582677,0.2283464566929134,0.3858267716535433,0.1732283464566929,0.38188976377952755,0.08661417322834646,0.6968503937007874,-0.17716535433070865,0.5354330708661418,0.06299212598425197,0.3937007874015748,0.04330708661417323,0.38188976377952755,-0.031496062992125984
3,0.0,0.0,0.12830188679245283,0.3169811320754717,0.3471698113207547,0.5849056603773585,0.45660377358490567,0.7962264150943397,0.49056603773584906,1.0,0.7962264150943397,0.3320754716981132,0.6716981132075471,0.5924528301886792,0.46037735849056605,0.5018867924528302,0.42641509433962266,0.4226415094339623,0.8075471698113208,0.15471698113207547,0.6037735849056604,0.46037735849056605,0.39622641509433965,0.3660377358490566,0.37735849056603776,0.27547169811320754,0.7509433962264151,0.0,0.5509433962264151,0.2981132075471698,0.3660377358490566,0.22264150943396227,0.3660377358490566,0.1320754716981132,0.6528301886792452,-0.13584905660377358,0.5132075471698113,0.1169811320754717,0.37735849056603776,0.0830188679245283,0.37735849056603776,0.011320754716981131
3,0.0,0.0,0.1328125,0.31640625,0.3359375,0.578125,0.4453125,0.796875,0.4921875,1.0,0.8125,0.33203125,0.671875,0.59375,0.4609375,0.5,0.4296875,0.40625,0.8203125,0.1484375,0.60546875,0.45703125,0.3984375,0.3671875,0.375,0.2734375,0.765625,-0.01953125,0.54296875,0.28515625,0.359375,0.2109375,0.34765625,0.11328125,0.6640625,-0.15625,0.5078125,0.09375,0.37109375,0.06640625,0.359375,-0.0078125
3,0.0,0.0,0.12550607287449392,0.30364372469635625,0.3562753036437247,0.562753036437247,0.47368421052631576,0.7773279352226721,0.5020242914979757,1.0,0.8340080971659919,0.2834008097165992,0.9190283400809717,0.43724696356275305,0.8218623481781376,0.4979757085020243,0.7854251012145749,0.5384615384615384,0.8380566801619433,0.09716599190283401,0.6477732793522267,0.3967611336032389,0.4251012145748988,0.3643724696356275,0.4089068825910931,0.2793522267206478,0.7651821862348178,-0.06477732793522267,0.5465587044534413,0.242914979757085,0.3522267206477733,0.1862348178137652,0.3562753036437247,0.0931174089068826,0.6477732793522267,-0.20242914979757085,0.4939271255060729,0.06477732793522267,0.3481781376518219,0.03643724696356275,0.3441295546558704,-0.05263157894736842
3,0.0,0.0,0.07692307692307693,0.2967032967032967,0.2564102564102564,0.5604395604395604,0.336996336996337,0.7948717948717948,0.37362637362637363,1.0,0.7362637362637363,0.3663003663003663,0.6446886446886447,0.5457875457875457,0.4175824175824176,0.5091575091575091,0.36996336996337,0.4652014652014652,0.7619047619047619,0.18681318681318682,0.5018315018315018,0.4139194139194139,0.29304029304029305,0.34798534798534797,0.31868131868131866,0.2673992673992674,0.706959706959707,0.018315018315018316,0.4358974358974359,0.2490842490842491,0.2600732600732601,0.18315018315018314,0.304029304029304,0.10256410256410256,0.6153846153846154,-0.13186813186813187,0.4249084249084249,0.07326007326007326,0.2893772893772894,0.04395604395604396,0.304029304029304,-0.02564102564102564
3,0.0,0.0,0.09124087591240876,0.3175182481751825,0.28832116788321166,0.5875912408759124,0.40875912408759124,0.7956204379562044,0.4416058394160584,1.0,0.7408759124087592,0.38321167883211676,0.5875912408759124,0.5766423357664233,0.3905109489051095,0.48175182481751827,0.3759124087591241,0.3905109489051095,0.7773722627737226,0.2116788321167883,0.5437956204379562,0.4306569343065693,0.35036496350364965,0.33941605839416056,0.3613138686131387,0.25547445255474455,0.7445255474452555,0.05474452554744526,0.5145985401459854,0.26277372262773724,0.33941605839416056,0.19708029197080293,0.3613138686131387,0.12043795620437957,0.6715328467153284,-0.09124087591240876,0.5072992700729927,0.08759124087591241,0.3686131386861314,0.05474452554744526,0.3759124087591241,-0.01824817518248175
3,0.0,0.0,0.09737827715355805,0.31086142322097376,0.29213483146067415,0.5842696629213483,0.42696629213483145,0.7902621722846442,0.47191011235955055,1.0,0.7378277153558053,0.36704119850187267,0.6779026217228464,0.550561797752809,0.45692883895131087,0.47191011235955055,0.4232209737827715,0.4044943820224719,0.7865168539325843,0.19850187265917604,0.6217228464419475,0.41947565543071164,0.3970037453183521,0.3295880149812734,0.41947565543071164,0.24719101123595505,0.7640449438202247,0.03745318352059925,0.5880149812734082,0.24719101123595505,0.3895131086142322,0.1760299625468165,0.4157303370786517,0.10112359550561797,0.704119850187266,-0.11235955056179775,0.5805243445692884,0.06367041198501873,0.4344569288389513,0.03745318352059925,0.4419475655430712,-0.033707865168539325
3,0.0,0.0,0.09090909090909091,0.32575757575757575,0.3106060606060606,0.6174242424242424,0.4734848484848485,0.8181818181818182,0.5454545454545454,1.0,0.6818181818181818,0.4090909090909091,0.6818181818181818,0.5946969696969697,0.4810606060606061,0.49242424242424243,0.4393939393939394,0.4128787878787879,0.7386363636363636,0.24621212121212122,0.6856060606060606,0.4393939393939394,0.45454545454545453,0.3409090909090909,0.4393939393939394,0.2727272727272727,0.7462121212121212,0.07954545454545454,0.6742424242424242,0.26136363636363635,0.4583333333333333,0.1893939393939394,0.4431818181818182,0.11742424242424243,0.7272727272727273,-0.08333333333333333,0.6704545454545454,0.07954545454545454,0.5227272727272727,0.05303030303030303,0.5075757575757576,-0.007575757575757576
3,0.0,0.0,0.10505836575875487,0.3229571984435798,0.32684824902723736,0.6147859922178989,0.5058365758754864,0.8015564202334631,0.5525291828793775,1.0,0.6770428015564203,0.41245136186770426,0.708171206225681,0.5719844357976653,0.490272373540856,0.48249027237354086,0.45136186770428016,0.4163424124513619,0.7276264591439688,0.2529182879377432,0.7198443579766537,0.42023346303501946,0.48249027237354086,0.33852140077821014,0.4785992217898833,0.27626459143968873,0.7354085603112841,0.08949416342412451,0.7159533073929961,0.2529182879377432,0.5019455252918288,0.19455252918287938,0.4980544747081712,0.1245136186770428,0.7198443579766537,-0.08949416342412451,0.7003891050583657,0.06614785992217899,0.556420233463035,0.058365758754863814,0.5447470817120622,0.0038910505836575876
3,0.0,0.0,0.104,0.324,0.34,0.612,0.528,0.796,0.584,1.0,0.648,0.404,0.712,0.548,0.5,0.456,0.444,0.388,0.7,0.248,0.736,0.4,0.492,0.308,0.46,0.244,0.72,0.08,0.748,0.232,0.524,0.164,0.488,0.092,0.72,-0.108,0.736,0.044,0.58,0.032,0.556,-0.024
3,0.0,0.0,0.07258064516129033,0.31451612903225806,0.3024193548387097,0.6088709677419355,0.4959677419354839,0.8064516129032258,0.5887096774193549,1.0,0.5846774193548387,0.45161290322580644,0.7016129032258065,0.5725806451612904,0.5080645161290323,0.47580645161290325,0.40725806451612906,0.4032258064516129,0.6330645161290323,0.29838709677419356,0.7459677419354839,0.4274193548387097,0.5,0.33064516129032256,0.4032258064516129,0.2701612903225806,0.6612903225806451,0.125,0.7540322580645161,0.2620967741935484,0.5161290322580645,0.18951612903225806,0.42338709677419356,0.125,0.6774193548387096,-0.06451612903225806,0.7419354838709677,0.08064516129032258,0.5766129032258065,0.06048387096774194,0.5120967741935484,0.020161290322580645
3,0.0,0.0,0.05327868852459016,0.3155737704918033,0.26639344262295084,0.6188524590163934,0.4713114754098361,0.8073770491803278,0.5737704918032787,1.0,0.5450819672131147,0.4672131147540984,0.6885245901639344,0.5901639344262295,0.5040983606557377,0.48770491803278687,0.39344262295081966,0.4180327868852459,0.5983606557377049,0.3155737704918033,0.7459016393442623,0.44672131147540983,0.5040983606557377,0.3401639344262295,0.38524590163934425,0.2786885245901639,0.6311475409836066,0.14344262295081966,0.7663934426229508,0.27459016393442626,0.5122950819672131,0.20081967213114754,0.3975409836065574,0.14754098360655737,0.6434426229508197,-0.04918032786885246,0.7418032786885246,0.08196721311475409,0.5614754098360656,0.07377049180327869,0.4713114754098361,0.040983606557377046
3,0.0,0.0,0.04938271604938271,0.30864197530864196,0.26337448559670784,0.6172839506172839,0.4691358024691358,0.8065843621399177,0.5720164609053497,1.0,0.5390946502057613,0.46502057613168724,0.6748971193415638,0.5925925925925926,0.49382716049382713,0.49794238683127573,0.3868312757201646,0.42386831275720166,0.5967078189300411,0.30864197530864196,0.7448559670781894,0.448559670781893,0.5020576131687243,0.3497942386831276,0.38271604938271603,0.2839506172839506,0.6296296296296297,0.13991769547325103,0.7654320987654321,0.2757201646090535,0.5102880658436214,0.20164609053497942,0.3950617283950617,0.14814814814814814,0.6460905349794238,-0.04938271604938271,0.7530864197530864,0.09053497942386832,0.5679012345679012,0.07407407407407407,0.4732510288065844,0.037037037037037035
3,0.0,0.0,0.05394190871369295,0.3070539419087137,0.27385892116182575,0.6224066390041494,0.48132780082987553,0.8091286307053942,0.5892116182572614,1.0,0.5394190871369294,0.4730290456431535,0.6970954356846473,0.5933609958506224,0.5062240663900415,0.4979253112033195,0.38589211618257263,0.42738589211618255,0.5975103734439834,0.3153526970954357,0.7676348547717843,0.45228215767634855,0.5186721991701245,0.34854771784232363,0.3900414937759336,0.2821576763485477,0.6307053941908713,0.14522821576763487,0.7883817427385892,0.27800829875518673,0.5269709543568465,0.1991701244813278,0.3983402489626556,0.14522821576763487,0.6473029045643154,-0.04564315352697095,0.7759336099585062,0.08713692946058091,0.5892116182572614,0.07053941908713693,0.4854771784232365,0.03734439834024896
3,0.0,0.0,0.05327868852459016,0.3073770491803279,0.26229508196721313,0.6147540983606558,0.46311475409836067,0.8073770491803278,0.5655737704918032,1.0,0.5368852459016393,0.46311475409836067,0.680327868852459,0.5819672131147541,0.4959016393442623,0.4918032786885246,0.3770491803278688,0.4180327868852459,0.5942622950819673,0.3114754098360656,0.7418032786885246,0.45081967213114754,0.5040983606557377,0.3524590163934426,0.3770491803278688,0.2786885245901639,0.6270491803278688,0.14344262295081966,0.7622950819672131,0.2827868852459016,0.5163934426229508,0.20491803278688525,0.38934426229508196,0.14344262295081966,0.6434426229508197,-0.040983606557377046,0.7540983606557377,0.10655737704918032,0.5778688524590164,0.0860655737704918,0.47540983606557374,0.045081967213114756
3,0.0,0.0,0.06938775510204082,0.2897959183673469,0.2897959183673469,0.5836734693877551,0.46938775510204084,0.7877551020408163,0.5265306122448979,1.0,0.5918367346938775,0.40408163265306124,0.6612244897959184,0.5306122448979592,0.47346938775510206,0.4489795918367347,0.39183673469387753,0.3836734693877551,0.636734693877551,0.23265306122448978,0.710204081632653,0.39183673469387753,0.46938775510204084,0.3142857142857143,0.3877551020408163,0.24489795918367346,0.6571428571428571,0.05714285714285714,0.710204081632653,0.20816326530612245,0.47346938775510206,0.15918367346938775,0.4,0.09795918367346938,0.6612244897959184,-0.1346938775510204,0.710204081632653,0.024489795918367346,0.5306122448979592,0.0326530612244898,0.46530612244897956,-0.00816326530612245
3,0.0,0.0,0.09163346613545817,0.3147410358565737,0.29880478087649404,0.5936254980079682,0.4262948207171315,0.8047808764940239,0.4541832669322709,1.0,0.6812749003984063,0.3904382470119522,0.6095617529880478,0.5657370517928287,0.41434262948207173,0.46215139442231074,0.3944223107569721,0.3904382470119522,0.7410358565737052,0.22709163346613545,0.6055776892430279,0.4103585657370518,0.3944223107569721,0.3147410358565737,0.398406374501992,0.24701195219123506,0.7330677290836654,0.055776892430278883,0.5936254980079682,0.2350597609561753,0.3944223107569721,0.1593625498007968,0.398406374501992,0.09163346613545817,0.6972111553784861,-0.10756972111553785,0.5896414342629482,0.04780876494023904,0.44223107569721115,0.027888446215139442,0.4302788844621514,-0.027888446215139442
3,0.0,0.0,0.12598425196850394,0.31496062992125984,0.33070866141732286,0.5866141732283464,0.46062992125984253,0.7992125984251969,0.49606299212598426,1.0,0.7519685039370079,0.35826771653543305,0.6535433070866141,0.5748031496062992,0.44881889763779526,0.4763779527559055,0.4251968503937008,0.38188976377952755,0.7952755905511811,0.19291338582677164,0.6220472440944882,0.42913385826771655,0.4094488188976378,0.33070866141732286,0.41338582677165353,0.24803149606299213,0.7755905511811023,0.031496062992125984,0.5984251968503937,0.25984251968503935,0.40551181102362205,0.18110236220472442,0.4094488188976378,0.09448818897637795,0.7165354330708661,-0.1141732283464567,0.5905511811023622,0.07874015748031496,0.4448818897637795,0.051181102362204724,0.43700787401574803,-0.015748031496062992
3,0.0,0.0,0.10505836575875487,0.3151750972762646,0.3035019455252918,0.5914396887159533,0.42412451361867703,0.7976653696498055,0.4396887159533074,1.0,0.7392996108949417,0.3968871595330739,0.6653696498054474,0.5642023346303502,0.46303501945525294,0.4669260700389105,0.41245136186770426,0.3852140077821012,0.7898832684824902,0.22568093385214008,0.642023346303502,0.41245136186770426,0.4357976653696498,0.32684824902723736,0.41245136186770426,0.25680933852140075,0.77431906614786,0.058365758754863814,0.6070038910505836,0.24124513618677043,0.42023346303501946,0.17120622568093385,0.4085603112840467,0.10505836575875487,0.7198443579766537,-0.09727626459143969,0.5992217898832685,0.054474708171206226,0.45525291828793774,0.03501945525291829,0.4396887159533074,-0.011673151750972763
3,0.0,0.0,0.08984375,0.30859375,0.27734375,0.58984375,0.390625,0.796875,0.40234375,1.0,0.7109375,0.4140625,0.62109375,0.5703125,0.4296875,0.4609375,0.390625,0.3828125,0.76953125,0.23828125,0.62109375,0.41015625,0.4140625,0.3125,0.40234375,0.25,0.7578125,0.06640625,0.59765625,0.2265625,0.4140625,0.15625,0.4140625,0.09765625,0.71484375,-0.10546875,0.59765625,0.03125,0.45703125,0.01953125,0.44921875,-0.01171875
3,0.0,0.0,0.08560311284046693,0.30739299610894943,0.2801556420233463,0.5875486381322957,0.3968871595330739,0.7976653696498055,0.4046692607003891,1.0,0.7003891050583657,0.42412451361867703,0.642023346303502,0.5758754863813229,0.4474708171206226,0.4785992217898833,0.3735408560311284,0.3968871595330739,0.7665369649805448,0.245136186770428,0.622568093385214,0.40077821011673154,0.4163424124513619,0.3035019455252918,0.38132295719844356,0.23346303501945526,0.7587548638132295,0.0622568093385214,0.5992217898832685,0.2178988326848249,0.41245136186770426,0.1517509727626459,0.39299610894941633,0.0933852140077821,0.7159533073929961,-0.11284046692607004,0.603112840466926,0.027237354085603113,0.4591439688715953,0.019455252918287938,0.4396887159533074,-0.019455252918287938
3,0.0,0.0,0.09055118110236221,0.30708661417322836,0.2952755905511811,0.5826771653543307,0.42913385826771655,0.7952755905511811,0.44881889763779526,1.0,0.7716535433070866,0.39763779527559057,0.6535433070866141,0.5708661417322834,0.43700787401574803,0.4566929133858268,0.41732283464566927,0.3700787401574803,0.8188976377952756,0.20866141732283464,0.6141732283464567,0.39763779527559057,0.39763779527559057,0.3031496062992126,0.4251968503937008,0.2283464566929134,0.7874015748031497,0.023622047244094488,0.5787401574803149,0.1968503937007874,0.38976377952755903,0.1377952755905512,0.41732283464566927,0.07086614173228346,0.7204724409448819,-0.14566929133858267,0.5866141732283464,-0.003937007874015748,0.43700787401574803,0.0,0.43700787401574803,-0.03543307086614173
3,0.0,0.0,0.1322314049586777,0.30578512396694213,0.3925619834710744,0.5702479338842975,0.5495867768595041,0.7851239669421488,0.5950413223140496,1.0,0.859504132231405,0.3140495867768595,0.8181818181818182,0.49586776859504134,0.5702479338842975,0.4669421487603306,0.47520661157024796,0.41735537190082644,0.8842975206611571,0.10330578512396695,0.6859504132231405,0.34297520661157027,0.45867768595041325,0.30578512396694213,0.43388429752066116,0.22727272727272727,0.8264462809917356,-0.08677685950413223,0.5991735537190083,0.17355371900826447,0.4049586776859504,0.1446280991735537,0.40082644628099173,0.0743801652892562,0.7231404958677686,-0.25206611570247933,0.5702479338842975,-0.012396694214876033,0.41735537190082644,-0.008264462809917356,0.4049586776859504,-0.06611570247933884
3,0.0,0.0,0.14814814814814814,0.30864197530864196,0.411522633744856,0.5720164609053497,0.5720164609053497,0.7860082304526749,0.6419753086419753,1.0,0.8559670781893004,0.2839506172839506,0.9176954732510288,0.46502057613168724,0.720164609053498,0.5185185185185185,0.6337448559670782,0.5267489711934157,0.8806584362139918,0.09876543209876543,0.7037037037037037,0.3662551440329218,0.4567901234567901,0.3374485596707819,0.4279835390946502,0.24691358024691357,0.8271604938271605,-0.07407407407407407,0.5967078189300411,0.205761316872428,0.3868312757201646,0.16872427983539096,0.39094650205761317,0.08641975308641975,0.7283950617283951,-0.2222222222222222,0.5637860082304527,0.02880658436213992,0.4074074074074074,0.01646090534979424,0.4074074074074074,-0.06172839506172839
3,0.0,0.0,0.13821138211382114,0.3130081300813008,0.3943089430894309,0.5853658536585366,0.516260162601626,0.8008130081300813,0.5528455284552846,1.0,0.8495934959349594,0.3170731707317073,0.7357723577235772,0.5487804878048781,0.508130081300813,0.4796747967479675,0.483739837398374,0.4105691056910569,0.8617886178861789,0.12195121951219512,0.6463414634146342,0.3983739837398374,0.4186991869918699,0.3170731707317073,0.42276422764227645,0.22764227642276422,0.8130081300813008,-0.04878048780487805,0.5813008130081301,0.21544715447154472,0.3821138211382114,0.15447154471544716,0.4065040650406504,0.07317073170731707,0.7235772357723578,-0.2032520325203252,0.5650406504065041,0.032520325203252036,0.4186991869918699,0.016260162601626018,0.42276422764227645,-0.052845528455284556
3,0.0,0.0,0.1076923076923077,0.31153846153846154,0.3384615384615385,0.5884615384615385,0.4576923076923077,0.8,0.47307692307692306,1.0,0.7846153846153846,0.35384615384615387,0.6730769230769231,0.5769230769230769,0.45,0.4846153846153846,0.4423076923076923,0.4076923076923077,0.8115384615384615,0.17692307692307693,0.6038461538461538,0.4230769230769231,0.38461538461538464,0.33076923076923076,0.41923076923076924,0.25384615384615383,0.7730769230769231,0.015384615384615385,0.5538461538461539,0.2423076923076923,0.36538461538461536,0.17307692307692307,0.40384615384615385,0.09615384615384616,0.7,-0.12692307692307692,0.5423076923076923,0.06538461538461539,0.4,0.03076923076923077,0.41923076923076924,-0.038461538461538464
3,0.0,0.0,0.10727969348659004,0.3065134099616858,0.3218390804597701,0.5747126436781609,0.4559386973180077,0.7931034482758621,0.5057471264367817,1.0,0.7624521072796935,0.3486590038314176,0.6206896551724138,0.5478927203065134,0.4099616858237548,0.44061302681992337,0.4099616858237548,0.36015325670498083,0.7969348659003831,0.1685823754789272,0.5823754789272031,0.40229885057471265,0.3716475095785441,0.3065134099616858,0.3946360153256705,0.23371647509578544,0.7662835249042146,0.0038314176245210726,0.5440613026819924,0.21839080459770116,0.3563218390804598,0.1532567049808429,0.39080459770114945,0.0842911877394636,0.6934865900383141,-0.14559386973180077,0.5325670498084292,0.038314176245210725,0.3946360153256705,0.011494252873563218,0.41379310344827586,-0.04980842911877394
3,0.0,0.0,0.10505836575875487,0.311284046692607,0.311284046692607,0.5875486381322957,0.45136186770428016,0.8015564202334631,0.5214007782101168,1.0,0.7782101167315175,0.3540856031128405,0.6108949416342413,0.556420233463035,0.40077821011673154,0.4357976653696498,0.39299610894941633,0.3463035019455253,0.8171206225680934,0.16731517509727625,0.5797665369649806,0.4085603112840467,0.36186770428015563,0.3035019455252918,0.3735408560311284,0.22178988326848248,0.7821011673151751,0.0,0.5486381322957199,0.22178988326848248,0.3540856031128405,0.14785992217898833,0.38132295719844356,0.07782101167315175,0.708171206225681,-0.14785992217898833,0.5408560311284046,0.03501945525291829,0.3968871595330739,0.007782101167315175,0.4085603112840467,-0.05058365758754864
3,0.0,0.0,0.1124031007751938,0.31007751937984496,0.32558139534883723,0.5813953488372093,0.4728682170542636,0.7945736434108527,0.5465116279069767,1.0,0.7751937984496124,0.35658914728682173,0.6395348837209303,0.5697674418604651,0.42248062015503873,0.45348837209302323,0.42248062015503873,0.3682170542635659,0.813953488372093,0.17054263565891473,0.5930232558139535,0.4186046511627907,0.37209302325581395,0.31007751937984496,0.3992248062015504,0.22868217054263565,0.7790697674418605,0.003875968992248062,0.5542635658914729,0.22868217054263565,0.3643410852713178,0.1511627906976744,0.3992248062015504,0.07751937984496124,0.7054263565891473,-0.1434108527131783,0.5465116279069767,0.046511627906976744,0.40310077519379844,0.015503875968992248,0.42248062015503873,-0.050387596899224806
3,0.0,0.0,0.11290322580645161,0.31048387096774194,0.34274193548387094,0.5806451612903226,0.5040322580645161,0.7943548387096774,0.592741935483871,1.0,0.8024193548387096,0.34274193548387094,0.6854838709677419,0.5483870967741935,0.4637096774193548,0.43951612903225806,0.43951612903225806,0.35080645161290325,0.842741935483871,0.1532258064516129,0.6370967741935484,0.3911290322580645,0.4112903225806452,0.2862903225806452,0.4153225806451613,0.20161290322580644,0.8024193548387096,-0.024193548387096774,0.5846774193548387,0.1975806451612903,0.3870967741935484,0.125,0.4112903225806452,0.04838709677419355,0.7258064516129032,-0.1774193548387097,0.5645161290322581,0.004032258064516129,0.41935483870967744,-0.016129032258064516,0.42338709677419356,-0.08064516129032258
3,0.0,0.0,0.10843373493975904,0.3092369477911647,0.3373493975903614,0.5823293172690763,0.4979919678714859,0.7991967871485943,0.5943775100401606,1.0,0.7871485943775101,0.3614457831325301,0.6827309236947792,0.5502008032128514,0.4578313253012048,0.4497991967871486,0.42570281124497994,0.3654618473895582,0.8313253012048193,0.17269076305220885,0.6265060240963856,0.3895582329317269,0.39759036144578314,0.2891566265060241,0.40562248995983935,0.20883534136546184,0.7991967871485943,-0.004016064257028112,0.5783132530120482,0.20080321285140562,0.3815261044176707,0.1285140562248996,0.40562248995983935,0.060240963855421686,0.7269076305220884,-0.1646586345381526,0.5662650602409639,0.008032128514056224,0.41767068273092367,-0.01606425702811245,0.42570281124497994,-0.07228915662650602
3,0.0,0.0,0.11983471074380166,0.3140495867768595,0.34710743801652894,0.5826446280991735,0.5165289256198347,0.7933884297520661,0.628099173553719,1.0,0.8181818181818182,0.34297520661157027,0.7107438016528925,0.5454545454545454,0.4793388429752066,0.44214876033057854,0.4380165289256198,0.3512396694214876,0.8553719008264463,0.1446280991735537,0.6487603305785123,0.3760330578512397,0.41735537190082644,0.2809917355371901,0.41735537190082644,0.2024793388429752,0.8140495867768595,-0.0371900826446281,0.5950413223140496,0.17768595041322313,0.3925619834710744,0.11570247933884298,0.4132231404958678,0.045454545454545456,0.7355371900826446,-0.2024793388429752,0.5785123966942148,-0.02066115702479339,0.4297520661157025,-0.0371900826446281,0.4380165289256198,-0.09504132231404959
3,0.0,0.0,0.11522633744855967,0.31275720164609055,0.3374485596707819,0.588477366255144,0.5102880658436214,0.7983539094650206,0.6296296296296297,1.0,0.8065843621399177,0.35802469135802467,0.6872427983539094,0.5596707818930041,0.4609053497942387,0.45267489711934156,0.4156378600823045,0.36213991769547327,0.8518518518518519,0.16049382716049382,0.6460905349794238,0.3868312757201646,0.4156378600823045,0.29218106995884774,0.40329218106995884,0.2139917695473251,0.8189300411522634,-0.024691358024691357,0.5843621399176955,0.18930041152263374,0.3868312757201646,0.11934156378600823,0.3991769547325103,0.04938271604938271,0.7407407407407407,-0.18930041152263374,0.5720164609053497,-0.012345679012345678,0.41975308641975306,-0.03292181069958848,0.42386831275720166,-0.08641975308641975
3,0.0,0.0,0.11715481171548117,0.3179916317991632,0.3514644351464435,0.5899581589958159,0.5355648535564853,0.803347280334728,0.6527196652719666,1.0,0.8661087866108786,0.35564853556485354,0.7573221757322176,0.5606694560669456,0.5062761506276151,0.46443514644351463,0.45188284518828453,0.3723849372384937,0.9079497907949791,0.1506276150627615,0.6694560669456067,0.40585774058577406,0.4309623430962343,0.3054393305439331,0.42677824267782427,0.21338912133891214,0.8577405857740585,-0.03347280334728033,0.606694560669456,0.20920502092050208,0.39330543933054396,0.13389121338912133,0.4100418410041841,0.05439330543933055,0.7656903765690377,-0.200836820083682,0.5899581589958159,0.0041841004184100415,0.4309623430962343,-0.016736401673640166,0.4309623430962343,-0.0794979079497908
3,0.0,0.0,0.0995850622406639,0.31950207468879666,0.3236514522821577,0.6058091286307054,0.5062240663900415,0.8091286307053942,0.6265560165975104,1.0,0.8132780082987552,0.3775933609958506,0.7136929460580913,0.5933609958506224,0.4730290456431535,0.48132780082987553,0.44398340248962653,0.38589211618257263,0.8589211618257261,0.17842323651452283,0.6556016597510373,0.4149377593360996,0.4066390041493776,0.3070539419087137,0.4149377593360996,0.21991701244813278,0.8298755186721992,-0.008298755186721992,0.6058091286307054,0.2157676348547718,0.3817427385892116,0.13692946058091288,0.4024896265560166,0.058091286307053944,0.7551867219917012,-0.17842323651452283,0.6016597510373444,0.02074688796680498,0.43568464730290457,-0.004149377593360996,0.43568464730290457,-0.07053941908713693
3,0.0,0.0,0.07518796992481203,0.3007518796992481,0.2631578947368421,0.575187969924812,0.37218045112781956,0.7894736842105263,0.37593984962406013,1.0,0.7255639097744361,0.38345864661654133,0.6127819548872181,0.5488721804511278,0.40601503759398494,0.44360902255639095,0.37969924812030076,0.3684210526315789,0.7706766917293233,0.19924812030075187,0.575187969924812,0.39473684210526316,0.36466165413533835,0.29699248120300753,0.37593984962406013,0.22556390977443608,0.7443609022556391,0.02631578947368421,0.5338345864661654,0.20676691729323307,0.34962406015037595,0.13533834586466165,0.37969924812030076,0.07518796992481203,0.6842105263157895,-0.12781954887218044,0.5338345864661654,0.02631578947368421,0.39473684210526316,0.0037593984962406013,0.40601503759398494,-0.045112781954887216
3,0.0,0.0,0.08461538461538462,0.3038461538461538,0.2692307692307692,0.5807692307692308,0.38076923076923075,0.7923076923076923,0.39615384615384613,1.0,0.7423076923076923,0.3769230769230769,0.6423076923076924,0.5384615384615384,0.4269230769230769,0.43846153846153846,0.38846153846153847,0.3576923076923077,0.7884615384615384,0.19230769230769232,0.6,0.38846153846153847,0.38076923076923075,0.29615384615384616,0.38076923076923075,0.2230769230769231,0.7653846153846153,0.015384615384615385,0.5615384615384615,0.2,0.36538461538461536,0.12692307692307692,0.38461538461538464,0.057692307692307696,0.7076923076923077,-0.14615384615384616,0.5692307692307692,0.015384615384615385,0.4269230769230769,-0.007692307692307693,0.4346153846153846,-0.06923076923076923
3,0.0,0.0,0.09302325581395349,0.3023255813953488,0.26744186046511625,0.5775193798449613,0.37209302325581395,0.7945736434108527,0.3992248062015504,1.0,0.7325581395348837,0.375968992248062,0.6201550387596899,0.5232558139534884,0.4108527131782946,0.4263565891472868,0.35658914728682173,0.3449612403100775,0.7790697674418605,0.1937984496124031,0.5775193798449613,0.37209302325581395,0.3682170542635659,0.2868217054263566,0.35658914728682173,0.20930232558139536,0.7596899224806202,0.01937984496124031,0.5465116279069767,0.1937984496124031,0.36046511627906974,0.12790697674418605,0.37209302325581395,0.06201550387596899,0.7015503875968992,-0.1434108527131783,0.5542635658914729,0.01937984496124031,0.41472868217054265,0.0,0.4108527131782946,-0.05813953488372093
3,0.0,0.0,0.0859375,0.3125,0.2578125,0.59375,0.359375,0.8046875,0.390625,1.0,0.72265625,0.37109375,0.57421875,0.53125,0.37109375,0.421875,0.3359375,0.33984375,0.76953125,0.1875,0.55859375,0.38671875,0.34765625,0.2890625,0.33984375,0.21875,0.75,0.01953125,0.53125,0.203125,0.33984375,0.1328125,0.35546875,0.0625,0.6953125,-0.140625,0.53515625,0.0234375,0.390625,-0.00390625,0.3984375,-0.0625
3,0.0,0.0,0.09716599190283401,0.3319838056680162,0.2874493927125506,0.6072874493927125,0.4331983805668016,0.8097165991902834,0.5263157894736842,1.0,0.7732793522267206,0.3765182186234818,0.611336032388664,0.5789473684210527,0.4048582995951417,0.46153846153846156,0.38461538461538464,0.3643724696356275,0.8178137651821862,0.1902834008097166,0.5870445344129555,0.42105263157894735,0.3643724696356275,0.3076923076923077,0.3724696356275304,0.22267206477732793,0.7935222672064778,0.016194331983805668,0.5546558704453441,0.23076923076923078,0.3562753036437247,0.145748987854251,0.3805668016194332,0.06882591093117409,0.7246963562753036,-0.14979757085020243,0.5587044534412956,0.032388663967611336,0.4089068825910931,0.016194331983805668,0.41295546558704455,-0.04048582995951417
3,0.0,0.0,0.09282700421940929,0.3291139240506329,0.31223628691983124,0.6075949367088608,0.4810126582278481,0.8016877637130801,0.5822784810126582,1.0,0.7932489451476793,0.4008438818565401,0.6582278481012658,0.5864978902953587,0.43037974683544306,0.46835443037974683,0.4050632911392405,0.37130801687763715,0.8481012658227848,0.20675105485232068,0.6033755274261603,0.4219409282700422,0.3755274261603376,0.3080168776371308,0.3881856540084388,0.21518987341772153,0.8185654008438819,0.016877637130801686,0.569620253164557,0.21940928270042195,0.3628691983122363,0.1350210970464135,0.3924050632911392,0.05485232067510549,0.7510548523206751,-0.16033755274261605,0.5738396624472574,0.016877637130801686,0.4219409282700422,-0.004219409282700422,0.43037974683544306,-0.05907172995780591
3,0.0,0.0,0.09322033898305085,0.3305084745762712,0.3135593220338983,0.6186440677966102,0.4915254237288136,0.8135593220338984,0.6059322033898306,1.0,0.788135593220339,0.4025423728813559,0.635593220338983,0.6016949152542372,0.4152542372881356,0.4830508474576271,0.3983050847457627,0.3940677966101695,0.8389830508474576,0.2033898305084746,0.6059322033898306,0.4364406779661017,0.3728813559322034,0.3220338983050847,0.3983050847457627,0.2330508474576271,0.8177966101694916,0.01694915254237288,0.5677966101694916,0.2288135593220339,0.3601694915254237,0.1483050847457627,0.3983050847457627,0.07203389830508475,0.75,-0.15677966101694915,0.576271186440678,0.029661016949152543,0.4152542372881356,0.012711864406779662,0.4194915254237288,-0.046610169491525424
3,0.0,0.0,0.10548523206751055,0.3333333333333333,0.3291139240506329,0.620253164556962,0.5021097046413502,0.8143459915611815,0.620253164556962,1.0,0.8016877637130801,0.379746835443038,0.6371308016877637,0.5949367088607594,0.4219409282700422,0.4641350210970464,0.4092827004219409,0.3670886075949367,0.8481012658227848,0.18565400843881857,0.6075949367088608,0.4345991561181435,0.38396624472573837,0.31223628691983124,0.4008438818565401,0.21940928270042195,0.8185654008438819,0.008438818565400843,0.5738396624472574,0.23628691983122363,0.3755274261603376,0.14767932489451477,0.4092827004219409,0.07172995780590717,0.7426160337552743,-0.15611814345991562,0.569620253164557,0.03375527426160337,0.41350210970464135,0.008438818565400843,0.42616033755274263,-0.05485232067510549
3,0.0,0.0,0.0995850622406639,0.3236514522821577,0.3029045643153527,0.6099585062240664,0.45643153526970953,0.8132780082987552,0.5518672199170125,1.0,0.7842323651452282,0.3817427385892116,0.6099585062240664,0.5726141078838174,0.4024896265560166,0.45228215767634855,0.3941908713692946,0.35684647302904565,0.8298755186721992,0.1908713692946058,0.5850622406639004,0.4107883817427386,0.36929460580912865,0.3070539419087137,0.3900414937759336,0.22406639004149378,0.8008298755186722,0.008298755186721992,0.5601659751037344,0.21161825726141079,0.36099585062240663,0.14107883817427386,0.3941908713692946,0.06639004149377593,0.7261410788381742,-0.15767634854771784,0.5560165975103735,0.016597510373443983,0.4066390041493776,0.0,0.4149377593360996,-0.04979253112033195
3,0.0,0.0,0.07480314960629922,0.30708661417322836,0.2677165354330709,0.5866141732283464,0.38976377952755903,0.8031496062992126,0.4409448818897638,1.0,0.7244094488188977,0.3779527559055118,0.5708661417322834,0.5433070866141733,0.3700787401574803,0.4251968503937008,0.36220472440944884,0.3425196850393701,0.7677165354330708,0.19291338582677164,0.547244094488189,0.38976377952755903,0.3346456692913386,0.2874015748031496,0.35826771653543305,0.20866141732283464,0.7480314960629921,0.01968503937007874,0.5236220472440944,0.20078740157480315,0.3346456692913386,0.12598425196850394,0.3700787401574803,0.05905511811023622,0.6889763779527559,-0.14173228346456693,0.5236220472440944,0.015748031496062992,0.38188976377952755,-0.003937007874015748,0.3937007874015748,-0.05511811023622047
3,0.0,0.0,0.08108108108108109,0.305019305019305,0.2625482625482625,0.5868725868725869,0.3667953667953668,0.803088803088803,0.4015444015444015,1.0,0.722007722007722,0.3667953667953668,0.5637065637065637,0.5482625482625483,0.37065637065637064,0.42857142857142855,0.3667953667953668,0.3359073359073359,0.7683397683397684,0.1891891891891892,0.5482625482625483,0.3938223938223938,0.3436293436293436,0.28957528957528955,0.3590733590733591,0.2084942084942085,0.749034749034749,0.019305019305019305,0.525096525096525,0.20463320463320464,0.33976833976833976,0.13127413127413126,0.37065637065637064,0.06177606177606178,0.6911196911196911,-0.13513513513513514,0.5212355212355212,0.02702702702702703,0.38223938223938225,0.003861003861003861,0.3938223938223938,-0.04633204633204633
3,0.0,0.0,0.08527131782945736,0.31007751937984496,0.2596899224806202,0.5930232558139535,0.35658914728682173,0.8023255813953488,0.38372093023255816,1.0,0.7170542635658915,0.375968992248062,0.562015503875969,0.5465116279069767,0.3682170542635659,0.42248062015503873,0.36046511627906974,0.3333333333333333,0.7674418604651163,0.19767441860465115,0.5465116279069767,0.39147286821705424,0.3449612403100775,0.28294573643410853,0.35658914728682173,0.20930232558139536,0.748062015503876,0.027131782945736434,0.5232558139534884,0.20155038759689922,0.3449612403100775,0.12403100775193798,0.3682170542635659,0.05813953488372093,0.6937984496124031,-0.12790697674418605,0.5310077519379846,0.01937984496124031,0.3953488372093023,-0.007751937984496124,0.40310077519379844,-0.05813953488372093
3,0.0,0.0,0.1015625,0.31640625,0.28515625,0.59765625,0.40625,0.8046875,0.46484375,1.0,0.74609375,0.34765625,0.5703125,0.52734375,0.375,0.41796875,0.34375,0.33203125,0.78515625,0.16015625,0.5546875,0.3828125,0.35546875,0.28515625,0.3515625,0.19921875,0.75390625,-0.0078125,0.51953125,0.1953125,0.34375,0.12109375,0.35546875,0.046875,0.68359375,-0.16015625,0.51953125,0.0078125,0.38671875,-0.00390625,0.38671875,-0.04296875
3,0.0,0.0,0.11522633744855967,0.31275720164609055,0.32098765432098764,0.5843621399176955,0.4609053497942387,0.8024691358024691,0.5267489711934157,1.0,0.8106995884773662,0.36213991769547327,0.7983539094650206,0.5267489711934157,0.5679012345679012,0.5102880658436214,0.4567901234567901,0.46502057613168724,0.8518518518518519,0.1522633744855967,0.6460905349794238,0.345679012345679,0.41975308641975306,0.29218106995884774,0.3662551440329218,0.2139917695473251,0.8024691358024691,-0.04938271604938271,0.5679012345679012,0.1522633744855967,0.3786008230452675,0.1111111111111111,0.345679012345679,0.053497942386831275,0.7119341563786008,-0.22633744855967078,0.5308641975308642,-0.04938271604938271,0.38271604938271603,-0.0411522633744856,0.35802469135802467,-0.06995884773662552
3,0.0,0.0,0.15384615384615385,0.3481781376518219,0.39271255060728744,0.6153846153846154,0.5708502024291497,0.8137651821862348,0.7004048582995951,1.0,0.8866396761133604,0.38866396761133604,0.7408906882591093,0.5789473684210527,0.5060728744939271,0.4817813765182186,0.47368421052631576,0.38866396761133604,0.9149797570850202,0.18218623481781376,0.708502024291498,0.3967611336032389,0.47368421052631576,0.3117408906882591,0.4493927125506073,0.23481781376518218,0.8663967611336032,-0.016194331983805668,0.6558704453441295,0.1862348178137652,0.44129554655870445,0.13360323886639677,0.42105263157894735,0.06477732793522267,0.7773279352226721,-0.19838056680161945,0.6234817813765182,-0.032388663967611336,0.46153846153846156,-0.02834008097165992,0.44129554655870445,-0.06882591093117409
3,0.0,0.0,0.13934426229508196,0.319672131147541,0.3770491803278688,0.5983606557377049,0.5614754098360656,0.8073770491803278,0.6926229508196722,1.0,0.889344262295082,0.4098360655737705,0.7459016393442623,0.5860655737704918,0.5081967213114754,0.48360655737704916,0.45491803278688525,0.38934426229508196,0.9344262295081968,0.20081967213114754,0.7090163934426229,0.4098360655737705,0.4672131147540984,0.3155737704918033,0.4426229508196721,0.22950819672131148,0.8934426229508197,-0.004098360655737705,0.6475409836065574,0.19672131147540983,0.4344262295081967,0.13114754098360656,0.42213114754098363,0.06557377049180328,0.8032786885245902,-0.19262295081967212,0.6188524590163934,-0.036885245901639344,0.45901639344262296,-0.03278688524590164,0.44672131147540983,-0.06147540983606557
3,0.0,0.0,0.15637860082304528,0.32510288065843623,0.4074074074074074,0.6090534979423868,0.5967078189300411,0.8148148148148148,0.720164609053498,1.0,0.8765432098765432,0.36213991769547327,0.7901234567901234,0.6049382716049383,0.551440329218107,0.5349794238683128,0.5185185185185185,0.4567901234567901,0.9176954732510288,0.16049382716049382,0.7242798353909465,0.4156378600823045,0.4691358024691358,0.32098765432098764,0.4732510288065844,0.21810699588477367,0.8724279835390947,-0.037037037037037035,0.6831275720164609,0.19753086419753085,0.45267489711934156,0.12757201646090535,0.45267489711934156,0.0411522633744856,0.7818930041152263,-0.23045267489711935,0.654320987654321,-0.037037037037037035,0.48559670781893005,-0.037037037037037035,0.4732510288065844,-0.09465020576131687
3,0.0,0.0,0.12048192771084337,0.3293172690763052,0.3654618473895582,0.6184738955823293,0.5261044176706827,0.8192771084337349,0.6305220883534136,1.0,0.8433734939759037,0.40562248995983935,0.8032128514056225,0.5662650602409639,0.5662650602409639,0.5301204819277109,0.4819277108433735,0.4819277108433735,0.8835341365461847,0.19678714859437751,0.7068273092369478,0.3855421686746988,0.4578313253012048,0.321285140562249,0.43373493975903615,0.24497991967871485,0.8473895582329317,-0.012048192771084338,0.6586345381526104,0.17670682730923695,0.43775100401606426,0.1285140562248996,0.42570281124497994,0.060240963855421686,0.7710843373493976,-0.21285140562248997,0.642570281124498,-0.040160642570281124,0.4738955823293173,-0.040160642570281124,0.4578313253012048,-0.08835341365461848
3,0.0,0.0,0.09811320754716982,0.3169811320754717,0.30566037735849055,0.6037735849056604,0.4528301886792453,0.8113207547169812,0.539622641509434,1.0,0.8301886792452831,0.42641509433962266,0.7660377358490567,0.6,0.5056603773584906,0.5245283018867924,0.4377358490566038,0.4641509433962264,0.8641509433962264,0.2339622641509434,0.690566037735849,0.4377358490566038,0.42641509433962266,0.3471698113207547,0.4075471698113208,0.25660377358490566,0.8264150943396227,0.04150943396226415,0.630188679245283,0.2339622641509434,0.39622641509433965,0.1660377358490566,0.39245283018867927,0.09056603773584905,0.7547169811320755,-0.13584905660377358,0.6264150943396226,0.03018867924528302,0.4490566037735849,0.007547169811320755,0.4339622641509434,-0.052830188679245285
3,0.0,0.0,0.09363295880149813,0.3146067415730337,0.2696629213483146,0.5917602996254682,0.40074906367041196,0.8089887640449438,0.4756554307116105,1.0,0.7303370786516854,0.42696629213483145,0.6329588014981273,0.5655430711610487,0.4344569288389513,0.4681647940074906,0.4044943820224719,0.3895131086142322,0.7790262172284644,0.24719101123595505,0.6067415730337079,0.40074906367041196,0.40074906367041196,0.31835205992509363,0.40823970037453183,0.24719101123595505,0.7640449438202247,0.06741573033707865,0.5917602996254682,0.2209737827715356,0.3970037453183521,0.16104868913857678,0.4044943820224719,0.09737827715355805,0.7153558052434457,-0.10486891385767791,0.5955056179775281,0.033707865168539325,0.4419475655430712,0.0149812734082397,0.4307116104868914,-0.03745318352059925
3,0.0,0.0,0.06741573033707865,0.30337078651685395,0.2397003745318352,0.5842696629213483,0.36704119850187267,0.797752808988764,0.40823970037453183,1.0,0.6816479400749064,0.43820224719101125,0.5842696629213483,0.5692883895131086,0.39325842696629215,0.449438202247191,0.36704119850187267,0.3707865168539326,0.7453183520599251,0.2546816479400749,0.5805243445692884,0.3970037453183521,0.3707865168539326,0.2958801498127341,0.37453183520599254,0.23595505617977527,0.7453183520599251,0.06741573033707865,0.5805243445692884,0.20973782771535582,0.38202247191011235,0.13857677902621723,0.3895131086142322,0.08614232209737828,0.704119850187266,-0.10861423220973783,0.6142322097378277,0.011235955056179775,0.45692883895131087,-0.00749063670411985,0.4419475655430712,-0.04119850187265917
3,0.0,0.0,0.06844106463878327,0.3041825095057034,0.24334600760456274,0.5893536121673004,0.3650190114068441,0.8022813688212928,0.41064638783269963,1.0,0.6996197718631179,0.4068441064638783,0.5855513307984791,0.5665399239543726,0.39923954372623577,0.44866920152091255,0.3688212927756654,0.3650190114068441,0.7642585551330798,0.23193916349809887,0.5741444866920152,0.39543726235741444,0.3726235741444867,0.2889733840304182,0.38022813688212925,0.22053231939163498,0.7604562737642585,0.060836501901140684,0.5703422053231939,0.21673003802281368,0.38022813688212925,0.14068441064638784,0.39543726235741444,0.07984790874524715,0.7186311787072244,-0.10266159695817491,0.5893536121673004,0.034220532319391636,0.4372623574144487,0.015209125475285171,0.43346007604562736,-0.026615969581749048
3,0.0,0.0,0.09090909090909091,0.30039525691699603,0.2924901185770751,0.5731225296442688,0.43478260869565216,0.7865612648221344,0.48616600790513836,1.0,0.7549407114624506,0.3794466403162055,0.7272727272727273,0.5573122529644269,0.4901185770750988,0.4980237154150198,0.39920948616600793,0.43478260869565216,0.8102766798418972,0.2015810276679842,0.616600790513834,0.39920948616600793,0.38735177865612647,0.31225296442687744,0.37549407114624506,0.22924901185770752,0.7865612648221344,0.019762845849802372,0.5691699604743083,0.2134387351778656,0.37549407114624506,0.1383399209486166,0.38735177865612647,0.06719367588932806,0.7233201581027668,-0.15019762845849802,0.5691699604743083,0.015810276679841896,0.42292490118577075,-0.003952569169960474,0.4189723320158103,-0.05928853754940711
3,0.0,0.0,0.11073825503355705,0.22483221476510068,0.31208053691275167,0.4261744966442953,0.4261744966442953,0.5906040268456376,0.4865771812080537,0.7483221476510067,0.6342281879194631,0.18791946308724833,0.7785234899328859,0.2516778523489933,0.8926174496644296,0.2785234899328859,1.0,0.30201342281879195,0.6543624161073825,0.040268456375838924,0.5436241610738255,0.2214765100671141,0.3859060402684564,0.2181208053691275,0.3422818791946309,0.15771812080536912,0.6040268456375839,-0.09731543624161074,0.48322147651006714,0.10067114093959731,0.33557046979865773,0.09060402684563758,0.30201342281879195,0.03355704697986577,0.5201342281879194,-0.22483221476510068,0.4429530201342282,-0.03355704697986577,0.3187919463087248,-0.020134228187919462,0.2751677852348993,-0.07046979865771812
3,0.0,0.0,0.18981481481481483,0.30092592592592593,0.5138888888888888,0.5601851851851852,0.7083333333333334,0.7870370370370371,0.8333333333333334,1.0,0.9861111111111112,0.18055555555555555,0.9861111111111112,0.49537037037037035,0.8148148148148148,0.5555555555555556,0.7916666666666666,0.5462962962962963,0.9768518518518519,-0.018518518518518517,0.7638888888888888,0.36574074074074076,0.5324074074074074,0.3425925925925926,0.5277777777777778,0.2361111111111111,0.8703703703703703,-0.18055555555555555,0.6435185185185185,0.20833333333333334,0.4398148148148148,0.1712962962962963,0.4444444444444444,0.05555555555555555,0.7175925925925926,-0.3101851851851852,0.5694444444444444,0.023148148148148147,0.4166666666666667,0.004629629629629629,0.4074074074074074,-0.10185185185185185
3,0.0,0.0,0.1965065502183406,0.314410480349345,0.4847161572052402,0.5720524017467249,0.6550218340611353,0.8078602620087336,0.7860262008733624,1.0,0.925764192139738,0.22707423580786026,0.7903930131004366,0.5545851528384279,0.5720524017467249,0.5021834061135371,0.537117903930131,0.4017467248908297,0.9082969432314411,0.05240174672489083,0.7030567685589519,0.4192139737991266,0.4978165938864629,0.34934497816593885,0.48034934497816595,0.23580786026200873,0.8296943231441049,-0.09606986899563319,0.6331877729257642,0.24890829694323144,0.44541484716157204,0.20087336244541484,0.4366812227074236,0.09170305676855896,0.7030567685589519,-0.2096069868995633,0.5720524017467249,0.08733624454148471,0.42358078602620086,0.0611353711790393,0.39737991266375544,-0.039301310043668124
3,0.0,0.0,0.17167381974248927,0.3218884120171674,0.40772532188841204,0.5793991416309013,0.5536480686695279,0.7982832618025751,0.6523605150214592,1.0,0.8669527896995708,0.22746781115879827,0.6909871244635193,0.5450643776824035,0.47639484978540775,0.4721030042918455,0.4291845493562232,0.3648068669527897,0.8497854077253219,0.04291845493562232,0.6394849785407726,0.3948497854077253,0.4334763948497854,0.3090128755364807,0.38626609442060084,0.1888412017167382,0.7725321888412017,-0.11158798283261803,0.5708154506437768,0.21888412017167383,0.38626609442060084,0.15021459227467812,0.3562231759656652,0.04291845493562232,0.648068669527897,-0.2317596566523605,0.5150214592274678,0.030042918454935622,0.3648068669527897,0.004291845493562232,0.33476394849785407,-0.07725321888412018
3,0.0,0.0,0.18828451882845187,0.3263598326359833,0.4309623430962343,0.5941422594142259,0.5690376569037657,0.8075313807531381,0.6652719665271967,1.0,0.8744769874476988,0.25523012552301255,0.702928870292887,0.5606694560669456,0.49372384937238495,0.4769874476987448,0.45188284518828453,0.3682008368200837,0.8661087866108786,0.0794979079497908,0.6610878661087866,0.41841004184100417,0.45188284518828453,0.3305439330543933,0.4100418410041841,0.2175732217573222,0.7907949790794979,-0.07112970711297072,0.602510460251046,0.24686192468619247,0.41422594142259417,0.18410041841004185,0.3891213389121339,0.07531380753138076,0.6736401673640168,-0.18828451882845187,0.5397489539748954,0.07112970711297072,0.3891213389121339,0.03765690376569038,0.36401673640167365,-0.05439330543933055
3,0.0,0.0,0.10080645161290322,0.3225806451612903,0.3064516129032258,0.592741935483871,0.43548387096774194,0.8104838709677419,0.5,1.0,0.7943548387096774,0.31048387096774194,0.5806451612903226,0.5201612903225806,0.4032258064516129,0.4435483870967742,0.40725806451612906,0.35080645161290325,0.7943548387096774,0.125,0.5282258064516129,0.375,0.3467741935483871,0.29838709677419356,0.3548387096774194,0.20161290322580644,0.7338709677419355,-0.036290322580645164,0.4798387096774194,0.2056451612903226,0.31451612903225806,0.1532258064516129,0.3346774193548387,0.06854838709677419,0.6290322580645161,-0.1814516129032258,0.45161290322580644,0.024193548387096774,0.3225806451612903,0.012096774193548387,0.3225806451612903,-0.04838709677419355
3,0.0,0.0,0.13991769547325103,0.32098765432098764,0.3786008230452675,0.5925925925925926,0.51440329218107,0.8024691358024691,0.5925925925925926,1.0,0.8641975308641975,0.2962962962962963,0.6954732510288066,0.5185185185185185,0.5020576131687243,0.448559670781893,0.49794238683127573,0.36213991769547327,0.8600823045267489,0.1111111111111111,0.6131687242798354,0.39094650205761317,0.42386831275720166,0.3333333333333333,0.43209876543209874,0.24279835390946503,0.7860082304526749,-0.04938271604938271,0.5349794238683128,0.2222222222222222,0.3662551440329218,0.1728395061728395,0.39094650205761317,0.08641975308641975,0.6707818930041153,-0.18518518518518517,0.49382716049382713,0.053497942386831275,0.35802469135802467,0.03292181069958848,0.35802469135802467,-0.04526748971193416
3,0.0,0.0,0.14522821576763487,0.31950207468879666,0.37344398340248963,0.5850622406639004,0.5062240663900415,0.8049792531120332,0.5850622406639004,1.0,0.8547717842323651,0.2987551867219917,0.7095435684647303,0.5020746887966805,0.5186721991701245,0.45643153526970953,0.4896265560165975,0.3817427385892116,0.8464730290456431,0.11618257261410789,0.6182572614107884,0.37344398340248963,0.42738589211618255,0.33195020746887965,0.4149377593360996,0.25311203319502074,0.7759336099585062,-0.04979253112033195,0.5311203319502075,0.21161825726141079,0.3651452282157676,0.17427385892116182,0.3775933609958506,0.0954356846473029,0.6680497925311203,-0.18672199170124482,0.4854771784232365,0.04149377593360996,0.35684647302904565,0.029045643153526972,0.35684647302904565,-0.03734439834024896
3,0.0,0.0,0.2026431718061674,0.32158590308370044,0.5110132158590308,0.5814977973568282,0.6916299559471366,0.801762114537445,0.8061674008810573,1.0,0.9427312775330396,0.22466960352422907,0.7709251101321586,0.5550660792951542,0.5550660792951542,0.47577092511013214,0.5374449339207048,0.3524229074889868,0.920704845814978,0.030837004405286344,0.6784140969162996,0.4008810572687225,0.4801762114537445,0.32599118942731276,0.4801762114537445,0.20704845814977973,0.8149779735682819,-0.1277533039647577,0.5903083700440529,0.2290748898678414,0.41409691629955947,0.18061674008810572,0.42290748898678415,0.07488986784140969,0.6740088105726872,-0.2511013215859031,0.5110132158590308,0.048458149779735685,0.3832599118942731,0.03524229074889868,0.3876651982378855,-0.048458149779735685
3,0.0,0.0,0.20614035087719298,0.3333333333333333,0.5219298245614035,0.5833333333333334,0.7105263157894737,0.7982456140350878,0.8333333333333334,1.0,0.956140350877193,0.2543859649122807,0.7982456140350878,0.5526315789473685,0.5833333333333334,0.47368421052631576,0.5745614035087719,0.37280701754385964,0.9254385964912281,0.05701754385964912,0.6754385964912281,0.40350877192982454,0.4824561403508772,0.32894736842105265,0.4956140350877193,0.22807017543859648,0.8201754385964912,-0.10964912280701754,0.5657894736842105,0.2324561403508772,0.40350877192982454,0.17543859649122806,0.43859649122807015,0.07017543859649122,0.6798245614035088,-0.24561403508771928,0.4868421052631579,0.04824561403508772,0.3684210526315789,0.021929824561403508,0.39035087719298245,-0.07894736842105263
3,0.0,0.0,0.22869955156950672,0.32286995515695066,0.547085201793722,0.57847533632287,0.7488789237668162,0.7982062780269058,0.8834080717488789,1.0,0.968609865470852,0.22869955156950672,0.8161434977578476,0.5560538116591929,0.5874439461883408,0.484304932735426,0.5560538116591929,0.3721973094170404,0.9282511210762332,0.03139013452914798,0.7085201793721974,0.4080717488789238,0.5022421524663677,0.3273542600896861,0.4798206278026906,0.21076233183856502,0.8161434977578476,-0.13452914798206278,0.600896860986547,0.22869955156950672,0.4260089686098655,0.17488789237668162,0.4304932735426009,0.06726457399103139,0.6681614349775785,-0.26905829596412556,0.5112107623318386,0.04035874439461883,0.38565022421524664,0.02242152466367713,0.3901345291479821,-0.06726457399103139
3,0.0,0.0,0.19148936170212766,0.3276595744680851,0.451063829787234,0.5829787234042553,0.6042553191489362,0.8042553191489362,0.6936170212765957,1.0,0.8936170212765957,0.22127659574468084,0.7106382978723405,0.5234042553191489,0.5063829787234042,0.46382978723404256,0.4808510638297872,0.3617021276595745,0.8638297872340426,0.03404255319148936,0.6170212765957447,0.3872340425531915,0.425531914893617,0.32340425531914896,0.41702127659574467,0.22127659574468084,0.7659574468085106,-0.11914893617021277,0.5276595744680851,0.22127659574468084,0.3659574468085106,0.1702127659574468,0.37446808510638296,0.06808510638297872,0.625531914893617,-0.24680851063829787,0.46382978723404256,0.0425531914893617,0.3404255319148936,0.02553191489361702,0.3446808510638298,-0.059574468085106386
3,0.0,0.0,0.14,0.328,0.368,0.592,0.492,0.804,0.568,1.0,0.836,0.3,0.648,0.548,0.46,0.468,0.452,0.372,0.836,0.116,0.58,0.412,0.388,0.328,0.388,0.232,0.768,-0.044,0.524,0.236,0.36,0.184,0.38,0.096,0.66,-0.18,0.484,0.056,0.36,0.044,0.372,-0.028
3,0.0,0.0,0.10266159695817491,0.3269961977186312,0.3155893536121673,0.6007604562737643,0.44106463878326996,0.8098859315589354,0.49809885931558934,1.0,0.7756653992395437,0.3612167300380228,0.5779467680608364,0.5665399239543726,0.39543726235741444,0.46387832699619774,0.39543726235741444,0.376425855513308,0.7946768060836502,0.18250950570342206,0.5285171102661597,0.4220532319391635,0.34600760456273766,0.33079847908745247,0.3574144486692015,0.24714828897338403,0.7490494296577946,0.019011406844106463,0.4828897338403042,0.24714828897338403,0.3269961977186312,0.17870722433460076,0.3574144486692015,0.09885931558935361,0.6615969581749049,-0.12547528517110265,0.46387832699619774,0.06844106463878327,0.34220532319391633,0.045627376425855515,0.3574144486692015,-0.019011406844106463
3,0.0,0.0,0.1,0.33076923076923076,0.3038461538461538,0.6076923076923076,0.4269230769230769,0.8115384615384615,0.47692307692307695,1.0,0.7653846153846153,0.38076923076923075,0.5576923076923077,0.5769230769230769,0.3769230769230769,0.46923076923076923,0.38461538461538464,0.3769230769230769,0.7884615384615384,0.19615384615384615,0.5230769230769231,0.4269230769230769,0.3384615384615385,0.33076923076923076,0.35384615384615387,0.24615384615384617,0.7461538461538462,0.026923076923076925,0.4807692307692308,0.23846153846153847,0.3192307692307692,0.17307692307692307,0.35384615384615387,0.09230769230769231,0.6615384615384615,-0.12307692307692308,0.47307692307692306,0.05384615384615385,0.3423076923076923,0.03076923076923077,0.3576923076923077,-0.026923076923076925
3,0.0,0.0,0.12449799196787148,0.3293172690763052,0.357429718875502,0.5983935742971888,0.4939759036144578,0.8072289156626506,0.5582329317269076,1.0,0.8353413654618473,0.3493975903614458,0.6224899598393574,0.5622489959839357,0.44176706827309237,0.4738955823293173,0.4457831325301205,0.37349397590361444,0.8353413654618473,0.1566265060240964,0.5502008032128514,0.41767068273092367,0.3815261044176707,0.3413654618473896,0.3895582329317269,0.24899598393574296,0.7630522088353414,-0.012048192771084338,0.4859437751004016,0.23293172690763053,0.3333333333333333,0.18072289156626506,0.3534136546184739,0.0963855421686747,0.6506024096385542,-0.1566265060240964,0.4538152610441767,0.05622489959839357,0.3333333333333333,0.040160642570281124,0.3413654618473896,-0.028112449799196786
3,0.0,0.0,0.18614718614718614,0.33766233766233766,0.4588744588744589,0.6017316017316018,0.6277056277056277,0.8051948051948052,0.7272727272727273,1.0,0.9307359307359307,0.2727272727272727,0.7272727272727273,0.5844155844155844,0.5238095238095238,0.48917748917748916,0.5238095238095238,0.36796536796536794,0.9090909090909091,0.08225108225108226,0.6363636363636364,0.4458874458874459,0.45021645021645024,0.36796536796536794,0.4588744588744589,0.2597402597402597,0.8095238095238095,-0.07792207792207792,0.5411255411255411,0.2683982683982684,0.38095238095238093,0.21212121212121213,0.3939393939393939,0.11255411255411256,0.6666666666666666,-0.20346320346320346,0.4805194805194805,0.08225108225108226,0.354978354978355,0.06493506493506493,0.354978354978355,-0.021645021645021644
3,0.0,0.0,0.21818181818181817,0.32727272727272727,0.5409090909090909,0.5863636363636363,0.75,0.8,0.8863636363636364,1.0,0.990909090909091,0.24545454545454545,0.7909090909090909,0.6090909090909091,0.5909090909090909,0.5045454545454545,0.5909090909090909,0.37272727272727274,0.9545454545454546,0.05,0.6727272727272727,0.4727272727272727,0.5045454545454545,0.36363636363636365,0.5136363636363637,0.24545454545454545,0.8409090909090909,-0.1,0.5636363636363636,0.30454545454545456,0.41363636363636364,0.21818181818181817,0.4318181818181818,0.10909090909090909,0.6772727272727272,-0.21363636363636362,0.4772727272727273,0.12272727272727273,0.36363636363636365,0.07272727272727272,0.37272727272727274,-0.031818181818181815
3,0.0,0.0,0.19545454545454546,0.32272727272727275,0.4909090909090909,0.5818181818181818,0.6681818181818182,0.8045454545454546,0.7818181818181819,1.0,0.9590909090909091,0.22272727272727272,0.7454545454545455,0.5681818181818182,0.5545454545454546,0.4727272727272727,0.5727272727272728,0.34545454545454546,0.9181818181818182,0.031818181818181815,0.6454545454545455,0.4318181818181818,0.4727272727272727,0.32727272727272727,0.5,0.21363636363636362,0.8045454545454546,-0.12272727272727273,0.5363636363636364,0.2590909090909091,0.38636363636363635,0.17727272727272728,0.42272727272727273,0.06363636363636363,0.6409090909090909,-0.23636363636363636,0.4590909090909091,0.08181818181818182,0.35,0.03636363636363636,0.37272727272727274,-0.07272727272727272
3,0.0,0.0,0.19555555555555557,0.3288888888888889,0.48444444444444446,0.5866666666666667,0.6533333333333333,0.8044444444444444,0.7688888888888888,1.0,0.9555555555555556,0.2311111111111111,0.76,0.5644444444444444,0.5644444444444444,0.48,0.5688888888888889,0.35555555555555557,0.9111111111111111,0.044444444444444446,0.6488888888888888,0.4266666666666667,0.4711111111111111,0.3466666666666667,0.48444444444444446,0.2311111111111111,0.7911111111111111,-0.10222222222222223,0.5377777777777778,0.26666666666666666,0.38222222222222224,0.20444444444444446,0.4088888888888889,0.09777777777777778,0.6355555555555555,-0.21333333333333335,0.4577777777777778,0.10222222222222223,0.3422222222222222,0.07111111111111111,0.36,-0.03111111111111111
3,0.0,0.0,0.10416666666666667,0.31666666666666665,0.32083333333333336,0.5791666666666667,0.45,0.8041666666666667,0.5291666666666667,1.0,0.8125,0.2916666666666667,0.6625,0.49166666666666664,0.4666666666666667,0.45416666666666666,0.45,0.4125,0.8208333333333333,0.10416666666666667,0.5583333333333333,0.37083333333333335,0.3625,0.30833333333333335,0.3625,0.22916666666666666,0.7541666666666667,-0.0625,0.4875,0.2125,0.32083333333333336,0.15833333333333333,0.3416666666666667,0.07916666666666666,0.65,-0.20416666666666666,0.45416666666666666,0.029166666666666667,0.32083333333333336,0.008333333333333333,0.325,-0.058333333333333334
3,0.0,0.0,0.12096774193548387,0.3225806451612903,0.3387096774193548,0.5846774193548387,0.4596774193548387,0.7983870967741935,0.5161290322580645,1.0,0.8225806451612904,0.31451612903225806,0.7016129032258065,0.4959677419354839,0.5040322580645161,0.4637096774193548,0.45564516129032256,0.40725806451612906,0.8266129032258065,0.125,0.6008064516129032,0.3588709677419355,0.40725806451612906,0.32661290322580644,0.38306451612903225,0.25806451612903225,0.7540322580645161,-0.04435483870967742,0.5120967741935484,0.20161290322580644,0.3467741935483871,0.1693548387096774,0.34274193548387094,0.0967741935483871,0.6451612903225806,-0.18548387096774194,0.4637096774193548,0.024193548387096774,0.32661290322580644,0.020161290322580645,0.3185483870967742,-0.04435483870967742
3,0.0,0.0,0.12244897959183673,0.3183673469387755,0.33877551020408164,0.5795918367346938,0.46122448979591835,0.7959183673469388,0.5020408163265306,1.0,0.8244897959183674,0.3020408163265306,0.7795918367346939,0.46938775510204084,0.563265306122449,0.46530612244897956,0.47346938775510206,0.4326530612244898,0.8204081632653061,0.11020408163265306,0.6489795918367347,0.3346938775510204,0.44081632653061226,0.3306122448979592,0.39591836734693875,0.27755102040816326,0.746938775510204,-0.05714285714285714,0.5306122448979592,0.1836734693877551,0.363265306122449,0.1673469387755102,0.3469387755102041,0.09795918367346938,0.636734693877551,-0.2,0.46938775510204084,0.012244897959183673,0.3346938775510204,0.012244897959183673,0.3183673469387755,-0.04897959183673469
3,0.0,0.0,0.12863070539419086,0.3236514522821577,0.35269709543568467,0.5809128630705395,0.48132780082987553,0.8008298755186722,0.5477178423236515,1.0,0.8132780082987552,0.2987551867219917,0.6348547717842323,0.5186721991701245,0.4605809128630705,0.45643153526970953,0.4730290456431535,0.36099585062240663,0.8049792531120332,0.1078838174273859,0.5435684647302904,0.3651452282157676,0.3775933609958506,0.3153526970954357,0.4024896265560166,0.22406639004149378,0.7261410788381742,-0.058091286307053944,0.47717842323651455,0.1950207468879668,0.33195020746887965,0.15767634854771784,0.36099585062240663,0.06639004149377593,0.6141078838174274,-0.1991701244813278,0.44813278008298757,0.02074688796680498,0.33195020746887965,0.012448132780082987,0.34854771784232363,-0.06639004149377593
3,0.0,0.0,0.17391304347826086,0.33043478260869563,0.43478260869565216,0.591304347826087,0.5956521739130435,0.808695652173913,0.6869565217391305,1.0,0.9,0.29130434782608694,0.7217391304347827,0.5608695652173913,0.5043478260869565,0.4956521739130435,0.4826086956521739,0.391304347826087,0.8869565217391304,0.08695652173913043,0.6086956521739131,0.4,0.43043478260869567,0.34782608695652173,0.4391304347826087,0.2565217391304348,0.7913043478260869,-0.08695652173913043,0.5043478260869565,0.21739130434782608,0.34782608695652173,0.17391304347826086,0.3652173913043478,0.0782608695652174,0.6565217391304348,-0.22608695652173913,0.4434782608695652,0.030434782608695653,0.32608695652173914,0.013043478260869565,0.3391304347826087,-0.07391304347826087
3,0.0,0.0,0.16666666666666666,0.32051282051282054,0.42735042735042733,0.5897435897435898,0.5854700854700855,0.8076923076923077,0.6794871794871795,1.0,0.8675213675213675,0.2905982905982906,0.688034188034188,0.5512820512820513,0.5,0.4829059829059829,0.5042735042735043,0.38461538461538464,0.8504273504273504,0.08974358974358974,0.5897435897435898,0.39316239316239315,0.41452991452991456,0.3418803418803419,0.43162393162393164,0.25213675213675213,0.7649572649572649,-0.07692307692307693,0.5,0.2222222222222222,0.3504273504273504,0.18376068376068377,0.3717948717948718,0.08974358974358974,0.6324786324786325,-0.2094017094017094,0.44017094017094016,0.04700854700854701,0.32051282051282054,0.03418803418803419,0.32905982905982906,-0.04700854700854701
3,0.0,0.0,0.21645021645021645,0.329004329004329,0.5021645021645021,0.5887445887445888,0.683982683982684,0.8095238095238095,0.8051948051948052,1.0,0.935064935064935,0.24675324675324675,0.7662337662337663,0.5670995670995671,0.5324675324675324,0.5108225108225108,0.48484848484848486,0.4025974025974026,0.9393939393939394,0.05627705627705628,0.6753246753246753,0.4069264069264069,0.4458874458874459,0.35064935064935066,0.4199134199134199,0.23376623376623376,0.8658008658008658,-0.10822510822510822,0.6060606060606061,0.23376623376623376,0.4069264069264069,0.19480519480519481,0.3852813852813853,0.08658008658008658,0.7359307359307359,-0.24242424242424243,0.5281385281385281,0.03463203463203463,0.36796536796536794,0.03896103896103896,0.33766233766233766,-0.030303030303030304
3,0.0,0.0,0.2125,0.325,0.5041666666666667,0.5666666666666667,0.6791666666666667,0.7791666666666667,0.7708333333333334,1.0,0.9125,0.2375,0.7333333333333333,0.5333333333333333,0.5,0.44583333333333336,0.4583333333333333,0.3333333333333333,0.9041666666666667,0.04583333333333333,0.6833333333333333,0.3875,0.4666666666666667,0.3,0.42916666666666664,0.1875,0.8291666666666667,-0.11666666666666667,0.6166666666666667,0.21666666666666667,0.425,0.15416666666666667,0.4,0.05,0.7041666666666667,-0.25,0.5458333333333333,0.025,0.4,0.004166666666666667,0.375,-0.08333333333333333
3,0.0,0.0,0.1652892561983471,0.32231404958677684,0.4380165289256198,0.5743801652892562,0.6033057851239669,0.7851239669421488,0.6776859504132231,1.0,0.8636363636363636,0.25206611570247933,0.6900826446280992,0.5165289256198347,0.47107438016528924,0.44214876033057854,0.4380165289256198,0.34297520661157027,0.8553719008264463,0.06611570247933884,0.6198347107438017,0.38016528925619836,0.4132231404958678,0.30165289256198347,0.39669421487603307,0.18181818181818182,0.78099173553719,-0.09090909090909091,0.5578512396694215,0.2066115702479339,0.3677685950413223,0.15289256198347106,0.3677685950413223,0.049586776859504134,0.6694214876033058,-0.23553719008264462,0.5165289256198347,0.008264462809917356,0.3760330578512397,0.008264462809917356,0.359504132231405,-0.049586776859504134
3,0.0,0.0,0.15510204081632653,0.31020408163265306,0.39591836734693875,0.5795918367346938,0.5306122448979592,0.8040816326530612,0.6163265306122448,1.0,0.8448979591836735,0.27346938775510204,0.6857142857142857,0.5061224489795918,0.46938775510204084,0.4448979591836735,0.43673469387755104,0.35918367346938773,0.8489795918367347,0.08571428571428572,0.6285714285714286,0.37142857142857144,0.4122448979591837,0.3020408163265306,0.40408163265306124,0.2,0.7877551020408163,-0.08163265306122448,0.5755102040816327,0.19591836734693877,0.3836734693877551,0.14285714285714285,0.39591836734693875,0.044897959183673466,0.689795918367347,-0.23673469387755103,0.5428571428571428,0.00816326530612245,0.4,-0.004081632653061225,0.4,-0.07755102040816327
3,0.0,0.0,0.1214574898785425,0.32793522267206476,0.3117408906882591,0.5991902834008097,0.4251012145748988,0.8178137651821862,0.4898785425101215,1.0,0.7894736842105263,0.31983805668016196,0.5789473684210527,0.5465587044534413,0.3967611336032389,0.46558704453441296,0.41295546558704455,0.3684210526315789,0.8016194331983806,0.13360323886639677,0.5303643724696356,0.39271255060728744,0.3522267206477733,0.32793522267206476,0.3724696356275304,0.2388663967611336,0.7530364372469636,-0.032388663967611336,0.4939271255060729,0.22267206477732793,0.32793522267206476,0.18218623481781376,0.3562753036437247,0.0931174089068826,0.6639676113360324,-0.17813765182186234,0.46963562753036436,0.044534412955465584,0.32793522267206476,0.032388663967611336,0.32388663967611336,-0.04048582995951417
3,0.0,0.0,0.12598425196850394,0.3228346456692913,0.31496062992125984,0.594488188976378,0.4251968503937008,0.8149606299212598,0.4921259842519685,1.0,0.7874015748031497,0.32677165354330706,0.5787401574803149,0.5511811023622047,0.40551181102362205,0.47244094488188976,0.4330708661417323,0.3779527559055118,0.7992125984251969,0.14960629921259844,0.531496062992126,0.4094488188976378,0.35826771653543305,0.3425196850393701,0.3858267716535433,0.2559055118110236,0.7480314960629921,-0.011811023622047244,0.49606299212598426,0.23622047244094488,0.3346456692913386,0.1968503937007874,0.3661417322834646,0.11023622047244094,0.6614173228346457,-0.14960629921259844,0.484251968503937,0.06299212598425197,0.3464566929133858,0.03937007874015748,0.35039370078740156,-0.03543307086614173
3,0.0,0.0,0.1016260162601626,0.32113821138211385,0.2845528455284553,0.5894308943089431,0.3983739837398374,0.8089430894308943,0.44308943089430897,1.0,0.7845528455284553,0.32926829268292684,0.5853658536585366,0.516260162601626,0.4146341463414634,0.45528455284552843,0.4024390243902439,0.37398373983739835,0.7845528455284553,0.13821138211382114,0.524390243902439,0.3617886178861789,0.35772357723577236,0.3048780487804878,0.34959349593495936,0.22357723577235772,0.7235772357723578,-0.032520325203252036,0.4715447154471545,0.18699186991869918,0.3170731707317073,0.15040650406504066,0.3130081300813008,0.07723577235772358,0.6219512195121951,-0.18292682926829268,0.45121951219512196,-0.0040650406504065045,0.32113821138211385,-0.0040650406504065045,0.3048780487804878,-0.04878048780487805
3,0.0,0.0,0.15416666666666667,0.325,0.37916666666666665,0.5833333333333334,0.5041666666666667,0.7958333333333333,0.5541666666666667,1.0,0.8708333333333333,0.3,0.7833333333333333,0.49166666666666664,0.5708333333333333,0.4666666666666667,0.49166666666666664,0.4125,0.8583333333333333,0.10833333333333334,0.6791666666666667,0.35833333333333334,0.48333333333333334,0.35833333333333334,0.43333333333333335,0.30416666666666664,0.7708333333333334,-0.058333333333333334,0.5625,0.21666666666666667,0.3958333333333333,0.2,0.3625,0.125,0.6458333333333334,-0.2,0.48333333333333334,0.0375,0.35,0.0375,0.32083333333333336,-0.029166666666666667
3,0.0,0.0,0.18376068376068377,0.32905982905982906,0.4658119658119658,0.5854700854700855,0.6324786324786325,0.8034188034188035,0.7478632478632479,1.0,0.9188034188034188,0.2863247863247863,0.7564102564102564,0.6068376068376068,0.5555555555555556,0.5256410256410257,0.5427350427350427,0.41452991452991456,0.8931623931623932,0.10256410256410256,0.6495726495726496,0.46153846153846156,0.4700854700854701,0.3974358974358974,0.4700854700854701,0.29914529914529914,0.7948717948717948,-0.05128205128205128,0.5470085470085471,0.29914529914529914,0.3803418803418803,0.24786324786324787,0.3888888888888889,0.1452991452991453,0.6538461538461539,-0.16666666666666666,0.4700854700854701,0.13247863247863248,0.34615384615384615,0.10256410256410256,0.34615384615384615,0.004273504273504274
3,0.0,0.0,0.19383259911894274,0.3039647577092511,0.4889867841409692,0.5594713656387665,0.6740088105726872,0.788546255506608,0.8061674008810573,1.0,0.933920704845815,0.2511013215859031,0.748898678414097,0.6123348017621145,0.5242290748898678,0.5154185022026432,0.5066079295154186,0.3920704845814978,0.9074889867841409,0.06607929515418502,0.6431718061674009,0.4669603524229075,0.44493392070484583,0.3656387665198238,0.44493392070484583,0.2422907488986784,0.8061674008810573,-0.09691629955947137,0.5550660792951542,0.28193832599118945,0.3788546255506608,0.20704845814977973,0.3832599118942731,0.09251101321585903,0.6519823788546255,-0.22026431718061673,0.4669603524229075,0.08370044052863436,0.3303964757709251,0.039647577092511016,0.33480176211453744,-0.06607929515418502
3,0.0,0.0,0.1939655172413793,0.31896551724137934,0.4698275862068966,0.5775862068965517,0.646551724137931,0.7974137931034483,0.7629310344827587,1.0,0.9137931034482759,0.24568965517241378,0.7241379310344828,0.5689655172413793,0.5,0.5,0.4482758620689655,0.3922413793103448,0.8836206896551724,0.0603448275862069,0.6379310344827587,0.4224137931034483,0.4267241379310345,0.34913793103448276,0.38362068965517243,0.23275862068965517,0.7887931034482759,-0.09051724137931035,0.5689655172413793,0.2543103448275862,0.38362068965517243,0.2025862068965517,0.34913793103448276,0.09913793103448276,0.646551724137931,-0.21120689655172414,0.49137931034482757,0.07327586206896551,0.3448275862068966,0.06465517241379311,0.3103448275862069,-0.008620689655172414
3,0.0,0.0,0.13709677419354838,0.3185483870967742,0.36693548387096775,0.5806451612903226,0.5161290322580645,0.7983870967741935,0.592741935483871,1.0,0.8266129032258065,0.28225806451612906,0.6653225806451613,0.5040322580645161,0.4637096774193548,0.43548387096774194,0.4596774193548387,0.3387096774193548,0.8266129032258065,0.10080645161290322,0.6169354838709677,0.3588709677419355,0.4153225806451613,0.3024193548387097,0.41935483870967744,0.21370967741935484,0.7661290322580645,-0.06048387096774194,0.5645161290322581,0.1814516129032258,0.3790322580645161,0.14919354838709678,0.3790322580645161,0.07258064516129033,0.6693548387096774,-0.1975806451612903,0.5362903225806451,0.004032258064516129,0.3870967741935484,-0.004032258064516129,0.36693548387096775,-0.06451612903225806
3,0.0,0.0,0.11904761904761904,0.31746031746031744,0.3333333333333333,0.5952380952380952,0.4722222222222222,0.8095238095238095,0.5476190476190477,1.0,0.7817460317460317,0.3412698412698413,0.6309523809523809,0.5357142857142857,0.42857142857142855,0.42063492063492064,0.40476190476190477,0.3253968253968254,0.8253968253968254,0.15873015873015872,0.6190476190476191,0.39285714285714285,0.4087301587301587,0.2896825396825397,0.4007936507936508,0.21031746031746032,0.7976190476190477,-0.007936507936507936,0.5873015873015873,0.19444444444444445,0.39285714285714285,0.12698412698412698,0.40476190476190477,0.05952380952380952,0.7301587301587301,-0.15873015873015872,0.5714285714285714,-0.003968253968253968,0.42857142857142855,-0.01984126984126984,0.42857142857142855,-0.06349206349206349
3,0.0,0.0,0.10505836575875487,0.311284046692607,0.311284046692607,0.5875486381322957,0.4474708171206226,0.8054474708171206,0.5097276264591439,1.0,0.7354085603112841,0.36964980544747084,0.6147859922178989,0.5486381322957199,0.41245136186770426,0.43190661478599224,0.3735408560311284,0.3463035019455253,0.7898832684824902,0.19066147859922178,0.5992217898832685,0.3968871595330739,0.3852140077821012,0.28793774319066145,0.38132295719844356,0.2140077821011673,0.77431906614786,0.019455252918287938,0.5680933852140078,0.20622568093385213,0.38132295719844356,0.12840466926070038,0.39299610894941633,0.0622568093385214,0.7159533073929961,-0.14007782101167315,0.5680933852140078,0.007782101167315175,0.42412451361867703,-0.011673151750972763,0.42412451361867703,-0.05058365758754864
3,0.0,0.0,0.08812260536398467,0.3103448275862069,0.27586206896551724,0.5862068965517241,0.41379310344827586,0.8045977011494253,0.47509578544061304,1.0,0.7318007662835249,0.3716475095785441,0.6015325670498084,0.5670498084291188,0.40229885057471265,0.44061302681992337,0.3793103448275862,0.3486590038314176,0.7816091954022989,0.19923371647509577,0.5900383141762452,0.41762452107279696,0.3831417624521073,0.30268199233716475,0.3946360153256705,0.2222222222222222,0.7662835249042146,0.03065134099616858,0.5632183908045977,0.2260536398467433,0.37547892720306514,0.14559386973180077,0.40229885057471265,0.07279693486590039,0.7049808429118773,-0.12260536398467432,0.5632183908045977,0.02681992337164751,0.421455938697318,0.011494252873563218,0.42528735632183906,-0.03065134099616858
3,0.0,0.0,0.04814814814814815,0.3,0.2037037037037037,0.6,0.3111111111111111,0.8148148148148148,0.35555555555555557,1.0,0.6666666666666666,0.42592592592592593,0.5518518518518518,0.5666666666666667,0.37407407407407406,0.4444444444444444,0.34814814814814815,0.362962962962963,0.7333333333333333,0.26666666666666666,0.5518518518518518,0.4111111111111111,0.34814814814814815,0.2962962962962963,0.35555555555555557,0.22592592592592592,0.7333333333333333,0.1037037037037037,0.5555555555555556,0.23333333333333334,0.36666666666666664,0.15185185185185185,0.37777777777777777,0.1,0.6962962962962963,-0.05555555555555555,0.5703703703703704,0.05555555555555555,0.42592592592592593,0.025925925925925925,0.42592592592592593,-0.011111111111111112
3,0.0,0.0,0.0599250936329588,0.30711610486891383,0.20599250936329588,0.599250936329588,0.3295880149812734,0.8089887640449438,0.3782771535580524,1.0,0.6891385767790262,0.4307116104868914,0.5543071161048689,0.5805243445692884,0.3782771535580524,0.449438202247191,0.35580524344569286,0.3595505617977528,0.7640449438202247,0.26217228464419473,0.5655430711610487,0.41947565543071164,0.36704119850187267,0.30711610486891383,0.3707865168539326,0.2397003745318352,0.7602996254681648,0.09737827715355805,0.5617977528089888,0.24344569288389514,0.38202247191011235,0.15730337078651685,0.3970037453183521,0.09737827715355805,0.7153558052434457,-0.06367041198501873,0.5805243445692884,0.06367041198501873,0.43820224719101125,0.04119850187265917,0.43820224719101125,0.0
3,0.0,0.0,0.09885931558935361,0.3155893536121673,0.26996197718631176,0.596958174904943,0.3916349809885932,0.8060836501901141,0.44866920152091255,1.0,0.7224334600760456,0.39923954372623577,0.596958174904943,0.5855513307984791,0.4144486692015209,0.4600760456273764,0.3688212927756654,0.3650190114068441,0.7870722433460076,0.23193916349809887,0.596958174904943,0.42585551330798477,0.39543726235741444,0.3193916349809886,0.3726235741444867,0.24334600760456274,0.7756653992395437,0.06844106463878327,0.5855513307984791,0.24714828897338403,0.39543726235741444,0.17110266159695817,0.3840304182509506,0.10266159695817491,0.7186311787072244,-0.08745247148288973,0.5893536121673004,0.053231939163498096,0.4372623574144487,0.030418250950570342,0.4144486692015209,-0.011406844106463879
3,0.0,0.0,0.11553784860557768,0.3147410358565737,0.33067729083665337,0.5896414342629482,0.46613545816733065,0.796812749003984,0.5179282868525896,1.0,0.8207171314741036,0.3386454183266932,0.6334661354581673,0.5776892430278885,0.44223107569721115,0.46613545816733065,0.44223107569721115,0.36254980079681276,0.848605577689243,0.1593625498007968,0.601593625498008,0.4342629482071713,0.4103585657370518,0.3426294820717131,0.41832669322709165,0.24701195219123506,0.8007968127490039,-0.00398406374501992,0.5657370517928287,0.2549800796812749,0.3904382470119522,0.19123505976095617,0.40239043824701193,0.10756972111553785,0.7131474103585658,-0.14741035856573706,0.549800796812749,0.05976095617529881,0.4103585657370518,0.04780876494023904,0.40239043824701193,-0.01195219123505976
3,0.0,0.0,0.17372881355932204,0.3347457627118644,0.4449152542372881,0.597457627118644,0.6059322033898306,0.8050847457627118,0.6822033898305084,1.0,0.9067796610169492,0.2838983050847458,0.7584745762711864,0.5635593220338984,0.5423728813559322,0.4745762711864407,0.5,0.3728813559322034,0.902542372881356,0.09745762711864407,0.690677966101695,0.4279661016949153,0.4788135593220339,0.3474576271186441,0.4406779661016949,0.25,0.8305084745762712,-0.05508474576271186,0.6059322033898306,0.2584745762711864,0.4194915254237288,0.19915254237288135,0.4025423728813559,0.1059322033898305,0.7161016949152542,-0.18220338983050846,0.5550847457627118,0.08050847457627118,0.4110169491525424,0.05084745762711865,0.3983050847457627,-0.029661016949152543
3,0.0,0.0,0.1902654867256637,0.3230088495575221,0.4911504424778761,0.5796460176991151,0.668141592920354,0.7920353982300885,0.7610619469026548,1.0,0.9513274336283186,0.24778761061946902,0.7876106194690266,0.5619469026548672,0.5707964601769911,0.4690265486725664,0.5707964601769911,0.3495575221238938,0.9292035398230089,0.061946902654867256,0.6946902654867256,0.4247787610619469,0.48672566371681414,0.3407079646017699,0.4911504424778761,0.2345132743362832,0.8362831858407079,-0.09292035398230089,0.5929203539823009,0.252212389380531,0.41150442477876104,0.1902654867256637,0.4336283185840708,0.09734513274336283,0.7035398230088495,-0.21238938053097345,0.5265486725663717,0.07079646017699115,0.3938053097345133,0.04424778761061947,0.4026548672566372,-0.04424778761061947
3,0.0,0.0,0.19282511210762332,0.3183856502242152,0.4798206278026906,0.5829596412556054,0.6547085201793722,0.8026905829596412,0.7713004484304933,1.0,0.9551569506726457,0.24663677130044842,0.7937219730941704,0.5739910313901345,0.5829596412556054,0.47533632286995514,0.5829596412556054,0.3542600896860987,0.9282511210762332,0.053811659192825115,0.6905829596412556,0.4349775784753363,0.49327354260089684,0.3452914798206278,0.5067264573991032,0.23318385650224216,0.8295964125560538,-0.09865470852017937,0.5874439461883408,0.2645739910313901,0.4170403587443946,0.19730941704035873,0.4349775784753363,0.09865470852017937,0.6860986547085202,-0.21524663677130046,0.515695067264574,0.08968609865470852,0.3901345291479821,0.053811659192825115,0.3991031390134529,-0.04484304932735426
3,0.0,0.0,0.1645021645021645,0.31601731601731603,0.42424242424242425,0.5844155844155844,0.5714285714285714,0.8051948051948052,0.658008658008658,1.0,0.8961038961038961,0.2683982683982684,0.7835497835497836,0.5627705627705628,0.5627705627705628,0.5021645021645021,0.5238095238095238,0.41125541125541126,0.8831168831168831,0.07792207792207792,0.6623376623376623,0.42424242424242425,0.45454545454545453,0.354978354978355,0.4329004329004329,0.2554112554112554,0.8008658008658008,-0.07792207792207792,0.5627705627705628,0.2510822510822511,0.38961038961038963,0.19480519480519481,0.3852813852813853,0.09523809523809523,0.6753246753246753,-0.2077922077922078,0.49783549783549785,0.06493506493506493,0.36363636363636365,0.03896103896103896,0.3593073593073593,-0.05194805194805195
3,0.0,0.0,0.0823045267489712,0.30864197530864196,0.2551440329218107,0.5802469135802469,0.35390946502057613,0.8065843621399177,0.4074074074074074,1.0,0.7530864197530864,0.3333333333333333,0.6255144032921811,0.5102880658436214,0.41975308641975306,0.46502057613168724,0.39094650205761317,0.4074074074074074,0.7695473251028807,0.13991769547325103,0.5267489711934157,0.3662551440329218,0.32510288065843623,0.3168724279835391,0.32098765432098764,0.24279835390946503,0.7160493827160493,-0.037037037037037035,0.46502057613168724,0.18930041152263374,0.2880658436213992,0.1522633744855967,0.2962962962962963,0.0823045267489712,0.6255144032921811,-0.1934156378600823,0.448559670781893,-0.00411522633744856,0.30864197530864196,0.0,0.3004115226337449,-0.0411522633744856
3,0.0,0.0,0.078125,0.31640625,0.25390625,0.59375,0.3515625,0.8046875,0.39453125,1.0,0.74609375,0.359375,0.60546875,0.55078125,0.3984375,0.48046875,0.39453125,0.41015625,0.7734375,0.171875,0.50390625,0.40234375,0.3046875,0.33203125,0.33203125,0.25,0.73046875,0.00390625,0.453125,0.22265625,0.28125,0.171875,0.32421875,0.09375,0.6484375,-0.14453125,0.44140625,0.0390625,0.30859375,0.015625,0.32421875,-0.0546875
3,0.0,0.0,0.07392996108949416,0.3151750972762646,0.2529182879377432,0.5914396887159533,0.35019455252918286,0.8054474708171206,0.38910505836575876,1.0,0.7237354085603113,0.36964980544747084,0.5914396887159533,0.5486381322957199,0.38910505836575876,0.4785992217898833,0.3852140077821012,0.41245136186770426,0.7587548638132295,0.1828793774319066,0.490272373540856,0.39299610894941633,0.2918287937743191,0.31906614785992216,0.3229571984435798,0.24124513618677043,0.7198443579766537,0.011673151750972763,0.4474708171206226,0.2178988326848249,0.2840466926070039,0.15953307392996108,0.3229571984435798,0.08949416342412451,0.642023346303502,-0.13618677042801555,0.4357976653696498,0.038910505836575876,0.30739299610894943,0.011673151750972763,0.3229571984435798,-0.054474708171206226
3,0.0,0.0,0.07604562737642585,0.3231939163498099,0.25475285171102663,0.6007604562737643,0.35361216730038025,0.8022813688212928,0.38783269961977185,1.0,0.6996197718631179,0.4068441064638783,0.5019011406844106,0.5703422053231939,0.33079847908745247,0.46387832699619774,0.34600760456273766,0.38783269961977185,0.7414448669201521,0.22433460076045628,0.4600760456273764,0.41825095057034223,0.2889733840304182,0.3269961977186312,0.3231939163498099,0.2509505703422053,0.714828897338403,0.057034220532319393,0.44106463878326996,0.23954372623574144,0.2889733840304182,0.17490494296577946,0.33840304182509506,0.11026615969581749,0.6463878326996197,-0.09125475285171103,0.4372623574144487,0.057034220532319393,0.3155893536121673,0.03802281368821293,0.34220532319391633,-0.015209125475285171
3,0.0,0.0,0.17012448132780084,0.31950207468879666,0.42738589211618255,0.5892116182572614,0.5809128630705395,0.8091286307053942,0.6763485477178424,1.0,0.9087136929460581,0.3029045643153527,0.7551867219917012,0.5767634854771784,0.5103734439834025,0.4896265560165975,0.44398340248962653,0.38589211618257263,0.8962655601659751,0.1078838174273859,0.6431535269709544,0.42323651452282157,0.42738589211618255,0.3360995850622407,0.3941908713692946,0.22406639004149378,0.8091286307053942,-0.05394190871369295,0.5560165975103735,0.2572614107883817,0.37344398340248963,0.1908713692946058,0.36099585062240663,0.08298755186721991,0.6804979253112033,-0.1825726141078838,0.4896265560165975,0.08298755186721991,0.34854771784232363,0.04149377593360996,0.34024896265560167,-0.058091286307053944
3,0.0,0.0,0.1939655172413793,0.3232758620689655,0.4827586206896552,0.5862068965517241,0.6594827586206896,0.8060344827586207,0.7758620689655172,1.0,0.9482758620689655,0.2629310344827586,0.8017241379310345,0.5905172413793104,0.5560344827586207,0.5129310344827587,0.5,0.4051724137931034,0.9267241379310345,0.07327586206896551,0.6810344827586207,0.4525862068965517,0.45689655172413796,0.3706896551724138,0.4224137931034483,0.25862068965517243,0.8362068965517241,-0.08620689655172414,0.5862068965517241,0.2801724137931034,0.40086206896551724,0.20689655172413793,0.3879310344827586,0.09913793103448276,0.7025862068965517,-0.20689655172413793,0.5172413793103449,0.09482758620689655,0.3793103448275862,0.05603448275862069,0.3620689655172414,-0.04741379310344827
3,0.0,0.0,0.1888412017167382,0.3218884120171674,0.4892703862660944,0.5879828326180258,0.6781115879828327,0.7982832618025751,0.7982832618025751,1.0,0.944206008583691,0.2575107296137339,0.7811158798283262,0.592274678111588,0.5579399141630901,0.49356223175965663,0.5407725321888412,0.37339055793991416,0.9227467811158798,0.06866952789699571,0.6866952789699571,0.463519313304721,0.48068669527896996,0.3605150214592275,0.47639484978540775,0.2446351931330472,0.8326180257510729,-0.09012875536480687,0.6008583690987125,0.2875536480686695,0.4248927038626609,0.20600858369098712,0.43776824034334766,0.09871244635193133,0.6995708154506438,-0.2145922746781116,0.5321888412017167,0.09871244635193133,0.4034334763948498,0.05150214592274678,0.41630901287553645,-0.05150214592274678
3,0.0,0.0,0.1939655172413793,0.3275862068965517,0.4956896551724138,0.5862068965517241,0.6810344827586207,0.8017241379310345,0.8060344827586207,1.0,0.9482758620689655,0.2629310344827586,0.7758620689655172,0.5948275862068966,0.5474137931034483,0.5129310344827587,0.5,0.4051724137931034,0.9310344827586207,0.06896551724137931,0.6810344827586207,0.4525862068965517,0.46120689655172414,0.3620689655172414,0.4353448275862069,0.24568965517241378,0.8448275862068966,-0.09482758620689655,0.5948275862068966,0.27155172413793105,0.40948275862068967,0.19827586206896552,0.40086206896551724,0.08620689655172414,0.7112068965517241,-0.22413793103448276,0.5258620689655172,0.07758620689655173,0.3879310344827586,0.04310344827586207,0.38362068965517243,-0.0603448275862069
3,0.0,0.0,0.2076271186440678,0.326271186440678,0.4830508474576271,0.5932203389830508,0.6567796610169492,0.809322033898305,0.7838983050847458,1.0,0.923728813559322,0.2457627118644068,0.75,0.6016949152542372,0.5211864406779662,0.5169491525423728,0.4661016949152542,0.3983050847457627,0.9152542372881356,0.0635593220338983,0.6822033898305084,0.4533898305084746,0.461864406779661,0.3644067796610169,0.4152542372881356,0.2457627118644068,0.8347457627118644,-0.09322033898305085,0.614406779661017,0.2754237288135593,0.4194915254237288,0.2076271186440678,0.3898305084745763,0.1016949152542373,0.7033898305084746,-0.2076271186440678,0.5423728813559322,0.07627118644067797,0.3940677966101695,0.059322033898305086,0.3686440677966102,-0.029661016949152543
3,0.0,0.0,0.12156862745098039,0.3176470588235294,0.3333333333333333,0.5882352941176471,0.4588235294117647,0.803921568627451,0.5176470588235295,1.0,0.8,0.3215686274509804,0.6470588235294118,0.5529411764705883,0.44313725490196076,0.4588235294117647,0.43529411764705883,0.3686274509803922,0.8235294117647058,0.1411764705882353,0.596078431372549,0.4117647058823529,0.3803921568627451,0.3215686274509804,0.3843137254901961,0.2235294117647059,0.7803921568627451,-0.023529411764705882,0.5529411764705883,0.23529411764705882,0.36470588235294116,0.17647058823529413,0.3843137254901961,0.08627450980392157,0.6941176470588235,-0.16470588235294117,0.5333333333333333,0.050980392156862744,0.396078431372549,0.0392156862745098,0.403921568627451,-0.027450980392156862
3,0.0,0.0,0.09433962264150944,0.32075471698113206,0.2830188679245283,0.6,0.3849056603773585,0.8113207547169812,0.43018867924528303,1.0,0.7584905660377359,0.35471698113207545,0.5811320754716981,0.5622641509433962,0.3886792452830189,0.46037735849056605,0.3849056603773585,0.38113207547169814,0.7811320754716982,0.18490566037735848,0.5471698113207547,0.4339622641509434,0.3471698113207547,0.3320754716981132,0.35471698113207545,0.24150943396226415,0.7471698113207547,0.022641509433962263,0.5207547169811321,0.2490566037735849,0.3433962264150943,0.17735849056603772,0.36981132075471695,0.1018867924528302,0.6716981132075471,-0.12075471698113208,0.5132075471698113,0.06792452830188679,0.37735849056603776,0.04150943396226415,0.3849056603773585,-0.026415094339622643
3,0.0,0.0,0.07777777777777778,0.32222222222222224,0.24444444444444444,0.5962962962962963,0.34444444444444444,0.8074074074074075,0.3888888888888889,1.0,0.7296296296296296,0.3851851851851852,0.5407407407407407,0.5851851851851851,0.3592592592592593,0.46296296296296297,0.362962962962963,0.362962962962963,0.7666666666666667,0.21851851851851853,0.5259259259259259,0.4444444444444444,0.34444444444444444,0.3333333333333333,0.35185185185185186,0.24074074074074073,0.7444444444444445,0.06296296296296296,0.5111111111111111,0.26666666666666666,0.337037037037037,0.18518518518518517,0.35555555555555557,0.10740740740740741,0.6814814814814815,-0.07407407407407407,0.5148148148148148,0.08148148148148149,0.37777777777777777,0.05555555555555555,0.37777777777777777,0.007407407407407408
3,0.0,0.0,0.11627906976744186,0.32170542635658916,0.28294573643410853,0.5930232558139535,0.40310077519379844,0.8062015503875969,0.4689922480620155,1.0,0.7751937984496124,0.37209302325581395,0.6007751937984496,0.5891472868217055,0.4108527131782946,0.4806201550387597,0.3798449612403101,0.375968992248062,0.8178294573643411,0.2054263565891473,0.5891472868217055,0.4418604651162791,0.3953488372093023,0.3372093023255814,0.35658914728682173,0.2364341085271318,0.7984496124031008,0.04263565891472868,0.562015503875969,0.2558139534883721,0.38372093023255816,0.1821705426356589,0.35658914728682173,0.10077519379844961,0.7286821705426356,-0.10465116279069768,0.5581395348837209,0.06201550387596899,0.41472868217054265,0.04263565891472868,0.3875968992248062,-0.007751937984496124
3,0.0,0.0,0.1867704280155642,0.35797665369649806,0.4085603112840467,0.6147859922178989,0.5408560311284046,0.8249027237354085,0.622568093385214,1.0,0.8093385214007782,0.33852140077821014,0.6770428015564203,0.5797665369649806,0.47470817120622566,0.48249027237354086,0.42412451361867703,0.3852140077821012,0.8521400778210116,0.17509727626459143,0.6809338521400778,0.4474708171206226,0.4669260700389105,0.35019455252918286,0.41245136186770426,0.25680933852140075,0.8287937743190662,0.023346303501945526,0.6575875486381323,0.2840466926070039,0.4591439688715953,0.2140077821011673,0.41245136186770426,0.1245136186770428,0.7509727626459144,-0.11673151750972763,0.6342412451361867,0.0933852140077821,0.48638132295719844,0.07392996108949416,0.45136186770428016,0.011673151750972763
3,0.0,0.0,0.13793103448275862,0.32567049808429116,0.36015325670498083,0.5977011494252874,0.5057471264367817,0.8122605363984674,0.6015325670498084,1.0,0.7931034482758621,0.3333333333333333,0.6551724137931034,0.6168582375478927,0.4482758620689655,0.5134099616858238,0.4329501915708812,0.4099616858237548,0.8237547892720306,0.1724137931034483,0.6283524904214559,0.47509578544061304,0.4061302681992337,0.36015325670498083,0.41762452107279696,0.26053639846743293,0.7854406130268199,0.02681992337164751,0.6053639846743295,0.31417624521072796,0.40229885057471265,0.2260536398467433,0.41379310344827586,0.13026819923371646,0.7011494252873564,-0.09961685823754789,0.5823754789272031,0.13793103448275862,0.4329501915708812,0.09195402298850575,0.42528735632183906,0.007662835249042145
3,0.0,0.0,0.14785992217898833,0.33073929961089493,0.36964980544747084,0.603112840466926,0.5097276264591439,0.8132295719844358,0.5914396887159533,1.0,0.8054474708171206,0.3424124513618677,0.6536964980544747,0.6186770428015564,0.44357976653696496,0.5136186770428015,0.4280155642023346,0.4085603112840467,0.8365758754863813,0.17898832684824903,0.6186770428015564,0.48638132295719844,0.40077821011673154,0.3657587548638132,0.4046692607003891,0.25680933852140075,0.8015564202334631,0.0311284046692607,0.5953307392996109,0.3151750972762646,0.3968871595330739,0.22568093385214008,0.4085603112840467,0.13229571984435798,0.7198443579766537,-0.10505836575875487,0.5797665369649806,0.1245136186770428,0.4357976653696498,0.08949416342412451,0.43190661478599224,0.011673151750972763
3,0.0,0.0,0.10266159695817491,0.3155893536121673,0.2813688212927757,0.5931558935361216,0.38783269961977185,0.8136882129277566,0.4372623574144487,1.0,0.7376425855513308,0.35361216730038025,0.6083650190114068,0.5817490494296578,0.41064638783269963,0.4828897338403042,0.376425855513308,0.39543726235741444,0.7832699619771863,0.19011406844106463,0.5855513307984791,0.44866920152091255,0.3650190114068441,0.33840304182509506,0.34980988593155893,0.24334600760456274,0.7680608365019012,0.034220532319391636,0.5741444866920152,0.2889733840304182,0.3726235741444867,0.19771863117870722,0.3726235741444867,0.11026615969581749,0.7110266159695817,-0.11026615969581749,0.5779467680608364,0.10646387832699619,0.42585551330798477,0.07604562737642585,0.41825095057034223,0.0076045627376425855
3,0.0,0.0,0.07857142857142857,0.3107142857142857,0.22857142857142856,0.5964285714285714,0.31785714285714284,0.8178571428571428,0.36428571428571427,1.0,0.675,0.4,0.5321428571428571,0.5714285714285714,0.35,0.45714285714285713,0.3464285714285714,0.37142857142857144,0.7321428571428571,0.24642857142857144,0.5321428571428571,0.43214285714285716,0.3392857142857143,0.325,0.35,0.24285714285714285,0.725,0.1,0.5428571428571428,0.275,0.35714285714285715,0.19285714285714287,0.36428571428571427,0.12142857142857143,0.6857142857142857,-0.039285714285714285,0.5571428571428572,0.11071428571428571,0.4142857142857143,0.07142857142857142,0.4107142857142857,0.010714285714285714
3,0.0,0.0,0.05653710247349823,0.31095406360424027,0.1978798586572438,0.6007067137809188,0.3003533568904594,0.8127208480565371,0.3498233215547703,1.0,0.6431095406360424,0.4416961130742049,0.5265017667844523,0.6113074204946997,0.3568904593639576,0.48056537102473496,0.3215547703180212,0.38869257950530034,0.7173144876325088,0.29328621908127206,0.5335689045936396,0.4664310954063604,0.3462897526501767,0.3392226148409894,0.3321554770318021,0.26501766784452296,0.7279151943462897,0.14487632508833923,0.5335689045936396,0.2968197879858657,0.35335689045936397,0.1978798586572438,0.3498233215547703,0.13427561837455831,0.7067137809187279,0.0,0.5653710247349824,0.13074204946996468,0.4275618374558304,0.0812720848056537,0.42402826855123676,0.028268551236749116
3,0.0,0.0,0.06934306569343066,0.3175182481751825,0.2116788321167883,0.6058394160583942,0.32116788321167883,0.8138686131386861,0.3613138686131387,1.0,0.6678832116788321,0.4197080291970803,0.5218978102189781,0.5948905109489051,0.35036496350364965,0.45985401459854014,0.33941605839416056,0.3722627737226277,0.7372262773722628,0.2591240875912409,0.5255474452554745,0.44525547445255476,0.34306569343065696,0.32116788321167883,0.35036496350364965,0.2518248175182482,0.7372262773722628,0.10218978102189781,0.5364963503649635,0.2773722627737226,0.3686131386861314,0.18248175182481752,0.38321167883211676,0.10948905109489052,0.6934306569343066,-0.051094890510948905,0.551094890510949,0.0948905109489051,0.4197080291970803,0.05474452554744526,0.4233576642335766,0.0
3,0.0,0.0,0.10687022900763359,0.31679389312977096,0.3053435114503817,0.5877862595419847,0.4351145038167939,0.8091603053435115,0.48854961832061067,1.0,0.7709923664122137,0.3320610687022901,0.6145038167938931,0.5572519083969466,0.4198473282442748,0.45038167938931295,0.3931297709923664,0.3511450381679389,0.8206106870229007,0.16412213740458015,0.5992366412213741,0.40458015267175573,0.4083969465648855,0.31297709923664124,0.40458015267175573,0.22519083969465647,0.7977099236641222,0.011450381679389313,0.5916030534351145,0.23282442748091603,0.41603053435114506,0.16412213740458015,0.41603053435114506,0.08778625954198473,0.7290076335877863,-0.12595419847328243,0.5877862595419847,0.05343511450381679,0.4541984732824427,0.03435114503816794,0.44274809160305345,-0.022900763358778626
3,0.0,0.0,0.12062256809338522,0.3229571984435798,0.3151750972762646,0.5992217898832685,0.4474708171206226,0.8093385214007782,0.5019455252918288,1.0,0.7665369649805448,0.35019455252918286,0.6070038910505836,0.5603112840466926,0.4085603112840467,0.44357976653696496,0.3968871595330739,0.3463035019455253,0.8054474708171206,0.19066147859922178,0.5953307392996109,0.42023346303501946,0.39299610894941633,0.311284046692607,0.40077821011673154,0.22957198443579765,0.7821011673151751,0.038910505836575876,0.5758754863813229,0.245136186770428,0.3968871595330739,0.16342412451361868,0.41245136186770426,0.08171206225680934,0.7198443579766537,-0.10505836575875487,0.5758754863813229,0.0622568093385214,0.4396887159533074,0.027237354085603113,0.44357976653696496,-0.0311284046692607
3,0.0,0.0,0.13445378151260504,0.3277310924369748,0.35714285714285715,0.6008403361344538,0.5042016806722689,0.8109243697478992,0.5714285714285714,1.0,0.8067226890756303,0.3235294117647059,0.6512605042016807,0.5504201680672269,0.4411764705882353,0.4327731092436975,0.4327731092436975,0.33613445378151263,0.8445378151260504,0.14285714285714285,0.634453781512605,0.3949579831932773,0.41596638655462187,0.28991596638655465,0.42857142857142855,0.20168067226890757,0.8109243697478992,-0.03361344537815126,0.6176470588235294,0.20168067226890757,0.4117647058823529,0.13025210084033614,0.42857142857142855,0.046218487394957986,0.7310924369747899,-0.19747899159663865,0.5966386554621849,-0.004201680672268907,0.44537815126050423,-0.02100840336134454,0.44537815126050423,-0.08403361344537816
3,0.0,0.0,0.18410041841004185,0.32217573221757323,0.4309623430962343,0.5899581589958159,0.5732217573221757,0.8075313807531381,0.6527196652719666,1.0,0.8744769874476988,0.2803347280334728,0.698744769874477,0.5815899581589958,0.49372384937238495,0.497907949790795,0.47280334728033474,0.39748953974895396,0.8870292887029289,0.1087866108786611,0.6527196652719666,0.4351464435146444,0.45188284518828453,0.34309623430962344,0.4309623430962343,0.23430962343096234,0.8410041841004184,-0.04184100418410042,0.602510460251046,0.26359832635983266,0.41841004184100417,0.19665271966527198,0.41422594142259417,0.09205020920502092,0.7489539748953975,-0.1799163179916318,0.5774058577405857,0.07112970711297072,0.42677824267782427,0.04602510460251046,0.4100418410041841,-0.03347280334728033
3,0.0,0.0,0.15,0.30833333333333335,0.35833333333333334,0.5791666666666667,0.4791666666666667,0.8083333333333333,0.5625,1.0,0.825,0.275,0.6541666666666667,0.5541666666666667,0.45,0.49166666666666664,0.3958333333333333,0.4,0.8458333333333333,0.10416666666666667,0.625,0.4,0.4166666666666667,0.32916666666666666,0.35833333333333334,0.22916666666666666,0.8083333333333333,-0.05,0.5958333333333333,0.23333333333333334,0.4,0.18333333333333332,0.35,0.09583333333333334,0.725,-0.1875,0.5666666666666667,0.04583333333333333,0.4,0.041666666666666664,0.3458333333333333,-0.0125
3,0.0,0.0,0.11203319502074689,0.3112033195020747,0.2946058091286307,0.5850622406639004,0.3941908713692946,0.8049792531120332,0.45228215767634855,1.0,0.7883817427385892,0.34439834024896265,0.6307053941908713,0.5518672199170125,0.4107883817427386,0.4854771784232365,0.35269709543568467,0.4066390041493776,0.8091286307053942,0.14937759336099585,0.5726141078838174,0.3817427385892116,0.36099585062240663,0.31950207468879666,0.3153526970954357,0.23651452282157676,0.7676348547717843,-0.03319502074688797,0.5269709543568465,0.2033195020746888,0.3278008298755187,0.16182572614107885,0.29045643153526973,0.08713692946058091,0.6804979253112033,-0.1950207468879668,0.5186721991701245,0.012448132780082987,0.35684647302904565,0.008298755186721992,0.3112033195020747,-0.03734439834024896
3,0.0,0.0,0.0967741935483871,0.3064516129032258,0.25806451612903225,0.5846774193548387,0.3467741935483871,0.8064516129032258,0.3911290322580645,1.0,0.7661290322580645,0.3911290322580645,0.6048387096774194,0.5362903225806451,0.4112903225806452,0.4879032258064516,0.34274193548387094,0.4435483870967742,0.7903225806451613,0.1935483870967742,0.5564516129032258,0.3709677419354839,0.3629032258064516,0.33064516129032256,0.3024193548387097,0.2782258064516129,0.7540322580645161,0.008064516129032258,0.5040322580645161,0.20161290322580644,0.3225806451612903,0.1774193548387097,0.2661290322580645,0.125,0.6774193548387096,-0.15725806451612903,0.4838709677419355,0.020161290322580645,0.32661290322580644,0.028225806451612902,0.2701612903225806,0.004032258064516129
3,0.0,0.0,0.07883817427385892,0.3112033195020747,0.24481327800829875,0.5892116182572614,0.33195020746887965,0.8091286307053942,0.36929460580912865,1.0,0.7800829875518672,0.37344398340248963,0.6265560165975104,0.5186721991701245,0.42738589211618255,0.47717842323651455,0.38589211618257263,0.43568464730290457,0.8049792531120332,0.17012448132780084,0.5394190871369294,0.3651452282157676,0.35684647302904565,0.33195020746887965,0.34854771784232363,0.27800829875518673,0.7593360995850622,-0.016597510373443983,0.46887966804979253,0.1908713692946058,0.3153526970954357,0.15767634854771784,0.3278008298755187,0.0912863070539419,0.6680497925311203,-0.18672199170124482,0.44398340248962653,0.0,0.3153526970954357,-0.008298755186721992,0.31950207468879666,-0.06639004149377593
3,0.0,0.0,0.10040160642570281,0.321285140562249,0.285140562248996,0.5903614457831325,0.3815261044176707,0.8072289156626506,0.42570281124497994,1.0,0.7791164658634538,0.3654618473895582,0.6184738955823293,0.5502008032128514,0.43373493975903615,0.4939759036144578,0.40160642570281124,0.42570281124497994,0.7991967871485943,0.17670682730923695,0.5461847389558233,0.39759036144578314,0.37751004016064255,0.3534136546184739,0.357429718875502,0.28112449799196787,0.751004016064257,0.0,0.4738955823293173,0.22088353413654618,0.3253012048192771,0.18473895582329317,0.3293172690763052,0.11244979919678715,0.6546184738955824,-0.15261044176706828,0.44176706827309237,0.03614457831325301,0.321285140562249,0.024096385542168676,0.321285140562249,-0.03614457831325301
3,0.0,0.0,0.13445378151260504,0.3277310924369748,0.3277310924369748,0.5966386554621849,0.453781512605042,0.8109243697478992,0.5210084033613446,1.0,0.8067226890756303,0.38235294117647056,0.6722689075630253,0.5714285714285714,0.4495798319327731,0.5,0.36134453781512604,0.41596638655462187,0.8235294117647058,0.18487394957983194,0.5840336134453782,0.3865546218487395,0.3739495798319328,0.3235294117647059,0.3025210084033613,0.23949579831932774,0.773109243697479,0.0,0.5252100840336135,0.20588235294117646,0.3487394957983193,0.15966386554621848,0.28991596638655465,0.07983193277310924,0.6764705882352942,-0.16806722689075632,0.49159663865546216,0.008403361344537815,0.3487394957983193,0.008403361344537815,0.29831932773109243,-0.03361344537815126
3,0.0,0.0,0.15416666666666667,0.325,0.375,0.5958333333333333,0.5208333333333334,0.8,0.5958333333333333,1.0,0.8375,0.3,0.6458333333333334,0.575,0.44583333333333336,0.48333333333333334,0.4083333333333333,0.36666666666666664,0.8458333333333333,0.11666666666666667,0.6,0.42083333333333334,0.4083333333333333,0.3333333333333333,0.375,0.22083333333333333,0.7833333333333333,-0.04583333333333333,0.5541666666666667,0.24583333333333332,0.37916666666666665,0.18333333333333332,0.3541666666666667,0.09166666666666666,0.6791666666666667,-0.175,0.5083333333333333,0.058333333333333334,0.36666666666666664,0.0375,0.3375,-0.029166666666666667
3,0.0,0.0,0.14583333333333334,0.32916666666666666,0.3875,0.5958333333333333,0.5375,0.8,0.6,1.0,0.8083333333333333,0.325,0.625,0.575,0.42083333333333334,0.4666666666666667,0.4041666666666667,0.3541666666666667,0.8166666666666667,0.13333333333333333,0.5875,0.425,0.39166666666666666,0.325,0.38333333333333336,0.21666666666666667,0.7625,-0.03333333333333333,0.5375,0.2375,0.3625,0.17083333333333334,0.37083333333333335,0.075,0.6666666666666666,-0.17083333333333334,0.5041666666666667,0.058333333333333334,0.37083333333333335,0.03333333333333333,0.37083333333333335,-0.041666666666666664
3,0.0,0.0,0.10080645161290322,0.31451612903225806,0.29435483870967744,0.592741935483871,0.39919354838709675,0.8064516129032258,0.45564516129032256,1.0,0.7782258064516129,0.3629032258064516,0.5967741935483871,0.5685483870967742,0.39919354838709675,0.4637096774193548,0.40725806451612906,0.3709677419354839,0.7983870967741935,0.1774193548387097,0.5604838709677419,0.41935483870967744,0.3588709677419355,0.3185483870967742,0.38306451612903225,0.22983870967741934,0.7580645161290323,0.012096774193548387,0.5201612903225806,0.22983870967741934,0.34274193548387094,0.16532258064516128,0.375,0.08870967741935484,0.6774193548387096,-0.13709677419354838,0.5161290322580645,0.05241935483870968,0.375,0.024193548387096774,0.3870967741935484,-0.04032258064516129
3,0.0,0.0,0.07450980392156863,0.3137254901960784,0.23137254901960785,0.592156862745098,0.3176470588235294,0.8117647058823529,0.3686274509803922,1.0,0.7450980392156863,0.3803921568627451,0.5490196078431373,0.5647058823529412,0.36470588235294116,0.4745098039215686,0.36470588235294116,0.403921568627451,0.7764705882352941,0.2,0.5215686274509804,0.42745098039215684,0.3333333333333333,0.3333333333333333,0.3411764705882353,0.24705882352941178,0.7529411764705882,0.03137254901960784,0.49411764705882355,0.24313725490196078,0.3254901960784314,0.17647058823529413,0.35294117647058826,0.10196078431372549,0.6823529411764706,-0.12156862745098039,0.4980392156862745,0.06666666666666667,0.3607843137254902,0.043137254901960784,0.3607843137254902,-0.01568627450980392
3,0.0,0.0,0.057692307692307696,0.3153846153846154,0.20384615384615384,0.5923076923076923,0.28076923076923077,0.8076923076923077,0.3076923076923077,1.0,0.7230769230769231,0.39615384615384613,0.5076923076923077,0.5615384615384615,0.3230769230769231,0.4653846153846154,0.33076923076923076,0.3923076923076923,0.7653846153846153,0.21923076923076923,0.4807692307692308,0.4269230769230769,0.3,0.3346153846153846,0.3230769230769231,0.25769230769230766,0.7423076923076923,0.05,0.4653846153846154,0.24615384615384617,0.3038461538461538,0.18076923076923077,0.3384615384615385,0.11538461538461539,0.6807692307692308,-0.1,0.47692307692307695,0.07307692307692308,0.3423076923076923,0.05,0.34615384615384615,0.0
3,0.0,0.0,0.0599250936329588,0.3146067415730337,0.20599250936329588,0.5917602996254682,0.2808988764044944,0.8052434456928839,0.299625468164794,1.0,0.704119850187266,0.3857677902621723,0.46441947565543074,0.5468164794007491,0.299625468164794,0.4419475655430712,0.31835205992509363,0.36704119850187267,0.7453183520599251,0.20599250936329588,0.449438202247191,0.40823970037453183,0.2846441947565543,0.31835205992509363,0.3146067415730337,0.24344569288389514,0.7153558052434457,0.04119850187265917,0.43820224719101125,0.22846441947565543,0.2883895131086142,0.17228464419475656,0.3258426966292135,0.10861423220973783,0.6479400749063671,-0.10486891385767791,0.44569288389513106,0.052434456928838954,0.31835205992509363,0.03745318352059925,0.3295880149812734,-0.011235955056179775
3,0.0,0.0,0.058394160583941604,0.32116788321167883,0.22262773722627738,0.6021897810218978,0.3102189781021898,0.8102189781021898,0.33211678832116787,1.0,0.7043795620437956,0.4197080291970803,0.4854014598540146,0.5766423357664233,0.32116788321167883,0.46715328467153283,0.3248175182481752,0.38321167883211676,0.7372262773722628,0.24452554744525548,0.45985401459854014,0.43795620437956206,0.29927007299270075,0.34306569343065696,0.3175182481751825,0.27007299270072993,0.708029197080292,0.08029197080291971,0.44525547445255476,0.26277372262773724,0.3029197080291971,0.19708029197080293,0.3357664233576642,0.13503649635036497,0.6386861313868614,-0.06569343065693431,0.44525547445255476,0.0948905109489051,0.3248175182481752,0.06934306569343066,0.3357664233576642,0.01824817518248175
3,0.0,0.0,0.07806691449814127,0.32342007434944237,0.2342007434944238,0.5910780669144982,0.31970260223048325,0.8029739776951673,0.36059479553903345,1.0,0.7286245353159851,0.3940520446096654,0.4944237918215613,0.5947955390334573,0.3271375464684015,0.483271375464684,0.34572490706319703,0.3828996282527881,0.7509293680297398,0.22304832713754646,0.4721189591078067,0.45724907063197023,0.3048327137546468,0.34944237918215615,0.3271375464684015,0.24907063197026022,0.7100371747211895,0.06319702602230483,0.44981412639405205,0.2862453531598513,0.29739776951672864,0.21189591078066913,0.3308550185873606,0.12639405204460966,0.6245353159851301,-0.08178438661710037,0.4349442379182156,0.11524163568773234,0.3159851301115242,0.07806691449814127,0.3345724907063197,0.011152416356877323
3,0.0,0.0,0.1568627450980392,0.3215686274509804,0.3803921568627451,0.5882352941176471,0.5215686274509804,0.803921568627451,0.592156862745098,1.0,0.8,0.3333333333333333,0.6705882352941176,0.5529411764705883,0.47058823529411764,0.4627450980392157,0.4235294117647059,0.3607843137254902,0.8235294117647058,0.16470588235294117,0.6274509803921569,0.40784313725490196,0.4392156862745098,0.33725490196078434,0.40784313725490196,0.23921568627450981,0.7803921568627451,0.011764705882352941,0.5803921568627451,0.2549019607843137,0.40784313725490196,0.20784313725490197,0.3764705882352941,0.12549019607843137,0.6901960784313725,-0.12156862745098039,0.5333333333333333,0.08627450980392157,0.39215686274509803,0.0784313725490196,0.3607843137254902,0.0196078431372549
3,0.0,0.0,0.132,0.308,0.356,0.58,0.5,0.804,0.58,1.0,0.816,0.304,0.636,0.544,0.444,0.456,0.444,0.348,0.84,0.148,0.596,0.408,0.408,0.324,0.424,0.22,0.8,0.004,0.58,0.252,0.4,0.188,0.408,0.092,0.716,-0.128,0.568,0.084,0.42,0.056,0.408,-0.02
3,0.0,0.0,0.13991769547325103,0.3045267489711934,0.35390946502057613,0.5843621399176955,0.49382716049382713,0.8065843621399177,0.5555555555555556,1.0,0.8065843621399177,0.35390946502057613,0.6872427983539094,0.5967078189300411,0.4773662551440329,0.5308641975308642,0.4609053497942387,0.45267489711934156,0.8436213991769548,0.1728395061728395,0.6172839506172839,0.4156378600823045,0.411522633744856,0.3333333333333333,0.43209876543209874,0.24279835390946503,0.8065843621399177,0.00411522633744856,0.5802469135802469,0.2345679012345679,0.3950617283950617,0.16872427983539096,0.411522633744856,0.0823045267489712,0.7283950617283951,-0.1522633744855967,0.5679012345679012,0.0411522633744856,0.4279835390946502,0.024691358024691357,0.41975308641975306,-0.0411522633744856
3,0.0,0.0,0.12663755458515283,0.32751091703056767,0.33624454148471616,0.6069868995633187,0.4978165938864629,0.8165938864628821,0.5938864628820961,1.0,0.8384279475982532,0.34497816593886466,0.6986899563318777,0.5240174672489083,0.48034934497816595,0.43231441048034935,0.4497816593886463,0.3406113537117904,0.8820960698689956,0.1615720524017467,0.6419213973799127,0.37554585152838427,0.42358078602620086,0.2925764192139738,0.4366812227074236,0.1965065502183406,0.8471615720524017,-0.008733624454148471,0.6157205240174672,0.1965065502183406,0.4192139737991266,0.13537117903930132,0.43231441048034935,0.05240174672489083,0.7729257641921398,-0.1703056768558952,0.5938864628820961,0.008733624454148471,0.44541484716157204,0.0,0.4410480349344978,-0.05240174672489083
3,0.0,0.0,0.11715481171548117,0.3179916317991632,0.3179916317991632,0.5899581589958159,0.4435146443514644,0.8117154811715481,0.5146443514644351,1.0,0.7531380753138075,0.34309623430962344,0.6359832635983264,0.5062761506276151,0.4351464435146444,0.4351464435146444,0.39748953974895396,0.3598326359832636,0.7949790794979079,0.1506276150627615,0.5899581589958159,0.3514644351464435,0.39330543933054396,0.28870292887029286,0.37656903765690375,0.20502092050209206,0.7740585774058577,-0.02510460251046025,0.5690376569037657,0.17154811715481172,0.38493723849372385,0.12133891213389121,0.37656903765690375,0.04602510460251046,0.7154811715481172,-0.19246861924686193,0.5564853556485355,-0.016736401673640166,0.4100418410041841,-0.02510460251046025,0.39748953974895396,-0.07531380753138076
3,0.0,0.0,0.12244897959183673,0.30612244897959184,0.3142857142857143,0.5877551020408164,0.4122448979591837,0.8204081632653061,0.4857142857142857,1.0,0.8,0.3224489795918367,0.6857142857142857,0.5510204081632653,0.4775510204081633,0.563265306122449,0.4857142857142857,0.5428571428571428,0.8408163265306122,0.13877551020408163,0.5959183673469388,0.3836734693877551,0.37551020408163266,0.3469387755102041,0.4448979591836735,0.2653061224489796,0.8081632653061225,-0.036734693877551024,0.563265306122449,0.2,0.3510204081632653,0.17142857142857143,0.40408163265306124,0.08979591836734693,0.7306122448979592,-0.19591836734693877,0.5591836734693878,0.00816326530612245,0.39591836734693875,0.012244897959183673,0.4,-0.061224489795918366
3,0.0,0.0,0.08171206225680934,0.3151750972762646,0.2607003891050584,0.5914396887159533,0.35797665369649806,0.8093385214007782,0.40077821011673154,1.0,0.7665369649805448,0.35019455252918286,0.5525291828793775,0.5680933852140078,0.3657587548638132,0.4708171206225681,0.4046692607003891,0.38132295719844356,0.7976653696498055,0.17120622568093385,0.5330739299610895,0.42412451361867703,0.33852140077821014,0.3424124513618677,0.39299610894941633,0.2529182879377432,0.7665369649805448,0.0038910505836575876,0.5175097276264592,0.23735408560311283,0.3346303501945525,0.19066147859922178,0.38132295719844356,0.10894941634241245,0.6926070038910506,-0.14785992217898833,0.5214007782101168,0.054474708171206226,0.36964980544747084,0.042801556420233464,0.377431906614786,-0.023346303501945526
3,0.0,0.0,0.07194244604316546,0.32014388489208634,0.2302158273381295,0.5971223021582733,0.3129496402877698,0.8165467625899281,0.35611510791366907,1.0,0.7122302158273381,0.38489208633093525,0.5107913669064749,0.5863309352517986,0.3381294964028777,0.4784172661870504,0.34532374100719426,0.38848920863309355,0.7482014388489209,0.22302158273381295,0.5035971223021583,0.4568345323741007,0.32014388489208634,0.35251798561151076,0.3381294964028777,0.26258992805755393,0.7194244604316546,0.07194244604316546,0.4892086330935252,0.28776978417266186,0.3273381294964029,0.2158273381294964,0.3597122302158273,0.1366906474820144,0.6510791366906474,-0.0683453237410072,0.48201438848920863,0.11151079136690648,0.35251798561151076,0.07913669064748201,0.3669064748201439,0.017985611510791366
3,0.0,0.0,0.06643356643356643,0.32517482517482516,0.22377622377622378,0.6083916083916084,0.3146853146853147,0.8146853146853147,0.34615384615384615,1.0,0.6853146853146853,0.4195804195804196,0.4965034965034965,0.6153846153846154,0.32517482517482516,0.48951048951048953,0.3356643356643357,0.3951048951048951,0.7237762237762237,0.25874125874125875,0.4825174825174825,0.479020979020979,0.3006993006993007,0.35664335664335667,0.32167832167832167,0.2727272727272727,0.6993006993006993,0.10839160839160839,0.47202797202797203,0.3076923076923077,0.3076923076923077,0.2202797202797203,0.33916083916083917,0.15034965034965034,0.6328671328671329,-0.03146853146853147,0.479020979020979,0.13636363636363635,0.3531468531468531,0.0979020979020979,0.3706293706293706,0.03496503496503497
3,0.0,0.0,0.13618677042801555,0.3229571984435798,0.3424124513618677,0.5953307392996109,0.45525291828793774,0.8093385214007782,0.5175097276264592,1.0,0.8132295719844358,0.33073929961089493,0.6848249027237354,0.556420233463035,0.4785992217898833,0.490272373540856,0.4163424124513619,0.3852140077821012,0.8249027237354085,0.15953307392996108,0.5992217898832685,0.41245136186770426,0.4163424124513619,0.35019455252918286,0.3852140077821012,0.24124513618677043,0.7665369649805448,0.007782101167315175,0.5525291828793775,0.26848249027237353,0.38910505836575876,0.22178988326848248,0.36186770428015563,0.12840466926070038,0.6770428015564203,-0.1245136186770428,0.5175097276264592,0.10505836575875487,0.3852140077821012,0.0933852140077821,0.3540856031128405,0.0311284046692607
3,0.0,0.0,0.1556420233463035,0.311284046692607,0.377431906614786,0.5719844357976653,0.5058365758754864,0.7898832684824902,0.5642023346303502,1.0,0.8482490272373541,0.26459143968871596,0.7237354085603113,0.5447470817120622,0.5136186770428015,0.49416342412451364,0.4708171206225681,0.38910505836575876,0.8599221789883269,0.10116731517509728,0.6381322957198443,0.41245136186770426,0.4357976653696498,0.33852140077821014,0.4163424124513619,0.2140077821011673,0.7937743190661478,-0.03501945525291829,0.5914396887159533,0.2607003891050584,0.4046692607003891,0.19844357976653695,0.39299610894941633,0.0933852140077821,0.688715953307393,-0.1517509727626459,0.5486381322957199,0.09727626459143969,0.41245136186770426,0.07392996108949416,0.3852140077821012,-0.0038910505836575876
3,0.0,0.0,0.14741035856573706,0.32270916334661354,0.36254980079681276,0.5896414342629482,0.49800796812749004,0.8047808764940239,0.5737051792828686,1.0,0.848605577689243,0.26294820717131473,0.6812749003984063,0.5537848605577689,0.46613545816733065,0.46215139442231074,0.46215139442231074,0.3426294820717131,0.8565737051792829,0.10756972111553785,0.6254980079681275,0.4302788844621514,0.41832669322709165,0.3346613545816733,0.4302788844621514,0.2151394422310757,0.8007968127490039,-0.02390438247011952,0.5856573705179283,0.27091633466135456,0.3944223107569721,0.199203187250996,0.40239043824701193,0.08764940239043825,0.701195219123506,-0.1394422310756972,0.5577689243027888,0.10358565737051793,0.41434262948207173,0.06772908366533864,0.40239043824701193,-0.0199203187250996
3,0.0,0.0,0.13877551020408163,0.3142857142857143,0.363265306122449,0.5755102040816327,0.5061224489795918,0.7918367346938775,0.5673469387755102,1.0,0.8489795918367347,0.2653061224489796,0.6938775510204082,0.5346938775510204,0.46938775510204084,0.4448979591836735,0.4489795918367347,0.3346938775510204,0.8653061224489796,0.09387755102040816,0.6408163265306123,0.4,0.4122448979591837,0.30612244897959184,0.4204081632653061,0.19183673469387755,0.8122448979591836,-0.053061224489795916,0.5959183673469388,0.23265306122448978,0.39183673469387753,0.16326530612244897,0.4,0.061224489795918366,0.7183673469387755,-0.1836734693877551,0.5673469387755102,0.053061224489795916,0.4163265306122449,0.024489795918367346,0.40816326530612246,-0.053061224489795916
3,0.0,0.0,0.12749003984063745,0.32270916334661354,0.3426294820717131,0.5936254980079682,0.4701195219123506,0.8047808764940239,0.5338645418326693,1.0,0.8127490039840638,0.3147410358565737,0.6693227091633466,0.549800796812749,0.4541832669322709,0.46215139442231074,0.44223107569721115,0.3665338645418327,0.8366533864541833,0.1394422310756972,0.6254980079681275,0.4063745019920319,0.40239043824701193,0.3147410358565737,0.398406374501992,0.20717131474103587,0.796812749003984,-0.01593625498007968,0.5976095617529881,0.2350597609561753,0.3904382470119522,0.17131474103585656,0.3904382470119522,0.0796812749003984,0.7211155378486056,-0.1553784860557769,0.5856573705179283,0.06374501992031872,0.4302788844621514,0.043824701195219126,0.41832669322709165,-0.027888446215139442
3,0.0,0.0,0.11811023622047244,0.3110236220472441,0.2992125984251969,0.5787401574803149,0.3937007874015748,0.8031496062992126,0.4448818897637795,1.0,0.7913385826771654,0.31496062992125984,0.6259842519685039,0.5354330708661418,0.4251968503937008,0.46062992125984253,0.41732283464566927,0.37401574803149606,0.8188976377952756,0.1377952755905512,0.6023622047244095,0.3937007874015748,0.3858267716535433,0.3188976377952756,0.38976377952755903,0.22440944881889763,0.7874015748031497,-0.027559055118110236,0.5748031496062992,0.21653543307086615,0.37401574803149606,0.16535433070866143,0.3858267716535433,0.07874015748031496,0.7165354330708661,-0.18110236220472442,0.5708661417322834,0.027559055118110236,0.41338582677165353,0.011811023622047244,0.40551181102362205,-0.05511811023622047
3,0.0,0.0,0.09774436090225563,0.31954887218045114,0.2744360902255639,0.5939849624060151,0.3684210526315789,0.8120300751879699,0.40977443609022557,1.0,0.7593984962406015,0.36466165413533835,0.5714285714285714,0.5827067669172933,0.38721804511278196,0.48120300751879697,0.38721804511278196,0.38721804511278196,0.793233082706767,0.19548872180451127,0.5714285714285714,0.44360902255639095,0.37969924812030076,0.3458646616541353,0.37593984962406013,0.24812030075187969,0.7706766917293233,0.03759398496240601,0.5526315789473685,0.2706766917293233,0.37593984962406013,0.19548872180451127,0.38721804511278196,0.10902255639097744,0.706766917293233,-0.10902255639097744,0.5488721804511278,0.08646616541353383,0.40977443609022557,0.05639097744360902,0.40977443609022557,-0.018796992481203006
3,0.0,0.0,0.08363636363636363,0.3236363636363636,0.26181818181818184,0.6036363636363636,0.36363636363636365,0.8109090909090909,0.4036363636363636,1.0,0.730909090909091,0.38545454545454544,0.5527272727272727,0.5927272727272728,0.3709090909090909,0.4763636363636364,0.3781818181818182,0.38545454545454544,0.7672727272727272,0.21454545454545454,0.5309090909090909,0.4581818181818182,0.33454545454545453,0.3418181818181818,0.3563636363636364,0.2509090909090909,0.7381818181818182,0.06181818181818182,0.5236363636363637,0.28363636363636363,0.3381818181818182,0.2,0.36727272727272725,0.12,0.6690909090909091,-0.08,0.5272727272727272,0.10909090909090909,0.38545454545454544,0.07272727272727272,0.39636363636363636,0.0036363636363636364
3,0.0,0.0,0.09293680297397769,0.31970260223048325,0.275092936802974,0.5910780669144982,0.38661710037174724,0.7992565055762082,0.4275092936802974,1.0,0.7472118959107806,0.37174721189591076,0.5613382899628253,0.5947955390334573,0.3828996282527881,0.4646840148698885,0.4052044609665427,0.36059479553903345,0.7881040892193308,0.20446096654275092,0.5390334572490706,0.44981412639405205,0.36059479553903345,0.3308550185873606,0.3903345724907063,0.24535315985130113,0.758364312267658,0.04460966542750929,0.5315985130111525,0.27137546468401486,0.36059479553903345,0.1895910780669145,0.3940520446096654,0.11152416356877323,0.6914498141263941,-0.09665427509293681,0.5315985130111525,0.08921933085501858,0.4052044609665427,0.048327137546468404,0.42379182156133827,-0.022304832713754646
3,0.0,0.0,0.10984848484848485,0.32196969696969696,0.30303030303030304,0.6022727272727273,0.42424242424242425,0.8068181818181818,0.4696969696969697,1.0,0.7878787878787878,0.3787878787878788,0.6098484848484849,0.5946969696969697,0.4090909090909091,0.4734848484848485,0.4128787878787879,0.3787878787878788,0.8257575757575758,0.20454545454545456,0.5909090909090909,0.4583333333333333,0.38257575757575757,0.3371212121212121,0.4053030303030303,0.24242424242424243,0.7954545454545454,0.041666666666666664,0.5681818181818182,0.2765151515151515,0.38257575757575757,0.17803030303030304,0.4090909090909091,0.0946969696969697,0.7196969696969697,-0.10606060606060606,0.5643939393939394,0.08333333333333333,0.42803030303030304,0.04924242424242424,0.4318181818181818,-0.007575757575757576
3,0.0,0.0,0.09541984732824428,0.31297709923664124,0.2862595419847328,0.5916030534351145,0.4198473282442748,0.7977099236641222,0.46946564885496184,1.0,0.7748091603053435,0.3702290076335878,0.6221374045801527,0.5877862595419847,0.4122137404580153,0.46946564885496184,0.40458015267175573,0.37404580152671757,0.816793893129771,0.183206106870229,0.5916030534351145,0.4351145038167939,0.3702290076335878,0.3244274809160305,0.38549618320610685,0.2366412213740458,0.7862595419847328,0.011450381679389313,0.5610687022900763,0.24427480916030533,0.35877862595419846,0.16030534351145037,0.37786259541984735,0.08015267175572519,0.7099236641221374,-0.14122137404580154,0.5687022900763359,0.04961832061068702,0.42366412213740456,0.026717557251908396,0.42366412213740456,-0.030534351145038167
3,0.0,0.0,0.09090909090909091,0.3181818181818182,0.2840909090909091,0.6022727272727273,0.4128787878787879,0.803030303030303,0.4772727272727273,1.0,0.7689393939393939,0.3787878787878788,0.6136363636363636,0.5871212121212122,0.4053030303030303,0.4696969696969697,0.4015151515151515,0.375,0.8106060606060606,0.19318181818181818,0.5909090909090909,0.4318181818181818,0.3712121212121212,0.32196969696969696,0.38257575757575757,0.23484848484848486,0.7803030303030303,0.022727272727272728,0.5606060606060606,0.24242424242424243,0.35984848484848486,0.16287878787878787,0.38257575757575757,0.08333333333333333,0.7083333333333334,-0.12878787878787878,0.5643939393939394,0.056818181818181816,0.4166666666666667,0.026515151515151516,0.4166666666666667,-0.03787878787878788
3,0.0,0.0,0.10384615384615385,0.3192307692307692,0.29615384615384616,0.5961538461538461,0.4307692307692308,0.8,0.48846153846153845,1.0,0.7923076923076923,0.35,0.6423076923076924,0.5807692307692308,0.4269230769230769,0.46923076923076923,0.4230769230769231,0.3730769230769231,0.8307692307692308,0.16538461538461538,0.6076923076923076,0.4346153846153846,0.3769230769230769,0.3269230769230769,0.3923076923076923,0.23846153846153847,0.8,-0.0038461538461538464,0.5769230769230769,0.2423076923076923,0.36538461538461536,0.16153846153846155,0.38461538461538464,0.07692307692307693,0.7269230769230769,-0.15384615384615385,0.5807692307692308,0.05,0.4269230769230769,0.023076923076923078,0.4230769230769231,-0.046153846153846156
3,0.0,0.0,0.13765182186234817,0.3360323886639676,0.3603238866396761,0.6032388663967612,0.5060728744939271,0.8137651821862348,0.582995951417004,1.0,0.8299595141700404,0.3603238866396761,0.7611336032388664,0.562753036437247,0.5384615384615384,0.4979757085020243,0.4817813765182186,0.41700404858299595,0.8785425101214575,0.18218623481781376,0.7004048582995951,0.3967611336032389,0.46153846153846156,0.32388663967611336,0.43724696356275305,0.23076923076923078,0.8502024291497976,0.008097165991902834,0.6680161943319838,0.20647773279352227,0.44534412955465585,0.15384615384615385,0.4291497975708502,0.07692307692307693,0.7773279352226721,-0.15789473684210525,0.6558704453441295,0.012145748987854251,0.4898785425101215,0.008097165991902834,0.46153846153846156,-0.048582995951417005
3,0.0,0.0,0.1388888888888889,0.3253968253968254,0.36507936507936506,0.5952380952380952,0.5198412698412699,0.8015873015873016,0.6031746031746031,1.0,0.8293650793650794,0.32142857142857145,0.7301587301587301,0.5714285714285714,0.5,0.4880952380952381,0.47619047619047616,0.4007936507936508,0.8650793650793651,0.14285714285714285,0.6865079365079365,0.4166666666666667,0.4444444444444444,0.3333333333333333,0.4523809523809524,0.25,0.8293650793650794,-0.023809523809523808,0.6507936507936508,0.23809523809523808,0.43253968253968256,0.17063492063492064,0.43253968253968256,0.08333333333333333,0.753968253968254,-0.1746031746031746,0.6309523809523809,0.047619047619047616,0.4722222222222222,0.023809523809523808,0.4523809523809524,-0.051587301587301584
3,0.0,0.0,0.09448818897637795,0.3110236220472441,0.2637795275590551,0.5826771653543307,0.37401574803149606,0.8110236220472441,0.44881889763779526,1.0,0.7519685039370079,0.36220472440944884,0.6968503937007874,0.5393700787401575,0.5039370078740157,0.49606299212598426,0.4015748031496063,0.42913385826771655,0.7913385826771654,0.18503937007874016,0.6299212598425197,0.3858267716535433,0.40551181102362205,0.30708661417322836,0.3425196850393701,0.2125984251968504,0.7755905511811023,0.007874015748031496,0.6023622047244095,0.20078740157480315,0.38976377952755903,0.14173228346456693,0.35039370078740156,0.06692913385826772,0.7244094488188977,-0.16929133858267717,0.6181102362204725,0.003937007874015748,0.4566929133858268,-0.007874015748031496,0.41732283464566927,-0.051181102362204724
3,0.0,0.0,0.10227272727272728,0.29924242424242425,0.2689393939393939,0.5757575757575758,0.36742424242424243,0.7954545454545454,0.42424242424242425,1.0,0.7272727272727273,0.35984848484848486,0.6515151515151515,0.5189393939393939,0.4583333333333333,0.4659090909090909,0.3446969696969697,0.4015151515151515,0.7840909090909091,0.1856060606060606,0.6174242424242424,0.3787878787878788,0.4090909090909091,0.3106060606060606,0.3143939393939394,0.23484848484848486,0.7840909090909091,0.015151515151515152,0.6098484848484849,0.2159090909090909,0.4166666666666667,0.1553030303030303,0.3409090909090909,0.09090909090909091,0.7424242424242424,-0.1590909090909091,0.625,0.030303030303030304,0.4696969696969697,0.01893939393939394,0.4128787878787879,-0.026515151515151516
3,0.0,0.0,0.07581227436823104,0.3104693140794224,0.24187725631768953,0.5848375451263538,0.3285198555956679,0.8050541516245487,0.36101083032490977,1.0,0.7220216606498195,0.40794223826714804,0.5523465703971119,0.5884476534296029,0.36462093862815886,0.48375451263537905,0.34657039711191334,0.4043321299638989,0.7725631768953068,0.23465703971119134,0.555956678700361,0.4548736462093863,0.36462093862815886,0.35379061371841153,0.3574007220216607,0.26353790613718414,0.7689530685920578,0.06859205776173286,0.5523465703971119,0.2815884476534296,0.37184115523465705,0.21299638989169675,0.37906137184115524,0.1407942238267148,0.7148014440433214,-0.08664259927797834,0.5523465703971119,0.10469314079422383,0.40794223826714804,0.07581227436823104,0.4043321299638989,0.01444043321299639
3,0.0,0.0,0.058419243986254296,0.31958762886597936,0.21649484536082475,0.6013745704467354,0.29896907216494845,0.8144329896907216,0.31958762886597936,1.0,0.6769759450171822,0.4329896907216495,0.5120274914089347,0.6219931271477663,0.3333333333333333,0.4879725085910653,0.3470790378006873,0.40893470790378006,0.7285223367697594,0.27147766323024053,0.5051546391752577,0.4879725085910653,0.3161512027491409,0.36082474226804123,0.35051546391752575,0.281786941580756,0.711340206185567,0.1134020618556701,0.5017182130584192,0.3127147766323024,0.32989690721649484,0.21649484536082475,0.3745704467353952,0.140893470790378,0.6563573883161512,-0.030927835051546393,0.5017182130584192,0.12714776632302405,0.3711340206185567,0.0859106529209622,0.39862542955326463,0.020618556701030927
3,0.0,0.0,0.0711743772241993,0.3202846975088968,0.2277580071174377,0.597864768683274,0.33807829181494664,0.8042704626334519,0.37722419928825623,1.0,0.701067615658363,0.43416370106761565,0.5195729537366548,0.6156583629893239,0.34519572953736655,0.46619217081850534,0.35587188612099646,0.3701067615658363,0.7580071174377224,0.26334519572953735,0.5195729537366548,0.4697508896797153,0.33451957295373663,0.3309608540925267,0.35587188612099646,0.2491103202846975,0.7437722419928826,0.09608540925266904,0.5231316725978647,0.28825622775800713,0.3487544483985765,0.19217081850533807,0.3736654804270463,0.12099644128113879,0.6868327402135231,-0.060498220640569395,0.5373665480427047,0.10676156583629894,0.40569395017793597,0.0711743772241993,0.41637010676156583,0.017793594306049824
3,0.0,0.0,0.13565891472868216,0.32558139534883723,0.32170542635658916,0.5930232558139535,0.44573643410852715,0.8023255813953488,0.5271317829457365,1.0,0.8062015503875969,0.35271317829457366,0.6627906976744186,0.5852713178294574,0.45348837209302323,0.49224806201550386,0.40310077519379844,0.3798449612403101,0.8449612403100775,0.1744186046511628,0.6124031007751938,0.4263565891472868,0.4108527131782946,0.3372093023255814,0.375968992248062,0.2364341085271318,0.813953488372093,0.007751937984496124,0.5852713178294574,0.2558139534883721,0.3992248062015504,0.18604651162790697,0.375968992248062,0.09689922480620156,0.7325581395348837,-0.14728682170542637,0.5736434108527132,0.06201550387596899,0.43023255813953487,0.04263565891472868,0.4108527131782946,-0.015503875968992248
3,0.0,0.0,0.1541501976284585,0.3241106719367589,0.3794466403162055,0.5889328063241107,0.5138339920948617,0.8063241106719368,0.5691699604743083,1.0,0.8537549407114624,0.2924901185770751,0.7430830039525692,0.5731225296442688,0.525691699604743,0.5059288537549407,0.4782608695652174,0.4150197628458498,0.8656126482213439,0.1225296442687747,0.6442687747035574,0.4426877470355731,0.4308300395256917,0.35968379446640314,0.41106719367588934,0.25296442687747034,0.8102766798418972,-0.023715415019762844,0.5928853754940712,0.28063241106719367,0.39920948616600793,0.20948616600790515,0.383399209486166,0.11462450592885376,0.7154150197628458,-0.1541501976284585,0.5691699604743083,0.09881422924901186,0.42292490118577075,0.07509881422924901,0.39920948616600793,0.007905138339920948
3,0.0,0.0,0.10646387832699619,0.30798479087452474,0.2889733840304182,0.5855513307984791,0.38783269961977185,0.8098859315589354,0.4524714828897338,1.0,0.7414448669201521,0.33460076045627374,0.5779467680608364,0.55893536121673,0.3840304182509506,0.4714828897338403,0.34220532319391633,0.38022813688212925,0.7756653992395437,0.1634980988593156,0.5551330798479087,0.42585551330798477,0.3574144486692015,0.3231939163498099,0.3269961977186312,0.22053231939163498,0.7452471482889734,0.0076045627376425855,0.5247148288973384,0.2623574144486692,0.34220532319391633,0.18631178707224336,0.33079847908745247,0.09885931558935361,0.6730038022813688,-0.12927756653992395,0.5171102661596958,0.09125475285171103,0.3726235741444867,0.060836501901140684,0.3574144486692015,-0.0038022813688212928
3,0.0,0.0,0.06934306569343066,0.3248175182481752,0.21897810218978103,0.6058394160583942,0.29927007299270075,0.8175182481751825,0.33211678832116787,1.0,0.6861313868613139,0.42700729927007297,0.5145985401459854,0.6021897810218978,0.33211678832116787,0.48175182481751827,0.30656934306569344,0.3905109489051095,0.7445255474452555,0.26277372262773724,0.5218978102189781,0.4635036496350365,0.33211678832116787,0.3357664233576642,0.3248175182481752,0.24452554744525548,0.7372262773722628,0.10218978102189781,0.5145985401459854,0.291970802919708,0.33941605839416056,0.20072992700729927,0.35036496350364965,0.12773722627737227,0.6861313868613139,-0.04744525547445255,0.5218978102189781,0.11313868613138686,0.3795620437956204,0.07664233576642336,0.3795620437956204,0.025547445255474453
3,0.0,0.0,0.053763440860215055,0.3154121863799283,0.1971326164874552,0.5985663082437276,0.2867383512544803,0.8100358422939068,0.3118279569892473,1.0,0.6738351254480287,0.44086021505376344,0.5053763440860215,0.6164874551971327,0.32616487455197135,0.48028673835125446,0.30824372759856633,0.3942652329749104,0.7347670250896058,0.27598566308243727,0.5017921146953405,0.4767025089605735,0.3118279569892473,0.35125448028673834,0.31899641577060933,0.26881720430107525,0.7275985663082437,0.11827956989247312,0.4946236559139785,0.3010752688172043,0.32616487455197135,0.2078853046594982,0.34767025089605735,0.13620071684587814,0.6738351254480287,-0.02867383512544803,0.5161290322580645,0.12186379928315412,0.3835125448028674,0.07885304659498207,0.3870967741935484,0.025089605734767026
3,0.0,0.0,0.07664233576642336,0.3175182481751825,0.23722627737226276,0.6021897810218978,0.3357664233576642,0.8102189781021898,0.35766423357664234,1.0,0.7226277372262774,0.40875912408759124,0.5182481751824818,0.5985401459854015,0.354014598540146,0.48175182481751827,0.35766423357664234,0.39416058394160586,0.7664233576642335,0.23357664233576642,0.5036496350364964,0.4562043795620438,0.33211678832116787,0.35766423357664234,0.33941605839416056,0.2773722627737226,0.7408759124087592,0.06934306569343066,0.48175182481751827,0.2773722627737226,0.3284671532846715,0.20802919708029197,0.35036496350364965,0.14233576642335766,0.6715328467153284,-0.08029197080291971,0.4854014598540146,0.0948905109489051,0.35766423357664234,0.07664233576642336,0.36496350364963503,0.029197080291970802
3,0.0,0.0,0.13059701492537312,0.3246268656716418,0.3246268656716418,0.5970149253731343,0.44029850746268656,0.8059701492537313,0.503731343283582,1.0,0.7947761194029851,0.373134328358209,0.6082089552238806,0.6231343283582089,0.4291044776119403,0.5111940298507462,0.40671641791044777,0.40671641791044777,0.8134328358208955,0.19776119402985073,0.5671641791044776,0.48134328358208955,0.3880597014925373,0.373134328358209,0.3656716417910448,0.26865671641791045,0.7611940298507462,0.03731343283582089,0.5186567164179104,0.30970149253731344,0.3582089552238806,0.23507462686567165,0.35447761194029853,0.14925373134328357,0.667910447761194,-0.10074626865671642,0.48134328358208955,0.12686567164179105,0.3619402985074627,0.1044776119402985,0.3582089552238806,0.048507462686567165
3,0.0,0.0,0.1744186046511628,0.32945736434108525,0.4263565891472868,0.5852713178294574,0.5736434108527132,0.7945736434108527,0.6511627906976745,1.0,0.8565891472868217,0.29457364341085274,0.6744186046511628,0.6201550387596899,0.4883720930232558,0.5077519379844961,0.4883720930232558,0.38372093023255816,0.8449612403100775,0.12790697674418605,0.6007751937984496,0.5038759689922481,0.43023255813953487,0.3875968992248062,0.437984496124031,0.2751937984496124,0.7596899224806202,-0.003875968992248062,0.5232558139534884,0.35271317829457366,0.37209302325581395,0.26744186046511625,0.3875968992248062,0.16666666666666666,0.627906976744186,-0.10852713178294573,0.4573643410852713,0.18604651162790697,0.35271317829457366,0.1434108527131783,0.3682170542635659,0.050387596899224806
3,0.0,0.0,0.1394422310756972,0.3187250996015936,0.36254980079681276,0.5816733067729084,0.4860557768924303,0.8007968127490039,0.5537848605577689,1.0,0.8406374501992032,0.30278884462151395,0.6454183266932271,0.5816733067729084,0.4701195219123506,0.47808764940239046,0.47410358565737054,0.3665338645418327,0.8286852589641435,0.12749003984063745,0.5776892430278885,0.450199203187251,0.4063745019920319,0.350597609561753,0.4103585657370518,0.250996015936255,0.749003984063745,-0.02390438247011952,0.50199203187251,0.28286852589641437,0.3545816733067729,0.21115537848605578,0.3784860557768924,0.12350597609561753,0.6215139442231076,-0.14342629482071714,0.44621513944223107,0.11553784860557768,0.3386454183266932,0.08366533864541832,0.35856573705179284,0.00796812749003984
3,0.0,0.0,0.09125475285171103,0.30798479087452474,0.2585551330798479,0.5779467680608364,0.34220532319391633,0.8022813688212928,0.38783269961977185,1.0,0.7414448669201521,0.3650190114068441,0.5361216730038023,0.5703422053231939,0.3650190114068441,0.4752851711026616,0.3574144486692015,0.38783269961977185,0.7604562737642585,0.19011406844106463,0.5019011406844106,0.43346007604562736,0.3231939163498099,0.3269961977186312,0.3155893536121673,0.22813688212927757,0.7186311787072244,0.022813688212927757,0.46387832699619774,0.2623574144486692,0.311787072243346,0.18631178707224336,0.3269961977186312,0.09885931558935361,0.6273764258555133,-0.12547528517110265,0.4448669201520912,0.08745247148288973,0.3269961977186312,0.057034220532319393,0.33840304182509506,-0.0076045627376425855
3,0.0,0.0,0.05639097744360902,0.3082706766917293,0.19924812030075187,0.5864661654135338,0.2819548872180451,0.8007518796992481,0.3082706766917293,1.0,0.7142857142857143,0.40225563909774437,0.49624060150375937,0.5676691729323309,0.31203007518796994,0.45864661654135336,0.32706766917293234,0.39097744360902253,0.7593984962406015,0.21804511278195488,0.47368421052631576,0.42105263157894735,0.2932330827067669,0.3233082706766917,0.3233082706766917,0.24436090225563908,0.7330827067669173,0.041353383458646614,0.4548872180451128,0.23684210526315788,0.29699248120300753,0.17669172932330826,0.3383458646616541,0.10902255639097744,0.6616541353383458,-0.11654135338345864,0.462406015037594,0.05639097744360902,0.32706766917293234,0.03383458646616541,0.33458646616541354,-0.022556390977443608
3,0.0,0.0,0.10112359550561797,0.31835205992509363,0.2846441947565543,0.5917602996254682,0.38202247191011235,0.8014981273408239,0.41198501872659177,1.0,0.7640449438202247,0.36329588014981273,0.5955056179775281,0.550561797752809,0.4157303370786517,0.46441947565543074,0.4044943820224719,0.3857677902621723,0.7827715355805244,0.1760299625468165,0.5168539325842697,0.41198501872659177,0.34831460674157305,0.3333333333333333,0.36329588014981273,0.250936329588015,0.7265917602996255,0.011235955056179775,0.46441947565543074,0.23595505617977527,0.3258426966292135,0.18352059925093633,0.3595505617977528,0.10486891385767791,0.6329588014981273,-0.13857677902621723,0.4419475655430712,0.0599250936329588,0.3258426966292135,0.04119850187265917,0.3445692883895131,-0.02247191011235955
3,0.0,0.0,0.13953488372093023,0.32945736434108525,0.3449612403100775,0.5930232558139535,0.46124031007751937,0.8023255813953488,0.5155038759689923,1.0,0.813953488372093,0.3372093023255814,0.6821705426356589,0.5426356589147286,0.4883720930232558,0.49612403100775193,0.44573643410852715,0.42248062015503873,0.813953488372093,0.1511627906976744,0.5930232558139535,0.4069767441860465,0.4108527131782946,0.3682170542635659,0.3992248062015504,0.2868217054263566,0.7403100775193798,-0.011627906976744186,0.5155038759689923,0.2596899224806202,0.35658914728682173,0.22093023255813954,0.3643410852713178,0.13953488372093023,0.6356589147286822,-0.14728682170542637,0.46511627906976744,0.10077519379844961,0.3372093023255814,0.08527131782945736,0.3372093023255814,0.015503875968992248
3,0.0,0.0,0.15625,0.32421875,0.38671875,0.578125,0.515625,0.7890625,0.56640625,1.0,0.83984375,0.30078125,0.68359375,0.55078125,0.5,0.47265625,0.48828125,0.37890625,0.82421875,0.12109375,0.58984375,0.42578125,0.41796875,0.3515625,0.4140625,0.25390625,0.73828125,-0.03125,0.49609375,0.26953125,0.34765625,0.2109375,0.359375,0.12109375,0.61328125,-0.15234375,0.43359375,0.11328125,0.3203125,0.08984375,0.3203125,0.015625
3,0.0,0.0,0.15503875968992248,0.32945736434108525,0.40310077519379844,0.5891472868217055,0.5387596899224806,0.7984496124031008,0.6085271317829457,1.0,0.8372093023255814,0.31007751937984496,0.6705426356589147,0.5852713178294574,0.5077519379844961,0.4844961240310077,0.5193798449612403,0.375968992248062,0.8217054263565892,0.13953488372093023,0.5813953488372093,0.46124031007751937,0.43023255813953487,0.36046511627906974,0.45348837209302323,0.26744186046511625,0.7286821705426356,-0.003875968992248062,0.4806201550387597,0.313953488372093,0.3488372093023256,0.23255813953488372,0.3798449612403101,0.13953488372093023,0.5930232558139535,-0.1124031007751938,0.4069767441860465,0.16666666666666666,0.313953488372093,0.11627906976744186,0.3372093023255814,0.023255813953488372
3,0.0,0.0,0.15873015873015872,0.31746031746031744,0.4087301587301587,0.5793650793650794,0.5476190476190477,0.7936507936507936,0.623015873015873,1.0,0.8492063492063492,0.2857142857142857,0.6587301587301587,0.5952380952380952,0.49206349206349204,0.4801587301587302,0.503968253968254,0.36507936507936506,0.8293650793650794,0.11507936507936507,0.5753968253968254,0.46825396825396826,0.4246031746031746,0.3531746031746032,0.44047619047619047,0.24603174603174602,0.7380952380952381,-0.027777777777777776,0.48412698412698413,0.30952380952380953,0.3531746031746032,0.21825396825396826,0.376984126984127,0.12301587301587301,0.5992063492063492,-0.1349206349206349,0.4126984126984127,0.15079365079365079,0.32142857142857145,0.09523809523809523,0.3412698412698413,0.007936507936507936
3,0.0,0.0,0.06844106463878327,0.3041825095057034,0.22053231939163498,0.5703422053231939,0.2889733840304182,0.7984790874524715,0.30798479087452474,1.0,0.7300380228136882,0.3574144486692015,0.5475285171102662,0.5285171102661597,0.3688212927756654,0.46387832699619774,0.3612167300380228,0.4068441064638783,0.7490494296577946,0.17490494296577946,0.49049429657794674,0.38783269961977185,0.30798479087452474,0.3193916349809886,0.3193916349809886,0.2509505703422053,0.6996197718631179,0.0038022813688212928,0.4372623574144487,0.22053231939163498,0.2813688212927757,0.17870722433460076,0.311787072243346,0.11406844106463879,0.6045627376425855,-0.1444866920152091,0.4068441064638783,0.057034220532319393,0.28517110266159695,0.04182509505703422,0.30038022813688214,-0.015209125475285171
3,0.0,0.0,0.05244755244755245,0.3076923076923077,0.1958041958041958,0.583916083916084,0.2517482517482518,0.8041958041958042,0.25524475524475526,1.0,0.6608391608391608,0.3916083916083916,0.45454545454545453,0.5524475524475524,0.2867132867132867,0.44405594405594406,0.3146853146853147,0.3811188811188811,0.6993006993006993,0.2202797202797203,0.4160839160839161,0.4160839160839161,0.2517482517482518,0.3181818181818182,0.2937062937062937,0.2517482517482518,0.6678321678321678,0.055944055944055944,0.3986013986013986,0.24125874125874125,0.25524475524475526,0.17132867132867133,0.3076923076923077,0.10839160839160839,0.6013986013986014,-0.09090909090909091,0.4020979020979021,0.05944055944055944,0.28321678321678323,0.03496503496503497,0.3111888111888112,-0.013986013986013986
3,0.0,0.0,0.054982817869415807,0.3230240549828179,0.19931271477663232,0.6013745704467354,0.27835051546391754,0.8075601374570447,0.281786941580756,1.0,0.6804123711340206,0.4329896907216495,0.4536082474226804,0.5807560137457045,0.3024054982817869,0.46048109965635736,0.32646048109965636,0.37800687285223367,0.7147766323024055,0.25773195876288657,0.43986254295532645,0.4329896907216495,0.28865979381443296,0.3436426116838488,0.31958762886597936,0.27835051546391754,0.6872852233676976,0.09621993127147767,0.422680412371134,0.2542955326460481,0.2852233676975945,0.19243986254295534,0.32989690721649484,0.13058419243986255,0.6219931271477663,-0.054982817869415807,0.4261168384879725,0.08247422680412371,0.3127147766323024,0.058419243986254296,0.33676975945017185,0.013745704467353952
3,0.0,0.0,0.08550185873605948,0.3271375464684015,0.2527881040892193,0.5985130111524164,0.35315985130111527,0.8066914498141264,0.39776951672862454,1.0,0.758364312267658,0.3903345724907063,0.5390334572490706,0.5762081784386617,0.36059479553903345,0.4646840148698885,0.35687732342007433,0.37174721189591076,0.79182156133829,0.20446096654275092,0.516728624535316,0.4312267657992565,0.3420074349442379,0.3420074349442379,0.3420074349442379,0.2527881040892193,0.7546468401486989,0.03345724907063197,0.483271375464684,0.24535315985130113,0.3308550185873606,0.18587360594795538,0.34944237918215615,0.11524163568773234,0.6691449814126395,-0.12267657992565056,0.4721189591078067,0.05947955390334572,0.34944237918215615,0.048327137546468404,0.35687732342007433,0.0037174721189591076
3,0.0,0.0,0.10622710622710622,0.326007326007326,0.28205128205128205,0.5934065934065934,0.39194139194139194,0.7985347985347986,0.4358974358974359,1.0,0.7728937728937729,0.34798534798534797,0.5824175824175825,0.5567765567765568,0.3992673992673993,0.46153846153846156,0.4139194139194139,0.36996336996337,0.7875457875457875,0.1684981684981685,0.5274725274725275,0.41025641025641024,0.34065934065934067,0.32967032967032966,0.3626373626373626,0.2454212454212454,0.7362637362637363,0.01098901098901099,0.47619047619047616,0.23809523809523808,0.32234432234432236,0.18315018315018314,0.3553113553113553,0.10622710622710622,0.6483516483516484,-0.1282051282051282,0.4542124542124542,0.05860805860805861,0.3333333333333333,0.040293040293040296,0.3553113553113553,-0.014652014652014652
3,0.0,0.0,0.08823529411764706,0.3235294117647059,0.2757352941176471,0.5955882352941176,0.3713235294117647,0.8014705882352942,0.39705882352941174,1.0,0.7610294117647058,0.3713235294117647,0.5477941176470589,0.5661764705882353,0.3639705882352941,0.4632352941176471,0.3713235294117647,0.375,0.7794117647058824,0.1875,0.5147058823529411,0.4227941176470588,0.3272058823529412,0.31985294117647056,0.3382352941176471,0.22794117647058823,0.7352941176470589,0.022058823529411766,0.47794117647058826,0.23897058823529413,0.3125,0.16911764705882354,0.34191176470588236,0.08823529411764706,0.6507352941176471,-0.1323529411764706,0.46691176470588236,0.058823529411764705,0.34191176470588236,0.03308823529411765,0.35294117647058826,-0.025735294117647058
3,0.0,0.0,0.0539568345323741,0.30935251798561153,0.20503597122302158,0.5863309352517986,0.27697841726618705,0.802158273381295,0.2949640287769784,1.0,0.7230215827338129,0.4136690647482014,0.5,0.564748201438849,0.3129496402877698,0.45323741007194246,0.3273381294964029,0.37410071942446044,0.7661870503597122,0.23741007194244604,0.48201438848920863,0.420863309352518,0.2949640287769784,0.31654676258992803,0.32014388489208634,0.23381294964028776,0.7410071942446043,0.06474820143884892,0.4676258992805755,0.2302158273381295,0.29856115107913667,0.16546762589928057,0.3345323741007194,0.10431654676258993,0.6726618705035972,-0.09352517985611511,0.4748201438848921,0.046762589928057555,0.3345323741007194,0.025179856115107913,0.34172661870503596,-0.02877697841726619
3,0.0,0.0,0.06985294117647059,0.3088235294117647,0.23161764705882354,0.5808823529411765,0.31985294117647056,0.7977941176470589,0.33455882352941174,1.0,0.7389705882352942,0.3860294117647059,0.5367647058823529,0.5477941176470589,0.34558823529411764,0.4485294117647059,0.3492647058823529,0.3713235294117647,0.7757352941176471,0.19852941176470587,0.49264705882352944,0.3860294117647059,0.30514705882352944,0.30514705882352944,0.3272058823529412,0.23529411764705882,0.7352941176470589,0.022058823529411766,0.4632352941176471,0.20220588235294118,0.29411764705882354,0.14705882352941177,0.31985294117647056,0.08088235294117647,0.6544117647058824,-0.13602941176470587,0.4522058823529412,0.01838235294117647,0.3088235294117647,-0.003676470588235294,0.30514705882352944,-0.058823529411764705
3,0.0,0.0,0.0784313725490196,0.3137254901960784,0.23921568627450981,0.5882352941176471,0.3215686274509804,0.803921568627451,0.32941176470588235,1.0,0.7647058823529411,0.4,0.6588235294117647,0.5607843137254902,0.43137254901960786,0.49019607843137253,0.38823529411764707,0.41568627450980394,0.796078431372549,0.19607843137254902,0.5137254901960784,0.3803921568627451,0.30980392156862746,0.3137254901960784,0.3333333333333333,0.23921568627450981,0.7450980392156863,0.011764705882352941,0.4549019607843137,0.2,0.2901960784313726,0.1450980392156863,0.3254901960784314,0.07058823529411765,0.6509803921568628,-0.1568627450980392,0.4392156862745098,0.011764705882352941,0.30980392156862746,-0.00784313725490196,0.3215686274509804,-0.06274509803921569
3,0.0,0.0,0.04905660377358491,0.2943396226415094,0.2,0.5735849056603773,0.2641509433962264,0.7962264150943397,0.26037735849056604,1.0,0.690566037735849,0.41132075471698115,0.49433962264150944,0.5433962264150943,0.30566037735849055,0.44150943396226416,0.3169811320754717,0.37735849056603776,0.7358490566037735,0.22264150943396227,0.44150943396226416,0.3886792452830189,0.26037735849056604,0.2981132075471698,0.30943396226415093,0.23773584905660378,0.7094339622641509,0.052830188679245285,0.42641509433962266,0.20754716981132076,0.2679245283018868,0.14339622641509434,0.32075471698113206,0.08679245283018867,0.6490566037735849,-0.10566037735849057,0.4377358490566038,0.03018867924528302,0.30943396226415093,0.007547169811320755,0.33584905660377357,-0.03773584905660377
3,0.0,0.0,0.05791505791505792,0.30115830115830117,0.2084942084942085,0.5791505791505791,0.277992277992278,0.7953667953667953,0.27413127413127414,1.0,0.7104247104247104,0.42084942084942084,0.5366795366795367,0.5521235521235521,0.3281853281853282,0.44015444015444016,0.2972972972972973,0.3667953667953668,0.7644787644787645,0.23166023166023167,0.49034749034749037,0.39768339768339767,0.2972972972972973,0.305019305019305,0.3088803088803089,0.24324324324324326,0.7413127413127413,0.05791505791505792,0.444015444015444,0.21235521235521235,0.28185328185328185,0.14285714285714285,0.3166023166023166,0.0888030888030888,0.6833976833976834,-0.09652509652509653,0.4555984555984556,0.03088803088803089,0.3204633204633205,0.007722007722007722,0.3359073359073359,-0.03088803088803089
3,0.0,0.0,0.058823529411764705,0.30980392156862746,0.20392156862745098,0.5843137254901961,0.2823529411764706,0.796078431372549,0.28627450980392155,1.0,0.7372549019607844,0.4235294117647059,0.5294117647058824,0.5490196078431373,0.34509803921568627,0.4470588235294118,0.34901960784313724,0.3843137254901961,0.7764705882352941,0.2235294117647059,0.49019607843137253,0.39215686274509803,0.3137254901960784,0.3176470588235294,0.3411764705882353,0.25882352941176473,0.7450980392156863,0.03529411764705882,0.44313725490196076,0.20392156862745098,0.2901960784313726,0.1568627450980392,0.3333333333333333,0.10588235294117647,0.6705882352941176,-0.12941176470588237,0.43529411764705883,0.0196078431372549,0.3058823529411765,0.011764705882352941,0.3254901960784314,-0.027450980392156862
3,0.0,0.0,0.13168724279835392,0.30864197530864196,0.3497942386831276,0.5761316872427984,0.4691358024691358,0.7983539094650206,0.5185185185185185,1.0,0.8559670781893004,0.3168724279835391,0.7818930041152263,0.5308641975308642,0.5555555555555556,0.48148148148148145,0.5061728395061729,0.411522633744856,0.8477366255144033,0.1111111111111111,0.6049382716049383,0.3662551440329218,0.4074074074074074,0.3168724279835391,0.411522633744856,0.2345679012345679,0.757201646090535,-0.06584362139917696,0.4732510288065844,0.19753086419753085,0.32098765432098764,0.15637860082304528,0.35390946502057613,0.07818930041152264,0.6296296296296297,-0.20987654320987653,0.4074074074074074,0.024691358024691357,0.3004115226337449,0.01646090534979424,0.32510288065843623,-0.04938271604938271
3,0.0,0.0,0.1646586345381526,0.3172690763052209,0.3815261044176707,0.5742971887550201,0.4939759036144578,0.7991967871485943,0.5622489959839357,1.0,0.8473895582329317,0.30522088353413657,0.7269076305220884,0.5542168674698795,0.5220883534136547,0.4859437751004016,0.5020080321285141,0.39357429718875503,0.8192771084337349,0.10441767068273092,0.6104417670682731,0.39759036144578314,0.42570281124497994,0.3493975903614458,0.42570281124497994,0.26907630522088355,0.7228915662650602,-0.060240963855421686,0.4939759036144578,0.2289156626506024,0.3373493975903614,0.18072289156626506,0.3453815261044177,0.09236947791164658,0.5903614457831325,-0.18875502008032127,0.42168674698795183,0.060240963855421686,0.2971887550200803,0.040160642570281124,0.2971887550200803,-0.0321285140562249
3,0.0,0.0,0.15748031496062992,0.32677165354330706,0.38976377952755903,0.5866141732283464,0.5275590551181102,0.7992125984251969,0.594488188976378,1.0,0.8464566929133859,0.2795275590551181,0.6496062992125984,0.562992125984252,0.452755905511811,0.468503937007874,0.44881889763779526,0.3543307086614173,0.8188976377952756,0.09448818897637795,0.5590551181102362,0.4330708661417323,0.38188976377952755,0.33858267716535434,0.38188976377952755,0.2283464566929134,0.7244094488188977,-0.05905511811023622,0.484251968503937,0.2677165354330709,0.33070866141732286,0.1968503937007874,0.3425196850393701,0.09448818897637795,0.5905511811023622,-0.17716535433070865,0.421259842519685,0.08661417322834646,0.30708661417322836,0.05511811023622047,0.3110236220472441,-0.027559055118110236
3,0.0,0.0,0.13385826771653545,0.31496062992125984,0.35039370078740156,0.5748031496062992,0.47244094488188976,0.7952755905511811,0.5275590551181102,1.0,0.8307086614173228,0.3031496062992126,0.65748031496063,0.5118110236220472,0.48031496062992124,0.43700787401574803,0.47244094488188976,0.35039370078740156,0.8228346456692913,0.1141732283464567,0.5787401574803149,0.3661417322834646,0.40551181102362205,0.31496062992125984,0.4015748031496063,0.23622047244094488,0.7480314960629921,-0.05511811023622047,0.49606299212598426,0.20078740157480315,0.3464566929133858,0.1732283464566929,0.36220472440944884,0.1062992125984252,0.6299212598425197,-0.19291338582677164,0.4330708661417323,0.031496062992125984,0.31496062992125984,0.031496062992125984,0.32677165354330706,-0.023622047244094488
3,0.0,0.0,0.06415094339622641,0.3018867924528302,0.2339622641509434,0.5735849056603773,0.3283018867924528,0.7924528301886793,0.35094339622641507,1.0,0.7622641509433963,0.4,0.5471698113207547,0.5622641509433962,0.3584905660377358,0.4528301886792453,0.36981132075471695,0.37735849056603776,0.7962264150943397,0.2037735849056604,0.5169811320754717,0.41132075471698115,0.32452830188679244,0.30943396226415093,0.3433962264150943,0.23018867924528302,0.7584905660377359,0.022641509433962263,0.47924528301886793,0.21509433962264152,0.3132075471698113,0.14339622641509434,0.35094339622641507,0.07547169811320754,0.6792452830188679,-0.13962264150943396,0.47924528301886793,0.026415094339622643,0.35094339622641507,0.0037735849056603774,0.37358490566037733,-0.052830188679245285
3,0.0,0.0,0.05860805860805861,0.3076923076923077,0.20512820512820512,0.5787545787545788,0.2893772893772894,0.7948717948717948,0.304029304029304,1.0,0.706959706959707,0.4358974358974359,0.4945054945054945,0.5824175824175825,0.31135531135531136,0.4652014652014652,0.304029304029304,0.38461538461538464,0.7545787545787546,0.25274725274725274,0.4908424908424908,0.4249084249084249,0.3076923076923077,0.32234432234432236,0.31868131868131866,0.26373626373626374,0.7362637362637363,0.07692307692307693,0.46886446886446886,0.23443223443223443,0.304029304029304,0.16483516483516483,0.336996336996337,0.10989010989010989,0.673992673992674,-0.08424908424908426,0.47985347985347987,0.047619047619047616,0.3443223443223443,0.029304029304029304,0.3516483516483517,-0.003663003663003663
3,0.0,0.0,0.10526315789473684,0.3082706766917293,0.2744360902255639,0.5676691729323309,0.39473684210526316,0.7857142857142857,0.4548872180451128,1.0,0.7781954887218046,0.36466165413533835,0.575187969924812,0.5827067669172933,0.37593984962406013,0.4849624060150376,0.37218045112781956,0.38345864661654133,0.8157894736842105,0.18045112781954886,0.5413533834586466,0.41729323308270677,0.3458646616541353,0.33458646616541354,0.3458646616541353,0.24436090225563908,0.7781954887218046,0.011278195488721804,0.5150375939849624,0.22932330827067668,0.3308270676691729,0.18045112781954886,0.3233082706766917,0.10526315789473684,0.6917293233082706,-0.14285714285714285,0.5037593984962406,0.041353383458646614,0.34210526315789475,0.03759398496240601,0.3082706766917293,-0.007518796992481203
3,0.0,0.0,0.15503875968992248,0.3023255813953488,0.34108527131782945,0.5658914728682171,0.46124031007751937,0.8023255813953488,0.5426356589147286,1.0,0.810077519379845,0.31007751937984496,0.6434108527131783,0.5465116279069767,0.45348837209302323,0.4844961240310077,0.42248062015503873,0.3875968992248062,0.8255813953488372,0.12790697674418605,0.5891472868217055,0.39147286821705424,0.3992248062015504,0.3372093023255814,0.37209302325581395,0.2441860465116279,0.7751937984496124,-0.03488372093023256,0.5503875968992248,0.21705426356589147,0.3682170542635659,0.1821705426356589,0.32945736434108525,0.10852713178294573,0.6821705426356589,-0.1821705426356589,0.5348837209302325,0.027131782945736434,0.375968992248062,0.03875968992248062,0.32170542635658916,-0.003875968992248062
3,0.0,0.0,0.17131474103585656,0.3107569721115538,0.38645418326693226,0.5697211155378487,0.5219123505976095,0.7928286852589641,0.6055776892430279,1.0,0.8605577689243028,0.2868525896414343,0.7768924302788844,0.5418326693227091,0.5577689243027888,0.5219123505976095,0.4860557768924303,0.4541832669322709,0.8764940239043825,0.10756972111553785,0.6733067729083665,0.3904382470119522,0.4541832669322709,0.3386454183266932,0.41434262948207173,0.24302788844621515,0.8167330677290837,-0.05179282868525897,0.6095617529880478,0.22709163346613545,0.41434262948207173,0.17928286852589642,0.38247011952191234,0.09163346613545817,0.7131474103585658,-0.19123505976095617,0.5697211155378487,0.035856573705179286,0.42231075697211157,0.027888446215139442,0.3904382470119522,-0.035856573705179286
3,0.0,0.0,0.17073170731707318,0.3170731707317073,0.4146341463414634,0.573170731707317,0.5528455284552846,0.8008130081300813,0.6097560975609756,1.0,0.8780487804878049,0.26422764227642276,0.8170731707317073,0.556910569105691,0.5650406504065041,0.532520325203252,0.47560975609756095,0.45528455284552843,0.8821138211382114,0.08536585365853659,0.6910569105691057,0.4186991869918699,0.45121951219512196,0.35365853658536583,0.4065040650406504,0.23577235772357724,0.8089430894308943,-0.07723577235772358,0.6178861788617886,0.24390243902439024,0.4146341463414634,0.1910569105691057,0.3902439024390244,0.07723577235772358,0.6910569105691057,-0.21138211382113822,0.5609756097560976,0.056910569105691054,0.4146341463414634,0.036585365853658534,0.3902439024390244,-0.052845528455284556
3,0.0,0.0,0.15139442231075698,0.3107569721115538,0.3904382470119522,0.5657370517928287,0.5219123505976095,0.7888446215139442,0.5776892430278885,1.0,0.8645418326693227,0.2788844621513944,0.796812749003984,0.5338645418326693,0.5617529880478087,0.49800796812749004,0.47410358565737054,0.4262948207171315,0.8645418326693227,0.09163346613545817,0.6733067729083665,0.41434262948207173,0.44621513944223107,0.3466135458167331,0.4063745019920319,0.23107569721115537,0.7888446215139442,-0.07171314741035857,0.5896414342629482,0.24701195219123506,0.3944223107569721,0.18725099601593626,0.3784860557768924,0.08764940239043825,0.6733067729083665,-0.21115537848605578,0.545816733067729,0.05976095617529881,0.398406374501992,0.04780876494023904,0.3784860557768924,-0.03187250996015936
3,0.0,0.0,0.08646616541353383,0.3082706766917293,0.24436090225563908,0.575187969924812,0.3308270676691729,0.8007518796992481,0.38345864661654133,1.0,0.7293233082706767,0.36466165413533835,0.6052631578947368,0.5375939849624061,0.4398496240601504,0.5037593984962406,0.42105263157894735,0.45864661654135336,0.7706766917293233,0.18421052631578946,0.5714285714285714,0.38345864661654133,0.35714285714285715,0.30451127819548873,0.3533834586466165,0.20300751879699247,0.7481203007518797,0.007518796992481203,0.5451127819548872,0.20300751879699247,0.34210526315789475,0.15037593984962405,0.3533834586466165,0.07518796992481203,0.6804511278195489,-0.16165413533834586,0.5488721804511278,0.018796992481203006,0.38721804511278196,0.007518796992481203,0.37218045112781956,-0.045112781954887216
3,0.0,0.0,0.06451612903225806,0.30824372759856633,0.2222222222222222,0.5913978494623656,0.30824372759856633,0.8100358422939068,0.33691756272401435,1.0,0.7060931899641577,0.3942652329749104,0.5555555555555556,0.5663082437275986,0.36200716845878134,0.45161290322580644,0.35842293906810035,0.3763440860215054,0.7562724014336918,0.21863799283154123,0.5412186379928315,0.4229390681003584,0.34050179211469533,0.3154121863799283,0.35842293906810035,0.23655913978494625,0.7455197132616488,0.05017921146953405,0.5125448028673835,0.23297491039426524,0.32974910394265233,0.15770609318996415,0.36200716845878134,0.08960573476702509,0.6953405017921147,-0.10752688172043011,0.5161290322580645,0.04659498207885305,0.3763440860215054,0.021505376344086023,0.3906810035842294,-0.02867383512544803
3,0.0,0.0,0.06405693950177936,0.3096085409252669,0.2277580071174377,0.597864768683274,0.33807829181494664,0.8042704626334519,0.3701067615658363,1.0,0.708185053380783,0.40569395017793597,0.5587188612099644,0.5765124555160143,0.36298932384341637,0.44483985765124556,0.3736654804270463,0.3594306049822064,0.7651245551601423,0.2277580071174377,0.5444839857651246,0.4199288256227758,0.3416370106761566,0.30604982206405695,0.3665480427046263,0.23487544483985764,0.7508896797153025,0.05693950177935943,0.5231316725978647,0.2277580071174377,0.33807829181494664,0.1423487544483986,0.37722419928825623,0.07473309608540925,0.697508896797153,-0.099644128113879,0.5373665480427047,0.042704626334519574,0.398576512455516,0.017793594306049824,0.4128113879003559,-0.03202846975088968
3,0.0,0.0,0.09782608695652174,0.3007246376811594,0.26811594202898553,0.5688405797101449,0.3804347826086957,0.7898550724637681,0.42028985507246375,1.0,0.7753623188405797,0.37318840579710144,0.6304347826086957,0.5688405797101449,0.4166666666666667,0.4528985507246377,0.37681159420289856,0.35507246376811596,0.8188405797101449,0.19202898550724637,0.5869565217391305,0.42391304347826086,0.37318840579710144,0.3188405797101449,0.36231884057971014,0.2318840579710145,0.7862318840579711,0.021739130434782608,0.5543478260869565,0.23550724637681159,0.36231884057971014,0.15942028985507245,0.36594202898550726,0.08333333333333333,0.7137681159420289,-0.12681159420289856,0.5543478260869565,0.04710144927536232,0.4057971014492754,0.025362318840579712,0.39492753623188404,-0.021739130434782608
3,0.0,0.0,0.13307984790874525,0.311787072243346,0.3193916349809886,0.5779467680608364,0.43346007604562736,0.8022813688212928,0.5057034220532319,1.0,0.8288973384030418,0.34600760456273766,0.7034220532319392,0.5741444866920152,0.4790874524714829,0.5171102661596958,0.39543726235741444,0.4296577946768061,0.8555133079847909,0.17110266159695817,0.6501901140684411,0.41825095057034223,0.42585551330798477,0.33840304182509506,0.3612167300380228,0.23574144486692014,0.8098859315589354,0.0,0.6083650190114068,0.2509505703422053,0.40304182509505704,0.18631178707224336,0.35361216730038025,0.09505703422053231,0.7224334600760456,-0.155893536121673,0.5855513307984791,0.057034220532319393,0.42585551330798477,0.03802281368821293,0.3840304182509506,-0.022813688212927757
3,0.0,0.0,0.17427385892116182,0.34854771784232363,0.4066390041493776,0.6182572614107884,0.5767634854771784,0.8257261410788381,0.7219917012448133,1.0,0.9626556016597511,0.3278008298755187,0.8381742738589212,0.6182572614107884,0.5809128630705395,0.5518672199170125,0.5228215767634855,0.45643153526970953,0.979253112033195,0.13692946058091288,0.7593360995850622,0.4730290456431535,0.5145228215767634,0.3941908713692946,0.4896265560165975,0.2863070539419087,0.9128630705394191,-0.03319502074688797,0.7012448132780082,0.3029045643153527,0.4730290456431535,0.23236514522821577,0.44813278008298757,0.12448132780082988,0.8008298755186722,-0.1825726141078838,0.6556016597510373,0.1078838174273859,0.4896265560165975,0.07883817427385892,0.4605809128630705,-0.02074688796680498
3,0.0,0.0,0.1646586345381526,0.3132530120481928,0.3895582329317269,0.5783132530120482,0.5301204819277109,0.8032128514056225,0.6385542168674698,1.0,0.8755020080321285,0.321285140562249,0.7389558232931727,0.606425702811245,0.5100401606425703,0.5220883534136547,0.4578313253012048,0.42168674698795183,0.8995983935742972,0.14859437751004015,0.6987951807228916,0.46184738955823296,0.4578313253012048,0.3654618473895582,0.42168674698795183,0.25301204819277107,0.8554216867469879,-0.01606425702811245,0.6546184738955824,0.2971887550200803,0.43775100401606426,0.22088353413654618,0.41365461847389556,0.11244979919678715,0.7550200803212851,-0.1646586345381526,0.6144578313253012,0.10040160642570281,0.46184738955823296,0.07228915662650602,0.4457831325301205,-0.01606425702811245
3,0.0,0.0,0.14166666666666666,0.32083333333333336,0.37916666666666665,0.6041666666666666,0.5416666666666666,0.825,0.6916666666666667,1.0,0.9083333333333333,0.31666666666666665,0.7708333333333334,0.5958333333333333,0.5333333333333333,0.5166666666666667,0.5,0.4166666666666667,0.9333333333333333,0.13333333333333333,0.7208333333333333,0.4666666666666667,0.475,0.36666666666666664,0.4666666666666667,0.24583333333333332,0.8875,-0.03333333333333333,0.6791666666666667,0.2916666666666667,0.45416666666666666,0.20833333333333334,0.4583333333333333,0.1,0.7958333333333333,-0.17916666666666667,0.6541666666666667,0.1,0.49166666666666664,0.0625,0.4875,-0.03333333333333333
3,0.0,0.0,0.09652509652509653,0.3127413127413127,0.29343629343629346,0.5868725868725869,0.416988416988417,0.8108108108108109,0.4980694980694981,1.0,0.8223938223938224,0.3783783783783784,0.6833976833976834,0.5752895752895753,0.4517374517374517,0.4980694980694981,0.42084942084942084,0.4092664092664093,0.8571428571428571,0.1891891891891892,0.6447876447876448,0.41312741312741313,0.39768339768339767,0.33204633204633205,0.3938223938223938,0.2277992277992278,0.8262548262548263,0.011583011583011582,0.6138996138996139,0.23166023166023167,0.38996138996138996,0.1776061776061776,0.38996138996138996,0.08108108108108109,0.752895752895753,-0.15444015444015444,0.61003861003861,0.04247104247104247,0.444015444015444,0.02702702702702703,0.42857142857142855,-0.04633204633204633
3,0.0,0.0,0.08518518518518518,0.3111111111111111,0.25555555555555554,0.5851851851851851,0.362962962962963,0.8111111111111111,0.4185185185185185,1.0,0.7481481481481481,0.4,0.6703703703703704,0.5555555555555556,0.45185185185185184,0.4703703703703704,0.37777777777777777,0.3962962962962963,0.7925925925925926,0.2222222222222222,0.6148148148148148,0.4148148148148148,0.3814814814814815,0.32592592592592595,0.37037037037037035,0.24074074074074073,0.7777777777777778,0.04814814814814815,0.5925925925925926,0.23703703703703705,0.37777777777777777,0.16666666666666666,0.3814814814814815,0.0962962962962963,0.7296296296296296,-0.12222222222222222,0.6111111111111112,0.05555555555555555,0.44074074074074077,0.02962962962962963,0.4222222222222222,-0.02962962962962963
3,0.0,0.0,0.0599250936329588,0.299625468164794,0.21722846441947566,0.5805243445692884,0.3295880149812734,0.797752808988764,0.36329588014981273,1.0,0.7602996254681648,0.449438202247191,0.6441947565543071,0.5692883895131086,0.4232209737827715,0.46441947565543074,0.3445692883895131,0.3782771535580524,0.8127340823970037,0.2546816479400749,0.6067415730337079,0.4157303370786517,0.3782771535580524,0.31086142322097376,0.34831460674157305,0.21722846441947566,0.797752808988764,0.06741573033707865,0.5805243445692884,0.23220973782771537,0.37453183520599254,0.15730337078651685,0.3595505617977528,0.0898876404494382,0.7378277153558053,-0.11610486891385768,0.5955056179775281,0.03745318352059925,0.42696629213483145,0.011235955056179775,0.4044943820224719,-0.033707865168539325
3,0.0,0.0,0.1076923076923077,0.3038461538461538,0.29615384615384616,0.573076923076923,0.4230769230769231,0.7961538461538461,0.4807692307692308,1.0,0.7653846153846153,0.3230769230769231,0.7269230769230769,0.5,0.5115384615384615,0.47307692307692306,0.43846153846153846,0.4230769230769231,0.8038461538461539,0.1346153846153846,0.6230769230769231,0.36923076923076925,0.4153846153846154,0.33076923076923076,0.38846153846153847,0.25384615384615383,0.7653846153846153,-0.038461538461538464,0.573076923076923,0.2076923076923077,0.38461538461538464,0.18076923076923077,0.36153846153846153,0.11153846153846154,0.6846153846153846,-0.19615384615384615,0.55,0.023076923076923078,0.4,0.03461538461538462,0.36153846153846153,-0.011538461538461539
3,0.0,0.0,0.14615384615384616,0.3153846153846154,0.38076923076923075,0.5807692307692308,0.5115384615384615,0.7923076923076923,0.5769230769230769,1.0,0.8423076923076923,0.28846153846153844,0.6807692307692308,0.5769230769230769,0.4846153846153846,0.4807692307692308,0.5038461538461538,0.3769230769230769,0.8461538461538461,0.11923076923076924,0.5961538461538461,0.4461538461538462,0.4115384615384615,0.35,0.4576923076923077,0.24615384615384617,0.7769230769230769,-0.023076923076923078,0.5346153846153846,0.2846153846153846,0.36538461538461536,0.21153846153846154,0.4115384615384615,0.11538461538461539,0.6730769230769231,-0.13846153846153847,0.5038461538461538,0.11923076923076924,0.3730769230769231,0.08076923076923077,0.3923076923076923,-0.0038461538461538464
3,0.0,0.0,0.16205533596837945,0.3201581027667984,0.383399209486166,0.5810276679841897,0.5019762845849802,0.7984189723320159,0.5533596837944664,1.0,0.83399209486166,0.2964426877470356,0.6956521739130435,0.5533596837944664,0.4980237154150198,0.48616600790513836,0.4624505928853755,0.3952569169960474,0.8260869565217391,0.12648221343873517,0.616600790513834,0.42292490118577075,0.4268774703557312,0.34782608695652173,0.39920948616600793,0.24110671936758893,0.7549407114624506,-0.019762845849802372,0.541501976284585,0.26877470355731226,0.37549407114624506,0.20948616600790515,0.36363636363636365,0.11067193675889328,0.6442687747035574,-0.1383399209486166,0.49407114624505927,0.1067193675889328,0.35968379446640314,0.07509881422924901,0.3438735177865613,-0.007905138339920948
3,0.0,0.0,0.11673151750972763,0.3035019455252918,0.3035019455252918,0.5719844357976653,0.4046692607003891,0.8015564202334631,0.46303501945525294,1.0,0.754863813229572,0.32684824902723736,0.5875486381322957,0.5642023346303502,0.40077821011673154,0.4669260700389105,0.3540856031128405,0.3657587548638132,0.7704280155642024,0.14785992217898833,0.5525291828793775,0.41245136186770426,0.36964980544747084,0.311284046692607,0.32684824902723736,0.21011673151750973,0.7198443579766537,-0.01556420233463035,0.5175097276264592,0.245136186770428,0.3540856031128405,0.17120622568093385,0.32684824902723736,0.07782101167315175,0.6186770428015564,-0.1517509727626459,0.4708171206225681,0.058365758754863814,0.33852140077821014,0.0311284046692607,0.30739299610894943,-0.03501945525291829
3,0.0,0.0,0.07722007722007722,0.3088803088803089,0.24324324324324326,0.5868725868725869,0.3204633204633205,0.806949806949807,0.3474903474903475,1.0,0.749034749034749,0.3938223938223938,0.5405405405405406,0.5598455598455598,0.3590733590733591,0.46332046332046334,0.3436293436293436,0.3745173745173745,0.7722007722007722,0.20077220077220076,0.5096525096525096,0.38996138996138996,0.32432432432432434,0.3088803088803089,0.3127413127413127,0.22007722007722008,0.7258687258687259,0.019305019305019305,0.47876447876447875,0.2084942084942085,0.3088803088803089,0.15444015444015444,0.29343629343629346,0.08108108108108109,0.637065637065637,-0.138996138996139,0.4671814671814672,0.023166023166023165,0.3127413127413127,0.007722007722007722,0.28185328185328185,-0.03474903474903475
3,0.0,0.0,0.0694980694980695,0.30115830115830117,0.21621621621621623,0.5752895752895753,0.2972972972972973,0.7992277992277992,0.3127413127413127,1.0,0.7258687258687259,0.4247104247104247,0.6254826254826255,0.528957528957529,0.39768339768339767,0.44787644787644787,0.32432432432432434,0.3938223938223938,0.7606177606177607,0.2277992277992278,0.5366795366795367,0.37065637065637064,0.3204633204633205,0.29343629343629346,0.277992277992278,0.23166023166023167,0.7335907335907336,0.04247104247104247,0.47104247104247104,0.20077220077220076,0.2857142857142857,0.13513513513513514,0.2548262548262548,0.07335907335907337,0.6640926640926641,-0.1274131274131274,0.4594594594594595,0.019305019305019305,0.30115830115830117,-0.011583011583011582,0.2625482625482625,-0.05791505791505792
3,0.0,0.0,0.04150943396226415,0.29056603773584905,0.17735849056603772,0.5773584905660377,0.2490566037735849,0.8037735849056604,0.24528301886792453,1.0,0.6830188679245283,0.41132075471698115,0.44528301886792454,0.5433962264150943,0.27169811320754716,0.43018867924528303,0.30943396226415093,0.3584905660377358,0.720754716981132,0.21132075471698114,0.41132075471698115,0.37358490566037733,0.2490566037735849,0.29056603773584905,0.30943396226415093,0.2339622641509434,0.690566037735849,0.03018867924528302,0.39622641509433965,0.1811320754716981,0.2528301886792453,0.1320754716981132,0.3132075471698113,0.0830188679245283,0.6188679245283019,-0.1320754716981132,0.4075471698113208,-0.0037735849056603774,0.29056603773584905,-0.0037735849056603774,0.30943396226415093,-0.026415094339622643
3,0.0,0.0,0.05303030303030303,0.3068181818181818,0.20075757575757575,0.5757575757575758,0.2689393939393939,0.7954545454545454,0.2803030303030303,1.0,0.7083333333333334,0.4128787878787879,0.4734848484848485,0.5454545454545454,0.2878787878787879,0.4393939393939394,0.3068181818181818,0.36742424242424243,0.7575757575757576,0.2196969696969697,0.45075757575757575,0.39015151515151514,0.2689393939393939,0.3068181818181818,0.3068181818181818,0.24621212121212122,0.7310606060606061,0.041666666666666664,0.42424242424242425,0.20454545454545456,0.26515151515151514,0.14772727272727273,0.3143939393939394,0.0946969696969697,0.6590909090909091,-0.12121212121212122,0.4393939393939394,0.015151515151515152,0.3106060606060606,0.007575757575757576,0.3333333333333333,-0.030303030303030304
3,0.0,0.0,0.07936507936507936,0.3134920634920635,0.24206349206349206,0.5753968253968254,0.3333333333333333,0.7936507936507936,0.36904761904761907,1.0,0.7658730158730159,0.36904761904761907,0.5476190476190477,0.5555555555555556,0.3611111111111111,0.44841269841269843,0.39285714285714285,0.3611111111111111,0.7857142857142857,0.16666666666666666,0.47619047619047616,0.376984126984127,0.3055555555555556,0.29365079365079366,0.3531746031746032,0.2222222222222222,0.7341269841269841,-0.011904761904761904,0.4246031746031746,0.1865079365079365,0.28174603174603174,0.13095238095238096,0.3373015873015873,0.06349206349206349,0.6428571428571429,-0.17063492063492064,0.4166666666666667,0.0,0.30158730158730157,-0.01984126984126984,0.3333333333333333,-0.07539682539682539
3,0.0,0.0,0.13991769547325103,0.31275720164609055,0.36213991769547327,0.5761316872427984,0.4732510288065844,0.7942386831275721,0.522633744855967,1.0,0.8436213991769548,0.2880658436213992,0.6954732510288066,0.5349794238683128,0.49382716049382713,0.4773662551440329,0.4897119341563786,0.39094650205761317,0.8353909465020576,0.0823045267489712,0.5761316872427984,0.3662551440329218,0.39094650205761317,0.32098765432098764,0.411522633744856,0.23045267489711935,0.7489711934156379,-0.09465020576131687,0.4773662551440329,0.18930041152263374,0.3168724279835391,0.16049382716049382,0.34156378600823045,0.07818930041152264,0.6213991769547325,-0.23868312757201646,0.42386831275720166,0.00823045267489712,0.3004115226337449,0.012345679012345678,0.30864197530864196,-0.053497942386831275
3,0.0,0.0,0.16806722689075632,0.31932773109243695,0.39915966386554624,0.5714285714285714,0.5084033613445378,0.7941176470588235,0.5588235294117647,1.0,0.8613445378151261,0.24369747899159663,0.8235294117647058,0.4369747899159664,0.6596638655462185,0.4789915966386555,0.592436974789916,0.4831932773109244,0.8445378151260504,0.046218487394957986,0.6764705882352942,0.29831932773109243,0.5126050420168067,0.33613445378151263,0.4831932773109244,0.3235294117647059,0.7478991596638656,-0.12184873949579832,0.5294117647058824,0.15966386554621848,0.37815126050420167,0.15546218487394958,0.37815126050420167,0.09243697478991597,0.6092436974789915,-0.25630252100840334,0.4369747899159664,-0.008403361344537815,0.31932773109243695,0.0,0.31932773109243695,-0.06302521008403361
3,0.0,0.0,0.09411764705882353,0.30980392156862746,0.2627450980392157,0.5725490196078431,0.32941176470588235,0.8,0.34509803921568627,1.0,0.7686274509803922,0.3333333333333333,0.5843137254901961,0.5333333333333333,0.4,0.4745098039215686,0.4196078431372549,0.4,0.7725490196078432,0.13725490196078433,0.49411764705882355,0.37254901960784315,0.3215686274509804,0.32941176470588235,0.36470588235294116,0.25882352941176473,0.7098039215686275,-0.03529411764705882,0.43137254901960786,0.19215686274509805,0.2823529411764706,0.16862745098039217,0.32941176470588235,0.09411764705882353,0.6078431372549019,-0.18823529411764706,0.39215686274509803,0.00784313725490196,0.27058823529411763,0.0196078431372549,0.2901960784313726,-0.027450980392156862
3,0.0,0.0,0.056818181818181816,0.29924242424242425,0.2159090909090909,0.5833333333333334,0.2840909090909091,0.7992424242424242,0.2803030303030303,1.0,0.7045454545454546,0.39015151515151514,0.48863636363636365,0.5416666666666666,0.30303030303030304,0.42803030303030304,0.32575757575757575,0.36363636363636365,0.75,0.20075757575757575,0.4621212121212121,0.38636363636363635,0.2765151515151515,0.29545454545454547,0.32196969696969696,0.24242424242424243,0.7234848484848485,0.026515151515151516,0.4356060606060606,0.19318181818181818,0.2765151515151515,0.13257575757575757,0.3333333333333333,0.07954545454545454,0.6515151515151515,-0.12878787878787878,0.4356060606060606,0.007575757575757576,0.3068181818181818,-0.007575757575757576,0.3333333333333333,-0.04924242424242424
3,0.0,0.0,0.04363636363636364,0.29818181818181816,0.18181818181818182,0.5745454545454546,0.2545454545454545,0.7963636363636364,0.24727272727272728,1.0,0.6945454545454546,0.44363636363636366,0.5054545454545455,0.5745454545454546,0.32,0.44727272727272727,0.33454545454545453,0.37454545454545457,0.76,0.26545454545454544,0.4909090909090909,0.4109090909090909,0.3054545454545455,0.3090909090909091,0.3418181818181818,0.2581818181818182,0.7490909090909091,0.09090909090909091,0.4727272727272727,0.21454545454545454,0.3090909090909091,0.15272727272727274,0.3527272727272727,0.10909090909090909,0.6945454545454546,-0.06909090909090909,0.48,0.02909090909090909,0.34545454545454546,0.014545454545454545,0.36363636363636365,-0.014545454545454545
3,0.0,0.0,0.051094890510948905,0.2956204379562044,0.17518248175182483,0.5693430656934306,0.2518248175182482,0.791970802919708,0.26277372262773724,1.0,0.708029197080292,0.43795620437956206,0.5583941605839416,0.583941605839416,0.354014598540146,0.4744525547445255,0.3357664233576642,0.3978102189781022,0.7664233576642335,0.25547445255474455,0.5255474452554745,0.4197080291970803,0.3248175182481752,0.33211678832116787,0.33941605839416056,0.26277372262773724,0.7518248175182481,0.072992700729927,0.5036496350364964,0.22262773722627738,0.3284671532846715,0.1678832116788321,0.3467153284671533,0.10948905109489052,0.6970802919708029,-0.09124087591240876,0.5182481751824818,0.029197080291970802,0.3722627737226277,0.021897810218978103,0.3613138686131387,-0.010948905109489052
3,0.0,0.0,0.07407407407407407,0.2962962962962963,0.22962962962962963,0.562962962962963,0.34074074074074073,0.7851851851851852,0.37777777777777777,1.0,0.7444444444444445,0.42962962962962964,0.6259259259259259,0.5851851851851851,0.40370370370370373,0.4888888888888889,0.3148148148148148,0.4111111111111111,0.8074074074074075,0.24814814814814815,0.6111111111111112,0.4074074074074074,0.3888888888888889,0.32222222222222224,0.32592592592592595,0.2518518518518518,0.7962962962962963,0.06666666666666667,0.5703703703703704,0.2111111111111111,0.37407407407407406,0.15555555555555556,0.3333333333333333,0.1037037037037037,0.737037037037037,-0.1,0.5777777777777777,0.018518518518518517,0.4185185185185185,0.014814814814814815,0.37407407407407406,-0.011111111111111112
3,0.0,0.0,0.1821705426356589,0.32558139534883723,0.4108527131782946,0.5891472868217055,0.5503875968992248,0.810077519379845,0.627906976744186,1.0,0.748062015503876,0.36046511627906974,0.7945736434108527,0.5038759689922481,0.6007751937984496,0.4689922480620155,0.5077519379844961,0.3953488372093023,0.7906976744186046,0.18992248062015504,0.7713178294573644,0.38372093023255816,0.5503875968992248,0.35658914728682173,0.46511627906976744,0.2751937984496124,0.7906976744186046,0.023255813953488372,0.7596899224806202,0.2248062015503876,0.5387596899224806,0.2054263565891473,0.44573643410852715,0.13565891472868216,0.7558139534883721,-0.15503875968992248,0.751937984496124,0.04263565891472868,0.5697674418604651,0.06201550387596899,0.4728682170542636,0.023255813953488372
3,0.0,0.0,0.19823788546255505,0.3832599118942731,0.4185022026431718,0.6740088105726872,0.5903083700440529,0.801762114537445,0.7224669603524229,0.8149779735682819,0.9427312775330396,0.3964757709251101,0.8722466960352423,0.6211453744493393,0.6475770925110133,0.5550660792951542,0.5638766519823789,0.44933920704845814,1.0,0.2026431718061674,0.8325991189427313,0.4581497797356828,0.5991189427312775,0.3964757709251101,0.5330396475770925,0.29515418502202645,0.973568281938326,0.01762114537444934,0.788546255506608,0.28193832599118945,0.5770925110132159,0.23348017621145375,0.5154185022026432,0.14537444933920704,0.8898678414096917,-0.15859030837004406,0.7533039647577092,0.07048458149779736,0.5814977973568282,0.07488986784140969,0.5330396475770925,0.013215859030837005
3,0.0,0.0,0.13537117903930132,0.35807860262008734,0.37117903930131,0.6506550218340611,0.5502183406113537,0.8384279475982532,0.6855895196506551,1.0,0.9170305676855895,0.3537117903930131,0.7816593886462883,0.6331877729257642,0.5458515283842795,0.5414847161572053,0.5152838427947598,0.4366812227074236,0.9519650655021834,0.15283842794759825,0.7467248908296943,0.47161572052401746,0.4890829694323144,0.37117903930131,0.4759825327510917,0.26200873362445415,0.9082969432314411,-0.039301310043668124,0.7030567685589519,0.27074235807860264,0.4672489082969432,0.20087336244541484,0.4497816593886463,0.09606986899563319,0.8122270742358079,-0.21397379912663755,0.6768558951965066,0.039301310043668124,0.4978165938864629,0.034934497816593885,0.4672489082969432,-0.034934497816593885
3,0.0,0.0,0.11196911196911197,0.3088803088803089,0.3166023166023166,0.583011583011583,0.4362934362934363,0.7953667953667953,0.49034749034749037,1.0,0.8262548262548263,0.3783783783783784,0.7027027027027027,0.6023166023166023,0.47876447876447875,0.5057915057915058,0.4517374517374517,0.41312741312741313,0.8687258687258688,0.1776061776061776,0.6756756756756757,0.4247104247104247,0.4247104247104247,0.33204633204633205,0.43243243243243246,0.23552123552123552,0.8378378378378378,-0.011583011583011582,0.640926640926641,0.22007722007722008,0.416988416988417,0.15444015444015444,0.43243243243243246,0.06177606177606178,0.7606177606177607,-0.1891891891891892,0.6254826254826255,0.007722007722007722,0.4555984555984556,0.003861003861003861,0.4555984555984556,-0.05405405405405406
3,0.0,0.0,0.06227106227106227,0.2967032967032967,0.23076923076923078,0.5714285714285714,0.3443223443223443,0.7912087912087912,0.3882783882783883,1.0,0.7252747252747253,0.4249084249084249,0.6776556776556777,0.5421245421245421,0.4542124542124542,0.47619047619047616,0.3772893772893773,0.4065934065934066,0.7838827838827839,0.23809523809523808,0.6373626373626373,0.38461538461538464,0.3956043956043956,0.304029304029304,0.36996336996337,0.22344322344322345,0.7802197802197802,0.05128205128205128,0.608058608058608,0.19413919413919414,0.3882783882783883,0.1391941391941392,0.3772893772893773,0.07326007326007326,0.73992673992674,-0.12454212454212454,0.6263736263736264,0.018315018315018316,0.4542124542124542,0.007326007326007326,0.42857142857142855,-0.040293040293040296
3,0.0,0.0,0.04964539007092199,0.2872340425531915,0.20567375886524822,0.5709219858156028,0.31560283687943264,0.7943262411347518,0.3617021276595745,1.0,0.6773049645390071,0.4716312056737589,0.6170212765957447,0.5602836879432624,0.43617021276595747,0.45390070921985815,0.36524822695035464,0.37943262411347517,0.7446808510638298,0.2978723404255319,0.6063829787234043,0.38652482269503546,0.41134751773049644,0.29432624113475175,0.38652482269503546,0.23404255319148937,0.75177304964539,0.11702127659574468,0.6028368794326241,0.19858156028368795,0.41843971631205673,0.14184397163120568,0.4078014184397163,0.10283687943262411,0.723404255319149,-0.06028368794326241,0.6276595744680851,0.028368794326241134,0.4787234042553192,0.014184397163120567,0.4574468085106383,-0.010638297872340425
3,0.0,0.0,0.05714285714285714,0.2857142857142857,0.21071428571428572,0.5571428571428572,0.3142857142857143,0.7857142857142857,0.3535714285714286,1.0,0.6642857142857143,0.4357142857142857,0.5964285714285714,0.5428571428571428,0.42142857142857143,0.43214285714285716,0.36428571428571427,0.3607142857142857,0.7428571428571429,0.26785714285714285,0.6,0.3964285714285714,0.39285714285714285,0.3,0.3678571428571429,0.24285714285714285,0.7535714285714286,0.09285714285714286,0.5964285714285714,0.225,0.4035714285714286,0.15357142857142858,0.39285714285714285,0.10714285714285714,0.7321428571428571,-0.075,0.6142857142857143,0.05,0.4607142857142857,0.03214285714285714,0.44285714285714284,-0.0035714285714285713
3,0.0,0.0,0.046263345195729534,0.28825622775800713,0.19572953736654805,0.5693950177935944,0.31316725978647686,0.7864768683274022,0.35231316725978645,1.0,0.6725978647686833,0.44483985765124556,0.5622775800711743,0.5693950177935944,0.3914590747330961,0.4412811387900356,0.35587188612099646,0.35231316725978645,0.7508896797153025,0.2704626334519573,0.5765124555160143,0.4128113879003559,0.3736654804270463,0.302491103202847,0.3665480427046263,0.23843416370106763,0.7615658362989324,0.09252669039145907,0.5658362989323843,0.2277580071174377,0.37722419928825623,0.1423487544483986,0.3807829181494662,0.08896797153024912,0.7295373665480427,-0.07829181494661921,0.5871886120996441,0.046263345195729534,0.4412811387900356,0.017793594306049824,0.4377224199288256,-0.017793594306049824
3,0.0,0.0,0.1044776119402985,0.31343283582089554,0.2798507462686567,0.5895522388059702,0.39552238805970147,0.8059701492537313,0.4626865671641791,1.0,0.8097014925373134,0.35074626865671643,0.6791044776119403,0.5634328358208955,0.47761194029850745,0.5223880597014925,0.40671641791044777,0.4664179104477612,0.8507462686567164,0.17537313432835822,0.6343283582089553,0.4141791044776119,0.41044776119402987,0.3283582089552239,0.3805970149253731,0.22761194029850745,0.8134328358208955,-0.0037313432835820895,0.6007462686567164,0.22761194029850745,0.3917910447761194,0.15671641791044777,0.3843283582089552,0.07462686567164178,0.7350746268656716,-0.16791044776119404,0.5895522388059702,0.029850746268656716,0.4291044776119403,0.011194029850746268,0.41044776119402987,-0.048507462686567165
3,0.0,0.0,0.136,0.332,0.34,0.604,0.48,0.816,0.58,1.0,0.888,0.376,0.776,0.612,0.54,0.54,0.504,0.448,0.924,0.18,0.708,0.452,0.46,0.368,0.46,0.268,0.88,-0.004,0.644,0.26,0.416,0.184,0.428,0.084,0.796,-0.176,0.624,0.048,0.46,0.028,0.452,-0.048
3,0.0,0.0,0.128,0.32,0.34,0.6,0.488,0.808,0.58,1.0,0.848,0.352,0.74,0.612,0.508,0.52,0.492,0.416,0.876,0.156,0.672,0.448,0.428,0.352,0.436,0.248,0.832,-0.02,0.628,0.252,0.4,0.18,0.408,0.08,0.744,-0.18,0.612,0.048,0.444,0.028,0.432,-0.052
3,0.0,0.0,0.07116104868913857,0.2883895131086142,0.24344569288389514,0.5617977528089888,0.34831460674157305,0.7902621722846442,0.3857677902621723,1.0,0.7790262172284644,0.42696629213483145,0.6741573033707865,0.5131086142322098,0.449438202247191,0.42696629213483145,0.36704119850187267,0.3595505617977528,0.8239700374531835,0.2397003745318352,0.6292134831460674,0.3595505617977528,0.3970037453183521,0.27340823970037453,0.36704119850187267,0.20599250936329588,0.8014981273408239,0.052434456928838954,0.6067415730337079,0.1797752808988764,0.3970037453183521,0.12359550561797752,0.38202247191011235,0.0749063670411985,0.7378277153558053,-0.12734082397003746,0.6179775280898876,-0.003745318352059925,0.449438202247191,-0.0149812734082397,0.4232209737827715,-0.04868913857677903
3,0.0,0.0,0.04727272727272727,0.29454545454545455,0.19636363636363635,0.5745454545454546,0.2727272727272727,0.7963636363636364,0.28363636363636363,1.0,0.7345454545454545,0.44363636363636366,0.5672727272727273,0.5672727272727273,0.36727272727272725,0.4727272727272727,0.3709090909090909,0.4072727272727273,0.7890909090909091,0.2545454545454545,0.5454545454545454,0.4109090909090909,0.3490909090909091,0.33454545454545453,0.38181818181818183,0.2727272727272727,0.7781818181818182,0.07272727272727272,0.5272727272727272,0.22545454545454546,0.34545454545454546,0.1781818181818182,0.3890909090909091,0.12363636363636364,0.730909090909091,-0.09818181818181818,0.5454545454545454,0.05454545454545454,0.4036363636363636,0.03636363636363636,0.41454545454545455,-0.01818181818181818
3,0.0,0.0,0.04659498207885305,0.2939068100358423,0.16845878136200718,0.5734767025089605,0.24731182795698925,0.7921146953405018,0.25089605734767023,1.0,0.6559139784946236,0.4551971326164875,0.5125448028673835,0.5949820788530465,0.3118279569892473,0.4659498207885305,0.2831541218637993,0.3870967741935484,0.7240143369175627,0.27956989247311825,0.5197132616487455,0.44802867383512546,0.3154121863799283,0.3333333333333333,0.3154121863799283,0.25448028673835127,0.7240143369175627,0.1039426523297491,0.5161290322580645,0.25089605734767023,0.31899641577060933,0.17562724014336917,0.3333333333333333,0.1111111111111111,0.6774193548387096,-0.06451612903225806,0.5412186379928315,0.06093189964157706,0.3835125448028674,0.03942652329749104,0.3727598566308244,-0.007168458781362007
3,0.0,0.0,0.07608695652173914,0.30434782608695654,0.22826086956521738,0.5869565217391305,0.3188405797101449,0.7971014492753623,0.33695652173913043,1.0,0.7101449275362319,0.41304347826086957,0.5253623188405797,0.605072463768116,0.32971014492753625,0.47101449275362317,0.33695652173913043,0.38768115942028986,0.7753623188405797,0.2427536231884058,0.5398550724637681,0.45652173913043476,0.3333333333333333,0.33695652173913043,0.36231884057971014,0.2644927536231884,0.7608695652173914,0.07971014492753623,0.532608695652174,0.2644927536231884,0.34782608695652173,0.18840579710144928,0.38405797101449274,0.12318840579710146,0.7065217391304348,-0.06884057971014493,0.5434782608695652,0.07608695652173914,0.39855072463768115,0.04710144927536232,0.40942028985507245,-0.0036231884057971015
3,0.0,0.0,0.14901960784313725,0.30980392156862746,0.39215686274509803,0.5607843137254902,0.5372549019607843,0.7764705882352941,0.592156862745098,1.0,0.8588235294117647,0.2784313725490196,0.7450980392156863,0.49411764705882355,0.5411764705882353,0.45098039215686275,0.4980392156862745,0.3764705882352941,0.8705882352941177,0.09803921568627451,0.6313725490196078,0.4117647058823529,0.42745098039215684,0.33725490196078434,0.4117647058823529,0.2196078431372549,0.796078431372549,-0.058823529411764705,0.5529411764705883,0.2549019607843137,0.3803921568627451,0.19607843137254902,0.3803921568627451,0.09803921568627451,0.6823529411764706,-0.19607843137254902,0.5058823529411764,0.06274509803921569,0.3764705882352941,0.050980392156862744,0.3686274509803922,-0.011764705882352941
3,0.0,0.0,0.1774193548387097,0.3185483870967742,0.43951612903225806,0.5685483870967742,0.5806451612903226,0.7862903225806451,0.6370967741935484,1.0,0.8870967741935484,0.23387096774193547,0.7056451612903226,0.5161290322580645,0.5120967741935484,0.4314516129032258,0.5040322580645161,0.3467741935483871,0.8669354838709677,0.056451612903225805,0.625,0.3951612903225806,0.4435483870967742,0.3024193548387097,0.4596774193548387,0.20161290322580644,0.7782258064516129,-0.09274193548387097,0.5362903225806451,0.24596774193548387,0.3870967741935484,0.1693548387096774,0.4153225806451613,0.06854838709677419,0.6532258064516129,-0.21370967741935484,0.4798387096774194,0.07661290322580645,0.3629032258064516,0.04032258064516129,0.375,-0.04838709677419355
3,0.0,0.0,0.156,0.316,0.384,0.572,0.492,0.8,0.556,1.0,0.844,0.252,0.632,0.544,0.44,0.464,0.436,0.368,0.82,0.072,0.548,0.4,0.368,0.312,0.384,0.204,0.732,-0.08,0.488,0.244,0.328,0.168,0.356,0.06,0.604,-0.204,0.432,0.072,0.308,0.032,0.316,-0.068
3,0.0,0.0,0.09195402298850575,0.3103448275862069,0.25287356321839083,0.5862068965517241,0.3333333333333333,0.8045977011494253,0.37547892720306514,1.0,0.7624521072796935,0.36015325670498083,0.5747126436781609,0.5862068965517241,0.36398467432950193,0.5134099616858238,0.32567049808429116,0.42911877394636017,0.7816091954022989,0.1685823754789272,0.5210727969348659,0.4329501915708812,0.3218390804597701,0.3524904214559387,0.3065134099616858,0.24904214559386972,0.7279693486590039,-0.007662835249042145,0.4789272030651341,0.24904214559386972,0.3103448275862069,0.18773946360153257,0.3065134099616858,0.09578544061302682,0.632183908045977,-0.15708812260536398,0.4482758620689655,0.06513409961685823,0.31800766283524906,0.04597701149425287,0.30268199233716475,-0.022988505747126436
3,0.0,0.0,0.033210332103321034,0.3025830258302583,0.15867158671586715,0.5830258302583026,0.2140221402214022,0.8007380073800738,0.1918819188191882,1.0,0.6937269372693727,0.44280442804428044,0.47601476014760147,0.5793357933579336,0.2915129151291513,0.4575645756457565,0.3284132841328413,0.4022140221402214,0.7453874538745388,0.25830258302583026,0.44649446494464945,0.42435424354243545,0.2656826568265683,0.30996309963099633,0.3210332103321033,0.25461254612546125,0.7269372693726938,0.08118081180811808,0.43911439114391143,0.23616236162361623,0.28044280442804426,0.15498154981549817,0.34317343173431736,0.1033210332103321,0.6715867158671587,-0.07749077490774908,0.4575645756457565,0.055350553505535055,0.3284132841328413,0.02214022140221402,0.35424354243542433,-0.02214022140221402
3,0.0,0.0,0.055762081784386616,0.3048327137546468,0.1970260223048327,0.5799256505576208,0.27137546468401486,0.7992565055762082,0.2825278810408922,1.0,0.7026022304832714,0.4275092936802974,0.5092936802973977,0.5947955390334573,0.3308550185873606,0.4721189591078067,0.34944237918215615,0.39776951672862454,0.7472118959107806,0.24535315985130113,0.4758364312267658,0.4349442379182156,0.2936802973977695,0.3271375464684015,0.31970260223048325,0.25650557620817843,0.724907063197026,0.07063197026022305,0.44609665427509293,0.24535315985130113,0.2899628252788104,0.16728624535315986,0.3308550185873606,0.10037174721189591,0.6579925650557621,-0.08921933085501858,0.45724907063197023,0.05947955390334572,0.3345724907063197,0.02973977695167286,0.35687732342007433,-0.022304832713754646
3,0.0,0.0,0.10384615384615385,0.3192307692307692,0.27307692307692305,0.5884615384615385,0.36538461538461536,0.8076923076923077,0.4115384615384615,1.0,0.7653846153846153,0.38076923076923075,0.5692307692307692,0.573076923076923,0.38846153846153847,0.47692307692307695,0.3769230769230769,0.38076923076923075,0.7807692307692308,0.18461538461538463,0.5153846153846153,0.4153846153846154,0.3423076923076923,0.3346153846153846,0.3346153846153846,0.24615384615384617,0.7269230769230769,0.011538461538461539,0.45384615384615384,0.23461538461538461,0.3076923076923077,0.17307692307692307,0.3153846153846154,0.08846153846153847,0.6269230769230769,-0.1423076923076923,0.4230769230769231,0.05,0.3076923076923077,0.023076923076923078,0.31153846153846154,-0.03461538461538462
3,0.0,0.0,0.1553784860557769,0.32270916334661354,0.3705179282868526,0.5936254980079682,0.4940239043824701,0.8007968127490039,0.545816733067729,1.0,0.848605577689243,0.3187250996015936,0.6733067729083665,0.5697211155378487,0.47410358565737054,0.47808764940239046,0.46613545816733065,0.3745019920318725,0.8406374501992032,0.12749003984063745,0.5936254980079682,0.41434262948207173,0.4063745019920319,0.3346613545816733,0.4063745019920319,0.23107569721115537,0.7689243027888446,-0.035856573705179286,0.5179282868525896,0.24302788844621515,0.35856573705179284,0.19123505976095617,0.3665338645418327,0.09561752988047809,0.6533864541832669,-0.17131474103585656,0.47410358565737054,0.08366533864541832,0.3466135458167331,0.06772908366533864,0.3426294820717131,-0.00796812749003984
3,0.0,0.0,0.16532258064516128,0.3225806451612903,0.40725806451612906,0.5806451612903226,0.5362903225806451,0.7943548387096774,0.592741935483871,1.0,0.8709677419354839,0.25806451612903225,0.6733870967741935,0.5564516129032258,0.47580645161290325,0.4637096774193548,0.4637096774193548,0.3467741935483871,0.8467741935483871,0.08064516129032258,0.5967741935483871,0.42338709677419356,0.4153225806451613,0.33064516129032256,0.42338709677419356,0.20967741935483872,0.7540322580645161,-0.06854838709677419,0.5282258064516129,0.2620967741935484,0.36693548387096775,0.20161290322580644,0.3870967741935484,0.0967741935483871,0.6290322580645161,-0.1814516129032258,0.46774193548387094,0.10080645161290322,0.35080645161290325,0.07258064516129033,0.3548387096774194,-0.012096774193548387
3,0.0,0.0,0.11627906976744186,0.29844961240310075,0.3023255813953488,0.5658914728682171,0.3875968992248062,0.7945736434108527,0.43410852713178294,1.0,0.7829457364341085,0.32945736434108525,0.5813953488372093,0.5503875968992248,0.40310077519379844,0.46511627906976744,0.3875968992248062,0.375968992248062,0.7868217054263565,0.1511627906976744,0.5426356589147286,0.40310077519379844,0.3643410852713178,0.313953488372093,0.3488372093023256,0.2131782945736434,0.7286821705426356,-0.011627906976744186,0.49612403100775193,0.2364341085271318,0.3372093023255814,0.1744186046511628,0.3488372093023256,0.08527131782945736,0.6317829457364341,-0.15503875968992248,0.46511627906976744,0.06976744186046512,0.3449612403100775,0.04263565891472868,0.3488372093023256,-0.031007751937984496
3,0.0,0.0,0.058365758754863814,0.30739299610894943,0.19066147859922178,0.5836575875486382,0.26459143968871596,0.7976653696498055,0.2918287937743191,1.0,0.7392996108949417,0.41245136186770426,0.5408560311284046,0.5797665369649806,0.32684824902723736,0.48249027237354086,0.29961089494163423,0.4046692607003891,0.7821011673151751,0.2140077821011673,0.5175097276264592,0.4046692607003891,0.3151750972762646,0.3151750972762646,0.311284046692607,0.23346303501945526,0.7587548638132295,0.027237354085603113,0.490272373540856,0.2140077821011673,0.311284046692607,0.1556420233463035,0.3229571984435798,0.08949416342412451,0.6848249027237354,-0.14007782101167315,0.49416342412451364,0.023346303501945526,0.35019455252918286,0.011673151750972763,0.3463035019455253,-0.038910505836575876
3,0.0,0.0,0.04182509505703422,0.30038022813688214,0.17110266159695817,0.5817490494296578,0.22813688212927757,0.8060836501901141,0.21292775665399238,1.0,0.6996197718631179,0.43346007604562736,0.49429657794676807,0.5741444866920152,0.3193916349809886,0.46387832699619774,0.33460076045627374,0.39923954372623577,0.7566539923954373,0.24334600760456274,0.4866920152091255,0.4144486692015209,0.311787072243346,0.3269961977186312,0.33840304182509506,0.2623574144486692,0.7452471482889734,0.06463878326996197,0.4752851711026616,0.22053231939163498,0.3193916349809886,0.1634980988593156,0.35361216730038025,0.11026615969581749,0.688212927756654,-0.10266159695817491,0.49809885931558934,0.030418250950570342,0.3650190114068441,0.022813688212927757,0.3688212927756654,-0.011406844106463879
3,0.0,0.0,0.05660377358490566,0.30566037735849055,0.18867924528301888,0.5849056603773585,0.24528301886792453,0.8,0.2490566037735849,1.0,0.7018867924528301,0.4037735849056604,0.5018867924528302,0.5811320754716981,0.32075471698113206,0.4641509433962264,0.33962264150943394,0.39245283018867927,0.7471698113207547,0.2188679245283019,0.4716981132075472,0.42641509433962266,0.29056603773584905,0.3283018867924528,0.3320754716981132,0.25660377358490566,0.720754716981132,0.04905660377358491,0.4528301886792453,0.24150943396226415,0.29056603773584905,0.16981132075471697,0.33962264150943394,0.10566037735849057,0.6490566037735849,-0.10566037735849057,0.45660377358490567,0.06037735849056604,0.32452830188679244,0.03773584905660377,0.33584905660377357,-0.011320754716981131
3,0.0,0.0,0.09652509652509653,0.3204633204633205,0.2548262548262548,0.5868725868725869,0.33976833976833976,0.803088803088803,0.38223938223938225,1.0,0.7644787644787645,0.3861003861003861,0.5714285714285714,0.5868725868725869,0.39768339768339767,0.4942084942084942,0.4092664092664093,0.4015444015444015,0.7760617760617761,0.20077220077220076,0.5135135135135135,0.4362934362934363,0.3474903474903475,0.3667953667953668,0.3667953667953668,0.277992277992278,0.722007722007722,0.02702702702702703,0.46332046332046334,0.25868725868725867,0.3088803088803089,0.2084942084942085,0.3359073359073359,0.12355212355212356,0.6254826254826255,-0.1274131274131274,0.4362934362934363,0.07722007722007722,0.3166023166023166,0.05405405405405406,0.32432432432432434,-0.015444015444015444
3,0.0,0.0,0.14342629482071714,0.33067729083665337,0.3466135458167331,0.5936254980079682,0.450199203187251,0.8047808764940239,0.50199203187251,1.0,0.8326693227091634,0.3386454183266932,0.6374501992031872,0.5856573705179283,0.4581673306772908,0.4860557768924303,0.46613545816733065,0.3705179282868526,0.8286852589641435,0.15139442231075698,0.5657370517928287,0.44621513944223107,0.398406374501992,0.36254980079681276,0.41434262948207173,0.2549800796812749,0.7529880478087649,-0.01593625498007968,0.4900398406374502,0.26693227091633465,0.3386454183266932,0.21115537848605578,0.36254980079681276,0.11553784860557768,0.6334661354581673,-0.1553784860557769,0.44621513944223107,0.09163346613545817,0.33067729083665337,0.06772908366533864,0.3426294820717131,-0.01195219123505976
3,0.0,0.0,0.152,0.324,0.376,0.58,0.492,0.792,0.54,1.0,0.84,0.324,0.664,0.556,0.488,0.468,0.488,0.368,0.828,0.14,0.584,0.424,0.42,0.36,0.432,0.268,0.744,-0.024,0.492,0.26,0.348,0.22,0.368,0.136,0.62,-0.156,0.42,0.1,0.312,0.092,0.332,0.02
3,0.0,0.0,0.10121457489878542,0.30364372469635625,0.27125506072874495,0.5668016194331984,0.3522267206477733,0.7975708502024291,0.3967611336032389,1.0,0.7854251012145749,0.3481781376518219,0.5951417004048583,0.5708502024291497,0.4291497975708502,0.4817813765182186,0.4574898785425101,0.4008097165991903,0.7894736842105263,0.145748987854251,0.5222672064777328,0.4089068825910931,0.3643724696356275,0.3441295546558704,0.39271255060728744,0.26720647773279355,0.7165991902834008,-0.032388663967611336,0.4493927125506073,0.23076923076923078,0.30364372469635625,0.17813765182186234,0.340080971659919,0.0931174089068826,0.5991902834008097,-0.18218623481781376,0.3967611336032389,0.05263157894736842,0.2834008097165992,0.032388663967611336,0.29959514170040485,-0.048582995951417005
3,0.0,0.0,0.05019305019305019,0.305019305019305,0.17374517374517376,0.5714285714285714,0.23166023166023167,0.7915057915057915,0.23938223938223938,1.0,0.7027027027027027,0.4015444015444015,0.4671814671814672,0.5752895752895753,0.28185328185328185,0.4826254826254826,0.2972972972972973,0.416988416988417,0.7297297297297297,0.2084942084942085,0.4362934362934363,0.41312741312741313,0.25868725868725867,0.33976833976833976,0.2857142857142857,0.26640926640926643,0.6911196911196911,0.023166023166023165,0.4015444015444015,0.23166023166023167,0.23938223938223938,0.18146718146718147,0.27413127413127414,0.11196911196911197,0.6061776061776062,-0.138996138996139,0.3938223938223938,0.04633204633204633,0.25868725868725867,0.03088803088803089,0.2625482625482625,-0.03088803088803089
3,0.0,0.0,0.045112781954887216,0.3007518796992481,0.17293233082706766,0.5789473684210527,0.21052631578947367,0.8007518796992481,0.19548872180451127,1.0,0.6729323308270677,0.43609022556390975,0.4473684210526316,0.5902255639097744,0.2894736842105263,0.47368421052631576,0.3157894736842105,0.41729323308270677,0.7180451127819549,0.2518796992481203,0.424812030075188,0.44360902255639095,0.2706766917293233,0.3458646616541353,0.3082706766917293,0.2857142857142857,0.6954887218045113,0.07142857142857142,0.39849624060150374,0.2593984962406015,0.2631578947368421,0.19172932330827067,0.31203007518796994,0.13533834586466165,0.631578947368421,-0.09022556390977443,0.40225563909774437,0.06766917293233082,0.2857142857142857,0.045112781954887216,0.3082706766917293,0.0037593984962406013
3,0.0,0.0,0.04119850187265917,0.30337078651685395,0.16104868913857678,0.5805243445692884,0.1947565543071161,0.8014981273408239,0.1760299625468165,1.0,0.6779026217228464,0.41947565543071164,0.4868913857677903,0.5580524344569289,0.3146067415730337,0.46441947565543074,0.3333333333333333,0.4157303370786517,0.7153558052434457,0.23595505617977527,0.4232209737827715,0.4157303370786517,0.26591760299625467,0.33707865168539325,0.31086142322097376,0.2846441947565543,0.6891385767790262,0.056179775280898875,0.40074906367041196,0.23220973782771537,0.25842696629213485,0.1760299625468165,0.30337078651685395,0.12359550561797752,0.6217228464419475,-0.10486891385767791,0.4157303370786517,0.0449438202247191,0.2883895131086142,0.0299625468164794,0.2958801498127341,0.0
3,0.0,0.0,0.0695970695970696,0.31868131868131866,0.2087912087912088,0.5860805860805861,0.2600732600732601,0.7985347985347986,0.2564102564102564,1.0,0.7106227106227107,0.3992673992673993,0.4725274725274725,0.5860805860805861,0.31135531135531136,0.47619047619047616,0.34798534798534797,0.3992673992673993,0.7362637362637363,0.21978021978021978,0.42857142857142855,0.4432234432234432,0.27106227106227104,0.3516483516483517,0.326007326007326,0.27472527472527475,0.6923076923076923,0.054945054945054944,0.3992673992673993,0.2673992673992674,0.2600732600732601,0.20512820512820512,0.31868131868131866,0.13186813186813187,0.608058608058608,-0.09157509157509157,0.39194139194139194,0.0989010989010989,0.2783882783882784,0.0695970695970696,0.3076923076923077,0.003663003663003663
3,0.0,0.0,0.09266409266409266,0.3166023166023166,0.25096525096525096,0.5868725868725869,0.32432432432432434,0.806949806949807,0.3590733590733591,1.0,0.7374517374517374,0.3861003861003861,0.5598455598455598,0.5791505791505791,0.3783783783783784,0.5212355212355212,0.3474903474903475,0.44015444015444016,0.7413127413127413,0.19305019305019305,0.5019305019305019,0.42084942084942084,0.3359073359073359,0.3938223938223938,0.3088803088803089,0.3281853281853282,0.6795366795366795,0.015444015444015444,0.416988416988417,0.25868725868725867,0.2548262548262548,0.22007722007722008,0.23552123552123552,0.138996138996139,0.5791505791505791,-0.13127413127413126,0.38223938223938225,0.08108108108108109,0.25096525096525096,0.06563706563706563,0.22393822393822393,0.003861003861003861
3,0.0,0.0,0.10424710424710425,0.3281853281853282,0.2702702702702703,0.5907335907335908,0.3590733590733591,0.7992277992277992,0.3861003861003861,1.0,0.749034749034749,0.37065637065637064,0.555984555984556,0.5945945945945946,0.3783783783783784,0.5096525096525096,0.37065637065637064,0.4092664092664093,0.752895752895753,0.19305019305019305,0.49034749034749037,0.44015444015444016,0.3204633204633205,0.36293436293436293,0.3204633204633205,0.26640926640926643,0.6911196911196911,0.02702702702702703,0.444015444015444,0.27413127413127414,0.2972972972972973,0.22007722007722008,0.2972972972972973,0.12355212355212356,0.5868725868725869,-0.11196911196911197,0.4015444015444015,0.09652509652509653,0.28185328185328185,0.07335907335907337,0.27413127413127414,0.0
3,0.0,0.0,0.09737827715355805,0.32209737827715357,0.26217228464419473,0.5917602996254682,0.3408239700374532,0.8014981273408239,0.3595505617977528,1.0,0.7228464419475655,0.3782771535580524,0.5280898876404494,0.602996254681648,0.34831460674157305,0.49812734082397003,0.3295880149812734,0.40074906367041196,0.7303370786516854,0.20599250936329588,0.4943820224719101,0.47191011235955055,0.3146067415730337,0.36704119850187267,0.299625468164794,0.26591760299625467,0.6816479400749064,0.04868913857677903,0.4606741573033708,0.30337078651685395,0.299625468164794,0.23220973782771537,0.29213483146067415,0.14232209737827714,0.5880149812734082,-0.0898876404494382,0.4344569288389513,0.12359550561797752,0.31086142322097376,0.09737827715355805,0.299625468164794,0.03745318352059925
3,0.0,0.0,0.10150375939849623,0.3233082706766917,0.2669172932330827,0.5902255639097744,0.34962406015037595,0.8045112781954887,0.37593984962406013,1.0,0.7368421052631579,0.37218045112781956,0.5526315789473685,0.6015037593984962,0.36466165413533835,0.49624060150375937,0.3383458646616541,0.39849624060150374,0.7443609022556391,0.19548872180451127,0.5112781954887218,0.47368421052631576,0.3308270676691729,0.37218045112781956,0.3082706766917293,0.2706766917293233,0.6879699248120301,0.041353383458646614,0.46616541353383456,0.3082706766917293,0.31203007518796994,0.22932330827067668,0.3007518796992481,0.13909774436090225,0.5939849624060151,-0.09398496240601503,0.4398496240601504,0.12781954887218044,0.31954887218045114,0.09398496240601503,0.3082706766917293,0.03007518796992481
3,0.0,0.0,0.12015503875968993,0.313953488372093,0.32945736434108525,0.5813953488372093,0.45348837209302323,0.7984496124031008,0.5077519379844961,1.0,0.8062015503875969,0.32558139534883723,0.6356589147286822,0.5271317829457365,0.43410852713178294,0.44573643410852715,0.3992248062015504,0.3488372093023256,0.813953488372093,0.14728682170542637,0.5658914728682171,0.4186046511627907,0.38372093023255816,0.32945736434108525,0.375968992248062,0.21705426356589147,0.751937984496124,-0.007751937984496124,0.5193798449612403,0.26356589147286824,0.36046511627906974,0.19767441860465115,0.3643410852713178,0.10465116279069768,0.6472868217054264,-0.13565891472868216,0.4844961240310077,0.10077519379844961,0.3682170542635659,0.08139534883720931,0.3643410852713178,0.015503875968992248
3,0.0,0.0,0.10894941634241245,0.3151750972762646,0.29961089494163423,0.5836575875486382,0.38132295719844356,0.8015564202334631,0.40077821011673154,1.0,0.7626459143968871,0.3346303501945525,0.6147859922178989,0.5447470817120622,0.42023346303501946,0.4708171206225681,0.4085603112840467,0.38910505836575876,0.77431906614786,0.15953307392996108,0.5408560311284046,0.41245136186770426,0.35019455252918286,0.3463035019455253,0.3657587548638132,0.25680933852140075,0.7237354085603113,0.0,0.48638132295719844,0.2529182879377432,0.3229571984435798,0.21011673151750973,0.35797665369649806,0.1245136186770428,0.6342412451361867,-0.13618677042801555,0.45136186770428016,0.08560311284046693,0.32684824902723736,0.07003891050583658,0.3463035019455253,0.0
3,0.0,0.0,0.11068702290076336,0.3053435114503817,0.2824427480916031,0.5725190839694656,0.3435114503816794,0.8053435114503816,0.3702290076335878,1.0,0.7251908396946565,0.32061068702290074,0.6984732824427481,0.4770992366412214,0.5610687022900763,0.5381679389312977,0.4770992366412214,0.5763358778625954,0.7366412213740458,0.16030534351145037,0.5877862595419847,0.35877862595419846,0.4618320610687023,0.4351145038167939,0.41603053435114506,0.48091603053435117,0.6755725190839694,0.0,0.4732824427480916,0.22900763358778625,0.3511450381679389,0.2480916030534351,0.3320610687022901,0.24045801526717558,0.5763358778625954,-0.13358778625954199,0.4198473282442748,0.0648854961832061,0.32061068702290074,0.08396946564885496,0.3015267175572519,0.06870229007633588
3,0.0,0.0,0.10294117647058823,0.3235294117647059,0.25,0.5919117647058824,0.2977941176470588,0.8051470588235294,0.3125,1.0,0.6985294117647058,0.41544117647058826,0.5110294117647058,0.6323529411764706,0.35661764705882354,0.5698529411764706,0.34191176470588236,0.5110294117647058,0.6911764705882353,0.23897058823529413,0.40441176470588236,0.5,0.2977941176470588,0.45955882352941174,0.3161764705882353,0.40808823529411764,0.6102941176470589,0.07720588235294118,0.3125,0.34558823529411764,0.22058823529411764,0.3125,0.2426470588235294,0.25,0.4889705882352941,-0.058823529411764705,0.25735294117647056,0.17279411764705882,0.17647058823529413,0.16176470588235295,0.1948529411764706,0.11029411764705882
3,0.0,0.0,0.0851063829787234,0.3191489361702128,0.2127659574468085,0.5851063829787234,0.24113475177304963,0.8085106382978723,0.2375886524822695,1.0,0.6276595744680851,0.42907801418439717,0.36879432624113473,0.6276595744680851,0.2553191489361702,0.5531914893617021,0.2695035460992908,0.5,0.6063829787234043,0.2553191489361702,0.29432624113475175,0.49645390070921985,0.2127659574468085,0.4397163120567376,0.24822695035460993,0.38652482269503546,0.5212765957446809,0.09574468085106383,0.2127659574468085,0.34397163120567376,0.13829787234042554,0.30141843971631205,0.18085106382978725,0.24113475177304963,0.40070921985815605,-0.03546099290780142,0.16312056737588654,0.18439716312056736,0.10638297872340426,0.1773049645390071,0.13829787234042554,0.13120567375886524
3,0.0,0.0,0.066006600660066,0.27722772277227725,0.1617161716171617,0.5610561056105611,0.16831683168316833,0.7953795379537953,0.1551155115511551,1.0,0.5346534653465347,0.45544554455445546,0.20132013201320131,0.6765676567656765,0.1716171617161716,0.5643564356435643,0.25412541254125415,0.48184818481848185,0.5016501650165016,0.30033003300330036,0.132013201320132,0.5610561056105611,0.1419141914191419,0.44224422442244227,0.22442244224422442,0.37623762376237624,0.41254125412541254,0.1617161716171617,0.0594059405940594,0.4158415841584158,0.08250825082508251,0.29372937293729373,0.18151815181518152,0.22112211221122113,0.2871287128712871,0.033003300330033,0.026402640264026403,0.25412541254125415,0.0462046204620462,0.1716171617161716,0.132013201320132,0.0924092409240924
3,0.0,0.0,0.07317073170731707,0.2961672473867596,0.17073170731707318,0.5749128919860628,0.17421602787456447,0.8013937282229965,0.1672473867595819,1.0,0.5714285714285714,0.4355400696864111,0.23693379790940766,0.6829268292682927,0.1916376306620209,0.5714285714285714,0.28222996515679444,0.47038327526132406,0.5435540069686411,0.2857142857142857,0.1602787456445993,0.5609756097560976,0.156794425087108,0.445993031358885,0.25435540069686413,0.3623693379790941,0.44947735191637633,0.14285714285714285,0.08013937282229965,0.40418118466898956,0.08710801393728224,0.2926829268292683,0.18466898954703834,0.21602787456445993,0.3240418118466899,0.017421602787456445,0.05226480836236934,0.22996515679442509,0.06968641114982578,0.15331010452961671,0.15331010452961671,0.06968641114982578
3,0.0,0.0,0.08856088560885608,0.3025830258302583,0.22509225092250923,0.5682656826568265,0.2730627306273063,0.7970479704797048,0.28413284132841327,1.0,0.6715867158671587,0.4132841328413284,0.3985239852398524,0.6346863468634686,0.24723247232472326,0.5313653136531366,0.26199261992619927,0.44649446494464945,0.6715867158671587,0.23985239852398524,0.3247232472324723,0.5055350553505535,0.1992619926199262,0.4132841328413284,0.23616236162361623,0.3284132841328413,0.5977859778597786,0.07749077490774908,0.26199261992619927,0.34317343173431736,0.14391143911439114,0.2656826568265683,0.17343173431734318,0.18081180811808117,0.47601476014760147,-0.05904059040590406,0.23247232472324722,0.15867158671586715,0.14022140221402213,0.12915129151291513,0.16236162361623616,0.05904059040590406
3,0.0,0.0,0.08745247148288973,0.30038022813688214,0.2509505703422053,0.5703422053231939,0.33460076045627374,0.7946768060836502,0.3574144486692015,1.0,0.752851711026616,0.3650190114068441,0.55893536121673,0.5817490494296578,0.3840304182509506,0.4790874524714829,0.39543726235741444,0.3916349809885932,0.7680608365019012,0.18631178707224336,0.4866920152091255,0.44866920152091255,0.3231939163498099,0.3574144486692015,0.3574144486692015,0.2661596958174905,0.7110266159695817,0.022813688212927757,0.43346007604562736,0.2737642585551331,0.2889733840304182,0.20912547528517111,0.3269961977186312,0.12927756653992395,0.6083650190114068,-0.12167300380228137,0.4144486692015209,0.09885931558935361,0.30038022813688214,0.06844106463878327,0.3155893536121673,-0.0038022813688212928
3,0.0,0.0,0.08148148148148149,0.31851851851851853,0.25925925925925924,0.5925925925925926,0.34814814814814815,0.8037037037037037,0.37037037037037035,1.0,0.7407407407407407,0.3962962962962963,0.5444444444444444,0.6037037037037037,0.37037037037037035,0.4925925925925926,0.37777777777777777,0.40370370370370373,0.762962962962963,0.22592592592592592,0.5037037037037037,0.4740740740740741,0.32222222222222224,0.36666666666666664,0.34444444444444444,0.2777777777777778,0.7185185185185186,0.06666666666666667,0.45925925925925926,0.3037037037037037,0.3037037037037037,0.21851851851851853,0.34814814814814815,0.13703703703703704,0.6370370370370371,-0.07407407407407407,0.44814814814814813,0.13333333333333333,0.3296296296296296,0.08518518518518518,0.35555555555555557,0.003703703703703704
3,0.0,0.0,0.08208955223880597,0.3208955223880597,0.25,0.5970149253731343,0.34328358208955223,0.8059701492537313,0.3694029850746269,1.0,0.7350746268656716,0.40671641791044777,0.5485074626865671,0.585820895522388,0.3619402985074627,0.47388059701492535,0.34701492537313433,0.3880597014925373,0.7723880597014925,0.23134328358208955,0.5074626865671642,0.4552238805970149,0.31716417910447764,0.35074626865671643,0.3246268656716418,0.26119402985074625,0.7388059701492538,0.06716417910447761,0.4664179104477612,0.291044776119403,0.30223880597014924,0.20522388059701493,0.3283582089552239,0.12686567164179105,0.664179104477612,-0.07835820895522388,0.4701492537313433,0.12313432835820895,0.34328358208955223,0.07462686567164178,0.3582089552238806,0.0
3,0.0,0.0,0.08178438661710037,0.3159851301115242,0.25650557620817843,0.5947955390334573,0.36059479553903345,0.8066914498141264,0.40148698884758366,1.0,0.7360594795539034,0.40148698884758366,0.550185873605948,0.6022304832713755,0.3680297397769517,0.483271375464684,0.35687732342007433,0.38661710037174724,0.7695167286245354,0.23048327137546468,0.5204460966542751,0.4721189591078067,0.3308550185873606,0.35687732342007433,0.3382899628252788,0.26765799256505574,0.7360594795539034,0.07434944237918216,0.48698884758364314,0.3048327137546468,0.31970260223048325,0.21933085501858737,0.34572490706319703,0.137546468401487,0.6617100371747212,-0.06691449814126393,0.483271375464684,0.137546468401487,0.36059479553903345,0.08550185873605948,0.37174721189591076,0.011152416356877323
3,0.0,0.0,0.09363295880149813,0.32209737827715357,0.26591760299625467,0.602996254681648,0.3707865168539326,0.8089887640449438,0.4157303370786517,1.0,0.7415730337078652,0.3895131086142322,0.5617977528089888,0.5955056179775281,0.38202247191011235,0.4794007490636704,0.38202247191011235,0.38202247191011235,0.7715355805243446,0.2247191011235955,0.5280898876404494,0.47191011235955055,0.3408239700374532,0.35580524344569286,0.35580524344569286,0.26217228464419473,0.7415730337078652,0.07116104868913857,0.5056179775280899,0.299625468164794,0.33707865168539325,0.21348314606741572,0.36329588014981273,0.12734082397003746,0.6666666666666666,-0.06741573033707865,0.5131086142322098,0.12734082397003746,0.38202247191011235,0.08239700374531835,0.39325842696629215,0.00749063670411985
3,0.0,0.0,0.08949416342412451,0.32684824902723736,0.26459143968871596,0.6070038910505836,0.3852140077821012,0.8054474708171206,0.4280155642023346,1.0,0.7470817120622568,0.377431906614786,0.5875486381322957,0.5953307392996109,0.38910505836575876,0.4669260700389105,0.38132295719844356,0.3657587548638132,0.7898832684824902,0.20233463035019456,0.5642023346303502,0.4591439688715953,0.35797665369649806,0.3424124513618677,0.36964980544747084,0.2529182879377432,0.7626459143968871,0.038910505836575876,0.5408560311284046,0.2801556420233463,0.3540856031128405,0.19066147859922178,0.377431906614786,0.10505836575875487,0.6926070038910506,-0.10505836575875487,0.5486381322957199,0.0933852140077821,0.41245136186770426,0.058365758754863814,0.4163424124513619,-0.011673151750972763
3,0.0,0.0,0.07575757575757576,0.32575757575757575,0.25,0.6098484848484849,0.36742424242424243,0.8106060606060606,0.4166666666666667,1.0,0.7234848484848485,0.39015151515151514,0.5681818181818182,0.6060606060606061,0.3787878787878788,0.4772727272727273,0.39015151515151514,0.375,0.7651515151515151,0.22727272727272727,0.553030303030303,0.4734848484848485,0.3522727272727273,0.3484848484848485,0.38257575757575757,0.25757575757575757,0.7462121212121212,0.07196969696969698,0.5416666666666666,0.2916666666666667,0.3560606060606061,0.20075757575757575,0.39015151515151514,0.12121212121212122,0.6856060606060606,-0.06818181818181818,0.5454545454545454,0.11742424242424243,0.4090909090909091,0.07575757575757576,0.42045454545454547,0.003787878787878788
3,0.0,0.0,0.07633587786259542,0.32061068702290074,0.24427480916030533,0.6145038167938931,0.35877862595419846,0.8206106870229007,0.40458015267175573,1.0,0.732824427480916,0.38549618320610685,0.583969465648855,0.5992366412213741,0.3931297709923664,0.4770992366412214,0.4083969465648855,0.37786259541984735,0.7748091603053435,0.22137404580152673,0.5572519083969466,0.4580152671755725,0.35877862595419846,0.33969465648854963,0.3969465648854962,0.25190839694656486,0.7519083969465649,0.07251908396946564,0.5572519083969466,0.2862595419847328,0.366412213740458,0.20610687022900764,0.40458015267175573,0.12595419847328243,0.6908396946564885,-0.061068702290076333,0.5572519083969466,0.1183206106870229,0.41603053435114506,0.08015267175572519,0.42748091603053434,0.011450381679389313
3,0.0,0.0,0.08365019011406843,0.3231939163498099,0.24714828897338403,0.6083650190114068,0.3612167300380228,0.8136882129277566,0.41064638783269963,1.0,0.7224334600760456,0.3916349809885932,0.5779467680608364,0.6083650190114068,0.3840304182509506,0.4790874524714829,0.3840304182509506,0.3840304182509506,0.779467680608365,0.23193916349809887,0.5703422053231939,0.467680608365019,0.3650190114068441,0.34220532319391633,0.3840304182509506,0.2585551330798479,0.7680608365019012,0.08365019011406843,0.5627376425855514,0.3041825095057034,0.376425855513308,0.20532319391634982,0.39923954372623577,0.12547528517110265,0.7110266159695817,-0.053231939163498096,0.5741444866920152,0.12927756653992395,0.43346007604562736,0.08365019011406843,0.4372623574144487,0.019011406844106463
3,0.0,0.0,0.07924528301886792,0.32075471698113206,0.24150943396226415,0.6037735849056604,0.3584905660377358,0.8113207547169812,0.4037735849056604,1.0,0.7094339622641509,0.39622641509433965,0.569811320754717,0.6037735849056604,0.37358490566037733,0.47547169811320755,0.37735849056603776,0.3886792452830189,0.7660377358490567,0.23773584905660378,0.5584905660377358,0.4641509433962264,0.3584905660377358,0.33962264150943394,0.37735849056603776,0.25660377358490566,0.7584905660377359,0.09056603773584905,0.5547169811320755,0.2981132075471698,0.36981132075471695,0.20754716981132076,0.39245283018867927,0.12830188679245283,0.7056603773584905,-0.045283018867924525,0.5660377358490566,0.12830188679245283,0.43018867924528303,0.08679245283018867,0.4339622641509434,0.018867924528301886
3,0.0,0.0,0.06296296296296296,0.32592592592592595,0.21851851851851853,0.6222222222222222,0.34074074074074073,0.8222222222222222,0.3962962962962963,1.0,0.6592592592592592,0.44074074074074077,0.5703703703703704,0.6407407407407407,0.3888888888888889,0.5148148148148148,0.3851851851851852,0.43333333333333335,0.725925925925926,0.3,0.5814814814814815,0.5148148148148148,0.37037037037037035,0.3814814814814815,0.3814814814814815,0.3,0.737037037037037,0.15925925925925927,0.5925925925925926,0.3592592592592593,0.3888888888888889,0.25555555555555554,0.4,0.17407407407407408,0.7148148148148148,0.018518518518518517,0.6037037037037037,0.1925925925925926,0.45555555555555555,0.14074074074074075,0.45185185185185184,0.07037037037037037
3,0.0,0.0,0.044444444444444446,0.3148148148148148,0.18518518518518517,0.6074074074074074,0.3148148148148148,0.8148148148148148,0.37037037037037035,1.0,0.5925925925925926,0.48518518518518516,0.5518518518518518,0.6407407407407407,0.36666666666666664,0.5185185185185185,0.31851851851851853,0.44814814814814813,0.6555555555555556,0.34444444444444444,0.5814814814814815,0.5222222222222223,0.362962962962963,0.3925925925925926,0.32592592592592595,0.31851851851851853,0.6851851851851852,0.1925925925925926,0.6,0.36666666666666664,0.3925925925925926,0.26296296296296295,0.35185185185185186,0.1925925925925926,0.6888888888888889,0.02962962962962963,0.6259259259259259,0.2037037037037037,0.4703703703703704,0.15555555555555556,0.43333333333333335,0.09259259259259259
3,0.0,0.0,0.03773584905660377,0.3132075471698113,0.17358490566037735,0.6113207547169811,0.32075471698113206,0.8075471698113208,0.3849056603773585,1.0,0.5471698113207547,0.4981132075471698,0.5622641509433962,0.6452830188679245,0.37735849056603776,0.5245283018867924,0.30566037735849055,0.4490566037735849,0.6188679245283019,0.3584905660377358,0.6113207547169811,0.5132075471698113,0.3886792452830189,0.3886792452830189,0.32075471698113206,0.32452830188679244,0.660377358490566,0.2037735849056604,0.6339622641509434,0.3660377358490566,0.4188679245283019,0.2641509433962264,0.35094339622641507,0.19245283018867926,0.6792452830188679,0.03018867924528302,0.6528301886792452,0.19622641509433963,0.4867924528301887,0.15471698113207547,0.4377358490566038,0.1018867924528302
3,0.0,0.0,0.022727272727272728,0.3068181818181818,0.16287878787878787,0.6098484848484849,0.3143939393939394,0.8106060606060606,0.39015151515151514,1.0,0.49242424242424243,0.4962121212121212,0.5606060606060606,0.6439393939393939,0.38636363636363635,0.5340909090909091,0.29924242424242425,0.45075757575757575,0.5606060606060606,0.35984848484848486,0.625,0.5265151515151515,0.3977272727272727,0.4015151515151515,0.3181818181818182,0.32196969696969696,0.6136363636363636,0.21212121212121213,0.6553030303030303,0.38257575757575757,0.4318181818181818,0.2765151515151515,0.3484848484848485,0.19696969696969696,0.6515151515151515,0.03787878787878788,0.6704545454545454,0.20833333333333334,0.5075757575757576,0.16287878787878787,0.4431818181818182,0.10227272727272728
3,0.0,0.0,0.015267175572519083,0.3015267175572519,0.14885496183206107,0.6068702290076335,0.30916030534351147,0.8091603053435115,0.3816793893129771,1.0,0.4618320610687023,0.49236641221374045,0.5572519083969466,0.648854961832061,0.3893129770992366,0.5381679389312977,0.3015267175572519,0.45038167938931295,0.5305343511450382,0.36259541984732824,0.6183206106870229,0.5267175572519084,0.40076335877862596,0.40076335877862596,0.30916030534351147,0.31679389312977096,0.583969465648855,0.21374045801526717,0.6603053435114504,0.37786259541984735,0.4389312977099237,0.2748091603053435,0.3435114503816794,0.1946564885496183,0.6259541984732825,0.03816793893129771,0.6755725190839694,0.20610687022900764,0.5114503816793893,0.16793893129770993,0.4389312977099237,0.10687022900763359
3,0.0,0.0,0.003861003861003861,0.29343629343629346,0.14285714285714285,0.61003861003861,0.3088803088803089,0.803088803088803,0.3938223938223938,1.0,0.44787644787644787,0.5019305019305019,0.5598455598455598,0.6486486486486487,0.3938223938223938,0.5366795366795367,0.30115830115830117,0.444015444015444,0.5173745173745173,0.3667953667953668,0.6293436293436293,0.5328185328185329,0.4092664092664093,0.4092664092664093,0.3127413127413127,0.3204633204633205,0.5714285714285714,0.21621621621621623,0.667953667953668,0.3745173745173745,0.4362934362934363,0.27413127413127414,0.3359073359073359,0.1969111969111969,0.6138996138996139,0.03861003861003861,0.6795366795366795,0.2084942084942085,0.5057915057915058,0.16988416988416988,0.42084942084942084,0.10810810810810811
3,0.0,0.0,0.04526748971193416,0.3045267489711934,0.23868312757201646,0.6172839506172839,0.42386831275720166,0.8024691358024691,0.5102880658436214,1.0,0.5720164609053497,0.448559670781893,0.6625514403292181,0.6008230452674898,0.46502057613168724,0.5020576131687243,0.3662551440329218,0.411522633744856,0.6255144032921811,0.3004115226337449,0.6995884773662552,0.46502057613168724,0.45267489711934156,0.35802469135802467,0.3662551440329218,0.2716049382716049,0.654320987654321,0.13580246913580246,0.720164609053498,0.31275720164609055,0.48148148148148145,0.22633744855967078,0.3950617283950617,0.13991769547325103,0.6707818930041153,-0.04938271604938271,0.720164609053498,0.13580246913580246,0.5473251028806584,0.11522633744855967,0.4773662551440329,0.04938271604938271
3,0.0,0.0,0.0653061224489796,0.30612244897959184,0.2612244897959184,0.6081632653061224,0.4448979591836735,0.8,0.5306122448979592,1.0,0.6,0.4204081632653061,0.6693877551020408,0.5877551020408164,0.46530612244897956,0.49795918367346936,0.37142857142857144,0.4163265306122449,0.6448979591836734,0.27755102040816326,0.7020408163265306,0.46122448979591835,0.4489795918367347,0.35918367346938773,0.35918367346938773,0.27346938775510204,0.673469387755102,0.11836734693877551,0.7142857142857143,0.30612244897959184,0.46938775510204084,0.22448979591836735,0.37551020408163266,0.14285714285714285,0.6857142857142857,-0.0653061224489796,0.7142857142857143,0.12653061224489795,0.5387755102040817,0.11020408163265306,0.46938775510204084,0.04897959183673469
3,0.0,0.0,0.08032128514056225,0.3132530120481928,0.27710843373493976,0.606425702811245,0.4538152610441767,0.8032128514056225,0.5421686746987951,1.0,0.6746987951807228,0.40160642570281124,0.6626506024096386,0.5903614457831325,0.4538152610441767,0.4899598393574297,0.3895582329317269,0.40562248995983935,0.7228915662650602,0.25301204819277107,0.6867469879518072,0.46586345381526106,0.44176706827309237,0.3534136546184739,0.3855421686746988,0.26907630522088355,0.7389558232931727,0.0963855421686747,0.6867469879518072,0.3132530120481928,0.4538152610441767,0.2248995983935743,0.39759036144578314,0.13654618473895583,0.7228915662650602,-0.07630522088353414,0.678714859437751,0.13253012048192772,0.5060240963855421,0.10040160642570281,0.4578313253012048,0.0321285140562249
3,0.0,0.0,0.08433734939759036,0.3172690763052209,0.2931726907630522,0.6104417670682731,0.46987951807228917,0.8072289156626506,0.5582329317269076,1.0,0.6907630522088354,0.39357429718875503,0.6666666666666666,0.5863453815261044,0.4497991967871486,0.4819277108433735,0.37751004016064255,0.40160642570281124,0.7429718875502008,0.23694779116465864,0.6867469879518072,0.4538152610441767,0.43775100401606426,0.3453815261044177,0.37751004016064255,0.26104417670682734,0.7550200803212851,0.07228915662650602,0.6867469879518072,0.30522088353413657,0.4538152610441767,0.21285140562248997,0.3895582329317269,0.12048192771084337,0.7309236947791165,-0.0963855421686747,0.6827309236947792,0.12048192771084337,0.5100401606425703,0.08433734939759036,0.46184738955823296,0.012048192771084338
3,0.0,0.0,0.0967741935483871,0.32661290322580644,0.31048387096774194,0.6169354838709677,0.4838709677419355,0.8104838709677419,0.5766129032258065,1.0,0.7016129032258065,0.39919354838709675,0.6814516129032258,0.5846774193548387,0.4717741935483871,0.4879032258064516,0.3870967741935484,0.40725806451612906,0.75,0.24193548387096775,0.7056451612903226,0.45161290322580644,0.4637096774193548,0.3467741935483871,0.3870967741935484,0.2661290322580645,0.7580645161290323,0.07661290322580645,0.6935483870967742,0.29435483870967744,0.4717741935483871,0.20967741935483872,0.4032258064516129,0.125,0.7298387096774194,-0.0967741935483871,0.6895161290322581,0.11290322580645161,0.5282258064516129,0.08064516129032258,0.4798387096774194,0.016129032258064516
3,0.0,0.0,0.15126050420168066,0.3403361344537815,0.40336134453781514,0.6134453781512605,0.5840336134453782,0.8025210084033614,0.6848739495798319,1.0,0.819327731092437,0.3067226890756303,0.7773109243697479,0.5504201680672269,0.542016806722689,0.47058823529411764,0.47058823529411764,0.38235294117647056,0.8571428571428571,0.13445378151260504,0.7605042016806722,0.41596638655462187,0.5084033613445378,0.3277310924369748,0.4495798319327731,0.23529411764705882,0.8403361344537815,-0.025210084033613446,0.7394957983193278,0.25210084033613445,0.5042016806722689,0.18487394957983194,0.44537815126050423,0.09243697478991597,0.7857142857142857,-0.18907563025210083,0.7184873949579832,0.0546218487394958,0.5462184873949579,0.046218487394957986,0.5,-0.025210084033613446
3,0.0,0.0,0.1638655462184874,0.31932773109243695,0.42016806722689076,0.5882352941176471,0.6050420168067226,0.7983193277310925,0.7100840336134454,1.0,0.8949579831932774,0.24369747899159663,0.8277310924369747,0.5168067226890757,0.5714285714285714,0.4495798319327731,0.5252100840336135,0.35294117647058826,0.9117647058823529,0.06722689075630252,0.7689075630252101,0.3865546218487395,0.5,0.3067226890756303,0.47478991596638653,0.19747899159663865,0.865546218487395,-0.09243697478991597,0.726890756302521,0.22268907563025211,0.4789915966386555,0.1638655462184874,0.4495798319327731,0.058823529411764705,0.7773109243697479,-0.23949579831932774,0.680672268907563,0.029411764705882353,0.5084033613445378,0.02100840336134454,0.4789915966386555,-0.06302521008403361
3,0.0,0.0,0.20168067226890757,0.3277310924369748,0.4579831932773109,0.592436974789916,0.634453781512605,0.7983193277310925,0.7394957983193278,1.0,0.9243697478991597,0.226890756302521,0.8487394957983193,0.5252100840336135,0.592436974789916,0.46218487394957986,0.5378151260504201,0.35714285714285715,0.9369747899159664,0.05042016806722689,0.7899159663865546,0.3949579831932773,0.5168067226890757,0.31932773109243695,0.48739495798319327,0.20168067226890757,0.8865546218487395,-0.10504201680672269,0.7394957983193278,0.23109243697478993,0.4957983193277311,0.17647058823529413,0.46638655462184875,0.058823529411764705,0.7899159663865546,-0.24369747899159663,0.6974789915966386,0.037815126050420166,0.5294117647058824,0.025210084033613446,0.5042016806722689,-0.06722689075630252
3,0.0,0.0,0.19831223628691982,0.3206751054852321,0.47257383966244726,0.5780590717299579,0.6666666666666666,0.7932489451476793,0.7763713080168776,1.0,0.9367088607594937,0.22362869198312235,0.8649789029535865,0.5443037974683544,0.6075949367088608,0.47257383966244726,0.5358649789029536,0.3670886075949367,0.9493670886075949,0.0379746835443038,0.8059071729957806,0.41350210970464135,0.5358649789029536,0.3333333333333333,0.48945147679324896,0.21940928270042195,0.8945147679324894,-0.11814345991561181,0.7510548523206751,0.24472573839662448,0.5063291139240507,0.18565400843881857,0.47257383966244726,0.0759493670886076,0.7890295358649789,-0.25316455696202533,0.6919831223628692,0.04219409282700422,0.5274261603375527,0.03375527426160337,0.4978902953586498,-0.05485232067510549
3,0.0,0.0,0.1875,0.31666666666666665,0.4666666666666667,0.5791666666666667,0.6583333333333333,0.7958333333333333,0.7708333333333334,1.0,0.9375,0.24166666666666667,0.8625,0.5333333333333333,0.6041666666666666,0.4583333333333333,0.5083333333333333,0.3625,0.95,0.0625,0.8083333333333333,0.3958333333333333,0.5375,0.3125,0.4708333333333333,0.20833333333333334,0.9,-0.09583333333333334,0.7625,0.22916666666666666,0.5208333333333334,0.16666666666666666,0.4708333333333333,0.06666666666666667,0.7958333333333333,-0.23333333333333334,0.7041666666666667,0.03333333333333333,0.5375,0.016666666666666666,0.5,-0.06666666666666667
3,0.0,0.0,0.15139442231075698,0.32669322709163345,0.38645418326693226,0.5936254980079682,0.5577689243027888,0.796812749003984,0.6573705179282868,1.0,0.8326693227091634,0.3147410358565737,0.7768924302788844,0.5537848605577689,0.5418326693227091,0.46613545816733065,0.450199203187251,0.3745019920318725,0.8685258964143426,0.14342629482071714,0.7450199203187251,0.41434262948207173,0.4820717131474104,0.3147410358565737,0.4262948207171315,0.22310756972111553,0.8326693227091634,-0.02390438247011952,0.7171314741035857,0.24302788844621515,0.47808764940239046,0.17131474103585656,0.4302788844621514,0.08366533864541832,0.7569721115537849,-0.17928286852589642,0.6772908366533864,0.043824701195219126,0.5059760956175299,0.02390438247011952,0.46613545816733065,-0.043824701195219126
3,0.0,0.0,0.12244897959183673,0.3183673469387755,0.33877551020408164,0.5959183673469388,0.5061224489795918,0.8,0.6,1.0,0.8040816326530612,0.35918367346938773,0.8040816326530612,0.5510204081632653,0.563265306122449,0.4897959183673469,0.47346938775510206,0.4122448979591837,0.8448979591836735,0.17959183673469387,0.7428571428571429,0.40816326530612246,0.4857142857142857,0.32653061224489793,0.4489795918367347,0.23265306122448978,0.8204081632653061,0.0,0.689795918367347,0.23265306122448978,0.46122448979591835,0.15918367346938775,0.44081632653061226,0.0653061224489796,0.7591836734693878,-0.17142857142857143,0.6653061224489796,0.0326530612244898,0.49795918367346936,0.012244897959183673,0.47346938775510206,-0.061224489795918366
3,0.0,0.0,0.1214574898785425,0.3319838056680162,0.31983805668016196,0.611336032388664,0.4777327935222672,0.8097165991902834,0.562753036437247,1.0,0.7449392712550608,0.3765182186234818,0.7408906882591093,0.5789473684210527,0.5141700404858299,0.4979757085020243,0.44129554655870445,0.41700404858299595,0.7894736842105263,0.21052631578947367,0.7206477732793523,0.4331983805668016,0.46963562753036436,0.340080971659919,0.42105263157894735,0.25101214574898784,0.7854251012145749,0.04048582995951417,0.6923076923076923,0.2631578947368421,0.46558704453441296,0.18218623481781376,0.4251012145748988,0.0931174089068826,0.7530364372469636,-0.13360323886639677,0.6842105263157895,0.06477732793522267,0.5182186234817814,0.03643724696356275,0.48582995951417,-0.03643724696356275
3,0.0,0.0,0.10756972111553785,0.32669322709163345,0.3107569721115538,0.6175298804780877,0.4701195219123506,0.8127490039840638,0.5537848605577689,1.0,0.7051792828685259,0.4103585657370518,0.6693227091633466,0.5776892430278885,0.46215139442231074,0.4701195219123506,0.4262948207171315,0.398406374501992,0.7609561752988048,0.24302788844621515,0.6892430278884463,0.4342629482071713,0.4581673306772908,0.32669322709163345,0.44621513944223107,0.2589641434262948,0.7649402390438247,0.07171314741035857,0.6812749003984063,0.2549800796812749,0.4701195219123506,0.17928286852589642,0.46215139442231074,0.10756972111553785,0.7370517928286853,-0.099601593625498,0.6693227091633466,0.05976095617529881,0.5179282868525896,0.0398406374501992,0.5059760956175299,-0.01593625498007968
3,0.0,0.0,0.11637931034482758,0.3232758620689655,0.3275862068965517,0.6163793103448276,0.5301724137931034,0.8060344827586207,0.6336206896551724,1.0,0.7198275862068966,0.3879310344827586,0.728448275862069,0.5560344827586207,0.5043103448275862,0.46551724137931033,0.4224137931034483,0.3879310344827586,0.7672413793103449,0.22413793103448276,0.7586206896551724,0.40948275862068967,0.4956896551724138,0.3232758620689655,0.4396551724137931,0.24568965517241378,0.7758620689655172,0.05172413793103448,0.7672413793103449,0.2413793103448276,0.521551724137931,0.17672413793103448,0.4698275862068966,0.09913793103448276,0.75,-0.14224137931034483,0.7456896551724138,0.03879310344827586,0.5689655172413793,0.034482758620689655,0.521551724137931,-0.017241379310344827
3,0.0,0.0,0.09482758620689655,0.31896551724137934,0.3017241379310345,0.6206896551724138,0.5043103448275862,0.8103448275862069,0.6163793103448276,1.0,0.6637931034482759,0.4224137931034483,0.7198275862068966,0.5603448275862069,0.5,0.47413793103448276,0.4051724137931034,0.41379310344827586,0.7198275862068966,0.2629310344827586,0.7629310344827587,0.41810344827586204,0.5,0.3275862068965517,0.4051724137931034,0.2672413793103448,0.7370689655172413,0.09051724137931035,0.771551724137931,0.25,0.5172413793103449,0.1810344827586207,0.4224137931034483,0.1206896551724138,0.7327586206896551,-0.10775862068965517,0.7672413793103449,0.05172413793103448,0.5818965517241379,0.03879310344827586,0.5086206896551724,-0.004310344827586207
3,0.0,0.0,0.08695652173913043,0.30869565217391304,0.30434782608695654,0.6173913043478261,0.5173913043478261,0.808695652173913,0.6347826086956522,1.0,0.6565217391304348,0.4217391304347826,0.7217391304347827,0.5695652173913044,0.5,0.47391304347826085,0.4043478260869565,0.4043478260869565,0.7043478260869566,0.2565217391304348,0.7739130434782608,0.4260869565217391,0.5,0.33043478260869563,0.40869565217391307,0.2608695652173913,0.7217391304347827,0.08695652173913043,0.7739130434782608,0.2565217391304348,0.5130434782608696,0.18695652173913044,0.4217391304347826,0.12173913043478261,0.7130434782608696,-0.10434782608695652,0.7565217391304347,0.06086956521739131,0.5608695652173913,0.05217391304347826,0.49130434782608695,0.008695652173913044
3,0.0,0.0,0.12217194570135746,0.3167420814479638,0.3665158371040724,0.6108597285067874,0.579185520361991,0.8009049773755657,0.6968325791855203,1.0,0.7194570135746606,0.3755656108597285,0.7692307692307693,0.5384615384615384,0.5475113122171946,0.4660633484162896,0.45248868778280543,0.3936651583710407,0.751131221719457,0.20361990950226244,0.8009049773755657,0.3936651583710407,0.5339366515837104,0.3167420814479638,0.4434389140271493,0.23529411764705882,0.755656108597285,0.02262443438914027,0.8054298642533937,0.21266968325791855,0.5429864253393665,0.16289592760180996,0.4479638009049774,0.08144796380090498,0.7330316742081447,-0.18099547511312217,0.7828054298642534,0.004524886877828055,0.5972850678733032,0.01809954751131222,0.5203619909502263,-0.03619909502262444
3,0.0,0.0,0.17511520737327188,0.3225806451612903,0.4470046082949309,0.6036866359447005,0.6589861751152074,0.7972350230414746,0.7788018433179723,1.0,0.8755760368663594,0.2626728110599078,0.8248847926267281,0.5345622119815668,0.5714285714285714,0.4423963133640553,0.5299539170506913,0.34101382488479265,0.9078341013824884,0.07834101382488479,0.8110599078341014,0.3778801843317972,0.543778801843318,0.29493087557603687,0.5253456221198156,0.1935483870967742,0.8709677419354839,-0.09216589861751152,0.7972350230414746,0.19815668202764977,0.5483870967741935,0.14285714285714285,0.5207373271889401,0.03686635944700461,0.7972350230414746,-0.25806451612903225,0.7603686635944701,-0.004608294930875576,0.5852534562211982,-0.009216589861751152,0.5529953917050692,-0.0967741935483871
3,0.0,0.0,0.15418502202643172,0.3303964757709251,0.45374449339207046,0.5991189427312775,0.6696035242290749,0.801762114537445,0.788546255506608,1.0,0.9030837004405287,0.27312775330396477,0.8325991189427313,0.5110132158590308,0.5682819383259912,0.43171806167400884,0.5110132158590308,0.33480176211453744,0.9295154185022027,0.0881057268722467,0.8061674008810573,0.3524229074889868,0.5374449339207048,0.28193832599118945,0.5110132158590308,0.19383259911894274,0.8854625550660793,-0.08370044052863436,0.7797356828193832,0.17180616740088106,0.5286343612334802,0.13215859030837004,0.4977973568281938,0.05286343612334802,0.7973568281938326,-0.23788546255506607,0.7268722466960352,-0.013215859030837005,0.5506607929515418,-0.013215859030837005,0.5154185022026432,-0.07929515418502203
3,0.0,0.0,0.20454545454545456,0.32272727272727275,0.4818181818181818,0.5954545454545455,0.6954545454545454,0.8090909090909091,0.8363636363636363,1.0,0.9454545454545454,0.22727272727272727,0.8863636363636364,0.4636363636363636,0.6090909090909091,0.39090909090909093,0.5318181818181819,0.29545454545454547,0.9636363636363636,0.045454545454545456,0.8454545454545455,0.32272727272727275,0.5636363636363636,0.2545454545454545,0.5181818181818182,0.1590909090909091,0.9181818181818182,-0.12272727272727273,0.8090909090909091,0.15454545454545454,0.55,0.10454545454545454,0.5,0.013636363636363636,0.8272727272727273,-0.2863636363636364,0.7636363636363637,-0.03636363636363636,0.5818181818181818,-0.045454545454545456,0.5272727272727272,-0.12272727272727273
3,0.0,0.0,0.2102803738317757,0.3411214953271028,0.5046728971962616,0.6121495327102804,0.7289719626168224,0.8177570093457944,0.8785046728971962,1.0,0.897196261682243,0.2850467289719626,0.9158878504672897,0.48598130841121495,0.6682242990654206,0.4439252336448598,0.5514018691588785,0.35046728971962615,0.9065420560747663,0.09813084112149532,0.8785046728971962,0.32242990654205606,0.6074766355140186,0.2897196261682243,0.5186915887850467,0.19626168224299065,0.8738317757009346,-0.08878504672897196,0.8457943925233645,0.14018691588785046,0.5981308411214953,0.11682242990654206,0.5046728971962616,0.028037383177570093,0.8037383177570093,-0.2803738317757009,0.8130841121495327,-0.06074766355140187,0.6308411214953271,-0.04672897196261682,0.5420560747663551,-0.11214953271028037
3,0.0,0.0,0.2175925925925926,0.3425925925925926,0.5092592592592593,0.5972222222222222,0.7222222222222222,0.7916666666666666,0.8518518518518519,1.0,0.9629629629629629,0.25,0.9259259259259259,0.5046296296296297,0.6574074074074074,0.4537037037037037,0.5509259259259259,0.375,0.9953703703703703,0.05092592592592592,0.8935185185185185,0.35648148148148145,0.6111111111111112,0.3055555555555556,0.5277777777777778,0.2175925925925926,0.9490740740740741,-0.1388888888888889,0.8518518518518519,0.17592592592592593,0.5833333333333334,0.1388888888888889,0.5,0.046296296296296294,0.8518518518518519,-0.3194444444444444,0.7962962962962963,-0.06018518518518518,0.6064814814814815,-0.041666666666666664,0.5416666666666666,-0.10648148148148148
3,0.0,0.0,0.19246861924686193,0.3514644351464435,0.45188284518828453,0.602510460251046,0.6527196652719666,0.7949790794979079,0.7698744769874477,1.0,0.8410041841004184,0.3472803347280335,0.8535564853556485,0.5313807531380753,0.6150627615062761,0.47280334728033474,0.497907949790795,0.3891213389121339,0.8702928870292888,0.1589958158995816,0.8410041841004184,0.3682008368200837,0.5815899581589958,0.3138075313807531,0.4811715481171548,0.2384937238493724,0.8535564853556485,-0.02510460251046025,0.8200836820083682,0.18828451882845187,0.5732217573221757,0.1589958158995816,0.4686192468619247,0.08786610878661087,0.7907949790794979,-0.2217573221757322,0.7907949790794979,-0.029288702928870293,0.6150627615062761,-0.008368200836820083,0.5355648535564853,-0.04602510460251046
3,0.0,0.0,0.1349206349206349,0.32936507936507936,0.373015873015873,0.6071428571428571,0.5436507936507936,0.8015873015873016,0.6150793650793651,1.0,0.7619047619047619,0.3888888888888889,0.753968253968254,0.5833333333333334,0.5357142857142857,0.49603174603174605,0.5079365079365079,0.4166666666666667,0.8015873015873016,0.1984126984126984,0.753968253968254,0.4126984126984127,0.503968253968254,0.3333333333333333,0.49206349206349204,0.24603174603174602,0.7817460317460317,0.007936507936507936,0.7420634920634921,0.21428571428571427,0.5079365079365079,0.16666666666666666,0.48412698412698413,0.07936507936507936,0.7341269841269841,-0.19047619047619047,0.7222222222222222,-0.003968253968253968,0.5436507936507936,0.003968253968253968,0.503968253968254,-0.05555555555555555
3,0.0,0.0,0.10317460317460317,0.3373015873015873,0.28174603174603174,0.6150793650793651,0.4166666666666667,0.8174603174603174,0.4880952380952381,1.0,0.6031746031746031,0.4166666666666667,0.6785714285714286,0.5555555555555556,0.503968253968254,0.5,0.42857142857142855,0.4365079365079365,0.6468253968253969,0.25,0.7023809523809523,0.39285714285714285,0.4801587301587302,0.32142857142857145,0.42857142857142855,0.25,0.6666666666666666,0.05952380952380952,0.7142857142857143,0.21031746031746032,0.49603174603174605,0.15476190476190477,0.4444444444444444,0.0873015873015873,0.6666666666666666,-0.15079365079365079,0.7142857142857143,0.0,0.5515873015873016,-0.003968253968253968,0.5,-0.051587301587301584
3,0.0,0.0,0.07421875,0.32421875,0.265625,0.6171875,0.41796875,0.8125,0.484375,1.0,0.65625,0.46484375,0.67578125,0.61328125,0.46875,0.50390625,0.44140625,0.43359375,0.72265625,0.2890625,0.69140625,0.4375,0.45703125,0.34375,0.46484375,0.28125,0.73828125,0.09765625,0.68359375,0.2421875,0.4609375,0.1796875,0.46484375,0.12109375,0.72265625,-0.09375,0.6796875,0.03125,0.51171875,0.02734375,0.49609375,-0.01171875
3,0.0,0.0,0.10121457489878542,0.31983805668016196,0.291497975708502,0.6032388663967612,0.4493927125506073,0.8016194331983806,0.5101214574898786,1.0,0.7206477732793523,0.42105263157894735,0.708502024291498,0.5708502024291497,0.4817813765182186,0.46963562753036436,0.42105263157894735,0.3967611336032389,0.7813765182186235,0.2388663967611336,0.6963562753036437,0.4089068825910931,0.4534412955465587,0.3117408906882591,0.42105263157894735,0.24696356275303644,0.7813765182186235,0.05668016194331984,0.6882591093117408,0.22672064777327935,0.46558704453441296,0.15384615384615385,0.43724696356275305,0.08502024291497975,0.7449392712550608,-0.12550607287449392,0.6923076923076923,0.02834008097165992,0.5263157894736842,0.020242914979757085,0.4979757085020243,-0.02834008097165992
3,0.0,0.0,0.11255411255411256,0.3246753246753247,0.3203463203463203,0.6060606060606061,0.49783549783549785,0.7965367965367965,0.5800865800865801,1.0,0.7662337662337663,0.3852813852813853,0.7316017316017316,0.5367965367965368,0.5064935064935064,0.4588744588744589,0.42857142857142855,0.3852813852813853,0.8225108225108225,0.19480519480519481,0.7229437229437229,0.36796536796536794,0.48917748917748916,0.2943722943722944,0.42424242424242425,0.22943722943722944,0.8138528138528138,0.004329004329004329,0.70995670995671,0.18181818181818182,0.48917748917748916,0.12554112554112554,0.42857142857142855,0.06060606060606061,0.7705627705627706,-0.19480519480519481,0.7012987012987013,-0.03896103896103896,0.5281385281385281,-0.03463203463203463,0.4675324675324675,-0.06493506493506493
3,0.0,0.0,0.21363636363636362,0.3181818181818182,0.5272727272727272,0.5818181818181818,0.7227272727272728,0.7863636363636364,0.8272727272727273,0.9954545454545455,1.0,0.2,0.8681818181818182,0.5272727272727272,0.6136363636363636,0.44545454545454544,0.5636363636363636,0.3409090909090909,1.0,0.004545454545454545,0.8181818181818182,0.37727272727272726,0.5681818181818182,0.29545454545454547,0.5363636363636364,0.18181818181818182,0.9272727272727272,-0.15454545454545454,0.740909090909091,0.2,0.5227272727272727,0.15454545454545454,0.5,0.045454545454545456,0.8045454545454546,-0.2863636363636364,0.6818181818181818,0.004545454545454545,0.5136363636363637,0.0,0.4863636363636364,-0.08636363636363636
3,0.0,0.0,0.22935779816513763,0.3256880733944954,0.5504587155963303,0.5825688073394495,0.7339449541284404,0.8027522935779816,0.8532110091743119,1.0,0.9954128440366973,0.1743119266055046,0.908256880733945,0.5137614678899083,0.6651376146788991,0.463302752293578,0.6422018348623854,0.3623853211009174,0.981651376146789,-0.013761467889908258,0.8348623853211009,0.38990825688073394,0.5871559633027523,0.3394495412844037,0.5871559633027523,0.22935779816513763,0.9036697247706422,-0.1651376146788991,0.7385321100917431,0.22477064220183487,0.518348623853211,0.1926605504587156,0.5229357798165137,0.08256880733944955,0.7752293577981652,-0.2798165137614679,0.6559633027522935,0.04128440366972477,0.48623853211009177,0.03211009174311927,0.46788990825688076,-0.06422018348623854
3,0.0,0.0,0.2374429223744292,0.3333333333333333,0.5388127853881278,0.589041095890411,0.7214611872146118,0.8036529680365296,0.8401826484018264,1.0,0.9908675799086758,0.182648401826484,0.8949771689497716,0.5296803652968036,0.6529680365296804,0.4840182648401826,0.6164383561643836,0.3835616438356164,0.9680365296803652,-0.0045662100456621,0.821917808219178,0.410958904109589,0.5799086757990868,0.365296803652968,0.5525114155251142,0.2602739726027397,0.8767123287671232,-0.1552511415525114,0.7168949771689498,0.2557077625570776,0.4977168949771689,0.2237442922374429,0.4885844748858447,0.1141552511415525,0.7397260273972602,-0.2648401826484018,0.6255707762557078,0.0730593607305936,0.45662100456621,0.0639269406392694,0.4337899543378995,-0.0319634703196347
3,0.0,0.0,0.16810344827586207,0.3232758620689655,0.41810344827586204,0.5818965517241379,0.5689655172413793,0.8017241379310345,0.6681034482758621,1.0,0.9181034482758621,0.22413793103448276,0.7887931034482759,0.5387931034482759,0.5603448275862069,0.47844827586206895,0.5301724137931034,0.3793103448275862,0.8922413793103449,0.04310344827586207,0.7112068965517241,0.4224137931034483,0.4870689655172414,0.33620689655172414,0.46120689655172414,0.22844827586206898,0.8060344827586207,-0.11206896551724138,0.6120689655172413,0.25,0.41810344827586204,0.1853448275862069,0.41810344827586204,0.07758620689655173,0.6724137931034483,-0.23275862068965517,0.5344827586206896,0.07758620689655173,0.40086206896551724,0.03879310344827586,0.3922413793103448,-0.06465517241379311
3,0.0,0.0,0.11382113821138211,0.3130081300813008,0.3170731707317073,0.573170731707317,0.43089430894308944,0.8048780487804879,0.491869918699187,1.0,0.8333333333333334,0.2682926829268293,0.7032520325203252,0.508130081300813,0.4959349593495935,0.45528455284552843,0.46747967479674796,0.3780487804878049,0.8373983739837398,0.08536585365853659,0.6300813008130082,0.3861788617886179,0.4146341463414634,0.32113821138211385,0.3943089430894309,0.22357723577235772,0.7764227642276422,-0.07317073170731707,0.5528455284552846,0.22357723577235772,0.3699186991869919,0.17073170731707318,0.3780487804878049,0.08130081300813008,0.6747967479674797,-0.2073170731707317,0.516260162601626,0.04878048780487805,0.3780487804878049,0.028455284552845527,0.37398373983739835,-0.052845528455284556
3,0.0,0.0,0.09448818897637795,0.31496062992125984,0.2755905511811024,0.594488188976378,0.3858267716535433,0.8070866141732284,0.4409448818897638,1.0,0.8188976377952756,0.33070866141732286,0.6929133858267716,0.5275590551181102,0.4763779527559055,0.47244094488188976,0.4094488188976378,0.40551181102362205,0.8346456692913385,0.14566929133858267,0.6062992125984252,0.41338582677165353,0.38976377952755903,0.35039370078740156,0.35039370078740156,0.2637795275590551,0.7874015748031497,-0.015748031496062992,0.5393700787401575,0.2440944881889764,0.3661417322834646,0.1968503937007874,0.36220472440944884,0.1220472440944882,0.6929133858267716,-0.15748031496062992,0.5196850393700787,0.06299212598425197,0.38188976377952755,0.05511811023622047,0.3779527559055118,-0.007874015748031496
3,0.0,0.0,0.08203125,0.32421875,0.265625,0.59765625,0.37890625,0.8046875,0.42578125,1.0,0.796875,0.3515625,0.6484375,0.56640625,0.44140625,0.48046875,0.41015625,0.39453125,0.8203125,0.171875,0.57421875,0.42578125,0.3671875,0.33984375,0.359375,0.25390625,0.78125,0.01171875,0.5234375,0.25,0.3515625,0.1875,0.36328125,0.109375,0.69921875,-0.125,0.51171875,0.0703125,0.37890625,0.03515625,0.38671875,-0.0390625
3,0.0,0.0,0.09523809523809523,0.32142857142857145,0.2698412698412698,0.5912698412698413,0.39285714285714285,0.7936507936507936,0.43253968253968256,1.0,0.7896825396825397,0.36904761904761907,0.6428571428571429,0.5595238095238095,0.43253968253968256,0.46825396825396826,0.3968253968253968,0.38095238095238093,0.8174603174603174,0.1865079365079365,0.5833333333333334,0.4087301587301587,0.376984126984127,0.3333333333333333,0.36507936507936506,0.24603174603174602,0.7817460317460317,0.015873015873015872,0.5436507936507936,0.23015873015873015,0.35714285714285715,0.1746031746031746,0.35714285714285715,0.10317460317460317,0.7023809523809523,-0.1349206349206349,0.5436507936507936,0.03968253968253968,0.3968253968253968,0.027777777777777776,0.38492063492063494,-0.031746031746031744
3,0.0,0.0,0.13147410358565736,0.3386454183266932,0.3187250996015936,0.6055776892430279,0.4541832669322709,0.8127490039840638,0.5258964143426295,1.0,0.7928286852589641,0.40239043824701193,0.6733067729083665,0.5936254980079682,0.47410358565737054,0.4900398406374502,0.4342629482071713,0.3944223107569721,0.8446215139442231,0.22709163346613545,0.6693227091633466,0.4302788844621514,0.4581673306772908,0.3386454183266932,0.41832669322709165,0.2589641434262948,0.8247011952191236,0.05179282868525897,0.6414342629482072,0.24302788844621515,0.44621513944223107,0.18725099601593626,0.4103585657370518,0.11952191235059761,0.7529880478087649,-0.10358565737051793,0.6175298804780877,0.0398406374501992,0.46215139442231074,0.035856573705179286,0.42231075697211157,-0.00398406374501992
3,0.0,0.0,0.14393939393939395,0.3446969696969697,0.3371212121212121,0.625,0.4810606060606061,0.8257575757575758,0.5795454545454546,1.0,0.7045454545454546,0.3977272727272727,0.6931818181818182,0.5871212121212122,0.5,0.5113636363636364,0.44696969696969696,0.4166666666666667,0.75,0.24242424242424243,0.696969696969697,0.4393939393939394,0.48484848484848486,0.3712121212121212,0.4356060606060606,0.2803030303030303,0.7462121212121212,0.08333333333333333,0.6893939393939394,0.2765151515151515,0.4810606060606061,0.23484848484848486,0.42424242424242425,0.15151515151515152,0.7083333333333334,-0.07954545454545454,0.6742424242424242,0.09090909090909091,0.5113636363636364,0.09848484848484848,0.44696969696969696,0.045454545454545456
3,0.0,0.0,0.15510204081632653,0.3183673469387755,0.39183673469387753,0.5918367346938775,0.5551020408163265,0.8081632653061225,0.6571428571428571,1.0,0.8285714285714286,0.2938775510204082,0.7714285714285715,0.5020408163265306,0.5428571428571428,0.43673469387755104,0.46938775510204084,0.34285714285714286,0.8653061224489796,0.12244897959183673,0.726530612244898,0.363265306122449,0.5020408163265306,0.31020408163265306,0.46122448979591835,0.21224489795918366,0.8367346938775511,-0.04081632653061224,0.7142857142857143,0.20816326530612245,0.49795918367346936,0.17142857142857143,0.4530612244897959,0.08163265306122448,0.7714285714285715,-0.19591836734693877,0.6857142857142857,0.02857142857142857,0.5224489795918368,0.02857142857142857,0.4775510204081633,-0.036734693877551024
3,0.0,0.0,0.15789473684210525,0.3441295546558704,0.3967611336032389,0.611336032388664,0.5587044534412956,0.8218623481781376,0.6761133603238867,1.0,0.8502024291497976,0.31983805668016196,0.7813765182186235,0.5748987854251012,0.5465587044534413,0.5101214574898786,0.47368421052631576,0.42105263157894735,0.8825910931174089,0.1417004048582996,0.7530364372469636,0.4251012145748988,0.5060728744939271,0.3522267206477733,0.4574898785425101,0.2550607287449393,0.8502024291497976,-0.024291497975708502,0.7004048582995951,0.26720647773279355,0.4777327935222672,0.19433198380566802,0.43724696356275305,0.0931174089068826,0.7732793522267206,-0.17408906882591094,0.6558704453441295,0.0728744939271255,0.4939271255060729,0.044534412955465584,0.46153846153846156,-0.048582995951417005
3,0.0,0.0,0.15444015444015444,0.3166023166023166,0.3938223938223938,0.5752895752895753,0.555984555984556,0.7915057915057915,0.640926640926641,1.0,0.833976833976834,0.3166023166023166,0.7451737451737451,0.5675675675675675,0.5135135135135135,0.4864864864864865,0.46332046332046334,0.3938223938223938,0.8571428571428571,0.138996138996139,0.7027027027027027,0.4362934362934363,0.46332046332046334,0.3436293436293436,0.4362934362934363,0.24324324324324326,0.8185328185328186,-0.023166023166023165,0.6563706563706564,0.27413127413127414,0.44015444015444016,0.20077220077220076,0.416988416988417,0.11196911196911197,0.7335907335907336,-0.16988416988416988,0.6216216216216216,0.0888030888030888,0.4671814671814672,0.06177606177606178,0.44015444015444016,-0.015444015444015444
3,0.0,0.0,0.15019762845849802,0.31620553359683795,0.38735177865612647,0.5849802371541502,0.541501976284585,0.7984189723320159,0.6205533596837944,1.0,0.849802371541502,0.3241106719367589,0.7944664031620553,0.5849802371541502,0.5573122529644269,0.5098814229249012,0.5098814229249012,0.4150197628458498,0.8735177865612648,0.13438735177865613,0.7114624505928854,0.4426877470355731,0.466403162055336,0.35968379446640314,0.45454545454545453,0.25691699604743085,0.8300395256916996,-0.03557312252964427,0.6442687747035574,0.2648221343873518,0.42292490118577075,0.1976284584980237,0.42292490118577075,0.09881422924901186,0.7430830039525692,-0.18181818181818182,0.6086956521739131,0.07509881422924901,0.45454545454545453,0.05533596837944664,0.4426877470355731,-0.02766798418972332
3,0.0,0.0,0.14285714285714285,0.3224489795918367,0.363265306122449,0.5959183673469388,0.49387755102040815,0.8040816326530612,0.5673469387755102,1.0,0.8408163265306122,0.3469387755102041,0.7714285714285715,0.5673469387755102,0.5510204081632653,0.49387755102040815,0.46122448979591835,0.4122448979591837,0.8653061224489796,0.1510204081632653,0.710204081632653,0.40408163265306124,0.4775510204081633,0.32653061224489793,0.4204081632653061,0.23673469387755103,0.8244897959183674,-0.0326530612244898,0.6571428571428571,0.22040816326530613,0.4448979591836735,0.16326530612244897,0.40816326530612246,0.08163265306122448,0.7346938775510204,-0.20816326530612245,0.6204081632653061,0.0163265306122449,0.46122448979591835,0.012244897959183673,0.4326530612244898,-0.04081632653061224
3,0.0,0.0,0.16049382716049382,0.3292181069958848,0.3868312757201646,0.6049382716049383,0.5308641975308642,0.8065843621399177,0.6090534979423868,1.0,0.8477366255144033,0.3374485596707819,0.7901234567901234,0.5802469135802469,0.5637860082304527,0.5061728395061729,0.49794238683127573,0.42386831275720166,0.8724279835390947,0.1522633744855967,0.7448559670781894,0.4279835390946502,0.5020576131687243,0.35802469135802467,0.448559670781893,0.2757201646090535,0.8395061728395061,-0.024691358024691357,0.7037037037037037,0.25102880658436216,0.48148148148148145,0.19753086419753085,0.43209876543209874,0.11522633744855967,0.7613168724279835,-0.18106995884773663,0.6666666666666666,0.053497942386831275,0.49794238683127573,0.04938271604938271,0.4567901234567901,-0.012345679012345678
3,0.0,0.0,0.14644351464435146,0.3263598326359833,0.37656903765690375,0.6108786610878661,0.5230125523012552,0.8075313807531381,0.602510460251046,1.0,0.8577405857740585,0.3179916317991632,0.8075313807531381,0.5564853556485355,0.5857740585774058,0.49372384937238495,0.47280334728033474,0.41422594142259417,0.8786610878661087,0.1297071129707113,0.7615062761506276,0.41841004184100417,0.5146443514644351,0.35564853556485354,0.40585774058577406,0.27615062761506276,0.8368200836820083,-0.04184100418410042,0.7154811715481172,0.24686192468619247,0.48535564853556484,0.20502092050209206,0.3807531380753138,0.1297071129707113,0.7531380753138075,-0.20502092050209206,0.6778242677824268,0.03347280334728033,0.5104602510460251,0.058577405857740586,0.42677824267782427,0.029288702928870293
3,0.0,0.0,0.1446280991735537,0.3305785123966942,0.3760330578512397,0.6115702479338843,0.5247933884297521,0.8057851239669421,0.6033057851239669,1.0,0.8471074380165289,0.32231404958677684,0.7975206611570248,0.5619834710743802,0.5619834710743802,0.49173553719008267,0.4669421487603306,0.4132231404958678,0.8677685950413223,0.1322314049586777,0.7603305785123967,0.43388429752066116,0.49586776859504134,0.359504132231405,0.4090909090909091,0.26859504132231404,0.8223140495867769,-0.04132231404958678,0.7148760330578512,0.2603305785123967,0.4628099173553719,0.21487603305785125,0.371900826446281,0.128099173553719,0.731404958677686,-0.19834710743801653,0.6652892561983471,0.049586776859504134,0.4793388429752066,0.06611570247933884,0.40082644628099173,0.024793388429752067
3,0.0,0.0,0.15767634854771784,0.3153526970954357,0.3775933609958506,0.5975103734439834,0.5228215767634855,0.8049792531120332,0.6099585062240664,1.0,0.8589211618257261,0.3029045643153527,0.7966804979253111,0.5518672199170125,0.5601659751037344,0.4896265560165975,0.46887966804979253,0.4149377593360996,0.8755186721991701,0.11618257261410789,0.7593360995850622,0.42323651452282157,0.5020746887966805,0.36099585062240663,0.4066390041493776,0.27385892116182575,0.8298755186721992,-0.05394190871369295,0.7261410788381742,0.25311203319502074,0.47717842323651455,0.2074688796680498,0.3775933609958506,0.12863070539419086,0.7344398340248963,-0.2033195020746888,0.6763485477178424,0.03734439834024896,0.4896265560165975,0.058091286307053944,0.4066390041493776,0.016597510373443983
3,0.0,0.0,0.13692946058091288,0.31950207468879666,0.37344398340248963,0.6058091286307054,0.5311203319502075,0.8049792531120332,0.6182572614107884,1.0,0.8464730290456431,0.3112033195020747,0.7551867219917012,0.5601659751037344,0.5145228215767634,0.46473029045643155,0.49377593360995853,0.3651452282157676,0.8713692946058091,0.12448132780082988,0.7053941908713693,0.4190871369294606,0.45228215767634855,0.31950207468879666,0.46473029045643155,0.22406639004149378,0.8257261410788381,-0.04564315352697095,0.6639004149377593,0.23236514522821577,0.4315352697095436,0.16182572614107885,0.44813278008298757,0.07053941908713693,0.7385892116182573,-0.1950207468879668,0.6390041493775933,0.03734439834024896,0.4730290456431535,0.02074688796680498,0.46473029045643155,-0.05394190871369295
3,0.0,0.0,0.1440329218106996,0.3168724279835391,0.3662551440329218,0.5967078189300411,0.5061728395061729,0.8065843621399177,0.5761316872427984,1.0,0.8353909465020576,0.3168724279835391,0.7448559670781894,0.5761316872427984,0.5185185185185185,0.4773662551440329,0.5185185185185185,0.37037037037037035,0.8641975308641975,0.12757201646090535,0.691358024691358,0.42386831275720166,0.45267489711934156,0.3292181069958848,0.48148148148148145,0.22633744855967078,0.8189300411522634,-0.0411522633744856,0.6502057613168725,0.23868312757201646,0.43209876543209874,0.1728395061728395,0.45267489711934156,0.06995884773662552,0.7366255144032922,-0.1934156378600823,0.6296296296296297,0.03292181069958848,0.46502057613168724,0.02880658436213992,0.4567901234567901,-0.03292181069958848
3,0.0,0.0,0.14285714285714285,0.3183673469387755,0.3673469387755102,0.5959183673469388,0.5142857142857142,0.8040816326530612,0.5795918367346938,1.0,0.8408163265306122,0.32653061224489793,0.7591836734693878,0.5755102040816327,0.5306122448979592,0.4816326530612245,0.5183673469387755,0.3795918367346939,0.8693877551020408,0.1306122448979592,0.7020408163265306,0.4204081632653061,0.46122448979591835,0.3346938775510204,0.4857142857142857,0.23673469387755103,0.8204081632653061,-0.04081632653061224,0.6530612244897959,0.23673469387755103,0.43673469387755104,0.17551020408163265,0.45714285714285713,0.08163265306122448,0.7346938775510204,-0.19183673469387755,0.6285714285714286,0.0326530612244898,0.46938775510204084,0.02857142857142857,0.45714285714285713,-0.036734693877551024
3,0.0,0.0,0.13389121338912133,0.3179916317991632,0.36401673640167365,0.5941422594142259,0.5188284518828452,0.803347280334728,0.606694560669456,1.0,0.8535564853556485,0.3138075313807531,0.7615062761506276,0.5564853556485355,0.5271966527196653,0.4686192468619247,0.5104602510460251,0.37656903765690375,0.8786610878661087,0.12133891213389121,0.698744769874477,0.40585774058577406,0.4560669456066946,0.3179916317991632,0.4769874476987448,0.2301255230125523,0.8326359832635983,-0.0502092050209205,0.6401673640167364,0.20920502092050208,0.4309623430962343,0.14644351464435146,0.46443514644351463,0.06276150627615062,0.7447698744769874,-0.200836820083682,0.606694560669456,0.0041841004184100415,0.4560669456066946,-0.0041841004184100415,0.46443514644351463,-0.07112970711297072
3,0.0,0.0,0.13524590163934427,0.319672131147541,0.36065573770491804,0.5942622950819673,0.5122950819672131,0.8032786885245902,0.5901639344262295,1.0,0.8442622950819673,0.32786885245901637,0.7418032786885246,0.5655737704918032,0.5122950819672131,0.4713114754098361,0.4918032786885246,0.3770491803278688,0.8688524590163934,0.13934426229508196,0.6762295081967213,0.42213114754098363,0.4426229508196721,0.32786885245901637,0.45901639344262296,0.24180327868852458,0.8237704918032787,-0.028688524590163935,0.6188524590163934,0.2336065573770492,0.4180327868852459,0.16393442622950818,0.4426229508196721,0.0778688524590164,0.7377049180327869,-0.1762295081967213,0.5983606557377049,0.036885245901639344,0.44672131147540983,0.01639344262295082,0.44672131147540983,-0.045081967213114756
3,0.0,0.0,0.1375,0.32083333333333336,0.3541666666666667,0.5958333333333333,0.5,0.8041666666666667,0.5791666666666667,1.0,0.8416666666666667,0.31666666666666665,0.7291666666666666,0.575,0.49583333333333335,0.4875,0.48333333333333334,0.38333333333333336,0.8708333333333333,0.12083333333333333,0.675,0.42083333333333334,0.43333333333333335,0.32916666666666666,0.45,0.225,0.8208333333333333,-0.05,0.625,0.22916666666666666,0.4083333333333333,0.16666666666666666,0.42916666666666664,0.06666666666666667,0.7291666666666666,-0.20416666666666666,0.5916666666666667,0.020833333333333332,0.42916666666666664,0.020833333333333332,0.425,-0.04583333333333333
3,0.0,0.0,0.13991769547325103,0.3168724279835391,0.35802469135802467,0.5925925925925926,0.5102880658436214,0.8024691358024691,0.5843621399176955,1.0,0.8436213991769548,0.32098765432098764,0.7407407407407407,0.551440329218107,0.5061728395061729,0.4691358024691358,0.4732510288065844,0.3786008230452675,0.8765432098765432,0.13168724279835392,0.6790123456790124,0.40329218106995884,0.4444444444444444,0.32098765432098764,0.4444444444444444,0.23045267489711935,0.831275720164609,-0.0411522633744856,0.6255144032921811,0.2222222222222222,0.42386831275720166,0.16049382716049382,0.43621399176954734,0.07407407407407407,0.7489711934156379,-0.1934156378600823,0.6008230452674898,0.024691358024691357,0.448559670781893,0.01646090534979424,0.4403292181069959,-0.04526748971193416
3,0.0,0.0,0.1346938775510204,0.31020408163265306,0.35918367346938773,0.5959183673469388,0.5183673469387755,0.8040816326530612,0.5959183673469388,1.0,0.8448979591836735,0.3346938775510204,0.7183673469387755,0.5714285714285714,0.49795918367346936,0.46530612244897956,0.49795918367346936,0.363265306122449,0.8775510204081632,0.1510204081632653,0.673469387755102,0.40816326530612246,0.4489795918367347,0.3142857142857143,0.4816326530612245,0.23265306122448978,0.8367346938775511,-0.02040816326530612,0.6326530612244898,0.20816326530612245,0.4326530612244898,0.15510204081632653,0.46122448979591835,0.08163265306122448,0.7591836734693878,-0.17142857142857143,0.6122448979591837,0.012244897959183673,0.46122448979591835,0.00816326530612245,0.46122448979591835,-0.04081632653061224
3,0.0,0.0,0.13934426229508196,0.319672131147541,0.3770491803278688,0.6065573770491803,0.5368852459016393,0.8114754098360656,0.6188524590163934,1.0,0.8360655737704918,0.35655737704918034,0.7336065573770492,0.569672131147541,0.5204918032786885,0.47950819672131145,0.5081967213114754,0.38934426229508196,0.8770491803278688,0.16393442622950818,0.6926229508196722,0.3975409836065574,0.4713114754098361,0.319672131147541,0.4959016393442623,0.22950819672131148,0.8401639344262295,-0.020491803278688523,0.6516393442622951,0.20491803278688525,0.45081967213114754,0.1557377049180328,0.4713114754098361,0.07377049180327869,0.7704918032786885,-0.18442622950819673,0.6311475409836066,0.00819672131147541,0.47950819672131145,0.012295081967213115,0.47950819672131145,-0.045081967213114756
3,0.0,0.0,0.15217391304347827,0.3391304347826087,0.40869565217391307,0.6130434782608696,0.5652173913043478,0.8173913043478261,0.6608695652173913,1.0,0.8913043478260869,0.3391304347826087,0.7695652173913043,0.6,0.5304347826086957,0.5043478260869565,0.5260869565217391,0.4,0.9217391304347826,0.14347826086956522,0.7304347826086957,0.43478260869565216,0.4826086956521739,0.34347826086956523,0.4956521739130435,0.24782608695652175,0.8782608695652174,-0.043478260869565216,0.6869565217391305,0.2391304347826087,0.45652173913043476,0.17391304347826086,0.4608695652173913,0.0782608695652174,0.7869565217391304,-0.20869565217391303,0.6434782608695652,0.034782608695652174,0.46956521739130436,0.017391304347826087,0.45217391304347826,-0.06521739130434782
3,0.0,0.0,0.14644351464435146,0.3138075313807531,0.39748953974895396,0.5857740585774058,0.5523012552301255,0.803347280334728,0.6443514644351465,1.0,0.8786610878661087,0.3138075313807531,0.7573221757322176,0.5732217573221757,0.5313807531380753,0.48535564853556484,0.5271966527196653,0.37656903765690375,0.9037656903765691,0.12133891213389121,0.7071129707112971,0.41841004184100417,0.47280334728033474,0.33472803347280333,0.497907949790795,0.22594142259414227,0.8535564853556485,-0.0502092050209205,0.6485355648535565,0.23430962343096234,0.4351464435146444,0.1799163179916318,0.4560669456066946,0.07531380753138076,0.7573221757322176,-0.200836820083682,0.6108786610878661,0.04184100418410042,0.4476987447698745,0.029288702928870293,0.4476987447698745,-0.0502092050209205
3,0.0,0.0,0.18518518518518517,0.3148148148148148,0.46296296296296297,0.5694444444444444,0.6296296296296297,0.7916666666666666,0.7546296296296297,0.9768518518518519,0.9814814814814815,0.25462962962962965,1.0,0.48148148148148145,0.7731481481481481,0.5185185185185185,0.6944444444444444,0.49074074074074076,0.9814814814814815,0.046296296296296294,0.8472222222222222,0.3611111111111111,0.6018518518518519,0.36574074074074076,0.5601851851851852,0.2777777777777778,0.8981481481481481,-0.1388888888888889,0.7314814814814815,0.19907407407407407,0.5046296296296297,0.19907407407407407,0.47685185185185186,0.10185185185185185,0.7638888888888888,-0.30092592592592593,0.6481481481481481,0.004629629629629629,0.4675925925925926,0.023148148148148147,0.42592592592592593,-0.05555555555555555
3,0.0,0.0,0.10299003322259136,0.22259136212624583,0.3222591362126246,0.4053156146179402,0.4883720930232558,0.5182724252491694,0.6345514950166113,0.5880398671096345,0.654485049833887,0.16943521594684385,0.7906976744186046,0.21262458471760798,0.9003322259136213,0.23255813953488372,1.0,0.2558139534883721,0.6611295681063123,0.03322259136212625,0.5647840531561462,0.24916943521594684,0.4119601328903654,0.25249169435215946,0.37209302325581395,0.1893687707641196,0.6013289036544851,-0.08305647840531562,0.47840531561461797,0.1461794019933555,0.33222591362126247,0.12956810631229235,0.29900332225913623,0.059800664451827246,0.5049833887043189,-0.18604651162790697,0.42857142857142855,0.023255813953488372,0.3023255813953488,0.026578073089700997,0.2591362126245847,-0.03322259136212625
3,0.0,0.0,0.13983050847457626,0.3093220338983051,0.3686440677966102,0.576271186440678,0.4957627118644068,0.8050847457627118,0.5720338983050848,1.0,0.8389830508474576,0.2754237288135593,0.8601694915254238,0.5084745762711864,0.6610169491525424,0.559322033898305,0.5720338983050848,0.5550847457627118,0.8559322033898306,0.09745762711864407,0.6822033898305084,0.3855932203389831,0.4576271186440678,0.3559322033898305,0.423728813559322,0.2627118644067797,0.7923728813559322,-0.059322033898305086,0.6016949152542372,0.2457627118644068,0.3983050847457627,0.1906779661016949,0.3813559322033898,0.09322033898305085,0.6864406779661016,-0.19491525423728814,0.559322033898305,0.08050847457627118,0.4067796610169492,0.05508474576271186,0.3728813559322034,-0.03389830508474576
3,0.0,0.0,0.08943089430894309,0.3089430894308943,0.25203252032520324,0.5813008130081301,0.33739837398373984,0.8008130081300813,0.37398373983739835,1.0,0.7317073170731707,0.3861788617886179,0.5813008130081301,0.5609756097560976,0.3861788617886179,0.4634146341463415,0.34146341463414637,0.3861788617886179,0.7682926829268293,0.2032520325203252,0.5691056910569106,0.4146341463414634,0.36585365853658536,0.32926829268292684,0.34959349593495936,0.24390243902439024,0.7398373983739838,0.028455284552845527,0.5447154471544715,0.23170731707317074,0.35772357723577236,0.17479674796747968,0.3617886178861789,0.10569105691056911,0.6747967479674797,-0.13414634146341464,0.5447154471544715,0.044715447154471545,0.3943089430894309,0.032520325203252036,0.37398373983739835,-0.012195121951219513
3,0.0,0.0,0.07692307692307693,0.31983805668016196,0.23481781376518218,0.5991902834008097,0.32793522267206476,0.805668016194332,0.3643724696356275,1.0,0.7368421052631579,0.42105263157894735,0.5748987854251012,0.5991902834008097,0.38461538461538464,0.48582995951417,0.3643724696356275,0.4008097165991903,0.7894736842105263,0.2388663967611336,0.5748987854251012,0.4574898785425101,0.3765182186234818,0.3522267206477733,0.3643724696356275,0.27125506072874495,0.7732793522267206,0.06882591093117409,0.5465587044534413,0.2631578947368421,0.3684210526315789,0.19838056680161945,0.3765182186234818,0.12955465587044535,0.708502024291498,-0.08906882591093117,0.5506072874493927,0.08097165991902834,0.4008097165991903,0.06477732793522267,0.38866396761133604,0.016194331983805668
3,0.0,0.0,0.07723577235772358,0.3130081300813008,0.23983739837398374,0.5975609756097561,0.33739837398373984,0.8089430894308943,0.3699186991869919,1.0,0.7560975609756098,0.4065040650406504,0.5813008130081301,0.5894308943089431,0.3943089430894309,0.47560975609756095,0.3861788617886179,0.3943089430894309,0.7926829268292683,0.22764227642276422,0.5650406504065041,0.44308943089430897,0.3699186991869919,0.33739837398373984,0.3780487804878049,0.2601626016260163,0.7642276422764228,0.056910569105691054,0.540650406504065,0.25609756097560976,0.36585365853658536,0.18292682926829268,0.3861788617886179,0.11382113821138211,0.6951219512195121,-0.09349593495934959,0.540650406504065,0.08130081300813008,0.3983739837398374,0.056910569105691054,0.3983739837398374,0.0040650406504065045
3,0.0,0.0,0.0846774193548387,0.3185483870967742,0.25806451612903225,0.6008064516129032,0.3629032258064516,0.8104838709677419,0.39919354838709675,1.0,0.7580645161290323,0.3911290322580645,0.5846774193548387,0.592741935483871,0.3951612903225806,0.4838709677419355,0.3951612903225806,0.3951612903225806,0.7862903225806451,0.21370967741935484,0.5564516129032258,0.45564516129032256,0.36693548387096775,0.35080645161290325,0.3790322580645161,0.2620967741935484,0.7580645161290323,0.05241935483870968,0.532258064516129,0.27419354838709675,0.3629032258064516,0.1975806451612903,0.3870967741935484,0.12096774193548387,0.6814516129032258,-0.09274193548387097,0.5282258064516129,0.0967741935483871,0.3911290322580645,0.06854838709677419,0.3951612903225806,0.008064516129032258
3,0.0,0.0,0.06746031746031746,0.3253968253968254,0.23015873015873015,0.6031746031746031,0.32142857142857145,0.8055555555555556,0.3492063492063492,1.0,0.7261904761904762,0.4087301587301587,0.5357142857142857,0.6031746031746031,0.35714285714285715,0.4880952380952381,0.36904761904761907,0.3968253968253968,0.7579365079365079,0.23809523809523808,0.5198412698412699,0.46825396825396826,0.3373015873015873,0.3611111111111111,0.3611111111111111,0.2698412698412698,0.7301587301587301,0.07142857142857142,0.503968253968254,0.2857142857142857,0.3373015873015873,0.21428571428571427,0.36904761904761907,0.1349206349206349,0.6547619047619048,-0.07539682539682539,0.503968253968254,0.10317460317460317,0.373015873015873,0.07936507936507936,0.38492063492063494,0.023809523809523808
3,0.0,0.0,0.05952380952380952,0.3134920634920635,0.21031746031746032,0.6031746031746031,0.3055555555555556,0.8095238095238095,0.3333333333333333,1.0,0.7103174603174603,0.4365079365079365,0.5357142857142857,0.6031746031746031,0.35714285714285715,0.4801587301587302,0.36904761904761907,0.4007936507936508,0.753968253968254,0.2619047619047619,0.5238095238095238,0.4523809523809524,0.3333333333333333,0.34523809523809523,0.36507936507936506,0.2698412698412698,0.7341269841269841,0.09523809523809523,0.5198412698412699,0.27380952380952384,0.34523809523809523,0.1984126984126984,0.38095238095238093,0.13095238095238096,0.6746031746031746,-0.05555555555555555,0.5277777777777778,0.0992063492063492,0.3888888888888889,0.06746031746031746,0.4007936507936508,0.007936507936507936
3,0.0,0.0,0.05533596837944664,0.308300395256917,0.20948616600790515,0.5928853754940712,0.308300395256917,0.8023715415019763,0.3359683794466403,1.0,0.7154150197628458,0.43478260869565216,0.525691699604743,0.5928853754940712,0.35177865612648224,0.4624505928853755,0.37549407114624506,0.37549407114624506,0.7628458498023716,0.25691699604743085,0.5177865612648221,0.44664031620553357,0.3359683794466403,0.33201581027667987,0.3794466403162055,0.25691699604743085,0.7430830039525692,0.08695652173913043,0.5177865612648221,0.2648221343873518,0.35177865612648224,0.18181818181818182,0.39920948616600793,0.11462450592885376,0.6798418972332015,-0.07114624505928854,0.5335968379446641,0.08695652173913043,0.39920948616600793,0.05928853754940711,0.4189723320158103,0.007905138339920948
3,0.0,0.0,0.064,0.308,0.216,0.588,0.324,0.796,0.348,1.0,0.732,0.416,0.552,0.592,0.372,0.46,0.376,0.368,0.776,0.236,0.544,0.444,0.364,0.332,0.38,0.252,0.756,0.068,0.528,0.26,0.368,0.18,0.396,0.108,0.688,-0.088,0.54,0.08,0.412,0.052,0.42,-0.004
3,0.0,0.0,0.036290322580645164,0.31048387096774194,0.1774193548387097,0.6048387096774194,0.3064516129032258,0.8064516129032258,0.36693548387096775,1.0,0.6612903225806451,0.4838709677419355,0.5766129032258065,0.6209677419354839,0.4032258064516129,0.4959677419354839,0.3870967741935484,0.4274193548387097,0.7379032258064516,0.31451612903225806,0.5887096774193549,0.45564516129032256,0.3951612903225806,0.35080645161290325,0.39919354838709675,0.29838709677419356,0.75,0.14112903225806453,0.592741935483871,0.27419354838709675,0.4153225806451613,0.20161290322580644,0.4314516129032258,0.1532258064516129,0.7298387096774194,-0.020161290322580645,0.6169354838709677,0.10080645161290322,0.47580645161290325,0.07661290322580645,0.4717741935483871,0.03225806451612903
3,0.0,0.0,0.0211864406779661,0.3135593220338983,0.15254237288135594,0.6101694915254238,0.3050847457627119,0.8050847457627118,0.3601694915254237,1.0,0.538135593220339,0.5084745762711864,0.5550847457627118,0.614406779661017,0.3813559322033898,0.5042372881355932,0.3686440677966102,0.4533898305084746,0.614406779661017,0.3432203389830508,0.5932203389830508,0.4491525423728814,0.3813559322033898,0.3432203389830508,0.4067796610169492,0.3093220338983051,0.6440677966101694,0.1652542372881356,0.614406779661017,0.2627118644067797,0.4152542372881356,0.1906779661016949,0.4406779661016949,0.15677966101694915,0.6567796610169492,-0.01694915254237288,0.6398305084745762,0.07203389830508475,0.4830508474576271,0.05084745762711865,0.4745762711864407,0.025423728813559324
3,0.0,0.0,0.06808510638297872,0.3276595744680851,0.23829787234042554,0.625531914893617,0.39148936170212767,0.8212765957446808,0.4595744680851064,1.0,0.5957446808510638,0.46382978723404256,0.6085106382978723,0.6170212765957447,0.42127659574468085,0.5106382978723404,0.4,0.43829787234042555,0.6638297872340425,0.3021276595744681,0.6127659574468085,0.4425531914893617,0.4085106382978723,0.3446808510638298,0.425531914893617,0.28936170212765955,0.676595744680851,0.1276595744680851,0.6212765957446809,0.25957446808510637,0.4297872340425532,0.2,0.43829787234042555,0.14468085106382977,0.6595744680851063,-0.05106382978723404,0.6212765957446809,0.06808510638297872,0.4723404255319149,0.05531914893617021,0.4595744680851064,0.01276595744680851
3,0.0,0.0,0.09482758620689655,0.31896551724137934,0.28879310344827586,0.6077586206896551,0.43103448275862066,0.8060344827586207,0.4870689655172414,1.0,0.7629310344827587,0.3922413793103448,0.6336206896551724,0.6077586206896551,0.4353448275862069,0.4956896551724138,0.4396551724137931,0.39655172413793105,0.8232758620689655,0.21551724137931033,0.6077586206896551,0.4396551724137931,0.4051724137931034,0.34051724137931033,0.43103448275862066,0.25862068965517243,0.7974137931034483,0.05172413793103448,0.5905172413793104,0.2629310344827586,0.4051724137931034,0.19827586206896552,0.4224137931034483,0.1206896551724138,0.728448275862069,-0.10344827586206896,0.5818965517241379,0.07327586206896551,0.4353448275862069,0.0603448275862069,0.4353448275862069,0.004310344827586207
3,0.0,0.0,0.09482758620689655,0.3146551724137931,0.28879310344827586,0.5948275862068966,0.41379310344827586,0.8060344827586207,0.45689655172413796,1.0,0.7887931034482759,0.34913793103448276,0.5948275862068966,0.5775862068965517,0.39655172413793105,0.46120689655172414,0.41810344827586204,0.3577586206896552,0.8146551724137931,0.15948275862068967,0.5560344827586207,0.4267241379310345,0.3620689655172414,0.3232758620689655,0.39655172413793105,0.23275862068965517,0.7672413793103449,-0.004310344827586207,0.5172413793103449,0.2413793103448276,0.3448275862068966,0.1724137931034483,0.3879310344827586,0.09051724137931035,0.6767241379310345,-0.14655172413793102,0.5043103448275862,0.05603448275862069,0.36637931034482757,0.034482758620689655,0.3793103448275862,-0.03017241379310345
3,0.0,0.0,0.09876543209876543,0.32098765432098764,0.29218106995884774,0.5925925925925926,0.3950617283950617,0.8024691358024691,0.43209876543209874,1.0,0.7818930041152263,0.36213991769547327,0.5802469135802469,0.5761316872427984,0.3950617283950617,0.46502057613168724,0.4156378600823045,0.36213991769547327,0.7942386831275721,0.18518518518518517,0.5390946502057613,0.4444444444444444,0.36213991769547327,0.3374485596707819,0.39094650205761317,0.24691358024691357,0.7448559670781894,0.024691358024691357,0.5020576131687243,0.2674897119341564,0.34156378600823045,0.1934156378600823,0.3786008230452675,0.11522633744855967,0.654320987654321,-0.1111111111111111,0.4773662551440329,0.09876543209876543,0.35390946502057613,0.05761316872427984,0.3786008230452675,-0.01646090534979424
3,0.0,0.0,0.10121457489878542,0.32388663967611336,0.2834008097165992,0.5951417004048583,0.38461538461538464,0.805668016194332,0.4251012145748988,1.0,0.7611336032388664,0.3724696356275304,0.5748987854251012,0.5870445344129555,0.38866396761133604,0.4777327935222672,0.3967611336032389,0.3805668016194332,0.7773279352226721,0.20242914979757085,0.5344129554655871,0.46558704453441296,0.3481781376518219,0.3643724696356275,0.3643724696356275,0.27125506072874495,0.728744939271255,0.044534412955465584,0.4939271255060729,0.29554655870445345,0.32793522267206476,0.22672064777327935,0.3603238866396761,0.145748987854251,0.6437246963562753,-0.08906882591093117,0.46558704453441296,0.12550607287449392,0.340080971659919,0.08906882591093117,0.3603238866396761,0.016194331983805668
3,0.0,0.0,0.100418410041841,0.3263598326359833,0.29707112970711297,0.6108786610878661,0.4309623430962343,0.8075313807531381,0.4895397489539749,1.0,0.7949790794979079,0.3723849372384937,0.6485355648535565,0.5857740585774058,0.4435146443514644,0.46443514644351463,0.45188284518828453,0.3723849372384937,0.8326359832635983,0.19665271966527198,0.6234309623430963,0.4435146443514644,0.40585774058577406,0.3263598326359833,0.4309623430962343,0.2384937238493724,0.799163179916318,0.03347280334728033,0.5983263598326359,0.26359832635983266,0.40585774058577406,0.1799163179916318,0.4393305439330544,0.100418410041841,0.7280334728033473,-0.11297071129707113,0.5857740585774058,0.08368200836820083,0.4435146443514644,0.04184100418410042,0.45188284518828453,-0.03347280334728033
3,0.0,0.0,0.07083333333333333,0.32916666666666666,0.2708333333333333,0.6291666666666667,0.425,0.8166666666666667,0.49583333333333335,1.0,0.7583333333333333,0.425,0.6375,0.6041666666666666,0.45,0.4791666666666667,0.4708333333333333,0.3958333333333333,0.8125,0.25416666666666665,0.6333333333333333,0.4375,0.425,0.3333333333333333,0.4708333333333333,0.2708333333333333,0.8,0.08333333333333333,0.625,0.24583333333333332,0.43333333333333335,0.18333333333333332,0.4791666666666667,0.12083333333333333,0.75,-0.0625,0.6208333333333333,0.06666666666666667,0.475,0.04583333333333333,0.49166666666666664,-0.004166666666666667
3,0.0,0.0,0.07983193277310924,0.3277310924369748,0.27310924369747897,0.6260504201680672,0.42436974789915966,0.8109243697478992,0.49159663865546216,1.0,0.726890756302521,0.42016806722689076,0.6470588235294118,0.5882352941176471,0.453781512605042,0.46638655462184875,0.4495798319327731,0.3907563025210084,0.7983193277310925,0.24369747899159663,0.6470588235294118,0.42436974789915966,0.4369747899159664,0.31932773109243695,0.47478991596638653,0.25210084033613445,0.7941176470588235,0.07142857142857142,0.6470588235294118,0.23529411764705882,0.453781512605042,0.16806722689075632,0.4957983193277311,0.1092436974789916,0.7605042016806722,-0.07983193277310924,0.6428571428571429,0.046218487394957986,0.4957983193277311,0.03361344537815126,0.5084033613445378,-0.012605042016806723
3,0.0,0.0,0.06639004149377593,0.3278008298755187,0.25311203319502074,0.6348547717842323,0.4107883817427386,0.8132780082987552,0.4854771784232365,1.0,0.6929460580912863,0.44813278008298757,0.6307053941908713,0.5933609958506224,0.43568464730290457,0.48132780082987553,0.43983402489626555,0.42323651452282157,0.7717842323651453,0.2821576763485477,0.6431535269709544,0.4315352697095436,0.42738589211618255,0.3278008298755187,0.46887966804979253,0.27800829875518673,0.7759336099585062,0.1078838174273859,0.6514522821576764,0.24896265560165975,0.45228215767634855,0.17842323651452283,0.4896265560165975,0.12448132780082988,0.7593360995850622,-0.04979253112033195,0.6514522821576764,0.06224066390041494,0.4979253112033195,0.04149377593360996,0.5062240663900415,-0.004149377593360996
3,0.0,0.0,0.05371900826446281,0.3140495867768595,0.23140495867768596,0.6198347107438017,0.39669421487603307,0.8099173553719008,0.47107438016528924,1.0,0.6652892561983471,0.47520661157024796,0.628099173553719,0.5909090909090909,0.41735537190082644,0.4793388429752066,0.4049586776859504,0.4256198347107438,0.7396694214876033,0.30991735537190085,0.6487603305785123,0.43388429752066116,0.4214876033057851,0.3305785123966942,0.4462809917355372,0.2892561983471074,0.7520661157024794,0.1322314049586777,0.6528925619834711,0.25206611570247933,0.44214876033057854,0.1859504132231405,0.47107438016528924,0.1446280991735537,0.731404958677686,-0.04132231404958678,0.6487603305785123,0.06611570247933884,0.49173553719008267,0.049586776859504134,0.49173553719008267,0.012396694214876033
3,0.0,0.0,0.06896551724137931,0.3275862068965517,0.25,0.6206896551724138,0.4353448275862069,0.8017241379310345,0.5258620689655172,1.0,0.6594827586206896,0.46120689655172414,0.6594827586206896,0.5732758620689655,0.4482758620689655,0.4698275862068966,0.4353448275862069,0.4267241379310345,0.7327586206896551,0.28448275862068967,0.6810344827586207,0.40948275862068967,0.4525862068965517,0.3146551724137931,0.47844827586206895,0.27155172413793105,0.7413793103448276,0.10344827586206896,0.6939655172413793,0.22413793103448276,0.4827586206896552,0.16379310344827586,0.5,0.12931034482758622,0.7198275862068966,-0.07758620689655173,0.6896551724137931,0.021551724137931036,0.5301724137931034,0.021551724137931036,0.5129310344827587,-0.004310344827586207
3,0.0,0.0,0.06756756756756757,0.32432432432432434,0.25675675675675674,0.6306306306306306,0.46846846846846846,0.8153153153153153,0.581081081081081,1.0,0.6081081081081081,0.481981981981982,0.6936936936936937,0.5675675675675675,0.481981981981982,0.47297297297297297,0.43243243243243246,0.4369369369369369,0.6801801801801802,0.3063063063063063,0.7342342342342343,0.4009009009009009,0.49099099099099097,0.3153153153153153,0.47297297297297297,0.28378378378378377,0.7072072072072072,0.11711711711711711,0.7522522522522522,0.2072072072072072,0.5180180180180181,0.16216216216216217,0.49099099099099097,0.13963963963963963,0.7027027027027027,-0.08108108108108109,0.7342342342342343,0.0045045045045045045,0.5630630630630631,0.009009009009009009,0.5225225225225225,0.0
3,0.0,0.0,0.08450704225352113,0.323943661971831,0.3051643192488263,0.6291079812206573,0.5164319248826291,0.8169014084507042,0.6431924882629108,1.0,0.6384976525821596,0.4460093896713615,0.7511737089201878,0.5539906103286385,0.5352112676056338,0.4694835680751174,0.4835680751173709,0.4225352112676056,0.6854460093896714,0.26291079812206575,0.7887323943661971,0.38028169014084506,0.5352112676056338,0.30985915492957744,0.5117370892018779,0.26291079812206575,0.6995305164319249,0.06572769953051644,0.7981220657276995,0.1784037558685446,0.5539906103286385,0.14553990610328638,0.5164319248826291,0.10328638497652583,0.6854460093896714,-0.15023474178403756,0.784037558685446,-0.051643192488262914,0.6056338028169014,-0.023474178403755867,0.539906103286385,-0.04225352112676056
3,0.0,0.0,0.1,0.319047619047619,0.3380952380952381,0.6333333333333333,0.5714285714285714,0.8095238095238095,0.7,1.0,0.7476190476190476,0.4095238095238095,0.7904761904761904,0.5380952380952381,0.5619047619047619,0.4523809523809524,0.5333333333333333,0.3952380952380952,0.8,0.21428571428571427,0.7904761904761904,0.3476190476190476,0.5333333333333333,0.2857142857142857,0.5428571428571428,0.23333333333333334,0.7904761904761904,0.01904761904761905,0.7761904761904762,0.1380952380952381,0.5380952380952381,0.11428571428571428,0.5380952380952381,0.07142857142857142,0.7476190476190476,-0.18095238095238095,0.7666666666666667,-0.08571428571428572,0.5904761904761905,-0.047619047619047616,0.5523809523809524,-0.07142857142857142
3,0.0,0.0,0.1414141414141414,0.3282828282828283,0.4090909090909091,0.6414141414141414,0.6464646464646465,0.8181818181818182,0.7878787878787878,1.0,0.7929292929292929,0.3686868686868687,0.8535353535353535,0.5,0.6111111111111112,0.4292929292929293,0.5707070707070707,0.3787878787878788,0.8383838383838383,0.16666666666666666,0.8383838383838383,0.30808080808080807,0.5707070707070707,0.25757575757575757,0.5757575757575758,0.20202020202020202,0.8181818181818182,-0.04040404040404041,0.8181818181818182,0.09090909090909091,0.5707070707070707,0.08080808080808081,0.5707070707070707,0.03535353535353535,0.7676767676767676,-0.25252525252525254,0.7878787878787878,-0.14646464646464646,0.6111111111111112,-0.10101010101010101,0.5757575757575758,-0.12121212121212122
3,0.0,0.0,0.16161616161616163,0.3282828282828283,0.4595959595959596,0.6363636363636364,0.7121212121212122,0.8080808080808081,0.8636363636363636,1.0,0.9090909090909091,0.30303030303030304,0.8888888888888888,0.47474747474747475,0.6313131313131313,0.4090909090909091,0.5959595959595959,0.3333333333333333,0.9444444444444444,0.08585858585858586,0.8585858585858586,0.2727272727272727,0.5858585858585859,0.23232323232323232,0.601010101010101,0.15656565656565657,0.898989898989899,-0.12121212121212122,0.8131313131313131,0.050505050505050504,0.5757575757575758,0.05555555555555555,0.5909090909090909,-0.005050505050505051,0.8181818181818182,-0.30808080808080807,0.7575757575757576,-0.16161616161616163,0.5909090909090909,-0.1111111111111111,0.5808080808080808,-0.14646464646464646
3,0.0,0.0,0.205,0.35,0.53,0.61,0.785,0.77,0.925,0.975,0.995,0.23,0.94,0.47,0.655,0.405,0.625,0.31,1.0,0.0,0.89,0.28,0.6,0.24,0.6,0.15,0.915,-0.2,0.795,0.065,0.55,0.065,0.56,-0.02,0.795,-0.365,0.72,-0.16,0.555,-0.115,0.54,-0.18
3,0.0,0.0,0.21761658031088082,0.33678756476683935,0.533678756476684,0.6010362694300518,0.7823834196891192,0.7875647668393783,0.9430051813471503,0.9792746113989638,0.9948186528497409,0.17616580310880828,0.9430051813471503,0.44559585492227977,0.6580310880829016,0.38860103626943004,0.5854922279792746,0.30569948186528495,1.0,-0.05181347150259067,0.8860103626943006,0.25906735751295334,0.5803108808290155,0.21761658031088082,0.533678756476684,0.13471502590673576,0.917098445595855,-0.2538860103626943,0.7823834196891192,0.04145077720207254,0.5181347150259067,0.031088082901554404,0.49740932642487046,-0.046632124352331605,0.7927461139896373,-0.41968911917098445,0.6994818652849741,-0.19689119170984457,0.5233160621761658,-0.15544041450777202,0.5025906735751295,-0.20725388601036268
3,0.0,0.0,0.21674876847290642,0.33004926108374383,0.541871921182266,0.5862068965517241,0.7832512315270936,0.7733990147783252,0.916256157635468,0.9655172413793104,1.0,0.18226600985221675,0.9359605911330049,0.45320197044334976,0.6551724137931034,0.39901477832512317,0.6108374384236454,0.3054187192118227,0.9950738916256158,-0.03940886699507389,0.8719211822660099,0.28078817733990147,0.5763546798029556,0.23645320197044334,0.5665024630541872,0.1330049261083744,0.9064039408866995,-0.2315270935960591,0.7684729064039408,0.07389162561576355,0.5172413793103449,0.059113300492610835,0.5221674876847291,-0.034482758620689655,0.7783251231527094,-0.3842364532019704,0.6847290640394089,-0.1477832512315271,0.5123152709359606,-0.12315270935960591,0.5024630541871922,-0.18719211822660098
3,0.0,0.0,0.21393034825870647,0.3333333333333333,0.5373134328358209,0.5970149253731343,0.7661691542288557,0.7810945273631841,0.900497512437811,0.9751243781094527,1.0,0.17412935323383086,0.9203980099502488,0.4427860696517413,0.6417910447761194,0.38308457711442784,0.6218905472636815,0.2885572139303483,1.0,-0.04975124378109453,0.8557213930348259,0.25870646766169153,0.5671641791044776,0.21890547263681592,0.582089552238806,0.11940298507462686,0.9104477611940298,-0.23880597014925373,0.7661691542288557,0.03980099502487562,0.5223880597014925,0.03980099502487562,0.5422885572139303,-0.04975124378109453,0.7860696517412935,-0.39800995024875624,0.6716417910447762,-0.18407960199004975,0.5124378109452736,-0.14427860696517414,0.5124378109452736,-0.20398009950248755
3,0.0,0.0,0.21287128712871287,0.32673267326732675,0.5346534653465347,0.5891089108910891,0.7623762376237624,0.7772277227722773,0.900990099009901,0.9653465346534653,1.0,0.15346534653465346,0.9158415841584159,0.4158415841584158,0.6435643564356436,0.36633663366336633,0.6188118811881188,0.26732673267326734,0.995049504950495,-0.06435643564356436,0.8465346534653465,0.2376237623762376,0.5643564356435643,0.2079207920792079,0.5693069306930693,0.11386138613861387,0.905940594059406,-0.2524752475247525,0.7623762376237624,0.0297029702970297,0.5198019801980198,0.0297029702970297,0.5346534653465347,-0.0594059405940594,0.7772277227722773,-0.400990099009901,0.6782178217821783,-0.18811881188118812,0.5148514851485149,-0.1485148514851485,0.5148514851485149,-0.2079207920792079
3,0.0,0.0,0.10087719298245613,0.32894736842105265,0.3333333333333333,0.6096491228070176,0.4824561403508772,0.8201754385964912,0.5570175438596491,1.0,0.8508771929824561,0.31140350877192985,0.7105263157894737,0.5087719298245614,0.4780701754385965,0.42105263157894735,0.4649122807017544,0.34210526315789475,0.868421052631579,0.11842105263157894,0.6710526315789473,0.34649122807017546,0.43859649122807015,0.2807017543859649,0.4517543859649123,0.20614035087719298,0.8201754385964912,-0.06578947368421052,0.6096491228070176,0.13596491228070176,0.40789473684210525,0.10964912280701754,0.43859649122807015,0.043859649122807015,0.7412280701754386,-0.22807017543859648,0.5789473684210527,-0.06578947368421052,0.42105263157894735,-0.05701754385964912,0.4298245614035088,-0.10526315789473684
3,0.0,0.0,0.11063829787234042,0.3191489361702128,0.3191489361702128,0.5914893617021276,0.4553191489361702,0.7957446808510639,0.502127659574468,1.0,0.8382978723404255,0.33617021276595743,0.7021276595744681,0.5234042553191489,0.4808510638297872,0.425531914893617,0.4553191489361702,0.33617021276595743,0.8638297872340426,0.14042553191489363,0.6680851063829787,0.3574468085106383,0.4425531914893617,0.2765957446808511,0.4425531914893617,0.2,0.8212765957446808,-0.03829787234042553,0.6170212765957447,0.1574468085106383,0.425531914893617,0.10638297872340426,0.44680851063829785,0.03829787234042553,0.7361702127659574,-0.19574468085106383,0.5957446808510638,-0.0425531914893617,0.451063829787234,-0.0425531914893617,0.4553191489361702,-0.09361702127659574
3,0.0,0.0,0.10344827586206896,0.3146551724137931,0.3146551724137931,0.5905172413793104,0.45689655172413796,0.7974137931034483,0.5086206896551724,1.0,0.8318965517241379,0.33620689655172414,0.7025862068965517,0.5129310344827587,0.4870689655172414,0.41810344827586204,0.4698275862068966,0.3275862068965517,0.8620689655172413,0.1336206896551724,0.6637931034482759,0.34051724137931033,0.4353448275862069,0.2629310344827586,0.4525862068965517,0.1853448275862069,0.8189655172413793,-0.05172413793103448,0.6163793103448276,0.13793103448275862,0.4224137931034483,0.09051724137931035,0.4482758620689655,0.017241379310344827,0.7370689655172413,-0.21551724137931033,0.5991379310344828,-0.0603448275862069,0.4525862068965517,-0.05603448275862069,0.45689655172413796,-0.10775862068965517
3,0.0,0.0,0.0642570281124498,0.30522088353413657,0.23293172690763053,0.5863453815261044,0.3172690763052209,0.7991967871485943,0.3132530120481928,1.0,0.7469879518072289,0.3855421686746988,0.6024096385542169,0.5622489959839357,0.40160642570281124,0.4538152610441767,0.40963855421686746,0.37751004016064255,0.7871485943775101,0.20481927710843373,0.5622489959839357,0.40160642570281124,0.3614457831325301,0.3092369477911647,0.39357429718875503,0.24899598393574296,0.7550200803212851,0.03614457831325301,0.5220883534136547,0.21285140562248997,0.3493975903614458,0.1566265060240964,0.39759036144578314,0.0963855421686747,0.6867469879518072,-0.11244979919678715,0.5140562248995983,0.0321285140562249,0.3855421686746988,0.012048192771084338,0.40963855421686746,-0.040160642570281124
3,0.0,0.0,0.07692307692307693,0.3117408906882591,0.242914979757085,0.5951417004048583,0.3360323886639676,0.8016194331983806,0.32793522267206476,1.0,0.7368421052631579,0.39271255060728744,0.5951417004048583,0.5708502024291497,0.3967611336032389,0.4574898785425101,0.3967611336032389,0.3805668016194332,0.7854251012145749,0.21052631578947367,0.5708502024291497,0.41295546558704455,0.3643724696356275,0.3157894736842105,0.38866396761133604,0.2591093117408907,0.757085020242915,0.04048582995951417,0.5384615384615384,0.22267206477732793,0.3643724696356275,0.16194331983805668,0.4048582995951417,0.10526315789473684,0.6923076923076923,-0.10931174089068826,0.5222672064777328,0.032388663967611336,0.39271255060728744,0.016194331983805668,0.41295546558704455,-0.032388663967611336
3,0.0,0.0,0.06477732793522267,0.3117408906882591,0.23076923076923078,0.5951417004048583,0.31983805668016196,0.805668016194332,0.31983805668016196,1.0,0.7165991902834008,0.4008097165991903,0.5789473684210527,0.5708502024291497,0.38866396761133604,0.4493927125506073,0.38866396761133604,0.3684210526315789,0.7692307692307693,0.2145748987854251,0.5587044534412956,0.4089068825910931,0.3603238866396761,0.3117408906882591,0.38866396761133604,0.25101214574898784,0.7449392712550608,0.044534412955465584,0.5222672064777328,0.2145748987854251,0.3562753036437247,0.15384615384615385,0.3967611336032389,0.0931174089068826,0.6842105263157895,-0.10931174089068826,0.5141700404858299,0.02834008097165992,0.38461538461538464,0.012145748987854251,0.4048582995951417,-0.032388663967611336
3,0.0,0.0,0.09745762711864407,0.3135593220338983,0.2838983050847458,0.5847457627118644,0.4025423728813559,0.7923728813559322,0.423728813559322,1.0,0.7966101694915254,0.3686440677966102,0.6652542372881356,0.5550847457627118,0.4449152542372881,0.4661016949152542,0.4152542372881356,0.3813559322033898,0.8389830508474576,0.1694915254237288,0.635593220338983,0.3771186440677966,0.4110169491525424,0.3008474576271186,0.423728813559322,0.22033898305084745,0.7966101694915254,-0.01694915254237288,0.5805084745762712,0.17372881355932204,0.3898305084745763,0.13559322033898305,0.4152542372881356,0.06779661016949153,0.711864406779661,-0.17796610169491525,0.5635593220338984,-0.025423728813559324,0.4152542372881356,-0.012711864406779662,0.4152542372881356,-0.05084745762711865
3,0.0,0.0,0.11353711790393013,0.30131004366812225,0.31004366812227074,0.5720524017467249,0.43231441048034935,0.7903930131004366,0.4759825327510917,1.0,0.8122270742358079,0.3406113537117904,0.6637554585152838,0.5240174672489083,0.44541484716157204,0.4279475982532751,0.4148471615720524,0.3406113537117904,0.8558951965065502,0.13973799126637554,0.6419213973799127,0.34934497816593885,0.4192139737991266,0.2663755458515284,0.43231441048034935,0.18777292576419213,0.8209606986899564,-0.043668122270742356,0.6069868995633187,0.14410480349344978,0.4104803493449782,0.10480349344978165,0.4366812227074236,0.039301310043668124,0.7379912663755459,-0.2052401746724891,0.5851528384279476,-0.05240174672489083,0.4366812227074236,-0.048034934497816595,0.4366812227074236,-0.08733624454148471
3,0.0,0.0,0.09913793103448276,0.3103448275862069,0.3146551724137931,0.5905172413793104,0.46120689655172414,0.7974137931034483,0.5172413793103449,1.0,0.8060344827586207,0.3448275862068966,0.6508620689655172,0.5172413793103449,0.4396551724137931,0.41379310344827586,0.4396551724137931,0.3275862068965517,0.8448275862068966,0.14655172413793102,0.6379310344827587,0.3448275862068966,0.41379310344827586,0.2629310344827586,0.4482758620689655,0.19827586206896552,0.8060344827586207,-0.03879310344827586,0.5991379310344828,0.14655172413793102,0.40948275862068967,0.09913793103448276,0.45689655172413796,0.03879310344827586,0.728448275862069,-0.2025862068965517,0.5732758620689655,-0.05172413793103448,0.43103448275862066,-0.05172413793103448,0.4525862068965517,-0.09913793103448276
3,0.0,0.0,0.10666666666666667,0.3244444444444444,0.3288888888888889,0.6088888888888889,0.4888888888888889,0.8044444444444444,0.5777777777777777,1.0,0.8222222222222222,0.3511111111111111,0.6533333333333333,0.5555555555555556,0.4444444444444444,0.43555555555555553,0.4444444444444444,0.3333333333333333,0.8711111111111111,0.14666666666666667,0.6444444444444445,0.3688888888888889,0.4266666666666667,0.27555555555555555,0.4577777777777778,0.2,0.8311111111111111,-0.04,0.6133333333333333,0.16444444444444445,0.4222222222222222,0.1111111111111111,0.4666666666666667,0.044444444444444446,0.7511111111111111,-0.20444444444444446,0.5911111111111111,-0.035555555555555556,0.4444444444444444,-0.04,0.4622222222222222,-0.09333333333333334
3,0.0,0.0,0.09956709956709957,0.31601731601731603,0.30303030303030304,0.5930735930735931,0.44155844155844154,0.7965367965367965,0.49783549783549785,1.0,0.8008658008658008,0.3593073593073593,0.6493506493506493,0.5367965367965368,0.4329004329004329,0.4329004329004329,0.42424242424242425,0.35064935064935066,0.8354978354978355,0.16017316017316016,0.6233766233766234,0.36796536796536794,0.4025974025974026,0.27705627705627706,0.4199134199134199,0.20346320346320346,0.7965367965367965,-0.021645021645021644,0.5844155844155844,0.16883116883116883,0.38961038961038963,0.11255411255411256,0.42424242424242425,0.047619047619047616,0.7186147186147186,-0.18181818181818182,0.5714285714285714,-0.021645021645021644,0.42424242424242425,-0.030303030303030304,0.4329004329004329,-0.07792207792207792
3,0.0,0.0,0.0944206008583691,0.3133047210300429,0.30042918454935624,0.592274678111588,0.44206008583690987,0.7939914163090128,0.5021459227467812,1.0,0.7939914163090128,0.3562231759656652,0.6266094420600858,0.5321888412017167,0.4206008583690987,0.4206008583690987,0.4206008583690987,0.33476394849785407,0.8326180257510729,0.1630901287553648,0.6094420600858369,0.3648068669527897,0.39914163090128757,0.2703862660944206,0.4291845493562232,0.19742489270386265,0.7939914163090128,-0.02145922746781116,0.5793991416309013,0.1630901287553648,0.3948497854077253,0.1072961373390558,0.4291845493562232,0.04291845493562232,0.7167381974248928,-0.18454935622317598,0.5708154506437768,-0.030042918454935622,0.4291845493562232,-0.034334763948497854,0.43776824034334766,-0.07725321888412018
3,0.0,0.0,0.06772908366533864,0.3107569721115538,0.22310756972111553,0.5936254980079682,0.3147410358565737,0.8087649402390438,0.350597609561753,1.0,0.7410358565737052,0.3944223107569721,0.5816733067729084,0.5657370517928287,0.38247011952191234,0.4541832669322709,0.3784860557768924,0.38247011952191234,0.7808764940239044,0.21912350597609562,0.5617529880478087,0.41832669322709165,0.3665338645418327,0.3147410358565737,0.38645418326693226,0.24701195219123506,0.7529880478087649,0.05179282868525897,0.5418326693227091,0.22709163346613545,0.3665338645418327,0.16334661354581673,0.398406374501992,0.10358565737051793,0.6852589641434262,-0.09561752988047809,0.5338645418326693,0.04780876494023904,0.398406374501992,0.0199203187250996,0.4103585657370518,-0.035856573705179286
3,0.0,0.0,0.09090909090909091,0.3140495867768595,0.26859504132231404,0.5991735537190083,0.3925619834710744,0.8016528925619835,0.4380165289256198,1.0,0.7768595041322314,0.38016528925619836,0.6487603305785123,0.5661157024793388,0.45041322314049587,0.45454545454545453,0.44214876033057854,0.3677685950413223,0.8223140495867769,0.19834710743801653,0.6239669421487604,0.4049586776859504,0.4132231404958678,0.3140495867768595,0.43388429752066116,0.24380165289256198,0.7933884297520661,0.024793388429752067,0.5991735537190083,0.2190082644628099,0.4132231404958678,0.15702479338842976,0.44214876033057854,0.08677685950413223,0.7272727272727273,-0.128099173553719,0.6033057851239669,0.028925619834710745,0.45867768595041325,0.012396694214876033,0.4628099173553719,-0.0371900826446281
3,0.0,0.0,0.11607142857142858,0.32142857142857145,0.32142857142857145,0.6071428571428571,0.4642857142857143,0.7991071428571429,0.5223214285714286,1.0,0.8526785714285714,0.35714285714285715,0.7142857142857143,0.5758928571428571,0.4955357142857143,0.45982142857142855,0.47767857142857145,0.35714285714285715,0.8973214285714286,0.15625,0.6919642857142857,0.4017857142857143,0.46875,0.3125,0.47767857142857145,0.22321428571428573,0.8616071428571429,-0.026785714285714284,0.65625,0.19642857142857142,0.45982142857142855,0.14285714285714285,0.47767857142857145,0.0625,0.78125,-0.1875,0.6428571428571429,-0.017857142857142856,0.49107142857142855,-0.017857142857142856,0.48660714285714285,-0.07142857142857142
3,0.0,0.0,0.09876543209876543,0.3045267489711934,0.30864197530864196,0.5925925925925926,0.4691358024691358,0.7983539094650206,0.5432098765432098,1.0,0.7695473251028807,0.345679012345679,0.6790123456790124,0.49794238683127573,0.4691358024691358,0.4074074074074074,0.46502057613168724,0.3333333333333333,0.8106995884773662,0.15637860082304528,0.6748971193415638,0.32510288065843623,0.4444444444444444,0.25102880658436216,0.4691358024691358,0.18518518518518517,0.7777777777777778,-0.02880658436213992,0.6502057613168725,0.13168724279835392,0.4403292181069959,0.09876543209876543,0.4609053497942387,0.037037037037037035,0.7119341563786008,-0.19753086419753085,0.6131687242798354,-0.06995884773662552,0.4609053497942387,-0.05761316872427984,0.45267489711934156,-0.09876543209876543
3,0.0,0.0,0.11693548387096774,0.3024193548387097,0.3588709677419355,0.592741935483871,0.5362903225806451,0.7943548387096774,0.6169354838709677,1.0,0.8145161290322581,0.3225806451612903,0.7379032258064516,0.49193548387096775,0.5120967741935484,0.4032258064516129,0.5,0.33064516129032256,0.8548387096774194,0.125,0.7258064516129032,0.31451612903225806,0.4879032258064516,0.25,0.5161290322580645,0.18548387096774194,0.8185483870967742,-0.06048387096774194,0.6935483870967742,0.11693548387096774,0.4838709677419355,0.08870967741935484,0.5201612903225806,0.024193548387096774,0.7459677419354839,-0.22983870967741934,0.6612903225806451,-0.0846774193548387,0.5080645161290323,-0.06451612903225806,0.5080645161290323,-0.11290322580645161
3,0.0,0.0,0.10112359550561797,0.2958801498127341,0.3445692883895131,0.5955056179775281,0.5280898876404494,0.797752808988764,0.6142322097378277,1.0,0.7827715355805244,0.34831460674157305,0.7378277153558053,0.4943820224719101,0.5131086142322098,0.40823970037453183,0.50187265917603,0.3445692883895131,0.8389513108614233,0.16104868913857678,0.7303370786516854,0.3258426966292135,0.48314606741573035,0.2546816479400749,0.5168539325842697,0.19850187265917604,0.8127340823970037,-0.026217228464419477,0.704119850187266,0.12359550561797752,0.4868913857677903,0.09737827715355805,0.5205992509363296,0.0449438202247191,0.7602996254681648,-0.19850187265917604,0.6591760299625468,-0.07865168539325842,0.5056179775280899,-0.056179775280898875,0.5131086142322098,-0.08614232209737828
3,0.0,0.0,0.09333333333333334,0.2966666666666667,0.3233333333333333,0.59,0.5,0.7966666666666666,0.5666666666666667,1.0,0.6733333333333333,0.36,0.7066666666666667,0.51,0.49333333333333335,0.43,0.5033333333333333,0.37,0.7166666666666667,0.18333333333333332,0.7033333333333334,0.34,0.4633333333333333,0.27666666666666667,0.5,0.21333333333333335,0.7066666666666667,-0.006666666666666667,0.71,0.13333333333333333,0.48333333333333334,0.11333333333333333,0.5033333333333333,0.06333333333333334,0.6733333333333333,-0.19666666666666666,0.6866666666666666,-0.08,0.52,-0.05333333333333334,0.5,-0.08333333333333333
3,0.0,0.0,0.0696969696969697,0.28484848484848485,0.3,0.5787878787878787,0.4696969696969697,0.7878787878787878,0.5363636363636364,1.0,0.7272727272727273,0.37575757575757573,0.7181818181818181,0.5333333333333333,0.4818181818181818,0.44545454545454544,0.44545454545454544,0.3787878787878788,0.7848484848484848,0.19393939393939394,0.7090909090909091,0.36666666666666664,0.45151515151515154,0.2909090909090909,0.4575757575757576,0.22424242424242424,0.7666666666666667,0.00909090909090909,0.6878787878787879,0.1787878787878788,0.4484848484848485,0.1393939393939394,0.4484848484848485,0.08181818181818182,0.7181818181818181,-0.16666666666666666,0.6575757575757576,-0.021212121212121213,0.4909090909090909,-0.0030303030303030303,0.4727272727272727,-0.045454545454545456
3,0.0,0.0,0.07738095238095238,0.30357142857142855,0.2916666666666667,0.6071428571428571,0.4583333333333333,0.7976190476190477,0.5267857142857143,1.0,0.75,0.39285714285714285,0.7440476190476191,0.5535714285714286,0.5059523809523809,0.4583333333333333,0.48214285714285715,0.3869047619047619,0.8035714285714286,0.20535714285714285,0.7410714285714286,0.39285714285714285,0.47619047619047616,0.30654761904761907,0.49107142857142855,0.23511904761904762,0.7886904761904762,0.01488095238095238,0.7113095238095238,0.1875,0.4732142857142857,0.14285714285714285,0.4880952380952381,0.08035714285714286,0.7470238095238095,-0.1636904761904762,0.6845238095238095,-0.020833333333333332,0.5178571428571429,-0.008928571428571428,0.5148809523809523,-0.05952380952380952
3,0.0,0.0,0.08083832335329341,0.2994011976047904,0.2964071856287425,0.6017964071856288,0.46706586826347307,0.8053892215568862,0.5479041916167665,1.0,0.7994011976047904,0.4101796407185629,0.7934131736526946,0.5568862275449101,0.5389221556886228,0.46407185628742514,0.4940119760479042,0.39221556886227543,0.8562874251497006,0.2125748502994012,0.7754491017964071,0.38023952095808383,0.5,0.2964071856287425,0.5059880239520959,0.23053892215568864,0.8383233532934131,0.011976047904191617,0.7365269461077845,0.17065868263473055,0.48502994011976047,0.12574850299401197,0.49700598802395207,0.0688622754491018,0.7844311377245509,-0.17964071856287425,0.7035928143712575,-0.04790419161676647,0.5239520958083832,-0.029940119760479042,0.5179640718562875,-0.0718562874251497
3,0.0,0.0,0.055401662049861494,0.29916897506925205,0.26869806094182824,0.6177285318559557,0.4404432132963989,0.8282548476454293,0.5207756232686981,1.0,0.7839335180055401,0.4487534626038781,0.7229916897506925,0.5844875346260388,0.47645429362880887,0.46814404432132967,0.45429362880886426,0.3961218836565097,0.853185595567867,0.24930747922437674,0.7229916897506925,0.3850415512465374,0.4515235457063712,0.29085872576177285,0.4626038781163435,0.23545706371191136,0.8365650969529086,0.0443213296398892,0.7174515235457064,0.16620498614958448,0.46814404432132967,0.12742382271468145,0.4709141274238227,0.08310249307479224,0.7839335180055401,-0.1523545706371191,0.6869806094182825,-0.05263157894736842,0.5096952908587258,-0.036011080332409975,0.5041551246537396,-0.060941828254847646
3,0.0,0.0,0.08839779005524862,0.3149171270718232,0.292817679558011,0.6132596685082873,0.45027624309392267,0.8176795580110497,0.5331491712707183,1.0,0.8314917127071824,0.43646408839779005,0.7624309392265194,0.585635359116022,0.5303867403314917,0.4723756906077348,0.5138121546961326,0.3839779005524862,0.8867403314917127,0.23480662983425415,0.7430939226519337,0.39226519337016574,0.49171270718232046,0.30662983425414364,0.511049723756906,0.23756906077348067,0.8535911602209945,0.024861878453038673,0.7348066298342542,0.17403314917127072,0.494475138121547,0.13535911602209943,0.5,0.07458563535911603,0.7790055248618785,-0.17403314917127072,0.7154696132596685,-0.055248618784530384,0.5331491712707183,-0.027624309392265192,0.5165745856353591,-0.058011049723756904
3,0.0,0.0,0.075,0.3,0.2861111111111111,0.5944444444444444,0.45,0.8,0.5333333333333333,1.0,0.7388888888888889,0.4027777777777778,0.75,0.5083333333333333,0.5194444444444445,0.4222222222222222,0.5027777777777778,0.36944444444444446,0.7916666666666666,0.21388888888888888,0.7194444444444444,0.33611111111111114,0.4722222222222222,0.26666666666666666,0.5138888888888888,0.2222222222222222,0.775,0.022222222222222223,0.7,0.12777777777777777,0.475,0.09166666666666666,0.5055555555555555,0.05277777777777778,0.7305555555555555,-0.15833333333333333,0.675,-0.06666666666666667,0.5055555555555555,-0.05555555555555555,0.5055555555555555,-0.08888888888888889
3,0.0,0.0,0.09064327485380116,0.30994152046783624,0.2953216374269006,0.6023391812865497,0.4678362573099415,0.7894736842105263,0.5350877192982456,1.0,0.7514619883040936,0.391812865497076,0.7222222222222222,0.5175438596491229,0.49415204678362573,0.4152046783625731,0.4678362573099415,0.347953216374269,0.8128654970760234,0.19298245614035087,0.7046783625730995,0.34210526315789475,0.4619883040935672,0.26900584795321636,0.49415204678362573,0.2134502923976608,0.7953216374269005,0.0,0.6812865497076024,0.14327485380116958,0.4649122807017544,0.1111111111111111,0.49415204678362573,0.05847953216374269,0.7426900584795322,-0.1783625730994152,0.6578947368421053,-0.05555555555555555,0.49707602339181284,-0.03216374269005848,0.5029239766081871,-0.06432748538011696
3,0.0,0.0,0.09009009009009009,0.3063063063063063,0.3063063063063063,0.5915915915915916,0.46546546546546547,0.7957957957957958,0.5345345345345346,1.0,0.7297297297297297,0.36936936936936937,0.7087087087087087,0.5285285285285285,0.4744744744744745,0.4294294294294294,0.46546546546546547,0.36036036036036034,0.7807807807807807,0.1831831831831832,0.6936936936936937,0.35135135135135137,0.45645645645645644,0.2702702702702703,0.4924924924924925,0.21621621621621623,0.7627627627627628,0.0,0.6756756756756757,0.15615615615615616,0.45645645645645644,0.11711711711711711,0.4864864864864865,0.06906906906906907,0.7117117117117117,-0.17417417417417416,0.6366366366366366,-0.04504504504504504,0.4744744744744745,-0.03303303303303303,0.4744744744744745,-0.06606606606606606
3,0.0,0.0,0.09841269841269841,0.3111111111111111,0.3111111111111111,0.6,0.4793650793650794,0.7968253968253968,0.5555555555555556,1.0,0.7523809523809524,0.39365079365079364,0.726984126984127,0.5174603174603175,0.5047619047619047,0.42857142857142855,0.4888888888888889,0.36507936507936506,0.8031746031746032,0.20634920634920634,0.7015873015873015,0.3523809523809524,0.46984126984126984,0.2761904761904762,0.5079365079365079,0.2253968253968254,0.780952380952381,0.022222222222222223,0.6761904761904762,0.15555555555555556,0.4634920634920635,0.11746031746031746,0.4984126984126984,0.06984126984126984,0.726984126984127,-0.1523809523809524,0.6634920634920635,-0.04126984126984127,0.5079365079365079,-0.02857142857142857,0.5111111111111111,-0.06349206349206349
3,0.0,0.0,0.09523809523809523,0.29931972789115646,0.30952380952380953,0.5884353741496599,0.48299319727891155,0.7925170068027211,0.5544217687074829,1.0,0.7755102040816326,0.35714285714285715,0.7244897959183674,0.5136054421768708,0.5034013605442177,0.41836734693877553,0.4931972789115646,0.3469387755102041,0.8333333333333334,0.17006802721088435,0.6938775510204082,0.3435374149659864,0.45918367346938777,0.2653061224489796,0.5034013605442177,0.2108843537414966,0.8095238095238095,-0.013605442176870748,0.6666666666666666,0.14625850340136054,0.45918367346938777,0.10204081632653061,0.5,0.05102040816326531,0.7551020408163265,-0.18027210884353742,0.6496598639455783,-0.05102040816326531,0.5,-0.04081632653061224,0.5068027210884354,-0.0782312925170068
3,0.0,0.0,0.1076388888888889,0.3125,0.3159722222222222,0.59375,0.4722222222222222,0.7986111111111112,0.5486111111111112,1.0,0.7708333333333334,0.3611111111111111,0.6979166666666666,0.5381944444444444,0.4756944444444444,0.4409722222222222,0.4756944444444444,0.3645833333333333,0.8263888888888888,0.1840277777777778,0.6805555555555556,0.3645833333333333,0.4479166666666667,0.28125,0.4895833333333333,0.21875,0.8020833333333334,0.006944444444444444,0.65625,0.1701388888888889,0.4479166666666667,0.125,0.4826388888888889,0.059027777777777776,0.7430555555555556,-0.1597222222222222,0.625,-0.03125,0.4722222222222222,-0.024305555555555556,0.4826388888888889,-0.06944444444444445
3,0.0,0.0,0.13257575757575757,0.3106060606060606,0.3522727272727273,0.5871212121212122,0.5075757575757576,0.7992424242424242,0.5833333333333334,1.0,0.8106060606060606,0.3371212121212121,0.7689393939393939,0.5340909090909091,0.5340909090909091,0.44696969696969696,0.5075757575757576,0.3712121212121212,0.8560606060606061,0.1553030303030303,0.7196969696969697,0.36363636363636365,0.4772727272727273,0.2840909090909091,0.5075757575757576,0.2159090909090909,0.8257575757575758,-0.026515151515151516,0.6856060606060606,0.17424242424242425,0.4734848484848485,0.12121212121212122,0.5075757575757576,0.05303030303030303,0.7613636363636364,-0.1893939393939394,0.6590909090909091,-0.022727272727272728,0.5075757575757576,-0.026515151515151516,0.5113636363636364,-0.08333333333333333
3,0.0,0.0,0.12109375,0.31640625,0.33984375,0.59765625,0.49609375,0.8046875,0.57421875,1.0,0.8046875,0.35546875,0.73828125,0.5390625,0.5078125,0.44921875,0.48828125,0.375,0.85546875,0.17578125,0.7109375,0.375,0.46875,0.296875,0.4921875,0.23046875,0.828125,0.0,0.67578125,0.18359375,0.4609375,0.1328125,0.48828125,0.06640625,0.765625,-0.15625,0.64453125,-0.015625,0.4921875,-0.015625,0.4921875,-0.06640625
3,0.0,0.0,0.11570247933884298,0.30578512396694213,0.3347107438016529,0.5991735537190083,0.5,0.8016528925619835,0.5785123966942148,1.0,0.7892561983471075,0.35537190082644626,0.7148760330578512,0.5165289256198347,0.48760330578512395,0.4256198347107438,0.49173553719008267,0.35537190082644626,0.8347107438016529,0.16115702479338842,0.6983471074380165,0.35537190082644626,0.45454545454545453,0.2809917355371901,0.49586776859504134,0.2190082644628099,0.8099173553719008,-0.02066115702479339,0.6652892561983471,0.16115702479338842,0.4462809917355372,0.11983471074380166,0.48760330578512395,0.05371900826446281,0.756198347107438,-0.19008264462809918,0.6446280991735537,-0.0371900826446281,0.4834710743801653,-0.03305785123966942,0.48760330578512395,-0.08264462809917356
3,0.0,0.0,0.125,0.3275862068965517,0.34051724137931033,0.6120689655172413,0.5,0.8103448275862069,0.5732758620689655,1.0,0.7887931034482759,0.35344827586206895,0.6853448275862069,0.5258620689655172,0.4698275862068966,0.4267241379310345,0.46551724137931033,0.34913793103448276,0.8362068965517241,0.16379310344827586,0.6724137931034483,0.3577586206896552,0.44396551724137934,0.27586206896551724,0.47413793103448276,0.20689655172413793,0.8060344827586207,-0.01293103448275862,0.6422413793103449,0.15948275862068967,0.4396551724137931,0.11206896551724138,0.4698275862068966,0.04310344827586207,0.7456896551724138,-0.1810344827586207,0.6206896551724138,-0.04310344827586207,0.4698275862068966,-0.03879310344827586,0.4698275862068966,-0.08620689655172414
3,0.0,0.0,0.13122171945701358,0.334841628959276,0.3438914027149321,0.6108597285067874,0.48868778280542985,0.8144796380090498,0.5565610859728507,1.0,0.6968325791855203,0.3891402714932127,0.7058823529411765,0.5339366515837104,0.48868778280542985,0.45701357466063347,0.4479638009049774,0.39819004524886875,0.7375565610859729,0.19909502262443438,0.7104072398190046,0.38009049773755654,0.47058823529411764,0.3031674208144796,0.45248868778280543,0.2398190045248869,0.7239819004524887,0.013574660633484163,0.6787330316742082,0.19004524886877827,0.4660633484162896,0.14027149321266968,0.45248868778280543,0.07239819004524888,0.6832579185520362,-0.16289592760180996,0.6425339366515838,-0.013574660633484163,0.4796380090497738,-0.013574660633484163,0.46153846153846156,-0.06334841628959276
3,0.0,0.0,0.14215686274509803,0.3284313725490196,0.3235294117647059,0.5931372549019608,0.45098039215686275,0.7990196078431373,0.5245098039215687,1.0,0.7843137254901961,0.4166666666666667,0.75,0.5686274509803921,0.553921568627451,0.4852941176470588,0.4411764705882353,0.4117647058823529,0.8431372549019608,0.23039215686274508,0.7549019607843137,0.4068627450980392,0.5490196078431373,0.3382352941176471,0.46078431372549017,0.2696078431372549,0.8431372549019608,0.04411764705882353,0.7205882352941176,0.21568627450980393,0.5294117647058824,0.1715686274509804,0.47058823529411764,0.11764705882352941,0.803921568627451,-0.14705882352941177,0.7058823529411765,0.00980392156862745,0.5490196078431373,0.00980392156862745,0.5049019607843137,-0.024509803921568627
3,0.0,0.0,0.09178743961352658,0.30434782608695654,0.27053140096618356,0.5893719806763285,0.391304347826087,0.8019323671497585,0.4444444444444444,1.0,0.7922705314009661,0.42028985507246375,0.7391304347826086,0.5748792270531401,0.5217391304347826,0.48792270531400966,0.463768115942029,0.41545893719806765,0.8454106280193237,0.24154589371980675,0.7004830917874396,0.41545893719806765,0.46859903381642515,0.33816425120772947,0.45410628019323673,0.26570048309178745,0.8309178743961353,0.06763285024154589,0.6666666666666666,0.2318840579710145,0.45893719806763283,0.18357487922705315,0.45410628019323673,0.12077294685990338,0.7729468599033816,-0.0966183574879227,0.6666666666666666,0.043478260869565216,0.5072463768115942,0.043478260869565216,0.4830917874396135,0.0
3,0.0,0.0,0.06280193236714976,0.30434782608695654,0.22705314009661837,0.5942028985507246,0.357487922705314,0.8019323671497585,0.4057971014492754,1.0,0.7101449275362319,0.45893719806763283,0.6473429951690821,0.5893719806763285,0.4492753623188406,0.48792270531400966,0.4251207729468599,0.42028985507246375,0.7729468599033816,0.28502415458937197,0.6135265700483091,0.41545893719806765,0.4106280193236715,0.3285024154589372,0.42028985507246375,0.28019323671497587,0.7681159420289855,0.1111111111111111,0.6086956521739131,0.22705314009661837,0.42028985507246375,0.178743961352657,0.42995169082125606,0.13526570048309178,0.7246376811594203,-0.057971014492753624,0.6183574879227053,0.04830917874396135,0.47342995169082125,0.03864734299516908,0.463768115942029,0.004830917874396135
3,0.0,0.0,0.06310679611650485,0.3058252427184466,0.22330097087378642,0.5970873786407767,0.34951456310679613,0.8009708737864077,0.3932038834951456,1.0,0.6504854368932039,0.44660194174757284,0.5776699029126213,0.5679611650485437,0.4029126213592233,0.46601941747572817,0.39805825242718446,0.41262135922330095,0.7135922330097088,0.27184466019417475,0.5776699029126213,0.4029126213592233,0.3932038834951456,0.32038834951456313,0.4174757281553398,0.2815533980582524,0.7184466019417476,0.09223300970873786,0.5728155339805825,0.22330097087378642,0.4029126213592233,0.16990291262135923,0.4320388349514563,0.13592233009708737,0.6844660194174758,-0.07281553398058252,0.5825242718446602,0.04854368932038835,0.441747572815534,0.038834951456310676,0.441747572815534,0.0048543689320388345
3,0.0,0.0,0.10582010582010581,0.32275132275132273,0.30687830687830686,0.5978835978835979,0.43386243386243384,0.8042328042328042,0.48677248677248675,1.0,0.7777777777777778,0.37037037037037035,0.671957671957672,0.5714285714285714,0.4656084656084656,0.4708994708994709,0.4444444444444444,0.3915343915343915,0.8148148148148148,0.18518518518518517,0.6137566137566137,0.42857142857142855,0.4074074074074074,0.3333333333333333,0.4021164021164021,0.25925925925925924,0.783068783068783,0.010582010582010581,0.5661375661375662,0.23809523809523808,0.3862433862433862,0.1746031746031746,0.4021164021164021,0.09523809523809523,0.708994708994709,-0.14285714285714285,0.5555555555555556,0.042328042328042326,0.4126984126984127,0.021164021164021163,0.4126984126984127,-0.047619047619047616
3,0.0,0.0,0.1270718232044199,0.32044198895027626,0.3425414364640884,0.5966850828729282,0.4861878453038674,0.8066298342541437,0.5414364640883977,1.0,0.8066298342541437,0.3425414364640884,0.7071823204419889,0.5524861878453039,0.49171270718232046,0.4585635359116022,0.46408839779005523,0.3756906077348066,0.8287292817679558,0.15469613259668508,0.6353591160220995,0.39226519337016574,0.430939226519337,0.30939226519337015,0.4198895027624309,0.23204419889502761,0.7900552486187845,-0.016574585635359115,0.585635359116022,0.2154696132596685,0.4088397790055249,0.15469613259668508,0.4088397790055249,0.08287292817679558,0.712707182320442,-0.16574585635359115,0.574585635359116,0.03314917127071823,0.430939226519337,0.0055248618784530384,0.4198895027624309,-0.055248618784530384
3,0.0,0.0,0.15294117647058825,0.3176470588235294,0.38235294117647056,0.5882352941176471,0.5176470588235295,0.8,0.5764705882352941,1.0,0.8647058823529412,0.27647058823529413,0.7823529411764706,0.5294117647058824,0.5411764705882353,0.4411764705882353,0.49411764705882355,0.34705882352941175,0.8705882352941177,0.07647058823529412,0.7,0.36470588235294116,0.4647058823529412,0.29411764705882354,0.4470588235294118,0.20588235294117646,0.8117647058823529,-0.1,0.6294117647058823,0.18235294117647058,0.4294117647058823,0.12941176470588237,0.4235294117647059,0.03529411764705882,0.711764705882353,-0.2529411764705882,0.5823529411764706,-0.023529411764705882,0.43529411764705883,-0.03529411764705882,0.4235294117647059,-0.11764705882352941
3,0.0,0.0,0.17159763313609466,0.3254437869822485,0.41420118343195267,0.591715976331361,0.5562130177514792,0.7988165680473372,0.6272189349112426,1.0,0.9408284023668639,0.2781065088757396,0.863905325443787,0.5680473372781065,0.591715976331361,0.4970414201183432,0.5207100591715976,0.39644970414201186,0.9349112426035503,0.05917159763313609,0.757396449704142,0.38461538461538464,0.4970414201183432,0.3254437869822485,0.4556213017751479,0.23668639053254437,0.8461538461538461,-0.1301775147928994,0.650887573964497,0.1893491124260355,0.4378698224852071,0.14792899408284024,0.40828402366863903,0.05917159763313609,0.7218934911242604,-0.2781065088757396,0.5857988165680473,-0.023668639053254437,0.4260355029585799,-0.029585798816568046,0.40236686390532544,-0.10059171597633136
3,0.0,0.0,0.2,0.3393939393939394,0.4666666666666667,0.6,0.6363636363636364,0.8,0.7272727272727273,1.0,0.9333333333333333,0.2606060606060606,0.8484848484848485,0.5575757575757576,0.5878787878787879,0.48484848484848486,0.503030303030303,0.38181818181818183,0.9333333333333333,0.04242424242424243,0.7636363636363637,0.37575757575757573,0.509090909090909,0.3212121212121212,0.46060606060606063,0.23030303030303031,0.8666666666666667,-0.1393939393939394,0.6727272727272727,0.18181818181818182,0.45454545454545453,0.1393939393939394,0.43636363636363634,0.048484848484848485,0.7515151515151515,-0.2909090909090909,0.6121212121212121,-0.030303030303030304,0.4484848484848485,-0.030303030303030304,0.4303030303030303,-0.10909090909090909
3,0.0,0.0,0.17647058823529413,0.32941176470588235,0.4294117647058823,0.5941176470588235,0.5941176470588235,0.8,0.6764705882352942,1.0,0.9058823529411765,0.2647058823529412,0.7941176470588235,0.5588235294117647,0.5470588235294118,0.4764705882352941,0.48823529411764705,0.37058823529411766,0.9058823529411765,0.052941176470588235,0.7294117647058823,0.38823529411764707,0.4823529411764706,0.31176470588235294,0.4470588235294118,0.21176470588235294,0.8294117647058824,-0.12941176470588237,0.6470588235294118,0.18823529411764706,0.4294117647058823,0.1411764705882353,0.4176470588235294,0.047058823529411764,0.711764705882353,-0.27647058823529413,0.5823529411764706,-0.023529411764705882,0.4235294117647059,-0.023529411764705882,0.4,-0.09411764705882353
3,0.0,0.0,0.17543859649122806,0.3333333333333333,0.42105263157894735,0.6023391812865497,0.5789473684210527,0.8011695906432749,0.6608187134502924,1.0,0.9005847953216374,0.2807017543859649,0.7894736842105263,0.543859649122807,0.5497076023391813,0.45614035087719296,0.47368421052631576,0.3567251461988304,0.9239766081871345,0.06432748538011696,0.7368421052631579,0.3567251461988304,0.49707602339181284,0.2807017543859649,0.4502923976608187,0.1871345029239766,0.8596491228070176,-0.12280701754385964,0.6666666666666666,0.15789473684210525,0.45614035087719296,0.1111111111111111,0.4327485380116959,0.023391812865497075,0.7485380116959064,-0.2807017543859649,0.6081871345029239,-0.06432748538011696,0.4502923976608187,-0.04678362573099415,0.4269005847953216,-0.09941520467836257
3,0.0,0.0,0.15254237288135594,0.3333333333333333,0.384180790960452,0.6045197740112994,0.5423728813559322,0.8022598870056498,0.6271186440677966,1.0,0.8531073446327684,0.3672316384180791,0.768361581920904,0.576271186440678,0.5423728813559322,0.4745762711864407,0.4463276836158192,0.384180790960452,0.8983050847457628,0.15254237288135594,0.7344632768361582,0.3785310734463277,0.4971751412429379,0.2937853107344633,0.4350282485875706,0.22033898305084745,0.8587570621468926,-0.04519774011299435,0.672316384180791,0.1694915254237288,0.4632768361581921,0.11299435028248588,0.4350282485875706,0.04519774011299435,0.768361581920904,-0.22598870056497175,0.632768361581921,-0.05649717514124294,0.4745762711864407,-0.05084745762711865,0.4519774011299435,-0.0903954802259887
3,0.0,0.0,0.11578947368421053,0.3263157894736842,0.33157894736842103,0.6052631578947368,0.48947368421052634,0.8052631578947368,0.5631578947368421,1.0,0.7368421052631579,0.4052631578947368,0.6842105263157895,0.5631578947368421,0.5,0.4631578947368421,0.47368421052631576,0.3894736842105263,0.7842105263157895,0.22105263157894736,0.6947368421052632,0.3894736842105263,0.4842105263157895,0.30526315789473685,0.46842105263157896,0.24736842105263157,0.7631578947368421,0.03684210526315789,0.6631578947368421,0.19473684210526315,0.4631578947368421,0.14210526315789473,0.45789473684210524,0.08947368421052632,0.7157894736842105,-0.14210526315789473,0.6421052631578947,-0.005263157894736842,0.49473684210526314,-0.005263157894736842,0.4789473684210526,-0.042105263157894736
3,0.0,0.0,0.10471204188481675,0.3298429319371728,0.3193717277486911,0.5968586387434555,0.4869109947643979,0.7958115183246073,0.5706806282722513,1.0,0.6963350785340314,0.44502617801047123,0.7068062827225131,0.5549738219895288,0.5130890052356021,0.4712041884816754,0.450261780104712,0.4083769633507853,0.7696335078534031,0.2617801047120419,0.7277486910994765,0.3717277486910995,0.5078534031413613,0.29842931937172773,0.47643979057591623,0.2513089005235602,0.774869109947644,0.06806282722513089,0.7068062827225131,0.17801047120418848,0.5078534031413613,0.14136125654450263,0.47643979057591623,0.10471204188481675,0.7382198952879581,-0.12041884816753927,0.680628272251309,-0.020942408376963352,0.5287958115183246,-0.010471204188481676,0.5026178010471204,-0.03664921465968586
3,0.0,0.0,0.09326424870466321,0.3160621761658031,0.29533678756476683,0.5958549222797928,0.46113989637305697,0.7979274611398963,0.5440414507772021,1.0,0.6683937823834197,0.43005181347150256,0.6994818652849741,0.5544041450777202,0.5284974093264249,0.48186528497409326,0.45595854922279794,0.40932642487046633,0.7409326424870466,0.25906735751295334,0.7150259067357513,0.37823834196891193,0.5129533678756477,0.3160621761658031,0.46632124352331605,0.2538860103626943,0.7461139896373057,0.06735751295336788,0.6994818652849741,0.18652849740932642,0.5077720207253886,0.15544041450777202,0.46632124352331605,0.10880829015544041,0.7150259067357513,-0.12435233160621761,0.6839378238341969,-0.0051813471502590676,0.5284974093264249,0.0051813471502590676,0.49222797927461137,-0.025906735751295335
