1,0.0,0.0,-0.14334470989761092,-0.04436860068259386,-0.2901023890784983,-0.17406143344709898,-0.27303754266211605,-0.27303754266211605,-0.17406143344709898,-0.3412969283276451,-0.27986348122866894,-0.447098976109215,-0.40273037542662116,-0.6348122866894198,-0.48464163822525597,-0.7508532423208191,-0.5460750853242321,-0.8600682593856656,-0.15699658703071673,-0.4880546075085324,-0.22866894197952217,-0.7167235494880546,-0.27303754266211605,-0.8703071672354948,-0.3003412969283277,-1.0,-0.027303754266211604,-0.47440273037542663,-0.10580204778156997,-0.4880546075085324,-0.14675767918088736,-0.3242320819112628,-0.16040955631399317,-0.20477815699658702,0.07508532423208192,-0.4232081911262799,-0.010238907849829351,-0.3720136518771331,-0.051194539249146756,-0.23890784982935154,-0.05460750853242321,-0.14334470989761092
1,0.0,0.0,-0.14432989690721648,-0.044673539518900345,-0.28865979381443296,-0.1718213058419244,-0.27147766323024053,-0.27147766323024053,-0.18213058419243985,-0.3470790378006873,-0.2852233676975945,-0.44329896907216493,-0.40893470790378006,-0.6323024054982818,-0.49140893470790376,-0.7491408934707904,-0.5532646048109966,-0.8556701030927835,-0.15807560137457044,-0.4879725085910653,-0.23024054982817868,-0.718213058419244,-0.27147766323024053,-0.8694158075601375,-0.29553264604810997,-1.0,-0.030927835051546393,-0.47766323024054985,-0.1134020618556701,-0.4742268041237113,-0.14776632302405499,-0.3127147766323024,-0.14776632302405499,-0.19931271477663232,0.07216494845360824,-0.42955326460481097,-0.020618556701030927,-0.3642611683848797,-0.05154639175257732,-0.23024054982817868,-0.05154639175257732,-0.140893470790378
1,0.0,0.0,-0.14186851211072665,-0.04152249134948097,-0.2837370242214533,-0.17647058823529413,-0.2698961937716263,-0.2837370242214533,-0.18685121107266436,-0.356401384083045,-0.2837370242214533,-0.4429065743944637,-0.40484429065743943,-0.6366782006920415,-0.4844290657439446,-0.7508650519031141,-0.5432525951557093,-0.8581314878892734,-0.15570934256055363,-0.4844290657439446,-0.23183391003460208,-0.7162629757785467,-0.27335640138408307,-0.8685121107266436,-0.2975778546712803,-1.0,-0.02422145328719723,-0.47058823529411764,-0.10726643598615918,-0.4844290657439446,-0.1453287197231834,-0.31833910034602075,-0.15570934256055363,-0.20069204152249134,0.08304498269896193,-0.4186851211072664,-0.01384083044982699,-0.3806228373702422,-0.05190311418685121,-0.2422145328719723,-0.05190311418685121,-0.1453287197231834
1,0.0,0.0,-0.14186851211072665,-0.04498269896193772,-0.2837370242214533,-0.1695501730103806,-0.2698961937716263,-0.2698961937716263,-0.17993079584775087,-0.3391003460207612,-0.2837370242214533,-0.43944636678200694,-0.40484429065743943,-0.6262975778546713,-0.4844290657439446,-0.7439446366782007,-0.5432525951557093,-0.8512110726643599,-0.15916955017301038,-0.47750865051903113,-0.23183391003460208,-0.7093425605536332,-0.27335640138408307,-0.8650519031141869,-0.29411764705882354,-1.0,-0.031141868512110725,-0.4602076124567474,-0.10726643598615918,-0.49480968858131485,-0.1453287197231834,-0.33217993079584773,-0.15570934256055363,-0.21453287197231835,0.07612456747404844,-0.4083044982698962,-0.01384083044982699,-0.3771626297577855,-0.05190311418685121,-0.2422145328719723,-0.05536332179930796,-0.14878892733564014
1,0.0,0.0,-0.14335664335664336,-0.04195804195804196,-0.27972027972027974,-0.17132867132867133,-0.25874125874125875,-0.2727272727272727,-0.17832167832167833,-0.34615384615384615,-0.2867132867132867,-0.44405594405594406,-0.40559440559440557,-0.6328671328671329,-0.4825174825174825,-0.7517482517482518,-0.541958041958042,-0.8566433566433567,-0.16083916083916083,-0.4825174825174825,-0.23076923076923078,-0.7132867132867133,-0.2727272727272727,-0.8671328671328671,-0.2937062937062937,-1.0,-0.03146853146853147,-0.46503496503496505,-0.1048951048951049,-0.4965034965034965,-0.14685314685314685,-0.34265734265734266,-0.16083916083916083,-0.22727272727272727,0.07692307692307693,-0.4160839160839161,-0.013986013986013986,-0.3811188811188811,-0.05244755244755245,-0.24475524475524477,-0.05944055944055944,-0.15034965034965034
1,0.0,0.0,-0.14035087719298245,-0.042105263157894736,-0.2771929824561403,-0.1649122807017544,-0.2596491228070175,-0.27017543859649124,-0.17192982456140352,-0.3508771929824561,-0.28421052631578947,-0.43508771929824563,-0.4070175438596491,-0.6280701754385964,-0.4842105263157895,-0.7473684210526316,-0.543859649122807,-0.856140350877193,-0.15789473684210525,-0.47719298245614034,-0.23157894736842105,-0.712280701754386,-0.2736842105263158,-0.8666666666666667,-0.2982456140350877,-1.0,-0.031578947368421054,-0.4631578947368421,-0.10877192982456141,-0.4982456140350877,-0.15087719298245614,-0.34035087719298246,-0.1649122807017544,-0.22456140350877193,0.07719298245614035,-0.41754385964912283,-0.017543859649122806,-0.3894736842105263,-0.05263157894736842,-0.24912280701754386,-0.056140350877192984,-0.15087719298245614
1,0.0,0.0,-0.1453287197231834,-0.04498269896193772,-0.28027681660899656,-0.17647058823529413,-0.2560553633217993,-0.28719723183391005,-0.16608996539792387,-0.3737024221453287,-0.2837370242214533,-0.4359861591695502,-0.4083044982698962,-0.6262975778546713,-0.4844290657439446,-0.7439446366782007,-0.5432525951557093,-0.8546712802768166,-0.16262975778546712,-0.47750865051903113,-0.23875432525951557,-0.71280276816609,-0.2768166089965398,-0.8650519031141869,-0.30103806228373703,-1.0,-0.03460207612456748,-0.4671280276816609,-0.11418685121107267,-0.49480968858131485,-0.1522491349480969,-0.33217993079584773,-0.16262975778546712,-0.21453287197231835,0.07612456747404844,-0.42214532871972316,-0.01384083044982699,-0.39792387543252594,-0.05190311418685121,-0.2560553633217993,-0.058823529411764705,-0.15570934256055363
1,0.0,0.0,-0.13937282229965156,-0.041811846689895474,-0.2787456445993031,-0.16376306620209058,-0.2682926829268293,-0.2682926829268293,-0.18815331010452963,-0.34843205574912894,-0.2857142857142857,-0.43902439024390244,-0.41114982578397213,-0.6306620209059234,-0.4912891986062718,-0.7526132404181185,-0.554006968641115,-0.8641114982578397,-0.1602787456445993,-0.4808362369337979,-0.24041811846689895,-0.7142857142857143,-0.2787456445993031,-0.867595818815331,-0.29965156794425085,-1.0,-0.0313588850174216,-0.47038327526132406,-0.11149825783972125,-0.4912891986062718,-0.14982578397212543,-0.32752613240418116,-0.1602787456445993,-0.20557491289198607,0.07665505226480836,-0.42857142857142855,-0.010452961672473868,-0.397212543554007,-0.04878048780487805,-0.25435540069686413,-0.05574912891986063,-0.15331010452961671
1,0.0,0.0,-0.14634146341463414,-0.04529616724738676,-0.289198606271777,-0.16376306620209058,-0.28222996515679444,-0.26480836236933797,-0.1986062717770035,-0.34494773519163763,-0.28222996515679444,-0.43205574912891986,-0.41114982578397213,-0.627177700348432,-0.49477351916376305,-0.7491289198606271,-0.5574912891986062,-0.8641114982578397,-0.16376306620209058,-0.4843205574912892,-0.2508710801393728,-0.710801393728223,-0.2961672473867596,-0.867595818815331,-0.3205574912891986,-1.0,-0.03484320557491289,-0.4808362369337979,-0.1254355400696864,-0.47038327526132406,-0.1602787456445993,-0.30662020905923343,-0.16376306620209058,-0.18118466898954705,0.06968641114982578,-0.445993031358885,-0.024390243902439025,-0.37282229965156793,-0.0627177700348432,-0.22996515679442509,-0.0627177700348432,-0.1289198606271777
1,0.0,0.0,-0.13937282229965156,-0.04878048780487805,-0.2787456445993031,-0.16376306620209058,-0.27177700348432055,-0.27526132404181186,-0.1951219512195122,-0.3588850174216028,-0.27526132404181186,-0.42857142857142855,-0.397212543554007,-0.6306620209059234,-0.47735191637630664,-0.7526132404181185,-0.5365853658536586,-0.867595818815331,-0.15331010452961671,-0.4808362369337979,-0.23344947735191637,-0.7073170731707317,-0.28222996515679444,-0.8641114982578397,-0.30662020905923343,-1.0,-0.024390243902439025,-0.4808362369337979,-0.12195121951219512,-0.46689895470383275,-0.15331010452961671,-0.29965156794425085,-0.15331010452961671,-0.17421602787456447,0.08362369337979095,-0.43902439024390244,-0.017421602787456445,-0.3693379790940767,-0.04529616724738676,-0.23693379790940766,-0.03832752613240418,-0.14285714285714285
1,0.0,0.0,-0.14930555555555555,-0.052083333333333336,-0.2847222222222222,-0.1701388888888889,-0.2743055555555556,-0.2777777777777778,-0.19791666666666666,-0.3576388888888889,-0.2673611111111111,-0.4270833333333333,-0.3923611111111111,-0.625,-0.4722222222222222,-0.7465277777777778,-0.53125,-0.8576388888888888,-0.14930555555555555,-0.4756944444444444,-0.22916666666666666,-0.7048611111111112,-0.2743055555555556,-0.8645833333333334,-0.3020833333333333,-1.0,-0.027777777777777776,-0.46875,-0.11805555555555555,-0.4722222222222222,-0.14930555555555555,-0.3159722222222222,-0.14583333333333334,-0.19791666666666666,0.0763888888888889,-0.4236111111111111,-0.020833333333333332,-0.3715277777777778,-0.052083333333333336,-0.23958333333333334,-0.04513888888888889,-0.1423611111111111
1,0.0,0.0,-0.1619718309859155,-0.0528169014084507,-0.2992957746478873,-0.16901408450704225,-0.30633802816901406,-0.2746478873239437,-0.24295774647887325,-0.3591549295774648,-0.29225352112676056,-0.43309859154929575,-0.41901408450704225,-0.6267605633802817,-0.5035211267605634,-0.7429577464788732,-0.5704225352112676,-0.852112676056338,-0.1795774647887324,-0.4894366197183099,-0.2605633802816901,-0.7112676056338029,-0.30985915492957744,-0.8661971830985915,-0.3345070422535211,-1.0,-0.056338028169014086,-0.4859154929577465,-0.15140845070422534,-0.4647887323943662,-0.18309859154929578,-0.30985915492957744,-0.1795774647887324,-0.19718309859154928,0.04929577464788732,-0.44366197183098594,-0.0528169014084507,-0.3591549295774648,-0.07746478873239436,-0.22887323943661972,-0.06690140845070422,-0.13380281690140844
1,0.0,0.0,-0.1618705035971223,-0.04316546762589928,-0.3057553956834532,-0.1618705035971223,-0.3129496402877698,-0.26258992805755393,-0.2517985611510791,-0.34172661870503596,-0.29856115107913667,-0.43884892086330934,-0.4316546762589928,-0.6330935251798561,-0.5179856115107914,-0.7482014388489209,-0.5827338129496403,-0.8525179856115108,-0.17985611510791366,-0.4892086330935252,-0.2697841726618705,-0.7122302158273381,-0.32014388489208634,-0.8669064748201439,-0.3489208633093525,-1.0,-0.0539568345323741,-0.4856115107913669,-0.16546762589928057,-0.44244604316546765,-0.18705035971223022,-0.28776978417266186,-0.17625899280575538,-0.17625899280575538,0.046762589928057555,-0.43884892086330934,-0.06474820143884892,-0.35251798561151076,-0.08273381294964029,-0.21942446043165467,-0.0683453237410072,-0.12949640287769784
1,0.0,0.0,-0.1588447653429603,-0.039711191335740074,-0.2996389891696751,-0.1624548736462094,-0.3104693140794224,-0.26714801444043323,-0.24548736462093862,-0.35018050541516244,-0.2996389891696751,-0.4404332129963899,-0.4296028880866426,-0.628158844765343,-0.516245487364621,-0.7436823104693141,-0.5812274368231047,-0.8447653429602888,-0.17689530685920576,-0.49458483754512633,-0.26353790613718414,-0.7184115523465704,-0.3176895306859206,-0.8700361010830325,-0.35018050541516244,-1.0,-0.05054151624548736,-0.49097472924187724,-0.1624548736462094,-0.4548736462093863,-0.18050541516245489,-0.2924187725631769,-0.16606498194945848,-0.18050541516245489,0.05054151624548736,-0.44404332129963897,-0.06859205776173286,-0.35379061371841153,-0.09025270758122744,-0.21660649819494585,-0.07220216606498195,-0.12274368231046931
1,0.0,0.0,-0.1624548736462094,-0.04332129963898917,-0.2996389891696751,-0.16606498194945848,-0.2888086642599278,-0.2743682310469314,-0.21660649819494585,-0.36101083032490977,-0.2996389891696751,-0.4368231046931408,-0.4223826714801444,-0.6245487364620939,-0.5090252707581228,-0.740072202166065,-0.5703971119133574,-0.8447653429602888,-0.17689530685920576,-0.49097472924187724,-0.259927797833935,-0.7184115523465704,-0.3104693140794224,-0.8700361010830325,-0.34296028880866425,-1.0,-0.05054151624548736,-0.48736462093862815,-0.1624548736462094,-0.44765342960288806,-0.18772563176895307,-0.2924187725631769,-0.18050541516245489,-0.18050541516245489,0.05054151624548736,-0.44404332129963897,-0.06859205776173286,-0.35018050541516244,-0.09386281588447654,-0.21660649819494585,-0.08303249097472924,-0.1263537906137184
1,0.0,0.0,-0.15770609318996415,-0.03942652329749104,-0.2939068100358423,-0.16845878136200718,-0.2831541218637993,-0.26881720430107525,-0.2114695340501792,-0.35125448028673834,-0.2974910394265233,-0.4336917562724014,-0.41935483870967744,-0.6200716845878136,-0.5017921146953405,-0.7347670250896058,-0.5591397849462365,-0.8351254480286738,-0.17204301075268819,-0.4838709677419355,-0.25448028673835127,-0.7132616487455197,-0.3046594982078853,-0.8673835125448028,-0.32616487455197135,-1.0,-0.04659498207885305,-0.48028673835125446,-0.15412186379928317,-0.4551971326164875,-0.17921146953405018,-0.2903225806451613,-0.16845878136200718,-0.17562724014336917,0.05734767025089606,-0.43010752688172044,-0.06093189964157706,-0.3548387096774194,-0.08960573476702509,-0.21505376344086022,-0.07526881720430108,-0.11827956989247312
1,0.0,0.0,-0.15,-0.03571428571428571,-0.3,-0.15,-0.30357142857142855,-0.2571428571428571,-0.22142857142857142,-0.3392857142857143,-0.30357142857142855,-0.425,-0.4357142857142857,-0.6107142857142858,-0.5214285714285715,-0.725,-0.5821428571428572,-0.8285714285714286,-0.18571428571428572,-0.4785714285714286,-0.275,-0.7107142857142857,-0.32142857142857145,-0.8642857142857143,-0.34285714285714286,-1.0,-0.05714285714285714,-0.4714285714285714,-0.16071428571428573,-0.4642857142857143,-0.18571428571428572,-0.30357142857142855,-0.17857142857142858,-0.18928571428571428,0.04642857142857143,-0.425,-0.07142857142857142,-0.3607142857142857,-0.09642857142857143,-0.225,-0.08214285714285714,-0.12857142857142856
1,0.0,0.0,-0.15053763440860216,-0.035842293906810034,-0.2903225806451613,-0.15053763440860216,-0.2974910394265233,-0.2616487455197133,-0.21863799283154123,-0.34408602150537637,-0.2903225806451613,-0.4336917562724014,-0.41935483870967744,-0.6236559139784946,-0.5089605734767025,-0.7383512544802867,-0.5734767025089605,-0.8422939068100358,-0.16845878136200718,-0.4767025089605735,-0.2616487455197133,-0.7096774193548387,-0.3118279569892473,-0.8673835125448028,-0.34050179211469533,-1.0,-0.04659498207885305,-0.46953405017921146,-0.14336917562724014,-0.4659498207885305,-0.17204301075268819,-0.3046594982078853,-0.16487455197132617,-0.1863799283154122,0.05734767025089606,-0.41935483870967744,-0.053763440860215055,-0.36917562724014336,-0.08243727598566308,-0.23655913978494625,-0.07168458781362007,-0.13978494623655913
1,0.0,0.0,-0.1524822695035461,-0.03900709219858156,-0.29432624113475175,-0.1595744680851064,-0.30141843971631205,-0.2695035460992908,-0.21631205673758866,-0.3475177304964539,-0.2872340425531915,-0.42907801418439717,-0.4148936170212766,-0.6205673758865248,-0.5070921985815603,-0.7411347517730497,-0.5709219858156028,-0.8475177304964538,-0.16666666666666666,-0.4716312056737589,-0.2553191489361702,-0.7021276595744681,-0.30141843971631205,-0.8652482269503546,-0.3262411347517731,-1.0,-0.0425531914893617,-0.4574468085106383,-0.1453900709219858,-0.4716312056737589,-0.1702127659574468,-0.30851063829787234,-0.16312056737588654,-0.19148936170212766,0.05673758865248227,-0.41134751773049644,-0.05319148936170213,-0.375886524822695,-0.08156028368794327,-0.2375886524822695,-0.07092198581560284,-0.14184397163120568
1,0.0,0.0,-0.14893617021276595,-0.03546099290780142,-0.2907801418439716,-0.1595744680851064,-0.2907801418439716,-0.26595744680851063,-0.2127659574468085,-0.34397163120567376,-0.2872340425531915,-0.4397163120567376,-0.4148936170212766,-0.6312056737588653,-0.5035460992907801,-0.74822695035461,-0.5638297872340425,-0.851063829787234,-0.1595744680851064,-0.48226950354609927,-0.24468085106382978,-0.7127659574468085,-0.29432624113475175,-0.8687943262411347,-0.31560283687943264,-1.0,-0.031914893617021274,-0.46808510638297873,-0.13829787234042554,-0.4787234042553192,-0.1702127659574468,-0.3120567375886525,-0.16666666666666666,-0.19148936170212766,0.07092198581560284,-0.41843971631205673,-0.04609929078014184,-0.36524822695035464,-0.07801418439716312,-0.22340425531914893,-0.0673758865248227,-0.1276595744680851
1,0.0,0.0,-0.14736842105263157,-0.03859649122807018,-0.2912280701754386,-0.17192982456140352,-0.28421052631578947,-0.2807017543859649,-0.19649122807017544,-0.3508771929824561,-0.2807017543859649,-0.43859649122807015,-0.41403508771929826,-0.631578947368421,-0.4982456140350877,-0.7508771929824561,-0.5614035087719298,-0.856140350877193,-0.15789473684210525,-0.4807017543859649,-0.23859649122807017,-0.712280701754386,-0.2807017543859649,-0.8666666666666667,-0.3017543859649123,-1.0,-0.031578947368421054,-0.4666666666666667,-0.12982456140350876,-0.4807017543859649,-0.1649122807017544,-0.3192982456140351,-0.1649122807017544,-0.2,0.07017543859649122,-0.42105263157894735,-0.03508771929824561,-0.3719298245614035,-0.07017543859649122,-0.23508771929824562,-0.06315789473684211,-0.14035087719298245
1,0.0,0.0,-0.14736842105263157,-0.03508771929824561,-0.28771929824561404,-0.1649122807017544,-0.2807017543859649,-0.2771929824561403,-0.19649122807017544,-0.3543859649122807,-0.2912280701754386,-0.43859649122807015,-0.41754385964912283,-0.631578947368421,-0.5017543859649123,-0.7473684210526316,-0.5614035087719298,-0.8526315789473684,-0.16140350877192983,-0.4807017543859649,-0.23157894736842105,-0.712280701754386,-0.27017543859649124,-0.8666666666666667,-0.28421052631578947,-1.0,-0.031578947368421054,-0.47017543859649125,-0.12280701754385964,-0.47719298245614034,-0.15789473684210525,-0.3157894736842105,-0.16140350877192983,-0.19649122807017544,0.07368421052631578,-0.4245614035087719,-0.028070175438596492,-0.3719298245614035,-0.06315789473684211,-0.23157894736842105,-0.05964912280701754,-0.12982456140350876
1,0.0,0.0,-0.14685314685314685,-0.04195804195804196,-0.2902097902097902,-0.16433566433566432,-0.2762237762237762,-0.2727272727272727,-0.1888111888111888,-0.34265734265734266,-0.2867132867132867,-0.44405594405594406,-0.4160839160839161,-0.6328671328671329,-0.4965034965034965,-0.7447552447552448,-0.5559440559440559,-0.8531468531468531,-0.15734265734265734,-0.4825174825174825,-0.22377622377622378,-0.7132867132867133,-0.2517482517482518,-0.8671328671328671,-0.26573426573426573,-1.0,-0.03146853146853147,-0.46853146853146854,-0.11888111888111888,-0.47202797202797203,-0.15384615384615385,-0.3146853146853147,-0.15734265734265734,-0.20279720279720279,0.07342657342657342,-0.4195804195804196,-0.024475524475524476,-0.3741258741258741,-0.05944055944055944,-0.24125874125874125,-0.05944055944055944,-0.14685314685314685
1,0.0,0.0,-0.14982578397212543,-0.041811846689895474,-0.2961672473867596,-0.17073170731707318,-0.27526132404181186,-0.27526132404181186,-0.18466898954703834,-0.33797909407665505,-0.289198606271777,-0.44947735191637633,-0.4146341463414634,-0.6376306620209059,-0.4912891986062718,-0.7491289198606271,-0.554006968641115,-0.8536585365853658,-0.1602787456445993,-0.4878048780487805,-0.21254355400696864,-0.7177700348432056,-0.24041811846689895,-0.8710801393728222,-0.2508710801393728,-1.0,-0.0313588850174216,-0.47038327526132406,-0.11498257839721254,-0.4634146341463415,-0.15331010452961671,-0.30662020905923343,-0.156794425087108,-0.1916376306620209,0.07317073170731707,-0.4181184668989547,-0.020905923344947737,-0.36585365853658536,-0.05574912891986063,-0.22996515679442509,-0.05226480836236934,-0.13588850174216027
1,0.0,0.0,-0.1388888888888889,-0.03819444444444445,-0.2881944444444444,-0.16319444444444445,-0.2743055555555556,-0.2604166666666667,-0.18055555555555555,-0.3298611111111111,-0.2881944444444444,-0.4444444444444444,-0.4097222222222222,-0.6354166666666666,-0.4895833333333333,-0.75,-0.5451388888888888,-0.8541666666666666,-0.1597222222222222,-0.4861111111111111,-0.2152777777777778,-0.7152777777777778,-0.2361111111111111,-0.8715277777777778,-0.23958333333333334,-1.0,-0.034722222222222224,-0.46875,-0.11458333333333333,-0.4722222222222222,-0.15625,-0.3159722222222222,-0.16319444444444445,-0.2048611111111111,0.06944444444444445,-0.4166666666666667,-0.020833333333333332,-0.3576388888888889,-0.059027777777777776,-0.22569444444444445,-0.05555555555555555,-0.13541666666666666
1,0.0,0.0,-0.14776632302405499,-0.044673539518900345,-0.28865979381443296,-0.17525773195876287,-0.27835051546391754,-0.27147766323024053,-0.19243986254295534,-0.32989690721649484,-0.2852233676975945,-0.45017182130584193,-0.40893470790378006,-0.6357388316151202,-0.4879725085910653,-0.7457044673539519,-0.5429553264604811,-0.8487972508591065,-0.15807560137457044,-0.4879725085910653,-0.21305841924398625,-0.718213058419244,-0.23367697594501718,-0.872852233676976,-0.23711340206185566,-1.0,-0.037800687285223365,-0.47079037800687284,-0.1134020618556701,-0.47079037800687284,-0.15120274914089346,-0.3161512027491409,-0.15807560137457044,-0.20618556701030927,0.061855670103092786,-0.41924398625429554,-0.024054982817869417,-0.35738831615120276,-0.058419243986254296,-0.2268041237113402,-0.058419243986254296,-0.14432989690721648
1,0.0,0.0,-0.14576271186440679,-0.04406779661016949,-0.288135593220339,-0.17627118644067796,-0.26440677966101694,-0.2711864406779661,-0.17288135593220338,-0.33220338983050846,-0.2847457627118644,-0.44745762711864406,-0.4,-0.6305084745762712,-0.4745762711864407,-0.7423728813559322,-0.5288135593220339,-0.8440677966101695,-0.16271186440677965,-0.47796610169491527,-0.20677966101694914,-0.7186440677966102,-0.22033898305084745,-0.8745762711864407,-0.22033898305084745,-1.0,-0.04067796610169491,-0.4542372881355932,-0.1016949152542373,-0.47796610169491527,-0.13559322033898305,-0.3254237288135593,-0.1423728813559322,-0.21694915254237288,0.061016949152542375,-0.39322033898305087,-0.013559322033898305,-0.36610169491525424,-0.04745762711864407,-0.24067796610169492,-0.05423728813559322,-0.15254237288135594
1,0.0,0.0,-0.1506849315068493,-0.05136986301369863,-0.2876712328767123,-0.1780821917808219,-0.2705479452054795,-0.273972602739726,-0.18493150684931506,-0.3424657534246575,-0.2842465753424658,-0.4520547945205479,-0.4041095890410959,-0.6335616438356164,-0.476027397260274,-0.7431506849315068,-0.5308219178082192,-0.8493150684931506,-0.16095890410958905,-0.4828767123287671,-0.2054794520547945,-0.7157534246575342,-0.21575342465753425,-0.8732876712328768,-0.21232876712328766,-1.0,-0.03767123287671233,-0.4554794520547945,-0.0958904109589041,-0.4897260273972603,-0.13013698630136986,-0.3287671232876712,-0.136986301369863,-0.21232876712328766,0.06506849315068493,-0.3904109589041096,0.0,-0.3732876712328767,-0.03767123287671233,-0.24315068493150685,-0.04794520547945205,-0.1506849315068493
1,0.0,0.0,-0.14625850340136054,-0.05102040816326531,-0.2755102040816326,-0.17687074829931973,-0.24829931972789115,-0.2653061224489796,-0.17006802721088435,-0.336734693877551,-0.2755102040816326,-0.445578231292517,-0.3945578231292517,-0.6292517006802721,-0.46598639455782315,-0.7414965986394558,-0.5204081632653061,-0.8435374149659864,-0.14965986394557823,-0.47619047619047616,-0.18027210884353742,-0.7108843537414966,-0.18027210884353742,-0.8707482993197279,-0.17006802721088435,-1.0,-0.027210884353741496,-0.4489795918367347,-0.0782312925170068,-0.46938775510204084,-0.11904761904761904,-0.30612244897959184,-0.1292517006802721,-0.19047619047619047,0.07482993197278912,-0.3877551020408163,0.01020408163265306,-0.35034013605442177,-0.030612244897959183,-0.21768707482993196,-0.04081632653061224,-0.1292517006802721
1,0.0,0.0,-0.14675767918088736,-0.04778156996587031,-0.27986348122866894,-0.17064846416382254,-0.2593856655290102,-0.26621160409556316,-0.17064846416382254,-0.3310580204778157,-0.27986348122866894,-0.447098976109215,-0.3993174061433447,-0.6279863481228669,-0.47440273037542663,-0.7406143344709898,-0.5290102389078498,-0.8430034129692833,-0.15699658703071673,-0.4778156996587031,-0.18430034129692832,-0.7133105802047781,-0.17747440273037543,-0.8703071672354948,-0.16040955631399317,-1.0,-0.03754266211604096,-0.45051194539249145,-0.08873720136518772,-0.4812286689419795,-0.1296928327645051,-0.32764505119453924,-0.14334470989761092,-0.22184300341296928,0.06484641638225255,-0.3856655290102389,-0.0034129692832764505,-0.3583617747440273,-0.040955631399317405,-0.2354948805460751,-0.051194539249146756,-0.14675767918088736
1,0.0,0.0,-0.1404109589041096,-0.04452054794520548,-0.2636986301369863,-0.1678082191780822,-0.23972602739726026,-0.2568493150684932,-0.1678082191780822,-0.3321917808219178,-0.2705479452054795,-0.4417808219178082,-0.3938356164383562,-0.6267123287671232,-0.4691780821917808,-0.7328767123287672,-0.5205479452054794,-0.8356164383561644,-0.14726027397260275,-0.476027397260274,-0.17123287671232876,-0.7123287671232876,-0.16095890410958905,-0.8698630136986302,-0.1404109589041096,-1.0,-0.0273972602739726,-0.4452054794520548,-0.0821917808219178,-0.4726027397260274,-0.1232876712328767,-0.3219178082191781,-0.13356164383561644,-0.2191780821917808,0.0684931506849315,-0.3801369863013699,0.003424657534246575,-0.3493150684931507,-0.030821917808219176,-0.22602739726027396,-0.03767123287671233,-0.136986301369863
1,0.0,0.0,-0.1423611111111111,-0.04513888888888889,-0.2673611111111111,-0.16666666666666666,-0.2465277777777778,-0.2604166666666667,-0.1701388888888889,-0.3368055555555556,-0.2743055555555556,-0.4444444444444444,-0.4027777777777778,-0.6284722222222222,-0.4791666666666667,-0.7395833333333334,-0.5347222222222222,-0.84375,-0.14583333333333334,-0.4756944444444444,-0.16666666666666666,-0.7118055555555556,-0.15625,-0.8680555555555556,-0.13541666666666666,-1.0,-0.024305555555555556,-0.4444444444444444,-0.0763888888888889,-0.4618055555555556,-0.11805555555555555,-0.3125,-0.13194444444444445,-0.21180555555555555,0.0763888888888889,-0.3819444444444444,0.006944444444444444,-0.3472222222222222,-0.03125,-0.22569444444444445,-0.034722222222222224,-0.1388888888888889
1,0.0,0.0,-0.13793103448275862,-0.04482758620689655,-0.2689655172413793,-0.16551724137931034,-0.2413793103448276,-0.2620689655172414,-0.1482758620689655,-0.3275862068965517,-0.2689655172413793,-0.4482758620689655,-0.3931034482758621,-0.6310344827586207,-0.4689655172413793,-0.7413793103448276,-0.5275862068965518,-0.8448275862068966,-0.14482758620689656,-0.47586206896551725,-0.16896551724137931,-0.7137931034482758,-0.16206896551724137,-0.8689655172413793,-0.1482758620689655,-1.0,-0.02413793103448276,-0.4413793103448276,-0.06206896551724138,-0.47586206896551725,-0.10344827586206896,-0.32068965517241377,-0.11379310344827587,-0.21724137931034482,0.07931034482758621,-0.3758620689655172,0.02413793103448276,-0.3586206896551724,-0.013793103448275862,-0.23793103448275862,-0.020689655172413793,-0.15172413793103448
1,0.0,0.0,-0.14084507042253522,-0.04225352112676056,-0.2746478873239437,-0.16901408450704225,-0.25,-0.2746478873239437,-0.13732394366197184,-0.3345070422535211,-0.27816901408450706,-0.46830985915492956,-0.4014084507042254,-0.6514084507042254,-0.4753521126760563,-0.7676056338028169,-0.528169014084507,-0.8732394366197183,-0.14788732394366197,-0.4894366197183099,-0.16901408450704225,-0.721830985915493,-0.17253521126760563,-0.8732394366197183,-0.16549295774647887,-1.0,-0.02112676056338028,-0.4507042253521127,-0.0528169014084507,-0.528169014084507,-0.09507042253521127,-0.36619718309859156,-0.10915492957746478,-0.25,0.0880281690140845,-0.3767605633802817,0.028169014084507043,-0.397887323943662,-0.01056338028169014,-0.2746478873239437,-0.017605633802816902,-0.18309859154929578
1,0.0,0.0,-0.15708812260536398,-0.05363984674329502,-0.2950191570881226,-0.20306513409961685,-0.25287356321839083,-0.31417624521072796,-0.13026819923371646,-0.3793103448275862,-0.30268199233716475,-0.5172413793103449,-0.42528735632183906,-0.7126436781609196,-0.49808429118773945,-0.842911877394636,-0.5593869731800766,-0.9578544061302682,-0.16475095785440613,-0.5325670498084292,-0.1839080459770115,-0.7586206896551724,-0.19540229885057472,-0.8888888888888888,-0.19923371647509577,-1.0,-0.03065134099616858,-0.4904214559386973,-0.04597701149425287,-0.5977011494252874,-0.09578544061302682,-0.4329501915708812,-0.11877394636015326,-0.31417624521072796,0.08812260536398467,-0.4061302681992337,0.0421455938697318,-0.44061302681992337,-0.007662835249042145,-0.31417624521072796,-0.02681992337164751,-0.2222222222222222
1,0.0,0.0,-0.17391304347826086,-0.06719367588932806,-0.2845849802371542,-0.22529644268774704,-0.21739130434782608,-0.33992094861660077,-0.11462450592885376,-0.4268774703557312,-0.30434782608695654,-0.5375494071146245,-0.42292490118577075,-0.7430830039525692,-0.4980237154150198,-0.8814229249011858,-0.5573122529644269,-1.0,-0.16205533596837945,-0.549407114624506,-0.17786561264822134,-0.766798418972332,-0.19367588932806323,-0.8853754940711462,-0.20553359683794467,-0.9802371541501976,-0.02766798418972332,-0.4980237154150198,-0.04743083003952569,-0.5968379446640316,-0.09881422924901186,-0.4426877470355731,-0.11857707509881422,-0.33201581027667987,0.09090909090909091,-0.41106719367588934,0.05138339920948617,-0.47035573122529645,0.003952569169960474,-0.3557312252964427,-0.011857707509881422,-0.26877470355731226
1,0.0,0.0,-0.17269076305220885,-0.07630522088353414,-0.2891566265060241,-0.24497991967871485,-0.22088353413654618,-0.3654618473895582,-0.11646586345381527,-0.4497991967871486,-0.3092369477911647,-0.5381526104417671,-0.43373493975903615,-0.7469879518072289,-0.5100401606425703,-0.8835341365461847,-0.5662650602409639,-1.0,-0.1646586345381526,-0.5542168674698795,-0.18473895582329317,-0.7670682730923695,-0.20481927710843373,-0.891566265060241,-0.21285140562248997,-0.9879518072289156,-0.028112449799196786,-0.5060240963855421,-0.060240963855421686,-0.5903614457831325,-0.10843373493975904,-0.44176706827309237,-0.13253012048192772,-0.3333333333333333,0.08835341365461848,-0.42168674698795183,0.040160642570281124,-0.4538152610441767,-0.008032128514056224,-0.3373493975903614,-0.024096385542168676,-0.24899598393574296
1,0.0,0.0,-0.149812734082397,-0.07116104868913857,-0.25842696629213485,-0.2209737827715356,-0.1947565543071161,-0.3333333333333333,-0.09363295880149813,-0.4044943820224719,-0.27340823970037453,-0.4943820224719101,-0.40074906367041196,-0.6816479400749064,-0.4756554307116105,-0.8014981273408239,-0.5318352059925093,-0.9101123595505618,-0.13857677902621723,-0.5168539325842697,-0.16853932584269662,-0.7453183520599251,-0.18726591760299627,-0.8876404494382022,-0.1947565543071161,-1.0,-0.011235955056179775,-0.47191011235955055,-0.052434456928838954,-0.5318352059925093,-0.10112359550561797,-0.40074906367041196,-0.1198501872659176,-0.30337078651685395,0.09363295880149813,-0.3970037453183521,0.03745318352059925,-0.4157303370786517,-0.011235955056179775,-0.30711610486891383,-0.026217228464419477,-0.2247191011235955
1,0.0,0.0,-0.1510791366906475,-0.0539568345323741,-0.26618705035971224,-0.2014388489208633,-0.20503597122302158,-0.3129496402877698,-0.09712230215827339,-0.381294964028777,-0.27697841726618705,-0.4676258992805755,-0.39928057553956836,-0.6510791366906474,-0.4712230215827338,-0.7661870503597122,-0.5287769784172662,-0.8669064748201439,-0.14388489208633093,-0.4892086330935252,-0.17625899280575538,-0.7266187050359713,-0.18705035971223022,-0.8776978417266187,-0.18345323741007194,-1.0,-0.025179856115107913,-0.44964028776978415,-0.0683453237410072,-0.49280575539568344,-0.11151079136690648,-0.3669064748201439,-0.12589928057553956,-0.2805755395683453,0.07913669064748201,-0.37410071942446044,0.02877697841726619,-0.38489208633093525,-0.02158273381294964,-0.2733812949640288,-0.039568345323741004,-0.1906474820143885
1,0.0,0.0,-0.15302491103202848,-0.060498220640569395,-0.26334519572953735,-0.20284697508896798,-0.19217081850533807,-0.3096085409252669,-0.08540925266903915,-0.3701067615658363,-0.2775800711743772,-0.45907473309608543,-0.39501779359430605,-0.6441281138790036,-0.4697508896797153,-0.7580071174377224,-0.5231316725978647,-0.8576512455516014,-0.15302491103202848,-0.48398576512455516,-0.17437722419928825,-0.7188612099644128,-0.17793594306049823,-0.8718861209964412,-0.16725978647686832,-1.0,-0.03202846975088968,-0.44483985765124556,-0.0711743772241993,-0.4804270462633452,-0.10676156583629894,-0.3594306049822064,-0.11387900355871886,-0.2775800711743772,0.0711743772241993,-0.3665480427046263,0.014234875444839857,-0.3736654804270463,-0.028469750889679714,-0.2704626334519573,-0.042704626334519574,-0.199288256227758
1,0.0,0.0,-0.1453900709219858,-0.06382978723404255,-0.2553191489361702,-0.20921985815602837,-0.1879432624113475,-0.30851063829787234,-0.07446808510638298,-0.3617021276595745,-0.2624113475177305,-0.46808510638297873,-0.3829787234042553,-0.648936170212766,-0.4574468085106383,-0.7588652482269503,-0.5177304964539007,-0.8581560283687943,-0.1347517730496454,-0.4858156028368794,-0.15602836879432624,-0.7163120567375887,-0.1524822695035461,-0.8723404255319149,-0.13829787234042554,-1.0,-0.01773049645390071,-0.4432624113475177,-0.05319148936170213,-0.4787234042553192,-0.09219858156028368,-0.3546099290780142,-0.10283687943262411,-0.2765957446808511,0.0851063829787234,-0.36879432624113473,0.031914893617021274,-0.375886524822695,-0.014184397163120567,-0.2730496453900709,-0.028368794326241134,-0.19858156028368795
1,0.0,0.0,-0.14893617021276595,-0.06028368794326241,-0.25886524822695034,-0.20567375886524822,-0.18439716312056736,-0.30851063829787234,-0.07092198581560284,-0.3617021276595745,-0.26595744680851063,-0.46808510638297873,-0.38652482269503546,-0.648936170212766,-0.46099290780141844,-0.7588652482269503,-0.5177304964539007,-0.8581560283687943,-0.14184397163120568,-0.48936170212765956,-0.15602836879432624,-0.7198581560283688,-0.14893617021276595,-0.8723404255319149,-0.1276595744680851,-1.0,-0.02127659574468085,-0.4432624113475177,-0.04964539007092199,-0.4787234042553192,-0.08865248226950355,-0.3546099290780142,-0.10283687943262411,-0.2730496453900709,0.08156028368794327,-0.3617021276595745,0.03546099290780142,-0.3723404255319149,-0.0070921985815602835,-0.2695035460992908,-0.02127659574468085,-0.1950354609929078
1,0.0,0.0,-0.14893617021276595,-0.06382978723404255,-0.25886524822695034,-0.20921985815602837,-0.19148936170212766,-0.3120567375886525,-0.07801418439716312,-0.3617021276595745,-0.2695035460992908,-0.4716312056737589,-0.38652482269503546,-0.6524822695035462,-0.4574468085106383,-0.7624113475177305,-0.5141843971631206,-0.8617021276595744,-0.14184397163120568,-0.48936170212765956,-0.15602836879432624,-0.7198581560283688,-0.1453900709219858,-0.8723404255319149,-0.12056737588652482,-1.0,-0.024822695035460994,-0.4432624113475177,-0.05319148936170213,-0.48226950354609927,-0.09574468085106383,-0.3723404255319149,-0.1099290780141844,-0.29432624113475175,0.07801418439716312,-0.3617021276595745,0.028368794326241134,-0.3723404255319149,-0.01773049645390071,-0.2801418439716312,-0.03546099290780142,-0.2127659574468085
1,0.0,0.0,-0.14840989399293286,-0.06713780918727916,-0.254416961130742,-0.20848056537102475,-0.19434628975265017,-0.30742049469964666,-0.08480565371024736,-0.3568904593639576,-0.26148409893992935,-0.46996466431095407,-0.38162544169611307,-0.6501766784452296,-0.45229681978798586,-0.7597173144876325,-0.508833922261484,-0.8551236749116607,-0.13780918727915195,-0.4840989399293286,-0.14840989399293286,-0.7208480565371025,-0.13780918727915195,-0.872791519434629,-0.11307420494699646,-1.0,-0.0176678445229682,-0.4381625441696113,-0.045936395759717315,-0.4840989399293286,-0.08480565371024736,-0.3674911660777385,-0.0989399293286219,-0.28975265017667845,0.08480565371024736,-0.36042402826855124,0.038869257950530034,-0.38162544169611307,-0.007067137809187279,-0.2862190812720848,-0.024734982332155476,-0.21554770318021202
1,0.0,0.0,-0.15901060070671377,-0.0636042402826855,-0.26855123674911663,-0.21201413427561838,-0.19434628975265017,-0.3215547703180212,-0.07773851590106007,-0.3745583038869258,-0.2791519434628975,-0.4664310954063604,-0.392226148409894,-0.6501766784452296,-0.4664310954063604,-0.7597173144876325,-0.519434628975265,-0.8586572438162544,-0.1519434628975265,-0.4876325088339223,-0.16607773851590105,-0.7208480565371025,-0.15547703180212014,-0.872791519434629,-0.13074204946996468,-1.0,-0.03180212014134275,-0.44876325088339225,-0.06007067137809187,-0.46996466431095407,-0.0989399293286219,-0.35335689045936397,-0.10954063604240283,-0.2756183745583039,0.07420494699646643,-0.3745583038869258,0.024734982332155476,-0.37809187279151946,-0.02120141342756184,-0.2826855123674912,-0.0353356890459364,-0.21554770318021202
1,0.0,0.0,-0.14840989399293286,-0.05653710247349823,-0.26148409893992935,-0.1978798586572438,-0.19434628975265017,-0.303886925795053,-0.0812720848056537,-0.36042402826855124,-0.26855123674911663,-0.45936395759717313,-0.38869257950530034,-0.6431095406360424,-0.45936395759717313,-0.7526501766784452,-0.5123674911660777,-0.8515901060070671,-0.14487632508833923,-0.47703180212014135,-0.15547703180212014,-0.7102473498233216,-0.13780918727915195,-0.8692579505300353,-0.10954063604240283,-1.0,-0.028268551236749116,-0.43462897526501765,-0.05653710247349823,-0.47703180212014135,-0.09187279151943463,-0.36042402826855124,-0.10954063604240283,-0.2791519434628975,0.07420494699646643,-0.36042402826855124,0.03180212014134275,-0.37809187279151946,-0.01060070671378092,-0.2756183745583039,-0.028268551236749116,-0.20141342756183744
1,0.0,0.0,-0.15845070422535212,-0.06690140845070422,-0.2605633802816901,-0.2112676056338028,-0.18661971830985916,-0.31690140845070425,-0.07394366197183098,-0.3626760563380282,-0.2711267605633803,-0.4647887323943662,-0.3908450704225352,-0.647887323943662,-0.4612676056338028,-0.7605633802816901,-0.5140845070422535,-0.8591549295774648,-0.1443661971830986,-0.4859154929577465,-0.14788732394366197,-0.7183098591549296,-0.13028169014084506,-0.8732394366197183,-0.10211267605633803,-1.0,-0.028169014084507043,-0.44366197183098594,-0.05985915492957746,-0.4788732394366197,-0.09859154929577464,-0.36619718309859156,-0.10915492957746478,-0.29577464788732394,0.07042253521126761,-0.36619718309859156,0.02464788732394366,-0.3908450704225352,-0.02112676056338028,-0.3028169014084507,-0.03873239436619718,-0.23591549295774647
1,0.0,0.0,-0.14930555555555555,-0.06597222222222222,-0.2534722222222222,-0.20833333333333334,-0.18055555555555555,-0.3159722222222222,-0.06944444444444445,-0.3680555555555556,-0.2638888888888889,-0.4652777777777778,-0.3784722222222222,-0.6458333333333334,-0.4444444444444444,-0.7569444444444444,-0.4930555555555556,-0.8541666666666666,-0.1388888888888889,-0.4826388888888889,-0.1388888888888889,-0.71875,-0.11805555555555555,-0.8715277777777778,-0.09027777777777778,-1.0,-0.020833333333333332,-0.4375,-0.04861111111111111,-0.4826388888888889,-0.09722222222222222,-0.3611111111111111,-0.1111111111111111,-0.2847222222222222,0.0798611111111111,-0.3576388888888889,0.034722222222222224,-0.3854166666666667,-0.013888888888888888,-0.2916666666666667,-0.034722222222222224,-0.2222222222222222
1,0.0,0.0,-0.14930555555555555,-0.06597222222222222,-0.2465277777777778,-0.21180555555555555,-0.1736111111111111,-0.3090277777777778,-0.0625,-0.3576388888888889,-0.2604166666666667,-0.4618055555555556,-0.3715277777777778,-0.6458333333333334,-0.4375,-0.7569444444444444,-0.4861111111111111,-0.8541666666666666,-0.13541666666666666,-0.4826388888888889,-0.13194444444444445,-0.71875,-0.1111111111111111,-0.875,-0.08333333333333333,-1.0,-0.017361111111111112,-0.4409722222222222,-0.03819444444444445,-0.4861111111111111,-0.08333333333333333,-0.3819444444444444,-0.10069444444444445,-0.3125,0.08680555555555555,-0.3611111111111111,0.04513888888888889,-0.3784722222222222,-0.003472222222222222,-0.2881944444444444,-0.024305555555555556,-0.2222222222222222
1,0.0,0.0,-0.15517241379310345,-0.06896551724137931,-0.24482758620689654,-0.21379310344827587,-0.16551724137931034,-0.31724137931034485,-0.05862068965517241,-0.3724137931034483,-0.2655172413793103,-0.46551724137931033,-0.3689655172413793,-0.6517241379310345,-0.43103448275862066,-0.7655172413793103,-0.4793103448275862,-0.8655172413793103,-0.13793103448275862,-0.4862068965517241,-0.13448275862068965,-0.7241379310344828,-0.1103448275862069,-0.8793103448275862,-0.07586206896551724,-1.0,-0.017241379310344827,-0.4379310344827586,-0.03793103448275862,-0.4896551724137931,-0.08275862068965517,-0.3758620689655172,-0.1,-0.3,0.08620689655172414,-0.35517241379310344,0.04482758620689655,-0.3793103448275862,0.0,-0.28620689655172415,-0.020689655172413793,-0.2206896551724138
1,0.0,0.0,-0.1541095890410959,-0.0684931506849315,-0.2534246575342466,-0.21575342465753425,-0.17465753424657535,-0.3253424657534247,-0.06506849315068493,-0.3767123287671233,-0.2602739726027397,-0.4691780821917808,-0.363013698630137,-0.6575342465753424,-0.4246575342465753,-0.7705479452054794,-0.4691780821917808,-0.8698630136986302,-0.136986301369863,-0.4897260273972603,-0.1267123287671233,-0.726027397260274,-0.10273972602739725,-0.8767123287671232,-0.06506849315068493,-1.0,-0.017123287671232876,-0.4417808219178082,-0.0410958904109589,-0.4897260273972603,-0.08561643835616438,-0.363013698630137,-0.10273972602739725,-0.2842465753424658,0.08561643835616438,-0.3561643835616438,0.0410958904109589,-0.3904109589041096,-0.010273972602739725,-0.2979452054794521,-0.0273972602739726,-0.22945205479452055
1,0.0,0.0,-0.15017064846416384,-0.07167235494880546,-0.24232081911262798,-0.21843003412969283,-0.16382252559726962,-0.3242320819112628,-0.051194539249146756,-0.378839590443686,-0.24914675767918087,-0.47440273037542663,-0.3447098976109215,-0.6621160409556314,-0.40273037542662116,-0.7747440273037542,-0.44368600682593856,-0.8737201365187713,-0.11945392491467577,-0.4880546075085324,-0.10580204778156997,-0.7337883959044369,-0.08191126279863481,-0.8805460750853242,-0.04436860068259386,-1.0,0.0,-0.43686006825938567,-0.023890784982935155,-0.49829351535836175,-0.06825938566552901,-0.3720136518771331,-0.08191126279863481,-0.29692832764505117,0.09897610921501707,-0.3515358361774744,0.05802047781569966,-0.4129692832764505,0.006825938566552901,-0.3242320819112628,-0.010238907849829351,-0.25597269624573377
1,0.0,0.0,-0.15517241379310345,-0.06551724137931035,-0.24482758620689654,-0.2103448275862069,-0.15862068965517243,-0.31724137931034485,-0.04482758620689655,-0.3758620689655172,-0.2517241379310345,-0.4724137931034483,-0.3448275862068966,-0.6620689655172414,-0.4,-0.7793103448275862,-0.44482758620689655,-0.8793103448275862,-0.1206896551724138,-0.4896551724137931,-0.1,-0.7344827586206897,-0.06896551724137931,-0.8827586206896552,-0.027586206896551724,-1.0,-0.0034482758620689655,-0.4413793103448276,-0.020689655172413793,-0.49310344827586206,-0.06206896551724138,-0.3689655172413793,-0.07586206896551724,-0.29310344827586204,0.1,-0.35172413793103446,0.06206896551724138,-0.40344827586206894,0.013793103448275862,-0.3137931034482759,-0.006896551724137931,-0.24482758620689654
1,0.0,0.0,-0.14675767918088736,-0.06484641638225255,-0.23890784982935154,-0.20477815699658702,-0.16382252559726962,-0.310580204778157,-0.06143344709897611,-0.37542662116040953,-0.24914675767918087,-0.4709897610921502,-0.34812286689419797,-0.658703071672355,-0.4061433447098976,-0.7781569965870307,-0.44368600682593856,-0.8805460750853242,-0.11945392491467577,-0.4880546075085324,-0.09897610921501707,-0.726962457337884,-0.06825938566552901,-0.8771331058020477,-0.023890784982935155,-1.0,-0.0034129692832764505,-0.43686006825938567,-0.023890784982935155,-0.49829351535836175,-0.06825938566552901,-0.37542662116040953,-0.08191126279863481,-0.3003412969283277,0.09556313993174062,-0.3515358361774744,0.051194539249146756,-0.39590443686006827,0.0,-0.3037542662116041,-0.020477815699658702,-0.2354948805460751
1,0.0,0.0,-0.1506849315068493,-0.06506849315068493,-0.2465753424657534,-0.21232876712328766,-0.1643835616438356,-0.3253424657534247,-0.05136986301369863,-0.3767123287671233,-0.2602739726027397,-0.4726027397260274,-0.3561643835616438,-0.660958904109589,-0.4143835616438356,-0.7773972602739726,-0.4554794520547945,-0.8767123287671232,-0.13013698630136986,-0.4931506849315068,-0.11986301369863013,-0.7363013698630136,-0.09246575342465753,-0.8835616438356164,-0.0547945205479452,-1.0,-0.0136986301369863,-0.4452054794520548,-0.030821917808219176,-0.4897260273972603,-0.07191780821917808,-0.3664383561643836,-0.08904109589041095,-0.2910958904109589,0.08904109589041095,-0.363013698630137,0.04794520547945205,-0.4006849315068493,0.0,-0.3116438356164384,-0.02054794520547945,-0.2465753424657534
1,0.0,0.0,-0.14285714285714285,-0.061224489795918366,-0.23469387755102042,-0.20408163265306123,-0.16326530612244897,-0.3129251700680272,-0.061224489795918366,-0.37755102040816324,-0.25510204081632654,-0.46598639455782315,-0.35714285714285715,-0.6496598639455783,-0.41836734693877553,-0.7653061224489796,-0.46258503401360546,-0.8639455782312925,-0.1292517006802721,-0.48639455782312924,-0.13945578231292516,-0.7244897959183674,-0.12244897959183673,-0.8741496598639455,-0.08843537414965986,-1.0,-0.013605442176870748,-0.4421768707482993,-0.03741496598639456,-0.4897959183673469,-0.07482993197278912,-0.36394557823129253,-0.08503401360544217,-0.2857142857142857,0.08843537414965986,-0.36054421768707484,0.047619047619047616,-0.3945578231292517,0.0,-0.30272108843537415,-0.017006802721088437,-0.23469387755102042
1,0.0,0.0,-0.14915254237288136,-0.06440677966101695,-0.24067796610169492,-0.2033898305084746,-0.16610169491525423,-0.31186440677966104,-0.0711864406779661,-0.37966101694915255,-0.26440677966101694,-0.4610169491525424,-0.36271186440677966,-0.6474576271186441,-0.4271186440677966,-0.7627118644067796,-0.4711864406779661,-0.864406779661017,-0.13898305084745763,-0.4847457627118644,-0.16271186440677965,-0.7186440677966102,-0.16271186440677965,-0.8711864406779661,-0.14576271186440679,-1.0,-0.020338983050847456,-0.4406779661016949,-0.04067796610169491,-0.4847457627118644,-0.07457627118644068,-0.36271186440677966,-0.0847457627118644,-0.288135593220339,0.08135593220338982,-0.36271186440677966,0.04406779661016949,-0.39661016949152544,0.0,-0.3016949152542373,-0.01694915254237288,-0.23728813559322035
1,0.0,0.0,-0.1413793103448276,-0.05517241379310345,-0.24482758620689654,-0.19655172413793104,-0.16896551724137931,-0.31724137931034485,-0.06206896551724138,-0.38275862068965516,-0.2655172413793103,-0.46206896551724136,-0.3724137931034483,-0.6517241379310345,-0.4379310344827586,-0.7689655172413793,-0.4827586206896552,-0.8689655172413793,-0.13793103448275862,-0.49310344827586206,-0.1793103448275862,-0.7275862068965517,-0.1896551724137931,-0.8724137931034482,-0.17586206896551723,-1.0,-0.013793103448275862,-0.45517241379310347,-0.041379310344827586,-0.4827586206896552,-0.07586206896551724,-0.3620689655172414,-0.08620689655172414,-0.28620689655172415,0.09310344827586207,-0.3793103448275862,0.04482758620689655,-0.3758620689655172,-0.0034482758620689655,-0.27241379310344827,-0.020689655172413793,-0.2103448275862069
1,0.0,0.0,-0.14186851211072665,-0.05190311418685121,-0.2491349480968858,-0.1972318339100346,-0.17301038062283736,-0.314878892733564,-0.0726643598615917,-0.38408304498269896,-0.2698961937716263,-0.46366782006920415,-0.3737024221453287,-0.6505190311418685,-0.43944636678200694,-0.7681660899653979,-0.4844290657439446,-0.8719723183391004,-0.14186851211072665,-0.48788927335640137,-0.18685121107266436,-0.7231833910034602,-0.20069204152249134,-0.8719723183391004,-0.19377162629757785,-1.0,-0.01730103806228374,-0.4463667820069204,-0.04152249134948097,-0.4982698961937716,-0.0726643598615917,-0.36678200692041524,-0.08650519031141868,-0.28027681660899656,0.09342560553633218,-0.3737024221453287,0.05190311418685121,-0.3806228373702422,0.006920415224913495,-0.27335640138408307,-0.010380622837370242,-0.1972318339100346
1,0.0,0.0,-0.14685314685314685,-0.05944055944055944,-0.2517482517482518,-0.2097902097902098,-0.17132867132867133,-0.3356643356643357,-0.05944055944055944,-0.3986013986013986,-0.26573426573426573,-0.46153846153846156,-0.3741258741258741,-0.6503496503496503,-0.44405594405594406,-0.7692307692307693,-0.493006993006993,-0.8706293706293706,-0.13986013986013987,-0.486013986013986,-0.19230769230769232,-0.7272727272727273,-0.21678321678321677,-0.8741258741258742,-0.21678321678321677,-1.0,-0.013986013986013986,-0.45104895104895104,-0.04195804195804196,-0.493006993006993,-0.07692307692307693,-0.36363636363636365,-0.08741258741258741,-0.28321678321678323,0.0944055944055944,-0.3776223776223776,0.045454545454545456,-0.38461538461538464,0.0,-0.2762237762237762,-0.017482517482517484,-0.2062937062937063
1,0.0,0.0,-0.14878892733564014,-0.058823529411764705,-0.2491349480968858,-0.21107266435986158,-0.1695501730103806,-0.3391003460207612,-0.0657439446366782,-0.4083044982698962,-0.27335640138408307,-0.4602076124567474,-0.3806228373702422,-0.6505190311418685,-0.44982698961937717,-0.7716262975778547,-0.5051903114186851,-0.8719723183391004,-0.14878892733564014,-0.48788927335640137,-0.20069204152249134,-0.726643598615917,-0.22491349480968859,-0.8754325259515571,-0.23183391003460208,-1.0,-0.020761245674740483,-0.4532871972318339,-0.05536332179930796,-0.4913494809688581,-0.08650519031141868,-0.35986159169550175,-0.09688581314878893,-0.2768166089965398,0.08650519031141868,-0.3806228373702422,0.03460207612456748,-0.3875432525951557,-0.006920415224913495,-0.2768166089965398,-0.02422145328719723,-0.20761245674740483
1,0.0,0.0,-0.14335664335664336,-0.05944055944055944,-0.2517482517482518,-0.2097902097902098,-0.17832167832167833,-0.3321678321678322,-0.06643356643356643,-0.3916083916083916,-0.2727272727272727,-0.46153846153846156,-0.3811188811188811,-0.6538461538461539,-0.44755244755244755,-0.7727272727272727,-0.4965034965034965,-0.8741258741258742,-0.14685314685314685,-0.48951048951048953,-0.2097902097902098,-0.7272727272727273,-0.23776223776223776,-0.8741258741258742,-0.24825174825174826,-1.0,-0.02097902097902098,-0.458041958041958,-0.05244755244755245,-0.5,-0.08391608391608392,-0.3741258741258741,-0.09090909090909091,-0.2902097902097902,0.09090909090909091,-0.3881118881118881,0.038461538461538464,-0.3951048951048951,0.0,-0.28321678321678323,-0.01048951048951049,-0.2062937062937063
1,0.0,0.0,-0.14788732394366197,-0.0528169014084507,-0.2605633802816901,-0.20422535211267606,-0.18661971830985916,-0.3345070422535211,-0.08098591549295775,-0.40492957746478875,-0.2852112676056338,-0.4647887323943662,-0.39436619718309857,-0.6549295774647887,-0.46830985915492956,-0.7746478873239436,-0.5246478873239436,-0.8767605633802817,-0.15845070422535212,-0.49295774647887325,-0.22183098591549297,-0.7288732394366197,-0.2535211267605634,-0.8767605633802817,-0.2676056338028169,-1.0,-0.028169014084507043,-0.4612676056338028,-0.05985915492957746,-0.4964788732394366,-0.09507042253521127,-0.36619718309859156,-0.1056338028169014,-0.28169014084507044,0.08098591549295775,-0.3908450704225352,0.03169014084507042,-0.38028169014084506,-0.01056338028169014,-0.2640845070422535,-0.02112676056338028,-0.18661971830985916
1,0.0,0.0,-0.1453900709219858,-0.05319148936170213,-0.2624113475177305,-0.20567375886524822,-0.1879432624113475,-0.33687943262411346,-0.07446808510638298,-0.41134751773049644,-0.2872340425531915,-0.46099290780141844,-0.40425531914893614,-0.6524822695035462,-0.4787234042553192,-0.7730496453900709,-0.5354609929078015,-0.875886524822695,-0.1595744680851064,-0.4929078014184397,-0.22340425531914893,-0.7304964539007093,-0.25886524822695034,-0.875886524822695,-0.2765957446808511,-1.0,-0.028368794326241134,-0.4645390070921986,-0.06028368794326241,-0.5,-0.09219858156028368,-0.36879432624113473,-0.10283687943262411,-0.28368794326241137,0.08156028368794327,-0.40070921985815605,0.03546099290780142,-0.38652482269503546,-0.0035460992907801418,-0.26595744680851063,-0.02127659574468085,-0.18439716312056736
1,0.0,0.0,-0.1423487544483986,-0.05338078291814947,-0.2597864768683274,-0.20284697508896798,-0.19217081850533807,-0.3309608540925267,-0.07829181494661921,-0.40213523131672596,-0.2846975088967972,-0.45195729537366547,-0.40213523131672596,-0.6441281138790036,-0.48398576512455516,-0.7615658362989324,-0.5516014234875445,-0.8576512455516014,-0.16370106761565836,-0.4875444839857651,-0.23843416370106763,-0.7330960854092526,-0.2775800711743772,-0.8790035587188612,-0.298932384341637,-1.0,-0.03914590747330961,-0.4626334519572954,-0.06761565836298933,-0.5088967971530249,-0.10320284697508897,-0.3879003558718861,-0.11387900355871886,-0.298932384341637,0.0711743772241993,-0.398576512455516,0.028469750889679714,-0.37722419928825623,-0.010676156583629894,-0.26334519572953735,-0.017793594306049824,-0.18861209964412812
1,0.0,0.0,-0.14184397163120568,-0.05319148936170213,-0.2624113475177305,-0.19858156028368795,-0.19148936170212766,-0.32978723404255317,-0.07801418439716312,-0.40425531914893614,-0.2907801418439716,-0.45390070921985815,-0.4148936170212766,-0.6382978723404256,-0.49645390070921985,-0.75177304964539,-0.5602836879432624,-0.851063829787234,-0.16666666666666666,-0.4858156028368794,-0.24468085106382978,-0.7269503546099291,-0.2872340425531915,-0.8723404255319149,-0.3049645390070922,-1.0,-0.03900709219858156,-0.4574468085106383,-0.0673758865248227,-0.5141843971631206,-0.10638297872340426,-0.39361702127659576,-0.12056737588652482,-0.3120567375886525,0.07446808510638298,-0.39361702127659576,0.028368794326241134,-0.3900709219858156,-0.010638297872340425,-0.2765957446808511,-0.02127659574468085,-0.1950354609929078
1,0.0,0.0,-0.14388489208633093,-0.046762589928057555,-0.26618705035971224,-0.18705035971223022,-0.2014388489208633,-0.31654676258992803,-0.09352517985611511,-0.39568345323741005,-0.3057553956834532,-0.44964028776978415,-0.4352517985611511,-0.6330935251798561,-0.5215827338129496,-0.7482014388489209,-0.5863309352517986,-0.8489208633093526,-0.17985611510791366,-0.4892086330935252,-0.26258992805755393,-0.7302158273381295,-0.3057553956834532,-0.8776978417266187,-0.3273381294964029,-1.0,-0.046762589928057555,-0.46402877697841727,-0.07913669064748201,-0.5251798561151079,-0.11151079136690648,-0.41007194244604317,-0.12589928057553956,-0.3237410071942446,0.0683453237410072,-0.4028776978417266,0.025179856115107913,-0.38848920863309355,-0.01079136690647482,-0.2697841726618705,-0.017985611510791366,-0.18345323741007194
1,0.0,0.0,-0.1474820143884892,-0.050359712230215826,-0.27697841726618705,-0.1906474820143885,-0.20503597122302158,-0.31654676258992803,-0.08633093525179857,-0.38848920863309355,-0.30935251798561153,-0.45323741007194246,-0.44244604316546765,-0.6366906474820144,-0.5287769784172662,-0.7517985611510791,-0.5971223021582733,-0.8489208633093526,-0.18345323741007194,-0.49640287769784175,-0.2697841726618705,-0.7338129496402878,-0.32014388489208634,-0.8776978417266187,-0.34172661870503596,-1.0,-0.050359712230215826,-0.4712230215827338,-0.08992805755395683,-0.5287769784172662,-0.12589928057553956,-0.4136690647482014,-0.14028776978417265,-0.33093525179856115,0.06474820143884892,-0.4064748201438849,0.014388489208633094,-0.38848920863309355,-0.025179856115107913,-0.2697841726618705,-0.03237410071942446,-0.1906474820143885
1,0.0,0.0,-0.14336917562724014,-0.04659498207885305,-0.27598566308243727,-0.18996415770609318,-0.2114695340501792,-0.31899641577060933,-0.1003584229390681,-0.3942652329749104,-0.3118279569892473,-0.4551971326164875,-0.4444444444444444,-0.6379928315412187,-0.5304659498207885,-0.7526881720430108,-0.5985663082437276,-0.8494623655913979,-0.1863799283154122,-0.4982078853046595,-0.27956989247311825,-0.7383512544802867,-0.32616487455197135,-0.8817204301075269,-0.35125448028673834,-1.0,-0.05017921146953405,-0.4767025089605735,-0.1003584229390681,-0.5232974910394266,-0.12903225806451613,-0.3978494623655914,-0.13620071684587814,-0.30824372759856633,0.06810035842293907,-0.4157706093189964,0.014336917562724014,-0.3906810035842294,-0.021505376344086023,-0.26881720430107525,-0.025089605734767026,-0.17921146953405018
1,0.0,0.0,-0.14181818181818182,-0.05090909090909091,-0.27636363636363637,-0.1890909090909091,-0.21818181818181817,-0.31636363636363635,-0.10181818181818182,-0.3927272727272727,-0.32,-0.45454545454545453,-0.4581818181818182,-0.6472727272727272,-0.5454545454545454,-0.7636363636363637,-0.6145454545454545,-0.8618181818181818,-0.19272727272727272,-0.49818181818181817,-0.2872727272727273,-0.7381818181818182,-0.3381818181818182,-0.8836363636363637,-0.3709090909090909,-1.0,-0.05818181818181818,-0.4763636363636364,-0.10909090909090909,-0.5309090909090909,-0.14181818181818182,-0.4109090909090909,-0.14909090909090908,-0.3236363636363636,0.06181818181818182,-0.41454545454545455,0.0036363636363636364,-0.3927272727272727,-0.02909090909090909,-0.2727272727272727,-0.02909090909090909,-0.1890909090909091
1,0.0,0.0,-0.14909090909090908,-0.04727272727272727,-0.2909090909090909,-0.19272727272727272,-0.22181818181818183,-0.3236363636363636,-0.09454545454545454,-0.3927272727272727,-0.33090909090909093,-0.45454545454545453,-0.4618181818181818,-0.64,-0.5490909090909091,-0.7527272727272727,-0.6218181818181818,-0.8472727272727273,-0.20363636363636364,-0.49818181818181817,-0.29818181818181816,-0.7418181818181818,-0.3563636363636364,-0.8836363636363637,-0.39636363636363636,-1.0,-0.06545454545454546,-0.4763636363636364,-0.11272727272727273,-0.5418181818181819,-0.15272727272727274,-0.43636363636363634,-0.16727272727272727,-0.36,0.05454545454545454,-0.41454545454545455,0.0,-0.3927272727272727,-0.03636363636363636,-0.2727272727272727,-0.04363636363636364,-0.1890909090909091
1,0.0,0.0,-0.15693430656934307,-0.043795620437956206,-0.29927007299270075,-0.1897810218978102,-0.23357664233576642,-0.32116788321167883,-0.11678832116788321,-0.3978102189781022,-0.33941605839416056,-0.4562043795620438,-0.48175182481751827,-0.635036496350365,-0.572992700729927,-0.7481751824817519,-0.6496350364963503,-0.8467153284671532,-0.2116788321167883,-0.49635036496350365,-0.31386861313868614,-0.7372262773722628,-0.3759124087591241,-0.8795620437956204,-0.4124087591240876,-1.0,-0.07664233576642336,-0.4744525547445255,-0.12408759124087591,-0.5364963503649635,-0.15693430656934307,-0.4124087591240876,-0.16423357664233576,-0.32116788321167883,0.04744525547445255,-0.40875912408759124,-0.0072992700729927005,-0.3978102189781022,-0.043795620437956206,-0.2773722627737226,-0.051094890510948905,-0.19343065693430658
1,0.0,0.0,-0.15328467153284672,-0.043795620437956206,-0.29927007299270075,-0.17883211678832117,-0.24087591240875914,-0.3102189781021898,-0.12773722627737227,-0.38686131386861317,-0.3467153284671533,-0.45255474452554745,-0.4927007299270073,-0.6313868613138686,-0.5875912408759124,-0.7445255474452555,-0.6642335766423357,-0.843065693430657,-0.21897810218978103,-0.49635036496350365,-0.3284671532846715,-0.7335766423357665,-0.39416058394160586,-0.8795620437956204,-0.4343065693430657,-1.0,-0.08029197080291971,-0.4708029197080292,-0.13138686131386862,-0.5401459854014599,-0.1678832116788321,-0.41605839416058393,-0.18248175182481752,-0.32116788321167883,0.043795620437956206,-0.40875912408759124,-0.010948905109489052,-0.40145985401459855,-0.04744525547445255,-0.2773722627737226,-0.058394160583941604,-0.1897810218978102
1,0.0,0.0,-0.1575091575091575,-0.040293040293040296,-0.3076923076923077,-0.18315018315018314,-0.2454212454212454,-0.315018315018315,-0.1282051282051282,-0.39194139194139194,-0.3443223443223443,-0.45054945054945056,-0.4945054945054945,-0.63003663003663,-0.5934065934065934,-0.73992673992674,-0.6703296703296703,-0.8388278388278388,-0.21978021978021978,-0.4945054945054945,-0.3333333333333333,-0.7326007326007326,-0.3992673992673993,-0.8791208791208791,-0.43956043956043955,-1.0,-0.08058608058608059,-0.4725274725274725,-0.13186813186813187,-0.5384615384615384,-0.1684981684981685,-0.41025641025641024,-0.1794871794871795,-0.31135531135531136,0.04395604395604396,-0.41025641025641024,-0.014652014652014652,-0.4065934065934066,-0.05128205128205128,-0.2783882783882784,-0.05860805860805861,-0.18681318681318682
1,0.0,0.0,-0.16363636363636364,-0.04363636363636364,-0.3090909090909091,-0.18545454545454546,-0.24727272727272728,-0.31636363636363635,-0.13090909090909092,-0.3890909090909091,-0.3490909090909091,-0.4509090909090909,-0.49454545454545457,-0.6290909090909091,-0.5890909090909091,-0.7381818181818182,-0.6618181818181819,-0.8363636363636363,-0.22181818181818183,-0.49818181818181817,-0.33090909090909093,-0.7381818181818182,-0.3927272727272727,-0.88,-0.43272727272727274,-1.0,-0.08363636363636363,-0.48,-0.13454545454545455,-0.5272727272727272,-0.16727272727272727,-0.4036363636363636,-0.1781818181818182,-0.31272727272727274,0.04,-0.41818181818181815,-0.01818181818181818,-0.39636363636363636,-0.05454545454545454,-0.2690909090909091,-0.05818181818181818,-0.18181818181818182
1,0.0,0.0,-0.15302491103202848,-0.046263345195729534,-0.29537366548042704,-0.18149466192170818,-0.2313167259786477,-0.302491103202847,-0.11743772241992882,-0.3701067615658363,-0.33451957295373663,-0.45195729537366547,-0.47686832740213525,-0.6263345195729537,-0.5693950177935944,-0.7330960854092526,-0.6405693950177936,-0.8327402135231317,-0.2099644128113879,-0.501779359430605,-0.3096085409252669,-0.7330960854092526,-0.36298932384341637,-0.8790035587188612,-0.39501779359430605,-1.0,-0.07473309608540925,-0.4804270462633452,-0.11743772241992882,-0.5231316725978647,-0.15302491103202848,-0.40569395017793597,-0.16370106761565836,-0.3202846975088968,0.046263345195729534,-0.41637010676156583,-0.010676156583629894,-0.3807829181494662,-0.046263345195729534,-0.2597864768683274,-0.046263345195729534,-0.18149466192170818
1,0.0,0.0,-0.15087719298245614,-0.0456140350877193,-0.2912280701754386,-0.17543859649122806,-0.23508771929824562,-0.2912280701754386,-0.12631578947368421,-0.36140350877192984,-0.3368421052631579,-0.45263157894736844,-0.47719298245614034,-0.6280701754385964,-0.5649122807017544,-0.7403508771929824,-0.631578947368421,-0.8385964912280702,-0.21052631578947367,-0.5017543859649123,-0.28771929824561404,-0.7298245614035088,-0.3333333333333333,-0.8771929824561403,-0.35789473684210527,-1.0,-0.07719298245614035,-0.4807017543859649,-0.11929824561403508,-0.512280701754386,-0.15789473684210525,-0.4105263157894737,-0.17192982456140352,-0.34035087719298246,0.03859649122807018,-0.42105263157894735,-0.02456140350877193,-0.35789473684210527,-0.05964912280701754,-0.24210526315789474,-0.06315789473684211,-0.16842105263157894
1,0.0,0.0,-0.1482758620689655,-0.05517241379310345,-0.28620689655172415,-0.1896551724137931,-0.22758620689655173,-0.296551724137931,-0.11379310344827587,-0.35517241379310344,-0.31724137931034485,-0.4517241379310345,-0.45517241379310347,-0.6275862068965518,-0.5344827586206896,-0.7344827586206897,-0.6,-0.8310344827586207,-0.18620689655172415,-0.49310344827586206,-0.24482758620689654,-0.7275862068965517,-0.27241379310344827,-0.8758620689655172,-0.28620689655172415,-1.0,-0.05862068965517241,-0.4724137931034483,-0.09655172413793103,-0.5,-0.13448275862068965,-0.38275862068965516,-0.14482758620689656,-0.30344827586206896,0.05172413793103448,-0.41379310344827586,-0.0034482758620689655,-0.36551724137931035,-0.034482758620689655,-0.2482758620689655,-0.034482758620689655,-0.1724137931034483
1,0.0,0.0,-0.14482758620689656,-0.04827586206896552,-0.2793103448275862,-0.1793103448275862,-0.22413793103448276,-0.28620689655172415,-0.1206896551724138,-0.35172413793103446,-0.3103448275862069,-0.4517241379310345,-0.4413793103448276,-0.6310344827586207,-0.5206896551724138,-0.7413793103448276,-0.5862068965517241,-0.8379310344827586,-0.1793103448275862,-0.4896551724137931,-0.2206896551724138,-0.7241379310344828,-0.23103448275862068,-0.8724137931034482,-0.22758620689655173,-1.0,-0.05172413793103448,-0.46551724137931033,-0.0896551724137931,-0.49310344827586206,-0.1310344827586207,-0.3724137931034483,-0.1413793103448276,-0.28620689655172415,0.05517241379310345,-0.4068965517241379,-0.0034482758620689655,-0.3689655172413793,-0.03793103448275862,-0.25517241379310346,-0.041379310344827586,-0.1793103448275862
1,0.0,0.0,-0.14878892733564014,-0.05190311418685121,-0.2837370242214533,-0.1903114186851211,-0.22837370242214533,-0.2975778546712803,-0.11418685121107267,-0.36678200692041524,-0.3044982698961938,-0.4602076124567474,-0.43944636678200694,-0.6470588235294118,-0.5190311418685121,-0.7612456747404844,-0.5813148788927336,-0.8615916955017301,-0.17301038062283736,-0.49480968858131485,-0.20761245674740483,-0.7301038062283737,-0.21453287197231835,-0.8788927335640139,-0.20761245674740483,-1.0,-0.04498269896193772,-0.4671280276816609,-0.08650519031141868,-0.4844290657439446,-0.1245674740484429,-0.35294117647058826,-0.13494809688581316,-0.2629757785467128,0.058823529411764705,-0.40484429065743943,0.0,-0.36678200692041524,-0.03460207612456748,-0.2491349480968858,-0.03806228373702422,-0.1695501730103806
1,0.0,0.0,-0.14878892733564014,-0.05190311418685121,-0.28027681660899656,-0.1903114186851211,-0.22491349480968859,-0.2975778546712803,-0.11418685121107267,-0.35986159169550175,-0.30103806228373703,-0.46366782006920415,-0.43252595155709345,-0.657439446366782,-0.5121107266435986,-0.7750865051903114,-0.5709342560553633,-0.8788927335640139,-0.16262975778546712,-0.4982698961937716,-0.18685121107266436,-0.726643598615917,-0.18685121107266436,-0.8754325259515571,-0.17301038062283736,-1.0,-0.03806228373702422,-0.4671280276816609,-0.07958477508650519,-0.4740484429065744,-0.11764705882352941,-0.35294117647058826,-0.1245674740484429,-0.2698961937716263,0.0657439446366782,-0.40484429065743943,0.010380622837370242,-0.35986159169550175,-0.02768166089965398,-0.2491349480968858,-0.031141868512110725,-0.17993079584775087
1,0.0,0.0,-0.14576271186440679,-0.05423728813559322,-0.2711864406779661,-0.18983050847457628,-0.22033898305084745,-0.29152542372881357,-0.11864406779661017,-0.3559322033898305,-0.29152542372881357,-0.4610169491525424,-0.41694915254237286,-0.6474576271186441,-0.4915254237288136,-0.7627118644067796,-0.5491525423728814,-0.864406779661017,-0.15932203389830507,-0.4915254237288136,-0.17966101694915254,-0.7254237288135593,-0.17288135593220338,-0.8745762711864407,-0.15593220338983052,-1.0,-0.03728813559322034,-0.4610169491525424,-0.07457627118644068,-0.4745762711864407,-0.11186440677966102,-0.34915254237288135,-0.11864406779661017,-0.2677966101694915,0.06440677966101695,-0.39661016949152544,0.010169491525423728,-0.3559322033898305,-0.023728813559322035,-0.24745762711864408,-0.02711864406779661,-0.17627118644067796
1,0.0,0.0,-0.14189189189189189,-0.05067567567567568,-0.2702702702702703,-0.1891891891891892,-0.21621621621621623,-0.2939189189189189,-0.11486486486486487,-0.3581081081081081,-0.28378378378378377,-0.46621621621621623,-0.40540540540540543,-0.6486486486486487,-0.47635135135135137,-0.7635135135135135,-0.5337837837837838,-0.8648648648648649,-0.15202702702702703,-0.49324324324324326,-0.16554054054054054,-0.722972972972973,-0.1554054054054054,-0.875,-0.13513513513513514,-1.0,-0.030405405405405407,-0.4560810810810811,-0.060810810810810814,-0.49324324324324326,-0.11148648648648649,-0.3716216216216216,-0.12837837837837837,-0.28378378378378377,0.07094594594594594,-0.3885135135135135,0.02027027027027027,-0.36486486486486486,-0.02027027027027027,-0.2533783783783784,-0.02364864864864865,-0.17567567567567569
1,0.0,0.0,-0.14527027027027026,-0.05067567567567568,-0.2702702702702703,-0.1891891891891892,-0.21621621621621623,-0.28716216216216217,-0.10810810810810811,-0.34121621621621623,-0.27364864864864863,-0.46621621621621623,-0.3918918918918919,-0.6554054054054054,-0.46283783783783783,-0.7702702702702703,-0.5202702702702703,-0.8716216216216216,-0.14527027027027026,-0.48986486486486486,-0.15202702702702703,-0.722972972972973,-0.13513513513513514,-0.875,-0.10810810810810811,-1.0,-0.02364864864864865,-0.4527027027027027,-0.057432432432432436,-0.4831081081081081,-0.10135135135135136,-0.3581081081081081,-0.12162162162162163,-0.2702702702702703,0.0777027027027027,-0.38175675675675674,0.02702702702702703,-0.3614864864864865,-0.013513513513513514,-0.2533783783783784,-0.02364864864864865,-0.17905405405405406
1,0.0,0.0,-0.14093959731543623,-0.050335570469798654,-0.26174496644295303,-0.1912751677852349,-0.21476510067114093,-0.2953020134228188,-0.10738255033557047,-0.35570469798657717,-0.2651006711409396,-0.46308724832214765,-0.37919463087248323,-0.6510067114093959,-0.4429530201342282,-0.7651006711409396,-0.4966442953020134,-0.8691275167785235,-0.13758389261744966,-0.4865771812080537,-0.1342281879194631,-0.7214765100671141,-0.11409395973154363,-0.8758389261744967,-0.09060402684563758,-1.0,-0.020134228187919462,-0.45302013422818793,-0.053691275167785234,-0.4798657718120805,-0.10067114093959731,-0.3523489932885906,-0.11073825503355705,-0.2651006711409396,0.07718120805369127,-0.3825503355704698,0.026845637583892617,-0.35906040268456374,-0.013422818791946308,-0.2516778523489933,-0.020134228187919462,-0.17785234899328858
1,0.0,0.0,-0.14,-0.05333333333333334,-0.25333333333333335,-0.19333333333333333,-0.19666666666666666,-0.29,-0.09333333333333334,-0.34,-0.25333333333333335,-0.47,-0.36333333333333334,-0.6566666666666666,-0.4266666666666667,-0.7733333333333333,-0.48,-0.8766666666666667,-0.12666666666666668,-0.49,-0.11666666666666667,-0.72,-0.09,-0.8733333333333333,-0.056666666666666664,-1.0,-0.006666666666666667,-0.44666666666666666,-0.03666666666666667,-0.48333333333333334,-0.08333333333333333,-0.36,-0.10333333333333333,-0.2733333333333333,0.09,-0.37333333333333335,0.043333333333333335,-0.36,0.0,-0.25666666666666665,-0.013333333333333334,-0.18333333333333332
1,0.0,0.0,-0.13758389261744966,-0.06040268456375839,-0.2516778523489933,-0.20469798657718122,-0.1912751677852349,-0.3053691275167785,-0.07718120805369127,-0.348993288590604,-0.24496644295302014,-0.47315436241610737,-0.35570469798657717,-0.6677852348993288,-0.41946308724832215,-0.7885906040268457,-0.4697986577181208,-0.8926174496644296,-0.1174496644295302,-0.4899328859060403,-0.1040268456375839,-0.7214765100671141,-0.07046979865771812,-0.8758389261744967,-0.03355704697986577,-1.0,0.0,-0.4463087248322148,-0.020134228187919462,-0.4865771812080537,-0.07046979865771812,-0.3624161073825503,-0.09395973154362416,-0.27181208053691275,0.09731543624161074,-0.3691275167785235,0.053691275167785234,-0.3523489932885906,0.010067114093959731,-0.2483221476510067,0.0,-0.17114093959731544
1,0.0,0.0,-0.1342281879194631,-0.05704697986577181,-0.24496644295302014,-0.19798657718120805,-0.18791946308724833,-0.30201342281879195,-0.0738255033557047,-0.3523489932885906,-0.2348993288590604,-0.4798657718120805,-0.33557046979865773,-0.6711409395973155,-0.3926174496644295,-0.7885906040268457,-0.436241610738255,-0.8959731543624161,-0.10738255033557047,-0.4899328859060403,-0.08053691275167785,-0.7214765100671141,-0.04697986577181208,-0.8758389261744967,-0.010067114093959731,-1.0,0.010067114093959731,-0.4429530201342282,-0.010067114093959731,-0.4865771812080537,-0.06375838926174497,-0.36577181208053694,-0.08389261744966443,-0.2785234899328859,0.1040268456375839,-0.36577181208053694,0.06040268456375839,-0.35906040268456374,0.013422818791946308,-0.25838926174496646,-0.003355704697986577,-0.18791946308724833
1,0.0,0.0,-0.13804713804713806,-0.06397306397306397,-0.24915824915824916,-0.21212121212121213,-0.18518518518518517,-0.3164983164983165,-0.06397306397306397,-0.3569023569023569,-0.2356902356902357,-0.48484848484848486,-0.3333333333333333,-0.6868686868686869,-0.3838383838383838,-0.8047138047138047,-0.42424242424242425,-0.9124579124579124,-0.10437710437710437,-0.494949494949495,-0.07407407407407407,-0.7239057239057239,-0.037037037037037035,-0.8754208754208754,0.003367003367003367,-1.0,0.010101010101010102,-0.4444444444444444,-0.003367003367003367,-0.4781144781144781,-0.05387205387205387,-0.3602693602693603,-0.07744107744107744,-0.2760942760942761,0.10437710437710437,-0.367003367003367,0.06734006734006734,-0.35353535353535354,0.020202020202020204,-0.25925925925925924,0.003367003367003367,-0.1919191919191919
1,0.0,0.0,-0.13851351351351351,-0.07094594594594594,-0.24662162162162163,-0.22297297297297297,-0.17229729729729729,-0.32432432432432434,-0.05067567567567568,-0.36486486486486486,-0.22297297297297297,-0.48986486486486486,-0.31756756756756754,-0.6891891891891891,-0.3716216216216216,-0.8074324324324325,-0.41216216216216217,-0.9155405405405406,-0.0945945945945946,-0.5,-0.060810810810810814,-0.7263513513513513,-0.02364864864864865,-0.8783783783783784,0.02027027027027027,-1.0,0.02364864864864865,-0.44932432432432434,0.006756756756756757,-0.47635135135135137,-0.0472972972972973,-0.3581081081081081,-0.06756756756756757,-0.27702702702702703,0.11824324324324324,-0.3716216216216216,0.0777027027027027,-0.34797297297297297,0.02364864864864865,-0.25675675675675674,0.0033783783783783786,-0.19256756756756757
1,0.0,0.0,-0.13898305084745763,-0.07457627118644068,-0.24067796610169492,-0.2305084745762712,-0.16271186440677965,-0.3288135593220339,-0.04067796610169491,-0.3694915254237288,-0.21694915254237288,-0.4915254237288136,-0.30847457627118646,-0.6983050847457627,-0.3593220338983051,-0.8203389830508474,-0.39322033898305087,-0.9288135593220339,-0.0847457627118644,-0.49830508474576274,-0.04745762711864407,-0.7288135593220338,-0.006779661016949152,-0.8745762711864407,0.03728813559322034,-1.0,0.03389830508474576,-0.4440677966101695,0.01694915254237288,-0.47796610169491527,-0.04067796610169491,-0.3593220338983051,-0.061016949152542375,-0.27796610169491526,0.1288135593220339,-0.3593220338983051,0.0847457627118644,-0.3593220338983051,0.030508474576271188,-0.2677966101694915,0.006779661016949152,-0.2033898305084746
1,0.0,0.0,-0.13651877133105803,-0.08191126279863481,-0.22866894197952217,-0.24232081911262798,-0.14675767918088736,-0.3412969283276451,-0.023890784982935155,-0.3720136518771331,-0.20819112627986347,-0.49829351535836175,-0.2901023890784983,-0.7064846416382252,-0.33447098976109213,-0.8293515358361775,-0.36860068259385664,-0.9351535836177475,-0.07508532423208192,-0.5051194539249146,-0.030716723549488054,-0.7372013651877133,0.013651877133105802,-0.8805460750853242,0.05802047781569966,-1.0,0.03754266211604096,-0.447098976109215,0.023890784982935155,-0.47440273037542663,-0.034129692832764506,-0.36860068259385664,-0.05802047781569966,-0.29692832764505117,0.12627986348122866,-0.36177474402730375,0.09215017064846416,-0.3583617747440273,0.034129692832764506,-0.27986348122866894,0.010238907849829351,-0.22184300341296928
1,0.0,0.0,-0.14334470989761092,-0.07849829351535836,-0.23208191126279865,-0.23890784982935154,-0.15017064846416384,-0.3378839590443686,-0.027303754266211604,-0.3720136518771331,-0.20819112627986347,-0.5017064846416383,-0.2935153583617747,-0.7098976109215017,-0.3412969283276451,-0.8361774744027304,-0.37542662116040953,-0.9453924914675768,-0.07849829351535836,-0.5051194539249146,-0.027303754266211604,-0.7372013651877133,0.017064846416382253,-0.8805460750853242,0.06143344709897611,-1.0,0.034129692832764506,-0.44368600682593856,0.017064846416382253,-0.4880546075085324,-0.040955631399317405,-0.37542662116040953,-0.06143344709897611,-0.3003412969283277,0.12627986348122866,-0.3515358361774744,0.08873720136518772,-0.3856655290102389,0.034129692832764506,-0.3037542662116041,0.013651877133105802,-0.24232081911262798
1,0.0,0.0,-0.13945578231292516,-0.08503401360544217,-0.22789115646258504,-0.24489795918367346,-0.14285714285714285,-0.3435374149659864,-0.013605442176870748,-0.3741496598639456,-0.20408163265306123,-0.5,-0.282312925170068,-0.7074829931972789,-0.32653061224489793,-0.8299319727891157,-0.35714285714285715,-0.9387755102040817,-0.06802721088435375,-0.5068027210884354,-0.02040816326530612,-0.7380952380952381,0.023809523809523808,-0.8809523809523809,0.07142857142857142,-1.0,0.05102040816326531,-0.445578231292517,0.034013605442176874,-0.46938775510204084,-0.027210884353741496,-0.36054421768707484,-0.05102040816326531,-0.2925170068027211,0.14285714285714285,-0.35374149659863946,0.10204081632653061,-0.35034013605442177,0.04081632653061224,-0.2687074829931973,0.013605442176870748,-0.21428571428571427
1,0.0,0.0,-0.14429530201342283,-0.09060402684563758,-0.22483221476510068,-0.2483221476510067,-0.13758389261744966,-0.3389261744966443,-0.013422818791946308,-0.3691275167785235,-0.2080536912751678,-0.4966442953020134,-0.28187919463087246,-0.7013422818791947,-0.32550335570469796,-0.825503355704698,-0.35570469798657717,-0.9328859060402684,-0.0738255033557047,-0.4966442953020134,-0.040268456375838924,-0.7315436241610739,0.0,-0.8825503355704698,0.0436241610738255,-1.0,0.040268456375838924,-0.436241610738255,0.040268456375838924,-0.4865771812080537,-0.013422818791946308,-0.37919463087248323,-0.040268456375838924,-0.3053691275167785,0.13087248322147652,-0.34563758389261745,0.10738255033557047,-0.3724832214765101,0.050335570469798654,-0.29194630872483224,0.02348993288590604,-0.22818791946308725
1,0.0,0.0,-0.14046822742474915,-0.0802675585284281,-0.23076923076923078,-0.24414715719063546,-0.14715719063545152,-0.3411371237458194,-0.020066889632107024,-0.3712374581939799,-0.20735785953177258,-0.4916387959866221,-0.2909698996655518,-0.6956521739130435,-0.3377926421404682,-0.822742474916388,-0.36789297658862874,-0.9297658862876255,-0.07692307692307693,-0.4983277591973244,-0.056856187290969896,-0.7324414715719063,-0.026755852842809364,-0.8795986622073578,0.013377926421404682,-1.0,0.04013377926421405,-0.43812709030100333,0.026755852842809364,-0.4882943143812709,-0.023411371237458192,-0.3745819397993311,-0.04013377926421405,-0.2909698996655518,0.13377926421404682,-0.3511705685618729,0.09698996655518395,-0.38461538461538464,0.046822742474916385,-0.3010033444816054,0.023411371237458192,-0.22742474916387959
1,0.0,0.0,-0.14,-0.08333333333333333,-0.22666666666666666,-0.24,-0.14333333333333334,-0.33666666666666667,-0.023333333333333334,-0.36666666666666664,-0.21333333333333335,-0.4866666666666667,-0.29333333333333333,-0.69,-0.33666666666666667,-0.8133333333333334,-0.36666666666666664,-0.92,-0.08333333333333333,-0.49666666666666665,-0.07333333333333333,-0.7266666666666667,-0.04666666666666667,-0.8766666666666667,-0.006666666666666667,-1.0,0.03333333333333333,-0.44666666666666666,0.016666666666666666,-0.4766666666666667,-0.03333333333333333,-0.36666666666666664,-0.05,-0.29,0.12666666666666668,-0.36333333333333334,0.09,-0.38,0.043333333333333335,-0.2966666666666667,0.023333333333333334,-0.23333333333333334
1,0.0,0.0,-0.132890365448505,-0.07308970099667775,-0.22591362126245848,-0.2292358803986711,-0.14285714285714285,-0.3289036544850498,-0.026578073089700997,-0.36212624584717606,-0.21262458471760798,-0.47840531561461797,-0.2956810631229236,-0.6777408637873754,-0.34219269102990035,-0.8006644518272426,-0.3754152823920266,-0.9069767441860465,-0.08970099667774087,-0.4850498338870432,-0.07973421926910298,-0.7209302325581395,-0.059800664451827246,-0.8737541528239202,-0.029900332225913623,-1.0,0.026578073089700997,-0.42857142857142855,0.016611295681063124,-0.4850498338870432,-0.029900332225913623,-0.37209302325581395,-0.046511627906976744,-0.28903654485049834,0.12292358803986711,-0.34551495016611294,0.08970099667774087,-0.3853820598006645,0.03986710963455149,-0.29900332225913623,0.019933554817275746,-0.2292358803986711
1,0.0,0.0,-0.132890365448505,-0.06976744186046512,-0.2292358803986711,-0.22591362126245848,-0.14950166112956811,-0.3289036544850498,-0.029900332225913623,-0.3654485049833887,-0.2159468438538206,-0.4750830564784053,-0.3023255813953488,-0.6744186046511628,-0.3488372093023256,-0.8006644518272426,-0.38205980066445183,-0.9069767441860465,-0.09302325581395349,-0.4850498338870432,-0.09966777408637874,-0.717607973421927,-0.09302325581395349,-0.8704318936877077,-0.06976744186046512,-1.0,0.023255813953488372,-0.43521594684385384,0.0033222591362126247,-0.48172757475083056,-0.046511627906976744,-0.3687707641196013,-0.06312292358803986,-0.2857142857142857,0.11960132890365449,-0.3554817275747508,0.07641196013289037,-0.3787375415282392,0.026578073089700997,-0.28903654485049834,0.013289036544850499,-0.2159468438538206
1,0.0,0.0,-0.13,-0.07,-0.22666666666666666,-0.22333333333333333,-0.14666666666666667,-0.3233333333333333,-0.03333333333333333,-0.36666666666666664,-0.22,-0.4766666666666667,-0.3,-0.67,-0.35333333333333333,-0.7933333333333333,-0.39,-0.8933333333333333,-0.09666666666666666,-0.4866666666666667,-0.11333333333333333,-0.7266666666666667,-0.11666666666666667,-0.8766666666666667,-0.10333333333333333,-1.0,0.023333333333333334,-0.44,-0.0033333333333333335,-0.48333333333333334,-0.05,-0.37666666666666665,-0.06666666666666667,-0.2966666666666667,0.12333333333333334,-0.36,0.07333333333333333,-0.36666666666666664,0.02666666666666667,-0.27,0.013333333333333334,-0.2
1,0.0,0.0,-0.1414141414141414,-0.06734006734006734,-0.23905723905723905,-0.2222222222222222,-0.15824915824915825,-0.3265993265993266,-0.04040404040404041,-0.36363636363636365,-0.2356902356902357,-0.4781144781144781,-0.31986531986531985,-0.6734006734006734,-0.37373737373737376,-0.797979797979798,-0.4175084175084175,-0.898989898989899,-0.10774410774410774,-0.49158249158249157,-0.13468013468013468,-0.7272727272727273,-0.1447811447811448,-0.8787878787878788,-0.13468013468013468,-1.0,0.013468013468013467,-0.44107744107744107,-0.010101010101010102,-0.48148148148148145,-0.05723905723905724,-0.37037037037037035,-0.0707070707070707,-0.28619528619528617,0.11447811447811448,-0.3602693602693603,0.0707070707070707,-0.3569023569023569,0.020202020202020204,-0.25925925925925924,0.006734006734006734,-0.18518518518518517
1,0.0,0.0,-0.13945578231292516,-0.06462585034013606,-0.23809523809523808,-0.21768707482993196,-0.1598639455782313,-0.3231292517006803,-0.05102040816326531,-0.3707482993197279,-0.24149659863945577,-0.48299319727891155,-0.3333333333333333,-0.673469387755102,-0.3945578231292517,-0.7959183673469388,-0.4387755102040816,-0.8979591836734694,-0.11224489795918367,-0.4965986394557823,-0.13945578231292516,-0.7278911564625851,-0.14625850340136054,-0.8775510204081632,-0.13945578231292516,-1.0,0.01020408163265306,-0.445578231292517,-0.013605442176870748,-0.4965986394557823,-0.061224489795918366,-0.37755102040816324,-0.08163265306122448,-0.29591836734693877,0.11224489795918367,-0.36054421768707484,0.07142857142857142,-0.36394557823129253,0.023809523809523808,-0.2619047619047619,0.01020408163265306,-0.1870748299319728
1,0.0,0.0,-0.14482758620689656,-0.06551724137931035,-0.2517241379310345,-0.21379310344827587,-0.1724137931034483,-0.31724137931034485,-0.06206896551724138,-0.3586206896551724,-0.2517241379310345,-0.4793103448275862,-0.3482758620689655,-0.6655172413793103,-0.4103448275862069,-0.7827586206896552,-0.4586206896551724,-0.8862068965517241,-0.11724137931034483,-0.496551724137931,-0.15172413793103448,-0.7275862068965517,-0.16206896551724137,-0.8758620689655172,-0.15862068965517243,-1.0,0.006896551724137931,-0.4482758620689655,-0.020689655172413793,-0.4862068965517241,-0.06896551724137931,-0.36551724137931035,-0.0896551724137931,-0.2827586206896552,0.11379310344827587,-0.36551724137931035,0.06551724137931035,-0.35172413793103446,0.013793103448275862,-0.2482758620689655,-0.0034482758620689655,-0.1793103448275862
1,0.0,0.0,-0.13793103448275862,-0.06206896551724138,-0.25517241379310346,-0.20689655172413793,-0.1793103448275862,-0.3137931034482759,-0.06551724137931035,-0.36551724137931035,-0.2517241379310345,-0.4689655172413793,-0.35172413793103446,-0.6620689655172414,-0.41724137931034483,-0.7827586206896552,-0.46551724137931033,-0.8827586206896552,-0.12413793103448276,-0.49310344827586206,-0.16896551724137931,-0.7275862068965517,-0.1896551724137931,-0.8758620689655172,-0.1896551724137931,-1.0,0.0,-0.45517241379310347,-0.03103448275862069,-0.4724137931034483,-0.07586206896551724,-0.35517241379310344,-0.09310344827586207,-0.27586206896551724,0.10689655172413794,-0.3793103448275862,0.05172413793103448,-0.33793103448275863,0.0034482758620689655,-0.23793103448275862,-0.010344827586206896,-0.1724137931034483
1,0.0,0.0,-0.14335664335664336,-0.06293706293706294,-0.26223776223776224,-0.2062937062937063,-0.1993006993006993,-0.3181818181818182,-0.08741258741258741,-0.3776223776223776,-0.26223776223776224,-0.479020979020979,-0.36713286713286714,-0.6713286713286714,-0.43356643356643354,-0.7937062937062938,-0.486013986013986,-0.8916083916083916,-0.13636363636363635,-0.5034965034965035,-0.18181818181818182,-0.7377622377622378,-0.2097902097902098,-0.8811188811188811,-0.22377622377622378,-1.0,-0.01048951048951049,-0.46503496503496505,-0.04895104895104895,-0.493006993006993,-0.09090909090909091,-0.3776223776223776,-0.10839160839160839,-0.2937062937062937,0.0944055944055944,-0.3951048951048951,0.03496503496503497,-0.36713286713286714,-0.006993006993006993,-0.26223776223776224,-0.02097902097902098,-0.19230769230769232
1,0.0,0.0,-0.14335664335664336,-0.055944055944055944,-0.26573426573426573,-0.20279720279720279,-0.1993006993006993,-0.32167832167832167,-0.08741258741258741,-0.38461538461538464,-0.2692307692307692,-0.46503496503496505,-0.3811188811188811,-0.6608391608391608,-0.44755244755244755,-0.7797202797202797,-0.5,-0.8811188811188811,-0.14685314685314685,-0.48951048951048953,-0.2062937062937063,-0.7307692307692307,-0.23776223776223776,-0.8776223776223776,-0.25524475524475526,-1.0,-0.024475524475524476,-0.458041958041958,-0.06643356643356643,-0.493006993006993,-0.1048951048951049,-0.3741258741258741,-0.11888111888111888,-0.2867132867132867,0.08041958041958042,-0.3881118881118881,0.027972027972027972,-0.3811188811188811,-0.017482517482517484,-0.2727272727272727,-0.03146853146853147,-0.19230769230769232
1,0.0,0.0,-0.14982578397212543,-0.0627177700348432,-0.27177700348432055,-0.20557491289198607,-0.20557491289198607,-0.32752613240418116,-0.0975609756097561,-0.3902439024390244,-0.2787456445993031,-0.46689895470383275,-0.39372822299651566,-0.662020905923345,-0.46689895470383275,-0.7804878048780488,-0.5261324041811847,-0.8815331010452961,-0.1602787456445993,-0.49477351916376305,-0.2264808362369338,-0.735191637630662,-0.26480836236933797,-0.8815331010452961,-0.28222996515679444,-1.0,-0.03484320557491289,-0.46689895470383275,-0.08013937282229965,-0.49825783972125437,-0.11149825783972125,-0.3797909407665505,-0.11846689895470383,-0.289198606271777,0.06968641114982578,-0.40069686411149824,0.017421602787456445,-0.3797909407665505,-0.020905923344947737,-0.2682926829268293,-0.0313588850174216,-0.18815331010452963
1,0.0,0.0,-0.14634146341463414,-0.0627177700348432,-0.2787456445993031,-0.20905923344947736,-0.21951219512195122,-0.3240418118466899,-0.10801393728222997,-0.3867595818815331,-0.289198606271777,-0.46689895470383275,-0.4076655052264808,-0.662020905923345,-0.4808362369337979,-0.7804878048780488,-0.5365853658536586,-0.8850174216027874,-0.1672473867595819,-0.49825783972125437,-0.24390243902439024,-0.7317073170731707,-0.2857142857142857,-0.8780487804878049,-0.30662020905923343,-1.0,-0.041811846689895474,-0.47038327526132406,-0.08710801393728224,-0.5052264808362369,-0.12195121951219512,-0.3832752613240418,-0.1289198606271777,-0.289198606271777,0.06620209059233449,-0.4076655052264808,0.006968641114982578,-0.37630662020905925,-0.0313588850174216,-0.26480836236933797,-0.04529616724738676,-0.18466898954703834
1,0.0,0.0,-0.14385964912280702,-0.05964912280701754,-0.28421052631578947,-0.20350877192982456,-0.23508771929824562,-0.3157894736842105,-0.12982456140350876,-0.38596491228070173,-0.2982456140350877,-0.4631578947368421,-0.42105263157894735,-0.6526315789473685,-0.49473684210526314,-0.7719298245614035,-0.5473684210526316,-0.8771929824561403,-0.17192982456140352,-0.5017543859649123,-0.24912280701754386,-0.7298245614035088,-0.2912280701754386,-0.8771929824561403,-0.312280701754386,-1.0,-0.0456140350877193,-0.48771929824561405,-0.10877192982456141,-0.48771929824561405,-0.1368421052631579,-0.36140350877192984,-0.1368421052631579,-0.2771929824561403,0.06315789473684211,-0.43157894736842106,-0.007017543859649123,-0.3649122807017544,-0.042105263157894736,-0.25263157894736843,-0.0456140350877193,-0.17894736842105263
1,0.0,0.0,-0.1388888888888889,-0.05555555555555555,-0.28125,-0.19791666666666666,-0.2361111111111111,-0.3125,-0.13541666666666666,-0.3819444444444444,-0.2881944444444444,-0.4583333333333333,-0.4131944444444444,-0.6493055555555556,-0.4861111111111111,-0.7673611111111112,-0.5416666666666666,-0.8715277777777778,-0.16666666666666666,-0.5,-0.25,-0.7291666666666666,-0.2951388888888889,-0.875,-0.3159722222222222,-1.0,-0.03819444444444445,-0.4861111111111111,-0.1076388888888889,-0.4965277777777778,-0.13541666666666666,-0.3680555555555556,-0.13541666666666666,-0.2777777777777778,0.07291666666666667,-0.4340277777777778,-0.003472222222222222,-0.3819444444444444,-0.03819444444444445,-0.2569444444444444,-0.03819444444444445,-0.1736111111111111
1,0.0,0.0,-0.14335664335664336,-0.055944055944055944,-0.28321678321678323,-0.19230769230769232,-0.24125874125874125,-0.3041958041958042,-0.13986013986013987,-0.3706293706293706,-0.2937062937062937,-0.46153846153846156,-0.4195804195804196,-0.6468531468531469,-0.493006993006993,-0.7657342657342657,-0.548951048951049,-0.8706293706293706,-0.17132867132867133,-0.5,-0.25524475524475526,-0.7272727272727273,-0.3006993006993007,-0.8741258741258742,-0.32167832167832167,-1.0,-0.045454545454545456,-0.4825174825174825,-0.1048951048951049,-0.5034965034965035,-0.13286713286713286,-0.3741258741258741,-0.13636363636363635,-0.27972027972027974,0.06993006993006994,-0.43006993006993005,-0.0034965034965034965,-0.3811188811188811,-0.03496503496503497,-0.25524475524475526,-0.038461538461538464,-0.17132867132867133
1,0.0,0.0,-0.13937282229965156,-0.05574912891986063,-0.27526132404181186,-0.1916376306620209,-0.23693379790940766,-0.30662020905923343,-0.14285714285714285,-0.3832752613240418,-0.28222996515679444,-0.445993031358885,-0.41114982578397213,-0.6411149825783972,-0.4843205574912892,-0.759581881533101,-0.5435540069686411,-0.867595818815331,-0.16376306620209058,-0.49477351916376305,-0.25435540069686413,-0.7247386759581882,-0.29965156794425085,-0.8710801393728222,-0.32752613240418116,-1.0,-0.03484320557491289,-0.4878048780487805,-0.11498257839721254,-0.4738675958188153,-0.13937282229965156,-0.33797909407665505,-0.13240418118466898,-0.24738675958188153,0.07317073170731707,-0.4425087108013937,-0.010452961672473868,-0.3693379790940767,-0.041811846689895474,-0.24390243902439024,-0.03484320557491289,-0.16376306620209058
1,0.0,0.0,-0.14035087719298245,-0.056140350877192984,-0.2807017543859649,-0.19298245614035087,-0.24561403508771928,-0.3087719298245614,-0.15087719298245614,-0.3929824561403509,-0.28421052631578947,-0.45614035087719296,-0.41403508771929826,-0.6526315789473685,-0.49473684210526314,-0.7719298245614035,-0.5543859649122806,-0.8771929824561403,-0.1649122807017544,-0.5017543859649123,-0.25263157894736843,-0.7298245614035088,-0.2982456140350877,-0.8736842105263158,-0.3263157894736842,-1.0,-0.03859649122807018,-0.49122807017543857,-0.10526315789473684,-0.49473684210526314,-0.13333333333333333,-0.36140350877192984,-0.12982456140350876,-0.26666666666666666,0.07017543859649122,-0.4456140350877193,-0.010526315789473684,-0.3719298245614035,-0.042105263157894736,-0.24210526315789474,-0.03859649122807018,-0.15789473684210525
1,0.0,0.0,-0.1388888888888889,-0.052083333333333336,-0.2777777777777778,-0.1909722222222222,-0.25,-0.3020833333333333,-0.1597222222222222,-0.3784722222222222,-0.2881944444444444,-0.4548611111111111,-0.4131944444444444,-0.6458333333333334,-0.4930555555555556,-0.7638888888888888,-0.5520833333333334,-0.8715277777777778,-0.16666666666666666,-0.4965277777777778,-0.2534722222222222,-0.7256944444444444,-0.2986111111111111,-0.8715277777777778,-0.3229166666666667,-1.0,-0.041666666666666664,-0.4826388888888889,-0.1111111111111111,-0.4930555555555556,-0.13541666666666666,-0.3611111111111111,-0.13541666666666666,-0.2673611111111111,0.06597222222222222,-0.4340277777777778,-0.013888888888888888,-0.375,-0.04513888888888889,-0.25,-0.03819444444444445,-0.16666666666666666
1,0.0,0.0,-0.14335664335664336,-0.055944055944055944,-0.2902097902097902,-0.20279720279720279,-0.2517482517482518,-0.3181818181818182,-0.14335664335664336,-0.3951048951048951,-0.2937062937062937,-0.45454545454545453,-0.4195804195804196,-0.6503496503496503,-0.4965034965034965,-0.7727272727272727,-0.5559440559440559,-0.8846153846153846,-0.17132867132867133,-0.5,-0.25874125874125875,-0.7272727272727273,-0.3006993006993007,-0.8706293706293706,-0.32517482517482516,-1.0,-0.045454545454545456,-0.48951048951048953,-0.1258741258741259,-0.4825174825174825,-0.15034965034965034,-0.34965034965034963,-0.14335664335664336,-0.26223776223776224,0.06293706293706294,-0.44405594405594406,-0.027972027972027972,-0.36713286713286714,-0.05944055944055944,-0.24125874125874125,-0.05244755244755245,-0.16433566433566432
1,0.0,0.0,-0.14385964912280702,-0.05964912280701754,-0.2771929824561403,-0.2,-0.24561403508771928,-0.3087719298245614,-0.15789473684210525,-0.3929824561403509,-0.29473684210526313,-0.45614035087719296,-0.41754385964912283,-0.656140350877193,-0.49473684210526314,-0.775438596491228,-0.5508771929824562,-0.8842105263157894,-0.17192982456140352,-0.4982456140350877,-0.2596491228070175,-0.7263157894736842,-0.30526315789473685,-0.8736842105263158,-0.3298245614035088,-1.0,-0.0456140350877193,-0.49122807017543857,-0.12280701754385964,-0.4842105263157895,-0.14736842105263157,-0.3543859649122807,-0.14385964912280702,-0.2631578947368421,0.06315789473684211,-0.4456140350877193,-0.02456140350877193,-0.37543859649122807,-0.05263157894736842,-0.25263157894736843,-0.0456140350877193,-0.17192982456140352
1,0.0,0.0,-0.14487632508833923,-0.053003533568904596,-0.28975265017667845,-0.19081272084805653,-0.26501766784452296,-0.3003533568904594,-0.17667844522968199,-0.3745583038869258,-0.3003533568904594,-0.4628975265017668,-0.4275618374558304,-0.657243816254417,-0.5053003533568905,-0.7773851590106007,-0.5618374558303887,-0.8869257950530035,-0.17667844522968199,-0.5053003533568905,-0.26501766784452296,-0.7314487632508834,-0.303886925795053,-0.8763250883392226,-0.3250883392226148,-1.0,-0.045936395759717315,-0.49469964664310956,-0.12367491166077739,-0.4840989399293286,-0.14840989399293286,-0.35335689045936397,-0.14487632508833923,-0.26148409893992935,0.0636042402826855,-0.4452296819787986,-0.024734982332155476,-0.3745583038869258,-0.053003533568904596,-0.2508833922261484,-0.045936395759717315,-0.1696113074204947
1,0.0,0.0,-0.14035087719298245,-0.056140350877192984,-0.2736842105263158,-0.20350877192982456,-0.23157894736842105,-0.32280701754385965,-0.14035087719298245,-0.4070175438596491,-0.28421052631578947,-0.45263157894736844,-0.41403508771929826,-0.6526315789473685,-0.48771929824561405,-0.775438596491228,-0.543859649122807,-0.8807017543859649,-0.16140350877192983,-0.4982456140350877,-0.24912280701754386,-0.7298245614035088,-0.2912280701754386,-0.8771929824561403,-0.312280701754386,-1.0,-0.03508771929824561,-0.4842105263157895,-0.10526315789473684,-0.49122807017543857,-0.12631578947368421,-0.3508771929824561,-0.12280701754385964,-0.25263157894736843,0.07017543859649122,-0.43508771929824563,-0.014035087719298246,-0.3824561403508772,-0.0456140350877193,-0.2596491228070175,-0.03859649122807018,-0.17543859649122806
1,0.0,0.0,-0.14788732394366197,-0.05985915492957746,-0.28169014084507044,-0.20422535211267606,-0.2323943661971831,-0.323943661971831,-0.14084507042253522,-0.4119718309859155,-0.29577464788732394,-0.45774647887323944,-0.4225352112676056,-0.6549295774647887,-0.4964788732394366,-0.7746478873239436,-0.5492957746478874,-0.8802816901408451,-0.176056338028169,-0.5,-0.2605633802816901,-0.7323943661971831,-0.3028169014084507,-0.8767605633802817,-0.31690140845070425,-1.0,-0.04929577464788732,-0.4859154929577465,-0.11267605633802817,-0.4894366197183099,-0.13732394366197184,-0.352112676056338,-0.13732394366197184,-0.25704225352112675,0.05985915492957746,-0.43309859154929575,-0.017605633802816902,-0.36971830985915494,-0.0528169014084507,-0.24647887323943662,-0.0528169014084507,-0.16901408450704225
1,0.0,0.0,-0.14634146341463414,-0.05574912891986063,-0.2787456445993031,-0.1951219512195122,-0.23693379790940766,-0.30313588850174217,-0.14285714285714285,-0.3797909407665505,-0.2961672473867596,-0.45993031358885017,-0.4181184668989547,-0.6550522648083623,-0.4878048780487805,-0.7735191637630662,-0.5400696864111498,-0.8745644599303136,-0.17421602787456447,-0.5017421602787456,-0.24390243902439024,-0.735191637630662,-0.28222996515679444,-0.8780487804878049,-0.30313588850174217,-1.0,-0.04529616724738676,-0.47735191637630664,-0.10452961672473868,-0.49477351916376305,-0.1289198606271777,-0.3588850174216028,-0.1289198606271777,-0.2682926829268293,0.0627177700348432,-0.4181184668989547,-0.006968641114982578,-0.3623693379790941,-0.041811846689895474,-0.24041811846689895,-0.04529616724738676,-0.16376306620209058
1,0.0,0.0,-0.1453287197231834,-0.05536332179930796,-0.2768166089965398,-0.19377162629757785,-0.23875432525951557,-0.3079584775086505,-0.1453287197231834,-0.3771626297577855,-0.2906574394463668,-0.4532871972318339,-0.4083044982698962,-0.6470588235294118,-0.4809688581314879,-0.7612456747404844,-0.532871972318339,-0.8650519031141869,-0.1695501730103806,-0.49480968858131485,-0.23875432525951557,-0.7301038062283737,-0.2698961937716263,-0.8788927335640139,-0.28027681660899656,-1.0,-0.04152249134948097,-0.47058823529411764,-0.10034602076124567,-0.49480968858131485,-0.1314878892733564,-0.35986159169550175,-0.1314878892733564,-0.2698961937716263,0.0657439446366782,-0.4117647058823529,-0.0034602076124567475,-0.35986159169550175,-0.03806228373702422,-0.2422145328719723,-0.04152249134948097,-0.1695501730103806
1,0.0,0.0,-0.1453287197231834,-0.05190311418685121,-0.2768166089965398,-0.1972318339100346,-0.22491349480968859,-0.314878892733564,-0.11418685121107267,-0.3806228373702422,-0.28719723183391005,-0.4532871972318339,-0.4013840830449827,-0.6470588235294118,-0.4740484429065744,-0.7647058823529411,-0.5294117647058824,-0.8650519031141869,-0.16262975778546712,-0.4844290657439446,-0.22837370242214533,-0.726643598615917,-0.2629757785467128,-0.8754325259515571,-0.27335640138408307,-1.0,-0.03460207612456748,-0.45674740484429066,-0.08996539792387544,-0.48788927335640137,-0.1245674740484429,-0.35294117647058826,-0.12802768166089964,-0.25951557093425603,0.0726643598615917,-0.3944636678200692,0.006920415224913495,-0.35986159169550175,-0.03460207612456748,-0.2422145328719723,-0.04152249134948097,-0.1695501730103806
1,0.0,0.0,-0.14482758620689656,-0.05862068965517241,-0.27586206896551724,-0.2,-0.23103448275862068,-0.3137931034482759,-0.1310344827586207,-0.38275862068965516,-0.2793103448275862,-0.46206896551724136,-0.3896551724137931,-0.6586206896551724,-0.46206896551724136,-0.7758620689655172,-0.5137931034482759,-0.8758620689655172,-0.15517241379310345,-0.496551724137931,-0.21724137931034482,-0.7310344827586207,-0.2482758620689655,-0.8793103448275862,-0.25862068965517243,-1.0,-0.027586206896551724,-0.4689655172413793,-0.07931034482758621,-0.49310344827586206,-0.1206896551724138,-0.3689655172413793,-0.1310344827586207,-0.27586206896551724,0.07931034482758621,-0.4068965517241379,0.013793103448275862,-0.3689655172413793,-0.03103448275862069,-0.25517241379310346,-0.03793103448275862,-0.17586206896551723
1,0.0,0.0,-0.13651877133105803,-0.05460750853242321,-0.2627986348122867,-0.18771331058020477,-0.21843003412969283,-0.3003412969283277,-0.11262798634812286,-0.36860068259385664,-0.2593856655290102,-0.447098976109215,-0.36860068259385664,-0.6416382252559727,-0.43686006825938567,-0.7610921501706485,-0.49146757679180886,-0.863481228668942,-0.14334470989761092,-0.4778156996587031,-0.19795221843003413,-0.7235494880546075,-0.22184300341296928,-0.8771331058020477,-0.22866894197952217,-1.0,-0.020477815699658702,-0.45051194539249145,-0.06825938566552901,-0.48464163822525597,-0.10580204778156997,-0.3583617747440273,-0.11604095563139932,-0.26621160409556316,0.08873720136518772,-0.3890784982935154,0.027303754266211604,-0.36860068259385664,-0.017064846416382253,-0.25597269624573377,-0.030716723549488054,-0.17747440273037543
1,0.0,0.0,-0.14334470989761092,-0.05802047781569966,-0.2696245733788396,-0.19795221843003413,-0.21843003412969283,-0.30716723549488056,-0.10580204778156997,-0.36177474402730375,-0.26621160409556316,-0.4539249146757679,-0.3720136518771331,-0.6552901023890785,-0.43686006825938567,-0.7781569965870307,-0.4880546075085324,-0.8839590443686007,-0.14334470989761092,-0.4812286689419795,-0.1945392491467577,-0.7235494880546075,-0.21843003412969283,-0.8771331058020477,-0.22525597269624573,-1.0,-0.020477815699658702,-0.45051194539249145,-0.06825938566552901,-0.4948805460750853,-0.10921501706484642,-0.3720136518771331,-0.12627986348122866,-0.2764505119453925,0.08532423208191127,-0.3856655290102389,0.020477815699658702,-0.3720136518771331,-0.020477815699658702,-0.2593856655290102,-0.030716723549488054,-0.18088737201365188
1,0.0,0.0,-0.14186851211072665,-0.058823529411764705,-0.2664359861591695,-0.20069204152249134,-0.2179930795847751,-0.31141868512110726,-0.11072664359861592,-0.36678200692041524,-0.25951557093425603,-0.4602076124567474,-0.3633217993079585,-0.6643598615916955,-0.43252595155709345,-0.7889273356401384,-0.4844290657439446,-0.8927335640138409,-0.1384083044982699,-0.4809688581314879,-0.18685121107266436,-0.7301038062283737,-0.20761245674740483,-0.8788927335640139,-0.21453287197231835,-1.0,-0.01730103806228374,-0.44982698961937717,-0.06228373702422145,-0.4982698961937716,-0.11072664359861592,-0.3771626297577855,-0.1245674740484429,-0.2837370242214533,0.08650519031141868,-0.38408304498269896,0.02768166089965398,-0.370242214532872,-0.01730103806228374,-0.25951557093425603,-0.031141868512110725,-0.18339100346020762
1,0.0,0.0,-0.1413793103448276,-0.06206896551724138,-0.2620689655172414,-0.2103448275862069,-0.20344827586206896,-0.32068965517241377,-0.08275862068965517,-0.3724137931034483,-0.2482758620689655,-0.46206896551724136,-0.35517241379310344,-0.6620689655172414,-0.4241379310344828,-0.7793103448275862,-0.4827586206896552,-0.8793103448275862,-0.1310344827586207,-0.4862068965517241,-0.16896551724137931,-0.7310344827586207,-0.19310344827586207,-0.8793103448275862,-0.2,-1.0,-0.013793103448275862,-0.4482758620689655,-0.06551724137931035,-0.4862068965517241,-0.1103448275862069,-0.3689655172413793,-0.1206896551724138,-0.28620689655172415,0.08275862068965517,-0.3793103448275862,0.020689655172413793,-0.3689655172413793,-0.02413793103448276,-0.27241379310344827,-0.034482758620689655,-0.20344827586206896
1,0.0,0.0,-0.14482758620689656,-0.06551724137931035,-0.2620689655172414,-0.22413793103448276,-0.19655172413793104,-0.3310344827586207,-0.07241379310344828,-0.3724137931034483,-0.24482758620689654,-0.4724137931034483,-0.3482758620689655,-0.6724137931034483,-0.41379310344827586,-0.7896551724137931,-0.4724137931034483,-0.8931034482758621,-0.12413793103448276,-0.4896551724137931,-0.15862068965517243,-0.7310344827586207,-0.1793103448275862,-0.8793103448275862,-0.1896551724137931,-1.0,-0.010344827586206896,-0.4482758620689655,-0.05517241379310345,-0.5,-0.1,-0.39655172413793105,-0.11379310344827587,-0.3137931034482759,0.0896551724137931,-0.3758620689655172,0.03103448275862069,-0.38620689655172413,-0.017241379310344827,-0.2896551724137931,-0.03103448275862069,-0.21379310344827587
1,0.0,0.0,-0.14383561643835616,-0.07191780821917808,-0.2568493150684932,-0.22602739726027396,-0.18835616438356165,-0.3321917808219178,-0.07191780821917808,-0.3732876712328767,-0.2534246575342466,-0.476027397260274,-0.3458904109589041,-0.6712328767123288,-0.4075342465753425,-0.791095890410959,-0.4589041095890411,-0.8938356164383562,-0.13013698630136986,-0.4931506849315068,-0.16095890410958905,-0.726027397260274,-0.17465753424657535,-0.8767123287671232,-0.1780821917808219,-1.0,-0.0136986301369863,-0.4486301369863014,-0.05136986301369863,-0.5034246575342466,-0.09931506849315068,-0.3972602739726027,-0.11986301369863013,-0.3150684931506849,0.08904109589041095,-0.3732876712328767,0.03767123287671233,-0.3698630136986301,-0.010273972602739725,-0.2671232876712329,-0.0273972602739726,-0.1917808219178082
1,0.0,0.0,-0.14583333333333334,-0.06944444444444445,-0.2534722222222222,-0.2326388888888889,-0.18055555555555555,-0.34375,-0.0625,-0.3888888888888889,-0.2534722222222222,-0.4861111111111111,-0.3506944444444444,-0.6875,-0.4131944444444444,-0.8090277777777778,-0.4652777777777778,-0.9131944444444444,-0.1284722222222222,-0.5,-0.14930555555555555,-0.7326388888888888,-0.15625,-0.8784722222222222,-0.15625,-1.0,-0.006944444444444444,-0.4548611111111111,-0.03819444444444445,-0.5034722222222222,-0.0798611111111111,-0.3854166666666667,-0.09722222222222222,-0.3020833333333333,0.09722222222222222,-0.375,0.04861111111111111,-0.3784722222222222,0.0,-0.2777777777777778,-0.017361111111111112,-0.20833333333333334
1,0.0,0.0,-0.15120274914089346,-0.07560137457044673,-0.2542955326460481,-0.2268041237113402,-0.17869415807560138,-0.32989690721649484,-0.06529209621993128,-0.3711340206185567,-0.24742268041237114,-0.4845360824742268,-0.33676975945017185,-0.6735395189003437,-0.3917525773195876,-0.7903780068728522,-0.4329896907216495,-0.8934707903780069,-0.12371134020618557,-0.49828178694158076,-0.14432989690721648,-0.7319587628865979,-0.14432989690721648,-0.8797250859106529,-0.13402061855670103,-1.0,-0.006872852233676976,-0.4536082474226804,-0.030927835051546393,-0.49828178694158076,-0.07216494845360824,-0.38831615120274915,-0.08934707903780069,-0.3127147766323024,0.09278350515463918,-0.3745704467353952,0.054982817869415807,-0.38831615120274915,0.010309278350515464,-0.2920962199312715,-0.006872852233676976,-0.22336769759450173
1,0.0,0.0,-0.14576271186440679,-0.0711864406779661,-0.24067796610169492,-0.22372881355932203,-0.16610169491525423,-0.3288135593220339,-0.04745762711864407,-0.3728813559322034,-0.23728813559322035,-0.4745762711864407,-0.33559322033898303,-0.6644067796610169,-0.39322033898305087,-0.7796610169491526,-0.43728813559322033,-0.8813559322033898,-0.1152542372881356,-0.4915254237288136,-0.1288135593220339,-0.7322033898305085,-0.12203389830508475,-0.8779661016949153,-0.10847457627118644,-1.0,0.003389830508474576,-0.45084745762711864,-0.023728813559322035,-0.49830508474576274,-0.061016949152542375,-0.37966101694915255,-0.07457627118644068,-0.2983050847457627,0.10847457627118644,-0.3728813559322034,0.0711864406779661,-0.39322033898305087,0.030508474576271188,-0.2983050847457627,0.01694915254237288,-0.2305084745762712
1,0.0,0.0,-0.14675767918088736,-0.07508532423208192,-0.24232081911262798,-0.22866894197952217,-0.16382252559726962,-0.33447098976109213,-0.040955631399317405,-0.3822525597269625,-0.23890784982935154,-0.4778156996587031,-0.32764505119453924,-0.6757679180887372,-0.378839590443686,-0.7952218430034129,-0.41638225255972694,-0.9010238907849829,-0.10921501706484642,-0.4948805460750853,-0.11604095563139932,-0.7337883959044369,-0.10238907849829351,-0.8839590443686007,-0.07849829351535836,-1.0,0.006825938566552901,-0.45051194539249145,-0.013651877133105802,-0.49829351535836175,-0.05802047781569966,-0.3856655290102389,-0.07508532423208192,-0.3037542662116041,0.10921501706484642,-0.3720136518771331,0.07167235494880546,-0.3890784982935154,0.027303754266211604,-0.3003412969283277,0.006825938566552901,-0.22866894197952217
1,0.0,0.0,-0.14675767918088736,-0.07508532423208192,-0.23890784982935154,-0.23208191126279865,-0.15699658703071673,-0.3378839590443686,-0.03754266211604096,-0.378839590443686,-0.23208191126279865,-0.4778156996587031,-0.3242320819112628,-0.6757679180887372,-0.37542662116040953,-0.7986348122866894,-0.4129692832764505,-0.9010238907849829,-0.10580204778156997,-0.4948805460750853,-0.10238907849829351,-0.7337883959044369,-0.08873720136518772,-0.8839590443686007,-0.06143344709897611,-1.0,0.013651877133105802,-0.44368600682593856,-0.010238907849829351,-0.49829351535836175,-0.05802047781569966,-0.37542662116040953,-0.07167235494880546,-0.29692832764505117,0.11604095563139932,-0.3651877133105802,0.07849829351535836,-0.40273037542662116,0.027303754266211604,-0.310580204778157,0.0034129692832764505,-0.24232081911262798
1,0.0,0.0,-0.1541095890410959,-0.07876712328767123,-0.23972602739726026,-0.2328767123287671,-0.1506849315068493,-0.3356164383561644,-0.030821917808219176,-0.3767123287671233,-0.23972602739726026,-0.4794520547945205,-0.3287671232876712,-0.6815068493150684,-0.3767123287671233,-0.8013698630136986,-0.410958904109589,-0.9041095890410958,-0.11301369863013698,-0.4931506849315068,-0.09931506849315068,-0.7328767123287672,-0.07534246575342465,-0.8801369863013698,-0.04452054794520548,-1.0,0.00684931506849315,-0.4452054794520548,-0.010273972602739725,-0.4863013698630137,-0.0547945205479452,-0.3595890410958904,-0.07191780821917808,-0.2876712328767123,0.10616438356164383,-0.3595890410958904,0.07191780821917808,-0.3904109589041096,0.02054794520547945,-0.2979452054794521,-0.003424657534246575,-0.2363013698630137
1,0.0,0.0,-0.15358361774744028,-0.08191126279863481,-0.23890784982935154,-0.24232081911262798,-0.14675767918088736,-0.3412969283276451,-0.030716723549488054,-0.3822525597269625,-0.22866894197952217,-0.4880546075085324,-0.3174061433447099,-0.6791808873720137,-0.36860068259385664,-0.7986348122866894,-0.4061433447098976,-0.9010238907849829,-0.10238907849829351,-0.49829351535836175,-0.08532423208191127,-0.7337883959044369,-0.06484641638225255,-0.8805460750853242,-0.034129692832764506,-1.0,0.013651877133105802,-0.447098976109215,-0.0034129692832764505,-0.49829351535836175,-0.04778156996587031,-0.37542662116040953,-0.06484641638225255,-0.3003412969283277,0.10921501706484642,-0.36177474402730375,0.08191126279863481,-0.40955631399317405,0.030716723549488054,-0.32081911262798635,0.010238907849829351,-0.25597269624573377
1,0.0,0.0,-0.14776632302405499,-0.07216494845360824,-0.23711340206185566,-0.2268041237113402,-0.14776632302405499,-0.32989690721649484,-0.027491408934707903,-0.3745704467353952,-0.23367697594501718,-0.48109965635738833,-0.31958762886597936,-0.6769759450171822,-0.3642611683848797,-0.7972508591065293,-0.3951890034364261,-0.8969072164948454,-0.10652920962199312,-0.49828178694158076,-0.08934707903780069,-0.7353951890034365,-0.061855670103092786,-0.8831615120274914,-0.027491408934707903,-1.0,0.013745704467353952,-0.44673539518900346,-0.003436426116838488,-0.4879725085910653,-0.05154639175257732,-0.36769759450171824,-0.06872852233676977,-0.29553264604810997,0.10996563573883161,-0.3642611683848797,0.07903780068728522,-0.39862542955326463,0.027491408934707903,-0.30927835051546393,0.003436426116838488,-0.24398625429553264
1,0.0,0.0,-0.15699658703071673,-0.07508532423208192,-0.23890784982935154,-0.23208191126279865,-0.14675767918088736,-0.3378839590443686,-0.03754266211604096,-0.3822525597269625,-0.2354948805460751,-0.4812286689419795,-0.3242320819112628,-0.6791808873720137,-0.37542662116040953,-0.8020477815699659,-0.40955631399317405,-0.9044368600682594,-0.10580204778156997,-0.4948805460750853,-0.08532423208191127,-0.7303754266211604,-0.06143344709897611,-0.8771331058020477,-0.027303754266211604,-1.0,0.010238907849829351,-0.44368600682593856,0.0,-0.48464163822525597,-0.04778156996587031,-0.35494880546075086,-0.06825938566552901,-0.27986348122866894,0.10580204778156997,-0.35494880546075086,0.08532423208191127,-0.40273037542662116,0.034129692832764506,-0.310580204778157,0.010238907849829351,-0.24573378839590443
1,0.0,0.0,-0.15699658703071673,-0.07849829351535836,-0.24232081911262798,-0.23890784982935154,-0.14675767918088736,-0.34812286689419797,-0.027303754266211604,-0.40273037542662116,-0.23890784982935154,-0.48464163822525597,-0.3242320819112628,-0.6791808873720137,-0.3720136518771331,-0.7986348122866894,-0.40273037542662116,-0.9010238907849829,-0.11262798634812286,-0.49829351535836175,-0.08532423208191127,-0.7372013651877133,-0.05802047781569966,-0.8805460750853242,-0.020477815699658702,-1.0,0.0034129692832764505,-0.44368600682593856,-0.013651877133105802,-0.49146757679180886,-0.06825938566552901,-0.3651877133105802,-0.08532423208191127,-0.29692832764505117,0.09556313993174062,-0.3583617747440273,0.06484641638225255,-0.4129692832764505,0.010238907849829351,-0.32081911262798635,-0.017064846416382253,-0.2593856655290102
1,0.0,0.0,-0.14675767918088736,-0.07167235494880546,-0.23890784982935154,-0.23208191126279865,-0.15358361774744028,-0.33447098976109213,-0.034129692832764506,-0.3720136518771331,-0.23208191126279865,-0.4812286689419795,-0.32081911262798635,-0.6757679180887372,-0.3720136518771331,-0.7918088737201365,-0.4061433447098976,-0.89419795221843,-0.10238907849829351,-0.4948805460750853,-0.08191126279863481,-0.7337883959044369,-0.051194539249146756,-0.8805460750853242,-0.017064846416382253,-1.0,0.010238907849829351,-0.44368600682593856,-0.0034129692832764505,-0.4778156996587031,-0.05460750853242321,-0.36177474402730375,-0.07167235494880546,-0.2901023890784983,0.10580204778156997,-0.35494880546075086,0.07167235494880546,-0.37542662116040953,0.017064846416382253,-0.2901023890784983,-0.0034129692832764505,-0.22866894197952217
1,0.0,0.0,-0.1541095890410959,-0.07534246575342465,-0.23972602739726026,-0.2328767123287671,-0.14726027397260275,-0.3356164383561644,-0.03767123287671233,-0.386986301369863,-0.2363013698630137,-0.4863013698630137,-0.3253424657534247,-0.684931506849315,-0.3732876712328767,-0.8082191780821918,-0.4075342465753425,-0.910958904109589,-0.10616438356164383,-0.5,-0.0821917808219178,-0.7363013698630136,-0.05136986301369863,-0.8835616438356164,-0.0136986301369863,-1.0,0.010273972602739725,-0.4452054794520548,-0.00684931506849315,-0.4863013698630137,-0.0547945205479452,-0.3595890410958904,-0.07534246575342465,-0.2876712328767123,0.10616438356164383,-0.3595890410958904,0.07534246575342465,-0.3972602739726027,0.02054794520547945,-0.3047945205479452,-0.003424657534246575,-0.24315068493150685
1,0.0,0.0,-0.14965986394557823,-0.07482993197278912,-0.23809523809523808,-0.23129251700680273,-0.14965986394557823,-0.3401360544217687,-0.03741496598639456,-0.3877551020408163,-0.23469387755102042,-0.48299319727891155,-0.3197278911564626,-0.6802721088435374,-0.3707482993197279,-0.7993197278911565,-0.40476190476190477,-0.9013605442176871,-0.1054421768707483,-0.4965986394557823,-0.07482993197278912,-0.7346938775510204,-0.04081632653061224,-0.8809523809523809,-0.003401360544217687,-1.0,0.013605442176870748,-0.4421768707482993,0.0,-0.48299319727891155,-0.04421768707482993,-0.35714285714285715,-0.06462585034013606,-0.282312925170068,0.10884353741496598,-0.35714285714285715,0.08163265306122448,-0.391156462585034,0.034013605442176874,-0.29931972789115646,0.01020408163265306,-0.23469387755102042
1,0.0,0.0,-0.1541095890410959,-0.07191780821917808,-0.23972602739726026,-0.2328767123287671,-0.1506849315068493,-0.3356164383561644,-0.03424657534246575,-0.3835616438356164,-0.2363013698630137,-0.4897260273972603,-0.3253424657534247,-0.6883561643835616,-0.3732876712328767,-0.8116438356164384,-0.4075342465753425,-0.9143835616438356,-0.10616438356164383,-0.5,-0.07191780821917808,-0.7363013698630136,-0.03767123287671233,-0.8801369863013698,0.0,-1.0,0.0136986301369863,-0.4452054794520548,0.0,-0.4863013698630137,-0.0547945205479452,-0.3561643835616438,-0.07534246575342465,-0.2808219178082192,0.1095890410958904,-0.3561643835616438,0.07876712328767123,-0.386986301369863,0.023972602739726026,-0.2910958904109589,-0.003424657534246575,-0.2328767123287671
1,0.0,0.0,-0.1541095890410959,-0.07534246575342465,-0.23972602739726026,-0.2328767123287671,-0.1506849315068493,-0.3356164383561644,-0.03767123287671233,-0.386986301369863,-0.2328767123287671,-0.4931506849315068,-0.3253424657534247,-0.6883561643835616,-0.3732876712328767,-0.8082191780821918,-0.410958904109589,-0.9075342465753424,-0.09931506849315068,-0.5,-0.0684931506849315,-0.7363013698630136,-0.030821917808219176,-0.8835616438356164,0.010273972602739725,-1.0,0.017123287671232876,-0.4417808219178082,0.0,-0.4863013698630137,-0.05136986301369863,-0.3561643835616438,-0.07191780821917808,-0.2842465753424658,0.11643835616438356,-0.3527397260273973,0.0821917808219178,-0.386986301369863,0.023972602739726026,-0.2910958904109589,0.0,-0.22602739726027396
1,0.0,0.0,-0.1541095890410959,-0.07534246575342465,-0.23972602739726026,-0.2328767123287671,-0.1506849315068493,-0.3321917808219178,-0.03767123287671233,-0.3732876712328767,-0.2328767123287671,-0.4897260273972603,-0.3184931506849315,-0.6883561643835616,-0.363013698630137,-0.8082191780821918,-0.3972602739726027,-0.910958904109589,-0.0958904109589041,-0.5,-0.06506849315068493,-0.7397260273972602,-0.030821917808219176,-0.8835616438356164,0.0136986301369863,-1.0,0.023972602739726026,-0.4452054794520548,0.010273972602739725,-0.4897260273972603,-0.0410958904109589,-0.3664383561643836,-0.06506849315068493,-0.2876712328767123,0.1232876712328767,-0.3527397260273973,0.09246575342465753,-0.386986301369863,0.03424657534246575,-0.2945205479452055,0.00684931506849315,-0.22602739726027396
1,0.0,0.0,-0.15358361774744028,-0.07508532423208192,-0.24232081911262798,-0.2354948805460751,-0.16040955631399317,-0.3378839590443686,-0.04778156996587031,-0.3822525597269625,-0.2354948805460751,-0.4880546075085324,-0.32081911262798635,-0.6860068259385665,-0.36860068259385664,-0.8088737201365188,-0.3993174061433447,-0.9112627986348123,-0.10238907849829351,-0.49829351535836175,-0.06825938566552901,-0.7337883959044369,-0.030716723549488054,-0.8839590443686007,0.013651877133105802,-1.0,0.013651877133105802,-0.44368600682593856,0.0,-0.4880546075085324,-0.05460750853242321,-0.36177474402730375,-0.07849829351535836,-0.2832764505119454,0.11262798634812286,-0.35494880546075086,0.07849829351535836,-0.36860068259385664,0.023890784982935155,-0.27303754266211605,0.0,-0.20819112627986347
1,0.0,0.0,-0.15306122448979592,-0.07482993197278912,-0.24489795918367346,-0.23469387755102042,-0.16326530612244897,-0.3333333333333333,-0.05102040816326531,-0.38095238095238093,-0.23129251700680273,-0.4897959183673469,-0.3197278911564626,-0.6870748299319728,-0.3673469387755102,-0.8129251700680272,-0.40476190476190477,-0.9183673469387755,-0.09863945578231292,-0.4965986394557823,-0.06462585034013606,-0.7346938775510204,-0.027210884353741496,-0.8809523809523809,0.017006802721088437,-1.0,0.02040816326530612,-0.4387755102040816,0.003401360544217687,-0.48639455782312924,-0.05442176870748299,-0.35714285714285715,-0.08503401360544217,-0.2789115646258503,0.11904761904761904,-0.3469387755102041,0.08503401360544217,-0.37755102040816324,0.030612244897959183,-0.2755102040816326,0.0,-0.2108843537414966
1,0.0,0.0,-0.15254237288135594,-0.0711864406779661,-0.2440677966101695,-0.2305084745762712,-0.16271186440677965,-0.33220338983050846,-0.04745762711864407,-0.3728813559322034,-0.2305084745762712,-0.4847457627118644,-0.3152542372881356,-0.6779661016949152,-0.36271186440677966,-0.8,-0.4,-0.9050847457627119,-0.10508474576271186,-0.488135593220339,-0.06779661016949153,-0.7288135593220338,-0.02711864406779661,-0.8779661016949153,0.020338983050847456,-1.0,0.010169491525423728,-0.43050847457627117,0.003389830508474576,-0.47796610169491527,-0.05423728813559322,-0.34915254237288135,-0.08135593220338982,-0.2745762711864407,0.1016949152542373,-0.3423728813559322,0.07457627118644068,-0.3864406779661017,0.020338983050847456,-0.288135593220339,-0.006779661016949152,-0.22033898305084745
1,0.0,0.0,-0.14965986394557823,-0.0782312925170068,-0.24149659863945577,-0.23469387755102042,-0.16326530612244897,-0.3299319727891156,-0.05442176870748299,-0.3741496598639456,-0.22789115646258504,-0.5,-0.30952380952380953,-0.6938775510204082,-0.36394557823129253,-0.8129251700680272,-0.4013605442176871,-0.9183673469387755,-0.09523809523809523,-0.5,-0.061224489795918366,-0.7312925170068028,-0.02040816326530612,-0.8809523809523809,0.023809523809523808,-1.0,0.013605442176870748,-0.4387755102040816,0.013605442176870748,-0.48299319727891155,-0.04081632653061224,-0.36394557823129253,-0.07142857142857142,-0.2857142857142857,0.1054421768707483,-0.3469387755102041,0.08163265306122448,-0.3673469387755102,0.030612244897959183,-0.2687074829931973,0.006802721088435374,-0.19727891156462585
1,0.0,0.0,-0.1423728813559322,-0.0711864406779661,-0.24745762711864408,-0.2305084745762712,-0.1694915254237288,-0.33559322033898303,-0.05423728813559322,-0.376271186440678,-0.22033898305084745,-0.49830508474576274,-0.30847457627118646,-0.6915254237288135,-0.36271186440677966,-0.8101694915254237,-0.4033898305084746,-0.911864406779661,-0.09152542372881356,-0.5016949152542373,-0.061016949152542375,-0.7322033898305085,-0.023728813559322035,-0.8779661016949153,0.01694915254237288,-1.0,0.020338983050847456,-0.44745762711864406,0.003389830508474576,-0.48135593220338985,-0.05084745762711865,-0.36271186440677966,-0.0711864406779661,-0.28135593220338984,0.10847457627118644,-0.3593220338983051,0.06779661016949153,-0.36271186440677966,0.01694915254237288,-0.2677966101694915,-0.003389830508474576,-0.19661016949152543
1,0.0,0.0,-0.1413793103448276,-0.07241379310344828,-0.2482758620689655,-0.22758620689655173,-0.17586206896551723,-0.3275862068965517,-0.05862068965517241,-0.3793103448275862,-0.2206896551724138,-0.503448275862069,-0.3137931034482759,-0.7,-0.3689655172413793,-0.8206896551724138,-0.4103448275862069,-0.9241379310344827,-0.0896551724137931,-0.5103448275862069,-0.05862068965517241,-0.7379310344827587,-0.020689655172413793,-0.8827586206896552,0.020689655172413793,-1.0,0.027586206896551724,-0.4586206896551724,0.017241379310344827,-0.4896551724137931,-0.03793103448275862,-0.3689655172413793,-0.06206896551724138,-0.2827586206896552,0.1206896551724138,-0.3758620689655172,0.08275862068965517,-0.3724137931034483,0.027586206896551724,-0.2689655172413793,0.006896551724137931,-0.19310344827586207
1,0.0,0.0,-0.13541666666666666,-0.06944444444444445,-0.24305555555555555,-0.2326388888888889,-0.1736111111111111,-0.3333333333333333,-0.0625,-0.3888888888888889,-0.22569444444444445,-0.5069444444444444,-0.3159722222222222,-0.7083333333333334,-0.3680555555555556,-0.8333333333333334,-0.40625,-0.9375,-0.09375,-0.5138888888888888,-0.059027777777777776,-0.7395833333333334,-0.020833333333333332,-0.8854166666666666,0.020833333333333332,-1.0,0.020833333333333332,-0.4583333333333333,0.003472222222222222,-0.5,-0.05555555555555555,-0.3854166666666667,-0.0798611111111111,-0.3055555555555556,0.1076388888888889,-0.3784722222222222,0.0625,-0.3576388888888889,0.010416666666666666,-0.2534722222222222,-0.003472222222222222,-0.18055555555555555
1,0.0,0.0,-0.13028169014084506,-0.07394366197183098,-0.23943661971830985,-0.2323943661971831,-0.1795774647887324,-0.3274647887323944,-0.05985915492957746,-0.3767605633802817,-0.21830985915492956,-0.5070422535211268,-0.31338028169014087,-0.7112676056338029,-0.36619718309859156,-0.8345070422535211,-0.40492957746478875,-0.9436619718309859,-0.08450704225352113,-0.5140845070422535,-0.04929577464788732,-0.7429577464788732,-0.014084507042253521,-0.8873239436619719,0.03169014084507042,-1.0,0.028169014084507043,-0.4647887323943662,0.007042253521126761,-0.5,-0.0528169014084507,-0.38380281690140844,-0.07394366197183098,-0.2992957746478873,0.11971830985915492,-0.38380281690140844,0.06690140845070422,-0.36619718309859156,0.017605633802816902,-0.2640845070422535,0.007042253521126761,-0.19014084507042253
1,0.0,0.0,-0.13732394366197184,-0.07394366197183098,-0.25704225352112675,-0.23591549295774647,-0.1936619718309859,-0.33098591549295775,-0.07042253521126761,-0.3732394366197183,-0.22887323943661972,-0.5035211267605634,-0.323943661971831,-0.7077464788732394,-0.38028169014084506,-0.8309859154929577,-0.4225352112676056,-0.9366197183098591,-0.09859154929577464,-0.5140845070422535,-0.06690140845070422,-0.7429577464788732,-0.02464788732394366,-0.8873239436619719,0.02112676056338028,-1.0,0.014084507042253521,-0.4647887323943662,-0.017605633802816902,-0.4859154929577465,-0.07042253521126761,-0.3732394366197183,-0.0880281690140845,-0.29225352112676056,0.10211267605633803,-0.38380281690140844,0.045774647887323945,-0.35563380281690143,0.0,-0.2535211267605634,-0.007042253521126761,-0.176056338028169
1,0.0,0.0,-0.14084507042253522,-0.07394366197183098,-0.2535211267605634,-0.2323943661971831,-0.18661971830985916,-0.323943661971831,-0.07394366197183098,-0.3767605633802817,-0.22535211267605634,-0.5,-0.323943661971831,-0.7007042253521126,-0.38028169014084506,-0.823943661971831,-0.4225352112676056,-0.9295774647887324,-0.09507042253521127,-0.5140845070422535,-0.06690140845070422,-0.7394366197183099,-0.02464788732394366,-0.8838028169014085,0.02464788732394366,-1.0,0.017605633802816902,-0.4647887323943662,-0.02112676056338028,-0.4823943661971831,-0.07394366197183098,-0.36971830985915494,-0.09154929577464789,-0.29577464788732394,0.10211267605633803,-0.3873239436619718,0.04225352112676056,-0.3485915492957746,-0.0035211267605633804,-0.25,-0.01056338028169014,-0.1795774647887324
1,0.0,0.0,-0.14084507042253522,-0.06690140845070422,-0.25704225352112675,-0.22183098591549297,-0.1936619718309859,-0.3204225352112676,-0.08450704225352113,-0.3767605633802817,-0.22887323943661972,-0.4964788732394366,-0.33098591549295775,-0.7007042253521126,-0.3873239436619718,-0.823943661971831,-0.43309859154929575,-0.9330985915492958,-0.09507042253521127,-0.5105633802816901,-0.06690140845070422,-0.7323943661971831,-0.02464788732394366,-0.8802816901408451,0.02464788732394366,-1.0,0.017605633802816902,-0.4612676056338028,-0.02464788732394366,-0.4823943661971831,-0.08098591549295775,-0.3626760563380282,-0.09859154929577464,-0.28169014084507044,0.1056338028169014,-0.38028169014084506,0.03873239436619718,-0.3485915492957746,-0.007042253521126761,-0.23943661971830985,-0.017605633802816902,-0.16549295774647887
1,0.0,0.0,-0.14634146341463414,-0.07317073170731707,-0.2578397212543554,-0.22996515679442509,-0.1951219512195122,-0.3205574912891986,-0.08013937282229965,-0.37630662020905925,-0.2229965156794425,-0.4912891986062718,-0.3240418118466899,-0.6933797909407665,-0.3832752613240418,-0.8153310104529616,-0.42857142857142855,-0.9233449477351916,-0.09407665505226481,-0.5017421602787456,-0.06968641114982578,-0.7317073170731707,-0.027874564459930314,-0.8815331010452961,0.017421602787456445,-1.0,0.013937282229965157,-0.4529616724738676,-0.017421602787456445,-0.49477351916376305,-0.06968641114982578,-0.3797909407665505,-0.09059233449477352,-0.2961672473867596,0.10104529616724739,-0.37282229965156793,0.041811846689895474,-0.3623693379790941,-0.006968641114982578,-0.2578397212543554,-0.020905923344947737,-0.17421602787456447
1,0.0,0.0,-0.14482758620689656,-0.07241379310344828,-0.2620689655172414,-0.22413793103448276,-0.19655172413793104,-0.32068965517241377,-0.07931034482758621,-0.3724137931034483,-0.22413793103448276,-0.4862068965517241,-0.3275862068965517,-0.6827586206896552,-0.38620689655172413,-0.8068965517241379,-0.42758620689655175,-0.9137931034482759,-0.09655172413793103,-0.5,-0.07241379310344828,-0.7275862068965517,-0.027586206896551724,-0.8758620689655172,0.020689655172413793,-1.0,0.010344827586206896,-0.4517241379310345,-0.027586206896551724,-0.47586206896551725,-0.07931034482758621,-0.3620689655172414,-0.09655172413793103,-0.2793103448275862,0.1,-0.3724137931034483,0.03793103448275862,-0.3586206896551724,-0.006896551724137931,-0.25517241379310346,-0.017241379310344827,-0.17586206896551723
1,0.0,0.0,-0.140893470790378,-0.07216494845360824,-0.2508591065292096,-0.2268041237113402,-0.18556701030927836,-0.32646048109965636,-0.07903780068728522,-0.38144329896907214,-0.22336769759450173,-0.4845360824742268,-0.31958762886597936,-0.6804123711340206,-0.3745704467353952,-0.8041237113402062,-0.41580756013745707,-0.9106529209621993,-0.09621993127147767,-0.49828178694158076,-0.07560137457044673,-0.7250859106529209,-0.030927835051546393,-0.8762886597938144,0.020618556701030927,-1.0,0.013745704467353952,-0.45017182130584193,-0.020618556701030927,-0.47766323024054985,-0.07216494845360824,-0.35051546391752575,-0.08934707903780069,-0.2611683848797251,0.10652920962199312,-0.3711340206185567,0.044673539518900345,-0.36082474226804123,-0.003436426116838488,-0.2508591065292096,-0.013745704467353952,-0.16838487972508592
1,0.0,0.0,-0.1413793103448276,-0.06551724137931035,-0.25862068965517243,-0.21724137931034482,-0.19655172413793104,-0.32413793103448274,-0.07241379310344828,-0.3793103448275862,-0.22758620689655173,-0.4793103448275862,-0.3310344827586207,-0.6793103448275862,-0.3896551724137931,-0.8,-0.43103448275862066,-0.9103448275862069,-0.10344827586206896,-0.4896551724137931,-0.08275862068965517,-0.7275862068965517,-0.03793103448275862,-0.8758620689655172,0.010344827586206896,-1.0,0.010344827586206896,-0.4379310344827586,-0.027586206896551724,-0.4862068965517241,-0.07586206896551724,-0.35172413793103446,-0.09310344827586207,-0.25862068965517243,0.10344827586206896,-0.35517241379310344,0.041379310344827586,-0.3620689655172414,-0.006896551724137931,-0.2517241379310345,-0.020689655172413793,-0.16551724137931034
1,0.0,0.0,-0.13494809688581316,-0.058823529411764705,-0.24567474048442905,-0.21107266435986158,-0.1903114186851211,-0.31833910034602075,-0.07958477508650519,-0.3771626297577855,-0.22837370242214533,-0.4740484429065744,-0.33217993079584773,-0.6747404844290658,-0.39100346020761245,-0.7958477508650519,-0.43252595155709345,-0.8996539792387543,-0.10380622837370242,-0.4913494809688581,-0.08996539792387544,-0.726643598615917,-0.04844290657439446,-0.8788927335640139,0.0,-1.0,0.006920415224913495,-0.4463667820069204,-0.031141868512110725,-0.47750865051903113,-0.08304498269896193,-0.35294117647058826,-0.09688581314878893,-0.2629757785467128,0.10034602076124567,-0.36678200692041524,0.03460207612456748,-0.3494809688581315,-0.010380622837370242,-0.23875432525951557,-0.020761245674740483,-0.15570934256055363
1,0.0,0.0,-0.13494809688581316,-0.05190311418685121,-0.24567474048442905,-0.18685121107266436,-0.2041522491349481,-0.2975778546712803,-0.11418685121107267,-0.3737024221453287,-0.24567474048442905,-0.46366782006920415,-0.3633217993079585,-0.6608996539792388,-0.42560553633217996,-0.7750865051903114,-0.47058823529411764,-0.8823529411764706,-0.12110726643598616,-0.4844290657439446,-0.11418685121107267,-0.726643598615917,-0.08304498269896193,-0.8788927335640139,-0.04152249134948097,-1.0,-0.0034602076124567475,-0.43944636678200694,-0.04844290657439446,-0.4740484429065744,-0.09342560553633218,-0.3391003460207612,-0.10726643598615918,-0.2491349480968858,0.08996539792387544,-0.36678200692041524,0.02768166089965398,-0.35986159169550175,-0.01384083044982699,-0.2422145328719723,-0.020761245674740483,-0.15916955017301038
1,0.0,0.0,-0.1384083044982699,-0.04498269896193772,-0.2560553633217993,-0.17301038062283736,-0.22491349480968859,-0.2837370242214533,-0.14186851211072665,-0.35986159169550175,-0.2698961937716263,-0.4532871972318339,-0.39100346020761245,-0.643598615916955,-0.4602076124567474,-0.7577854671280276,-0.5086505190311419,-0.8615916955017301,-0.1453287197231834,-0.47750865051903113,-0.14878892733564014,-0.7231833910034602,-0.12110726643598616,-0.8754325259515571,-0.08650519031141868,-1.0,-0.02768166089965398,-0.43944636678200694,-0.06920415224913495,-0.4809688581314879,-0.11764705882352941,-0.35294117647058826,-0.1314878892733564,-0.2664359861591695,0.0726643598615917,-0.36678200692041524,0.01384083044982699,-0.3633217993079585,-0.02768166089965398,-0.24567474048442905,-0.03460207612456748,-0.15916955017301038
1,0.0,0.0,-0.14186851211072665,-0.04498269896193772,-0.2629757785467128,-0.1695501730103806,-0.23183391003460208,-0.2837370242214533,-0.1522491349480969,-0.370242214532872,-0.28719723183391005,-0.4429065743944637,-0.41522491349480967,-0.6332179930795848,-0.4844290657439446,-0.7474048442906575,-0.532871972318339,-0.8512110726643599,-0.16262975778546712,-0.47750865051903113,-0.17301038062283736,-0.7197231833910035,-0.1522491349480969,-0.8754325259515571,-0.12110726643598616,-1.0,-0.04498269896193772,-0.44982698961937717,-0.09688581314878893,-0.46366782006920415,-0.12802768166089964,-0.314878892733564,-0.12802768166089964,-0.22145328719723184,0.058823529411764705,-0.39100346020761245,-0.006920415224913495,-0.370242214532872,-0.03806228373702422,-0.2422145328719723,-0.03460207612456748,-0.15570934256055363
1,0.0,0.0,-0.1453287197231834,-0.03460207612456748,-0.27335640138408307,-0.1522491349480969,-0.25259515570934254,-0.2698961937716263,-0.18339100346020762,-0.3633217993079585,-0.3044982698961938,-0.42214532871972316,-0.4429065743944637,-0.6124567474048442,-0.5190311418685121,-0.7231833910034602,-0.5743944636678201,-0.8235294117647058,-0.18339100346020762,-0.46366782006920415,-0.20761245674740483,-0.7093425605536332,-0.1903114186851211,-0.8685121107266436,-0.16608996539792387,-1.0,-0.0657439446366782,-0.4429065743944637,-0.12802768166089964,-0.47058823529411764,-0.1522491349480969,-0.32525951557093424,-0.14878892733564014,-0.23183391003460208,0.03806228373702422,-0.3875432525951557,-0.031141868512110725,-0.3737024221453287,-0.058823529411764705,-0.24567474048442905,-0.05190311418685121,-0.15916955017301038
1,0.0,0.0,-0.14285714285714285,-0.03484320557491289,-0.28222996515679444,-0.15331010452961671,-0.25435540069686413,-0.2682926829268293,-0.17421602787456447,-0.3588850174216028,-0.3240418118466899,-0.42160278745644597,-0.46689895470383275,-0.6027874564459931,-0.5470383275261324,-0.710801393728223,-0.6062717770034843,-0.8083623693379791,-0.20209059233449478,-0.46689895470383275,-0.23344947735191637,-0.710801393728223,-0.22996515679442509,-0.867595818815331,-0.21254355400696864,-1.0,-0.08013937282229965,-0.445993031358885,-0.13937282229965156,-0.46689895470383275,-0.156794425087108,-0.32752613240418116,-0.14982578397212543,-0.23693379790940766,0.027874564459930314,-0.39372822299651566,-0.03832752613240418,-0.3623693379790941,-0.0627177700348432,-0.23693379790940766,-0.05226480836236934,-0.156794425087108
1,0.0,0.0,-0.14736842105263157,-0.028070175438596492,-0.2912280701754386,-0.15087719298245614,-0.2596491228070175,-0.2807017543859649,-0.17192982456140352,-0.37543859649122807,-0.3368421052631579,-0.41403508771929826,-0.48771929824561405,-0.5894736842105263,-0.5719298245614035,-0.6947368421052632,-0.6385964912280702,-0.7929824561403509,-0.22105263157894736,-0.4631578947368421,-0.2596491228070175,-0.7052631578947368,-0.26666666666666666,-0.8701754385964913,-0.256140350877193,-1.0,-0.09824561403508772,-0.44912280701754387,-0.1543859649122807,-0.47368421052631576,-0.17192982456140352,-0.3263157894736842,-0.16140350877192983,-0.23508771929824562,0.010526315789473684,-0.4,-0.05263157894736842,-0.37543859649122807,-0.07017543859649122,-0.24561403508771928,-0.05964912280701754,-0.16140350877192983
1,0.0,0.0,-0.15087719298245614,-0.028070175438596492,-0.29473684210526313,-0.15087719298245614,-0.26666666666666666,-0.2771929824561403,-0.1824561403508772,-0.3824561403508772,-0.3508771929824561,-0.40350877192982454,-0.5052631578947369,-0.5789473684210527,-0.5929824561403508,-0.6807017543859649,-0.6596491228070176,-0.775438596491228,-0.23508771929824562,-0.45964912280701753,-0.28771929824561404,-0.7017543859649122,-0.3017543859649123,-0.8666666666666667,-0.2982456140350877,-1.0,-0.11228070175438597,-0.4456140350877193,-0.17543859649122806,-0.4807017543859649,-0.18947368421052632,-0.3368421052631579,-0.17543859649122806,-0.24561403508771928,0.0,-0.40350877192982454,-0.07017543859649122,-0.37894736842105264,-0.08421052631578947,-0.24912280701754386,-0.06666666666666667,-0.16140350877192983
1,0.0,0.0,-0.15357142857142858,-0.025,-0.30357142857142855,-0.15,-0.2714285714285714,-0.28214285714285714,-0.18928571428571428,-0.3892857142857143,-0.36428571428571427,-0.40714285714285714,-0.5214285714285715,-0.5857142857142857,-0.6107142857142858,-0.6857142857142857,-0.675,-0.7785714285714286,-0.24642857142857144,-0.4642857142857143,-0.29285714285714287,-0.7107142857142857,-0.30714285714285716,-0.8714285714285714,-0.30714285714285716,-1.0,-0.12142857142857143,-0.45357142857142857,-0.18214285714285713,-0.4857142857142857,-0.20357142857142857,-0.3464285714285714,-0.19285714285714287,-0.2571428571428571,-0.007142857142857143,-0.40714285714285714,-0.07142857142857142,-0.37857142857142856,-0.08928571428571429,-0.24642857142857144,-0.075,-0.16428571428571428
1,0.0,0.0,-0.15770609318996415,-0.025089605734767026,-0.3118279569892473,-0.15412186379928317,-0.2831541218637993,-0.2903225806451613,-0.20430107526881722,-0.3978494623655914,-0.3727598566308244,-0.4050179211469534,-0.5340501792114696,-0.5770609318996416,-0.6236559139784946,-0.6774193548387096,-0.6953405017921147,-0.7706093189964157,-0.25448028673835127,-0.46236559139784944,-0.3118279569892473,-0.7060931899641577,-0.32974910394265233,-0.8673835125448028,-0.32974910394265233,-1.0,-0.12903225806451613,-0.4551971326164875,-0.1935483870967742,-0.4910394265232975,-0.2078853046594982,-0.34408602150537637,-0.1935483870967742,-0.24731182795698925,-0.014336917562724014,-0.40860215053763443,-0.07885304659498207,-0.37992831541218636,-0.0931899641577061,-0.24731182795698925,-0.07885304659498207,-0.16129032258064516
1,0.0,0.0,-0.15412186379928317,-0.025089605734767026,-0.30824372759856633,-0.15053763440860216,-0.27956989247311825,-0.2831541218637993,-0.2007168458781362,-0.3870967741935484,-0.36917562724014336,-0.4050179211469534,-0.5232974910394266,-0.5734767025089605,-0.6164874551971327,-0.6738351254480287,-0.6845878136200717,-0.7634408602150538,-0.25089605734767023,-0.46236559139784944,-0.3118279569892473,-0.7060931899641577,-0.32974910394265233,-0.8673835125448028,-0.32974910394265233,-1.0,-0.12544802867383512,-0.4551971326164875,-0.1827956989247312,-0.4874551971326165,-0.1971326164874552,-0.34408602150537637,-0.1863799283154122,-0.25089605734767023,-0.007168458781362007,-0.4121863799283154,-0.07526881720430108,-0.3835125448028674,-0.08960573476702509,-0.25448028673835127,-0.07526881720430108,-0.16487455197132617
1,0.0,0.0,-0.15467625899280577,-0.02877697841726619,-0.30935251798561153,-0.1474820143884892,-0.28776978417266186,-0.2697841726618705,-0.21223021582733814,-0.37410071942446044,-0.37050359712230213,-0.4136690647482014,-0.5323741007194245,-0.5755395683453237,-0.6294964028776978,-0.6726618705035972,-0.7050359712230215,-0.7589928057553957,-0.25539568345323743,-0.4676258992805755,-0.32014388489208634,-0.7050359712230215,-0.34172661870503596,-0.8669064748201439,-0.34172661870503596,-1.0,-0.13309352517985612,-0.460431654676259,-0.18705035971223022,-0.4856115107913669,-0.19784172661870503,-0.3381294964028777,-0.18345323741007194,-0.2446043165467626,-0.017985611510791366,-0.4136690647482014,-0.08633093525179857,-0.38848920863309355,-0.09352517985611511,-0.2589928057553957,-0.07194244604316546,-0.17266187050359713
1,0.0,0.0,-0.16058394160583941,-0.021897810218978103,-0.3248175182481752,-0.14233576642335766,-0.29927007299270075,-0.2773722627737226,-0.22627737226277372,-0.3905109489051095,-0.38686131386861317,-0.4051094890510949,-0.5583941605839416,-0.5693430656934306,-0.6605839416058394,-0.6678832116788321,-0.7408759124087592,-0.7591240875912408,-0.27007299270072993,-0.46715328467153283,-0.34306569343065696,-0.7043795620437956,-0.3686131386861314,-0.864963503649635,-0.3686131386861314,-1.0,-0.145985401459854,-0.4635036496350365,-0.20437956204379562,-0.4744525547445255,-0.20802919708029197,-0.3248175182481752,-0.1897810218978102,-0.22992700729927007,-0.032846715328467155,-0.4306569343065693,-0.10218978102189781,-0.38686131386861317,-0.10583941605839416,-0.24817518248175183,-0.08759124087591241,-0.16058394160583941
1,0.0,0.0,-0.16483516483516483,-0.02197802197802198,-0.32967032967032966,-0.13553113553113552,-0.315018315018315,-0.26373626373626374,-0.24175824175824176,-0.3772893772893773,-0.3882783882783883,-0.40293040293040294,-0.5641025641025641,-0.5677655677655677,-0.6703296703296703,-0.663003663003663,-0.7509157509157509,-0.7545787545787546,-0.27106227106227104,-0.46886446886446886,-0.3516483516483517,-0.7032967032967034,-0.38461538461538464,-0.8644688644688645,-0.3956043956043956,-1.0,-0.14285714285714285,-0.46886446886446886,-0.21245421245421245,-0.48717948717948717,-0.21978021978021978,-0.336996336996337,-0.20146520146520147,-0.23809523809523808,-0.02564102564102564,-0.4358974358974359,-0.10622710622710622,-0.4065934065934066,-0.11355311355311355,-0.2673992673992674,-0.09523809523809523,-0.17582417582417584
1,0.0,0.0,-0.16165413533834586,-0.018796992481203006,-0.3308270676691729,-0.12781954887218044,-0.32706766917293234,-0.2593984962406015,-0.2593984962406015,-0.37593984962406013,-0.40225563909774437,-0.40977443609022557,-0.5827067669172933,-0.5714285714285714,-0.6917293233082706,-0.6729323308270677,-0.7744360902255639,-0.7631578947368421,-0.2781954887218045,-0.47368421052631576,-0.3684210526315789,-0.7030075187969925,-0.40977443609022557,-0.8646616541353384,-0.42857142857142855,-1.0,-0.14661654135338345,-0.4774436090225564,-0.22556390977443608,-0.4849624060150376,-0.22932330827067668,-0.33458646616541354,-0.21428571428571427,-0.23684210526315788,-0.022556390977443608,-0.45112781954887216,-0.11278195488721804,-0.40601503759398494,-0.11278195488721804,-0.2669172932330827,-0.09022556390977443,-0.17669172932330826
1,0.0,0.0,-0.1634980988593156,-0.015209125475285171,-0.33460076045627374,-0.12547528517110265,-0.33460076045627374,-0.25475285171102663,-0.2737642585551331,-0.3726235741444867,-0.4144486692015209,-0.40304182509505704,-0.6007604562737643,-0.5627376425855514,-0.7110266159695817,-0.6577946768060836,-0.8022813688212928,-0.7490494296577946,-0.29277566539923955,-0.4714828897338403,-0.38783269961977185,-0.7034220532319392,-0.4372623574144487,-0.8631178707224335,-0.4600760456273764,-1.0,-0.1596958174904943,-0.4790874524714829,-0.23574144486692014,-0.4828897338403042,-0.24334600760456274,-0.33840304182509506,-0.22433460076045628,-0.23954372623574144,-0.034220532319391636,-0.4524714828897338,-0.11787072243346007,-0.41064638783269963,-0.12167300380228137,-0.2737642585551331,-0.09885931558935361,-0.18250950570342206
1,0.0,0.0,-0.16602316602316602,-0.003861003861003861,-0.3474903474903475,-0.11583011583011583,-0.35135135135135137,-0.2548262548262548,-0.2857142857142857,-0.3745173745173745,-0.4362934362934363,-0.39768339768339767,-0.6293436293436293,-0.5521235521235521,-0.7451737451737451,-0.6486486486486487,-0.833976833976834,-0.7374517374517374,-0.3088803088803089,-0.4671814671814672,-0.41312741312741313,-0.694980694980695,-0.4594594594594595,-0.861003861003861,-0.4826254826254826,-1.0,-0.17374517374517376,-0.47876447876447875,-0.2471042471042471,-0.47104247104247104,-0.2471042471042471,-0.3166023166023166,-0.22393822393822393,-0.21235521235521235,-0.04633204633204633,-0.4555984555984556,-0.1274131274131274,-0.4015444015444015,-0.1274131274131274,-0.25096525096525096,-0.09652509652509653,-0.1583011583011583
1,0.0,0.0,-0.17120622568093385,-0.0038910505836575876,-0.35797665369649806,-0.10505836575875487,-0.36964980544747084,-0.245136186770428,-0.30739299610894943,-0.36964980544747084,-0.4396887159533074,-0.38132295719844356,-0.6498054474708171,-0.5408560311284046,-0.77431906614786,-0.6342412451361867,-0.8715953307392996,-0.7237354085603113,-0.31906614785992216,-0.4591439688715953,-0.4357976653696498,-0.688715953307393,-0.490272373540856,-0.8560311284046692,-0.5214007782101168,-1.0,-0.1867704280155642,-0.4708171206225681,-0.2723735408560311,-0.47470817120622566,-0.26459143968871596,-0.311284046692607,-0.22957198443579765,-0.21011673151750973,-0.0622568093385214,-0.45136186770428016,-0.1517509727626459,-0.40077821011673154,-0.14396887159533073,-0.2529182879377432,-0.10894941634241245,-0.16342412451361868
1,0.0,0.0,-0.16796875,-0.00390625,-0.35546875,-0.1015625,-0.375,-0.23828125,-0.3125,-0.36328125,-0.44140625,-0.37890625,-0.65234375,-0.53515625,-0.78125,-0.62890625,-0.87890625,-0.71484375,-0.32421875,-0.45703125,-0.453125,-0.69140625,-0.5234375,-0.85546875,-0.55859375,-1.0,-0.19140625,-0.46875,-0.28125,-0.48046875,-0.26953125,-0.3203125,-0.23828125,-0.21484375,-0.06640625,-0.4453125,-0.15625,-0.40625,-0.1484375,-0.2578125,-0.109375,-0.1640625
1,0.0,0.0,-0.17391304347826086,0.003952569169960474,-0.36363636363636365,-0.08695652173913043,-0.383399209486166,-0.22529644268774704,-0.32806324110671936,-0.35177865612648224,-0.45454545454545453,-0.37549407114624506,-0.6719367588932806,-0.5296442687747036,-0.8023715415019763,-0.6245059288537549,-0.8972332015810277,-0.7154150197628458,-0.33201581027667987,-0.45454545454545453,-0.47035573122529645,-0.6837944664031621,-0.541501976284585,-0.849802371541502,-0.5770750988142292,-1.0,-0.1976284584980237,-0.47035573122529645,-0.2924901185770751,-0.48221343873517786,-0.28063241106719367,-0.3201581027667984,-0.2490118577075099,-0.21739130434782608,-0.07114624505928854,-0.44664031620553357,-0.16205533596837945,-0.4031620553359684,-0.1541501976284585,-0.25691699604743085,-0.11857707509881422,-0.16205533596837945
1,0.0,0.0,-0.17928286852589642,0.00398406374501992,-0.3784860557768924,-0.09163346613545817,-0.40239043824701193,-0.22709163346613545,-0.3346613545816733,-0.350597609561753,-0.46613545816733065,-0.3705179282868526,-0.6812749003984063,-0.5219123505976095,-0.8127490039840638,-0.6135458167330677,-0.9123505976095617,-0.701195219123506,-0.350597609561753,-0.4541832669322709,-0.4860557768924303,-0.6852589641434262,-0.5617529880478087,-0.848605577689243,-0.601593625498008,-1.0,-0.21912350597609562,-0.47410358565737054,-0.30278884462151395,-0.47808764940239046,-0.2908366533864542,-0.32270916334661354,-0.250996015936255,-0.22709163346613545,-0.09163346613545817,-0.4541832669322709,-0.1752988047808765,-0.3904382470119522,-0.1593625498007968,-0.24701195219123506,-0.11952191235059761,-0.1593625498007968
1,0.0,0.0,-0.16733067729083664,0.0,-0.3665338645418327,-0.09163346613545817,-0.38645418326693226,-0.22310756972111553,-0.33067729083665337,-0.350597609561753,-0.44621513944223107,-0.3705179282868526,-0.6613545816733067,-0.5258964143426295,-0.7928286852589641,-0.6175298804780877,-0.8924302788844621,-0.7051792828685259,-0.33067729083665337,-0.4541832669322709,-0.4701195219123506,-0.6852589641434262,-0.5378486055776892,-0.848605577689243,-0.5737051792828686,-1.0,-0.199203187250996,-0.47410358565737054,-0.2868525896414343,-0.47410358565737054,-0.2788844621513944,-0.32270916334661354,-0.24302788844621515,-0.22709163346613545,-0.07569721115537849,-0.4541832669322709,-0.16733067729083664,-0.38645418326693226,-0.1553784860557769,-0.23904382470119523,-0.11155378486055777,-0.14741035856573706
1,0.0,0.0,-0.1746031746031746,-0.003968253968253968,-0.3611111111111111,-0.10317460317460317,-0.373015873015873,-0.23412698412698413,-0.3134920634920635,-0.35714285714285715,-0.44047619047619047,-0.38492063492063494,-0.6507936507936508,-0.5436507936507936,-0.7777777777777778,-0.6309523809523809,-0.873015873015873,-0.7222222222222222,-0.3253968253968254,-0.46825396825396826,-0.44841269841269843,-0.6944444444444444,-0.503968253968254,-0.8571428571428571,-0.5357142857142857,-1.0,-0.19047619047619047,-0.4801587301587302,-0.2777777777777778,-0.46825396825396826,-0.2698412698412698,-0.31746031746031744,-0.23809523809523808,-0.2222222222222222,-0.07142857142857142,-0.4523809523809524,-0.15476190476190477,-0.376984126984127,-0.14682539682539683,-0.23809523809523808,-0.1111111111111111,-0.15873015873015872
1,0.0,0.0,-0.15891472868217055,-0.011627906976744186,-0.34108527131782945,-0.1124031007751938,-0.34108527131782945,-0.24031007751937986,-0.2713178294573643,-0.3643410852713178,-0.4069767441860465,-0.3992248062015504,-0.6046511627906976,-0.5542635658914729,-0.7248062015503876,-0.6472868217054264,-0.8178294573643411,-0.7364341085271318,-0.29069767441860467,-0.4689922480620155,-0.3992248062015504,-0.7015503875968992,-0.4496124031007752,-0.8604651162790697,-0.4728682170542636,-1.0,-0.15891472868217055,-0.4806201550387597,-0.2364341085271318,-0.4689922480620155,-0.24031007751937986,-0.313953488372093,-0.21705426356589147,-0.21705426356589147,-0.04263565891472868,-0.44573643410852715,-0.12403100775193798,-0.375968992248062,-0.12403100775193798,-0.2364341085271318,-0.09689922480620156,-0.15503875968992248
1,0.0,0.0,-0.16091954022988506,-0.019157088122605363,-0.3333333333333333,-0.13026819923371646,-0.32567049808429116,-0.26053639846743293,-0.26436781609195403,-0.3793103448275862,-0.39846743295019155,-0.4099616858237548,-0.5823754789272031,-0.5708812260536399,-0.6934865900383141,-0.6743295019157088,-0.7777777777777778,-0.7662835249042146,-0.27586206896551724,-0.4789272030651341,-0.367816091954023,-0.7126436781609196,-0.41379310344827586,-0.8659003831417624,-0.4329501915708812,-1.0,-0.1417624521072797,-0.48659003831417624,-0.2222222222222222,-0.48659003831417624,-0.2260536398467433,-0.3333333333333333,-0.20689655172413793,-0.23371647509578544,-0.022988505747126436,-0.4521072796934866,-0.10727969348659004,-0.38697318007662834,-0.11494252873563218,-0.24521072796934865,-0.08812260536398467,-0.15708812260536398
1,0.0,0.0,-0.16165413533834586,-0.02631578947368421,-0.3233082706766917,-0.13909774436090225,-0.3082706766917293,-0.2593984962406015,-0.24060150375939848,-0.37218045112781956,-0.38345864661654133,-0.41729323308270677,-0.5526315789473685,-0.5864661654135338,-0.6578947368421053,-0.6879699248120301,-0.7406015037593985,-0.7857142857142857,-0.2593984962406015,-0.4849624060150376,-0.3383458646616541,-0.7105263157894737,-0.36466165413533835,-0.8646616541353384,-0.37593984962406013,-1.0,-0.12781954887218044,-0.4849624060150376,-0.20300751879699247,-0.48120300751879697,-0.21052631578947367,-0.3383458646616541,-0.19172932330827067,-0.2518796992481203,-0.007518796992481203,-0.4473684210526316,-0.09774436090225563,-0.38345864661654133,-0.10150375939849623,-0.24812030075187969,-0.07894736842105263,-0.16541353383458646
1,0.0,0.0,-0.15498154981549817,-0.033210332103321034,-0.30996309963099633,-0.15498154981549817,-0.28413284132841327,-0.2767527675276753,-0.2140221402214022,-0.3800738007380074,-0.35793357933579334,-0.42435424354243545,-0.5202952029520295,-0.6014760147601476,-0.6162361623616236,-0.7047970479704797,-0.6937269372693727,-0.8044280442804428,-0.23247232472324722,-0.4797047970479705,-0.3025830258302583,-0.7121771217712177,-0.3247232472324723,-0.8671586715867159,-0.33210332103321033,-1.0,-0.1033210332103321,-0.47601476014760147,-0.17343173431734318,-0.47601476014760147,-0.17712177121771217,-0.3284132841328413,-0.15867158671586715,-0.23616236162361623,0.01107011070110701,-0.4354243542435424,-0.07011070110701106,-0.3837638376383764,-0.08487084870848709,-0.25092250922509224,-0.06642066420664207,-0.16605166051660517
1,0.0,0.0,-0.14336917562724014,-0.03942652329749104,-0.2867383512544803,-0.16487455197132617,-0.24731182795698925,-0.2867383512544803,-0.17562724014336917,-0.3906810035842294,-0.3225806451612903,-0.43010752688172044,-0.4659498207885305,-0.6057347670250897,-0.5519713261648745,-0.7132616487455197,-0.6164874551971327,-0.8136200716845878,-0.2007168458781362,-0.48028673835125446,-0.25089605734767023,-0.7132616487455197,-0.2616487455197133,-0.8709677419354839,-0.25448028673835127,-1.0,-0.07885304659498207,-0.46953405017921146,-0.13261648745519714,-0.46953405017921146,-0.14336917562724014,-0.3154121863799283,-0.13261648745519714,-0.21505376344086022,0.035842293906810034,-0.41935483870967744,-0.035842293906810034,-0.3727598566308244,-0.053763440860215055,-0.24014336917562723,-0.04659498207885305,-0.15770609318996415
1,0.0,0.0,-0.14685314685314685,-0.04195804195804196,-0.27972027972027974,-0.17482517482517482,-0.23076923076923078,-0.2937062937062937,-0.14335664335664336,-0.3811188811188811,-0.2972027972027972,-0.4405594405594406,-0.42657342657342656,-0.6258741258741258,-0.5034965034965035,-0.7342657342657343,-0.5629370629370629,-0.8321678321678322,-0.17482517482517482,-0.479020979020979,-0.1993006993006993,-0.7167832167832168,-0.20279720279720279,-0.8741258741258742,-0.1958041958041958,-1.0,-0.055944055944055944,-0.45104895104895104,-0.10139860139860139,-0.479020979020979,-0.1258741258741259,-0.3321678321678322,-0.12237762237762238,-0.23076923076923078,0.05244755244755245,-0.3881118881118881,-0.017482517482517484,-0.3741258741258741,-0.045454545454545456,-0.2517482517482518,-0.04895104895104895,-0.16433566433566432
1,0.0,0.0,-0.14186851211072665,-0.05190311418685121,-0.2664359861591695,-0.1903114186851211,-0.22145328719723184,-0.30103806228373703,-0.12802768166089964,-0.3737024221453287,-0.2698961937716263,-0.4532871972318339,-0.3875432525951557,-0.6366782006920415,-0.45674740484429066,-0.7508650519031141,-0.5086505190311419,-0.8546712802768166,-0.1453287197231834,-0.4809688581314879,-0.15570934256055363,-0.7197231833910035,-0.14186851211072665,-0.8754325259515571,-0.1245674740484429,-1.0,-0.02422145328719723,-0.4463667820069204,-0.0657439446366782,-0.4844290657439446,-0.10380622837370242,-0.3494809688581315,-0.11072664359861592,-0.25259515570934254,0.07612456747404844,-0.3771626297577855,0.01730103806228374,-0.3737024221453287,-0.02422145328719723,-0.2560553633217993,-0.03460207612456748,-0.1695501730103806
1,0.0,0.0,-0.14482758620689656,-0.06206896551724138,-0.2655172413793103,-0.2103448275862069,-0.2103448275862069,-0.32068965517241377,-0.1,-0.38620689655172413,-0.2482758620689655,-0.4724137931034483,-0.3586206896551724,-0.6586206896551724,-0.4206896551724138,-0.7724137931034483,-0.4689655172413793,-0.8758620689655172,-0.12413793103448276,-0.4896551724137931,-0.1206896551724138,-0.7275862068965517,-0.10344827586206896,-0.8793103448275862,-0.07931034482758621,-1.0,-0.006896551724137931,-0.4482758620689655,-0.041379310344827586,-0.49310344827586206,-0.0896551724137931,-0.3620689655172414,-0.1103448275862069,-0.2655172413793103,0.08620689655172414,-0.3758620689655172,0.034482758620689655,-0.3758620689655172,-0.010344827586206896,-0.2620689655172414,-0.027586206896551724,-0.1724137931034483
1,0.0,0.0,-0.13402061855670103,-0.06872852233676977,-0.24742268041237114,-0.21993127147766323,-0.1958762886597938,-0.3333333333333333,-0.07560137457044673,-0.3917525773195876,-0.21649484536082475,-0.47766323024054985,-0.31958762886597936,-0.6735395189003437,-0.38144329896907214,-0.7869415807560137,-0.42955326460481097,-0.8900343642611683,-0.09621993127147767,-0.4845360824742268,-0.09621993127147767,-0.7285223367697594,-0.07216494845360824,-0.8797250859106529,-0.037800687285223365,-1.0,0.01718213058419244,-0.436426116838488,-0.030927835051546393,-0.49140893470790376,-0.08934707903780069,-0.36769759450171824,-0.10652920962199312,-0.27491408934707906,0.10996563573883161,-0.36082474226804123,0.044673539518900345,-0.37800687285223367,-0.006872852233676976,-0.27147766323024053,-0.024054982817869417,-0.18556701030927836
1,0.0,0.0,-0.13402061855670103,-0.07216494845360824,-0.24054982817869416,-0.23367697594501718,-0.17869415807560138,-0.3470790378006873,-0.05154639175257732,-0.39862542955326463,-0.20618556701030927,-0.4845360824742268,-0.3024054982817869,-0.6838487972508591,-0.3642611683848797,-0.8006872852233677,-0.41237113402061853,-0.9037800687285223,-0.0859106529209622,-0.4879725085910653,-0.06872852233676977,-0.7319587628865979,-0.037800687285223365,-0.8797250859106529,0.0,-1.0,0.024054982817869417,-0.43986254295532645,-0.013745704467353952,-0.4879725085910653,-0.06872852233676977,-0.3642611683848797,-0.08934707903780069,-0.27491408934707906,0.10996563573883161,-0.35738831615120276,0.054982817869415807,-0.37800687285223367,0.003436426116838488,-0.27147766323024053,-0.013745704467353952,-0.18556701030927836
1,0.0,0.0,-0.13220338983050847,-0.07796610169491526,-0.23389830508474577,-0.24067796610169492,-0.1694915254237288,-0.3559322033898305,-0.03728813559322034,-0.39322033898305087,-0.18305084745762712,-0.488135593220339,-0.27796610169491526,-0.6847457627118644,-0.33559322033898303,-0.8033898305084746,-0.38305084745762713,-0.9084745762711864,-0.06440677966101695,-0.4915254237288136,-0.03728813559322034,-0.7288135593220338,-0.003389830508474576,-0.8779661016949153,0.03389830508474576,-1.0,0.03728813559322034,-0.43728813559322033,0.0,-0.4915254237288136,-0.06779661016949153,-0.37966101694915255,-0.09152542372881356,-0.2983050847457627,0.1152542372881356,-0.3525423728813559,0.061016949152542375,-0.376271186440678,0.003389830508474576,-0.28135593220338984,-0.013559322033898305,-0.20677966101694914
1,0.0,0.0,-0.12837837837837837,-0.08445945945945946,-0.22297297297297297,-0.26013513513513514,-0.14527027027027026,-0.36824324324324326,-0.013513513513513514,-0.40540540540540543,-0.16554054054054054,-0.4966216216216216,-0.2533783783783784,-0.6925675675675675,-0.30405405405405406,-0.8141891891891891,-0.34121621621621623,-0.918918918918919,-0.0472972972972973,-0.48986486486486486,-0.013513513513513514,-0.7297297297297297,0.02702702702702703,-0.8783783783783784,0.07094594594594594,-1.0,0.05405405405405406,-0.42905405405405406,0.02702702702702703,-0.49324324324324326,-0.04054054054054054,-0.3783783783783784,-0.06756756756756757,-0.2905405405405405,0.13851351351351351,-0.34121621621621623,0.08445945945945946,-0.3783783783783784,0.02702702702702703,-0.27702702702702703,0.006756756756756757,-0.19594594594594594
1,0.0,0.0,-0.13310580204778158,-0.08873720136518772,-0.22184300341296928,-0.2696245733788396,-0.13651877133105803,-0.3822525597269625,0.0034129692832764505,-0.40955631399317405,-0.15699658703071673,-0.49829351535836175,-0.2354948805460751,-0.6996587030716723,-0.27986348122866894,-0.8225255972696246,-0.31399317406143346,-0.9283276450511946,-0.040955631399317405,-0.49146757679180886,0.0034129692832764505,-0.7303754266211604,0.04778156996587031,-0.8805460750853242,0.09556313993174062,-1.0,0.05802047781569966,-0.42662116040955633,0.034129692832764506,-0.4880546075085324,-0.03754266211604096,-0.3720136518771331,-0.06484641638225255,-0.2901023890784983,0.13993174061433447,-0.3412969283276451,0.09215017064846416,-0.3856655290102389,0.034129692832764506,-0.2935153583617747,0.013651877133105802,-0.21843003412969283
1,0.0,0.0,-0.13013698630136986,-0.09246575342465753,-0.2089041095890411,-0.2773972602739726,-0.11986301369863013,-0.386986301369863,0.017123287671232876,-0.4075342465753425,-0.1404109589041096,-0.5068493150684932,-0.2054794520547945,-0.7123287671232876,-0.2465753424657534,-0.839041095890411,-0.273972602739726,-0.9486301369863014,-0.02054794520547945,-0.4931506849315068,0.03424657534246575,-0.7363013698630136,0.07876712328767123,-0.8835616438356164,0.13013698630136986,-1.0,0.07876712328767123,-0.4246575342465753,0.06506849315068493,-0.5,-0.010273972602739725,-0.3801369863013699,-0.04452054794520548,-0.2910958904109589,0.16095890410958905,-0.3287671232876712,0.11643835616438356,-0.3835616438356164,0.05136986301369863,-0.2876712328767123,0.0273972602739726,-0.2089041095890411
1,0.0,0.0,-0.12627986348122866,-0.09556313993174062,-0.20136518771331058,-0.2764505119453925,-0.10921501706484642,-0.3856655290102389,0.030716723549488054,-0.4061433447098976,-0.13651877133105803,-0.5051194539249146,-0.1945392491467577,-0.7167235494880546,-0.22525597269624573,-0.8498293515358362,-0.24573378839590443,-0.9590443686006825,-0.017064846416382253,-0.49146757679180886,0.04436860068259386,-0.7372013651877133,0.09897610921501707,-0.8839590443686007,0.15358361774744028,-1.0,0.08191126279863481,-0.4232081911262799,0.07508532423208192,-0.49829351535836175,0.0,-0.3822525597269625,-0.030716723549488054,-0.29692832764505117,0.16382252559726962,-0.3242320819112628,0.12627986348122866,-0.3856655290102389,0.06143344709897611,-0.2935153583617747,0.034129692832764506,-0.2150170648464164
1,0.0,0.0,-0.1296928327645051,-0.10580204778156997,-0.19112627986348124,-0.2901023890784983,-0.09215017064846416,-0.3890784982935154,0.034129692832764506,-0.40955631399317405,-0.12627986348122866,-0.5187713310580204,-0.17747440273037543,-0.7337883959044369,-0.20477815699658702,-0.8668941979522184,-0.22184300341296928,-0.9761092150170648,-0.006825938566552901,-0.5017064846416383,0.07508532423208192,-0.7372013651877133,0.12627986348122866,-0.8839590443686007,0.18088737201365188,-1.0,0.09215017064846416,-0.4232081911262799,0.08191126279863481,-0.49829351535836175,0.0034129692832764505,-0.3924914675767918,-0.027303754266211604,-0.310580204778157,0.16723549488054607,-0.3242320819112628,0.13310580204778158,-0.3822525597269625,0.06484641638225255,-0.2935153583617747,0.03754266211604096,-0.21843003412969283
1,0.0,0.0,-0.12714776632302405,-0.1134020618556701,-0.18213058419243985,-0.29896907216494845,-0.07560137457044673,-0.39862542955326463,0.05154639175257732,-0.41924398625429554,-0.10652920962199312,-0.5326460481099656,-0.15120274914089346,-0.7525773195876289,-0.17525773195876287,-0.8865979381443299,-0.18900343642611683,-1.0,0.013745704467353952,-0.5085910652920962,0.10309278350515463,-0.7457044673539519,0.16151202749140894,-0.8865979381443299,0.21993127147766323,-1.0,0.1134020618556701,-0.4261168384879725,0.09965635738831616,-0.5051546391752577,0.020618556701030927,-0.3917525773195876,-0.010309278350515464,-0.3127147766323024,0.18900343642611683,-0.3161512027491409,0.15120274914089346,-0.38144329896907214,0.07903780068728522,-0.2920962199312715,0.05154639175257732,-0.22336769759450173
1,0.0,0.0,-0.11764705882352941,-0.10726643598615918,-0.17301038062283736,-0.30103806228373703,-0.0726643598615917,-0.39792387543252594,0.06228373702422145,-0.41522491349480967,-0.09342560553633218,-0.5363321799307958,-0.1384083044982699,-0.7577854671280276,-0.15916955017301038,-0.889273356401384,-0.16608996539792387,-1.0,0.031141868512110725,-0.5086505190311419,0.1245674740484429,-0.7474048442906575,0.1903114186851211,-0.889273356401384,0.2491349480968858,-0.9965397923875432,0.1314878892733564,-0.4290657439446367,0.1245674740484429,-0.5051903114186851,0.03806228373702422,-0.39792387543252594,-0.0034602076124567475,-0.31833910034602075,0.20761245674740483,-0.32525951557093424,0.16262975778546712,-0.3771626297577855,0.08996539792387544,-0.2906574394463668,0.058823529411764705,-0.21453287197231835
1,0.0,0.0,-0.11379310344827587,-0.11379310344827587,-0.16551724137931034,-0.3,-0.05862068965517241,-0.39655172413793105,0.07241379310344828,-0.41379310344827586,-0.08275862068965517,-0.5379310344827586,-0.11724137931034483,-0.7586206896551724,-0.13448275862068965,-0.8896551724137931,-0.13793103448275862,-1.0,0.041379310344827586,-0.5103448275862069,0.1413793103448276,-0.7413793103448276,0.20689655172413793,-0.8758620689655172,0.27586206896551724,-0.9827586206896551,0.1413793103448276,-0.42758620689655175,0.1310344827586207,-0.496551724137931,0.041379310344827586,-0.3793103448275862,0.0034482758620689655,-0.30344827586206896,0.21724137931034482,-0.31724137931034485,0.17586206896551723,-0.3724137931034483,0.1,-0.2827586206896552,0.06896551724137931,-0.21724137931034482
1,0.0,0.0,-0.11986301369863013,-0.11986301369863013,-0.17123287671232876,-0.3082191780821918,-0.0684931506849315,-0.3972602739726027,0.06164383561643835,-0.4006849315068493,-0.0821917808219178,-0.5376712328767124,-0.11643835616438356,-0.7568493150684932,-0.13013698630136986,-0.886986301369863,-0.13356164383561644,-1.0,0.0410958904109589,-0.5068493150684932,0.1404109589041096,-0.7328767123287672,0.2089041095890411,-0.8698630136986302,0.2773972602739726,-0.9726027397260274,0.1404109589041096,-0.4246575342465753,0.11986301369863013,-0.4965753424657534,0.03424657534246575,-0.3835616438356164,0.0,-0.3047945205479452,0.21575342465753425,-0.3184931506849315,0.17465753424657535,-0.386986301369863,0.0958904109589041,-0.3047945205479452,0.06506849315068493,-0.23972602739726026
1,0.0,0.0,-0.11724137931034483,-0.11379310344827587,-0.16896551724137931,-0.296551724137931,-0.06896551724137931,-0.3896551724137931,0.06206896551724138,-0.4,-0.07931034482758621,-0.5379310344827586,-0.1103448275862069,-0.7586206896551724,-0.12758620689655173,-0.8896551724137931,-0.1310344827586207,-1.0,0.04827586206896552,-0.5103448275862069,0.14482758620689656,-0.7310344827586207,0.21724137931034482,-0.8655172413793103,0.2896551724137931,-0.9689655172413794,0.14482758620689656,-0.42758620689655175,0.1310344827586207,-0.4827586206896552,0.041379310344827586,-0.3689655172413793,0.0,-0.29310344827586204,0.2206896551724138,-0.32068965517241377,0.18620689655172415,-0.3758620689655172,0.10689655172413794,-0.29310344827586204,0.06896551724137931,-0.22758620689655173
1,0.0,0.0,-0.11418685121107267,-0.11418685121107267,-0.16262975778546712,-0.30103806228373703,-0.06228373702422145,-0.39100346020761245,0.0657439446366782,-0.3944636678200692,-0.07958477508650519,-0.5363321799307958,-0.11418685121107267,-0.754325259515571,-0.1314878892733564,-0.8858131487889274,-0.13494809688581316,-1.0,0.04844290657439446,-0.5086505190311419,0.14186851211072665,-0.7335640138408305,0.21107266435986158,-0.8685121107266436,0.2837370242214533,-0.972318339100346,0.14878892733564014,-0.4290657439446367,0.12110726643598616,-0.4809688581314879,0.03806228373702422,-0.3737024221453287,0.006920415224913495,-0.2975778546712803,0.22491349480968859,-0.32525951557093424,0.17301038062283736,-0.3737024221453287,0.09688581314878893,-0.29411764705882354,0.0657439446366782,-0.22837370242214533
1,0.0,0.0,-0.12152777777777778,-0.11458333333333333,-0.1736111111111111,-0.3020833333333333,-0.0625,-0.3923611111111111,0.06944444444444445,-0.3993055555555556,-0.09027777777777778,-0.5347222222222222,-0.12152777777777778,-0.7569444444444444,-0.13541666666666666,-0.8888888888888888,-0.13541666666666666,-1.0,0.03819444444444445,-0.5069444444444444,0.13194444444444445,-0.7361111111111112,0.20833333333333334,-0.8680555555555556,0.2847222222222222,-0.9756944444444444,0.1388888888888889,-0.4270833333333333,0.11805555555555555,-0.4930555555555556,0.03125,-0.375,0.0,-0.2951388888888889,0.21875,-0.3229166666666667,0.1736111111111111,-0.3923611111111111,0.10069444444444445,-0.3090277777777778,0.06944444444444445,-0.23958333333333334
1,0.0,0.0,-0.12152777777777778,-0.10416666666666667,-0.17708333333333334,-0.2916666666666667,-0.0763888888888889,-0.3854166666666667,0.05555555555555555,-0.3923611111111111,-0.09375,-0.5381944444444444,-0.1284722222222222,-0.7569444444444444,-0.14583333333333334,-0.8888888888888888,-0.1527777777777778,-1.0,0.034722222222222224,-0.5138888888888888,0.125,-0.7361111111111112,0.19791666666666666,-0.8715277777777778,0.2743055555555556,-0.9791666666666666,0.1388888888888889,-0.4340277777777778,0.11458333333333333,-0.4930555555555556,0.03125,-0.3784722222222222,-0.003472222222222222,-0.2986111111111111,0.2152777777777778,-0.3298611111111111,0.16319444444444445,-0.375,0.08680555555555555,-0.2916666666666667,0.05555555555555555,-0.22569444444444445
1,0.0,0.0,-0.12237762237762238,-0.10839160839160839,-0.18181818181818182,-0.2937062937062937,-0.06993006993006994,-0.3881118881118881,0.06643356643356643,-0.4090909090909091,-0.10139860139860139,-0.5314685314685315,-0.13986013986013987,-0.7517482517482518,-0.16083916083916083,-0.8846153846153846,-0.16783216783216784,-1.0,0.03146853146853147,-0.513986013986014,0.11538461538461539,-0.7447552447552448,0.1853146853146853,-0.8811188811188811,0.25524475524475526,-0.993006993006993,0.13636363636363635,-0.43356643356643354,0.11188811188811189,-0.486013986013986,0.027972027972027972,-0.36713286713286714,-0.0034965034965034965,-0.2902097902097902,0.21678321678321677,-0.3321678321678322,0.16433566433566432,-0.3706293706293706,0.09090909090909091,-0.27972027972027974,0.06293706293706294,-0.21328671328671328
1,0.0,0.0,-0.1258741258741259,-0.0979020979020979,-0.1853146853146853,-0.2762237762237762,-0.08041958041958042,-0.3741258741258741,0.045454545454545456,-0.3951048951048951,-0.11888111888111888,-0.5209790209790209,-0.16083916083916083,-0.7482517482517482,-0.18181818181818182,-0.8811188811188811,-0.19230769230769232,-0.9965034965034965,0.017482517482517484,-0.506993006993007,0.09090909090909091,-0.7412587412587412,0.15384615384615385,-0.8846153846153846,0.21678321678321677,-1.0,0.1258741258741259,-0.4370629370629371,0.0979020979020979,-0.48951048951048953,0.02097902097902098,-0.36713286713286714,-0.01048951048951049,-0.28321678321678323,0.21328671328671328,-0.33916083916083917,0.15384615384615385,-0.3706293706293706,0.08041958041958042,-0.2727272727272727,0.055944055944055944,-0.20279720279720279
1,0.0,0.0,-0.12110726643598616,-0.08650519031141868,-0.1903114186851211,-0.2629757785467128,-0.08650519031141868,-0.3633217993079585,0.04152249134948097,-0.38408304498269896,-0.13494809688581316,-0.5121107266435986,-0.17993079584775087,-0.7370242214532872,-0.20069204152249134,-0.8685121107266436,-0.21107266435986158,-0.9826989619377162,-0.0034602076124567475,-0.4982698961937716,0.058823529411764705,-0.7370242214532872,0.11764705882352941,-0.8788927335640139,0.17647058823529413,-1.0,0.10380622837370242,-0.4290657439446367,0.08996539792387544,-0.47058823529411764,0.01384083044982699,-0.3460207612456747,-0.01730103806228374,-0.2664359861591695,0.1903114186851211,-0.33217993079584773,0.14878892733564014,-0.3460207612456747,0.07612456747404844,-0.2491349480968858,0.04844290657439446,-0.17993079584775087
1,0.0,0.0,-0.12286689419795221,-0.09215017064846416,-0.20136518771331058,-0.2696245733788396,-0.10238907849829351,-0.3720136518771331,0.030716723549488054,-0.3856655290102389,-0.15017064846416384,-0.5085324232081911,-0.19795221843003413,-0.7235494880546075,-0.22184300341296928,-0.8532423208191127,-0.2354948805460751,-0.962457337883959,-0.017064846416382253,-0.49829351535836175,0.030716723549488054,-0.7303754266211604,0.08191126279863481,-0.8771331058020477,0.13310580204778158,-1.0,0.09897610921501707,-0.4300341296928328,0.08191126279863481,-0.47440273037542663,0.010238907849829351,-0.3583617747440273,-0.020477815699658702,-0.2764505119453925,0.18771331058020477,-0.33447098976109213,0.14334470989761092,-0.35494880546075086,0.07508532423208192,-0.2593856655290102,0.04778156996587031,-0.19112627986348124
1,0.0,0.0,-0.125,-0.08783783783783784,-0.19932432432432431,-0.2635135135135135,-0.09797297297297297,-0.36824324324324326,0.02702702702702703,-0.39864864864864863,-0.14864864864864866,-0.5,-0.20608108108108109,-0.7094594594594594,-0.23310810810810811,-0.8344594594594594,-0.25,-0.9425675675675675,-0.02027027027027027,-0.48986486486486486,0.016891891891891893,-0.7263513513513513,0.057432432432432436,-0.875,0.10135135135135136,-1.0,0.08783783783783784,-0.4222972972972973,0.07432432432432433,-0.47635135135135137,0.010135135135135136,-0.3547297297297297,-0.016891891891891893,-0.2702702702702703,0.17567567567567569,-0.3277027027027027,0.13851351351351351,-0.3581081081081081,0.07432432432432433,-0.26013513513513514,0.0472972972972973,-0.1858108108108108
1,0.0,0.0,-0.12162162162162163,-0.08783783783783784,-0.20270270270270271,-0.26013513513513514,-0.10472972972972973,-0.3614864864864865,0.02027027027027027,-0.3918918918918919,-0.1554054054054054,-0.49324324324324326,-0.21283783783783783,-0.7027027027027027,-0.24324324324324326,-0.831081081081081,-0.2635135135135135,-0.9391891891891891,-0.02702702702702703,-0.48986486486486486,0.0033783783783783786,-0.722972972972973,0.033783783783783786,-0.875,0.07094594594594594,-1.0,0.08108108108108109,-0.42905405405405406,0.06418918918918919,-0.47635135135135137,0.0,-0.36486486486486486,-0.030405405405405407,-0.28378378378378377,0.17229729729729729,-0.34121621621621623,0.12837837837837837,-0.36486486486486486,0.06756756756756757,-0.27364864864864863,0.04391891891891892,-0.20270270270270271
1,0.0,0.0,-0.1152542372881356,-0.08813559322033898,-0.19322033898305085,-0.26101694915254237,-0.09491525423728814,-0.36271186440677966,0.030508474576271188,-0.39661016949152544,-0.14915254237288136,-0.49830508474576274,-0.2033898305084746,-0.7050847457627119,-0.23728813559322035,-0.8305084745762712,-0.2576271186440678,-0.9355932203389831,-0.020338983050847456,-0.4915254237288136,0.0,-0.7254237288135593,0.02711864406779661,-0.8745762711864407,0.061016949152542375,-1.0,0.09152542372881356,-0.43389830508474575,0.07457627118644068,-0.47796610169491527,0.010169491525423728,-0.3593220338983051,-0.020338983050847456,-0.27796610169491526,0.18305084745762712,-0.34576271186440677,0.13559322033898305,-0.3525423728813559,0.0711864406779661,-0.2542372881355932,0.04745762711864407,-0.1864406779661017
1,0.0,0.0,-0.12162162162162163,-0.08108108108108109,-0.19932432432432431,-0.25675675675675674,-0.10472972972972973,-0.36486486486486486,0.02027027027027027,-0.3952702702702703,-0.1554054054054054,-0.48986486486486486,-0.21621621621621623,-0.6993243243243243,-0.25,-0.8243243243243243,-0.27702702702702703,-0.9290540540540541,-0.030405405405405407,-0.4864864864864865,-0.02027027027027027,-0.7263513513513513,-0.0033783783783783786,-0.8783783783783784,0.02702702702702703,-1.0,0.08445945945945946,-0.4222972972972973,0.057432432432432436,-0.47635135135135137,-0.0033783783783783786,-0.3547297297297297,-0.030405405405405407,-0.27364864864864863,0.17567567567567569,-0.3310810810810811,0.125,-0.3581081081081081,0.060810810810810814,-0.2635135135135135,0.04054054054054054,-0.19256756756756757
1,0.0,0.0,-0.11824324324324324,-0.08445945945945946,-0.19932432432432431,-0.25675675675675674,-0.10135135135135136,-0.36486486486486486,0.02364864864864865,-0.3952702702702703,-0.1554054054054054,-0.49324324324324326,-0.21621621621621623,-0.6993243243243243,-0.25,-0.8277027027027027,-0.27364864864864863,-0.9324324324324325,-0.030405405405405407,-0.48986486486486486,-0.030405405405405407,-0.7297297297297297,-0.02027027027027027,-0.8783783783783784,0.0033783783783783786,-1.0,0.08445945945945946,-0.42905405405405406,0.060810810810810814,-0.47635135135135137,-0.0033783783783783786,-0.3581081081081081,-0.033783783783783786,-0.2702702702702703,0.18243243243243243,-0.33783783783783783,0.125,-0.3581081081081081,0.060810810810810814,-0.26013513513513514,0.037162162162162164,-0.1891891891891892
1,0.0,0.0,-0.11447811447811448,-0.08417508417508418,-0.19865319865319866,-0.2558922558922559,-0.1111111111111111,-0.367003367003367,0.013468013468013467,-0.4006734006734007,-0.15488215488215487,-0.49158249158249157,-0.21885521885521886,-0.696969696969697,-0.25925925925925924,-0.8249158249158249,-0.2828282828282828,-0.9326599326599326,-0.030303030303030304,-0.49158249158249157,-0.04040404040404041,-0.7272727272727273,-0.037037037037037035,-0.8787878787878788,-0.020202020202020204,-1.0,0.08417508417508418,-0.43434343434343436,0.050505050505050504,-0.49158249158249157,-0.010101010101010102,-0.37373737373737376,-0.037037037037037035,-0.28619528619528617,0.17845117845117844,-0.3501683501683502,0.11784511784511785,-0.367003367003367,0.05387205387205387,-0.26936026936026936,0.037037037037037035,-0.19865319865319866
1,0.0,0.0,-0.11564625850340136,-0.08163265306122448,-0.20408163265306123,-0.25510204081632654,-0.11224489795918367,-0.36054421768707484,0.017006802721088437,-0.3877551020408163,-0.1564625850340136,-0.5,-0.22108843537414966,-0.7074829931972789,-0.2619047619047619,-0.8299319727891157,-0.2857142857142857,-0.935374149659864,-0.030612244897959183,-0.5,-0.047619047619047616,-0.7346938775510204,-0.047619047619047616,-0.8775510204081632,-0.034013605442176874,-1.0,0.08503401360544217,-0.4421768707482993,0.05782312925170068,-0.4897959183673469,-0.003401360544217687,-0.3673469387755102,-0.030612244897959183,-0.2755102040816326,0.1836734693877551,-0.35714285714285715,0.12585034013605442,-0.36054421768707484,0.06462585034013606,-0.2585034013605442,0.04081632653061224,-0.1836734693877551
1,0.0,0.0,-0.11564625850340136,-0.08163265306122448,-0.20408163265306123,-0.2585034013605442,-0.11224489795918367,-0.3707482993197279,0.013605442176870748,-0.3979591836734694,-0.16326530612244897,-0.4965986394557823,-0.23129251700680273,-0.7074829931972789,-0.2687074829931973,-0.8367346938775511,-0.2925170068027211,-0.9421768707482994,-0.04081632653061224,-0.5,-0.05442176870748299,-0.7346938775510204,-0.05782312925170068,-0.8809523809523809,-0.05442176870748299,-1.0,0.07482993197278912,-0.445578231292517,0.047619047619047616,-0.4931972789115646,-0.006802721088435374,-0.36394557823129253,-0.030612244897959183,-0.272108843537415,0.17006802721088435,-0.36054421768707484,0.11904761904761904,-0.3673469387755102,0.05782312925170068,-0.2619047619047619,0.03741496598639456,-0.1836734693877551
1,0.0,0.0,-0.11564625850340136,-0.08163265306122448,-0.2108843537414966,-0.25170068027210885,-0.12585034013605442,-0.35714285714285715,0.0,-0.391156462585034,-0.17346938775510204,-0.4965986394557823,-0.23809523809523808,-0.7006802721088435,-0.2755102040816326,-0.8231292517006803,-0.30952380952380953,-0.9285714285714286,-0.05102040816326531,-0.5,-0.06802721088435375,-0.7380952380952381,-0.0782312925170068,-0.8809523809523809,-0.08163265306122448,-1.0,0.06462585034013606,-0.4489795918367347,0.027210884353741496,-0.5034013605442177,-0.027210884353741496,-0.3877551020408163,-0.05102040816326531,-0.29931972789115646,0.16326530612244897,-0.3673469387755102,0.10204081632653061,-0.3673469387755102,0.04421768707482993,-0.2653061224489796,0.023809523809523808,-0.1870748299319728
1,0.0,0.0,-0.11864406779661017,-0.07796610169491526,-0.21016949152542372,-0.2440677966101695,-0.1288135593220339,-0.3525423728813559,-0.010169491525423728,-0.38305084745762713,-0.17627118644067796,-0.49491525423728816,-0.2440677966101695,-0.6983050847457627,-0.2847457627118644,-0.8203389830508474,-0.31864406779661014,-0.9254237288135593,-0.05423728813559322,-0.49491525423728816,-0.0711864406779661,-0.735593220338983,-0.08135593220338982,-0.8813559322033898,-0.0847457627118644,-1.0,0.06440677966101695,-0.4406779661016949,0.03389830508474576,-0.5084745762711864,-0.023728813559322035,-0.39322033898305087,-0.05423728813559322,-0.3050847457627119,0.16271186440677965,-0.3525423728813559,0.10508474576271186,-0.3728813559322034,0.04745762711864407,-0.2745762711864407,0.030508474576271188,-0.2
1,0.0,0.0,-0.11864406779661017,-0.08135593220338982,-0.2135593220338983,-0.25084745762711863,-0.13220338983050847,-0.36271186440677966,-0.006779661016949152,-0.4,-0.17288135593220338,-0.4915254237288136,-0.24745762711864408,-0.6983050847457627,-0.29491525423728815,-0.8203389830508474,-0.33220338983050846,-0.9254237288135593,-0.05423728813559322,-0.49491525423728816,-0.08135593220338982,-0.7322033898305085,-0.09491525423728814,-0.8779661016949153,-0.09830508474576272,-1.0,0.061016949152542375,-0.4440677966101695,0.02711864406779661,-0.5016949152542373,-0.02711864406779661,-0.38305084745762713,-0.05423728813559322,-0.29152542372881357,0.15932203389830507,-0.36271186440677966,0.09830508474576272,-0.376271186440678,0.04067796610169491,-0.2711864406779661,0.01694915254237288,-0.18983050847457628
1,0.0,0.0,-0.1267123287671233,-0.0821917808219178,-0.2226027397260274,-0.2568493150684932,-0.1404109589041096,-0.3698630136986301,-0.017123287671232876,-0.4075342465753425,-0.1815068493150685,-0.5,-0.2534246575342466,-0.7054794520547946,-0.2979452054794521,-0.8287671232876712,-0.3356164383561644,-0.934931506849315,-0.06164383561643835,-0.5034246575342466,-0.08904109589041095,-0.7431506849315068,-0.10616438356164383,-0.8835616438356164,-0.1095890410958904,-1.0,0.05136986301369863,-0.4589041095890411,0.00684931506849315,-0.5,-0.03767123287671233,-0.3801369863013699,-0.0547945205479452,-0.2910958904109589,0.14383561643835616,-0.3801369863013699,0.07876712328767123,-0.3732876712328767,0.0273972602739726,-0.2636986301369863,0.0136986301369863,-0.18493150684931506
1,0.0,0.0,-0.12371134020618557,-0.08247422680412371,-0.2268041237113402,-0.25773195876288657,-0.14432989690721648,-0.3745704467353952,-0.006872852233676976,-0.40893470790378006,-0.18213058419243985,-0.5017182130584192,-0.25773195876288657,-0.711340206185567,-0.30584192439862545,-0.8350515463917526,-0.3436426116838488,-0.9415807560137457,-0.061855670103092786,-0.5085910652920962,-0.09965635738831616,-0.7457044673539519,-0.11683848797250859,-0.8831615120274914,-0.12027491408934708,-1.0,0.05154639175257732,-0.46048109965635736,0.013745704467353952,-0.5189003436426117,-0.041237113402061855,-0.39862542955326463,-0.06529209621993128,-0.3127147766323024,0.15120274914089346,-0.37800687285223367,0.08247422680412371,-0.37800687285223367,0.027491408934707903,-0.26804123711340205,0.010309278350515464,-0.18900343642611683
1,0.0,0.0,-0.12714776632302405,-0.08247422680412371,-0.2268041237113402,-0.2611683848797251,-0.14776632302405499,-0.37800687285223367,-0.013745704467353952,-0.41580756013745707,-0.18556701030927836,-0.5017182130584192,-0.2611683848797251,-0.7044673539518901,-0.30927835051546393,-0.8316151202749141,-0.3470790378006873,-0.9347079037800687,-0.06872852233676977,-0.5120274914089347,-0.10652920962199312,-0.7491408934707904,-0.12714776632302405,-0.8865979381443299,-0.13402061855670103,-1.0,0.044673539518900345,-0.4639175257731959,0.013745704467353952,-0.5326460481099656,-0.041237113402061855,-0.41580756013745707,-0.06872852233676977,-0.32646048109965636,0.140893470790378,-0.38144329896907214,0.07560137457044673,-0.38144329896907214,0.020618556701030927,-0.27491408934707906,0.0,-0.19243986254295534
1,0.0,0.0,-0.12802768166089964,-0.08304498269896193,-0.23183391003460208,-0.2664359861591695,-0.15570934256055363,-0.3875432525951557,-0.031141868512110725,-0.43252595155709345,-0.18685121107266436,-0.5051903114186851,-0.27335640138408307,-0.7093425605536332,-0.328719723183391,-0.8339100346020761,-0.3737024221453287,-0.9377162629757786,-0.06920415224913495,-0.5121107266435986,-0.11072664359861592,-0.7508650519031141,-0.1314878892733564,-0.8858131487889274,-0.1453287197231834,-1.0,0.04498269896193772,-0.4671280276816609,0.006920415224913495,-0.5259515570934256,-0.04152249134948097,-0.40484429065743943,-0.06228373702422145,-0.314878892733564,0.1384083044982699,-0.39100346020761245,0.0726643598615917,-0.4013840830449827,0.02422145328719723,-0.28719723183391005,0.010380622837370242,-0.1972318339100346
1,0.0,0.0,-0.12802768166089964,-0.07958477508650519,-0.22837370242214533,-0.2560553633217993,-0.1522491349480969,-0.3771626297577855,-0.02768166089965398,-0.4290657439446367,-0.1903114186851211,-0.5017301038062284,-0.27335640138408307,-0.7058823529411765,-0.32525951557093424,-0.8304498269896193,-0.36678200692041524,-0.9342560553633218,-0.0726643598615917,-0.5121107266435986,-0.11418685121107267,-0.7474048442906575,-0.13494809688581316,-0.8858131487889274,-0.1453287197231834,-1.0,0.04152249134948097,-0.46366782006920415,0.006920415224913495,-0.5224913494809689,-0.04498269896193772,-0.4013840830449827,-0.06920415224913495,-0.31141868512110726,0.13494809688581316,-0.38408304498269896,0.0726643598615917,-0.3806228373702422,0.01730103806228374,-0.27335640138408307,0.0,-0.1903114186851211
1,0.0,0.0,-0.1245674740484429,-0.07958477508650519,-0.23183391003460208,-0.25259515570934254,-0.16608996539792387,-0.3806228373702422,-0.03806228373702422,-0.43252595155709345,-0.1903114186851211,-0.49480968858131485,-0.27335640138408307,-0.7024221453287197,-0.32525951557093424,-0.8269896193771626,-0.3633217993079585,-0.9342560553633218,-0.0726643598615917,-0.5051903114186851,-0.11764705882352941,-0.7439446366782007,-0.1384083044982699,-0.8858131487889274,-0.1453287197231834,-1.0,0.04152249134948097,-0.4602076124567474,0.0034602076124567475,-0.5224913494809689,-0.04844290657439446,-0.39100346020761245,-0.06920415224913495,-0.29411764705882354,0.1384083044982699,-0.38408304498269896,0.06920415224913495,-0.3875432525951557,0.01384083044982699,-0.27335640138408307,0.0,-0.1903114186851211
1,0.0,0.0,-0.12758620689655173,-0.07931034482758621,-0.23448275862068965,-0.2517241379310345,-0.16551724137931034,-0.3758620689655172,-0.03793103448275862,-0.4241379310344828,-0.19310344827586207,-0.496551724137931,-0.2793103448275862,-0.7034482758620689,-0.3310344827586207,-0.8241379310344827,-0.3724137931034483,-0.9310344827586207,-0.07586206896551724,-0.506896551724138,-0.1206896551724138,-0.7448275862068966,-0.1413793103448276,-0.8862068965517241,-0.1482758620689655,-1.0,0.03793103448275862,-0.46551724137931033,0.0,-0.5206896551724138,-0.05172413793103448,-0.3896551724137931,-0.07241379310344828,-0.29310344827586204,0.13448275862068965,-0.3896551724137931,0.06551724137931035,-0.38620689655172413,0.013793103448275862,-0.27586206896551724,0.0,-0.1896551724137931
1,0.0,0.0,-0.1254355400696864,-0.08013937282229965,-0.23344947735191637,-0.2508710801393728,-0.1672473867595819,-0.37282229965156793,-0.04529616724738676,-0.4250871080139373,-0.1916376306620209,-0.49825783972125437,-0.2787456445993031,-0.7038327526132404,-0.3310104529616725,-0.8257839721254355,-0.37282229965156793,-0.9303135888501742,-0.07665505226480836,-0.5087108013937283,-0.11846689895470383,-0.7491289198606271,-0.14285714285714285,-0.8850174216027874,-0.15331010452961671,-1.0,0.03832752613240418,-0.46689895470383275,0.003484320557491289,-0.5261324041811847,-0.05226480836236934,-0.40418118466898956,-0.07665505226480836,-0.313588850174216,0.13240418118466898,-0.3902439024390244,0.06620209059233449,-0.3832752613240418,0.010452961672473868,-0.27526132404181186,-0.003484320557491289,-0.1916376306620209
1,0.0,0.0,-0.1284722222222222,-0.0763888888888889,-0.2326388888888889,-0.2465277777777778,-0.16319444444444445,-0.3715277777777778,-0.041666666666666664,-0.4270833333333333,-0.19444444444444445,-0.4930555555555556,-0.28125,-0.7013888888888888,-0.3368055555555556,-0.8263888888888888,-0.375,-0.9305555555555556,-0.0763888888888889,-0.5,-0.125,-0.7430555555555556,-0.14583333333333334,-0.8854166666666666,-0.1527777777777778,-1.0,0.03819444444444445,-0.4548611111111111,-0.003472222222222222,-0.5138888888888888,-0.05555555555555555,-0.3888888888888889,-0.0763888888888889,-0.2916666666666667,0.13541666666666666,-0.375,0.06944444444444445,-0.3923611111111111,0.017361111111111112,-0.2777777777777778,0.0,-0.19444444444444445
1,0.0,0.0,-0.1289198606271777,-0.07665505226480836,-0.23693379790940766,-0.2508710801393728,-0.1672473867595819,-0.37630662020905925,-0.04529616724738676,-0.42857142857142855,-0.1986062717770035,-0.49477351916376305,-0.289198606271777,-0.7038327526132404,-0.34146341463414637,-0.8257839721254355,-0.3832752613240418,-0.9337979094076655,-0.08362369337979095,-0.5052264808362369,-0.1254355400696864,-0.7491289198606271,-0.14982578397212543,-0.8885017421602788,-0.156794425087108,-1.0,0.03484320557491289,-0.4634146341463415,-0.010452961672473868,-0.5261324041811847,-0.059233449477351915,-0.397212543554007,-0.07665505226480836,-0.29965156794425085,0.1289198606271777,-0.3902439024390244,0.059233449477351915,-0.3902439024390244,0.006968641114982578,-0.27526132404181186,-0.006968641114982578,-0.1916376306620209
1,0.0,0.0,-0.1284722222222222,-0.0763888888888889,-0.2361111111111111,-0.25,-0.1736111111111111,-0.3680555555555556,-0.05555555555555555,-0.4236111111111111,-0.19791666666666666,-0.4965277777777778,-0.2881944444444444,-0.7013888888888888,-0.3472222222222222,-0.8263888888888888,-0.3923611111111111,-0.9305555555555556,-0.0798611111111111,-0.5069444444444444,-0.1284722222222222,-0.7465277777777778,-0.15625,-0.8854166666666666,-0.16319444444444445,-1.0,0.034722222222222224,-0.4618055555555556,-0.006944444444444444,-0.5243055555555556,-0.05555555555555555,-0.3993055555555556,-0.0763888888888889,-0.3020833333333333,0.1284722222222222,-0.3888888888888889,0.059027777777777776,-0.3888888888888889,0.006944444444444444,-0.2777777777777778,-0.006944444444444444,-0.19444444444444445
1,0.0,0.0,-0.12802768166089964,-0.07612456747404844,-0.23529411764705882,-0.2491349480968858,-0.17301038062283736,-0.3771626297577855,-0.04844290657439446,-0.42560553633217996,-0.19377162629757785,-0.4913494809688581,-0.2837370242214533,-0.6955017301038062,-0.34256055363321797,-0.8166089965397924,-0.38408304498269896,-0.9204152249134948,-0.07958477508650519,-0.5017301038062284,-0.12802768166089964,-0.7439446366782007,-0.1522491349480969,-0.8858131487889274,-0.16262975778546712,-1.0,0.03806228373702422,-0.45674740484429066,-0.006920415224913495,-0.5224913494809689,-0.05536332179930796,-0.3875432525951557,-0.0726643598615917,-0.2906574394463668,0.13494809688581316,-0.3806228373702422,0.0657439446366782,-0.39792387543252594,0.01384083044982699,-0.2837370242214533,0.0,-0.20069204152249134
1,0.0,0.0,-0.12802768166089964,-0.07958477508650519,-0.23875432525951557,-0.25259515570934254,-0.17301038062283736,-0.3737024221453287,-0.04844290657439446,-0.4290657439446367,-0.1972318339100346,-0.49480968858131485,-0.28719723183391005,-0.7024221453287197,-0.34256055363321797,-0.8235294117647058,-0.3875432525951557,-0.9273356401384083,-0.08304498269896193,-0.5086505190311419,-0.1314878892733564,-0.7474048442906575,-0.15916955017301038,-0.8858131487889274,-0.16608996539792387,-1.0,0.03460207612456748,-0.4671280276816609,-0.01384083044982699,-0.5190311418685121,-0.06228373702422145,-0.38408304498269896,-0.07612456747404844,-0.28719723183391005,0.1314878892733564,-0.39100346020761245,0.05536332179930796,-0.3875432525951557,0.0034602076124567475,-0.2768166089965398,-0.006920415224913495,-0.1972318339100346
1,0.0,0.0,-0.1245674740484429,-0.07612456747404844,-0.23183391003460208,-0.24567474048442905,-0.1695501730103806,-0.3737024221453287,-0.04844290657439446,-0.4290657439446367,-0.20069204152249134,-0.4913494809688581,-0.28027681660899656,-0.698961937716263,-0.3356401384083045,-0.8235294117647058,-0.3737024221453287,-0.9307958477508651,-0.07958477508650519,-0.5017301038062284,-0.1314878892733564,-0.7439446366782007,-0.15570934256055363,-0.8823529411764706,-0.16608996539792387,-1.0,0.03806228373702422,-0.4532871972318339,-0.0034602076124567475,-0.532871972318339,-0.05536332179930796,-0.4013840830449827,-0.07612456747404844,-0.3044982698961938,0.13494809688581316,-0.3771626297577855,0.0657439446366782,-0.3944636678200692,0.01384083044982699,-0.2837370242214533,-0.0034602076124567475,-0.1972318339100346
1,0.0,0.0,-0.125,-0.0763888888888889,-0.22916666666666666,-0.2465277777777778,-0.16319444444444445,-0.3680555555555556,-0.04513888888888889,-0.4236111111111111,-0.1909722222222222,-0.4895833333333333,-0.2777777777777778,-0.6944444444444444,-0.3298611111111111,-0.8194444444444444,-0.3715277777777778,-0.9270833333333334,-0.07291666666666667,-0.4965277777777778,-0.12152777777777778,-0.7395833333333334,-0.14583333333333334,-0.8819444444444444,-0.1527777777777778,-1.0,0.04513888888888889,-0.4513888888888889,0.006944444444444444,-0.53125,-0.04513888888888889,-0.4027777777777778,-0.06597222222222222,-0.3055555555555556,0.1423611111111111,-0.3715277777777778,0.0798611111111111,-0.3993055555555556,0.024305555555555556,-0.2881944444444444,0.006944444444444444,-0.2013888888888889
1,0.0,0.0,-0.12758620689655173,-0.07931034482758621,-0.23448275862068965,-0.2482758620689655,-0.16551724137931034,-0.36551724137931035,-0.041379310344827586,-0.4103448275862069,-0.19655172413793104,-0.49310344827586206,-0.2827586206896552,-0.696551724137931,-0.33793103448275863,-0.8206896551724138,-0.3793103448275862,-0.9241379310344827,-0.07586206896551724,-0.503448275862069,-0.11724137931034483,-0.7413793103448276,-0.13793103448275862,-0.8827586206896552,-0.1413793103448276,-1.0,0.041379310344827586,-0.45517241379310347,0.0,-0.5137931034482759,-0.05517241379310345,-0.3896551724137931,-0.07586206896551724,-0.29310344827586204,0.13793103448275862,-0.3758620689655172,0.06896551724137931,-0.38275862068965516,0.017241379310344827,-0.27241379310344827,0.0,-0.1896551724137931
1,0.0,0.0,-0.12413793103448276,-0.07586206896551724,-0.23103448275862068,-0.2482758620689655,-0.16206896551724137,-0.3620689655172414,-0.041379310344827586,-0.4068965517241379,-0.19310344827586207,-0.496551724137931,-0.2827586206896552,-0.696551724137931,-0.33793103448275863,-0.8172413793103448,-0.3793103448275862,-0.9206896551724137,-0.07586206896551724,-0.503448275862069,-0.11379310344827587,-0.7379310344827587,-0.12758620689655173,-0.8793103448275862,-0.1310344827586207,-1.0,0.041379310344827586,-0.45517241379310347,0.006896551724137931,-0.503448275862069,-0.041379310344827586,-0.3793103448275862,-0.06206896551724138,-0.28620689655172415,0.13793103448275862,-0.3793103448275862,0.07586206896551724,-0.3758620689655172,0.020689655172413793,-0.2655172413793103,0.0,-0.18620689655172415
1,0.0,0.0,-0.12371134020618557,-0.07903780068728522,-0.2268041237113402,-0.24398625429553264,-0.15463917525773196,-0.35738831615120276,-0.037800687285223365,-0.40893470790378006,-0.18900343642611683,-0.4948453608247423,-0.27835051546391754,-0.6941580756013745,-0.32989690721649484,-0.8144329896907216,-0.3711340206185567,-0.9209621993127147,-0.06529209621993128,-0.5017182130584192,-0.10309278350515463,-0.7353951890034365,-0.12027491408934708,-0.8797250859106529,-0.12371134020618557,-1.0,0.054982817869415807,-0.45017182130584193,0.013745704467353952,-0.5154639175257731,-0.041237113402061855,-0.3917525773195876,-0.06872852233676977,-0.29896907216494845,0.15120274914089346,-0.3711340206185567,0.08247422680412371,-0.37800687285223367,0.024054982817869417,-0.27147766323024053,0.003436426116838488,-0.18556701030927836
1,0.0,0.0,-0.1314878892733564,-0.07612456747404844,-0.23529411764705882,-0.2491349480968858,-0.1695501730103806,-0.36678200692041524,-0.05536332179930796,-0.4117647058823529,-0.19377162629757785,-0.49480968858131485,-0.28027681660899656,-0.698961937716263,-0.3356401384083045,-0.8235294117647058,-0.3806228373702422,-0.9273356401384083,-0.0726643598615917,-0.5017301038062284,-0.11072664359861592,-0.7370242214532872,-0.1245674740484429,-0.8788927335640139,-0.12802768166089964,-1.0,0.04498269896193772,-0.4532871972318339,0.0034602076124567475,-0.5086505190311419,-0.04844290657439446,-0.3806228373702422,-0.06920415224913495,-0.2837370242214533,0.14186851211072665,-0.3737024221453287,0.07612456747404844,-0.3875432525951557,0.02422145328719723,-0.28027681660899656,0.006920415224913495,-0.1972318339100346
1,0.0,0.0,-0.12758620689655173,-0.07586206896551724,-0.23103448275862068,-0.24482758620689654,-0.15862068965517243,-0.3620689655172414,-0.03793103448275862,-0.4068965517241379,-0.19655172413793104,-0.49310344827586206,-0.2827586206896552,-0.6931034482758621,-0.33793103448275863,-0.8172413793103448,-0.3793103448275862,-0.9206896551724137,-0.07241379310344828,-0.496551724137931,-0.11379310344827587,-0.7379310344827587,-0.12758620689655173,-0.8827586206896552,-0.12758620689655173,-1.0,0.04482758620689655,-0.4482758620689655,0.006896551724137931,-0.5,-0.04482758620689655,-0.3758620689655172,-0.06896551724137931,-0.2827586206896552,0.1413793103448276,-0.36551724137931035,0.07586206896551724,-0.3758620689655172,0.020689655172413793,-0.2689655172413793,0.0034482758620689655,-0.18620689655172415
1,0.0,0.0,-0.13058419243986255,-0.07560137457044673,-0.23711340206185566,-0.24398625429553264,-0.16494845360824742,-0.35051546391752575,-0.044673539518900345,-0.38831615120274915,-0.2027491408934708,-0.5051546391752577,-0.28865979381443296,-0.7010309278350515,-0.3436426116838488,-0.8213058419243986,-0.3848797250859107,-0.9278350515463918,-0.07560137457044673,-0.5085910652920962,-0.10652920962199312,-0.738831615120275,-0.12371134020618557,-0.8797250859106529,-0.12714776632302405,-1.0,0.041237113402061855,-0.4570446735395189,0.010309278350515464,-0.5120274914089347,-0.044673539518900345,-0.38831615120274915,-0.07216494845360824,-0.29553264604810997,0.140893470790378,-0.3745704467353952,0.07903780068728522,-0.3711340206185567,0.020618556701030927,-0.2646048109965636,0.0,-0.18556701030927836
1,0.0,0.0,-0.12286689419795221,-0.07508532423208192,-0.22866894197952217,-0.23890784982935154,-0.15358361774744028,-0.34812286689419797,-0.03754266211604096,-0.3890784982935154,-0.1945392491467577,-0.49829351535836175,-0.27986348122866894,-0.6962457337883959,-0.33447098976109213,-0.8156996587030717,-0.3720136518771331,-0.9180887372013652,-0.06825938566552901,-0.5017064846416383,-0.09556313993174062,-0.7372013651877133,-0.10580204778156997,-0.8805460750853242,-0.10238907849829351,-1.0,0.051194539249146756,-0.45051194539249145,0.013651877133105802,-0.5017064846416383,-0.040955631399317405,-0.37542662116040953,-0.06484641638225255,-0.2832764505119454,0.14675767918088736,-0.36860068259385664,0.08532423208191127,-0.3720136518771331,0.027303754266211604,-0.26621160409556316,0.006825938566552901,-0.18771331058020477
1,0.0,0.0,-0.12627986348122866,-0.07508532423208192,-0.22866894197952217,-0.24232081911262798,-0.15699658703071673,-0.3447098976109215,-0.034129692832764506,-0.378839590443686,-0.19112627986348124,-0.49829351535836175,-0.27986348122866894,-0.6928327645051194,-0.3310580204778157,-0.8122866894197952,-0.36860068259385664,-0.9146757679180887,-0.06825938566552901,-0.5017064846416383,-0.08532423208191127,-0.7337883959044369,-0.09215017064846416,-0.8771331058020477,-0.08532423208191127,-1.0,0.051194539249146756,-0.45051194539249145,0.020477815699658702,-0.5017064846416383,-0.034129692832764506,-0.3822525597269625,-0.06143344709897611,-0.2935153583617747,0.14675767918088736,-0.36860068259385664,0.08873720136518772,-0.3720136518771331,0.034129692832764506,-0.26621160409556316,0.013651877133105802,-0.18771331058020477
1,0.0,0.0,-0.1232876712328767,-0.07876712328767123,-0.22602739726027396,-0.2465753424657534,-0.1506849315068493,-0.3527397260273973,-0.0273972602739726,-0.3904109589041096,-0.18835616438356165,-0.4965753424657534,-0.2773972602739726,-0.6917808219178082,-0.3321917808219178,-0.8082191780821918,-0.3698630136986301,-0.910958904109589,-0.06164383561643835,-0.5034246575342466,-0.0684931506849315,-0.7363013698630136,-0.06164383561643835,-0.8801369863013698,-0.04452054794520548,-1.0,0.05136986301369863,-0.4520547945205479,0.02054794520547945,-0.4965753424657534,-0.03767123287671233,-0.3767123287671233,-0.06164383561643835,-0.2910958904109589,0.14726027397260275,-0.3698630136986301,0.0821917808219178,-0.3664383561643836,0.023972602739726026,-0.2636986301369863,0.00684931506849315,-0.18493150684931506
1,0.0,0.0,-0.125,-0.0777027027027027,-0.22297297297297297,-0.24324324324324326,-0.14864864864864866,-0.34797297297297297,-0.033783783783783786,-0.3885135135135135,-0.18243243243243243,-0.49324324324324326,-0.2668918918918919,-0.6858108108108109,-0.31756756756756754,-0.8040540540540541,-0.3547297297297297,-0.9054054054054054,-0.057432432432432436,-0.4966216216216216,-0.05405405405405406,-0.7331081081081081,-0.037162162162162164,-0.8783783783783784,-0.013513513513513514,-1.0,0.05405405405405406,-0.44256756756756754,0.02702702702702703,-0.49324324324324326,-0.030405405405405407,-0.375,-0.05405405405405406,-0.28716216216216217,0.14864864864864866,-0.3581081081081081,0.08783783783783784,-0.3716216216216216,0.033783783783783786,-0.2668918918918919,0.013513513513513514,-0.1858108108108108
1,0.0,0.0,-0.12627986348122866,-0.07849829351535836,-0.22525597269624573,-0.24914675767918087,-0.15358361774744028,-0.3515358361774744,-0.034129692832764506,-0.3856655290102389,-0.19112627986348124,-0.5051194539249146,-0.2764505119453925,-0.6996587030716723,-0.32764505119453924,-0.8191126279863481,-0.36860068259385664,-0.9215017064846417,-0.06143344709897611,-0.5051194539249146,-0.051194539249146756,-0.7337883959044369,-0.027303754266211604,-0.8805460750853242,0.0034129692832764505,-1.0,0.051194539249146756,-0.447098976109215,0.027303754266211604,-0.4880546075085324,-0.030716723549488054,-0.36860068259385664,-0.05460750853242321,-0.2764505119453925,0.14334470989761092,-0.36177474402730375,0.08532423208191127,-0.35494880546075086,0.030716723549488054,-0.2525597269624573,0.013651877133105802,-0.17747440273037543
1,0.0,0.0,-0.1267123287671233,-0.07191780821917808,-0.22945205479452055,-0.2363013698630137,-0.1541095890410959,-0.339041095890411,-0.030821917808219176,-0.3801369863013699,-0.1917808219178082,-0.4965753424657534,-0.273972602739726,-0.6986301369863014,-0.3253424657534247,-0.815068493150685,-0.363013698630137,-0.9212328767123288,-0.06506849315068493,-0.4965753424657534,-0.05136986301369863,-0.7328767123287672,-0.023972602739726026,-0.8767123287671232,0.00684931506849315,-1.0,0.04794520547945205,-0.4452054794520548,0.0273972602739726,-0.4828767123287671,-0.030821917808219176,-0.3698630136986301,-0.05821917808219178,-0.2842465753424658,0.1404109589041096,-0.3595890410958904,0.08561643835616438,-0.3527397260273973,0.030821917808219176,-0.2534246575342466,0.0136986301369863,-0.17465753424657535
1,0.0,0.0,-0.12627986348122866,-0.07167235494880546,-0.22525597269624573,-0.2354948805460751,-0.15017064846416384,-0.3412969283276451,-0.034129692832764506,-0.3924914675767918,-0.18771331058020477,-0.49146757679180886,-0.27303754266211605,-0.689419795221843,-0.3242320819112628,-0.8088737201365188,-0.36177474402730375,-0.9146757679180887,-0.06143344709897611,-0.4948805460750853,-0.051194539249146756,-0.726962457337884,-0.023890784982935155,-0.8771331058020477,0.006825938566552901,-1.0,0.051194539249146756,-0.43686006825938567,0.023890784982935155,-0.48464163822525597,-0.03754266211604096,-0.36177474402730375,-0.06143344709897611,-0.27303754266211605,0.14334470989761092,-0.35494880546075086,0.08532423208191127,-0.36177474402730375,0.030716723549488054,-0.25597269624573377,0.013651877133105802,-0.18088737201365188
1,0.0,0.0,-0.1296928327645051,-0.07508532423208192,-0.23208191126279865,-0.24232081911262798,-0.15358361774744028,-0.34812286689419797,-0.034129692832764506,-0.3890784982935154,-0.1945392491467577,-0.49829351535836175,-0.27986348122866894,-0.6962457337883959,-0.33447098976109213,-0.8122866894197952,-0.3720136518771331,-0.9180887372013652,-0.06484641638225255,-0.49829351535836175,-0.05460750853242321,-0.7303754266211604,-0.027303754266211604,-0.8771331058020477,0.006825938566552901,-1.0,0.051194539249146756,-0.44368600682593856,0.023890784982935155,-0.4812286689419795,-0.034129692832764506,-0.35494880546075086,-0.05460750853242321,-0.2627986348122867,0.14334470989761092,-0.35494880546075086,0.08532423208191127,-0.3651877133105802,0.027303754266211604,-0.2593856655290102,0.010238907849829351,-0.17747440273037543
1,0.0,0.0,-0.1267123287671233,-0.07534246575342465,-0.22602739726027396,-0.23972602739726026,-0.15753424657534246,-0.3458904109589041,-0.0410958904109589,-0.3904109589041096,-0.19863013698630136,-0.4965753424657534,-0.2876712328767123,-0.6917808219178082,-0.339041095890411,-0.8116438356164384,-0.3767123287671233,-0.9143835616438356,-0.07191780821917808,-0.5,-0.0547945205479452,-0.7328767123287672,-0.0273972602739726,-0.8801369863013698,0.00684931506849315,-1.0,0.04452054794520548,-0.4452054794520548,0.0136986301369863,-0.4828767123287671,-0.0410958904109589,-0.3561643835616438,-0.06164383561643835,-0.2705479452054795,0.136986301369863,-0.363013698630137,0.07534246575342465,-0.3595890410958904,0.023972602739726026,-0.2568493150684932,0.00684931506849315,-0.18493150684931506
1,0.0,0.0,-0.13310580204778158,-0.07167235494880546,-0.2354948805460751,-0.23890784982935154,-0.16723549488054607,-0.3447098976109215,-0.04778156996587031,-0.3856655290102389,-0.20477815699658702,-0.49829351535836175,-0.29692832764505117,-0.689419795221843,-0.35494880546075086,-0.8088737201365188,-0.39590443686006827,-0.9112627986348123,-0.07849829351535836,-0.49829351535836175,-0.06484641638225255,-0.7303754266211604,-0.034129692832764506,-0.8771331058020477,0.0034129692832764505,-1.0,0.034129692832764506,-0.44368600682593856,0.0034129692832764505,-0.48464163822525597,-0.051194539249146756,-0.3583617747440273,-0.07167235494880546,-0.2696245733788396,0.12627986348122866,-0.3583617747440273,0.06825938566552901,-0.36177474402730375,0.017064846416382253,-0.2593856655290102,0.0,-0.18088737201365188
1,0.0,0.0,-0.13310580204778158,-0.07508532423208192,-0.2354948805460751,-0.23890784982935154,-0.16723549488054607,-0.3412969283276451,-0.04778156996587031,-0.3822525597269625,-0.20819112627986347,-0.4948805460750853,-0.3003412969283277,-0.689419795221843,-0.3583617747440273,-0.8054607508532423,-0.40273037542662116,-0.9078498293515358,-0.07849829351535836,-0.5017064846416383,-0.06484641638225255,-0.7337883959044369,-0.034129692832764506,-0.8805460750853242,0.006825938566552901,-1.0,0.034129692832764506,-0.45051194539249145,-0.0034129692832764505,-0.4778156996587031,-0.05802047781569966,-0.3651877133105802,-0.07508532423208192,-0.28668941979522183,0.12286689419795221,-0.3651877133105802,0.06143344709897611,-0.3515358361774744,0.013651877133105802,-0.2525597269624573,0.0034129692832764505,-0.18088737201365188
1,0.0,0.0,-0.13402061855670103,-0.06872852233676977,-0.24054982817869416,-0.23024054982817868,-0.17525773195876287,-0.33676975945017185,-0.058419243986254296,-0.38144329896907214,-0.21649484536082475,-0.4948453608247423,-0.3127147766323024,-0.6907216494845361,-0.3711340206185567,-0.8075601374570447,-0.41237113402061853,-0.9072164948453608,-0.08934707903780069,-0.5017182130584192,-0.07216494845360824,-0.7353951890034365,-0.041237113402061855,-0.8797250859106529,-0.003436426116838488,-1.0,0.020618556701030927,-0.44673539518900346,-0.006872852233676976,-0.48109965635738833,-0.061855670103092786,-0.36082474226804123,-0.08247422680412371,-0.27835051546391754,0.1134020618556701,-0.3642611683848797,0.054982817869415807,-0.35738831615120276,0.006872852233676976,-0.2542955326460481,-0.003436426116838488,-0.17869415807560138
1,0.0,0.0,-0.13448275862068965,-0.06896551724137931,-0.24482758620689654,-0.23103448275862068,-0.18275862068965518,-0.33793103448275863,-0.06206896551724138,-0.38275862068965516,-0.22413793103448276,-0.496551724137931,-0.32413793103448274,-0.6896551724137931,-0.3793103448275862,-0.803448275862069,-0.4241379310344828,-0.903448275862069,-0.1,-0.5,-0.07931034482758621,-0.7344827586206897,-0.04482758620689655,-0.8793103448275862,-0.006896551724137931,-1.0,0.010344827586206896,-0.4482758620689655,-0.010344827586206896,-0.4862068965517241,-0.06551724137931035,-0.3689655172413793,-0.08620689655172414,-0.28620689655172415,0.1,-0.36551724137931035,0.04827586206896552,-0.3689655172413793,0.0034482758620689655,-0.2655172413793103,-0.010344827586206896,-0.18620689655172415
1,0.0,0.0,-0.13588850174216027,-0.07317073170731707,-0.24738675958188153,-0.23693379790940766,-0.18118466898954705,-0.34494773519163763,-0.05226480836236934,-0.3902439024390244,-0.21602787456445993,-0.49825783972125437,-0.3170731707317073,-0.6898954703832753,-0.3832752613240418,-0.8048780487804879,-0.43205574912891986,-0.9059233449477352,-0.09059233449477352,-0.5052264808362369,-0.07665505226480836,-0.735191637630662,-0.04878048780487805,-0.8815331010452961,-0.013937282229965157,-1.0,0.017421602787456445,-0.4529616724738676,-0.010452961672473868,-0.4878048780487805,-0.06968641114982578,-0.37282229965156793,-0.09059233449477352,-0.289198606271777,0.10801393728222997,-0.37282229965156793,0.05226480836236934,-0.3623693379790941,0.003484320557491289,-0.2613240418118467,-0.006968641114982578,-0.18466898954703834
1,0.0,0.0,-0.1368421052631579,-0.06666666666666667,-0.25263157894736843,-0.23157894736842105,-0.18947368421052632,-0.34035087719298246,-0.06666666666666667,-0.3894736842105263,-0.23157894736842105,-0.4982456140350877,-0.3298245614035088,-0.6912280701754386,-0.3929824561403509,-0.8105263157894737,-0.43859649122807015,-0.9122807017543859,-0.10526315789473684,-0.5052631578947369,-0.0912280701754386,-0.7368421052631579,-0.06666666666666667,-0.8807017543859649,-0.03508771929824561,-1.0,0.010526315789473684,-0.45614035087719296,-0.02456140350877193,-0.49122807017543857,-0.07719298245614035,-0.3719298245614035,-0.09824561403508772,-0.28771929824561404,0.10175438596491228,-0.37543859649122807,0.042105263157894736,-0.3649122807017544,-0.0035087719298245615,-0.256140350877193,-0.017543859649122806,-0.17894736842105263
1,0.0,0.0,-0.1443661971830986,-0.07394366197183098,-0.2535211267605634,-0.23943661971830985,-0.18309859154929578,-0.3485915492957746,-0.06338028169014084,-0.39436619718309857,-0.22535211267605634,-0.5035211267605634,-0.323943661971831,-0.6936619718309859,-0.38028169014084506,-0.8098591549295775,-0.426056338028169,-0.9119718309859155,-0.09859154929577464,-0.5105633802816901,-0.09154929577464789,-0.7394366197183099,-0.07394366197183098,-0.8838028169014085,-0.04929577464788732,-1.0,0.017605633802816902,-0.45774647887323944,-0.007042253521126761,-0.5,-0.06338028169014084,-0.3767605633802817,-0.0880281690140845,-0.2852112676056338,0.11267605633802817,-0.3732394366197183,0.06338028169014084,-0.38380281690140844,0.014084507042253521,-0.2746478873239437,-0.007042253521126761,-0.19014084507042253
1,0.0,0.0,-0.1392857142857143,-0.06785714285714285,-0.25357142857142856,-0.2357142857142857,-0.18214285714285713,-0.35,-0.060714285714285714,-0.4035714285714286,-0.22857142857142856,-0.5071428571428571,-0.32857142857142857,-0.7035714285714286,-0.3892857142857143,-0.825,-0.4357142857142857,-0.9285714285714286,-0.1,-0.5142857142857142,-0.1,-0.7428571428571429,-0.08928571428571429,-0.8821428571428571,-0.06785714285714285,-1.0,0.014285714285714285,-0.4607142857142857,-0.014285714285714285,-0.5071428571428571,-0.06785714285714285,-0.3821428571428571,-0.08928571428571429,-0.2892857142857143,0.11071428571428571,-0.375,0.05357142857142857,-0.38571428571428573,0.007142857142857143,-0.275,-0.0035714285714285713,-0.19285714285714287
1,0.0,0.0,-0.14285714285714285,-0.07142857142857142,-0.2571428571428571,-0.23214285714285715,-0.19285714285714287,-0.3392857142857143,-0.075,-0.39285714285714285,-0.2357142857142857,-0.5035714285714286,-0.33214285714285713,-0.6964285714285714,-0.3892857142857143,-0.8178571428571428,-0.4357142857142857,-0.9178571428571428,-0.11071428571428571,-0.5142857142857142,-0.11071428571428571,-0.7428571428571429,-0.10714285714285714,-0.8857142857142857,-0.09285714285714286,-1.0,0.0035714285714285713,-0.4642857142857143,-0.03214285714285714,-0.5,-0.08571428571428572,-0.38571428571428573,-0.10714285714285714,-0.30357142857142855,0.09642857142857143,-0.38571428571428573,0.04285714285714286,-0.375,-0.007142857142857143,-0.275,-0.02142857142857143,-0.2
1,0.0,0.0,-0.14285714285714285,-0.07142857142857142,-0.25357142857142856,-0.23214285714285715,-0.18571428571428572,-0.34285714285714286,-0.06785714285714285,-0.3892857142857143,-0.23214285714285715,-0.5071428571428571,-0.325,-0.7,-0.38571428571428573,-0.8214285714285714,-0.42857142857142855,-0.925,-0.10357142857142858,-0.5071428571428571,-0.11071428571428571,-0.7392857142857143,-0.11428571428571428,-0.8821428571428571,-0.10714285714285714,-1.0,0.014285714285714285,-0.45357142857142857,-0.014285714285714285,-0.5107142857142857,-0.07142857142857142,-0.38571428571428573,-0.09285714285714286,-0.29285714285714287,0.11071428571428571,-0.3678571428571429,0.060714285714285714,-0.38571428571428573,0.007142857142857143,-0.2785714285714286,-0.010714285714285714,-0.19642857142857142
1,0.0,0.0,-0.14590747330960854,-0.06761565836298933,-0.2597864768683274,-0.2313167259786477,-0.18861209964412812,-0.33807829181494664,-0.06761565836298933,-0.3807829181494662,-0.23487544483985764,-0.501779359430605,-0.3274021352313167,-0.693950177935943,-0.38434163701067614,-0.8185053380782918,-0.4306049822064057,-0.9217081850533808,-0.10320284697508897,-0.505338078291815,-0.11387900355871886,-0.7330960854092526,-0.11743772241992882,-0.8790035587188612,-0.1103202846975089,-1.0,0.014234875444839857,-0.45195729537366547,-0.010676156583629894,-0.5088967971530249,-0.07473309608540925,-0.3879003558718861,-0.099644128113879,-0.29537366548042704,0.1103202846975089,-0.3701067615658363,0.05693950177935943,-0.3807829181494662,0.0035587188612099642,-0.27402135231316727,-0.014234875444839857,-0.19217081850533807
1,0.0,0.0,-0.1413427561837456,-0.06713780918727916,-0.2508833922261484,-0.22968197879858657,-0.18021201413427562,-0.33568904593639576,-0.06007067137809187,-0.38515901060070673,-0.22614840989399293,-0.49823321554770317,-0.31802120141342755,-0.6925795053003534,-0.37809187279151946,-0.8127208480565371,-0.4204946996466431,-0.9187279151943463,-0.09540636042402827,-0.5017667844522968,-0.11307420494699646,-0.734982332155477,-0.12014134275618374,-0.8798586572438163,-0.12014134275618374,-1.0,0.024734982332155476,-0.45229681978798586,-0.007067137809187279,-0.508833922261484,-0.0636042402826855,-0.38869257950530034,-0.09187279151943463,-0.3003533568904594,0.12014134275618374,-0.3674911660777385,0.0636042402826855,-0.37809187279151946,0.01060070671378092,-0.27208480565371024,-0.007067137809187279,-0.1872791519434629
1,0.0,0.0,-0.14184397163120568,-0.07092198581560284,-0.25177304964539005,-0.22340425531914893,-0.18439716312056736,-0.32978723404255317,-0.07446808510638298,-0.38652482269503546,-0.23404255319148937,-0.5,-0.3262411347517731,-0.6914893617021277,-0.3829787234042553,-0.8120567375886525,-0.425531914893617,-0.9184397163120568,-0.10283687943262411,-0.5106382978723404,-0.12056737588652482,-0.7340425531914894,-0.1276595744680851,-0.8794326241134752,-0.12056737588652482,-1.0,0.01773049645390071,-0.46099290780141844,-0.024822695035460994,-0.49645390070921985,-0.07801418439716312,-0.39361702127659576,-0.09929078014184398,-0.3191489361702128,0.11702127659574468,-0.375886524822695,0.05319148936170213,-0.36879432624113473,0.0035460992907801418,-0.26595744680851063,-0.010638297872340425,-0.19148936170212766
1,0.0,0.0,-0.1423487544483986,-0.06761565836298933,-0.25622775800711745,-0.2277580071174377,-0.18861209964412812,-0.33807829181494664,-0.07473309608540925,-0.3879003558718861,-0.23843416370106763,-0.498220640569395,-0.3309608540925267,-0.697508896797153,-0.3914590747330961,-0.8185053380782918,-0.43416370106761565,-0.9252669039145908,-0.10676156583629894,-0.5088967971530249,-0.12455516014234876,-0.7366548042704626,-0.13167259786476868,-0.8790035587188612,-0.13167259786476868,-1.0,0.014234875444839857,-0.4626334519572954,-0.028469750889679714,-0.498220640569395,-0.08185053380782918,-0.38434163701067614,-0.099644128113879,-0.302491103202847,0.1103202846975089,-0.3807829181494662,0.046263345195729534,-0.3665480427046263,-0.0035587188612099642,-0.26334519572953735,-0.010676156583629894,-0.18861209964412812
1,0.0,0.0,-0.1387900355871886,-0.06761565836298933,-0.2491103202846975,-0.22419928825622776,-0.18505338078291814,-0.3274021352313167,-0.07829181494661921,-0.38434163701067614,-0.23843416370106763,-0.498220640569395,-0.3309608540925267,-0.693950177935943,-0.3879003558718861,-0.8149466192170819,-0.4306049822064057,-0.9217081850533808,-0.10320284697508897,-0.5124555160142349,-0.12811387900355872,-0.7366548042704626,-0.1387900355871886,-0.8790035587188612,-0.1387900355871886,-1.0,0.017793594306049824,-0.4626334519572954,-0.028469750889679714,-0.505338078291815,-0.08185053380782918,-0.398576512455516,-0.1103202846975089,-0.3238434163701068,0.11387900355871886,-0.3807829181494662,0.0498220640569395,-0.36298932384341637,0.0,-0.25622775800711745,-0.010676156583629894,-0.18149466192170818
1,0.0,0.0,-0.13829787234042554,-0.07092198581560284,-0.24468085106382978,-0.22695035460992907,-0.17375886524822695,-0.3333333333333333,-0.06382978723404255,-0.3900709219858156,-0.22695035460992907,-0.49645390070921985,-0.3191489361702128,-0.6914893617021277,-0.375886524822695,-0.8120567375886525,-0.4219858156028369,-0.9184397163120568,-0.09574468085106383,-0.5035460992907801,-0.11347517730496454,-0.7304964539007093,-0.1276595744680851,-0.8794326241134752,-0.13120567375886524,-1.0,0.024822695035460994,-0.450354609929078,-0.010638297872340425,-0.5,-0.0673758865248227,-0.38652482269503546,-0.08865248226950355,-0.3049645390070922,0.12056737588652482,-0.36879432624113473,0.06382978723404255,-0.36879432624113473,0.010638297872340425,-0.26595744680851063,-0.0035460992907801418,-0.1879432624113475
1,0.0,0.0,-0.13780918727915195,-0.07420494699646643,-0.24734982332155478,-0.22968197879858657,-0.17667844522968199,-0.3392226148409894,-0.06007067137809187,-0.392226148409894,-0.22614840989399293,-0.49469964664310956,-0.3215547703180212,-0.6855123674911661,-0.38162544169611307,-0.8091872791519434,-0.4275618374558304,-0.911660777385159,-0.09540636042402827,-0.5017667844522968,-0.1166077738515901,-0.7279151943462897,-0.127208480565371,-0.8763250883392226,-0.13074204946996468,-1.0,0.028268551236749116,-0.44876325088339225,-0.007067137809187279,-0.5017667844522968,-0.06007067137809187,-0.38515901060070673,-0.08480565371024736,-0.29328621908127206,0.12367491166077739,-0.36395759717314485,0.0636042402826855,-0.37809187279151946,0.01060070671378092,-0.2756183745583039,-0.01060070671378092,-0.19434628975265017
1,0.0,0.0,-0.1347517730496454,-0.07092198581560284,-0.24822695035460993,-0.23049645390070922,-0.18439716312056736,-0.33687943262411346,-0.07801418439716312,-0.3900709219858156,-0.23404255319148937,-0.4929078014184397,-0.3262411347517731,-0.6879432624113475,-0.3829787234042553,-0.8120567375886525,-0.42907801418439717,-0.9148936170212766,-0.10283687943262411,-0.5070921985815603,-0.12411347517730496,-0.7340425531914894,-0.13829787234042554,-0.875886524822695,-0.13829787234042554,-1.0,0.014184397163120567,-0.46099290780141844,-0.031914893617021274,-0.48226950354609927,-0.07801418439716312,-0.3723404255319149,-0.09219858156028368,-0.2978723404255319,0.10638297872340426,-0.3829787234042553,0.03900709219858156,-0.3475177304964539,-0.010638297872340425,-0.24822695035460993,-0.01773049645390071,-0.18085106382978725
1,0.0,0.0,-0.14084507042253522,-0.06690140845070422,-0.25,-0.22183098591549297,-0.18661971830985916,-0.3274647887323944,-0.08098591549295775,-0.38380281690140844,-0.22887323943661972,-0.49295774647887325,-0.3204225352112676,-0.6866197183098591,-0.38028169014084506,-0.8063380281690141,-0.426056338028169,-0.9119718309859155,-0.09507042253521127,-0.5,-0.12323943661971831,-0.7288732394366197,-0.13732394366197184,-0.8767605633802817,-0.14084507042253522,-1.0,0.02464788732394366,-0.4471830985915493,-0.017605633802816902,-0.4964788732394366,-0.06690140845070422,-0.3767605633802817,-0.0880281690140845,-0.2887323943661972,0.12323943661971831,-0.3626760563380282,0.05985915492957746,-0.3732394366197183,0.007042253521126761,-0.2711267605633803,-0.007042253521126761,-0.1936619718309859
1,0.0,0.0,-0.1387900355871886,-0.06761565836298933,-0.2526690391459075,-0.23487544483985764,-0.18149466192170818,-0.34519572953736655,-0.06405693950177936,-0.39501779359430605,-0.2313167259786477,-0.49466192170818507,-0.3238434163701068,-0.693950177935943,-0.3807829181494662,-0.8149466192170819,-0.42704626334519574,-0.9217081850533808,-0.099644128113879,-0.501779359430605,-0.12455516014234876,-0.7330960854092526,-0.1387900355871886,-0.8754448398576512,-0.14590747330960854,-1.0,0.021352313167259787,-0.4483985765124555,-0.017793594306049824,-0.501779359430605,-0.06761565836298933,-0.3879003558718861,-0.09252669039145907,-0.302491103202847,0.11743772241992882,-0.3665480427046263,0.05693950177935943,-0.3736654804270463,0.0035587188612099642,-0.2669039145907473,-0.010676156583629894,-0.18861209964412812
1,0.0,0.0,-0.13780918727915195,-0.06713780918727916,-0.254416961130742,-0.22614840989399293,-0.1872791519434629,-0.34275618374558303,-0.07420494699646643,-0.3957597173144876,-0.22968197879858657,-0.4911660777385159,-0.3250883392226148,-0.6855123674911661,-0.38162544169611307,-0.8056537102473498,-0.4275618374558304,-0.9081272084805654,-0.10247349823321555,-0.5017667844522968,-0.13427561837455831,-0.7314487632508834,-0.1519434628975265,-0.8763250883392226,-0.15547703180212014,-1.0,0.0176678445229682,-0.45936395759717313,-0.028268551236749116,-0.49469964664310956,-0.07420494699646643,-0.3710247349823322,-0.09187279151943463,-0.2826855123674912,0.1166077738515901,-0.37809187279151946,0.04946996466431095,-0.3745583038869258,0.0,-0.26148409893992935,-0.01060070671378092,-0.18021201413427562
1,0.0,0.0,-0.13780918727915195,-0.0706713780918728,-0.254416961130742,-0.2332155477031802,-0.18021201413427562,-0.33568904593639576,-0.05653710247349823,-0.38162544169611307,-0.22968197879858657,-0.4911660777385159,-0.31448763250883394,-0.6855123674911661,-0.3745583038869258,-0.8091872791519434,-0.4169611307420495,-0.911660777385159,-0.0989399293286219,-0.5017667844522968,-0.127208480565371,-0.7314487632508834,-0.14487632508833923,-0.8763250883392226,-0.1519434628975265,-1.0,0.02120141342756184,-0.45229681978798586,-0.02120141342756184,-0.4911660777385159,-0.0706713780918728,-0.3745583038869258,-0.08833922261484099,-0.29328621908127206,0.1166077738515901,-0.3674911660777385,0.053003533568904596,-0.36042402826855124,0.0,-0.254416961130742,-0.014134275618374558,-0.18021201413427562
1,0.0,0.0,-0.1368421052631579,-0.06666666666666667,-0.24912280701754386,-0.22456140350877193,-0.1824561403508772,-0.3368421052631579,-0.06666666666666667,-0.3929824561403509,-0.22456140350877193,-0.49122807017543857,-0.3192982456140351,-0.6842105263157895,-0.37894736842105264,-0.8035087719298246,-0.42105263157894735,-0.9087719298245615,-0.09824561403508772,-0.5017543859649123,-0.12280701754385964,-0.7298245614035088,-0.1368421052631579,-0.8771929824561403,-0.1368421052631579,-1.0,0.017543859649122806,-0.45263157894736844,-0.021052631578947368,-0.5052631578947369,-0.07368421052631578,-0.3894736842105263,-0.09473684210526316,-0.3017543859649123,0.11228070175438597,-0.3684210526315789,0.04912280701754386,-0.37543859649122807,-0.0035087719298245615,-0.27017543859649124,-0.014035087719298246,-0.19298245614035087
1,0.0,0.0,-0.13588850174216027,-0.06620209059233449,-0.24738675958188153,-0.2264808362369338,-0.17421602787456447,-0.3310104529616725,-0.059233449477351915,-0.3832752613240418,-0.2264808362369338,-0.4843205574912892,-0.3170731707317073,-0.6794425087108014,-0.37282229965156793,-0.8013937282229965,-0.4146341463414634,-0.9024390243902439,-0.10104529616724739,-0.4912891986062718,-0.11846689895470383,-0.7247386759581882,-0.1254355400696864,-0.8745644599303136,-0.12195121951219512,-1.0,0.017421602787456445,-0.4425087108013937,-0.020905923344947737,-0.4878048780487805,-0.06968641114982578,-0.37630662020905925,-0.08710801393728224,-0.2926829268292683,0.10801393728222997,-0.3623693379790941,0.04878048780487805,-0.3623693379790941,0.0,-0.2578397212543554,-0.013937282229965157,-0.18118466898954705
1,0.0,0.0,-0.13588850174216027,-0.06968641114982578,-0.24738675958188153,-0.2264808362369338,-0.17770034843205576,-0.3344947735191638,-0.05226480836236934,-0.3797909407665505,-0.21951219512195122,-0.4878048780487805,-0.313588850174216,-0.6759581881533101,-0.3693379790940767,-0.794425087108014,-0.41114982578397213,-0.8954703832752613,-0.09407665505226481,-0.49477351916376305,-0.10801393728222997,-0.7282229965156795,-0.11149825783972125,-0.8780487804878049,-0.10452961672473868,-1.0,0.020905923344947737,-0.4425087108013937,-0.013937282229965157,-0.4912891986062718,-0.07317073170731707,-0.37282229965156793,-0.09407665505226481,-0.289198606271777,0.11498257839721254,-0.3588850174216028,0.05574912891986063,-0.3588850174216028,0.0,-0.2578397212543554,-0.013937282229965157,-0.18118466898954705
1,0.0,0.0,-0.13793103448275862,-0.06896551724137931,-0.2482758620689655,-0.22758620689655173,-0.1793103448275862,-0.33793103448275863,-0.05862068965517241,-0.38620689655172413,-0.21724137931034482,-0.4827586206896552,-0.3137931034482759,-0.6724137931034483,-0.3724137931034483,-0.7896551724137931,-0.41379310344827586,-0.8931034482758621,-0.09310344827586207,-0.4862068965517241,-0.10344827586206896,-0.7241379310344828,-0.10344827586206896,-0.8724137931034482,-0.09310344827586207,-1.0,0.020689655172413793,-0.43448275862068964,-0.017241379310344827,-0.4862068965517241,-0.07241379310344828,-0.36551724137931035,-0.09310344827586207,-0.27241379310344827,0.11379310344827587,-0.3482758620689655,0.05517241379310345,-0.3689655172413793,0.0,-0.2655172413793103,-0.013793103448275862,-0.18620689655172415
1,0.0,0.0,-0.13494809688581316,-0.0726643598615917,-0.23875432525951557,-0.23183391003460208,-0.16608996539792387,-0.3391003460207612,-0.04844290657439446,-0.39100346020761245,-0.20761245674740483,-0.4844290657439446,-0.30103806228373703,-0.6747404844290658,-0.356401384083045,-0.7958477508650519,-0.4013840830449827,-0.8961937716262975,-0.08650519031141868,-0.4913494809688581,-0.08996539792387544,-0.7301038062283737,-0.08650519031141868,-0.8788927335640139,-0.06920415224913495,-1.0,0.02422145328719723,-0.43944636678200694,-0.010380622837370242,-0.4844290657439446,-0.058823529411764705,-0.3633217993079585,-0.0726643598615917,-0.27335640138408307,0.11072664359861592,-0.35986159169550175,0.058823529411764705,-0.3737024221453287,0.01384083044982699,-0.2664359861591695,0.0,-0.18339100346020762
1,0.0,0.0,-0.136986301369863,-0.07191780821917808,-0.23972602739726026,-0.22945205479452055,-0.17465753424657535,-0.3356164383561644,-0.0547945205479452,-0.3767123287671233,-0.21575342465753425,-0.4863013698630137,-0.3082191780821918,-0.678082191780822,-0.3664383561643836,-0.7945205479452054,-0.4041095890410959,-0.8972602739726028,-0.09246575342465753,-0.4931506849315068,-0.08904109589041095,-0.726027397260274,-0.07191780821917808,-0.8767123287671232,-0.04794520547945205,-1.0,0.02054794520547945,-0.4383561643835616,-0.010273972602739725,-0.4794520547945205,-0.06164383561643835,-0.363013698630137,-0.07876712328767123,-0.2773972602739726,0.10616438356164383,-0.3527397260273973,0.0547945205479452,-0.363013698630137,0.010273972602739725,-0.2602739726027397,-0.003424657534246575,-0.18493150684931506
1,0.0,0.0,-0.1360544217687075,-0.07482993197278912,-0.24149659863945577,-0.23129251700680273,-0.17346938775510204,-0.336734693877551,-0.05102040816326531,-0.37755102040816324,-0.20748299319727892,-0.48639455782312924,-0.29591836734693877,-0.6768707482993197,-0.35034013605442177,-0.7925170068027211,-0.391156462585034,-0.8945578231292517,-0.08843537414965986,-0.48639455782312924,-0.08163265306122448,-0.7278911564625851,-0.061224489795918366,-0.8775510204081632,-0.03741496598639456,-1.0,0.023809523809523808,-0.43197278911564624,-0.006802721088435374,-0.48639455782312924,-0.061224489795918366,-0.36394557823129253,-0.08503401360544217,-0.2755102040816326,0.11224489795918367,-0.3435374149659864,0.061224489795918366,-0.3707482993197279,0.01020408163265306,-0.272108843537415,-0.01020408163265306,-0.19047619047619047
1,0.0,0.0,-0.13513513513513514,-0.07432432432432433,-0.24324324324324326,-0.23648648648648649,-0.17229729729729729,-0.34121621621621623,-0.04391891891891892,-0.38175675675675674,-0.20945945945945946,-0.4864864864864865,-0.30067567567567566,-0.6722972972972973,-0.3547297297297297,-0.7905405405405406,-0.3918918918918919,-0.8918918918918919,-0.08783783783783784,-0.48986486486486486,-0.08445945945945946,-0.722972972972973,-0.06418918918918919,-0.875,-0.037162162162162164,-1.0,0.02027027027027027,-0.43243243243243246,-0.0033783783783783786,-0.48986486486486486,-0.06418918918918919,-0.36824324324324326,-0.08783783783783784,-0.28040540540540543,0.11148648648648649,-0.34459459459459457,0.060810810810810814,-0.36824324324324326,0.006756756756756757,-0.2668918918918919,-0.013513513513513514,-0.1891891891891892
1,0.0,0.0,-0.13513513513513514,-0.07432432432432433,-0.24324324324324326,-0.23310810810810811,-0.17229729729729729,-0.33783783783783783,-0.0472972972972973,-0.38513513513513514,-0.20608108108108109,-0.48986486486486486,-0.2972972972972973,-0.6756756756756757,-0.35135135135135137,-0.7905405405405406,-0.3918918918918919,-0.8918918918918919,-0.08445945945945946,-0.48986486486486486,-0.0777027027027027,-0.7297297297297297,-0.057432432432432436,-0.8783783783783784,-0.030405405405405407,-1.0,0.02702702702702703,-0.43243243243243246,-0.0033783783783783786,-0.4966216216216216,-0.07094594594594594,-0.38513513513513514,-0.10135135135135136,-0.30067567567567566,0.11824324324324324,-0.34459459459459457,0.060810810810810814,-0.3716216216216216,0.006756756756756757,-0.2702702702702703,-0.013513513513513514,-0.1891891891891892
1,0.0,0.0,-0.13131313131313133,-0.06734006734006734,-0.23905723905723905,-0.22895622895622897,-0.16835016835016836,-0.3333333333333333,-0.04713804713804714,-0.37373737373737376,-0.20875420875420875,-0.4882154882154882,-0.2962962962962963,-0.6801346801346801,-0.3468013468013468,-0.7946127946127947,-0.38047138047138046,-0.898989898989899,-0.08417508417508418,-0.4882154882154882,-0.0707070707070707,-0.7272727272727273,-0.04713804713804714,-0.8787878787878788,-0.016835016835016835,-1.0,0.030303030303030304,-0.4276094276094276,0.003367003367003367,-0.49158249158249157,-0.06060606060606061,-0.38047138047138046,-0.09090909090909091,-0.2962962962962963,0.12121212121212122,-0.3400673400673401,0.0707070707070707,-0.36363636363636365,0.016835016835016835,-0.26262626262626265,-0.003367003367003367,-0.18181818181818182
1,0.0,0.0,-0.1342281879194631,-0.07046979865771812,-0.2348993288590604,-0.23154362416107382,-0.1610738255033557,-0.33557046979865773,-0.040268456375838924,-0.3825503355704698,-0.20469798657718122,-0.4899328859060403,-0.29194630872483224,-0.6812080536912751,-0.3422818791946309,-0.7986577181208053,-0.37583892617449666,-0.9026845637583892,-0.07718120805369127,-0.48322147651006714,-0.06375838926174497,-0.7248322147651006,-0.040268456375838924,-0.8758389261744967,-0.006711409395973154,-1.0,0.03355704697986577,-0.4228187919463087,0.013422818791946308,-0.4966442953020134,-0.05704697986577181,-0.3825503355704698,-0.09060402684563758,-0.30201342281879195,0.12751677852348994,-0.3288590604026846,0.08053691275167785,-0.3691275167785235,0.02348993288590604,-0.2684563758389262,-0.003355704697986577,-0.18791946308724833
1,0.0,0.0,-0.13666666666666666,-0.07666666666666666,-0.23666666666666666,-0.23666666666666666,-0.16,-0.3433333333333333,-0.04,-0.38333333333333336,-0.20666666666666667,-0.49,-0.29333333333333333,-0.68,-0.3433333333333333,-0.8,-0.38,-0.9033333333333333,-0.08,-0.4866666666666667,-0.06333333333333334,-0.7266666666666667,-0.03666666666666667,-0.8766666666666667,-0.0033333333333333335,-1.0,0.03333333333333333,-0.42333333333333334,0.01,-0.49,-0.05,-0.36666666666666664,-0.07666666666666666,-0.28,0.12333333333333334,-0.33,0.08,-0.38,0.023333333333333334,-0.27666666666666667,0.0,-0.19666666666666666
1,0.0,0.0,-0.13666666666666666,-0.07333333333333333,-0.23666666666666666,-0.23666666666666666,-0.16333333333333333,-0.3433333333333333,-0.043333333333333335,-0.38666666666666666,-0.20666666666666667,-0.49333333333333335,-0.29,-0.6833333333333333,-0.34,-0.8,-0.37666666666666665,-0.9,-0.08,-0.49,-0.06,-0.73,-0.03,-0.8766666666666667,0.0033333333333333335,-1.0,0.03333333333333333,-0.43,0.01,-0.49333333333333335,-0.05333333333333334,-0.37333333333333335,-0.08333333333333333,-0.2866666666666667,0.12333333333333334,-0.33666666666666667,0.07666666666666666,-0.37666666666666665,0.02,-0.27666666666666667,0.0,-0.19666666666666666
1,0.0,0.0,-0.1362126245847176,-0.07641196013289037,-0.23588039867109634,-0.23920265780730898,-0.15946843853820597,-0.34219269102990035,-0.036544850498338874,-0.3853820598006645,-0.2026578073089701,-0.4983388704318937,-0.2857142857142857,-0.6877076411960132,-0.33554817275747506,-0.8039867109634552,-0.37209302325581395,-0.9069767441860465,-0.07641196013289037,-0.49169435215946844,-0.053156146179401995,-0.7275747508305648,-0.023255813953488372,-0.8770764119601329,0.013289036544850499,-1.0,0.03322259136212625,-0.42857142857142855,0.016611295681063124,-0.4883720930232558,-0.04318936877076412,-0.3654485049833887,-0.07308970099667775,-0.27906976744186046,0.12624584717607973,-0.33222591362126247,0.08305647840531562,-0.37209302325581395,0.026578073089700997,-0.2691029900332226,0.0033222591362126247,-0.1893687707641196
1,0.0,0.0,-0.13513513513513514,-0.0777027027027027,-0.22972972972972974,-0.23986486486486486,-0.15202702702702703,-0.34121621621621623,-0.033783783783783786,-0.38513513513513514,-0.20608108108108109,-0.5,-0.2905405405405405,-0.6959459459459459,-0.33783783783783783,-0.8209459459459459,-0.375,-0.9256756756756757,-0.0777027027027027,-0.4966216216216216,-0.0472972972972973,-0.7364864864864865,-0.016891891891891893,-0.8817567567567568,0.02027027027027027,-1.0,0.037162162162162164,-0.43243243243243246,0.02702702702702703,-0.49324324324324326,-0.04054054054054054,-0.375,-0.07094594594594594,-0.2905405405405405,0.12837837837837837,-0.33783783783783783,0.08783783783783784,-0.36824324324324326,0.030405405405405407,-0.2702702702702703,0.010135135135135136,-0.19256756756756757
1,0.0,0.0,-0.1342281879194631,-0.0738255033557047,-0.2348993288590604,-0.24161073825503357,-0.15436241610738255,-0.34563758389261745,-0.026845637583892617,-0.3825503355704698,-0.20469798657718122,-0.5033557046979866,-0.28523489932885904,-0.697986577181208,-0.33221476510067116,-0.8187919463087249,-0.3624161073825503,-0.9261744966442953,-0.0738255033557047,-0.49328859060402686,-0.0436241610738255,-0.7315436241610739,-0.013422818791946308,-0.8791946308724832,0.02348993288590604,-1.0,0.0436241610738255,-0.42953020134228187,0.03355704697986577,-0.4899328859060403,-0.03691275167785235,-0.36577181208053694,-0.07046979865771812,-0.2785234899328859,0.13758389261744966,-0.33557046979865773,0.09395973154362416,-0.36577181208053694,0.03355704697986577,-0.26174496644295303,0.010067114093959731,-0.18120805369127516
1,0.0,0.0,-0.13468013468013468,-0.08080808080808081,-0.23232323232323232,-0.24579124579124578,-0.15151515151515152,-0.35353535353535354,-0.026936026936026935,-0.3939393939393939,-0.2053872053872054,-0.5050505050505051,-0.28619528619528617,-0.7037037037037037,-0.3333333333333333,-0.8249158249158249,-0.367003367003367,-0.9292929292929293,-0.07407407407407407,-0.4983164983164983,-0.04377104377104377,-0.7373737373737373,-0.010101010101010102,-0.8821548821548821,0.026936026936026935,-1.0,0.04040404040404041,-0.43434343434343436,0.026936026936026935,-0.49158249158249157,-0.037037037037037035,-0.367003367003367,-0.06734006734006734,-0.2828282828282828,0.13804713804713806,-0.3400673400673401,0.09427609427609428,-0.37373737373737376,0.037037037037037035,-0.26936026936026936,0.013468013468013467,-0.18855218855218855
1,0.0,0.0,-0.13377926421404682,-0.0802675585284281,-0.23076923076923078,-0.24749163879598662,-0.15384615384615385,-0.35451505016722407,-0.030100334448160536,-0.3879598662207358,-0.20066889632107024,-0.5016722408026756,-0.2809364548494983,-0.6989966555183946,-0.3277591973244147,-0.8193979933110368,-0.3612040133779264,-0.9230769230769231,-0.07357859531772576,-0.4983277591973244,-0.046822742474916385,-0.7357859531772575,-0.016722408026755852,-0.882943143812709,0.020066889632107024,-1.0,0.04013377926421405,-0.43478260869565216,0.033444816053511704,-0.4983277591973244,-0.030100334448160536,-0.3779264214046823,-0.06020066889632107,-0.2909698996655518,0.13043478260869565,-0.3411371237458194,0.09364548494983277,-0.38127090301003347,0.03678929765886288,-0.2842809364548495,0.013377926421404682,-0.20735785953177258
1,0.0,0.0,-0.13131313131313133,-0.07744107744107744,-0.2255892255892256,-0.24242424242424243,-0.1447811447811448,-0.3468013468013468,-0.02356902356902357,-0.3872053872053872,-0.19528619528619529,-0.4983164983164983,-0.2760942760942761,-0.696969696969697,-0.32323232323232326,-0.8181818181818182,-0.35353535353535354,-0.9259259259259259,-0.06734006734006734,-0.494949494949495,-0.04377104377104377,-0.7373737373737373,-0.016835016835016835,-0.8821548821548821,0.020202020202020204,-1.0,0.050505050505050504,-0.43097643097643096,0.030303030303030304,-0.49158249158249157,-0.030303030303030304,-0.3771043771043771,-0.05387205387205387,-0.2962962962962963,0.1447811447811448,-0.3367003367003367,0.09764309764309764,-0.37373737373737376,0.04377104377104377,-0.27946127946127947,0.026936026936026935,-0.2053872053872054
1,0.0,0.0,-0.13377926421404682,-0.07692307692307693,-0.22742474916387959,-0.24414715719063546,-0.1505016722408027,-0.34448160535117056,-0.030100334448160536,-0.38127090301003347,-0.19732441471571907,-0.4882943143812709,-0.2809364548494983,-0.6822742474916388,-0.3277591973244147,-0.7993311036789298,-0.3612040133779264,-0.903010033444816,-0.07023411371237458,-0.4882943143812709,-0.056856187290969896,-0.7290969899665551,-0.033444816053511704,-0.8795986622073578,-0.0033444816053511705,-1.0,0.043478260869565216,-0.4280936454849498,0.020066889632107024,-0.4882943143812709,-0.03678929765886288,-0.36789297658862874,-0.06020066889632107,-0.2809364548494983,0.13377926421404682,-0.3377926421404682,0.08695652173913043,-0.3712374581939799,0.030100334448160536,-0.27424749163879597,0.016722408026755852,-0.20066889632107024
1,0.0,0.0,-0.1362126245847176,-0.07308970099667775,-0.23920265780730898,-0.23920265780730898,-0.16943521594684385,-0.34219269102990035,-0.04983388704318937,-0.3754152823920266,-0.21262458471760798,-0.4883720930232558,-0.2956810631229236,-0.6810631229235881,-0.34551495016611294,-0.7973421926910299,-0.3787375415282392,-0.9003322259136213,-0.08970099667774087,-0.49169435215946844,-0.07641196013289037,-0.7275747508305648,-0.053156146179401995,-0.8770764119601329,-0.019933554817275746,-1.0,0.026578073089700997,-0.43521594684385384,0.006644518272425249,-0.48172757475083056,-0.046511627906976744,-0.3588039867109635,-0.06312292358803986,-0.2724252491694352,0.11960132890365449,-0.34551495016611294,0.07308970099667775,-0.3687707641196013,0.023255813953488372,-0.26578073089701,0.009966777408637873,-0.1893687707641196
1,0.0,0.0,-0.13377926421404682,-0.07023411371237458,-0.23745819397993312,-0.23411371237458195,-0.16722408026755853,-0.3411371237458194,-0.05016722408026756,-0.3745819397993311,-0.21739130434782608,-0.4882943143812709,-0.3076923076923077,-0.6755852842809364,-0.36454849498327757,-0.7926421404682275,-0.4080267558528428,-0.8929765886287625,-0.0903010033444816,-0.4882943143812709,-0.08361204013377926,-0.725752508361204,-0.06354515050167224,-0.8762541806020067,-0.033444816053511704,-1.0,0.023411371237458192,-0.4280936454849498,0.0033444816053511705,-0.48494983277591974,-0.05016722408026756,-0.35785953177257523,-0.07023411371237458,-0.2709030100334448,0.11705685618729098,-0.3377926421404682,0.07023411371237458,-0.3712374581939799,0.020066889632107024,-0.2709030100334448,0.0033444816053511705,-0.1939799331103679
1,0.0,0.0,-0.13087248322147652,-0.06711409395973154,-0.2348993288590604,-0.22818791946308725,-0.17114093959731544,-0.3422818791946309,-0.06375838926174497,-0.3859060402684564,-0.2181208053691275,-0.48322147651006714,-0.31543624161073824,-0.6677852348993288,-0.3724832214765101,-0.785234899328859,-0.4161073825503356,-0.8859060402684564,-0.09731543624161074,-0.4865771812080537,-0.10067114093959731,-0.7248322147651006,-0.09060402684563758,-0.8758389261744967,-0.06711409395973154,-1.0,0.016778523489932886,-0.43288590604026844,-0.013422818791946308,-0.4899328859060403,-0.06040268456375839,-0.3691275167785235,-0.0738255033557047,-0.28187919463087246,0.11073825503355705,-0.34563758389261745,0.06040268456375839,-0.37583892617449666,0.016778523489932886,-0.2751677852348993,0.006711409395973154,-0.19798657718120805
1,0.0,0.0,-0.13651877133105803,-0.06825938566552901,-0.24573378839590443,-0.22866894197952217,-0.18088737201365188,-0.3412969283276451,-0.06484641638225255,-0.3856655290102389,-0.22866894197952217,-0.49146757679180886,-0.32764505119453924,-0.6757679180887372,-0.3890784982935154,-0.7918088737201365,-0.4334470989761092,-0.89419795221843,-0.10580204778156997,-0.5017064846416383,-0.1296928327645051,-0.7337883959044369,-0.13310580204778158,-0.8771331058020477,-0.12286689419795221,-1.0,0.010238907849829351,-0.45051194539249145,-0.020477815699658702,-0.5051194539249146,-0.06484641638225255,-0.37542662116040953,-0.08191126279863481,-0.2832764505119454,0.10921501706484642,-0.36860068259385664,0.05460750853242321,-0.378839590443686,0.006825938566552901,-0.27303754266211605,-0.0034129692832764505,-0.19112627986348124
1,0.0,0.0,-0.13651877133105803,-0.06825938566552901,-0.24573378839590443,-0.22184300341296928,-0.18771331058020477,-0.3378839590443686,-0.08191126279863481,-0.3993174061433447,-0.23208191126279865,-0.4812286689419795,-0.33447098976109213,-0.6689419795221843,-0.3993174061433447,-0.7849829351535836,-0.447098976109215,-0.8873720136518771,-0.11262798634812286,-0.49146757679180886,-0.15699658703071673,-0.7303754266211604,-0.17747440273037543,-0.8771331058020477,-0.17747440273037543,-1.0,0.0034129692832764505,-0.44368600682593856,-0.03754266211604096,-0.5085324232081911,-0.08191126279863481,-0.3822525597269625,-0.09897610921501707,-0.2901023890784983,0.10238907849829351,-0.3651877133105802,0.04778156996587031,-0.39590443686006827,0.0,-0.28668941979522183,-0.013651877133105802,-0.20477815699658702
1,0.0,0.0,-0.1413793103448276,-0.06551724137931035,-0.2517241379310345,-0.2206896551724138,-0.19310344827586207,-0.33793103448275863,-0.0896551724137931,-0.39655172413793105,-0.23793103448275862,-0.4793103448275862,-0.3413793103448276,-0.6655172413793103,-0.4068965517241379,-0.7827586206896552,-0.46206896551724136,-0.8827586206896552,-0.11724137931034483,-0.49310344827586206,-0.1724137931034483,-0.7310344827586207,-0.19655172413793104,-0.8758620689655172,-0.20344827586206896,-1.0,0.0,-0.44482758620689655,-0.04482758620689655,-0.5137931034482759,-0.08620689655172414,-0.38620689655172413,-0.1,-0.2896551724137931,0.1,-0.3620689655172414,0.03793103448275862,-0.3931034482758621,-0.006896551724137931,-0.2827586206896552,-0.017241379310344827,-0.19655172413793104
1,0.0,0.0,-0.1413793103448276,-0.06896551724137931,-0.2517241379310345,-0.22758620689655173,-0.18275862068965518,-0.3448275862068966,-0.07241379310344828,-0.4,-0.23448275862068965,-0.4793103448275862,-0.33793103448275863,-0.6689655172413793,-0.40344827586206894,-0.7862068965517242,-0.45517241379310347,-0.8862068965517241,-0.1103448275862069,-0.4896551724137931,-0.15862068965517243,-0.7310344827586207,-0.18620689655172415,-0.8758620689655172,-0.19310344827586207,-1.0,0.013793103448275862,-0.4413793103448276,-0.034482758620689655,-0.503448275862069,-0.08275862068965517,-0.3793103448275862,-0.09655172413793103,-0.28620689655172415,0.11379310344827587,-0.3586206896551724,0.05517241379310345,-0.38620689655172413,0.0034482758620689655,-0.27586206896551724,-0.010344827586206896,-0.1896551724137931
1,0.0,0.0,-0.14186851211072665,-0.0726643598615917,-0.25259515570934254,-0.23183391003460208,-0.18685121107266436,-0.3460207612456747,-0.06920415224913495,-0.4013840830449827,-0.23875432525951557,-0.4809688581314879,-0.34256055363321797,-0.6747404844290658,-0.40484429065743943,-0.7958477508650519,-0.45674740484429066,-0.8961937716262975,-0.11764705882352941,-0.49480968858131485,-0.16262975778546712,-0.7335640138408305,-0.1903114186851211,-0.8788927335640139,-0.20069204152249134,-1.0,0.0034602076124567475,-0.4463667820069204,-0.03460207612456748,-0.5155709342560554,-0.08304498269896193,-0.3944636678200692,-0.10034602076124567,-0.3079584775086505,0.10380622837370242,-0.3633217993079585,0.04844290657439446,-0.3944636678200692,0.0,-0.2837370242214533,-0.010380622837370242,-0.20069204152249134
1,0.0,0.0,-0.13636363636363635,-0.06643356643356643,-0.2517482517482518,-0.2202797202797203,-0.1888111888111888,-0.34265734265734266,-0.07692307692307693,-0.3951048951048951,-0.24125874125874125,-0.4825174825174825,-0.34265734265734266,-0.6748251748251748,-0.4090909090909091,-0.7972027972027972,-0.458041958041958,-0.8986013986013986,-0.11888111888111888,-0.4965034965034965,-0.17132867132867133,-0.7377622377622378,-0.1993006993006993,-0.8811188811188811,-0.21328671328671328,-1.0,0.0034965034965034965,-0.45104895104895104,-0.04195804195804196,-0.5209790209790209,-0.08741258741258741,-0.3986013986013986,-0.10139860139860139,-0.3041958041958042,0.10839160839160839,-0.3706293706293706,0.04895104895104895,-0.3916083916083916,0.0,-0.28321678321678323,-0.006993006993006993,-0.1993006993006993
1,0.0,0.0,-0.14035087719298245,-0.06315789473684211,-0.256140350877193,-0.22456140350877193,-0.18947368421052632,-0.34385964912280703,-0.08070175438596491,-0.4070175438596491,-0.24210526315789474,-0.4807017543859649,-0.34385964912280703,-0.6736842105263158,-0.4105263157894737,-0.7929824561403509,-0.4631578947368421,-0.8982456140350877,-0.12280701754385964,-0.4982456140350877,-0.17894736842105263,-0.7368421052631579,-0.21403508771929824,-0.8807017543859649,-0.23157894736842105,-1.0,0.0035087719298245615,-0.45614035087719296,-0.042105263157894736,-0.5228070175438596,-0.0912280701754386,-0.3894736842105263,-0.10877192982456141,-0.29473684210526313,0.10526315789473684,-0.3719298245614035,0.03859649122807018,-0.3824561403508772,-0.007017543859649123,-0.27017543859649124,-0.017543859649122806,-0.18947368421052632
1,0.0,0.0,-0.14590747330960854,-0.06405693950177936,-0.2669039145907473,-0.2206405693950178,-0.2099644128113879,-0.3416370106761566,-0.099644128113879,-0.40213523131672596,-0.25622775800711745,-0.4875444839857651,-0.3594306049822064,-0.6797153024911032,-0.4234875444839858,-0.800711743772242,-0.47686832740213525,-0.9074733096085409,-0.13167259786476868,-0.505338078291815,-0.19572953736654805,-0.7437722419928826,-0.2313167259786477,-0.8825622775800712,-0.2491103202846975,-1.0,-0.010676156583629894,-0.46619217081850534,-0.05338078291814947,-0.5266903914590747,-0.099644128113879,-0.40569395017793597,-0.11387900355871886,-0.3167259786476868,0.09252669039145907,-0.3914590747330961,0.028469750889679714,-0.3879003558718861,-0.010676156583629894,-0.2775800711743772,-0.017793594306049824,-0.19572953736654805
1,0.0,0.0,-0.13829787234042554,-0.0673758865248227,-0.2553191489361702,-0.22340425531914893,-0.19858156028368795,-0.3475177304964539,-0.09219858156028368,-0.4148936170212766,-0.24468085106382978,-0.48226950354609927,-0.3475177304964539,-0.6737588652482269,-0.4078014184397163,-0.7943262411347518,-0.4574468085106383,-0.900709219858156,-0.12411347517730496,-0.5035460992907801,-0.1950354609929078,-0.7411347517730497,-0.23049645390070922,-0.8829787234042553,-0.25177304964539005,-1.0,-0.0035460992907801418,-0.46099290780141844,-0.05319148936170213,-0.5212765957446809,-0.09574468085106383,-0.39361702127659576,-0.1099290780141844,-0.2978723404255319,0.09929078014184398,-0.38652482269503546,0.03546099290780142,-0.39361702127659576,-0.010638297872340425,-0.2765957446808511,-0.02127659574468085,-0.1950354609929078
1,0.0,0.0,-0.13829787234042554,-0.06382978723404255,-0.25886524822695034,-0.2198581560283688,-0.20212765957446807,-0.3404255319148936,-0.09574468085106383,-0.4078014184397163,-0.25177304964539005,-0.4858156028368794,-0.3546099290780142,-0.6773049645390071,-0.425531914893617,-0.7978723404255319,-0.475177304964539,-0.9042553191489362,-0.12411347517730496,-0.5035460992907801,-0.18439716312056736,-0.7375886524822695,-0.22340425531914893,-0.8794326241134752,-0.24468085106382978,-1.0,0.0,-0.46099290780141844,-0.04609929078014184,-0.5283687943262412,-0.09574468085106383,-0.41134751773049644,-0.11347517730496454,-0.3191489361702128,0.10283687943262411,-0.3829787234042553,0.03546099290780142,-0.38652482269503546,-0.010638297872340425,-0.2765957446808511,-0.02127659574468085,-0.1950354609929078
1,0.0,0.0,-0.13780918727915195,-0.0636042402826855,-0.2579505300353357,-0.21554770318021202,-0.1978798586572438,-0.3321554770318021,-0.09540636042402827,-0.3957597173144876,-0.24734982332155478,-0.48056537102473496,-0.35335689045936397,-0.6713780918727915,-0.4204946996466431,-0.7915194346289752,-0.4734982332155477,-0.8939929328621908,-0.127208480565371,-0.49823321554770317,-0.1872791519434629,-0.7385159010600707,-0.2226148409893993,-0.8833922261484098,-0.23674911660777384,-1.0,-0.0035335689045936395,-0.45936395759717313,-0.045936395759717315,-0.519434628975265,-0.09187279151943463,-0.3957597173144876,-0.11307420494699646,-0.303886925795053,0.0989399293286219,-0.38515901060070673,0.038869257950530034,-0.38162544169611307,-0.0035335689045936395,-0.26855123674911663,-0.0176678445229682,-0.1872791519434629
1,0.0,0.0,-0.1413427561837456,-0.06007067137809187,-0.26148409893992935,-0.21201413427561838,-0.20848056537102475,-0.3321554770318021,-0.10600706713780919,-0.3992932862190813,-0.254416961130742,-0.47703180212014135,-0.36395759717314485,-0.6678445229681979,-0.43109540636042404,-0.7879858657243817,-0.4876325088339223,-0.8904593639575972,-0.13074204946996468,-0.49469964664310956,-0.18374558303886926,-0.734982332155477,-0.21201413427561838,-0.8798586572438163,-0.22614840989399293,-1.0,-0.007067137809187279,-0.4558303886925795,-0.053003533568904596,-0.5159010600706714,-0.0989399293286219,-0.38869257950530034,-0.1166077738515901,-0.3003533568904594,0.09540636042402827,-0.38515901060070673,0.028268551236749116,-0.3745583038869258,-0.014134275618374558,-0.26148409893992935,-0.024734982332155476,-0.18021201413427562
1,0.0,0.0,-0.1388888888888889,-0.0625,-0.2534722222222222,-0.21180555555555555,-0.2013888888888889,-0.3263888888888889,-0.10069444444444445,-0.3923611111111111,-0.23958333333333334,-0.4756944444444444,-0.3506944444444444,-0.6597222222222222,-0.4201388888888889,-0.7743055555555556,-0.4791666666666667,-0.8784722222222222,-0.11458333333333333,-0.4895833333333333,-0.16319444444444445,-0.7326388888888888,-0.1875,-0.8784722222222222,-0.19444444444444445,-1.0,0.003472222222222222,-0.4444444444444444,-0.03819444444444445,-0.5173611111111112,-0.09722222222222222,-0.3993055555555556,-0.12152777777777778,-0.3090277777777778,0.10069444444444445,-0.3680555555555556,0.03819444444444445,-0.3819444444444444,-0.010416666666666666,-0.2708333333333333,-0.027777777777777776,-0.1840277777777778
1,0.0,0.0,-0.1388888888888889,-0.06597222222222222,-0.2534722222222222,-0.2152777777777778,-0.19444444444444445,-0.3263888888888889,-0.08680555555555555,-0.3888888888888889,-0.23958333333333334,-0.4791666666666667,-0.3472222222222222,-0.6631944444444444,-0.4166666666666667,-0.7777777777777778,-0.46875,-0.8784722222222222,-0.11458333333333333,-0.4930555555555556,-0.1527777777777778,-0.7326388888888888,-0.16319444444444445,-0.8784722222222222,-0.15625,-1.0,0.003472222222222222,-0.4513888888888889,-0.041666666666666664,-0.5034722222222222,-0.09027777777777778,-0.3819444444444444,-0.1076388888888889,-0.2916666666666667,0.10069444444444445,-0.3715277777777778,0.03819444444444445,-0.3784722222222222,-0.006944444444444444,-0.2673611111111111,-0.020833333333333332,-0.1840277777777778
1,0.0,0.0,-0.13745704467353953,-0.06529209621993128,-0.24742268041237114,-0.21305841924398625,-0.18900343642611683,-0.3230240549828179,-0.08934707903780069,-0.3848797250859107,-0.24054982817869416,-0.47766323024054985,-0.3470790378006873,-0.6632302405498282,-0.41237113402061853,-0.7731958762886598,-0.4639175257731959,-0.8762886597938144,-0.1134020618556701,-0.49140893470790376,-0.13058419243986255,-0.7285223367697594,-0.12714776632302405,-0.8762886597938144,-0.11683848797250859,-1.0,0.003436426116838488,-0.44673539518900346,-0.03436426116838488,-0.5017182130584192,-0.08934707903780069,-0.3848797250859107,-0.10996563573883161,-0.29896907216494845,0.09965635738831616,-0.3711340206185567,0.041237113402061855,-0.3711340206185567,-0.006872852233676976,-0.2611683848797251,-0.01718213058419244,-0.17869415807560138
1,0.0,0.0,-0.13402061855670103,-0.06529209621993128,-0.24742268041237114,-0.21649484536082475,-0.18213058419243985,-0.31958762886597936,-0.07560137457044673,-0.37800687285223367,-0.23711340206185566,-0.48109965635738833,-0.3402061855670103,-0.6666666666666666,-0.4020618556701031,-0.7800687285223368,-0.45017182130584193,-0.8797250859106529,-0.1134020618556701,-0.4879725085910653,-0.12027491408934708,-0.7285223367697594,-0.10996563573883161,-0.8762886597938144,-0.08934707903780069,-1.0,0.003436426116838488,-0.43986254295532645,-0.027491408934707903,-0.5017182130584192,-0.08247422680412371,-0.38831615120274915,-0.10652920962199312,-0.3024054982817869,0.09965635738831616,-0.36082474226804123,0.048109965635738834,-0.3711340206185567,0.003436426116838488,-0.2611683848797251,-0.013745704467353952,-0.17869415807560138
1,0.0,0.0,-0.136986301369863,-0.05821917808219178,-0.25,-0.2089041095890411,-0.1952054794520548,-0.3150684931506849,-0.08904109589041095,-0.3732876712328767,-0.2363013698630137,-0.4828767123287671,-0.339041095890411,-0.660958904109589,-0.4006849315068493,-0.773972602739726,-0.4486301369863014,-0.8732876712328768,-0.11301369863013698,-0.4897260273972603,-0.11643835616438356,-0.7294520547945206,-0.10273972602739725,-0.8767123287671232,-0.0821917808219178,-1.0,0.003424657534246575,-0.4383561643835616,-0.030821917808219176,-0.5034246575342466,-0.0821917808219178,-0.386986301369863,-0.10616438356164383,-0.3013698630136986,0.10273972602739725,-0.3561643835616438,0.05136986301369863,-0.3801369863013699,0.003424657534246575,-0.2671232876712329,-0.010273972602739725,-0.1780821917808219
1,0.0,0.0,-0.1404109589041096,-0.06506849315068493,-0.2568493150684932,-0.21575342465753425,-0.1952054794520548,-0.3253424657534247,-0.07534246575342465,-0.3732876712328767,-0.2363013698630137,-0.4828767123287671,-0.3356164383561644,-0.6678082191780822,-0.3938356164383562,-0.7842465753424658,-0.4383561643835616,-0.8835616438356164,-0.1095890410958904,-0.4863013698630137,-0.11643835616438356,-0.7294520547945206,-0.09931506849315068,-0.8801369863013698,-0.07534246575342465,-1.0,0.00684931506849315,-0.4349315068493151,-0.023972602739726026,-0.5068493150684932,-0.0821917808219178,-0.386986301369863,-0.1095890410958904,-0.2979452054794521,0.10616438356164383,-0.3493150684931507,0.0547945205479452,-0.3801369863013699,0.003424657534246575,-0.2705479452054795,-0.0136986301369863,-0.18493150684931506
1,0.0,0.0,-0.13745704467353953,-0.06529209621993128,-0.2508591065292096,-0.21993127147766323,-0.18556701030927836,-0.32646048109965636,-0.06872852233676977,-0.3711340206185567,-0.23024054982817868,-0.4845360824742268,-0.32989690721649484,-0.6735395189003437,-0.38831615120274915,-0.7869415807560137,-0.4329896907216495,-0.8865979381443299,-0.10309278350515463,-0.49140893470790376,-0.10652920962199312,-0.7319587628865979,-0.08934707903780069,-0.8797250859106529,-0.06529209621993128,-1.0,0.01718213058419244,-0.43986254295532645,-0.013745704467353952,-0.49828178694158076,-0.06872852233676977,-0.37800687285223367,-0.08934707903780069,-0.28865979381443296,0.11683848797250859,-0.3539518900343643,0.061855670103092786,-0.3745704467353952,0.010309278350515464,-0.26804123711340205,-0.006872852233676976,-0.18556701030927836
1,0.0,0.0,-0.13310580204778158,-0.06484641638225255,-0.24573378839590443,-0.22184300341296928,-0.18088737201365188,-0.32764505119453924,-0.06484641638225255,-0.37542662116040953,-0.22866894197952217,-0.4812286689419795,-0.3310580204778157,-0.6723549488054608,-0.3890784982935154,-0.78839590443686,-0.4300341296928328,-0.8873720136518771,-0.09897610921501707,-0.4880546075085324,-0.10238907849829351,-0.726962457337884,-0.08532423208191127,-0.8771331058020477,-0.06143344709897611,-1.0,0.023890784982935155,-0.4334470989761092,-0.006825938566552901,-0.49146757679180886,-0.06484641638225255,-0.36177474402730375,-0.08873720136518772,-0.2696245733788396,0.12286689419795221,-0.34812286689419797,0.06484641638225255,-0.3651877133105802,0.013651877133105802,-0.2525597269624573,-0.006825938566552901,-0.17064846416382254
1,0.0,0.0,-0.13448275862068965,-0.06896551724137931,-0.24482758620689654,-0.2206896551724138,-0.1793103448275862,-0.3275862068965517,-0.06551724137931035,-0.3758620689655172,-0.2206896551724138,-0.4862068965517241,-0.31724137931034485,-0.6758620689655173,-0.3793103448275862,-0.7896551724137931,-0.4206896551724138,-0.8931034482758621,-0.0896551724137931,-0.49310344827586206,-0.0896551724137931,-0.7275862068965517,-0.06896551724137931,-0.8758620689655172,-0.03793103448275862,-1.0,0.03103448275862069,-0.4379310344827586,0.006896551724137931,-0.4896551724137931,-0.05172413793103448,-0.3620689655172414,-0.07586206896551724,-0.2689655172413793,0.1310344827586207,-0.3482758620689655,0.07586206896551724,-0.3586206896551724,0.020689655172413793,-0.2517241379310345,0.0034482758620689655,-0.1724137931034483
1,0.0,0.0,-0.13793103448275862,-0.06551724137931035,-0.2517241379310345,-0.2206896551724138,-0.18620689655172415,-0.32068965517241377,-0.06551724137931035,-0.3586206896551724,-0.22758620689655173,-0.4896551724137931,-0.32413793103448274,-0.6793103448275862,-0.38275862068965516,-0.7965517241379311,-0.4241379310344828,-0.896551724137931,-0.09310344827586207,-0.496551724137931,-0.0896551724137931,-0.7275862068965517,-0.06551724137931035,-0.8758620689655172,-0.034482758620689655,-1.0,0.03103448275862069,-0.44482758620689655,0.0,-0.4827586206896552,-0.05172413793103448,-0.3620689655172414,-0.07586206896551724,-0.27586206896551724,0.12758620689655173,-0.3586206896551724,0.07241379310344828,-0.3482758620689655,0.017241379310344827,-0.2482758620689655,0.0,-0.17586206896551723
1,0.0,0.0,-0.13937282229965156,-0.06620209059233449,-0.25435540069686413,-0.2229965156794425,-0.18815331010452963,-0.3205574912891986,-0.07317073170731707,-0.36585365853658536,-0.23344947735191637,-0.4912891986062718,-0.32752613240418116,-0.686411149825784,-0.3797909407665505,-0.8048780487804879,-0.42160278745644597,-0.9094076655052264,-0.10104529616724739,-0.49825783972125437,-0.09059233449477352,-0.7282229965156795,-0.0627177700348432,-0.8780487804878049,-0.0313588850174216,-1.0,0.017421602787456445,-0.44947735191637633,-0.006968641114982578,-0.4878048780487805,-0.059233449477351915,-0.3693379790940767,-0.08362369337979095,-0.2787456445993031,0.11846689895470383,-0.36585365853658536,0.0627177700348432,-0.3554006968641115,0.013937282229965157,-0.2508710801393728,-0.003484320557491289,-0.17421602787456447
1,0.0,0.0,-0.13333333333333333,-0.07017543859649122,-0.24912280701754386,-0.22456140350877193,-0.17894736842105263,-0.32280701754385965,-0.05964912280701754,-0.3719298245614035,-0.22105263157894736,-0.49473684210526314,-0.3157894736842105,-0.6947368421052632,-0.3684210526315789,-0.8105263157894737,-0.4070175438596491,-0.9157894736842105,-0.0912280701754386,-0.5052631578947369,-0.07719298245614035,-0.7333333333333333,-0.04912280701754386,-0.8807017543859649,-0.014035087719298246,-1.0,0.031578947368421054,-0.45614035087719296,0.0035087719298245615,-0.4807017543859649,-0.04912280701754386,-0.3543859649122807,-0.07368421052631578,-0.2631578947368421,0.13333333333333333,-0.37543859649122807,0.07368421052631578,-0.36140350877192984,0.021052631578947368,-0.256140350877193,0.0035087719298245615,-0.17894736842105263
1,0.0,0.0,-0.1413427561837456,-0.07420494699646643,-0.254416961130742,-0.2332155477031802,-0.18374558303886926,-0.3321554770318021,-0.0636042402826855,-0.3674911660777385,-0.2332155477031802,-0.5053003533568905,-0.3286219081272085,-0.6996466431095406,-0.38515901060070673,-0.8197879858657244,-0.4275618374558304,-0.9257950530035336,-0.09540636042402827,-0.5123674911660777,-0.07773851590106007,-0.7385159010600707,-0.045936395759717315,-0.8833922261484098,-0.007067137809187279,-1.0,0.03180212014134275,-0.4628975265017668,0.007067137809187279,-0.4734982332155477,-0.045936395759717315,-0.34275618374558303,-0.06713780918727916,-0.2508833922261484,0.13427561837455831,-0.38162544169611307,0.07773851590106007,-0.3568904593639576,0.024734982332155476,-0.24734982332155478,0.007067137809187279,-0.17314487632508835
1,0.0,0.0,-0.1423487544483986,-0.0711743772241993,-0.26334519572953735,-0.22419928825622776,-0.20284697508896798,-0.3274021352313167,-0.07829181494661921,-0.3701067615658363,-0.23843416370106763,-0.501779359430605,-0.33807829181494664,-0.697508896797153,-0.39501779359430605,-0.8185053380782918,-0.4377224199288256,-0.9252669039145908,-0.10320284697508897,-0.5124555160142349,-0.08540925266903915,-0.7366548042704626,-0.05338078291814947,-0.8790035587188612,-0.017793594306049824,-1.0,0.021352313167259787,-0.46619217081850534,-0.0035587188612099642,-0.4697508896797153,-0.05693950177935943,-0.33451957295373663,-0.08185053380782918,-0.24199288256227758,0.12455516014234876,-0.3879003558718861,0.06761565836298933,-0.3487544483985765,0.014234875444839857,-0.24199288256227758,-0.0035587188612099642,-0.16725978647686832
1,0.0,0.0,-0.13523131672597866,-0.07473309608540925,-0.25622775800711745,-0.2277580071174377,-0.18861209964412812,-0.3274021352313167,-0.06405693950177936,-0.3701067615658363,-0.23843416370106763,-0.505338078291815,-0.33807829181494664,-0.697508896797153,-0.3914590747330961,-0.8149466192170819,-0.4306049822064057,-0.9217081850533808,-0.099644128113879,-0.5195729537366548,-0.08185053380782918,-0.7437722419928826,-0.0498220640569395,-0.8861209964412812,-0.010676156583629894,-1.0,0.02491103202846975,-0.4697508896797153,0.0071174377224199285,-0.4804270462633452,-0.0498220640569395,-0.3416370106761566,-0.07829181494661921,-0.24555160142348753,0.13167259786476868,-0.3914590747330961,0.07829181494661921,-0.3665480427046263,0.02491103202846975,-0.2526690391459075,0.0035587188612099642,-0.1708185053380783
1,0.0,0.0,-0.14028776978417265,-0.07194244604316546,-0.26258992805755393,-0.22661870503597123,-0.2014388489208633,-0.3273381294964029,-0.07913669064748201,-0.3669064748201439,-0.2446043165467626,-0.5035971223021583,-0.3489208633093525,-0.6942446043165468,-0.4064748201438849,-0.8165467625899281,-0.44964028776978415,-0.920863309352518,-0.1079136690647482,-0.5179856115107914,-0.08992805755395683,-0.7410071942446043,-0.05755395683453238,-0.8848920863309353,-0.017985611510791366,-1.0,0.017985611510791366,-0.4712230215827338,-0.0035971223021582736,-0.4892086330935252,-0.05755395683453238,-0.35251798561151076,-0.07913669064748201,-0.25539568345323743,0.12589928057553956,-0.3920863309352518,0.0683453237410072,-0.36330935251798563,0.017985611510791366,-0.2589928057553957,0.007194244604316547,-0.17985611510791366
1,0.0,0.0,-0.13978494623655913,-0.06451612903225806,-0.25806451612903225,-0.21863799283154123,-0.1971326164874552,-0.31899641577060933,-0.07526881720430108,-0.3655913978494624,-0.25089605734767023,-0.4946236559139785,-0.3548387096774194,-0.6881720430107527,-0.40860215053763443,-0.8064516129032258,-0.44802867383512546,-0.9139784946236559,-0.11469534050179211,-0.5089605734767025,-0.0931899641577061,-0.7347670250896058,-0.06093189964157706,-0.8781362007168458,-0.021505376344086023,-1.0,0.010752688172043012,-0.4659498207885305,-0.010752688172043012,-0.4731182795698925,-0.05734767025089606,-0.34050179211469533,-0.07885304659498207,-0.24731182795698925,0.11469534050179211,-0.3906810035842294,0.06451612903225806,-0.36200716845878134,0.017921146953405017,-0.25448028673835127,0.0035842293906810036,-0.17921146953405018
1,0.0,0.0,-0.148014440433213,-0.061371841155234655,-0.26714801444043323,-0.20577617328519857,-0.20938628158844766,-0.296028880866426,-0.09747292418772563,-0.34657039711191334,-0.26353790613718414,-0.49097472924187724,-0.36823104693140796,-0.6931407942238267,-0.4259927797833935,-0.8122743682310469,-0.4693140794223827,-0.9205776173285198,-0.12274368231046931,-0.5090252707581228,-0.10830324909747292,-0.7328519855595668,-0.07581227436823104,-0.8808664259927798,-0.036101083032490974,-1.0,0.0,-0.4693140794223827,-0.032490974729241874,-0.48014440433212996,-0.07581227436823104,-0.35018050541516244,-0.09025270758122744,-0.26353790613718414,0.10469314079422383,-0.4007220216606498,0.05415162454873646,-0.37184115523465705,0.010830324909747292,-0.26353790613718414,0.0,-0.18050541516245489
1,0.0,0.0,-0.15053763440860216,-0.053763440860215055,-0.26881720430107525,-0.1935483870967742,-0.20430107526881722,-0.2939068100358423,-0.0967741935483871,-0.3548387096774194,-0.2831541218637993,-0.4731182795698925,-0.3942652329749104,-0.6702508960573477,-0.45161290322580644,-0.7921146953405018,-0.4946236559139785,-0.8960573476702509,-0.13978494623655913,-0.5017921146953405,-0.13620071684587814,-0.7275985663082437,-0.10752688172043011,-0.8781362007168458,-0.07168458781362007,-1.0,-0.014336917562724014,-0.46953405017921146,-0.03942652329749104,-0.4838709677419355,-0.08243727598566308,-0.3548387096774194,-0.0967741935483871,-0.2616487455197133,0.1003584229390681,-0.4050179211469534,0.05734767025089606,-0.3870967741935484,0.017921146953405017,-0.2724014336917563,0.007168458781362007,-0.1863799283154122
1,0.0,0.0,-0.15467625899280577,-0.0539568345323741,-0.2733812949640288,-0.19424460431654678,-0.20863309352517986,-0.2949640287769784,-0.09712230215827339,-0.34532374100719426,-0.28776978417266186,-0.4784172661870504,-0.39568345323741005,-0.6726618705035972,-0.45323741007194246,-0.7877697841726619,-0.49640287769784175,-0.8920863309352518,-0.1474820143884892,-0.5035971223021583,-0.14028776978417265,-0.7302158273381295,-0.1079136690647482,-0.8776978417266187,-0.07553956834532374,-1.0,-0.017985611510791366,-0.4676258992805755,-0.03597122302158273,-0.4892086330935252,-0.07553956834532374,-0.3597122302158273,-0.09352517985611511,-0.26618705035971224,0.09352517985611511,-0.39568345323741005,0.05755395683453238,-0.381294964028777,0.014388489208633094,-0.2697841726618705,0.0,-0.18345323741007194
1,0.0,0.0,-0.1494661921708185,-0.0498220640569395,-0.2704626334519573,-0.18149466192170818,-0.2206405693950178,-0.28113879003558717,-0.11743772241992882,-0.34519572953736655,-0.2918149466192171,-0.47330960854092524,-0.40213523131672596,-0.6583629893238434,-0.4626334519572954,-0.7758007117437722,-0.505338078291815,-0.8825622775800712,-0.15302491103202848,-0.501779359430605,-0.1494661921708185,-0.7295373665480427,-0.12455516014234876,-0.8790035587188612,-0.09252669039145907,-1.0,-0.021352313167259787,-0.46619217081850534,-0.046263345195729534,-0.49110320284697506,-0.09252669039145907,-0.35231316725978645,-0.1103202846975089,-0.25622775800711745,0.08896797153024912,-0.3914590747330961,0.046263345195729534,-0.36298932384341637,0.0,-0.2491103202846975,-0.014234875444839857,-0.16370106761565836
1,0.0,0.0,-0.14590747330960854,-0.03914590747330961,-0.27402135231316727,-0.1601423487544484,-0.2277580071174377,-0.26334519572953735,-0.12811387900355872,-0.33451957295373663,-0.30604982206405695,-0.4626334519572954,-0.4128113879003559,-0.6512455516014235,-0.47330960854092524,-0.7686832740213523,-0.5160142348754448,-0.8754448398576512,-0.16370106761565836,-0.49466192170818507,-0.16725978647686832,-0.7224199288256228,-0.1423487544483986,-0.8718861209964412,-0.11387900355871886,-1.0,-0.03202846975088968,-0.4626334519572954,-0.05338078291814947,-0.47686832740213525,-0.08896797153024912,-0.34519572953736655,-0.10320284697508897,-0.2526690391459075,0.08185053380782918,-0.39501779359430605,0.042704626334519574,-0.35587188612099646,0.0071174377224199285,-0.23843416370106763,0.0,-0.15658362989323843
1,0.0,0.0,-0.14685314685314685,-0.038461538461538464,-0.2762237762237762,-0.17132867132867133,-0.22377622377622378,-0.28321678321678323,-0.11888111888111888,-0.34615384615384615,-0.3006993006993007,-0.46153846153846156,-0.4125874125874126,-0.6468531468531469,-0.47202797202797203,-0.7622377622377622,-0.5174825174825175,-0.8636363636363636,-0.16433566433566432,-0.4965034965034965,-0.17482517482517482,-0.7237762237762237,-0.16433566433566432,-0.8741258741258742,-0.14335664335664336,-1.0,-0.03496503496503497,-0.46503496503496505,-0.06993006993006994,-0.493006993006993,-0.1048951048951049,-0.35664335664335667,-0.11538461538461539,-0.26223776223776224,0.08041958041958042,-0.3951048951048951,0.027972027972027972,-0.36713286713286714,-0.006993006993006993,-0.2517482517482518,-0.013986013986013986,-0.17482517482517482
1,0.0,0.0,-0.14482758620689656,-0.04482758620689655,-0.2689655172413793,-0.17586206896551723,-0.2206896551724138,-0.2827586206896552,-0.12758620689655173,-0.35517241379310344,-0.29310344827586204,-0.45517241379310347,-0.4068965517241379,-0.6413793103448275,-0.4689655172413793,-0.7586206896551724,-0.5137931034482759,-0.8620689655172413,-0.16206896551724137,-0.4827586206896552,-0.1793103448275862,-0.7172413793103448,-0.1724137931034483,-0.8724137931034482,-0.15862068965517243,-1.0,-0.034482758620689655,-0.4517241379310345,-0.06896551724137931,-0.4896551724137931,-0.10689655172413794,-0.3586206896551724,-0.11379310344827587,-0.2689655172413793,0.07931034482758621,-0.38620689655172413,0.03103448275862069,-0.3758620689655172,-0.006896551724137931,-0.2620689655172414,-0.013793103448275862,-0.18275862068965518
1,0.0,0.0,-0.15699658703071673,-0.04436860068259386,-0.2696245733788396,-0.18430034129692832,-0.2150170648464164,-0.3003412969283277,-0.13310580204778158,-0.3856655290102389,-0.3003412969283277,-0.4539249146757679,-0.4129692832764505,-0.6416382252559727,-0.4778156996587031,-0.757679180887372,-0.5290102389078498,-0.8600682593856656,-0.17064846416382254,-0.48464163822525597,-0.19795221843003413,-0.7167235494880546,-0.19795221843003413,-0.8703071672354948,-0.18771331058020477,-1.0,-0.040955631399317405,-0.45051194539249145,-0.08191126279863481,-0.48464163822525597,-0.11262798634812286,-0.3515358361774744,-0.11604095563139932,-0.2627986348122867,0.07167235494880546,-0.3822525597269625,0.020477815699658702,-0.3856655290102389,-0.013651877133105802,-0.27303754266211605,-0.020477815699658702,-0.19112627986348124
1,0.0,0.0,-0.15306122448979592,-0.04421768707482993,-0.272108843537415,-0.17687074829931973,-0.21768707482993196,-0.29931972789115646,-0.1292517006802721,-0.38095238095238093,-0.30272108843537415,-0.4557823129251701,-0.40816326530612246,-0.6462585034013606,-0.47619047619047616,-0.7619047619047619,-0.5272108843537415,-0.8639455782312925,-0.17006802721088435,-0.48299319727891155,-0.19727891156462585,-0.7142857142857143,-0.19727891156462585,-0.8673469387755102,-0.1870748299319728,-1.0,-0.04081632653061224,-0.4489795918367347,-0.0782312925170068,-0.4897959183673469,-0.10884353741496598,-0.35374149659863946,-0.11224489795918367,-0.2619047619047619,0.07142857142857142,-0.37755102040816324,0.023809523809523808,-0.3877551020408163,-0.013605442176870748,-0.272108843537415,-0.023809523809523808,-0.19047619047619047
1,0.0,0.0,-0.14625850340136054,-0.05102040816326531,-0.2755102040816326,-0.19387755102040816,-0.21768707482993196,-0.3163265306122449,-0.11224489795918367,-0.391156462585034,-0.2891156462585034,-0.4557823129251701,-0.40476190476190477,-0.6462585034013606,-0.47278911564625853,-0.7619047619047619,-0.5238095238095238,-0.8639455782312925,-0.1598639455782313,-0.48639455782312924,-0.20068027210884354,-0.717687074829932,-0.20748299319727892,-0.8707482993197279,-0.19727891156462585,-1.0,-0.034013605442176874,-0.4557823129251701,-0.0782312925170068,-0.48639455782312924,-0.10884353741496598,-0.35034013605442177,-0.11224489795918367,-0.25510204081632654,0.0782312925170068,-0.3945578231292517,0.02040816326530612,-0.3877551020408163,-0.013605442176870748,-0.2755102040816326,-0.017006802721088437,-0.19387755102040816
1,0.0,0.0,-0.14675767918088736,-0.04778156996587031,-0.2696245733788396,-0.19112627986348124,-0.21160409556313994,-0.3174061433447099,-0.11604095563139932,-0.3993174061433447,-0.2935153583617747,-0.45051194539249145,-0.4061433447098976,-0.6416382252559727,-0.47440273037542663,-0.757679180887372,-0.5290102389078498,-0.856655290102389,-0.16040955631399317,-0.4812286689419795,-0.19795221843003413,-0.7201365187713311,-0.21160409556313994,-0.8703071672354948,-0.21160409556313994,-1.0,-0.030716723549488054,-0.45051194539249145,-0.07849829351535836,-0.4880546075085324,-0.10921501706484642,-0.34812286689419797,-0.11262798634812286,-0.25597269624573377,0.08532423208191127,-0.3856655290102389,0.023890784982935155,-0.3924914675767918,-0.010238907849829351,-0.27303754266211605,-0.017064846416382253,-0.1945392491467577
1,0.0,0.0,-0.1482758620689655,-0.04827586206896552,-0.2689655172413793,-0.19310344827586207,-0.21379310344827587,-0.32413793103448274,-0.12758620689655173,-0.41379310344827586,-0.30344827586206896,-0.45517241379310347,-0.41724137931034483,-0.6517241379310345,-0.4896551724137931,-0.7655172413793103,-0.5448275862068965,-0.8689655172413793,-0.16896551724137931,-0.4862068965517241,-0.2103448275862069,-0.7241379310344828,-0.2206896551724138,-0.8758620689655172,-0.21724137931034482,-1.0,-0.03793103448275862,-0.4517241379310345,-0.08275862068965517,-0.5,-0.10689655172413794,-0.35172413793103446,-0.1103448275862069,-0.25517241379310346,0.07931034482758621,-0.3896551724137931,0.02413793103448276,-0.4,-0.010344827586206896,-0.27241379310344827,-0.017241379310344827,-0.1896551724137931
1,0.0,0.0,-0.1522491349480969,-0.05190311418685121,-0.27335640138408307,-0.1972318339100346,-0.21107266435986158,-0.328719723183391,-0.12110726643598616,-0.4186851211072664,-0.2975778546712803,-0.45674740484429066,-0.4117647058823529,-0.6470588235294118,-0.4844290657439446,-0.7612456747404844,-0.5397923875432526,-0.8615916955017301,-0.16608996539792387,-0.4844290657439446,-0.20761245674740483,-0.7197231833910035,-0.2179930795847751,-0.8719723183391004,-0.21453287197231835,-1.0,-0.03460207612456748,-0.4532871972318339,-0.07958477508650519,-0.49480968858131485,-0.10726643598615918,-0.35294117647058826,-0.10726643598615918,-0.25951557093425603,0.08650519031141868,-0.3875432525951557,0.02768166089965398,-0.4083044982698962,-0.010380622837370242,-0.2906574394463668,-0.01730103806228374,-0.21107266435986158
1,0.0,0.0,-0.1522491349480969,-0.05190311418685121,-0.2768166089965398,-0.20069204152249134,-0.2179930795847751,-0.3391003460207612,-0.1245674740484429,-0.4290657439446367,-0.29411764705882354,-0.44982698961937717,-0.4083044982698962,-0.643598615916955,-0.47750865051903113,-0.7647058823529411,-0.532871972318339,-0.8650519031141869,-0.1695501730103806,-0.47750865051903113,-0.21107266435986158,-0.7231833910034602,-0.22837370242214533,-0.8754325259515571,-0.22837370242214533,-1.0,-0.03806228373702422,-0.4429065743944637,-0.08650519031141868,-0.5086505190311419,-0.11764705882352941,-0.35986159169550175,-0.11764705882352941,-0.2629757785467128,0.07958477508650519,-0.3771626297577855,0.020761245674740483,-0.42560553633217996,-0.020761245674740483,-0.3079584775086505,-0.02422145328719723,-0.22145328719723184
1,0.0,0.0,-0.16206896551724137,-0.05172413793103448,-0.2827586206896552,-0.20344827586206896,-0.22413793103448276,-0.3413793103448276,-0.12758620689655173,-0.43103448275862066,-0.30344827586206896,-0.4517241379310345,-0.41379310344827586,-0.6413793103448275,-0.4862068965517241,-0.7586206896551724,-0.5413793103448276,-0.8586206896551725,-0.17586206896551723,-0.4793103448275862,-0.21724137931034482,-0.7241379310344828,-0.23448275862068965,-0.8758620689655172,-0.23448275862068965,-1.0,-0.04827586206896552,-0.4482758620689655,-0.09310344827586207,-0.506896551724138,-0.12413793103448276,-0.3620689655172414,-0.12758620689655173,-0.2620689655172414,0.06896551724137931,-0.38275862068965516,0.006896551724137931,-0.4103448275862069,-0.03103448275862069,-0.2896551724137931,-0.03793103448275862,-0.20689655172413793
1,0.0,0.0,-0.14776632302405499,-0.05154639175257732,-0.27491408934707906,-0.20618556701030927,-0.22336769759450173,-0.3436426116838488,-0.12714776632302405,-0.42955326460481097,-0.29896907216494845,-0.4570446735395189,-0.41237113402061853,-0.6460481099656358,-0.48109965635738833,-0.7663230240549829,-0.5326460481099656,-0.865979381443299,-0.17525773195876287,-0.4845360824742268,-0.21649484536082475,-0.7250859106529209,-0.23367697594501718,-0.8762886597938144,-0.23367697594501718,-1.0,-0.048109965635738834,-0.45017182130584193,-0.09278350515463918,-0.5189003436426117,-0.12371134020618557,-0.36769759450171824,-0.12371134020618557,-0.26804123711340205,0.06529209621993128,-0.38144329896907214,0.006872852233676976,-0.41924398625429554,-0.027491408934707903,-0.29553264604810997,-0.030927835051546393,-0.20962199312714777
1,0.0,0.0,-0.15120274914089346,-0.05154639175257732,-0.27835051546391754,-0.20618556701030927,-0.23024054982817868,-0.3470790378006873,-0.140893470790378,-0.436426116838488,-0.30584192439862545,-0.45017182130584193,-0.41580756013745707,-0.6426116838487973,-0.4845360824742268,-0.7628865979381443,-0.5360824742268041,-0.865979381443299,-0.18213058419243985,-0.4742268041237113,-0.2268041237113402,-0.718213058419244,-0.24054982817869416,-0.8762886597938144,-0.23711340206185566,-1.0,-0.058419243986254296,-0.44329896907216493,-0.10309278350515463,-0.5189003436426117,-0.12714776632302405,-0.3745704467353952,-0.12714776632302405,-0.27835051546391754,0.05154639175257732,-0.37800687285223367,-0.003436426116838488,-0.41580756013745707,-0.03436426116838488,-0.2920962199312715,-0.037800687285223365,-0.20618556701030927
1,0.0,0.0,-0.1482758620689655,-0.04482758620689655,-0.2793103448275862,-0.20344827586206896,-0.22758620689655173,-0.35172413793103446,-0.1310344827586207,-0.44482758620689655,-0.30344827586206896,-0.44482758620689655,-0.41724137931034483,-0.6413793103448275,-0.4862068965517241,-0.7620689655172413,-0.5413793103448276,-0.8689655172413793,-0.1793103448275862,-0.47586206896551725,-0.23103448275862068,-0.7206896551724138,-0.2517241379310345,-0.8758620689655172,-0.2517241379310345,-1.0,-0.05172413793103448,-0.44482758620689655,-0.1,-0.5206896551724138,-0.12758620689655173,-0.3689655172413793,-0.1310344827586207,-0.2655172413793103,0.06206896551724138,-0.3758620689655172,-0.006896551724137931,-0.4103448275862069,-0.03793103448275862,-0.2827586206896552,-0.03793103448275862,-0.19655172413793104
1,0.0,0.0,-0.14982578397212543,-0.04878048780487805,-0.2787456445993031,-0.1986062717770035,-0.24041811846689895,-0.33797909407665505,-0.14982578397212543,-0.43205574912891986,-0.30662020905923343,-0.4529616724738676,-0.4146341463414634,-0.6445993031358885,-0.4808362369337979,-0.7630662020905923,-0.5331010452961672,-0.867595818815331,-0.18118466898954705,-0.4808362369337979,-0.2229965156794425,-0.7247386759581882,-0.24041811846689895,-0.8745644599303136,-0.24390243902439024,-1.0,-0.05574912891986063,-0.445993031358885,-0.10104529616724739,-0.5470383275261324,-0.13588850174216027,-0.4076655052264808,-0.14634146341463414,-0.30662020905923343,0.059233449477351915,-0.37630662020905925,0.003484320557491289,-0.43205574912891986,-0.027874564459930314,-0.31010452961672474,-0.0313588850174216,-0.21951219512195122
1,0.0,0.0,-0.1814516129032258,-0.06048387096774194,-0.3064516129032258,-0.2217741935483871,-0.2661290322580645,-0.3588709677419355,-0.20161290322580644,-0.45161290322580644,-0.3387096774193548,-0.5362903225806451,-0.45564516129032256,-0.7419354838709677,-0.5282258064516129,-0.8790322580645161,-0.5846774193548387,-1.0,-0.20161290322580644,-0.5604838709677419,-0.22983870967741934,-0.7701612903225806,-0.2540322580645161,-0.875,-0.2661290322580645,-0.967741935483871,-0.06048387096774194,-0.5282258064516129,-0.08064516129032258,-0.6693548387096774,-0.125,-0.5120967741935484,-0.13709677419354838,-0.3911290322580645,0.06854838709677419,-0.4596774193548387,0.04032258064516129,-0.5725806451612904,0.004032258064516129,-0.46774193548387094,-0.008064516129032258,-0.375
1,0.0,0.0,-0.17959183673469387,-0.061224489795918366,-0.30612244897959184,-0.22040816326530613,-0.27346938775510204,-0.35918367346938773,-0.21224489795918366,-0.46122448979591835,-0.3346938775510204,-0.5346938775510204,-0.4530612244897959,-0.7428571428571429,-0.5265306122448979,-0.8775510204081632,-0.5836734693877551,-1.0,-0.19591836734693877,-0.563265306122449,-0.22857142857142856,-0.7673469387755102,-0.2571428571428571,-0.8734693877551021,-0.2653061224489796,-0.9673469387755103,-0.05714285714285714,-0.5346938775510204,-0.07755102040816327,-0.6775510204081633,-0.12244897959183673,-0.5265306122448979,-0.14285714285714285,-0.39591836734693875,0.07346938775510205,-0.46530612244897956,0.044897959183673466,-0.5795918367346938,0.004081632653061225,-0.47346938775510206,-0.00816326530612245,-0.3795918367346939
1,0.0,0.0,-0.17083333333333334,-0.05416666666666667,-0.29583333333333334,-0.22083333333333333,-0.25416666666666665,-0.37916666666666665,-0.17083333333333334,-0.49166666666666664,-0.3333333333333333,-0.5333333333333333,-0.44583333333333336,-0.7375,-0.5208333333333334,-0.8875,-0.5791666666666667,-1.0,-0.1875,-0.5541666666666667,-0.22083333333333333,-0.8208333333333333,-0.275,-0.8916666666666667,-0.31666666666666665,-0.9125,-0.041666666666666664,-0.5166666666666667,-0.07916666666666666,-0.6416666666666667,-0.13333333333333333,-0.4875,-0.15,-0.37083333333333335,0.0875,-0.43333333333333335,0.04583333333333333,-0.5208333333333334,-0.004166666666666667,-0.4083333333333333,-0.016666666666666666,-0.32083333333333336
1,0.0,0.0,-0.16260162601626016,-0.06097560975609756,-0.2926829268292683,-0.21544715447154472,-0.23983739837398374,-0.3780487804878049,-0.14227642276422764,-0.4878048780487805,-0.3170731707317073,-0.508130081300813,-0.4349593495934959,-0.7073170731707317,-0.5121951219512195,-0.8373983739837398,-0.573170731707317,-0.9512195121951219,-0.18699186991869918,-0.5365853658536586,-0.23577235772357724,-0.7723577235772358,-0.2682926829268293,-0.8943089430894309,-0.2886178861788618,-1.0,-0.04878048780487805,-0.5,-0.09349593495934959,-0.6056910569105691,-0.13008130081300814,-0.45934959349593496,-0.13414634146341464,-0.35772357723577236,0.08130081300813008,-0.4186991869918699,0.028455284552845527,-0.4959349593495935,-0.012195121951219513,-0.3821138211382114,-0.016260162601626018,-0.3008130081300813
1,0.0,0.0,-0.14885496183206107,-0.0648854961832061,-0.2748091603053435,-0.2099236641221374,-0.22519083969465647,-0.3511450381679389,-0.12213740458015267,-0.4389312977099237,-0.2900763358778626,-0.46946564885496184,-0.40458015267175573,-0.6526717557251909,-0.4847328244274809,-0.7748091603053435,-0.5419847328244275,-0.8778625954198473,-0.1717557251908397,-0.5038167938931297,-0.22519083969465647,-0.732824427480916,-0.2480916030534351,-0.8702290076335878,-0.25190839694656486,-1.0,-0.04198473282442748,-0.4732824427480916,-0.08778625954198473,-0.5343511450381679,-0.12213740458015267,-0.3931297709923664,-0.12213740458015267,-0.31679389312977096,0.07633587786259542,-0.40076335877862596,0.019083969465648856,-0.44656488549618323,-0.015267175572519083,-0.33969465648854963,-0.015267175572519083,-0.2786259541984733
1,0.0,0.0,-0.14606741573033707,-0.056179775280898875,-0.2696629213483146,-0.20599250936329588,-0.20599250936329588,-0.3445692883895131,-0.09363295880149813,-0.4232209737827715,-0.2846441947565543,-0.45692883895131087,-0.40074906367041196,-0.6367041198501873,-0.4794007490636704,-0.7528089887640449,-0.5355805243445693,-0.850187265917603,-0.17228464419475656,-0.4868913857677903,-0.22846441947565543,-0.7191011235955056,-0.250936329588015,-0.8689138576779026,-0.24719101123595505,-1.0,-0.0449438202247191,-0.45692883895131087,-0.08239700374531835,-0.4943820224719101,-0.11610486891385768,-0.3595505617977528,-0.1198501872659176,-0.2883895131086142,0.06741573033707865,-0.3857677902621723,0.018726591760299626,-0.41947565543071164,-0.018726591760299626,-0.3146067415730337,-0.018726591760299626,-0.2546816479400749
1,0.0,0.0,-0.14444444444444443,-0.05925925925925926,-0.26666666666666666,-0.2074074074074074,-0.2,-0.34444444444444444,-0.08518518518518518,-0.42592592592592593,-0.2777777777777778,-0.44814814814814813,-0.4,-0.6296296296296297,-0.4777777777777778,-0.7407407407407407,-0.5370370370370371,-0.837037037037037,-0.16296296296296298,-0.48148148148148145,-0.21481481481481482,-0.7185185185185186,-0.23333333333333334,-0.8703703703703703,-0.22592592592592592,-1.0,-0.040740740740740744,-0.45185185185185184,-0.07407407407407407,-0.48148148148148145,-0.1037037037037037,-0.35555555555555557,-0.1,-0.28888888888888886,0.06666666666666667,-0.3851851851851852,0.018518518518518517,-0.4074074074074074,-0.014814814814814815,-0.3111111111111111,-0.014814814814814815,-0.25925925925925924
1,0.0,0.0,-0.14391143911439114,-0.05904059040590406,-0.25830258302583026,-0.2029520295202952,-0.1918819188191882,-0.33210332103321033,-0.07749077490774908,-0.4095940959409594,-0.2730627306273063,-0.44649446494464945,-0.3874538745387454,-0.6309963099630996,-0.46494464944649444,-0.7416974169741697,-0.5239852398523985,-0.8413284132841329,-0.15498154981549817,-0.4797047970479705,-0.1992619926199262,-0.7195571955719557,-0.21033210332103322,-0.8708487084870848,-0.2029520295202952,-1.0,-0.03690036900369004,-0.45018450184501846,-0.06642066420664207,-0.4797047970479705,-0.0996309963099631,-0.36162361623616235,-0.0996309963099631,-0.2915129151291513,0.07011070110701106,-0.3800738007380074,0.025830258302583026,-0.4022140221402214,-0.01107011070110701,-0.3062730627306273,-0.014760147601476014,-0.24354243542435425
1,0.0,0.0,-0.14444444444444443,-0.05925925925925926,-0.25925925925925924,-0.2037037037037037,-0.1925925925925926,-0.3333333333333333,-0.07777777777777778,-0.4111111111111111,-0.2740740740740741,-0.45185185185185184,-0.3888888888888889,-0.6370370370370371,-0.4666666666666667,-0.7481481481481481,-0.5222222222222223,-0.8444444444444444,-0.15555555555555556,-0.48518518518518516,-0.2,-0.7222222222222222,-0.2111111111111111,-0.8740740740740741,-0.2037037037037037,-1.0,-0.03333333333333333,-0.45185185185185184,-0.06666666666666667,-0.48148148148148145,-0.0962962962962963,-0.362962962962963,-0.1,-0.28888888888888886,0.07037037037037037,-0.3851851851851852,0.025925925925925925,-0.40370370370370373,-0.007407407407407408,-0.3037037037037037,-0.011111111111111112,-0.24444444444444444
1,0.0,0.0,-0.14074074074074075,-0.06296296296296296,-0.25925925925925924,-0.2037037037037037,-0.2,-0.337037037037037,-0.08518518518518518,-0.4111111111111111,-0.27037037037037037,-0.45185185185185184,-0.3925925925925926,-0.6370370370370371,-0.4666666666666667,-0.7481481481481481,-0.5222222222222223,-0.8444444444444444,-0.15185185185185185,-0.48148148148148145,-0.2,-0.7185185185185186,-0.2111111111111111,-0.8703703703703703,-0.1962962962962963,-1.0,-0.02962962962962963,-0.45185185185185184,-0.07037037037037037,-0.48518518518518516,-0.1,-0.36666666666666664,-0.1,-0.29259259259259257,0.07777777777777778,-0.3851851851851852,0.02962962962962963,-0.4185185185185185,-0.011111111111111112,-0.32222222222222224,-0.011111111111111112,-0.25555555555555554
1,0.0,0.0,-0.1412639405204461,-0.05947955390334572,-0.26394052044609667,-0.20074349442379183,-0.1970260223048327,-0.3345724907063197,-0.07806691449814127,-0.40892193308550184,-0.275092936802974,-0.44609665427509293,-0.3903345724907063,-0.6319702602230484,-0.4684014869888476,-0.7434944237918215,-0.5241635687732342,-0.8401486988847584,-0.15613382899628253,-0.4758364312267658,-0.19330855018587362,-0.7174721189591078,-0.20446096654275092,-0.8698884758364313,-0.1895910780669145,-1.0,-0.03345724907063197,-0.44609665427509293,-0.06319702602230483,-0.483271375464684,-0.09665427509293681,-0.3643122676579926,-0.09665427509293681,-0.2936802973977695,0.07434944237918216,-0.37174721189591076,0.02973977695167286,-0.4052044609665427,-0.007434944237918215,-0.31226765799256506,-0.011152416356877323,-0.2527881040892193
1,0.0,0.0,-0.15073529411764705,-0.058823529411764705,-0.2610294117647059,-0.20588235294117646,-0.19117647058823528,-0.33455882352941174,-0.08088235294117647,-0.4117647058823529,-0.2867647058823529,-0.44485294117647056,-0.4007352941176471,-0.6323529411764706,-0.4742647058823529,-0.7426470588235294,-0.5330882352941176,-0.8419117647058824,-0.16544117647058823,-0.48161764705882354,-0.20220588235294118,-0.7169117647058824,-0.20955882352941177,-0.8676470588235294,-0.19852941176470587,-1.0,-0.04411764705882353,-0.4485294117647059,-0.06985294117647059,-0.47058823529411764,-0.09926470588235294,-0.34558823529411764,-0.09926470588235294,-0.28308823529411764,0.0661764705882353,-0.38235294117647056,0.025735294117647058,-0.4007352941176471,-0.007352941176470588,-0.30514705882352944,-0.011029411764705883,-0.25735294117647056
1,0.0,0.0,-0.14233576642335766,-0.058394160583941604,-0.26277372262773724,-0.20802919708029197,-0.20072992700729927,-0.33941605839416056,-0.08029197080291971,-0.40875912408759124,-0.27007299270072993,-0.4489051094890511,-0.38321167883211676,-0.6313868613138686,-0.45985401459854014,-0.7408759124087592,-0.5182481751824818,-0.8394160583941606,-0.15693430656934307,-0.4781021897810219,-0.19343065693430658,-0.718978102189781,-0.20437956204379562,-0.864963503649635,-0.19343065693430658,-1.0,-0.032846715328467155,-0.4489051094890511,-0.06934306569343066,-0.4744525547445255,-0.10218978102189781,-0.3467153284671533,-0.09854014598540146,-0.2846715328467153,0.072992700729927,-0.38321167883211676,0.025547445255474453,-0.4051094890510949,-0.010948905109489052,-0.30656934306569344,-0.0036496350364963502,-0.25547445255474455
1,0.0,0.0,-0.148014440433213,-0.06498194945848375,-0.26714801444043323,-0.21660649819494585,-0.20577617328519857,-0.35018050541516244,-0.09025270758122744,-0.4223826714801444,-0.27075812274368233,-0.44765342960288806,-0.38267148014440433,-0.631768953068592,-0.4584837545126354,-0.740072202166065,-0.516245487364621,-0.8375451263537906,-0.1588447653429603,-0.47653429602888087,-0.19133574007220217,-0.7220216606498195,-0.20216606498194944,-0.8700361010830325,-0.19133574007220217,-1.0,-0.036101083032490974,-0.44404332129963897,-0.07220216606498195,-0.48375451263537905,-0.10830324909747292,-0.36101083032490977,-0.10469314079422383,-0.2888086642599278,0.07220216606498195,-0.37906137184115524,0.02527075812274368,-0.4187725631768953,-0.01444043321299639,-0.3249097472924188,-0.010830324909747292,-0.26714801444043323
1,0.0,0.0,-0.1444043321299639,-0.06498194945848375,-0.26353790613718414,-0.21299638989169675,-0.20938628158844766,-0.35018050541516244,-0.09386281588447654,-0.4223826714801444,-0.27075812274368233,-0.44765342960288806,-0.38267148014440433,-0.6353790613718412,-0.4548736462093863,-0.7472924187725631,-0.5126353790613718,-0.8447653429602888,-0.1552346570397112,-0.47653429602888087,-0.19133574007220217,-0.7220216606498195,-0.19855595667870035,-0.8736462093862816,-0.18772563176895307,-1.0,-0.036101083032490974,-0.44404332129963897,-0.06859205776173286,-0.49097472924187724,-0.10108303249097472,-0.37184115523465705,-0.10108303249097472,-0.296028880866426,0.06859205776173286,-0.37545126353790614,0.02888086642599278,-0.4259927797833935,-0.007220216606498195,-0.33574007220216606,-0.007220216606498195,-0.27075812274368233
1,0.0,0.0,-0.13818181818181818,-0.06181818181818182,-0.2581818181818182,-0.21454545454545454,-0.2,-0.3527272727272727,-0.08363636363636363,-0.4254545454545455,-0.2690909090909091,-0.44727272727272727,-0.38181818181818183,-0.6327272727272727,-0.45454545454545453,-0.7454545454545455,-0.5127272727272727,-0.84,-0.15636363636363637,-0.4763636363636364,-0.19272727272727272,-0.72,-0.20363636363636364,-0.8690909090909091,-0.1890909090909091,-1.0,-0.03636363636363636,-0.44727272727272727,-0.06545454545454546,-0.48363636363636364,-0.09818181818181818,-0.3563636363636364,-0.09454545454545454,-0.2909090909090909,0.06545454545454546,-0.38181818181818183,0.025454545454545455,-0.41454545454545455,-0.007272727272727273,-0.31636363636363635,-0.0036363636363636364,-0.26181818181818184
1,0.0,0.0,-0.1407942238267148,-0.06498194945848375,-0.259927797833935,-0.21660649819494585,-0.20216606498194944,-0.35379061371841153,-0.08303249097472924,-0.4223826714801444,-0.26714801444043323,-0.45126353790613716,-0.37906137184115524,-0.6353790613718412,-0.45126353790613716,-0.7472924187725631,-0.5054151624548736,-0.8447653429602888,-0.1552346570397112,-0.48014440433212996,-0.19494584837545126,-0.7184115523465704,-0.20577617328519857,-0.8700361010830325,-0.19494584837545126,-1.0,-0.036101083032490974,-0.44765342960288806,-0.06498194945848375,-0.49097472924187724,-0.09747292418772563,-0.37184115523465705,-0.09747292418772563,-0.30324909747292417,0.06859205776173286,-0.37906137184115524,0.02527075812274368,-0.4151624548736462,-0.010830324909747292,-0.3249097472924188,-0.007220216606498195,-0.26714801444043323
1,0.0,0.0,-0.14545454545454545,-0.06181818181818182,-0.2690909090909091,-0.22181818181818183,-0.20363636363636364,-0.36,-0.08363636363636363,-0.4290909090909091,-0.2690909090909091,-0.4581818181818182,-0.38181818181818183,-0.64,-0.4581818181818182,-0.7490909090909091,-0.5127272727272727,-0.8472727272727273,-0.15636363636363637,-0.4909090909090909,-0.2,-0.7272727272727273,-0.2109090909090909,-0.8690909090909091,-0.20363636363636364,-1.0,-0.03272727272727273,-0.4618181818181818,-0.07272727272727272,-0.48727272727272725,-0.10545454545454545,-0.3490909090909091,-0.10181818181818182,-0.28,0.07272727272727272,-0.3890909090909091,0.01818181818181818,-0.4109090909090909,-0.01818181818181818,-0.3054545454545455,-0.014545454545454545,-0.2509090909090909
1,0.0,0.0,-0.14492753623188406,-0.06884057971014493,-0.2644927536231884,-0.2318840579710145,-0.20652173913043478,-0.3695652173913043,-0.09420289855072464,-0.4384057971014493,-0.2536231884057971,-0.45652173913043476,-0.36231884057971014,-0.6413043478260869,-0.4384057971014493,-0.7572463768115942,-0.4927536231884058,-0.855072463768116,-0.14492753623188406,-0.4855072463768116,-0.20652173913043478,-0.7246376811594203,-0.2391304347826087,-0.8731884057971014,-0.2427536231884058,-1.0,-0.025362318840579712,-0.4528985507246377,-0.06884057971014493,-0.5108695652173914,-0.10507246376811594,-0.38768115942028986,-0.10507246376811594,-0.30434782608695654,0.07971014492753623,-0.38405797101449274,0.025362318840579712,-0.4311594202898551,-0.010869565217391304,-0.34057971014492755,-0.007246376811594203,-0.2753623188405797
1,0.0,0.0,-0.14233576642335766,-0.06569343065693431,-0.27007299270072993,-0.23357664233576642,-0.2116788321167883,-0.38321167883211676,-0.08759124087591241,-0.4562043795620438,-0.26277372262773724,-0.4562043795620438,-0.3759124087591241,-0.6459854014598541,-0.4489051094890511,-0.7627737226277372,-0.5036496350364964,-0.8613138686131386,-0.15328467153284672,-0.4927007299270073,-0.22262773722627738,-0.7299270072992701,-0.2591240875912409,-0.8722627737226277,-0.2664233576642336,-1.0,-0.0364963503649635,-0.4635036496350365,-0.08029197080291971,-0.5036496350364964,-0.11313868613138686,-0.3722627737226277,-0.10948905109489052,-0.30656934306569344,0.06934306569343066,-0.3978102189781022,0.0,-0.4124087591240876,-0.029197080291970802,-0.3102189781021898,-0.01824817518248175,-0.2591240875912409
1,0.0,0.0,-0.14545454545454545,-0.06545454545454546,-0.2727272727272727,-0.23272727272727273,-0.21454545454545454,-0.38181818181818183,-0.09454545454545454,-0.4581818181818182,-0.2690909090909091,-0.4581818181818182,-0.3781818181818182,-0.6436363636363637,-0.4581818181818182,-0.76,-0.509090909090909,-0.8581818181818182,-0.15636363636363637,-0.49454545454545457,-0.22545454545454546,-0.7272727272727273,-0.26181818181818184,-0.8690909090909091,-0.26545454545454544,-1.0,-0.03636363636363636,-0.46545454545454545,-0.08363636363636363,-0.509090909090909,-0.11636363636363636,-0.3781818181818182,-0.11272727272727273,-0.3090909090909091,0.06909090909090909,-0.4,0.0,-0.41818181818181815,-0.03272727272727273,-0.31636363636363635,-0.02181818181818182,-0.26545454545454544
1,0.0,0.0,-0.14130434782608695,-0.06884057971014493,-0.2608695652173913,-0.2318840579710145,-0.21014492753623187,-0.3804347826086957,-0.09782608695652174,-0.463768115942029,-0.2644927536231884,-0.45652173913043476,-0.37318840579710144,-0.644927536231884,-0.4528985507246377,-0.7608695652173914,-0.5072463768115942,-0.8623188405797102,-0.15217391304347827,-0.4891304347826087,-0.22826086956521738,-0.7282608695652174,-0.2608695652173913,-0.8695652173913043,-0.2644927536231884,-1.0,-0.03260869565217391,-0.4601449275362319,-0.07608695652173914,-0.5036231884057971,-0.10869565217391304,-0.3695652173913043,-0.10507246376811594,-0.30434782608695654,0.07608695652173914,-0.391304347826087,0.007246376811594203,-0.42028985507246375,-0.021739130434782608,-0.3188405797101449,-0.010869565217391304,-0.2753623188405797
1,0.0,0.0,-0.1474820143884892,-0.07553956834532374,-0.26618705035971224,-0.23381294964028776,-0.2158273381294964,-0.381294964028777,-0.10071942446043165,-0.460431654676259,-0.2697841726618705,-0.460431654676259,-0.38489208633093525,-0.6510791366906474,-0.460431654676259,-0.7697841726618705,-0.5107913669064749,-0.8705035971223022,-0.1618705035971223,-0.49280575539568344,-0.23381294964028776,-0.7266187050359713,-0.26618705035971224,-0.8705035971223022,-0.2697841726618705,-1.0,-0.04316546762589928,-0.46402877697841727,-0.08633093525179857,-0.5035971223021583,-0.11870503597122302,-0.37410071942446044,-0.11510791366906475,-0.3057553956834532,0.06474820143884892,-0.39568345323741005,-0.0035971223021582736,-0.4172661870503597,-0.03237410071942446,-0.3237410071942446,-0.017985611510791366,-0.2733812949640288
1,0.0,0.0,-0.1366906474820144,-0.07553956834532374,-0.2517985611510791,-0.23381294964028776,-0.19784172661870503,-0.37410071942446044,-0.08992805755395683,-0.44964028776978415,-0.2517985611510791,-0.46402877697841727,-0.3669064748201439,-0.6474820143884892,-0.43884892086330934,-0.762589928057554,-0.49280575539568344,-0.8597122302158273,-0.14388489208633093,-0.49280575539568344,-0.21942446043165467,-0.7266187050359713,-0.2517985611510791,-0.8705035971223022,-0.2517985611510791,-1.0,-0.025179856115107913,-0.460431654676259,-0.07194244604316546,-0.5035971223021583,-0.10071942446043165,-0.3776978417266187,-0.09352517985611511,-0.3129496402877698,0.08273381294964029,-0.38848920863309355,0.014388489208633094,-0.4136690647482014,-0.014388489208633094,-0.32014388489208634,0.0,-0.27697841726618705
1,0.0,0.0,-0.13780918727915195,-0.07420494699646643,-0.2508833922261484,-0.23674911660777384,-0.19081272084805653,-0.37809187279151946,-0.0812720848056537,-0.44876325088339225,-0.24381625441696114,-0.4664310954063604,-0.3498233215547703,-0.6537102473498233,-0.4169611307420495,-0.7703180212014135,-0.4664310954063604,-0.8692579505300353,-0.13427561837455831,-0.4911660777385159,-0.20141342756183744,-0.7279151943462897,-0.22968197879858657,-0.8763250883392226,-0.2332155477031802,-1.0,-0.0176678445229682,-0.45936395759717313,-0.05653710247349823,-0.519434628975265,-0.09540636042402827,-0.3957597173144876,-0.10247349823321555,-0.31095406360424027,0.08480565371024736,-0.38869257950530034,0.03180212014134275,-0.4275618374558304,-0.007067137809187279,-0.3321554770318021,-0.007067137809187279,-0.26855123674911663
1,0.0,0.0,-0.13732394366197184,-0.08450704225352113,-0.24295774647887325,-0.23943661971830985,-0.18309859154929578,-0.38028169014084506,-0.07746478873239436,-0.45422535211267606,-0.2323943661971831,-0.4647887323943662,-0.3345070422535211,-0.647887323943662,-0.4014084507042254,-0.7640845070422535,-0.4507042253521127,-0.8626760563380281,-0.1267605633802817,-0.4894366197183099,-0.18661971830985916,-0.7253521126760564,-0.21830985915492956,-0.8732394366197183,-0.21830985915492956,-1.0,-0.014084507042253521,-0.45422535211267606,-0.056338028169014086,-0.5035211267605634,-0.09154929577464789,-0.38380281690140844,-0.09154929577464789,-0.30985915492957744,0.08450704225352113,-0.38028169014084506,0.02464788732394366,-0.4119718309859155,-0.007042253521126761,-0.3204225352112676,0.0,-0.2676056338028169
1,0.0,0.0,-0.127208480565371,-0.07773851590106007,-0.24028268551236748,-0.23674911660777384,-0.1872791519434629,-0.37809187279151946,-0.07773851590106007,-0.4452296819787986,-0.22968197879858657,-0.4628975265017668,-0.3321554770318021,-0.6431095406360424,-0.3992932862190813,-0.7597173144876325,-0.4452296819787986,-0.8551236749116607,-0.127208480565371,-0.4876325088339223,-0.1872791519434629,-0.7243816254416962,-0.21554770318021202,-0.8692579505300353,-0.21554770318021202,-1.0,-0.014134275618374558,-0.45229681978798586,-0.053003533568904596,-0.5017667844522968,-0.08480565371024736,-0.38162544169611307,-0.0812720848056537,-0.31095406360424027,0.08833922261484099,-0.38515901060070673,0.028268551236749116,-0.4098939929328622,-0.0035335689045936395,-0.31802120141342755,0.01060070671378092,-0.26855123674911663
1,0.0,0.0,-0.13829787234042554,-0.08156028368794327,-0.24113475177304963,-0.2375886524822695,-0.18439716312056736,-0.3723404255319149,-0.0851063829787234,-0.44680851063829785,-0.23404255319148937,-0.4716312056737589,-0.33687943262411346,-0.6595744680851063,-0.40425531914893614,-0.776595744680851,-0.450354609929078,-0.875886524822695,-0.12411347517730496,-0.4929078014184397,-0.18085106382978725,-0.7269503546099291,-0.20567375886524822,-0.875886524822695,-0.20567375886524822,-1.0,-0.010638297872340425,-0.4574468085106383,-0.05673758865248227,-0.5,-0.09219858156028368,-0.3829787234042553,-0.09219858156028368,-0.3049645390070922,0.08865248226950355,-0.3829787234042553,0.028368794326241134,-0.4148936170212766,-0.0035460992907801418,-0.32978723404255317,0.0035460992907801418,-0.2730496453900709
1,0.0,0.0,-0.13261648745519714,-0.07885304659498207,-0.24372759856630824,-0.24014336917562723,-0.17921146953405018,-0.3763440860215054,-0.06093189964157706,-0.43727598566308246,-0.23297491039426524,-0.4767025089605735,-0.3333333333333333,-0.6666666666666666,-0.3978494623655914,-0.7849462365591398,-0.4444444444444444,-0.8853046594982079,-0.11827956989247312,-0.4982078853046595,-0.16487455197132617,-0.7311827956989247,-0.1827956989247312,-0.8745519713261649,-0.17562724014336917,-1.0,0.0,-0.45878136200716846,-0.043010752688172046,-0.4982078853046595,-0.08243727598566308,-0.37992831541218636,-0.07885304659498207,-0.30824372759856633,0.1003584229390681,-0.3835125448028674,0.043010752688172046,-0.4121863799283154,0.007168458781362007,-0.3225806451612903,0.014336917562724014,-0.26881720430107525
1,0.0,0.0,-0.13309352517985612,-0.08273381294964029,-0.24100719424460432,-0.24100719424460432,-0.17985611510791366,-0.37410071942446044,-0.0683453237410072,-0.4460431654676259,-0.2302158273381295,-0.4748201438848921,-0.3345323741007194,-0.6654676258992805,-0.39568345323741005,-0.7805755395683454,-0.44244604316546765,-0.8812949640287769,-0.11870503597122302,-0.49640287769784175,-0.15467625899280577,-0.7338129496402878,-0.16906474820143885,-0.8776978417266187,-0.15827338129496402,-1.0,-0.0035971223021582736,-0.45323741007194246,-0.04316546762589928,-0.5071942446043165,-0.08273381294964029,-0.38848920863309355,-0.08273381294964029,-0.31654676258992803,0.09352517985611511,-0.381294964028777,0.039568345323741004,-0.4064748201438849,0.0035971223021582736,-0.31654676258992803,0.01079136690647482,-0.26618705035971224
1,0.0,0.0,-0.13523131672597866,-0.07829181494661921,-0.24555160142348753,-0.24555160142348753,-0.18149466192170818,-0.3736654804270463,-0.06405693950177936,-0.4377224199288256,-0.2277580071174377,-0.4804270462633452,-0.3238434163701068,-0.6725978647686833,-0.3879003558718861,-0.7864768683274022,-0.43416370106761565,-0.8861209964412812,-0.1103202846975089,-0.498220640569395,-0.14590747330960854,-0.7295373665480427,-0.1601423487544484,-0.8754448398576512,-0.1494661921708185,-1.0,0.0071174377224199285,-0.45195729537366547,-0.03558718861209965,-0.501779359430605,-0.07829181494661921,-0.37722419928825623,-0.07829181494661921,-0.302491103202847,0.1103202846975089,-0.37722419928825623,0.05338078291814947,-0.41637010676156583,0.010676156583629894,-0.3202846975088968,0.017793594306049824,-0.26334519572953735
1,0.0,0.0,-0.13427561837455831,-0.08480565371024736,-0.24028268551236748,-0.254416961130742,-0.1696113074204947,-0.38515901060070673,-0.04946996466431095,-0.4416961130742049,-0.2226148409893993,-0.47703180212014135,-0.31802120141342755,-0.6678445229681979,-0.38162544169611307,-0.7879858657243817,-0.42402826855123676,-0.8869257950530035,-0.10954063604240283,-0.49469964664310956,-0.1413427561837456,-0.7314487632508834,-0.15547703180212014,-0.8798586572438163,-0.14840989399293286,-1.0,0.0035335689045936395,-0.45229681978798586,-0.03180212014134275,-0.5017667844522968,-0.07420494699646643,-0.38515901060070673,-0.0812720848056537,-0.31095406360424027,0.10247349823321555,-0.37809187279151946,0.04946996466431095,-0.4204946996466431,0.01060070671378092,-0.3286219081272085,0.014134275618374558,-0.26855123674911663
1,0.0,0.0,-0.13074204946996468,-0.08480565371024736,-0.23674911660777384,-0.254416961130742,-0.1625441696113074,-0.38162544169611307,-0.04240282685512368,-0.4381625441696113,-0.21554770318021202,-0.47703180212014135,-0.31095406360424027,-0.6749116607773852,-0.3710247349823322,-0.7915194346289752,-0.4098939929328622,-0.8904593639575972,-0.10247349823321555,-0.49469964664310956,-0.13074204946996468,-0.7314487632508834,-0.14487632508833923,-0.8798586572438163,-0.13427561837455831,-1.0,0.014134275618374558,-0.45229681978798586,-0.024734982332155476,-0.49823321554770317,-0.0706713780918728,-0.38162544169611307,-0.07420494699646643,-0.30742049469964666,0.11307420494699646,-0.38162544169611307,0.06007067137809187,-0.42402826855123676,0.0176678445229682,-0.33568904593639576,0.02120141342756184,-0.2756183745583039
1,0.0,0.0,-0.12937062937062938,-0.08391608391608392,-0.23426573426573427,-0.2517482517482518,-0.16783216783216784,-0.3776223776223776,-0.055944055944055944,-0.4370629370629371,-0.21678321678321677,-0.4825174825174825,-0.3111888111888112,-0.6678321678321678,-0.36713286713286714,-0.7867132867132867,-0.4090909090909091,-0.8846153846153846,-0.1048951048951049,-0.5,-0.12937062937062938,-0.7342657342657343,-0.14335664335664336,-0.8776223776223776,-0.13286713286713286,-1.0,0.01048951048951049,-0.458041958041958,-0.027972027972027972,-0.5034965034965035,-0.07342657342657342,-0.3881118881118881,-0.07692307692307693,-0.3146853146853147,0.10839160839160839,-0.3881118881118881,0.055944055944055944,-0.43006993006993005,0.017482517482517484,-0.3356643356643357,0.02097902097902098,-0.2727272727272727
1,0.0,0.0,-0.13333333333333333,-0.08771929824561403,-0.23157894736842105,-0.2596491228070175,-0.15789473684210525,-0.38596491228070173,-0.03859649122807018,-0.4456140350877193,-0.20701754385964913,-0.4807017543859649,-0.30526315789473685,-0.6701754385964912,-0.3684210526315789,-0.7859649122807018,-0.4105263157894737,-0.8842105263157894,-0.09824561403508772,-0.4982456140350877,-0.12631578947368421,-0.7333333333333333,-0.1368421052631579,-0.8771929824561403,-0.12631578947368421,-1.0,0.014035087719298246,-0.45964912280701753,-0.028070175438596492,-0.49473684210526314,-0.07017543859649122,-0.37543859649122807,-0.07017543859649122,-0.30526315789473685,0.11228070175438597,-0.3894736842105263,0.056140350877192984,-0.4280701754385965,0.017543859649122806,-0.3333333333333333,0.021052631578947368,-0.27017543859649124
1,0.0,0.0,-0.12631578947368421,-0.08771929824561403,-0.22456140350877193,-0.2596491228070175,-0.1543859649122807,-0.3894736842105263,-0.03508771929824561,-0.44912280701754387,-0.20350877192982456,-0.48771929824561405,-0.29473684210526313,-0.6771929824561403,-0.3508771929824561,-0.7929824561403509,-0.3929824561403509,-0.887719298245614,-0.0912280701754386,-0.4982456140350877,-0.11228070175438597,-0.7368421052631579,-0.12280701754385964,-0.8807017543859649,-0.11228070175438597,-1.0,0.021052631578947368,-0.45614035087719296,-0.010526315789473684,-0.5052631578947369,-0.056140350877192984,-0.3824561403508772,-0.06315789473684211,-0.3087719298245614,0.11929824561403508,-0.3824561403508772,0.07368421052631578,-0.43157894736842106,0.03508771929824561,-0.3368421052631579,0.03859649122807018,-0.2771929824561403
1,0.0,0.0,-0.13333333333333333,-0.0912280701754386,-0.22456140350877193,-0.2596491228070175,-0.1543859649122807,-0.38596491228070173,-0.05263157894736842,-0.45263157894736844,-0.21403508771929824,-0.49122807017543857,-0.3017543859649123,-0.6807017543859649,-0.3543859649122807,-0.7964912280701755,-0.39649122807017545,-0.8947368421052632,-0.09824561403508772,-0.5017543859649123,-0.10526315789473684,-0.7368421052631579,-0.11578947368421053,-0.8807017543859649,-0.10877192982456141,-1.0,0.017543859649122806,-0.45263157894736844,-0.014035087719298246,-0.4982456140350877,-0.06315789473684211,-0.37894736842105264,-0.07017543859649122,-0.312280701754386,0.11578947368421053,-0.37894736842105264,0.07017543859649122,-0.42105263157894735,0.028070175438596492,-0.3298245614035088,0.031578947368421054,-0.2771929824561403
1,0.0,0.0,-0.13286713286713286,-0.08741258741258741,-0.23076923076923078,-0.25524475524475526,-0.16433566433566432,-0.38461538461538464,-0.05944055944055944,-0.45104895104895104,-0.21678321678321677,-0.486013986013986,-0.3041958041958042,-0.6783216783216783,-0.36013986013986016,-0.7937062937062938,-0.4020979020979021,-0.8916083916083916,-0.10139860139860139,-0.4965034965034965,-0.10839160839160839,-0.7342657342657343,-0.11888111888111888,-0.8811188811188811,-0.11188811188811189,-1.0,0.013986013986013986,-0.45104895104895104,-0.02097902097902098,-0.5104895104895105,-0.06293706293706294,-0.38461538461538464,-0.07342657342657342,-0.3111888111888112,0.11188811188811189,-0.3741258741258741,0.06293706293706294,-0.42657342657342656,0.024475524475524476,-0.3356643356643357,0.027972027972027972,-0.2762237762237762
1,0.0,0.0,-0.13286713286713286,-0.08741258741258741,-0.22377622377622378,-0.2517482517482518,-0.16433566433566432,-0.38461538461538464,-0.06643356643356643,-0.46153846153846156,-0.21678321678321677,-0.4825174825174825,-0.3076923076923077,-0.6748251748251748,-0.36363636363636365,-0.7937062937062938,-0.4090909090909091,-0.8916083916083916,-0.1048951048951049,-0.493006993006993,-0.11538461538461539,-0.7342657342657343,-0.12237762237762238,-0.8811188811188811,-0.11188811188811189,-1.0,0.006993006993006993,-0.44755244755244755,-0.024475524475524476,-0.5104895104895105,-0.06993006993006994,-0.3916083916083916,-0.07692307692307693,-0.3181818181818182,0.1048951048951049,-0.3706293706293706,0.055944055944055944,-0.4230769230769231,0.017482517482517484,-0.32867132867132864,0.017482517482517484,-0.2692307692307692
1,0.0,0.0,-0.13380281690140844,-0.08450704225352113,-0.23591549295774647,-0.2535211267605634,-0.16901408450704225,-0.38380281690140844,-0.05985915492957746,-0.4507042253521127,-0.21830985915492956,-0.4823943661971831,-0.30633802816901406,-0.676056338028169,-0.36619718309859156,-0.7922535211267606,-0.4119718309859155,-0.8873239436619719,-0.10211267605633803,-0.49295774647887325,-0.11619718309859155,-0.7323943661971831,-0.1267605633802817,-0.8767605633802817,-0.11619718309859155,-1.0,0.007042253521126761,-0.4471830985915493,-0.02464788732394366,-0.5070422535211268,-0.07394366197183098,-0.3873239436619718,-0.08450704225352113,-0.31690140845070425,0.10211267605633803,-0.3767605633802817,0.056338028169014086,-0.4225352112676056,0.014084507042253521,-0.33098591549295775,0.014084507042253521,-0.2746478873239437
1,0.0,0.0,-0.13074204946996468,-0.08480565371024736,-0.22614840989399293,-0.2508833922261484,-0.17314487632508835,-0.38869257950530034,-0.07420494699646643,-0.4628975265017668,-0.21554770318021202,-0.48056537102473496,-0.31095406360424027,-0.6713780918727915,-0.3710247349823322,-0.7879858657243817,-0.4134275618374558,-0.8833922261484098,-0.10247349823321555,-0.49469964664310956,-0.12367491166077739,-0.7314487632508834,-0.13427561837455831,-0.8763250883392226,-0.12014134275618374,-1.0,0.01060070671378092,-0.45229681978798586,-0.038869257950530034,-0.49823321554770317,-0.0812720848056537,-0.3710247349823322,-0.0812720848056537,-0.2968197879858657,0.10954063604240283,-0.38162544169611307,0.045936395759717315,-0.4204946996466431,0.007067137809187279,-0.3250883392226148,0.0176678445229682,-0.26855123674911663
1,0.0,0.0,-0.13380281690140844,-0.0880281690140845,-0.22887323943661972,-0.2535211267605634,-0.16901408450704225,-0.3908450704225352,-0.07394366197183098,-0.46830985915492956,-0.21830985915492956,-0.4859154929577465,-0.31338028169014087,-0.6725352112676056,-0.3767605633802817,-0.7887323943661971,-0.4225352112676056,-0.8873239436619719,-0.10211267605633803,-0.4964788732394366,-0.13028169014084506,-0.7359154929577465,-0.14788732394366197,-0.8802816901408451,-0.14084507042253522,-1.0,0.01056338028169014,-0.4471830985915493,-0.02464788732394366,-0.5140845070422535,-0.06690140845070422,-0.39436619718309857,-0.07394366197183098,-0.31338028169014087,0.10915492957746478,-0.36971830985915494,0.06338028169014084,-0.43661971830985913,0.02464788732394366,-0.34507042253521125,0.02112676056338028,-0.27816901408450706
1,0.0,0.0,-0.13523131672597866,-0.07829181494661921,-0.24199288256227758,-0.24555160142348753,-0.18505338078291814,-0.3879003558718861,-0.07829181494661921,-0.4626334519572954,-0.2313167259786477,-0.4804270462633452,-0.33451957295373663,-0.6725978647686833,-0.398576512455516,-0.7900355871886121,-0.4483985765124555,-0.8861209964412812,-0.12099644128113879,-0.498220640569395,-0.16725978647686832,-0.7366548042704626,-0.18861209964412812,-0.8790035587188612,-0.18505338078291814,-1.0,-0.0035587188612099642,-0.45907473309608543,-0.03914590747330961,-0.5195729537366548,-0.07829181494661921,-0.398576512455516,-0.08540925266903915,-0.3167259786476868,0.09608540925266904,-0.3807829181494662,0.042704626334519574,-0.42704626334519574,0.010676156583629894,-0.33451957295373663,0.017793594306049824,-0.2775800711743772
1,0.0,0.0,-0.13523131672597866,-0.07829181494661921,-0.24199288256227758,-0.24555160142348753,-0.18861209964412812,-0.3879003558718861,-0.08896797153024912,-0.46619217081850534,-0.2277580071174377,-0.47330960854092524,-0.33451957295373663,-0.6619217081850534,-0.398576512455516,-0.7829181494661922,-0.4483985765124555,-0.8825622775800712,-0.11743772241992882,-0.49466192170818507,-0.17793594306049823,-0.7330960854092526,-0.20284697508896798,-0.8754448398576512,-0.199288256227758,-1.0,-0.0035587188612099642,-0.45907473309608543,-0.046263345195729534,-0.5160142348754448,-0.08896797153024912,-0.38434163701067614,-0.08896797153024912,-0.302491103202847,0.099644128113879,-0.3879003558718861,0.03558718861209965,-0.42704626334519574,0.0035587188612099642,-0.3309608540925267,0.010676156583629894,-0.2704626334519573
1,0.0,0.0,-0.13620071684587814,-0.07885304659498207,-0.24014336917562723,-0.24731182795698925,-0.1827956989247312,-0.3942652329749104,-0.07885304659498207,-0.4731182795698925,-0.23297491039426524,-0.4767025089605735,-0.3333333333333333,-0.6666666666666666,-0.4050179211469534,-0.7813620071684588,-0.4551971326164875,-0.8817204301075269,-0.12186379928315412,-0.4982078853046595,-0.17921146953405018,-0.7419354838709677,-0.2078853046594982,-0.8817204301075269,-0.2078853046594982,-1.0,-0.0035842293906810036,-0.46236559139784944,-0.04659498207885305,-0.5232974910394266,-0.08602150537634409,-0.3942652329749104,-0.0931899641577061,-0.30824372759856633,0.0967741935483871,-0.3870967741935484,0.035842293906810034,-0.43727598566308246,0.0,-0.3333333333333333,0.007168458781362007,-0.2616487455197133
1,0.0,0.0,-0.13261648745519714,-0.07526881720430108,-0.24372759856630824,-0.24372759856630824,-0.1827956989247312,-0.3942652329749104,-0.07885304659498207,-0.4731182795698925,-0.23297491039426524,-0.4767025089605735,-0.33691756272401435,-0.6630824372759857,-0.4050179211469534,-0.7777777777777778,-0.4551971326164875,-0.8745519713261649,-0.12186379928315412,-0.4982078853046595,-0.17921146953405018,-0.7347670250896058,-0.20430107526881722,-0.8781362007168458,-0.20430107526881722,-1.0,-0.007168458781362007,-0.45878136200716846,-0.04659498207885305,-0.5197132616487455,-0.08960573476702509,-0.3906810035842294,-0.0931899641577061,-0.3046594982078853,0.0967741935483871,-0.3870967741935484,0.035842293906810034,-0.43010752688172044,0.0,-0.32974910394265233,0.0035842293906810036,-0.2616487455197133
1,0.0,0.0,-0.14028776978417265,-0.07553956834532374,-0.24820143884892087,-0.24100719424460432,-0.1906474820143885,-0.38848920863309355,-0.09352517985611511,-0.4676258992805755,-0.24100719424460432,-0.4784172661870504,-0.34532374100719426,-0.6618705035971223,-0.4172661870503597,-0.7769784172661871,-0.4712230215827338,-0.8776978417266187,-0.12949640287769784,-0.5035971223021583,-0.1906474820143885,-0.737410071942446,-0.2158273381294964,-0.8776978417266187,-0.2158273381294964,-1.0,-0.014388489208633094,-0.4676258992805755,-0.0539568345323741,-0.5251798561151079,-0.08992805755395683,-0.39928057553956836,-0.09352517985611511,-0.3237410071942446,0.08992805755395683,-0.39568345323741005,0.03237410071942446,-0.4352517985611511,0.0,-0.3381294964028777,0.007194244604316547,-0.2841726618705036
1,0.0,0.0,-0.1366906474820144,-0.07194244604316546,-0.24820143884892087,-0.23381294964028776,-0.19424460431654678,-0.381294964028777,-0.09712230215827339,-0.460431654676259,-0.2446043165467626,-0.4712230215827338,-0.3489208633093525,-0.6546762589928058,-0.4244604316546763,-0.7697841726618705,-0.4784172661870504,-0.8669064748201439,-0.13309352517985612,-0.49640287769784175,-0.19424460431654678,-0.7338129496402878,-0.22302158273381295,-0.8776978417266187,-0.22661870503597123,-1.0,-0.017985611510791366,-0.460431654676259,-0.0539568345323741,-0.5215827338129496,-0.08992805755395683,-0.3920863309352518,-0.08992805755395683,-0.3129496402877698,0.08633093525179857,-0.38848920863309355,0.02877697841726619,-0.4316546762589928,0.0,-0.33093525179856115,0.007194244604316547,-0.2733812949640288
1,0.0,0.0,-0.14028776978417265,-0.07913669064748201,-0.2517985611510791,-0.23741007194244604,-0.19784172661870503,-0.381294964028777,-0.10071942446043165,-0.460431654676259,-0.2517985611510791,-0.4712230215827338,-0.36330935251798563,-0.658273381294964,-0.43884892086330934,-0.7697841726618705,-0.49640287769784175,-0.8705035971223022,-0.1366906474820144,-0.49640287769784175,-0.17985611510791366,-0.7302158273381295,-0.20503597122302158,-0.8741007194244604,-0.20863309352517986,-1.0,-0.017985611510791366,-0.460431654676259,-0.05755395683453238,-0.5143884892086331,-0.09712230215827339,-0.38848920863309355,-0.09352517985611511,-0.3057553956834532,0.08992805755395683,-0.38848920863309355,0.025179856115107913,-0.4316546762589928,-0.0035971223021582736,-0.3345323741007194,0.0035971223021582736,-0.2733812949640288
1,0.0,0.0,-0.14028776978417265,-0.07194244604316546,-0.2517985611510791,-0.23381294964028776,-0.19784172661870503,-0.3776978417266187,-0.10431654676258993,-0.4568345323741007,-0.2446043165467626,-0.4748201438848921,-0.35251798561151076,-0.658273381294964,-0.4244604316546763,-0.7733812949640287,-0.4784172661870504,-0.8741007194244604,-0.12949640287769784,-0.49280575539568344,-0.17625899280575538,-0.7266187050359713,-0.19424460431654678,-0.8741007194244604,-0.18705035971223022,-1.0,-0.01079136690647482,-0.4568345323741007,-0.0539568345323741,-0.5287769784172662,-0.08992805755395683,-0.39568345323741005,-0.09352517985611511,-0.30935251798561153,0.09352517985611511,-0.38489208633093525,0.03597122302158273,-0.43884892086330934,0.0,-0.3381294964028777,0.007194244604316547,-0.2697841726618705
1,0.0,0.0,-0.1357142857142857,-0.06785714285714285,-0.24642857142857144,-0.22142857142857142,-0.2,-0.3607142857142857,-0.11071428571428571,-0.45,-0.2357142857142857,-0.4642857142857143,-0.3464285714285714,-0.6464285714285715,-0.4142857142857143,-0.7607142857142857,-0.4642857142857143,-0.8607142857142858,-0.12142857142857143,-0.4857142857142857,-0.15714285714285714,-0.7214285714285714,-0.16785714285714284,-0.8714285714285714,-0.15357142857142858,-1.0,-0.007142857142857143,-0.44642857142857145,-0.05,-0.5178571428571429,-0.09642857142857143,-0.3892857142857143,-0.10357142857142858,-0.30357142857142855,0.09642857142857143,-0.375,0.03214285714285714,-0.425,-0.0035714285714285713,-0.325,0.0,-0.2571428571428571
1,0.0,0.0,-0.13978494623655913,-0.07168458781362007,-0.24731182795698925,-0.22580645161290322,-0.1971326164874552,-0.36917562724014336,-0.1003584229390681,-0.4551971326164875,-0.24014336917562723,-0.4659498207885305,-0.34767025089605735,-0.6487455197132617,-0.4157706093189964,-0.7598566308243727,-0.46236559139784944,-0.8602150537634409,-0.12544802867383512,-0.4874551971326165,-0.15770609318996415,-0.7240143369175627,-0.16845878136200718,-0.8709677419354839,-0.15412186379928317,-1.0,-0.007168458781362007,-0.44802867383512546,-0.05017921146953405,-0.5125448028673835,-0.0967741935483871,-0.3835125448028674,-0.1003584229390681,-0.3046594982078853,0.0967741935483871,-0.3763440860215054,0.035842293906810034,-0.41935483870967744,-0.0035842293906810036,-0.3225806451612903,0.0,-0.2616487455197133
1,0.0,0.0,-0.14385964912280702,-0.07368421052631578,-0.256140350877193,-0.23157894736842105,-0.2,-0.3684210526315789,-0.09473684210526316,-0.4421052631578947,-0.23859649122807017,-0.4631578947368421,-0.34035087719298246,-0.6421052631578947,-0.4105263157894737,-0.7508771929824561,-0.4631578947368421,-0.8456140350877193,-0.12631578947368421,-0.4842105263157895,-0.14385964912280702,-0.7228070175438597,-0.14736842105263157,-0.8701754385964913,-0.13333333333333333,-1.0,-0.010526315789473684,-0.43859649122807015,-0.04912280701754386,-0.4982456140350877,-0.09473684210526316,-0.3719298245614035,-0.09824561403508772,-0.29473684210526313,0.08771929824561403,-0.3649122807017544,0.03508771929824561,-0.41403508771929826,-0.0035087719298245615,-0.32280701754385965,0.0,-0.2631578947368421
1,0.0,0.0,-0.13333333333333333,-0.07368421052631578,-0.24912280701754386,-0.23157894736842105,-0.2,-0.3684210526315789,-0.08421052631578947,-0.43508771929824563,-0.23508771929824562,-0.4631578947368421,-0.34035087719298246,-0.6456140350877193,-0.40350877192982454,-0.7614035087719299,-0.44912280701754387,-0.8596491228070176,-0.11929824561403508,-0.4842105263157895,-0.1368421052631579,-0.7228070175438597,-0.1368421052631579,-0.8701754385964913,-0.11578947368421053,-1.0,-0.0035087719298245615,-0.43859649122807015,-0.03859649122807018,-0.4982456140350877,-0.08771929824561403,-0.3719298245614035,-0.0912280701754386,-0.2982456140350877,0.09473684210526316,-0.36140350877192984,0.03859649122807018,-0.40350877192982454,0.0,-0.3157894736842105,0.007017543859649123,-0.2596491228070175
1,0.0,0.0,-0.14335664335664336,-0.07692307692307693,-0.2517482517482518,-0.23776223776223776,-0.1958041958041958,-0.36363636363636365,-0.08391608391608392,-0.43006993006993005,-0.23426573426573427,-0.4755244755244755,-0.3356643356643357,-0.6608391608391608,-0.3986013986013986,-0.7762237762237763,-0.44755244755244755,-0.8741258741258742,-0.11538461538461539,-0.493006993006993,-0.11538461538461539,-0.7307692307692307,-0.11188811188811189,-0.8776223776223776,-0.09090909090909091,-1.0,0.0,-0.44755244755244755,-0.045454545454545456,-0.5104895104895105,-0.0979020979020979,-0.4020979020979021,-0.10839160839160839,-0.32517482517482516,0.0979020979020979,-0.3741258741258741,0.038461538461538464,-0.4195804195804196,-0.0034965034965034965,-0.3321678321678322,0.0,-0.26573426573426573
1,0.0,0.0,-0.13636363636363635,-0.08041958041958042,-0.24125874125874125,-0.24475524475524477,-0.18181818181818182,-0.3706293706293706,-0.06993006993006994,-0.43356643356643354,-0.2202797202797203,-0.479020979020979,-0.32167832167832167,-0.6643356643356644,-0.3881118881118881,-0.7797202797202797,-0.43006993006993005,-0.8776223776223776,-0.10139860139860139,-0.48951048951048953,-0.1048951048951049,-0.7307692307692307,-0.0944055944055944,-0.8776223776223776,-0.06993006993006994,-1.0,0.013986013986013986,-0.4405594405594406,-0.024475524475524476,-0.506993006993007,-0.07692307692307693,-0.3881118881118881,-0.08741258741258741,-0.3076923076923077,0.11188811188811189,-0.36363636363636365,0.06293706293706294,-0.4195804195804196,0.013986013986013986,-0.3321678321678322,0.006993006993006993,-0.26573426573426573
1,0.0,0.0,-0.13636363636363635,-0.08391608391608392,-0.24125874125874125,-0.24825174825174826,-0.17482517482517482,-0.3706293706293706,-0.055944055944055944,-0.42657342657342656,-0.2202797202797203,-0.4825174825174825,-0.32167832167832167,-0.6678321678321678,-0.3811188811188811,-0.7797202797202797,-0.4230769230769231,-0.8741258741258742,-0.10139860139860139,-0.493006993006993,-0.0944055944055944,-0.7307692307692307,-0.08041958041958042,-0.8776223776223776,-0.04895104895104895,-1.0,0.01048951048951049,-0.4405594405594406,-0.02097902097902098,-0.5034965034965035,-0.07692307692307693,-0.3811188811188811,-0.08391608391608392,-0.3041958041958042,0.1048951048951049,-0.36013986013986016,0.05944055944055944,-0.4160839160839161,0.013986013986013986,-0.32517482517482516,0.013986013986013986,-0.25874125874125875
1,0.0,0.0,-0.13937282229965156,-0.08362369337979095,-0.24390243902439024,-0.2508710801393728,-0.17421602787456447,-0.3693379790940767,-0.059233449477351915,-0.42857142857142855,-0.22996515679442509,-0.4843205574912892,-0.32752613240418116,-0.6724738675958188,-0.3832752613240418,-0.7839721254355401,-0.4250871080139373,-0.8780487804878049,-0.10801393728222997,-0.49477351916376305,-0.0975609756097561,-0.7317073170731707,-0.08362369337979095,-0.8780487804878049,-0.05574912891986063,-1.0,0.003484320557491289,-0.4425087108013937,-0.027874564459930314,-0.5017421602787456,-0.08013937282229965,-0.3867595818815331,-0.09059233449477352,-0.31010452961672474,0.0975609756097561,-0.3623693379790941,0.04878048780487805,-0.41114982578397213,0.006968641114982578,-0.3240418118466899,0.003484320557491289,-0.2613240418118467
1,0.0,0.0,-0.1388888888888889,-0.0798611111111111,-0.23958333333333334,-0.25,-0.1701388888888889,-0.3680555555555556,-0.059027777777777776,-0.4305555555555556,-0.22569444444444445,-0.4861111111111111,-0.3194444444444444,-0.6736111111111112,-0.3784722222222222,-0.7881944444444444,-0.4166666666666667,-0.8819444444444444,-0.10416666666666667,-0.4930555555555556,-0.09375,-0.7291666666666666,-0.0763888888888889,-0.8784722222222222,-0.04513888888888889,-1.0,0.006944444444444444,-0.4409722222222222,-0.017361111111111112,-0.5034722222222222,-0.06944444444444445,-0.3784722222222222,-0.0798611111111111,-0.3055555555555556,0.10069444444444445,-0.3611111111111111,0.059027777777777776,-0.4131944444444444,0.017361111111111112,-0.3194444444444444,0.017361111111111112,-0.2569444444444444
1,0.0,0.0,-0.13986013986013987,-0.08741258741258741,-0.24475524475524477,-0.25524475524475526,-0.16783216783216784,-0.3706293706293706,-0.045454545454545456,-0.4195804195804196,-0.22377622377622378,-0.493006993006993,-0.3181818181818182,-0.6818181818181818,-0.3776223776223776,-0.7937062937062938,-0.4195804195804196,-0.8916083916083916,-0.1048951048951049,-0.5034965034965035,-0.08391608391608392,-0.7377622377622378,-0.06993006993006994,-0.8811188811188811,-0.038461538461538464,-1.0,0.006993006993006993,-0.45454545454545453,-0.017482517482517484,-0.5,-0.06993006993006994,-0.38461538461538464,-0.08041958041958042,-0.3076923076923077,0.0979020979020979,-0.3776223776223776,0.05944055944055944,-0.42657342657342656,0.017482517482517484,-0.33916083916083917,0.013986013986013986,-0.2727272727272727
1,0.0,0.0,-0.14035087719298245,-0.08771929824561403,-0.23859649122807017,-0.256140350877193,-0.1649122807017544,-0.3719298245614035,-0.042105263157894736,-0.4245614035087719,-0.21754385964912282,-0.5017543859649123,-0.312280701754386,-0.6912280701754386,-0.3684210526315789,-0.8070175438596491,-0.4070175438596491,-0.9087719298245615,-0.09473684210526316,-0.5087719298245614,-0.06666666666666667,-0.7403508771929824,-0.04912280701754386,-0.8842105263157894,-0.014035087719298246,-1.0,0.017543859649122806,-0.45964912280701753,-0.0035087719298245615,-0.5017543859649123,-0.05964912280701754,-0.3824561403508772,-0.07368421052631578,-0.3087719298245614,0.10877192982456141,-0.37894736842105264,0.07368421052631578,-0.42105263157894735,0.028070175438596492,-0.3333333333333333,0.02456140350877193,-0.26666666666666666
1,0.0,0.0,-0.13986013986013987,-0.08741258741258741,-0.23426573426573427,-0.25524475524475526,-0.15384615384615385,-0.3706293706293706,-0.03146853146853147,-0.4230769230769231,-0.21328671328671328,-0.4965034965034965,-0.3006993006993007,-0.6888111888111889,-0.3531468531468531,-0.8076923076923077,-0.3916083916083916,-0.9090909090909091,-0.09090909090909091,-0.5034965034965035,-0.06293706293706294,-0.7377622377622378,-0.038461538461538464,-0.8811188811188811,-0.0034965034965034965,-1.0,0.02097902097902098,-0.44755244755244755,0.006993006993006993,-0.506993006993007,-0.04895104895104895,-0.38461538461538464,-0.06293706293706294,-0.3076923076923077,0.11188811188811189,-0.36713286713286714,0.08391608391608392,-0.43006993006993005,0.03496503496503497,-0.34265734265734266,0.024475524475524476,-0.2727272727272727
1,0.0,0.0,-0.13937282229965156,-0.08710801393728224,-0.23344947735191637,-0.2613240418118467,-0.14982578397212543,-0.37282229965156793,-0.024390243902439025,-0.4250871080139373,-0.21602787456445993,-0.49825783972125437,-0.2961672473867596,-0.6933797909407665,-0.34146341463414637,-0.8083623693379791,-0.37630662020905925,-0.9094076655052264,-0.09059233449477352,-0.5052264808362369,-0.05574912891986063,-0.7386759581881533,-0.027874564459930314,-0.8815331010452961,0.006968641114982578,-1.0,0.020905923344947737,-0.4529616724738676,0.003484320557491289,-0.5052264808362369,-0.05226480836236934,-0.3832752613240418,-0.06968641114982578,-0.313588850174216,0.10801393728222997,-0.37282229965156793,0.08013937282229965,-0.42857142857142855,0.0313588850174216,-0.33797909407665505,0.020905923344947737,-0.27177700348432055
1,0.0,0.0,-0.13986013986013987,-0.08741258741258741,-0.22727272727272727,-0.25524475524475526,-0.14335664335664336,-0.3706293706293706,-0.02097902097902098,-0.42657342657342656,-0.2097902097902098,-0.4965034965034965,-0.2867132867132867,-0.6958041958041958,-0.3321678321678322,-0.8181818181818182,-0.36013986013986016,-0.9230769230769231,-0.08741258741258741,-0.5,-0.05244755244755245,-0.7377622377622378,-0.024475524475524476,-0.8811188811188811,0.01048951048951049,-1.0,0.02097902097902098,-0.44405594405594406,0.01048951048951049,-0.506993006993007,-0.04195804195804196,-0.3881118881118881,-0.05944055944055944,-0.3076923076923077,0.10839160839160839,-0.36363636363636365,0.09090909090909091,-0.4370629370629371,0.04195804195804196,-0.34615384615384615,0.027972027972027972,-0.2692307692307692
1,0.0,0.0,-0.14035087719298245,-0.08771929824561403,-0.22807017543859648,-0.256140350877193,-0.14385964912280702,-0.3684210526315789,-0.021052631578947368,-0.4245614035087719,-0.21052631578947367,-0.4982456140350877,-0.28771929824561404,-0.6982456140350877,-0.3333333333333333,-0.8210526315789474,-0.36140350877192984,-0.9228070175438596,-0.08771929824561403,-0.4982456140350877,-0.056140350877192984,-0.7368421052631579,-0.028070175438596492,-0.8807017543859649,0.010526315789473684,-1.0,0.021052631578947368,-0.4456140350877193,0.014035087719298246,-0.5087719298245614,-0.03859649122807018,-0.38596491228070173,-0.056140350877192984,-0.3087719298245614,0.10877192982456141,-0.36140350877192984,0.0912280701754386,-0.43508771929824563,0.0456140350877193,-0.34035087719298246,0.028070175438596492,-0.26666666666666666
1,0.0,0.0,-0.14335664335664336,-0.09090909090909091,-0.23076923076923078,-0.25874125874125875,-0.14685314685314685,-0.36713286713286714,-0.027972027972027972,-0.4195804195804196,-0.21678321678321677,-0.5,-0.2867132867132867,-0.6993006993006993,-0.32867132867132864,-0.8216783216783217,-0.35664335664335667,-0.9265734265734266,-0.09090909090909091,-0.5034965034965035,-0.05944055944055944,-0.7377622377622378,-0.03496503496503497,-0.8811188811188811,-0.0034965034965034965,-1.0,0.02097902097902098,-0.45104895104895104,0.013986013986013986,-0.5034965034965035,-0.04195804195804196,-0.38461538461538464,-0.05944055944055944,-0.3111888111888112,0.10839160839160839,-0.36713286713286714,0.09090909090909091,-0.43006993006993005,0.04195804195804196,-0.34265734265734266,0.027972027972027972,-0.2727272727272727
1,0.0,0.0,-0.13286713286713286,-0.09090909090909091,-0.2202797202797203,-0.25874125874125875,-0.14335664335664336,-0.3776223776223776,-0.03146853146853147,-0.44405594405594406,-0.21678321678321677,-0.4965034965034965,-0.2937062937062937,-0.6923076923076923,-0.34265734265734266,-0.8111888111888111,-0.3776223776223776,-0.9125874125874126,-0.09090909090909091,-0.5034965034965035,-0.06993006993006994,-0.7412587412587412,-0.045454545454545456,-0.8811188811188811,-0.01048951048951049,-1.0,0.02097902097902098,-0.45454545454545453,0.0034965034965034965,-0.4965034965034965,-0.045454545454545456,-0.3776223776223776,-0.05944055944055944,-0.3111888111888112,0.11538461538461539,-0.3776223776223776,0.08041958041958042,-0.4195804195804196,0.038461538461538464,-0.32517482517482516,0.03146853146853147,-0.2692307692307692
1,0.0,0.0,-0.14035087719298245,-0.0912280701754386,-0.23157894736842105,-0.256140350877193,-0.1543859649122807,-0.3719298245614035,-0.0456140350877193,-0.43508771929824563,-0.22105263157894736,-0.49122807017543857,-0.30526315789473685,-0.6842105263157895,-0.3543859649122807,-0.7964912280701755,-0.3929824561403509,-0.8947368421052632,-0.09824561403508772,-0.5017543859649123,-0.08771929824561403,-0.7333333333333333,-0.06666666666666667,-0.8807017543859649,-0.03508771929824561,-1.0,0.014035087719298246,-0.45263157894736844,-0.007017543859649123,-0.4982456140350877,-0.05263157894736842,-0.37894736842105264,-0.07017543859649122,-0.3087719298245614,0.10877192982456141,-0.37543859649122807,0.08070175438596491,-0.42105263157894735,0.03859649122807018,-0.3333333333333333,0.031578947368421054,-0.2736842105263158
1,0.0,0.0,-0.13636363636363635,-0.08741258741258741,-0.23076923076923078,-0.25874125874125875,-0.15734265734265734,-0.3741258741258741,-0.045454545454545456,-0.43356643356643354,-0.2202797202797203,-0.486013986013986,-0.3006993006993007,-0.6783216783216783,-0.34965034965034963,-0.7972027972027972,-0.38461538461538464,-0.8951048951048951,-0.0979020979020979,-0.493006993006993,-0.09090909090909091,-0.7307692307692307,-0.08391608391608392,-0.8776223776223776,-0.06293706293706294,-1.0,0.013986013986013986,-0.44755244755244755,-0.006993006993006993,-0.4965034965034965,-0.055944055944055944,-0.3741258741258741,-0.06993006993006994,-0.2972027972027972,0.10839160839160839,-0.3706293706293706,0.07342657342657342,-0.4195804195804196,0.03146853146853147,-0.32867132867132864,0.027972027972027972,-0.2692307692307692
1,0.0,0.0,-0.13636363636363635,-0.08041958041958042,-0.23426573426573427,-0.24825174825174826,-0.16783216783216784,-0.3706293706293706,-0.055944055944055944,-0.43356643356643354,-0.22377622377622378,-0.479020979020979,-0.3076923076923077,-0.6783216783216783,-0.36013986013986016,-0.7972027972027972,-0.3951048951048951,-0.8986013986013986,-0.1048951048951049,-0.48951048951048953,-0.1048951048951049,-0.7272727272727273,-0.10139860139860139,-0.8741258741258742,-0.08041958041958042,-1.0,0.006993006993006993,-0.4405594405594406,-0.02097902097902098,-0.48951048951048953,-0.06643356643356643,-0.36713286713286714,-0.07692307692307693,-0.2972027972027972,0.1048951048951049,-0.36713286713286714,0.05944055944055944,-0.4090909090909091,0.02097902097902098,-0.3181818181818182,0.02097902097902098,-0.26223776223776224
1,0.0,0.0,-0.13028169014084506,-0.08450704225352113,-0.23591549295774647,-0.24647887323943662,-0.16901408450704225,-0.36971830985915494,-0.04929577464788732,-0.43309859154929575,-0.21830985915492956,-0.4788732394366197,-0.2992957746478873,-0.676056338028169,-0.3485915492957746,-0.795774647887324,-0.38380281690140844,-0.8943661971830986,-0.09859154929577464,-0.4859154929577465,-0.09859154929577464,-0.7253521126760564,-0.09507042253521127,-0.8732394366197183,-0.07042253521126761,-1.0,0.014084507042253521,-0.43661971830985913,-0.014084507042253521,-0.49295774647887325,-0.06338028169014084,-0.36971830985915494,-0.07394366197183098,-0.29577464788732394,0.10915492957746478,-0.3591549295774648,0.06338028169014084,-0.4119718309859155,0.02464788732394366,-0.3204225352112676,0.02464788732394366,-0.2605633802816901
1,0.0,0.0,-0.1347517730496454,-0.07801418439716312,-0.24468085106382978,-0.24113475177304963,-0.18085106382978725,-0.36524822695035464,-0.06382978723404255,-0.42907801418439717,-0.23049645390070922,-0.475177304964539,-0.3191489361702128,-0.6737588652482269,-0.3723404255319149,-0.7907801418439716,-0.4078014184397163,-0.8900709219858156,-0.1099290780141844,-0.48936170212765956,-0.12056737588652482,-0.7304964539007093,-0.12411347517730496,-0.875886524822695,-0.10638297872340426,-1.0,0.0035460992907801418,-0.4432624113475177,-0.028368794326241134,-0.4929078014184397,-0.07446808510638298,-0.375886524822695,-0.08156028368794327,-0.30141843971631205,0.10283687943262411,-0.3723404255319149,0.05673758865248227,-0.40070921985815605,0.01773049645390071,-0.30851063829787234,0.01773049645390071,-0.24822695035460993
1,0.0,0.0,-0.13829787234042554,-0.07801418439716312,-0.24113475177304963,-0.24113475177304963,-0.18439716312056736,-0.375886524822695,-0.08865248226950355,-0.450354609929078,-0.23049645390070922,-0.48226950354609927,-0.3262411347517731,-0.6702127659574468,-0.3829787234042553,-0.7872340425531915,-0.4219858156028369,-0.8900709219858156,-0.11702127659574468,-0.49645390070921985,-0.1524822695035461,-0.7304964539007093,-0.16666666666666666,-0.8794326241134752,-0.15602836879432624,-1.0,0.0,-0.450354609929078,-0.03546099290780142,-0.5141843971631206,-0.08156028368794327,-0.39361702127659576,-0.09219858156028368,-0.31560283687943264,0.09929078014184398,-0.3723404255319149,0.05319148936170213,-0.425531914893617,0.01773049645390071,-0.3404255319148936,0.01773049645390071,-0.2765957446808511
1,0.0,0.0,-0.13620071684587814,-0.07885304659498207,-0.24014336917562723,-0.23297491039426524,-0.1971326164874552,-0.36200716845878134,-0.1111111111111111,-0.44086021505376344,-0.24014336917562723,-0.4838709677419355,-0.34050179211469533,-0.6666666666666666,-0.4014336917562724,-0.7777777777777778,-0.43727598566308246,-0.8745519713261649,-0.12186379928315412,-0.4982078853046595,-0.16129032258064516,-0.7275985663082437,-0.17562724014336917,-0.8745519713261649,-0.16845878136200718,-1.0,-0.0035842293906810036,-0.45878136200716846,-0.04659498207885305,-0.5125448028673835,-0.08243727598566308,-0.3978494623655914,-0.08602150537634409,-0.3225806451612903,0.0967741935483871,-0.3870967741935484,0.04659498207885305,-0.41935483870967744,0.014336917562724014,-0.32974910394265233,0.014336917562724014,-0.2724014336917563
1,0.0,0.0,-0.13309352517985612,-0.07913669064748201,-0.2446043165467626,-0.24100719424460432,-0.19424460431654678,-0.3776978417266187,-0.09352517985611511,-0.44964028776978415,-0.2302158273381295,-0.4784172661870504,-0.3381294964028777,-0.6618705035971223,-0.4064748201438849,-0.7697841726618705,-0.44964028776978415,-0.8669064748201439,-0.11510791366906475,-0.49640287769784175,-0.15467625899280577,-0.7266187050359713,-0.17266187050359713,-0.8741007194244604,-0.16546762589928057,-1.0,0.0,-0.45323741007194246,-0.039568345323741004,-0.5143884892086331,-0.07913669064748201,-0.3920863309352518,-0.08633093525179857,-0.31654676258992803,0.10071942446043165,-0.37410071942446044,0.050359712230215826,-0.42805755395683454,0.01079136690647482,-0.33093525179856115,0.01079136690647482,-0.2697841726618705
1,0.0,0.0,-0.13768115942028986,-0.07608695652173914,-0.2427536231884058,-0.2427536231884058,-0.19202898550724637,-0.37681159420289856,-0.10144927536231885,-0.4528985507246377,-0.2318840579710145,-0.4782608695652174,-0.34057971014492755,-0.6594202898550725,-0.4057971014492754,-0.7717391304347826,-0.4528985507246377,-0.8659420289855072,-0.11956521739130435,-0.4963768115942029,-0.15579710144927536,-0.7318840579710145,-0.16666666666666666,-0.8768115942028986,-0.15579710144927536,-1.0,-0.0036231884057971015,-0.45652173913043476,-0.043478260869565216,-0.5108695652173914,-0.08333333333333333,-0.39492753623188404,-0.09420289855072464,-0.3188405797101449,0.09420289855072464,-0.3804347826086957,0.04710144927536232,-0.427536231884058,0.010869565217391304,-0.3333333333333333,0.014492753623188406,-0.2717391304347826
1,0.0,0.0,-0.13768115942028986,-0.07971014492753623,-0.2427536231884058,-0.2427536231884058,-0.19202898550724637,-0.37681159420289856,-0.09782608695652174,-0.45652173913043476,-0.2318840579710145,-0.48188405797101447,-0.33695652173913043,-0.6594202898550725,-0.4057971014492754,-0.7717391304347826,-0.4492753623188406,-0.8659420289855072,-0.11956521739130435,-0.4963768115942029,-0.15217391304347827,-0.7282608695652174,-0.16666666666666666,-0.8768115942028986,-0.15579710144927536,-1.0,-0.0036231884057971015,-0.45652173913043476,-0.03985507246376811,-0.5108695652173914,-0.08333333333333333,-0.391304347826087,-0.09057971014492754,-0.31521739130434784,0.09420289855072464,-0.3804347826086957,0.04710144927536232,-0.4311594202898551,0.010869565217391304,-0.34057971014492755,0.018115942028985508,-0.2753623188405797
1,0.0,0.0,-0.13405797101449277,-0.07608695652173914,-0.23550724637681159,-0.2391304347826087,-0.17753623188405798,-0.37681159420289856,-0.08333333333333333,-0.4528985507246377,-0.22826086956521738,-0.4746376811594203,-0.3333333333333333,-0.6557971014492754,-0.39855072463768115,-0.7644927536231884,-0.44565217391304346,-0.8623188405797102,-0.11231884057971014,-0.4891304347826087,-0.14492753623188406,-0.7282608695652174,-0.15579710144927536,-0.8731884057971014,-0.14130434782608695,-1.0,0.0036231884057971015,-0.44565217391304346,-0.028985507246376812,-0.5144927536231884,-0.07246376811594203,-0.39855072463768115,-0.08333333333333333,-0.322463768115942,0.10144927536231885,-0.36594202898550726,0.05434782608695652,-0.42391304347826086,0.014492753623188406,-0.33695652173913043,0.014492753623188406,-0.2717391304347826
1,0.0,0.0,-0.13090909090909092,-0.07636363636363637,-0.23272727272727273,-0.23272727272727273,-0.19272727272727272,-0.36363636363636365,-0.11636363636363636,-0.44727272727272727,-0.2290909090909091,-0.48363636363636364,-0.33454545454545453,-0.6581818181818182,-0.4072727272727273,-0.7709090909090909,-0.45454545454545453,-0.8654545454545455,-0.11272727272727273,-0.49454545454545457,-0.14181818181818182,-0.7272727272727273,-0.16,-0.8763636363636363,-0.15272727272727274,-1.0,0.0,-0.4509090909090909,-0.025454545454545455,-0.5272727272727272,-0.08363636363636363,-0.41818181818181815,-0.10545454545454545,-0.3418181818181818,0.10181818181818182,-0.37454545454545457,0.05818181818181818,-0.4290909090909091,0.02181818181818182,-0.3490909090909091,0.02181818181818182,-0.2872727272727273
1,0.0,0.0,-0.13090909090909092,-0.08,-0.23636363636363636,-0.23272727272727273,-0.2,-0.36727272727272725,-0.12,-0.45454545454545453,-0.2290909090909091,-0.48,-0.33454545454545453,-0.6545454545454545,-0.4036363636363636,-0.76,-0.45454545454545453,-0.8581818181818182,-0.11636363636363636,-0.49454545454545457,-0.15272727272727274,-0.7272727272727273,-0.16727272727272727,-0.8763636363636363,-0.15636363636363637,-1.0,-0.0036363636363636364,-0.4509090909090909,-0.03636363636363636,-0.5236363636363637,-0.08,-0.4036363636363636,-0.09090909090909091,-0.3236363636363636,0.09818181818181818,-0.3781818181818182,0.05090909090909091,-0.44,0.014545454545454545,-0.3490909090909091,0.01818181818181818,-0.28363636363636363
1,0.0,0.0,-0.13090909090909092,-0.07636363636363637,-0.24363636363636362,-0.23272727272727273,-0.20363636363636364,-0.3709090909090909,-0.11272727272727273,-0.4509090909090909,-0.2290909090909091,-0.4763636363636364,-0.33454545454545453,-0.6581818181818182,-0.4,-0.7709090909090909,-0.44727272727272727,-0.8690909090909091,-0.11636363636363636,-0.49454545454545457,-0.14909090909090908,-0.7272727272727273,-0.16,-0.8763636363636363,-0.14909090909090908,-1.0,0.0,-0.45454545454545453,-0.04363636363636364,-0.5127272727272727,-0.08727272727272728,-0.3890909090909091,-0.09090909090909091,-0.3090909090909091,0.09818181818181818,-0.38181818181818183,0.04363636363636364,-0.4290909090909091,0.007272727272727273,-0.3381818181818182,0.014545454545454545,-0.27636363636363637
1,0.0,0.0,-0.1299638989169675,-0.07581227436823104,-0.23826714801444043,-0.23826714801444043,-0.19133574007220217,-0.37906137184115524,-0.08664259927797834,-0.45126353790613716,-0.22021660649819494,-0.4729241877256318,-0.3249097472924188,-0.6678700361010831,-0.3935018050541516,-0.7870036101083032,-0.4404332129963899,-0.8880866425992779,-0.10830324909747292,-0.48736462093862815,-0.1444043321299639,-0.7256317689530686,-0.15162454873646208,-0.8736462093862816,-0.1371841155234657,-1.0,0.0036101083032490976,-0.44765342960288806,-0.032490974729241874,-0.5018050541516246,-0.07581227436823104,-0.38267148014440433,-0.08303249097472924,-0.2996389891696751,0.10108303249097472,-0.37906137184115524,0.05054151624548736,-0.4187725631768953,0.01444043321299639,-0.3285198555956679,0.018050541516245487,-0.26353790613718414
1,0.0,0.0,-0.13261648745519714,-0.08602150537634409,-0.24014336917562723,-0.24731182795698925,-0.18996415770609318,-0.3835125448028674,-0.08243727598566308,-0.45878136200716846,-0.2114695340501792,-0.4731182795698925,-0.30824372759856633,-0.6702508960573477,-0.36917562724014336,-0.7885304659498208,-0.4121863799283154,-0.8924731182795699,-0.1003584229390681,-0.4874551971326165,-0.12544802867383512,-0.7275985663082437,-0.13261648745519714,-0.8745519713261649,-0.11827956989247312,-1.0,0.010752688172043012,-0.4444444444444444,-0.02867383512544803,-0.5053763440860215,-0.07885304659498207,-0.3727598566308244,-0.08243727598566308,-0.2939068100358423,0.1111111111111111,-0.36917562724014336,0.053763440860215055,-0.43727598566308246,0.014336917562724014,-0.34050179211469533,0.021505376344086023,-0.27598566308243727
1,0.0,0.0,-0.13309352517985612,-0.08273381294964029,-0.23741007194244604,-0.24820143884892087,-0.18705035971223022,-0.38489208633093525,-0.08273381294964029,-0.460431654676259,-0.21942446043165467,-0.4712230215827338,-0.31654676258992803,-0.6690647482014388,-0.3776978417266187,-0.7913669064748201,-0.420863309352518,-0.8920863309352518,-0.1079136690647482,-0.4856115107913669,-0.13309352517985612,-0.7266187050359713,-0.14028776978417265,-0.8776978417266187,-0.12589928057553956,-1.0,0.0035971223021582736,-0.4460431654676259,-0.03597122302158273,-0.5071942446043165,-0.08273381294964029,-0.381294964028777,-0.08992805755395683,-0.302158273381295,0.10071942446043165,-0.37410071942446044,0.050359712230215826,-0.4352517985611511,0.014388489208633094,-0.34172661870503596,0.017985611510791366,-0.27697841726618705
1,0.0,0.0,-0.1357142857142857,-0.08571428571428572,-0.2392857142857143,-0.25357142857142856,-0.18214285714285713,-0.38571428571428573,-0.060714285714285714,-0.4607142857142857,-0.20714285714285716,-0.475,-0.3,-0.675,-0.35714285714285715,-0.7964285714285714,-0.3964285714285714,-0.9,-0.09285714285714286,-0.4857142857142857,-0.10357142857142858,-0.725,-0.1,-0.8714285714285714,-0.08214285714285714,-1.0,0.014285714285714285,-0.44285714285714284,-0.02142857142857143,-0.49642857142857144,-0.07142857142857142,-0.36428571428571427,-0.07857142857142857,-0.28214285714285714,0.11071428571428571,-0.37142857142857144,0.060714285714285714,-0.4392857142857143,0.02142857142857143,-0.3357142857142857,0.02142857142857143,-0.2642857142857143
1,0.0,0.0,-0.13829787234042554,-0.09574468085106383,-0.23404255319148937,-0.2624113475177305,-0.16666666666666666,-0.38652482269503546,-0.04964539007092199,-0.44680851063829785,-0.20921985815602837,-0.48226950354609927,-0.29432624113475175,-0.6843971631205674,-0.3475177304964539,-0.8049645390070922,-0.38652482269503546,-0.9042553191489362,-0.09574468085106383,-0.4929078014184397,-0.09929078014184398,-0.7269503546099291,-0.09929078014184398,-0.875886524822695,-0.07801418439716312,-1.0,0.01773049645390071,-0.44680851063829785,-0.010638297872340425,-0.5,-0.06382978723404255,-0.3723404255319149,-0.07446808510638298,-0.2907801418439716,0.11347517730496454,-0.3723404255319149,0.07092198581560284,-0.4432624113475177,0.028368794326241134,-0.3546099290780142,0.024822695035460994,-0.2872340425531915
1,0.0,0.0,-0.13780918727915195,-0.08833922261484099,-0.23674911660777384,-0.254416961130742,-0.16607773851590105,-0.38162544169611307,-0.045936395759717315,-0.44876325088339225,-0.21554770318021202,-0.48056537102473496,-0.3003533568904594,-0.6784452296819788,-0.3498233215547703,-0.8021201413427562,-0.38869257950530034,-0.9045936395759717,-0.09540636042402827,-0.4911660777385159,-0.08833922261484099,-0.7314487632508834,-0.07773851590106007,-0.8798586572438163,-0.053003533568904596,-1.0,0.014134275618374558,-0.4452296819787986,-0.007067137809187279,-0.5017667844522968,-0.06007067137809187,-0.37809187279151946,-0.07420494699646643,-0.2968197879858657,0.10600706713780919,-0.3710247349823322,0.06713780918727916,-0.4416961130742049,0.024734982332155476,-0.3498233215547703,0.0176678445229682,-0.2791519434628975
1,0.0,0.0,-0.13427561837455831,-0.09187279151943463,-0.22614840989399293,-0.26148409893992935,-0.1413427561837456,-0.37809187279151946,-0.02120141342756184,-0.4381625441696113,-0.20141342756183744,-0.4876325088339223,-0.2862190812720848,-0.6890459363957597,-0.33568904593639576,-0.8091872791519434,-0.3745583038869258,-0.9151943462897526,-0.0812720848056537,-0.49469964664310956,-0.06007067137809187,-0.734982332155477,-0.045936395759717315,-0.8798586572438163,-0.02120141342756184,-1.0,0.028268551236749116,-0.4416961130742049,0.01060070671378092,-0.5053003533568905,-0.045936395759717315,-0.37809187279151946,-0.06007067137809187,-0.3003533568904594,0.1166077738515901,-0.36042402826855124,0.08480565371024736,-0.43462897526501765,0.04240282685512368,-0.34275618374558303,0.03180212014134275,-0.2756183745583039
1,0.0,0.0,-0.13780918727915195,-0.09187279151943463,-0.2226148409893993,-0.26148409893992935,-0.13427561837455831,-0.37809187279151946,-0.014134275618374558,-0.4275618374558304,-0.2049469964664311,-0.49823321554770317,-0.2862190812720848,-0.696113074204947,-0.33568904593639576,-0.8197879858657244,-0.3710247349823322,-0.9222614840989399,-0.07773851590106007,-0.49823321554770317,-0.05653710247349823,-0.734982332155477,-0.0353356890459364,-0.8798586572438163,0.0,-1.0,0.0353356890459364,-0.4416961130742049,0.03180212014134275,-0.49823321554770317,-0.0176678445229682,-0.3674911660777385,-0.03180212014134275,-0.28975265017667845,0.127208480565371,-0.3568904593639576,0.10600706713780919,-0.42402826855123676,0.06007067137809187,-0.3286219081272085,0.053003533568904596,-0.26501766784452296
1,0.0,0.0,-0.1368421052631579,-0.0912280701754386,-0.21754385964912282,-0.2596491228070175,-0.13333333333333333,-0.3719298245614035,-0.017543859649122806,-0.43157894736842106,-0.20701754385964913,-0.49473684210526314,-0.28771929824561404,-0.6912280701754386,-0.3368421052631579,-0.8140350877192982,-0.37543859649122807,-0.9157894736842105,-0.08421052631578947,-0.4982456140350877,-0.05964912280701754,-0.7333333333333333,-0.03508771929824561,-0.8771929824561403,0.0035087719298245615,-1.0,0.028070175438596492,-0.43859649122807015,0.028070175438596492,-0.49122807017543857,-0.02456140350877193,-0.36140350877192984,-0.03859649122807018,-0.2912280701754386,0.11929824561403508,-0.3543859649122807,0.10175438596491228,-0.41754385964912283,0.05964912280701754,-0.32280701754385965,0.05263157894736842,-0.26666666666666666
1,0.0,0.0,-0.12937062937062938,-0.08741258741258741,-0.20279720279720279,-0.25524475524475526,-0.11188811188811189,-0.3811188811188811,0.006993006993006993,-0.4370629370629371,-0.20279720279720279,-0.4965034965034965,-0.28321678321678323,-0.6923076923076923,-0.32867132867132864,-0.8181818181818182,-0.36013986013986016,-0.9195804195804196,-0.07692307692307693,-0.493006993006993,-0.038461538461538464,-0.7377622377622378,-0.0034965034965034965,-0.8776223776223776,0.038461538461538464,-1.0,0.03496503496503497,-0.43006993006993005,0.038461538461538464,-0.493006993006993,-0.017482517482517484,-0.36363636363636365,-0.038461538461538464,-0.2902097902097902,0.1258741258741259,-0.33916083916083917,0.10839160839160839,-0.4020979020979021,0.05944055944055944,-0.3146853146853147,0.04895104895104895,-0.25524475524475526
1,0.0,0.0,-0.13194444444444445,-0.09027777777777778,-0.2048611111111111,-0.2534722222222222,-0.12152777777777778,-0.3715277777777778,-0.003472222222222222,-0.4201388888888889,-0.20833333333333334,-0.5,-0.28125,-0.6979166666666666,-0.3263888888888889,-0.8229166666666666,-0.3645833333333333,-0.9270833333333334,-0.0798611111111111,-0.5,-0.03819444444444445,-0.7395833333333334,-0.006944444444444444,-0.8819444444444444,0.034722222222222224,-1.0,0.034722222222222224,-0.4375,0.03819444444444445,-0.5,-0.017361111111111112,-0.3819444444444444,-0.03819444444444445,-0.3090277777777778,0.1284722222222222,-0.34375,0.11458333333333333,-0.4097222222222222,0.0625,-0.3229166666666667,0.04861111111111111,-0.2604166666666667
1,0.0,0.0,-0.12937062937062938,-0.08391608391608392,-0.1993006993006993,-0.24475524475524477,-0.11538461538461539,-0.36013986013986016,-0.0034965034965034965,-0.4125874125874126,-0.1958041958041958,-0.506993006993007,-0.2727272727272727,-0.7027972027972028,-0.3181818181818182,-0.8251748251748252,-0.3531468531468531,-0.9300699300699301,-0.06293706293706294,-0.5034965034965035,-0.017482517482517484,-0.7447552447552448,0.02097902097902098,-0.8846153846153846,0.06293706293706294,-1.0,0.05244755244755245,-0.4405594405594406,0.05244755244755245,-0.5034965034965035,-0.0034965034965034965,-0.3811188811188811,-0.027972027972027972,-0.3076923076923077,0.14335664335664336,-0.34265734265734266,0.12937062937062938,-0.4090909090909091,0.08041958041958042,-0.32517482517482516,0.06293706293706294,-0.25874125874125875
1,0.0,0.0,-0.12802768166089964,-0.08304498269896193,-0.1972318339100346,-0.23875432525951557,-0.11418685121107267,-0.356401384083045,0.0,-0.42214532871972316,-0.1903114186851211,-0.5017301038062284,-0.2664359861591695,-0.698961937716263,-0.31141868512110726,-0.8235294117647058,-0.3460207612456747,-0.9273356401384083,-0.058823529411764705,-0.5051903114186851,-0.01384083044982699,-0.7508650519031141,0.02768166089965398,-0.8858131487889274,0.07612456747404844,-1.0,0.05190311418685121,-0.43944636678200694,0.05536332179930796,-0.4982698961937716,-0.006920415224913495,-0.370242214532872,-0.02768166089965398,-0.3044982698961938,0.14186851211072665,-0.34256055363321797,0.1314878892733564,-0.40484429065743943,0.07612456747404844,-0.31141868512110726,0.05190311418685121,-0.25259515570934254
1,0.0,0.0,-0.13240418118466898,-0.08362369337979095,-0.1986062717770035,-0.23344947735191637,-0.10801393728222997,-0.34494773519163763,0.0,-0.41114982578397213,-0.1951219512195122,-0.5017421602787456,-0.27526132404181186,-0.7038327526132404,-0.3205574912891986,-0.8257839721254355,-0.3519163763066202,-0.9337979094076655,-0.05574912891986063,-0.5087108013937283,-0.006968641114982578,-0.7491289198606271,0.0313588850174216,-0.8885017421602788,0.07665505226480836,-1.0,0.059233449477351915,-0.445993031358885,0.05226480836236934,-0.4843205574912892,-0.003484320557491289,-0.36585365853658536,-0.027874564459930314,-0.30313588850174217,0.14634146341463414,-0.34843205574912894,0.1289198606271777,-0.3867595818815331,0.07317073170731707,-0.30313588850174217,0.04529616724738676,-0.24738675958188153
1,0.0,0.0,-0.13240418118466898,-0.08013937282229965,-0.20209059233449478,-0.22996515679442509,-0.11149825783972125,-0.33797909407665505,0.0,-0.397212543554007,-0.1986062717770035,-0.49825783972125437,-0.27526132404181186,-0.7003484320557491,-0.3170731707317073,-0.8257839721254355,-0.3519163763066202,-0.9303135888501742,-0.059233449477351915,-0.5052264808362369,-0.010452961672473868,-0.7421602787456446,0.0313588850174216,-0.8850174216027874,0.07665505226480836,-1.0,0.05574912891986063,-0.4425087108013937,0.05226480836236934,-0.4843205574912892,-0.006968641114982578,-0.36585365853658536,-0.03484320557491289,-0.29965156794425085,0.14285714285714285,-0.34494773519163763,0.1289198606271777,-0.3832752613240418,0.07317073170731707,-0.29965156794425085,0.04529616724738676,-0.24738675958188153
1,0.0,0.0,-0.13138686131386862,-0.043795620437956206,-0.20072992700729927,-0.19343065693430658,-0.12043795620437957,-0.3029197080291971,-0.014598540145985401,-0.3759124087591241,-0.20802919708029197,-0.48175182481751827,-0.3029197080291971,-0.6970802919708029,-0.3467153284671533,-0.8248175182481752,-0.3722627737226277,-0.9379562043795621,-0.072992700729927,-0.48175182481751827,-0.025547445255474453,-0.7335766423357665,0.01824817518248175,-0.8759124087591241,0.06204379562043796,-1.0,0.043795620437956206,-0.41605839416058393,0.05474452554744526,-0.4562043795620438,-0.0072992700729927005,-0.3175182481751825,-0.032846715328467155,-0.2518248175182482,0.1386861313868613,-0.32116788321167883,0.1386861313868613,-0.3613138686131387,0.08759124087591241,-0.26277372262773724,0.06204379562043796,-0.20437956204379562
1,0.0,0.0,-0.1449814126394052,-0.04460966542750929,-0.21561338289962825,-0.1970260223048327,-0.11895910780669144,-0.30855018587360594,-0.0037174721189591076,-0.3680297397769517,-0.21933085501858737,-0.4721189591078067,-0.3048327137546468,-0.6914498141263941,-0.34944237918215615,-0.8215613382899628,-0.3828996282527881,-0.9368029739776952,-0.07806691449814127,-0.4795539033457249,-0.048327137546468404,-0.7323420074349443,-0.011152416356877323,-0.8773234200743495,0.02973977695167286,-1.0,0.048327137546468404,-0.4163568773234201,0.05204460966542751,-0.45724907063197023,0.0037174721189591076,-0.32342007434944237,-0.01858736059479554,-0.24907063197026022,0.14869888475836432,-0.31970260223048325,0.1449814126394052,-0.3643122676579926,0.09665427509293681,-0.26394052044609667,0.06691449814126393,-0.1970260223048327
1,0.0,0.0,-0.13818181818181818,-0.05454545454545454,-0.21454545454545454,-0.2,-0.12363636363636364,-0.3018181818181818,-0.01090909090909091,-0.36,-0.21454545454545454,-0.4618181818181818,-0.3054545454545455,-0.68,-0.3490909090909091,-0.8145454545454546,-0.3781818181818182,-0.9309090909090909,-0.08,-0.46545454545454545,-0.06545454545454546,-0.7163636363636363,-0.04363636363636364,-0.8690909090909091,-0.01090909090909091,-1.0,0.04,-0.4072727272727273,0.03272727272727273,-0.45454545454545453,-0.01090909090909091,-0.33090909090909093,-0.02909090909090909,-0.2545454545454545,0.13818181818181818,-0.31272727272727274,0.13090909090909092,-0.37454545454545457,0.08363636363636363,-0.28363636363636363,0.05454545454545454,-0.2109090909090909
1,0.0,0.0,-0.1392857142857143,-0.06785714285714285,-0.22142857142857142,-0.21428571428571427,-0.13214285714285715,-0.3142857142857143,-0.017857142857142856,-0.3678571428571429,-0.225,-0.46785714285714286,-0.3107142857142857,-0.6785714285714286,-0.35714285714285715,-0.8107142857142857,-0.3892857142857143,-0.9214285714285714,-0.09285714285714286,-0.475,-0.07857142857142857,-0.7178571428571429,-0.06428571428571428,-0.8714285714285714,-0.04285714285714286,-1.0,0.02857142857142857,-0.425,0.017857142857142856,-0.4642857142857143,-0.025,-0.34285714285714286,-0.04285714285714286,-0.26785714285714285,0.125,-0.3357142857142857,0.10714285714285714,-0.375,0.060714285714285714,-0.2857142857142857,0.04285714285714286,-0.21785714285714286
1,0.0,0.0,-0.13732394366197184,-0.06690140845070422,-0.22183098591549297,-0.2147887323943662,-0.14084507042253522,-0.3274647887323944,-0.03169014084507042,-0.39436619718309857,-0.22535211267605634,-0.46830985915492956,-0.30985915492957744,-0.6654929577464789,-0.3626760563380282,-0.7922535211267606,-0.4014084507042254,-0.8943661971830986,-0.09507042253521127,-0.4788732394366197,-0.09507042253521127,-0.721830985915493,-0.09154929577464789,-0.8732394366197183,-0.07042253521126761,-1.0,0.02464788732394366,-0.4225352112676056,0.01056338028169014,-0.4823943661971831,-0.035211267605633804,-0.3591549295774648,-0.0528169014084507,-0.2852112676056338,0.12323943661971831,-0.3345070422535211,0.10211267605633803,-0.3873239436619718,0.056338028169014086,-0.29577464788732394,0.03873239436619718,-0.2323943661971831
1,0.0,0.0,-0.13636363636363635,-0.06293706293706294,-0.22377622377622378,-0.21328671328671328,-0.13986013986013987,-0.32517482517482516,-0.024475524475524476,-0.38461538461538464,-0.22377622377622378,-0.46153846153846156,-0.3076923076923077,-0.6608391608391608,-0.36013986013986016,-0.7832167832167832,-0.3951048951048951,-0.8881118881118881,-0.0944055944055944,-0.4755244755244755,-0.0979020979020979,-0.7202797202797203,-0.09090909090909091,-0.8706293706293706,-0.06643356643356643,-1.0,0.027972027972027972,-0.4230769230769231,0.013986013986013986,-0.4755244755244755,-0.03496503496503497,-0.34965034965034963,-0.04895104895104895,-0.2762237762237762,0.12937062937062938,-0.3356643356643357,0.10139860139860139,-0.3811188811188811,0.05244755244755245,-0.2902097902097902,0.03496503496503497,-0.22727272727272727
1,0.0,0.0,-0.14184397163120568,-0.07092198581560284,-0.22695035460992907,-0.22695035460992907,-0.1524822695035461,-0.35106382978723405,-0.05673758865248227,-0.4219858156028369,-0.24113475177304963,-0.48226950354609927,-0.3333333333333333,-0.6773049645390071,-0.38652482269503546,-0.7978723404255319,-0.425531914893617,-0.9042553191489362,-0.11347517730496454,-0.4929078014184397,-0.11702127659574468,-0.7304964539007093,-0.11347517730496454,-0.875886524822695,-0.10283687943262411,-1.0,0.0070921985815602835,-0.4432624113475177,-0.010638297872340425,-0.4929078014184397,-0.05673758865248227,-0.3723404255319149,-0.07092198581560284,-0.3049645390070922,0.10638297872340426,-0.35815602836879434,0.07446808510638298,-0.4078014184397163,0.03546099290780142,-0.31560283687943264,0.031914893617021274,-0.2553191489361702
1,0.0,0.0,-0.13541666666666666,-0.0798611111111111,-0.2222222222222222,-0.2361111111111111,-0.1527777777777778,-0.3611111111111111,-0.0625,-0.4340277777777778,-0.22916666666666666,-0.4791666666666667,-0.3229166666666667,-0.6666666666666666,-0.3784722222222222,-0.7847222222222222,-0.4201388888888889,-0.8819444444444444,-0.10416666666666667,-0.4861111111111111,-0.1111111111111111,-0.7222222222222222,-0.11805555555555555,-0.875,-0.10416666666666667,-1.0,0.013888888888888888,-0.4340277777777778,-0.006944444444444444,-0.4965277777777778,-0.05555555555555555,-0.3645833333333333,-0.06944444444444445,-0.2916666666666667,0.1111111111111111,-0.3541666666666667,0.0763888888888889,-0.4201388888888889,0.03819444444444445,-0.3298611111111111,0.03125,-0.2673611111111111
1,0.0,0.0,-0.13541666666666666,-0.0763888888888889,-0.22569444444444445,-0.2361111111111111,-0.16666666666666666,-0.3680555555555556,-0.07291666666666667,-0.4479166666666667,-0.22916666666666666,-0.4791666666666667,-0.3298611111111111,-0.6666666666666666,-0.3888888888888889,-0.7847222222222222,-0.4375,-0.8819444444444444,-0.1076388888888889,-0.4895833333333333,-0.125,-0.7256944444444444,-0.1284722222222222,-0.875,-0.11805555555555555,-1.0,0.010416666666666666,-0.4409722222222222,-0.013888888888888888,-0.5104166666666666,-0.0625,-0.3854166666666667,-0.07291666666666667,-0.3055555555555556,0.1111111111111111,-0.3611111111111111,0.06944444444444445,-0.4305555555555556,0.03125,-0.3402777777777778,0.027777777777777776,-0.2743055555555556
1,0.0,0.0,-0.13194444444444445,-0.0763888888888889,-0.22916666666666666,-0.23958333333333334,-0.17708333333333334,-0.3784722222222222,-0.08333333333333333,-0.4583333333333333,-0.2326388888888889,-0.4722222222222222,-0.3333333333333333,-0.65625,-0.3993055555555556,-0.7708333333333334,-0.4479166666666667,-0.8680555555555556,-0.11458333333333333,-0.4861111111111111,-0.13541666666666666,-0.7291666666666666,-0.1388888888888889,-0.875,-0.125,-1.0,0.0,-0.4444444444444444,-0.03819444444444445,-0.5,-0.0763888888888889,-0.375,-0.0763888888888889,-0.3020833333333333,0.1076388888888889,-0.3715277777777778,0.052083333333333336,-0.4236111111111111,0.017361111111111112,-0.3263888888888889,0.020833333333333332,-0.2673611111111111
1,0.0,0.0,-0.1388888888888889,-0.0763888888888889,-0.23958333333333334,-0.2361111111111111,-0.1840277777777778,-0.375,-0.09027777777777778,-0.4513888888888889,-0.23958333333333334,-0.46875,-0.3402777777777778,-0.6527777777777778,-0.40625,-0.7638888888888888,-0.4548611111111111,-0.8611111111111112,-0.125,-0.4861111111111111,-0.1423611111111111,-0.7291666666666666,-0.14930555555555555,-0.875,-0.13541666666666666,-1.0,-0.006944444444444444,-0.4444444444444444,-0.04513888888888889,-0.5069444444444444,-0.08680555555555555,-0.3819444444444444,-0.09027777777777778,-0.3055555555555556,0.09722222222222222,-0.3680555555555556,0.041666666666666664,-0.4270833333333333,0.006944444444444444,-0.3298611111111111,0.010416666666666666,-0.2673611111111111
1,0.0,0.0,-0.13541666666666666,-0.0798611111111111,-0.2326388888888889,-0.23958333333333334,-0.18055555555555555,-0.3819444444444444,-0.08333333333333333,-0.4583333333333333,-0.2326388888888889,-0.4652777777777778,-0.3298611111111111,-0.6493055555555556,-0.3923611111111111,-0.7604166666666666,-0.4375,-0.8576388888888888,-0.12152777777777778,-0.4826388888888889,-0.1388888888888889,-0.7256944444444444,-0.14930555555555555,-0.875,-0.13541666666666666,-1.0,-0.006944444444444444,-0.4375,-0.04861111111111111,-0.5104166666666666,-0.08680555555555555,-0.3784722222222222,-0.08680555555555555,-0.3020833333333333,0.09722222222222222,-0.3611111111111111,0.034722222222222224,-0.4305555555555556,0.0,-0.3229166666666667,0.003472222222222222,-0.2569444444444444
1,0.0,0.0,-0.13194444444444445,-0.07291666666666667,-0.23958333333333334,-0.22916666666666666,-0.19444444444444445,-0.3715277777777778,-0.09027777777777778,-0.4409722222222222,-0.2326388888888889,-0.4618055555555556,-0.3333333333333333,-0.6423611111111112,-0.3993055555555556,-0.7534722222222222,-0.4444444444444444,-0.8506944444444444,-0.125,-0.4791666666666667,-0.1527777777777778,-0.71875,-0.15625,-0.8715277777777778,-0.13541666666666666,-1.0,-0.013888888888888888,-0.4375,-0.04861111111111111,-0.5138888888888888,-0.08680555555555555,-0.3854166666666667,-0.09375,-0.3020833333333333,0.08680555555555555,-0.3611111111111111,0.034722222222222224,-0.4270833333333333,0.0,-0.3263888888888889,0.0,-0.2569444444444444
1,0.0,0.0,-0.1368421052631579,-0.07719298245614035,-0.24210526315789474,-0.24210526315789474,-0.1824561403508772,-0.37894736842105264,-0.07719298245614035,-0.44912280701754387,-0.22105263157894736,-0.4666666666666667,-0.3263157894736842,-0.6385964912280702,-0.39649122807017545,-0.7543859649122807,-0.4421052631578947,-0.8526315789473684,-0.11578947368421053,-0.48771929824561405,-0.14385964912280702,-0.7228070175438597,-0.14736842105263157,-0.8701754385964913,-0.12280701754385964,-1.0,-0.007017543859649123,-0.45263157894736844,-0.042105263157894736,-0.5157894736842106,-0.08771929824561403,-0.37543859649122807,-0.0912280701754386,-0.28771929824561404,0.09473684210526316,-0.37543859649122807,0.03859649122807018,-0.43157894736842106,-0.0035087719298245615,-0.3263157894736842,-0.0035087719298245615,-0.256140350877193
1,0.0,0.0,-0.1347517730496454,-0.07801418439716312,-0.24113475177304963,-0.23049645390070922,-0.1879432624113475,-0.36879432624113473,-0.08156028368794327,-0.4397163120567376,-0.22340425531914893,-0.4645390070921986,-0.32978723404255317,-0.6453900709219859,-0.40070921985815605,-0.7588652482269503,-0.450354609929078,-0.8581560283687943,-0.11702127659574468,-0.48226950354609927,-0.13829787234042554,-0.723404255319149,-0.1453900709219858,-0.8723404255319149,-0.1276595744680851,-1.0,-0.0070921985815602835,-0.4432624113475177,-0.04964539007092199,-0.5141843971631206,-0.09219858156028368,-0.3829787234042553,-0.09929078014184398,-0.30141843971631205,0.08865248226950355,-0.36524822695035464,0.03546099290780142,-0.4326241134751773,-0.0070921985815602835,-0.32978723404255317,-0.010638297872340425,-0.2553191489361702
1,0.0,0.0,-0.13261648745519714,-0.07168458781362007,-0.24014336917562723,-0.23297491039426524,-0.1863799283154122,-0.36917562724014336,-0.08960573476702509,-0.44802867383512546,-0.22939068100358423,-0.46236559139784944,-0.33691756272401435,-0.6451612903225806,-0.4014336917562724,-0.7562724014336918,-0.4444444444444444,-0.8530465949820788,-0.12186379928315412,-0.4838709677419355,-0.14336917562724014,-0.7240143369175627,-0.14695340501792115,-0.8709677419354839,-0.12544802867383512,-1.0,-0.014336917562724014,-0.44802867383512546,-0.053763440860215055,-0.5125448028673835,-0.0967741935483871,-0.3763440860215054,-0.1003584229390681,-0.2974910394265233,0.08602150537634409,-0.3763440860215054,0.02867383512544803,-0.41935483870967744,-0.014336917562724014,-0.3118279569892473,-0.014336917562724014,-0.24731182795698925
1,0.0,0.0,-0.13309352517985612,-0.07194244604316546,-0.24100719424460432,-0.22661870503597123,-0.19424460431654678,-0.3597122302158273,-0.08992805755395683,-0.42805755395683454,-0.22661870503597123,-0.4568345323741007,-0.34172661870503596,-0.6402877697841727,-0.4136690647482014,-0.7517985611510791,-0.46402877697841727,-0.8525179856115108,-0.1223021582733813,-0.4784172661870504,-0.14388489208633093,-0.7194244604316546,-0.1474820143884892,-0.8705035971223022,-0.12949640287769784,-1.0,-0.01079136690647482,-0.44244604316546765,-0.050359712230215826,-0.5179856115107914,-0.09352517985611511,-0.38848920863309355,-0.09712230215827339,-0.302158273381295,0.08633093525179857,-0.3669064748201439,0.03237410071942446,-0.4172661870503597,-0.01079136690647482,-0.31654676258992803,-0.014388489208633094,-0.24100719424460432
1,0.0,0.0,-0.13405797101449277,-0.07246376811594203,-0.2463768115942029,-0.2210144927536232,-0.2028985507246377,-0.35507246376811596,-0.09057971014492754,-0.427536231884058,-0.22826086956521738,-0.4492753623188406,-0.34057971014492755,-0.6376811594202898,-0.40942028985507245,-0.7536231884057971,-0.45652173913043476,-0.855072463768116,-0.12318840579710146,-0.4746376811594203,-0.14855072463768115,-0.7137681159420289,-0.14855072463768115,-0.8695652173913043,-0.12681159420289856,-1.0,-0.010869565217391304,-0.4384057971014493,-0.050724637681159424,-0.5072463768115942,-0.09420289855072464,-0.37318840579710144,-0.09782608695652174,-0.2898550724637681,0.09057971014492754,-0.36231884057971014,0.036231884057971016,-0.42391304347826086,-0.007246376811594203,-0.322463768115942,-0.010869565217391304,-0.25
1,0.0,0.0,-0.13503649635036497,-0.06934306569343066,-0.24817518248175183,-0.21897810218978103,-0.1897810218978102,-0.35036496350364965,-0.07664233576642336,-0.41605839416058393,-0.22992700729927007,-0.45255474452554745,-0.3357664233576642,-0.6386861313868614,-0.4051094890510949,-0.7554744525547445,-0.4562043795620438,-0.8540145985401459,-0.11678832116788321,-0.4781021897810219,-0.145985401459854,-0.718978102189781,-0.14963503649635038,-0.8722627737226277,-0.13138686131386862,-1.0,-0.0036496350364963502,-0.4416058394160584,-0.043795620437956206,-0.5072992700729927,-0.08394160583941605,-0.38321167883211676,-0.08759124087591241,-0.2956204379562044,0.0948905109489051,-0.3686131386861314,0.043795620437956206,-0.41605839416058393,-0.0036496350364963502,-0.3175182481751825,-0.0072992700729927005,-0.24452554744525548
1,0.0,0.0,-0.13405797101449277,-0.06884057971014493,-0.2463768115942029,-0.21739130434782608,-0.19202898550724637,-0.35507246376811596,-0.07608695652173914,-0.42028985507246375,-0.2246376811594203,-0.4492753623188406,-0.32971014492753625,-0.6376811594202898,-0.40217391304347827,-0.7536231884057971,-0.45652173913043476,-0.8514492753623188,-0.11594202898550725,-0.4746376811594203,-0.13768115942028986,-0.7210144927536232,-0.14130434782608695,-0.8731884057971014,-0.12681159420289856,-1.0,-0.0036231884057971015,-0.43478260869565216,-0.043478260869565216,-0.5108695652173914,-0.08695652173913043,-0.38405797101449274,-0.08695652173913043,-0.2971014492753623,0.09420289855072464,-0.358695652173913,0.03985507246376811,-0.4166666666666667,-0.0036231884057971015,-0.3188405797101449,-0.007246376811594203,-0.25
1,0.0,0.0,-0.13043478260869565,-0.06521739130434782,-0.2427536231884058,-0.213768115942029,-0.18478260869565216,-0.3442028985507246,-0.06521739130434782,-0.40942028985507245,-0.2246376811594203,-0.4528985507246377,-0.3333333333333333,-0.6376811594202898,-0.4057971014492754,-0.7536231884057971,-0.45652173913043476,-0.8514492753623188,-0.11594202898550725,-0.4782608695652174,-0.14130434782608695,-0.7210144927536232,-0.14492753623188406,-0.8731884057971014,-0.12681159420289856,-1.0,-0.0036231884057971015,-0.4384057971014493,-0.043478260869565216,-0.5,-0.08695652173913043,-0.3804347826086957,-0.09420289855072464,-0.2971014492753623,0.09420289855072464,-0.36231884057971014,0.043478260869565216,-0.40942028985507245,-0.0036231884057971015,-0.3115942028985507,-0.014492753623188406,-0.2427536231884058
1,0.0,0.0,-0.13620071684587814,-0.06810035842293907,-0.24731182795698925,-0.2222222222222222,-0.1863799283154122,-0.35125448028673834,-0.07168458781362007,-0.4157706093189964,-0.22580645161290322,-0.4551971326164875,-0.32974910394265233,-0.6379928315412187,-0.3978494623655914,-0.7526881720430108,-0.44802867383512546,-0.8530465949820788,-0.11827956989247312,-0.4767025089605735,-0.13978494623655913,-0.7168458781362007,-0.14336917562724014,-0.8709677419354839,-0.12544802867383512,-1.0,-0.007168458781362007,-0.43727598566308246,-0.05017921146953405,-0.5053763440860215,-0.08960573476702509,-0.3870967741935484,-0.0931899641577061,-0.3046594982078853,0.08960573476702509,-0.36200716845878134,0.03225806451612903,-0.3978494623655914,-0.010752688172043012,-0.3010752688172043,-0.017921146953405017,-0.23655913978494625
1,0.0,0.0,-0.13380281690140844,-0.07042253521126761,-0.24295774647887325,-0.22535211267605634,-0.1795774647887324,-0.352112676056338,-0.05985915492957746,-0.4119718309859155,-0.22535211267605634,-0.4507042253521127,-0.3274647887323944,-0.6373239436619719,-0.3908450704225352,-0.75,-0.43661971830985913,-0.852112676056338,-0.11619718309859155,-0.4753521126760563,-0.13028169014084506,-0.7183098591549296,-0.13380281690140844,-0.8697183098591549,-0.11619718309859155,-1.0,-0.007042253521126761,-0.44014084507042256,-0.04929577464788732,-0.4964788732394366,-0.09154929577464789,-0.38028169014084506,-0.09507042253521127,-0.3028169014084507,0.0880281690140845,-0.36971830985915494,0.028169014084507043,-0.39436619718309857,-0.017605633802816902,-0.2992957746478873,-0.017605633802816902,-0.23591549295774647
1,0.0,0.0,-0.13541666666666666,-0.07291666666666667,-0.2465277777777778,-0.2326388888888889,-0.18055555555555555,-0.3541666666666667,-0.06597222222222222,-0.4131944444444444,-0.22569444444444445,-0.4618055555555556,-0.3298611111111111,-0.6423611111111112,-0.3888888888888889,-0.7534722222222222,-0.4305555555555556,-0.8541666666666666,-0.11458333333333333,-0.4826388888888889,-0.125,-0.7222222222222222,-0.12152777777777778,-0.8715277777777778,-0.10069444444444445,-1.0,-0.003472222222222222,-0.4409722222222222,-0.04513888888888889,-0.5069444444444444,-0.09027777777777778,-0.3923611111111111,-0.09722222222222222,-0.3159722222222222,0.09375,-0.3680555555555556,0.03125,-0.4027777777777778,-0.010416666666666666,-0.3090277777777778,-0.013888888888888888,-0.24305555555555555
1,0.0,0.0,-0.13588850174216027,-0.07665505226480836,-0.24390243902439024,-0.24390243902439024,-0.17421602787456447,-0.3693379790940767,-0.04529616724738676,-0.4181184668989547,-0.2229965156794425,-0.47038327526132406,-0.3240418118466899,-0.6550522648083623,-0.3797909407665505,-0.7665505226480837,-0.42160278745644597,-0.867595818815331,-0.11149825783972125,-0.4878048780487805,-0.10801393728222997,-0.7282229965156795,-0.0975609756097561,-0.8780487804878049,-0.07317073170731707,-1.0,-0.003484320557491289,-0.43902439024390244,-0.03832752613240418,-0.5156794425087108,-0.08710801393728224,-0.397212543554007,-0.09407665505226481,-0.3240418118466899,0.08710801393728224,-0.3588850174216028,0.03832752613240418,-0.397212543554007,-0.006968641114982578,-0.30313588850174217,-0.013937282229965157,-0.24041811846689895
1,0.0,0.0,-0.1368421052631579,-0.07719298245614035,-0.24561403508771928,-0.23508771929824562,-0.1824561403508772,-0.3508771929824561,-0.06315789473684211,-0.4070175438596491,-0.22456140350877193,-0.47719298245614034,-0.32280701754385965,-0.6666666666666666,-0.37894736842105264,-0.7789473684210526,-0.42105263157894735,-0.8807017543859649,-0.10877192982456141,-0.49122807017543857,-0.09473684210526316,-0.7368421052631579,-0.08421052631578947,-0.8807017543859649,-0.06315789473684211,-1.0,0.0035087719298245615,-0.4456140350877193,-0.042105263157894736,-0.512280701754386,-0.0912280701754386,-0.4,-0.09473684210526316,-0.3263157894736842,0.09824561403508772,-0.3719298245614035,0.03508771929824561,-0.4070175438596491,-0.007017543859649123,-0.3157894736842105,-0.007017543859649123,-0.25263157894736843
1,0.0,0.0,-0.13541666666666666,-0.08333333333333333,-0.2361111111111111,-0.25,-0.16319444444444445,-0.3611111111111111,-0.04861111111111111,-0.4097222222222222,-0.21875,-0.4826388888888889,-0.3159722222222222,-0.6701388888888888,-0.3715277777777778,-0.78125,-0.4131944444444444,-0.8784722222222222,-0.10069444444444445,-0.4965277777777778,-0.09027777777777778,-0.7395833333333334,-0.0798611111111111,-0.8854166666666666,-0.05555555555555555,-1.0,0.010416666666666666,-0.4479166666666667,-0.03125,-0.5243055555555556,-0.0798611111111111,-0.4097222222222222,-0.09027777777777778,-0.3368055555555556,0.10416666666666667,-0.3680555555555556,0.04861111111111111,-0.4166666666666667,0.003472222222222222,-0.3263888888888889,-0.006944444444444444,-0.2569444444444444
1,0.0,0.0,-0.1388888888888889,-0.08680555555555555,-0.24305555555555555,-0.25,-0.1736111111111111,-0.3645833333333333,-0.052083333333333336,-0.4131944444444444,-0.22916666666666666,-0.4930555555555556,-0.3298611111111111,-0.6840277777777778,-0.3854166666666667,-0.7951388888888888,-0.4270833333333333,-0.8958333333333334,-0.1076388888888889,-0.5034722222222222,-0.09027777777777778,-0.7430555555555556,-0.0798611111111111,-0.8888888888888888,-0.05555555555555555,-1.0,0.003472222222222222,-0.4548611111111111,-0.03125,-0.5034722222222222,-0.08333333333333333,-0.3993055555555556,-0.09375,-0.3298611111111111,0.09722222222222222,-0.375,0.04513888888888889,-0.4131944444444444,-0.003472222222222222,-0.3333333333333333,-0.013888888888888888,-0.2708333333333333
1,0.0,0.0,-0.1423611111111111,-0.08333333333333333,-0.22916666666666666,-0.24305555555555555,-0.14583333333333334,-0.3541666666666667,-0.03819444444444445,-0.4097222222222222,-0.22569444444444445,-0.4965277777777778,-0.3159722222222222,-0.6840277777777778,-0.3680555555555556,-0.7951388888888888,-0.4097222222222222,-0.8958333333333334,-0.10069444444444445,-0.5034722222222222,-0.0763888888888889,-0.7430555555555556,-0.059027777777777776,-0.8854166666666666,-0.034722222222222224,-1.0,0.010416666666666666,-0.4479166666666667,-0.010416666666666666,-0.5069444444444444,-0.05555555555555555,-0.3993055555555556,-0.06944444444444445,-0.3333333333333333,0.10069444444444445,-0.3611111111111111,0.07291666666666667,-0.4097222222222222,0.020833333333333332,-0.3263888888888889,0.003472222222222222,-0.2673611111111111
1,0.0,0.0,-0.13448275862068965,-0.08275862068965517,-0.21379310344827587,-0.23793103448275862,-0.1310344827586207,-0.3448275862068966,-0.017241379310344827,-0.4,-0.21379310344827587,-0.49310344827586206,-0.3,-0.6827586206896552,-0.35172413793103446,-0.8,-0.3896551724137931,-0.903448275862069,-0.08620689655172414,-0.496551724137931,-0.05862068965517241,-0.7413793103448276,-0.034482758620689655,-0.8827586206896552,-0.006896551724137931,-1.0,0.027586206896551724,-0.4379310344827586,0.02413793103448276,-0.49310344827586206,-0.027586206896551724,-0.3724137931034483,-0.04482758620689655,-0.30689655172413793,0.11724137931034483,-0.3482758620689655,0.09310344827586207,-0.3931034482758621,0.034482758620689655,-0.30689655172413793,0.010344827586206896,-0.2482758620689655
1,0.0,0.0,-0.12413793103448276,-0.08275862068965517,-0.19655172413793104,-0.23793103448275862,-0.1103448275862069,-0.3482758620689655,0.0,-0.40344827586206894,-0.2,-0.496551724137931,-0.2827586206896552,-0.6862068965517242,-0.33448275862068966,-0.803448275862069,-0.3758620689655172,-0.903448275862069,-0.07586206896551724,-0.503448275862069,-0.04482758620689655,-0.7413793103448276,-0.017241379310344827,-0.8793103448275862,0.020689655172413793,-1.0,0.041379310344827586,-0.4413793103448276,0.03103448275862069,-0.4827586206896552,-0.03103448275862069,-0.3586206896551724,-0.05172413793103448,-0.30344827586206896,0.13448275862068965,-0.3448275862068966,0.09310344827586207,-0.3689655172413793,0.03103448275862069,-0.28620689655172415,0.006896551724137931,-0.2413793103448276
1,0.0,0.0,-0.1245674740484429,-0.08304498269896193,-0.20069204152249134,-0.23529411764705882,-0.11072664359861592,-0.34256055363321797,0.006920415224913495,-0.3875432525951557,-0.20069204152249134,-0.5017301038062284,-0.28027681660899656,-0.6955017301038062,-0.328719723183391,-0.8096885813148789,-0.36678200692041524,-0.9065743944636678,-0.0726643598615917,-0.5051903114186851,-0.03806228373702422,-0.740484429065744,-0.0034602076124567475,-0.8823529411764706,0.03806228373702422,-1.0,0.04498269896193772,-0.43944636678200694,0.03806228373702422,-0.4844290657439446,-0.01384083044982699,-0.36678200692041524,-0.031141868512110725,-0.30103806228373703,0.13494809688581316,-0.34256055363321797,0.11418685121107267,-0.3806228373702422,0.05536332179930796,-0.2975778546712803,0.03460207612456748,-0.2422145328719723
1,0.0,0.0,-0.12413793103448276,-0.07586206896551724,-0.20344827586206896,-0.23103448275862068,-0.1103448275862069,-0.3413793103448276,0.010344827586206896,-0.38620689655172413,-0.2,-0.49310344827586206,-0.27586206896551724,-0.6896551724137931,-0.32413793103448274,-0.8068965517241379,-0.3620689655172414,-0.9103448275862069,-0.06896551724137931,-0.5,-0.04482758620689655,-0.7379310344827587,-0.013793103448275862,-0.8793103448275862,0.027586206896551724,-1.0,0.04482758620689655,-0.43448275862068964,0.034482758620689655,-0.4827586206896552,-0.020689655172413793,-0.36551724137931035,-0.03793103448275862,-0.30344827586206896,0.13448275862068965,-0.33793103448275863,0.1103448275862069,-0.3793103448275862,0.04827586206896552,-0.29310344827586204,0.02413793103448276,-0.23793103448275862
1,0.0,0.0,-0.125,-0.0763888888888889,-0.2048611111111111,-0.22569444444444445,-0.1076388888888889,-0.3298611111111111,0.013888888888888888,-0.375,-0.2013888888888889,-0.4930555555555556,-0.2777777777777778,-0.6909722222222222,-0.3263888888888889,-0.8125,-0.3576388888888889,-0.9166666666666666,-0.06944444444444445,-0.5,-0.059027777777777776,-0.7395833333333334,-0.034722222222222224,-0.8784722222222222,0.003472222222222222,-1.0,0.052083333333333336,-0.4409722222222222,0.034722222222222224,-0.4652777777777778,-0.017361111111111112,-0.3506944444444444,-0.034722222222222224,-0.2986111111111111,0.14583333333333334,-0.34375,0.1076388888888889,-0.3506944444444444,0.04513888888888889,-0.2708333333333333,0.010416666666666666,-0.22916666666666666
1,0.0,0.0,-0.1314878892733564,-0.07612456747404844,-0.20761245674740483,-0.22145328719723184,-0.11418685121107267,-0.328719723183391,0.010380622837370242,-0.3771626297577855,-0.2041522491349481,-0.4913494809688581,-0.2837370242214533,-0.6920415224913494,-0.328719723183391,-0.8166089965397924,-0.36678200692041524,-0.9204152249134948,-0.0726643598615917,-0.5017301038062284,-0.0726643598615917,-0.7370242214532872,-0.058823529411764705,-0.8788927335640139,-0.02768166089965398,-1.0,0.04498269896193772,-0.43944636678200694,0.03460207612456748,-0.46366782006920415,-0.01384083044982699,-0.3460207612456747,-0.031141868512110725,-0.28719723183391005,0.14186851211072665,-0.3460207612456747,0.11764705882352941,-0.356401384083045,0.058823529411764705,-0.27335640138408307,0.02422145328719723,-0.22837370242214533
1,0.0,0.0,-0.12937062937062938,-0.06993006993006994,-0.2097902097902098,-0.21678321678321677,-0.10839160839160839,-0.32867132867132864,0.017482517482517484,-0.3776223776223776,-0.1993006993006993,-0.493006993006993,-0.2867132867132867,-0.6958041958041958,-0.3321678321678322,-0.8216783216783217,-0.36713286713286714,-0.9265734265734266,-0.06643356643356643,-0.5034965034965035,-0.06993006993006994,-0.7412587412587412,-0.05944055944055944,-0.8811188811188811,-0.027972027972027972,-1.0,0.04895104895104895,-0.44405594405594406,0.045454545454545456,-0.46153846153846156,-0.006993006993006993,-0.34965034965034963,-0.027972027972027972,-0.2902097902097902,0.13986013986013987,-0.34615384615384615,0.11188811188811189,-0.34615384615384615,0.04195804195804196,-0.26573426573426573,0.0,-0.2202797202797203
1,0.0,0.0,-0.13028169014084506,-0.06690140845070422,-0.2007042253521127,-0.21830985915492956,-0.10211267605633803,-0.3274647887323944,0.02112676056338028,-0.3767605633802817,-0.2007042253521127,-0.4894366197183099,-0.28169014084507044,-0.6936619718309859,-0.33098591549295775,-0.823943661971831,-0.36619718309859156,-0.9295774647887324,-0.06690140845070422,-0.5,-0.07042253521126761,-0.7394366197183099,-0.05985915492957746,-0.8838028169014085,-0.03873239436619718,-1.0,0.04929577464788732,-0.44014084507042256,0.03873239436619718,-0.47183098591549294,-0.007042253521126761,-0.3626760563380282,-0.02464788732394366,-0.2992957746478873,0.13732394366197184,-0.3415492957746479,0.10915492957746478,-0.3591549295774648,0.045774647887323945,-0.28169014084507044,0.014084507042253521,-0.22887323943661972
1,0.0,0.0,-0.13074204946996468,-0.07420494699646643,-0.20141342756183744,-0.22614840989399293,-0.10247349823321555,-0.3286219081272085,0.0176678445229682,-0.38162544169611307,-0.20141342756183744,-0.4911660777385159,-0.2791519434628975,-0.696113074204947,-0.3250883392226148,-0.8197879858657244,-0.36395759717314485,-0.9293286219081273,-0.06713780918727916,-0.5017667844522968,-0.06713780918727916,-0.7420494699646644,-0.06007067137809187,-0.8833922261484098,-0.0353356890459364,-1.0,0.053003533568904596,-0.4381625441696113,0.038869257950530034,-0.4664310954063604,-0.014134275618374558,-0.3568904593639576,-0.03180212014134275,-0.303886925795053,0.1413427561837456,-0.34275618374558303,0.10600706713780919,-0.34275618374558303,0.0353356890459364,-0.26855123674911663,0.0,-0.22614840989399293
1,0.0,0.0,-0.13120567375886524,-0.0673758865248227,-0.19858156028368795,-0.21631205673758866,-0.10283687943262411,-0.32269503546099293,0.01773049645390071,-0.375886524822695,-0.20212765957446807,-0.4929078014184397,-0.28368794326241137,-0.6985815602836879,-0.3333333333333333,-0.8262411347517731,-0.36879432624113473,-0.9361702127659575,-0.0673758865248227,-0.5035460992907801,-0.07092198581560284,-0.7411347517730497,-0.05673758865248227,-0.8794326241134752,-0.031914893617021274,-1.0,0.05319148936170213,-0.44680851063829785,0.0425531914893617,-0.4574468085106383,-0.0070921985815602835,-0.34397163120567376,-0.028368794326241134,-0.2907801418439716,0.14184397163120568,-0.3546099290780142,0.1099290780141844,-0.3333333333333333,0.0425531914893617,-0.25177304964539005,0.0070921985815602835,-0.2127659574468085
1,0.0,0.0,-0.13120567375886524,-0.07801418439716312,-0.20567375886524822,-0.22340425531914893,-0.10638297872340426,-0.32978723404255317,0.02127659574468085,-0.3829787234042553,-0.2127659574468085,-0.4929078014184397,-0.2907801418439716,-0.6985815602836879,-0.3333333333333333,-0.8262411347517731,-0.36524822695035464,-0.9326241134751773,-0.07446808510638298,-0.5035460992907801,-0.07446808510638298,-0.7411347517730497,-0.0673758865248227,-0.8829787234042553,-0.0425531914893617,-1.0,0.04609929078014184,-0.44680851063829785,0.028368794326241134,-0.4716312056737589,-0.024822695035460994,-0.36879432624113473,-0.04609929078014184,-0.31560283687943264,0.13829787234042554,-0.35106382978723405,0.10283687943262411,-0.35815602836879434,0.03546099290780142,-0.28368794326241137,0.0035460992907801418,-0.24113475177304963
1,0.0,0.0,-0.13028169014084506,-0.08450704225352113,-0.20422535211267606,-0.23591549295774647,-0.1056338028169014,-0.33098591549295775,0.017605633802816902,-0.36619718309859156,-0.20774647887323944,-0.4964788732394366,-0.28169014084507044,-0.6936619718309859,-0.3274647887323944,-0.8169014084507042,-0.3626760563380282,-0.9225352112676056,-0.07042253521126761,-0.5035211267605634,-0.07042253521126761,-0.7394366197183099,-0.06690140845070422,-0.8802816901408451,-0.04929577464788732,-1.0,0.045774647887323945,-0.44366197183098594,0.03169014084507042,-0.4894366197183099,-0.02464788732394366,-0.39436619718309857,-0.04929577464788732,-0.3415492957746479,0.13732394366197184,-0.34507042253521125,0.09859154929577464,-0.3591549295774648,0.03169014084507042,-0.2887323943661972,0.0,-0.23943661971830985
1,0.0,0.0,-0.12982456140350876,-0.08070175438596491,-0.2,-0.23508771929824562,-0.10877192982456141,-0.3333333333333333,0.010526315789473684,-0.3719298245614035,-0.20701754385964913,-0.49473684210526314,-0.28421052631578947,-0.6912280701754386,-0.3298245614035088,-0.8105263157894737,-0.36140350877192984,-0.9122807017543859,-0.07719298245614035,-0.5017543859649123,-0.07719298245614035,-0.7368421052631579,-0.07368421052631578,-0.8771929824561403,-0.056140350877192984,-1.0,0.03859649122807018,-0.4456140350877193,0.02456140350877193,-0.4807017543859649,-0.02456140350877193,-0.37894736842105264,-0.0456140350877193,-0.3298245614035088,0.13333333333333333,-0.3508771929824561,0.09824561403508772,-0.3649122807017544,0.042105263157894736,-0.28771929824561404,0.021052631578947368,-0.24561403508771928
1,0.0,0.0,-0.1254355400696864,-0.08013937282229965,-0.20557491289198607,-0.23344947735191637,-0.11498257839721254,-0.34146341463414637,0.003484320557491289,-0.3867595818815331,-0.20557491289198607,-0.4912891986062718,-0.28222996515679444,-0.6829268292682927,-0.3310104529616725,-0.8013937282229965,-0.36585365853658536,-0.9024390243902439,-0.08013937282229965,-0.49477351916376305,-0.07665505226480836,-0.735191637630662,-0.08013937282229965,-0.8780487804878049,-0.06968641114982578,-1.0,0.03484320557491289,-0.4355400696864111,0.020905923344947737,-0.49825783972125437,-0.03484320557491289,-0.3902439024390244,-0.05574912891986063,-0.32752613240418116,0.1289198606271777,-0.34146341463414637,0.09059233449477352,-0.3832752613240418,0.03832752613240418,-0.29965156794425085,0.020905923344947737,-0.24390243902439024
1,0.0,0.0,-0.1289198606271777,-0.08013937282229965,-0.20557491289198607,-0.24041811846689895,-0.11498257839721254,-0.3519163763066202,0.003484320557491289,-0.397212543554007,-0.20557491289198607,-0.4878048780487805,-0.28222996515679444,-0.6794425087108014,-0.3310104529616725,-0.7979094076655052,-0.3693379790940767,-0.8954703832752613,-0.08362369337979095,-0.49477351916376305,-0.08710801393728224,-0.735191637630662,-0.09059233449477352,-0.8780487804878049,-0.08013937282229965,-1.0,0.03484320557491289,-0.4355400696864111,0.020905923344947737,-0.49477351916376305,-0.0313588850174216,-0.37630662020905925,-0.04529616724738676,-0.313588850174216,0.1254355400696864,-0.34146341463414637,0.09059233449477352,-0.3867595818815331,0.03832752613240418,-0.29965156794425085,0.027874564459930314,-0.24738675958188153
1,0.0,0.0,-0.13333333333333333,-0.08421052631578947,-0.21754385964912282,-0.24561403508771928,-0.13333333333333333,-0.3543859649122807,-0.021052631578947368,-0.40350877192982454,-0.21754385964912282,-0.49473684210526314,-0.29473684210526313,-0.6807017543859649,-0.34385964912280703,-0.8,-0.38596491228070173,-0.8982456140350877,-0.0912280701754386,-0.4982456140350877,-0.09824561403508772,-0.7368421052631579,-0.10175438596491228,-0.8807017543859649,-0.0912280701754386,-1.0,0.02456140350877193,-0.4421052631578947,0.017543859649122806,-0.4982456140350877,-0.031578947368421054,-0.3894736842105263,-0.05263157894736842,-0.3263157894736842,0.11578947368421053,-0.3508771929824561,0.09473684210526316,-0.39649122807017545,0.0456140350877193,-0.3157894736842105,0.028070175438596492,-0.2596491228070175
1,0.0,0.0,-0.13636363636363635,-0.08391608391608392,-0.2202797202797203,-0.2517482517482518,-0.13636363636363635,-0.36013986013986016,-0.03146853146853147,-0.4160839160839161,-0.21678321678321677,-0.486013986013986,-0.2972027972027972,-0.6748251748251748,-0.34965034965034963,-0.7937062937062938,-0.3916083916083916,-0.8916083916083916,-0.0944055944055944,-0.4965034965034965,-0.10839160839160839,-0.7307692307692307,-0.11888111888111888,-0.8776223776223776,-0.10839160839160839,-1.0,0.02097902097902098,-0.44405594405594406,0.0034965034965034965,-0.493006993006993,-0.04895104895104895,-0.38461538461538464,-0.06643356643356643,-0.32867132867132864,0.11188811188811189,-0.36363636363636365,0.08041958041958042,-0.4020979020979021,0.03146853146853147,-0.3181818181818182,0.017482517482517484,-0.2692307692307692
1,0.0,0.0,-0.13636363636363635,-0.08391608391608392,-0.22377622377622378,-0.24825174825174826,-0.13636363636363635,-0.36713286713286714,-0.027972027972027972,-0.43006993006993005,-0.2202797202797203,-0.4825174825174825,-0.3041958041958042,-0.6748251748251748,-0.35664335664335667,-0.7937062937062938,-0.3986013986013986,-0.8951048951048951,-0.0979020979020979,-0.493006993006993,-0.11538461538461539,-0.7342657342657343,-0.1258741258741259,-0.8776223776223776,-0.11888111888111888,-1.0,0.013986013986013986,-0.44405594405594406,0.0,-0.5,-0.04895104895104895,-0.3776223776223776,-0.06293706293706294,-0.3076923076923077,0.1048951048951049,-0.36363636363636365,0.07692307692307693,-0.4195804195804196,0.03496503496503497,-0.3181818181818182,0.024475524475524476,-0.25524475524475526
1,0.0,0.0,-0.1368421052631579,-0.08771929824561403,-0.22105263157894736,-0.25263157894736843,-0.14385964912280702,-0.3649122807017544,-0.03859649122807018,-0.4280701754385965,-0.21754385964912282,-0.4807017543859649,-0.3017543859649123,-0.6701754385964912,-0.36140350877192984,-0.7859649122807018,-0.40350877192982454,-0.8807017543859649,-0.10175438596491228,-0.49122807017543857,-0.11578947368421053,-0.7298245614035088,-0.12982456140350876,-0.8771929824561403,-0.11929824561403508,-1.0,0.010526315789473684,-0.4456140350877193,-0.010526315789473684,-0.49473684210526314,-0.056140350877192984,-0.3824561403508772,-0.07017543859649122,-0.3157894736842105,0.10175438596491228,-0.3684210526315789,0.06666666666666667,-0.4,0.021052631578947368,-0.3087719298245614,0.014035087719298246,-0.25263157894736843
1,0.0,0.0,-0.13588850174216027,-0.08362369337979095,-0.22996515679442509,-0.24738675958188153,-0.16376306620209058,-0.37282229965156793,-0.05226480836236934,-0.43902439024390244,-0.2229965156794425,-0.47735191637630664,-0.31010452961672474,-0.6655052264808362,-0.3693379790940767,-0.7839721254355401,-0.4146341463414634,-0.8815331010452961,-0.10801393728222997,-0.4912891986062718,-0.1289198606271777,-0.7282229965156795,-0.13937282229965156,-0.8780487804878049,-0.13588850174216027,-1.0,0.003484320557491289,-0.445993031358885,-0.020905923344947737,-0.5087108013937283,-0.06620209059233449,-0.39372822299651566,-0.08013937282229965,-0.3205574912891986,0.0975609756097561,-0.37282229965156793,0.059233449477351915,-0.42160278745644597,0.017421602787456445,-0.3310104529616725,0.010452961672473868,-0.26480836236933797
1,0.0,0.0,-0.12937062937062938,-0.08041958041958042,-0.22727272727272727,-0.24825174825174826,-0.16783216783216784,-0.3811188811188811,-0.055944055944055944,-0.44405594405594406,-0.21328671328671328,-0.4825174825174825,-0.3076923076923077,-0.6748251748251748,-0.36713286713286714,-0.7902097902097902,-0.4160839160839161,-0.8916083916083916,-0.10139860139860139,-0.493006993006993,-0.12937062937062938,-0.7377622377622378,-0.14685314685314685,-0.8846153846153846,-0.14335664335664336,-1.0,0.01048951048951049,-0.45104895104895104,-0.02097902097902098,-0.513986013986014,-0.06643356643356643,-0.3881118881118881,-0.07692307692307693,-0.3076923076923077,0.1048951048951049,-0.3741258741258741,0.05944055944055944,-0.4160839160839161,0.017482517482517484,-0.3181818181818182,0.013986013986013986,-0.2517482517482518
1,0.0,0.0,-0.13588850174216027,-0.08362369337979095,-0.23344947735191637,-0.24738675958188153,-0.17421602787456447,-0.3797909407665505,-0.06968641114982578,-0.445993031358885,-0.21951219512195122,-0.4738675958188153,-0.3170731707317073,-0.6689895470383276,-0.37630662020905925,-0.7909407665505227,-0.42160278745644597,-0.89198606271777,-0.10801393728222997,-0.4878048780487805,-0.14285714285714285,-0.735191637630662,-0.1602787456445993,-0.8850174216027874,-0.1602787456445993,-1.0,0.003484320557491289,-0.445993031358885,-0.03832752613240418,-0.5156794425087108,-0.08013937282229965,-0.39372822299651566,-0.08362369337979095,-0.31010452961672474,0.10104529616724739,-0.37282229965156793,0.04529616724738676,-0.42857142857142855,0.003484320557491289,-0.3310104529616725,0.0,-0.2578397212543554
1,0.0,0.0,-0.1388888888888889,-0.08333333333333333,-0.2465277777777778,-0.25,-0.19444444444444445,-0.3958333333333333,-0.08333333333333333,-0.4583333333333333,-0.2326388888888889,-0.4722222222222222,-0.3263888888888889,-0.6631944444444444,-0.3854166666666667,-0.78125,-0.4270833333333333,-0.8819444444444444,-0.125,-0.4895833333333333,-0.1597222222222222,-0.7361111111111112,-0.17708333333333334,-0.8819444444444444,-0.17708333333333334,-1.0,-0.013888888888888888,-0.4513888888888889,-0.05555555555555555,-0.5277777777777778,-0.09722222222222222,-0.40625,-0.10069444444444445,-0.3229166666666667,0.0798611111111111,-0.3784722222222222,0.020833333333333332,-0.4270833333333333,-0.020833333333333332,-0.3263888888888889,-0.017361111111111112,-0.2569444444444444
1,0.0,0.0,-0.1388888888888889,-0.0798611111111111,-0.2534722222222222,-0.2465277777777778,-0.20833333333333334,-0.3923611111111111,-0.09027777777777778,-0.4583333333333333,-0.2326388888888889,-0.46875,-0.3263888888888889,-0.6631944444444444,-0.3888888888888889,-0.78125,-0.4340277777777778,-0.8819444444444444,-0.1284722222222222,-0.4861111111111111,-0.16666666666666666,-0.7291666666666666,-0.1875,-0.8784722222222222,-0.1840277777777778,-1.0,-0.017361111111111112,-0.4479166666666667,-0.059027777777777776,-0.5173611111111112,-0.09722222222222222,-0.3923611111111111,-0.10069444444444445,-0.3055555555555556,0.0798611111111111,-0.3784722222222222,0.020833333333333332,-0.4340277777777778,-0.013888888888888888,-0.3333333333333333,-0.010416666666666666,-0.2638888888888889
1,0.0,0.0,-0.13380281690140844,-0.08098591549295775,-0.24295774647887325,-0.24295774647887325,-0.1936619718309859,-0.3873239436619718,-0.0880281690140845,-0.46830985915492956,-0.22535211267605634,-0.4647887323943662,-0.3204225352112676,-0.6619718309859155,-0.38380281690140844,-0.7816901408450704,-0.4295774647887324,-0.8802816901408451,-0.11619718309859155,-0.4823943661971831,-0.15140845070422534,-0.7323943661971831,-0.176056338028169,-0.8802816901408451,-0.17253521126760563,-1.0,-0.007042253521126761,-0.44366197183098594,-0.0528169014084507,-0.5246478873239436,-0.09154929577464789,-0.39436619718309857,-0.09154929577464789,-0.30985915492957744,0.09154929577464789,-0.3732394366197183,0.02464788732394366,-0.4295774647887324,-0.014084507042253521,-0.323943661971831,-0.007042253521126761,-0.25
1,0.0,0.0,-0.14184397163120568,-0.08156028368794327,-0.24822695035460993,-0.24468085106382978,-0.20567375886524822,-0.3900709219858156,-0.09929078014184398,-0.46808510638297873,-0.23049645390070922,-0.46099290780141844,-0.3333333333333333,-0.6524822695035462,-0.3971631205673759,-0.7730496453900709,-0.4432624113475177,-0.8723404255319149,-0.1276595744680851,-0.4787234042553192,-0.16312056737588654,-0.7269503546099291,-0.1879432624113475,-0.875886524822695,-0.1879432624113475,-1.0,-0.01773049645390071,-0.4432624113475177,-0.06382978723404255,-0.524822695035461,-0.09929078014184398,-0.3900709219858156,-0.09929078014184398,-0.30141843971631205,0.08156028368794327,-0.375886524822695,0.01773049645390071,-0.4397163120567376,-0.02127659574468085,-0.3333333333333333,-0.014184397163120567,-0.25886524822695034
1,0.0,0.0,-0.14285714285714285,-0.07857142857142857,-0.25357142857142856,-0.25,-0.20357142857142857,-0.3964285714285714,-0.08571428571428572,-0.46785714285714286,-0.22857142857142856,-0.45714285714285713,-0.32857142857142857,-0.65,-0.39285714285714285,-0.7714285714285715,-0.4392857142857143,-0.8714285714285714,-0.12142857142857143,-0.475,-0.16071428571428573,-0.725,-0.18571428571428572,-0.8785714285714286,-0.18214285714285713,-1.0,-0.014285714285714285,-0.4392857142857143,-0.05714285714285714,-0.525,-0.1,-0.3964285714285714,-0.1,-0.30714285714285716,0.08214285714285714,-0.3678571428571429,0.02142857142857143,-0.4357142857142857,-0.017857142857142856,-0.33214285714285713,-0.017857142857142856,-0.2571428571428571
1,0.0,0.0,-0.14642857142857144,-0.08571428571428572,-0.25357142857142856,-0.25,-0.20714285714285716,-0.4,-0.09642857142857143,-0.475,-0.22857142857142856,-0.4607142857142857,-0.33214285714285713,-0.6535714285714286,-0.4,-0.7714285714285715,-0.44642857142857145,-0.8678571428571429,-0.12142857142857143,-0.48214285714285715,-0.15357142857142858,-0.7285714285714285,-0.18571428571428572,-0.8785714285714286,-0.18571428571428572,-1.0,-0.010714285714285714,-0.44642857142857145,-0.060714285714285714,-0.525,-0.11071428571428571,-0.4,-0.11428571428571428,-0.31785714285714284,0.08571428571428572,-0.375,0.02142857142857143,-0.44642857142857145,-0.02142857142857143,-0.3464285714285714,-0.02142857142857143,-0.275
1,0.0,0.0,-0.14590747330960854,-0.08540925266903915,-0.2491103202846975,-0.2526690391459075,-0.199288256227758,-0.40213523131672596,-0.09608540925266904,-0.4804270462633452,-0.23487544483985764,-0.4626334519572954,-0.33807829181494664,-0.6512455516014235,-0.40213523131672596,-0.7686832740213523,-0.44483985765124556,-0.8647686832740213,-0.12811387900355872,-0.47686832740213525,-0.16370106761565836,-0.7259786476868327,-0.19217081850533807,-0.8754448398576512,-0.19217081850533807,-1.0,-0.014234875444839857,-0.4377224199288256,-0.060498220640569395,-0.5266903914590747,-0.10320284697508897,-0.398576512455516,-0.10320284697508897,-0.3167259786476868,0.08540925266903915,-0.3665480427046263,0.02491103202846975,-0.44483985765124556,-0.014234875444839857,-0.34519572953736655,-0.010676156583629894,-0.27402135231316727
1,0.0,0.0,-0.1494661921708185,-0.08540925266903915,-0.25622775800711745,-0.25622775800711745,-0.199288256227758,-0.4092526690391459,-0.08540925266903915,-0.4875444839857651,-0.24199288256227758,-0.4555160142348754,-0.3416370106761566,-0.6512455516014235,-0.40569395017793597,-0.7722419928825622,-0.45195729537366547,-0.8683274021352313,-0.13523131672597866,-0.47330960854092524,-0.17437722419928825,-0.7224199288256228,-0.199288256227758,-0.8754448398576512,-0.199288256227758,-1.0,-0.02491103202846975,-0.43416370106761565,-0.06761565836298933,-0.5266903914590747,-0.11387900355871886,-0.40213523131672596,-0.11743772241992882,-0.3202846975088968,0.07473309608540925,-0.3665480427046263,0.010676156583629894,-0.4412811387900356,-0.028469750889679714,-0.34519572953736655,-0.02491103202846975,-0.2669039145907473
