0,0.0,0.0,-0.1936619718309859,-0.0880281690140845,-0.3626760563380282,-0.2323943661971831,-0.4964788732394366,-0.34507042253521125,-0.5809859154929577,-0.47183098591549294,-0.20774647887323944,-0.5211267605633803,-0.323943661971831,-0.6619718309859155,-0.426056338028169,-0.6197183098591549,-0.5,-0.545774647887324,-0.1056338028169014,-0.573943661971831,-0.1936619718309859,-0.7816901408450704,-0.30633802816901406,-0.8697183098591549,-0.4154929577464789,-0.9119718309859155,0.017605633802816902,-0.573943661971831,-0.02464788732394366,-0.7992957746478874,-0.10915492957746478,-0.9190140845070423,-0.20422535211267606,-1.0,0.14788732394366197,-0.5176056338028169,0.1795774647887324,-0.7147887323943662,0.15140845070422534,-0.8415492957746479,0.09154929577464789,-0.9471830985915493
0,0.0,0.0,-0.1993006993006993,-0.08741258741258741,-0.36363636363636365,-0.23776223776223776,-0.493006993006993,-0.3531468531468531,-0.583916083916084,-0.479020979020979,-0.2097902097902098,-0.5209790209790209,-0.32167832167832167,-0.6643356643356644,-0.4230769230769231,-0.6293706293706294,-0.4965034965034965,-0.5559440559440559,-0.10839160839160839,-0.5769230769230769,-0.1888111888111888,-0.7797202797202797,-0.3041958041958042,-0.8671328671328671,-0.4195804195804196,-0.9090909090909091,0.013986013986013986,-0.5734265734265734,-0.024475524475524476,-0.8006993006993007,-0.11188811188811189,-0.9195804195804196,-0.2097902097902098,-1.0,0.13986013986013987,-0.5209790209790209,0.17482517482517482,-0.7167832167832168,0.15034965034965034,-0.8426573426573427,0.08741258741258741,-0.951048951048951
0,0.0,0.0,-0.1958041958041958,-0.08741258741258741,-0.36013986013986016,-0.24125874125874125,-0.493006993006993,-0.35664335664335667,-0.5874125874125874,-0.4825174825174825,-0.2062937062937063,-0.527972027972028,-0.3181818181818182,-0.6678321678321678,-0.4160839160839161,-0.6293706293706294,-0.48951048951048953,-0.5559440559440559,-0.10139860139860139,-0.5804195804195804,-0.1888111888111888,-0.7832167832167832,-0.3006993006993007,-0.8706293706293706,-0.4090909090909091,-0.916083916083916,0.02097902097902098,-0.5769230769230769,-0.02097902097902098,-0.8006993006993007,-0.1048951048951049,-0.916083916083916,-0.20279720279720279,-1.0,0.14685314685314685,-0.5244755244755245,0.17832167832167833,-0.7167832167832168,0.15034965034965034,-0.8426573426573427,0.08741258741258741,-0.9475524475524476
0,0.0,0.0,-0.19444444444444445,-0.09027777777777778,-0.3576388888888889,-0.2326388888888889,-0.4895833333333333,-0.34375,-0.5763888888888888,-0.4722222222222222,-0.2013888888888889,-0.5173611111111112,-0.3194444444444444,-0.6527777777777778,-0.4201388888888889,-0.6145833333333334,-0.4930555555555556,-0.5381944444444444,-0.09722222222222222,-0.5729166666666666,-0.1840277777777778,-0.7777777777777778,-0.2951388888888889,-0.8645833333333334,-0.40625,-0.9097222222222222,0.020833333333333332,-0.5694444444444444,-0.020833333333333332,-0.7986111111111112,-0.10416666666666667,-0.9166666666666666,-0.2013888888888889,-1.0,0.14930555555555555,-0.5208333333333334,0.17708333333333334,-0.7152777777777778,0.14583333333333334,-0.84375,0.08680555555555555,-0.9513888888888888
0,0.0,0.0,-0.19434628975265017,-0.08480565371024736,-0.36395759717314485,-0.2332155477031802,-0.5017667844522968,-0.3462897526501767,-0.5901060070671378,-0.4734982332155477,-0.2049469964664311,-0.5229681978798587,-0.3250883392226148,-0.6607773851590106,-0.4275618374558304,-0.6183745583038869,-0.5017667844522968,-0.5477031802120141,-0.10247349823321555,-0.5795053003533569,-0.19434628975265017,-0.784452296819788,-0.30742049469964666,-0.872791519434629,-0.4204946996466431,-0.9151943462897526,0.0176678445229682,-0.5759717314487632,-0.024734982332155476,-0.8021201413427562,-0.11307420494699646,-0.9187279151943463,-0.21201413427561838,-1.0,0.14487632508833923,-0.5229681978798587,0.17667844522968199,-0.7208480565371025,0.14840989399293286,-0.8480565371024735,0.08480565371024736,-0.9540636042402827
0,0.0,0.0,-0.19649122807017544,-0.08421052631578947,-0.36140350877192984,-0.23157894736842105,-0.4982456140350877,-0.34035087719298246,-0.5859649122807018,-0.4666666666666667,-0.21052631578947367,-0.519298245614035,-0.32280701754385965,-0.6596491228070176,-0.4245614035087719,-0.6210526315789474,-0.49473684210526314,-0.543859649122807,-0.10526315789473684,-0.5719298245614035,-0.18947368421052632,-0.7789473684210526,-0.30526315789473685,-0.8666666666666667,-0.41754385964912283,-0.9122807017543859,0.017543859649122806,-0.5719298245614035,-0.02456140350877193,-0.8,-0.11228070175438597,-0.9192982456140351,-0.21403508771929824,-1.0,0.14736842105263157,-0.5228070175438596,0.17543859649122806,-0.7192982456140351,0.14385964912280702,-0.8456140350877193,0.08070175438596491,-0.9473684210526315
0,0.0,0.0,-0.1936619718309859,-0.0880281690140845,-0.3591549295774648,-0.23943661971830985,-0.5,-0.352112676056338,-0.5845070422535211,-0.4823943661971831,-0.20774647887323944,-0.5316901408450704,-0.323943661971831,-0.6725352112676056,-0.426056338028169,-0.6302816901408451,-0.5,-0.5563380281690141,-0.10211267605633803,-0.5845070422535211,-0.18661971830985916,-0.7887323943661971,-0.2992957746478873,-0.8767605633802817,-0.4119718309859155,-0.9190140845070423,0.02112676056338028,-0.5809859154929577,-0.017605633802816902,-0.8063380281690141,-0.10211267605633803,-0.9225352112676056,-0.20422535211267606,-1.0,0.15140845070422534,-0.528169014084507,0.18309859154929578,-0.7253521126760564,0.15492957746478872,-0.852112676056338,0.09154929577464789,-0.954225352112676
0,0.0,0.0,-0.1936619718309859,-0.0880281690140845,-0.3591549295774648,-0.23591549295774647,-0.5,-0.3485915492957746,-0.5880281690140845,-0.4753521126760563,-0.2007042253521127,-0.528169014084507,-0.3204225352112676,-0.6654929577464789,-0.4225352112676056,-0.6267605633802817,-0.49295774647887325,-0.5492957746478874,-0.09859154929577464,-0.5809859154929577,-0.19014084507042253,-0.7887323943661971,-0.3028169014084507,-0.8767605633802817,-0.4154929577464789,-0.9154929577464789,0.02112676056338028,-0.5774647887323944,-0.017605633802816902,-0.8098591549295775,-0.10211267605633803,-0.9225352112676056,-0.20422535211267606,-1.0,0.15140845070422534,-0.5211267605633803,0.18661971830985916,-0.7183098591549296,0.15845070422535212,-0.8485915492957746,0.09507042253521127,-0.954225352112676
0,0.0,0.0,-0.18861209964412812,-0.08896797153024912,-0.35587188612099646,-0.23843416370106763,-0.49466192170818507,-0.3487544483985765,-0.5871886120996441,-0.47686832740213525,-0.19572953736654805,-0.5231316725978647,-0.3202846975088968,-0.6654804270462633,-0.4234875444839858,-0.6263345195729537,-0.498220640569395,-0.5551601423487544,-0.09608540925266904,-0.5765124555160143,-0.18861209964412812,-0.7864768683274022,-0.30604982206405695,-0.8790035587188612,-0.4234875444839858,-0.9181494661921709,0.021352313167259787,-0.5765124555160143,-0.017793594306049824,-0.8113879003558719,-0.10320284697508897,-0.9252669039145908,-0.20640569395017794,-1.0,0.1494661921708185,-0.5231316725978647,0.18861209964412812,-0.7224199288256228,0.1601423487544484,-0.8505338078291815,0.09608540925266904,-0.9572953736654805
0,0.0,0.0,-0.19855595667870035,-0.08303249097472924,-0.36462093862815886,-0.22743682310469315,-0.5090252707581228,-0.33574007220216606,-0.5992779783393501,-0.4657039711191336,-0.20577617328519857,-0.5270758122743683,-0.34296028880866425,-0.6678700361010831,-0.44404332129963897,-0.628158844765343,-0.5126353790613718,-0.5487364620938628,-0.10830324909747292,-0.5812274368231047,-0.20577617328519857,-0.7942238267148014,-0.3212996389891697,-0.8808664259927798,-0.4404332129963899,-0.9205776173285198,0.01444043321299639,-0.5812274368231047,-0.032490974729241874,-0.8122743682310469,-0.11552346570397112,-0.927797833935018,-0.21660649819494585,-1.0,0.1444043321299639,-0.5342960288808665,0.17689530685920576,-0.7328519855595668,0.15162454873646208,-0.8628158844765343,0.09025270758122744,-0.9675090252707581
0,0.0,0.0,-0.19133574007220217,-0.08303249097472924,-0.36101083032490977,-0.22382671480144403,-0.5018050541516246,-0.33212996389891697,-0.5956678700361011,-0.4620938628158845,-0.20577617328519857,-0.5270758122743683,-0.35018050541516244,-0.6642599277978339,-0.4548736462093863,-0.6173285198555957,-0.51985559566787,-0.5379061371841155,-0.10469314079422383,-0.5848375451263538,-0.20938628158844766,-0.7906137184115524,-0.3285198555956679,-0.8772563176895307,-0.44765342960288806,-0.9097472924187726,0.01444043321299639,-0.5848375451263538,-0.036101083032490974,-0.8158844765342961,-0.1263537906137184,-0.9314079422382672,-0.23104693140794225,-1.0,0.1371841155234657,-0.5379061371841155,0.16606498194945848,-0.7364620938628159,0.1371841155234657,-0.8664259927797834,0.07581227436823104,-0.9675090252707581
0,0.0,0.0,-0.19636363636363635,-0.08,-0.3709090909090909,-0.21818181818181817,-0.5127272727272727,-0.32,-0.610909090909091,-0.44,-0.21818181818181817,-0.5163636363636364,-0.3709090909090909,-0.6472727272727272,-0.4763636363636364,-0.6,-0.5454545454545454,-0.52,-0.12363636363636364,-0.5781818181818181,-0.23272727272727273,-0.7818181818181819,-0.3563636363636364,-0.8690909090909091,-0.48,-0.9054545454545454,-0.0036363636363636364,-0.5818181818181818,-0.06181818181818182,-0.8145454545454546,-0.15272727272727274,-0.9272727272727272,-0.2581818181818182,-1.0,0.12363636363636364,-0.5381818181818182,0.14545454545454545,-0.7381818181818182,0.11636363636363636,-0.8690909090909091,0.05090909090909091,-0.9745454545454545
0,0.0,0.0,-0.1897810218978102,-0.10218978102189781,-0.33941605839416056,-0.24817518248175183,-0.45255474452554745,-0.34306569343065696,-0.5255474452554745,-0.4489051094890511,-0.17518248175182483,-0.5364963503649635,-0.31386861313868614,-0.6642335766423357,-0.41605839416058393,-0.6131386861313869,-0.4781021897810219,-0.5291970802919708,-0.09124087591240876,-0.5948905109489051,-0.1897810218978102,-0.791970802919708,-0.3102189781021898,-0.8722627737226277,-0.4306569343065693,-0.9197080291970803,0.021897810218978103,-0.6021897810218978,-0.0364963503649635,-0.8284671532846716,-0.1386861313868613,-0.9343065693430657,-0.2518248175182482,-1.0,0.14233576642335766,-0.5583941605839416,0.1678832116788321,-0.7664233576642335,0.12408759124087591,-0.8941605839416058,0.04744525547445255,-0.9927007299270073
0,0.0,0.0,-0.1970260223048327,-0.08550185873605948,-0.34572490706319703,-0.2379182156133829,-0.46096654275092935,-0.3345724907063197,-0.5241635687732342,-0.43866171003717475,-0.18587360594795538,-0.5315985130111525,-0.31226765799256506,-0.6431226765799256,-0.41263940520446096,-0.587360594795539,-0.483271375464684,-0.5092936802973977,-0.10037174721189591,-0.5910780669144982,-0.1970260223048327,-0.7881040892193308,-0.32342007434944237,-0.8661710037174721,-0.44981412639405205,-0.9033457249070632,0.007434944237918215,-0.5947955390334573,-0.03345724907063197,-0.8327137546468402,-0.137546468401487,-0.9368029739776952,-0.25650557620817843,-1.0,0.12267657992565056,-0.5539033457249071,0.15985130111524162,-0.7620817843866171,0.11895910780669144,-0.8884758364312267,0.040892193308550186,-0.9851301115241635
0,0.0,0.0,-0.18352059925093633,-0.0898876404494382,-0.3295880149812734,-0.23595505617977527,-0.4681647940074906,-0.3333333333333333,-0.5767790262172284,-0.4307116104868914,-0.18726591760299627,-0.5243445692883895,-0.31086142322097376,-0.6441947565543071,-0.4157303370786517,-0.6067415730337079,-0.4868913857677903,-0.5355805243445693,-0.10112359550561797,-0.5842696629213483,-0.20224719101123595,-0.7827715355805244,-0.32209737827715357,-0.8689138576779026,-0.4419475655430712,-0.9176029962546817,0.00749063670411985,-0.5955056179775281,-0.03745318352059925,-0.8239700374531835,-0.13857677902621723,-0.9325842696629213,-0.2546816479400749,-1.0,0.11610486891385768,-0.5580524344569289,0.149812734082397,-0.7715355805243446,0.10861423220973783,-0.9026217228464419,0.03745318352059925,-1.0
0,0.0,0.0,-0.18250950570342206,-0.07984790874524715,-0.33460076045627374,-0.21292775665399238,-0.4790874524714829,-0.3041825095057034,-0.596958174904943,-0.40304182509505704,-0.18631178707224336,-0.5209125475285171,-0.33840304182509506,-0.6311787072243346,-0.44106463878326996,-0.5551330798479087,-0.5019011406844106,-0.467680608365019,-0.10266159695817491,-0.5855513307984791,-0.21292775665399238,-0.779467680608365,-0.34220532319391633,-0.8555133079847909,-0.4714828897338403,-0.9011406844106464,0.0038022813688212928,-0.596958174904943,-0.049429657794676805,-0.8326996197718631,-0.1634980988593156,-0.9315589353612167,-0.2889733840304182,-0.9923954372623575,0.11406844106463879,-0.55893536121673,0.1444866920152091,-0.7756653992395437,0.09505703422053231,-0.9011406844106464,0.011406844106463879,-1.0
0,0.0,0.0,-0.1839080459770115,-0.07662835249042145,-0.3333333333333333,-0.21455938697318008,-0.47126436781609193,-0.31800766283524906,-0.578544061302682,-0.4329501915708812,-0.18773946360153257,-0.5172413793103449,-0.3371647509578544,-0.632183908045977,-0.4367816091954023,-0.5555555555555556,-0.4942528735632184,-0.46360153256704983,-0.09961685823754789,-0.5862068965517241,-0.21455938697318008,-0.7777777777777778,-0.3371647509578544,-0.8505747126436781,-0.4559386973180077,-0.89272030651341,0.007662835249042145,-0.6015325670498084,-0.0421455938697318,-0.8314176245210728,-0.1532567049808429,-0.9348659003831418,-0.27586206896551724,-1.0,0.12260536398467432,-0.5632183908045977,0.14942528735632185,-0.7739463601532567,0.10344827586206896,-0.9003831417624522,0.019157088122605363,-0.9961685823754789
0,0.0,0.0,-0.18702290076335878,-0.08778625954198473,-0.3435114503816794,-0.22519083969465647,-0.4847328244274809,-0.31679389312977096,-0.6030534351145038,-0.42366412213740456,-0.18702290076335878,-0.5229007633587787,-0.33969465648854963,-0.6145038167938931,-0.4580152671755725,-0.549618320610687,-0.5458015267175572,-0.46946564885496184,-0.11068702290076336,-0.5801526717557252,-0.24427480916030533,-0.767175572519084,-0.38549618320610685,-0.8320610687022901,-0.5152671755725191,-0.8778625954198473,-0.011450381679389313,-0.5877862595419847,-0.08396946564885496,-0.8282442748091603,-0.1984732824427481,-0.9312977099236641,-0.3244274809160305,-1.0,0.09541984732824428,-0.549618320610687,0.11068702290076336,-0.767175572519084,0.05725190839694656,-0.8854961832061069,-0.03816793893129771,-0.9694656488549618
0,0.0,0.0,-0.17938931297709923,-0.08396946564885496,-0.3320610687022901,-0.21755725190839695,-0.46946564885496184,-0.3053435114503817,-0.5801526717557252,-0.4083969465648855,-0.16793893129770993,-0.5305343511450382,-0.32061068702290074,-0.6374045801526718,-0.44274809160305345,-0.5725190839694656,-0.5267175572519084,-0.49236641221374045,-0.09541984732824428,-0.5801526717557252,-0.23282442748091603,-0.7709923664122137,-0.366412213740458,-0.8358778625954199,-0.4961832061068702,-0.8664122137404581,0.0,-0.5877862595419847,-0.07251908396946564,-0.8244274809160306,-0.1946564885496183,-0.9274809160305344,-0.32061068702290074,-1.0,0.10305343511450382,-0.5458015267175572,0.1183206106870229,-0.7519083969465649,0.0648854961832061,-0.8778625954198473,-0.030534351145038167,-0.9694656488549618
0,0.0,0.0,-0.18604651162790697,-0.07751937984496124,-0.3372093023255814,-0.20930232558139536,-0.4728682170542636,-0.3023255813953488,-0.5968992248062015,-0.4069767441860465,-0.18992248062015504,-0.5271317829457365,-0.34108527131782945,-0.6395348837209303,-0.45348837209302323,-0.562015503875969,-0.5310077519379846,-0.4728682170542636,-0.1124031007751938,-0.5813953488372093,-0.24806201550387597,-0.7751937984496124,-0.3875968992248062,-0.8372093023255814,-0.5232558139534884,-0.8682170542635659,-0.011627906976744186,-0.5891472868217055,-0.08527131782945736,-0.8333333333333334,-0.2131782945736434,-0.9341085271317829,-0.3488372093023256,-1.0,0.09689922480620156,-0.5465116279069767,0.11627906976744186,-0.7558139534883721,0.05813953488372093,-0.8798449612403101,-0.04263565891472868,-0.9728682170542635
0,0.0,0.0,-0.1891891891891892,-0.0888030888030888,-0.3474903474903475,-0.22007722007722008,-0.49034749034749037,-0.3088803088803089,-0.6138996138996139,-0.40540540540540543,-0.19305019305019305,-0.5212355212355212,-0.3590733590733591,-0.6254826254826255,-0.4671814671814672,-0.5444015444015444,-0.5366795366795367,-0.4517374517374517,-0.11969111969111969,-0.583011583011583,-0.2625482625482625,-0.7837837837837838,-0.4015444015444015,-0.8494208494208494,-0.5328185328185329,-0.8841698841698842,-0.019305019305019305,-0.5945945945945946,-0.10038610038610038,-0.833976833976834,-0.22393822393822393,-0.9382239382239382,-0.3590733590733591,-1.0,0.09266409266409266,-0.555984555984556,0.10424710424710425,-0.7644787644787645,0.04633204633204633,-0.888030888030888,-0.05405405405405406,-0.9768339768339769
0,0.0,0.0,-0.19140625,-0.078125,-0.35546875,-0.21875,-0.5078125,-0.3046875,-0.6328125,-0.3984375,-0.21484375,-0.51953125,-0.375,-0.63671875,-0.4765625,-0.56640625,-0.5390625,-0.4765625,-0.13671875,-0.58203125,-0.2734375,-0.7890625,-0.4140625,-0.85546875,-0.546875,-0.88671875,-0.03125,-0.59375,-0.1171875,-0.8359375,-0.2421875,-0.9375,-0.37890625,-1.0,0.08203125,-0.55859375,0.08984375,-0.76953125,0.03125,-0.890625,-0.0703125,-0.98046875
0,0.0,0.0,-0.19455252918287938,-0.08949416342412451,-0.35797665369649806,-0.22568093385214008,-0.5136186770428015,-0.30739299610894943,-0.642023346303502,-0.4046692607003891,-0.20233463035019456,-0.5330739299610895,-0.35797665369649806,-0.6498054474708171,-0.4669260700389105,-0.5914396887159533,-0.5369649805447471,-0.5058365758754864,-0.1245136186770428,-0.5875486381322957,-0.25680933852140075,-0.7898832684824902,-0.40077821011673154,-0.8599221789883269,-0.5369649805447471,-0.8988326848249028,-0.019455252918287938,-0.5992217898832685,-0.10116731517509728,-0.8365758754863813,-0.22568093385214008,-0.9416342412451362,-0.35797665369649806,-1.0,0.0933852140077821,-0.5603112840466926,0.10116731517509728,-0.77431906614786,0.038910505836575876,-0.8988326848249028,-0.0622568093385214,-0.9922178988326849
0,0.0,0.0,-0.19066147859922178,-0.07782101167315175,-0.3540856031128405,-0.22178988326848248,-0.5058365758754864,-0.30739299610894943,-0.6303501945525292,-0.40077821011673154,-0.20622568093385213,-0.5252918287937743,-0.35797665369649806,-0.6459143968871596,-0.4669260700389105,-0.5914396887159533,-0.5408560311284046,-0.5097276264591439,-0.13229571984435798,-0.5836575875486382,-0.25680933852140075,-0.7859922178988327,-0.3968871595330739,-0.8638132295719845,-0.5369649805447471,-0.9066147859922179,-0.023346303501945526,-0.5914396887159533,-0.10116731517509728,-0.8326848249027238,-0.22178988326848248,-0.933852140077821,-0.35019455252918286,-0.9961089494163424,0.0933852140077821,-0.5603112840466926,0.09727626459143969,-0.7782101167315175,0.03501945525291829,-0.9066147859922179,-0.0622568093385214,-1.0
0,0.0,0.0,-0.183206106870229,-0.08015267175572519,-0.3473282442748092,-0.22519083969465647,-0.4961832061068702,-0.30916030534351147,-0.6145038167938931,-0.40458015267175573,-0.20610687022900764,-0.5229007633587787,-0.3549618320610687,-0.6450381679389313,-0.4618320610687023,-0.5877862595419847,-0.5305343511450382,-0.5076335877862596,-0.12595419847328243,-0.583969465648855,-0.25572519083969464,-0.7786259541984732,-0.3931297709923664,-0.8549618320610687,-0.5229007633587787,-0.8969465648854962,-0.019083969465648856,-0.5916030534351145,-0.08778625954198473,-0.8320610687022901,-0.2099236641221374,-0.9351145038167938,-0.33587786259541985,-1.0,0.09923664122137404,-0.5534351145038168,0.10687022900763359,-0.767175572519084,0.04580152671755725,-0.8969465648854962,-0.04580152671755725,-0.9923664122137404
0,0.0,0.0,-0.19245283018867926,-0.07924528301886792,-0.3584905660377358,-0.22641509433962265,-0.5094339622641509,-0.3132075471698113,-0.6226415094339622,-0.4075471698113208,-0.20754716981132076,-0.5207547169811321,-0.3622641509433962,-0.6377358490566037,-0.4679245283018868,-0.5811320754716981,-0.5320754716981132,-0.5018867924528302,-0.12830188679245283,-0.5811320754716981,-0.2528301886792453,-0.7773584905660378,-0.3886792452830189,-0.8528301886792453,-0.5094339622641509,-0.8943396226415095,-0.018867924528301886,-0.5886792452830188,-0.09056603773584905,-0.8301886792452831,-0.20754716981132076,-0.9358490566037736,-0.3283018867924528,-1.0,0.09811320754716982,-0.5547169811320755,0.10943396226415095,-0.7660377358490567,0.04905660377358491,-0.8943396226415095,-0.04150943396226415,-0.9886792452830189
0,0.0,0.0,-0.18726591760299627,-0.08239700374531835,-0.35580524344569286,-0.2209737827715356,-0.4943820224719101,-0.31086142322097376,-0.5880149812734082,-0.41947565543071164,-0.20599250936329588,-0.5205992509363296,-0.35580524344569286,-0.6367041198501873,-0.46441947565543074,-0.5842696629213483,-0.5280898876404494,-0.50187265917603,-0.12359550561797752,-0.5805243445692884,-0.24719101123595505,-0.7790262172284644,-0.3782771535580524,-0.8576779026217228,-0.50187265917603,-0.898876404494382,-0.0149812734082397,-0.5880149812734082,-0.08239700374531835,-0.8239700374531835,-0.1947565543071161,-0.9325842696629213,-0.3146067415730337,-1.0,0.10486891385767791,-0.5468164794007491,0.11610486891385768,-0.7602996254681648,0.06367041198501873,-0.8876404494382022,-0.02247191011235955,-0.9887640449438202
0,0.0,0.0,-0.1865671641791045,-0.08208955223880597,-0.35447761194029853,-0.22388059701492538,-0.4925373134328358,-0.31343283582089554,-0.582089552238806,-0.4253731343283582,-0.208955223880597,-0.5186567164179104,-0.3582089552238806,-0.6380597014925373,-0.4664179104477612,-0.585820895522388,-0.5298507462686567,-0.503731343283582,-0.12313432835820895,-0.5783582089552238,-0.23880597014925373,-0.7798507462686567,-0.373134328358209,-0.8656716417910447,-0.4962686567164179,-0.9067164179104478,-0.011194029850746268,-0.585820895522388,-0.07835820895522388,-0.8171641791044776,-0.19029850746268656,-0.9291044776119403,-0.30970149253731344,-1.0,0.10820895522388059,-0.5485074626865671,0.12313432835820895,-0.7574626865671642,0.0708955223880597,-0.8917910447761194,-0.011194029850746268,-0.9925373134328358
0,0.0,0.0,-0.1925925925925926,-0.07777777777777778,-0.3592592592592593,-0.21851851851851853,-0.4962962962962963,-0.3111111111111111,-0.5777777777777777,-0.4222222222222222,-0.21851851851851853,-0.5148148148148148,-0.3592592592592593,-0.6370370370370371,-0.4666666666666667,-0.5888888888888889,-0.5333333333333333,-0.5037037037037037,-0.12962962962962962,-0.5740740740740741,-0.24074074074074073,-0.774074074074074,-0.36666666666666664,-0.8592592592592593,-0.4888888888888889,-0.9,-0.014814814814814815,-0.5851851851851851,-0.08518518518518518,-0.8148148148148148,-0.18888888888888888,-0.9259259259259259,-0.3037037037037037,-1.0,0.10740740740740741,-0.5444444444444444,0.11851851851851852,-0.7518518518518519,0.07407407407407407,-0.8851851851851852,0.0,-0.9851851851851852
0,0.0,0.0,-0.1881918819188192,-0.07749077490774908,-0.35793357933579334,-0.2177121771217712,-0.4907749077490775,-0.30996309963099633,-0.5756457564575646,-0.42066420664206644,-0.2177121771217712,-0.5166051660516605,-0.35424354243542433,-0.6420664206642066,-0.4575645756457565,-0.5904059040590406,-0.5276752767527675,-0.5092250922509225,-0.12546125461254612,-0.5756457564575646,-0.23616236162361623,-0.7749077490774908,-0.36531365313653136,-0.8597785977859779,-0.4870848708487085,-0.9003690036900369,-0.007380073800738007,-0.5830258302583026,-0.07380073800738007,-0.8118081180811808,-0.18081180811808117,-0.922509225092251,-0.2915129151291513,-1.0,0.11808118081180811,-0.5387453874538746,0.12915129151291513,-0.7527675276752768,0.08856088560885608,-0.8856088560885609,0.01845018450184502,-0.988929889298893
0,0.0,0.0,-0.1881918819188192,-0.08118081180811808,-0.35793357933579334,-0.2177121771217712,-0.4907749077490775,-0.30996309963099633,-0.5756457564575646,-0.42435424354243545,-0.21033210332103322,-0.5129151291512916,-0.34686346863468637,-0.6383763837638377,-0.4575645756457565,-0.5904059040590406,-0.5276752767527675,-0.5092250922509225,-0.12177121771217712,-0.5756457564575646,-0.22509225092250923,-0.7785977859778598,-0.35424354243542433,-0.8597785977859779,-0.47601476014760147,-0.9077490774907749,-0.0036900369003690036,-0.5830258302583026,-0.06273062730627306,-0.8118081180811808,-0.16236162361623616,-0.9261992619926199,-0.2693726937269373,-1.0,0.12177121771217712,-0.5424354243542435,0.14022140221402213,-0.7527675276752768,0.1033210332103321,-0.8856088560885609,0.03690036900369004,-0.992619926199262
0,0.0,0.0,-0.1890909090909091,-0.07272727272727272,-0.3563636363636364,-0.20363636363636364,-0.4909090909090909,-0.29818181818181816,-0.5709090909090909,-0.41818181818181815,-0.20727272727272728,-0.5054545454545455,-0.34545454545454546,-0.6290909090909091,-0.45454545454545453,-0.5818181818181818,-0.5236363636363637,-0.5018181818181818,-0.11272727272727273,-0.5672727272727273,-0.21818181818181817,-0.7672727272727272,-0.34545454545454546,-0.850909090909091,-0.46545454545454545,-0.9018181818181819,0.0036363636363636364,-0.5745454545454546,-0.06181818181818182,-0.8036363636363636,-0.16,-0.92,-0.26181818181818184,-1.0,0.12727272727272726,-0.5345454545454545,0.14545454545454545,-0.7418181818181818,0.11636363636363636,-0.8727272727272727,0.06181818181818182,-0.9818181818181818
0,0.0,0.0,-0.1935483870967742,-0.07168458781362007,-0.35842293906810035,-0.2007168458781362,-0.4946236559139785,-0.2939068100358423,-0.5734767025089605,-0.4157706093189964,-0.2114695340501792,-0.4946236559139785,-0.34408602150537637,-0.6236559139784946,-0.45161290322580644,-0.5770609318996416,-0.5197132616487455,-0.4982078853046595,-0.11469534050179211,-0.5591397849462365,-0.2114695340501792,-0.7634408602150538,-0.3333333333333333,-0.8530465949820788,-0.44802867383512546,-0.910394265232975,0.0,-0.5663082437275986,-0.05017921146953405,-0.7921146953405018,-0.13620071684587814,-0.910394265232975,-0.23297491039426524,-1.0,0.12186379928315412,-0.5197132616487455,0.15053763440860216,-0.7240143369175627,0.12544802867383512,-0.8566308243727598,0.07885304659498207,-0.9713261648745519
0,0.0,0.0,-0.1853146853146853,-0.07342657342657342,-0.34615384615384615,-0.1993006993006993,-0.479020979020979,-0.2902097902097902,-0.5559440559440559,-0.40559440559440557,-0.1958041958041958,-0.4825174825174825,-0.32167832167832167,-0.6048951048951049,-0.4230769230769231,-0.5699300699300699,-0.493006993006993,-0.4965034965034965,-0.1048951048951049,-0.541958041958042,-0.19230769230769232,-0.7447552447552448,-0.3041958041958042,-0.8426573426573427,-0.4090909090909091,-0.9055944055944056,0.01048951048951049,-0.548951048951049,-0.038461538461538464,-0.7727272727272727,-0.11538461538461539,-0.8986013986013986,-0.20279720279720279,-1.0,0.1258741258741259,-0.5034965034965035,0.15734265734265734,-0.7027972027972028,0.14335664335664336,-0.8356643356643356,0.11188811188811189,-0.9545454545454546
0,0.0,0.0,-0.16451612903225807,-0.06451612903225806,-0.3032258064516129,-0.18387096774193548,-0.4258064516129032,-0.2709677419354839,-0.5032258064516129,-0.3774193548387097,-0.16774193548387098,-0.44193548387096776,-0.2870967741935484,-0.5516129032258065,-0.3870967741935484,-0.5161290322580645,-0.45161290322580644,-0.45483870967741935,-0.08387096774193549,-0.4967741935483871,-0.18387096774193548,-0.6935483870967742,-0.27419354838709675,-0.8096774193548387,-0.3580645161290323,-0.9193548387096774,0.025806451612903226,-0.5,-0.0032258064516129032,-0.7290322580645161,-0.04516129032258064,-0.8709677419354839,-0.09032258064516129,-1.0,0.13548387096774195,-0.45161290322580644,0.1774193548387097,-0.6419354838709678,0.1967741935483871,-0.7709677419354839,0.2,-0.8935483870967742
0,0.0,0.0,-0.16025641025641027,-0.0673076923076923,-0.30128205128205127,-0.18269230769230768,-0.42628205128205127,-0.27564102564102566,-0.5032051282051282,-0.38461538461538464,-0.16666666666666666,-0.4423076923076923,-0.28846153846153844,-0.5480769230769231,-0.3942307692307692,-0.5128205128205128,-0.4583333333333333,-0.4519230769230769,-0.08333333333333333,-0.5,-0.1794871794871795,-0.6923076923076923,-0.27564102564102566,-0.8076923076923077,-0.36217948717948717,-0.9102564102564102,0.022435897435897436,-0.5,0.003205128205128205,-0.7307692307692307,-0.035256410256410256,-0.8717948717948718,-0.08012820512820513,-1.0,0.125,-0.44871794871794873,0.1762820512820513,-0.6282051282051282,0.1987179487179487,-0.7596153846153846,0.20833333333333334,-0.8846153846153846
0,0.0,0.0,-0.16346153846153846,-0.0673076923076923,-0.3076923076923077,-0.18269230769230768,-0.4326923076923077,-0.27564102564102566,-0.5096153846153846,-0.38782051282051283,-0.17307692307692307,-0.4391025641025641,-0.2916666666666667,-0.5448717948717948,-0.3974358974358974,-0.5128205128205128,-0.46153846153846156,-0.4583333333333333,-0.08974358974358974,-0.4967948717948718,-0.18269230769230768,-0.6891025641025641,-0.27884615384615385,-0.8076923076923077,-0.358974358974359,-0.9134615384615384,0.016025641025641024,-0.5,0.0,-0.7275641025641025,-0.035256410256410256,-0.8685897435897436,-0.07692307692307693,-1.0,0.11858974358974358,-0.44871794871794873,0.16987179487179488,-0.6282051282051282,0.19230769230769232,-0.7564102564102564,0.20512820512820512,-0.8846153846153846
0,0.0,0.0,-0.1597444089456869,-0.07028753993610223,-0.2971246006389776,-0.19169329073482427,-0.4249201277955272,-0.28434504792332266,-0.5047923322683706,-0.3929712460063898,-0.16293929712460065,-0.4440894568690096,-0.28434504792332266,-0.549520766773163,-0.3865814696485623,-0.5207667731629393,-0.4504792332268371,-0.46325878594249204,-0.08306709265175719,-0.5015974440894568,-0.17252396166134185,-0.6932907348242812,-0.26517571884984026,-0.8115015974440895,-0.3450479233226837,-0.9201277955271565,0.022364217252396165,-0.5015974440894568,0.009584664536741214,-0.7252396166134185,-0.025559105431309903,-0.8690095846645367,-0.0670926517571885,-1.0,0.12460063897763578,-0.4504792332268371,0.17252396166134185,-0.6325878594249201,0.19488817891373802,-0.7603833865814696,0.20766773162939298,-0.8849840255591054
0,0.0,0.0,-0.1624203821656051,-0.06687898089171974,-0.3057324840764331,-0.18152866242038215,-0.43312101910828027,-0.2770700636942675,-0.5095541401273885,-0.3885350318471338,-0.16878980891719744,-0.4394904458598726,-0.2898089171974522,-0.5445859872611465,-0.39490445859872614,-0.5159235668789809,-0.4585987261146497,-0.4585987261146497,-0.08598726114649681,-0.4968152866242038,-0.1751592356687898,-0.6910828025477707,-0.267515923566879,-0.8057324840764332,-0.3471337579617834,-0.9140127388535032,0.01910828025477707,-0.5,0.0031847133757961785,-0.7261146496815286,-0.03184713375796178,-0.8694267515923567,-0.07643312101910828,-1.0,0.1178343949044586,-0.445859872611465,0.16878980891719744,-0.6242038216560509,0.1942675159235669,-0.7547770700636943,0.2070063694267516,-0.8821656050955414
0,0.0,0.0,-0.1592356687898089,-0.07006369426751592,-0.29936305732484075,-0.18789808917197454,-0.42356687898089174,-0.28343949044585987,-0.4968152866242038,-0.39490445859872614,-0.1592356687898089,-0.4426751592356688,-0.27388535031847133,-0.5509554140127388,-0.37898089171974525,-0.5222929936305732,-0.4426751592356688,-0.4681528662420382,-0.07643312101910828,-0.4968152866242038,-0.1592356687898089,-0.6942675159235668,-0.2515923566878981,-0.8121019108280255,-0.3343949044585987,-0.9171974522292994,0.028662420382165606,-0.5,0.01592356687898089,-0.7261146496815286,-0.01910828025477707,-0.8694267515923567,-0.06369426751592357,-1.0,0.12738853503184713,-0.44904458598726116,0.1751592356687898,-0.6305732484076433,0.19745222929936307,-0.7579617834394905,0.2070063694267516,-0.8821656050955414
0,0.0,0.0,-0.16025641025641027,-0.0673076923076923,-0.2980769230769231,-0.1858974358974359,-0.42628205128205127,-0.28205128205128205,-0.5096153846153846,-0.391025641025641,-0.16346153846153846,-0.4391025641025641,-0.28205128205128205,-0.5448717948717948,-0.38782051282051283,-0.5192307692307693,-0.4551282051282051,-0.46474358974358976,-0.08012820512820513,-0.4935897435897436,-0.16666666666666666,-0.6891025641025641,-0.25961538461538464,-0.8076923076923077,-0.34615384615384615,-0.9102564102564102,0.022435897435897436,-0.4967948717948718,0.01282051282051282,-0.7243589743589743,-0.022435897435897436,-0.8685897435897436,-0.0641025641025641,-1.0,0.11858974358974358,-0.44551282051282054,0.16987179487179488,-0.625,0.1955128205128205,-0.7564102564102564,0.20833333333333334,-0.8846153846153846
0,0.0,0.0,-0.16025641025641027,-0.0673076923076923,-0.30128205128205127,-0.1858974358974359,-0.4230769230769231,-0.28205128205128205,-0.5,-0.3942307692307692,-0.16025641025641027,-0.4423076923076923,-0.27884615384615385,-0.5512820512820513,-0.38461538461538464,-0.5224358974358975,-0.44871794871794873,-0.46474358974358976,-0.07692307692307693,-0.4967948717948718,-0.16025641025641027,-0.6891025641025641,-0.2532051282051282,-0.8044871794871795,-0.33974358974358976,-0.907051282051282,0.028846153846153848,-0.5,0.019230769230769232,-0.7211538461538461,-0.019230769230769232,-0.8653846153846154,-0.060897435897435896,-1.0,0.1282051282051282,-0.44871794871794873,0.17307692307692307,-0.6314102564102564,0.1955128205128205,-0.7596153846153846,0.20512820512820512,-0.8846153846153846
0,0.0,0.0,-0.1639871382636656,-0.06752411575562701,-0.3054662379421222,-0.1832797427652733,-0.4340836012861736,-0.2797427652733119,-0.5048231511254019,-0.3954983922829582,-0.1639871382636656,-0.4437299035369775,-0.2797427652733119,-0.5530546623794212,-0.3890675241157556,-0.5241157556270096,-0.4533762057877814,-0.4662379421221865,-0.08038585209003216,-0.5016077170418006,-0.1639871382636656,-0.6945337620578779,-0.2572347266881029,-0.8070739549839229,-0.34726688102893893,-0.9067524115755627,0.022508038585209004,-0.5016077170418006,0.012861736334405145,-0.7266881028938906,-0.02572347266881029,-0.8713826366559485,-0.0707395498392283,-1.0,0.12218649517684887,-0.45016077170418006,0.17041800643086816,-0.6302250803858521,0.19292604501607716,-0.7620578778135049,0.20257234726688103,-0.887459807073955
0,0.0,0.0,-0.16025641025641027,-0.07051282051282051,-0.2980769230769231,-0.19230769230769232,-0.4198717948717949,-0.28525641025641024,-0.5,-0.3942307692307692,-0.15705128205128205,-0.4423076923076923,-0.27564102564102566,-0.5512820512820513,-0.3814102564102564,-0.5256410256410257,-0.44551282051282054,-0.46794871794871795,-0.07371794871794872,-0.4967948717948718,-0.15705128205128205,-0.6923076923076923,-0.2564102564102564,-0.8012820512820513,-0.34615384615384615,-0.8974358974358975,0.028846153846153848,-0.5,0.01282051282051282,-0.7243589743589743,-0.028846153846153848,-0.8685897435897436,-0.07371794871794872,-1.0,0.125,-0.44871794871794873,0.16987179487179488,-0.6282051282051282,0.1891025641025641,-0.7564102564102564,0.1955128205128205,-0.8814102564102564
0,0.0,0.0,-0.15705128205128205,-0.07051282051282051,-0.2948717948717949,-0.19230769230769232,-0.4198717948717949,-0.28846153846153844,-0.5,-0.40064102564102566,-0.16025641025641027,-0.44551282051282054,-0.2724358974358974,-0.5576923076923077,-0.3814102564102564,-0.5288461538461539,-0.44551282051282054,-0.47435897435897434,-0.07692307692307693,-0.5032051282051282,-0.16025641025641027,-0.6955128205128205,-0.25961538461538464,-0.8044871794871795,-0.3525641025641026,-0.8974358974358975,0.022435897435897436,-0.5032051282051282,0.009615384615384616,-0.7307692307692307,-0.028846153846153848,-0.8717948717948718,-0.07692307692307693,-1.0,0.12179487179487179,-0.4519230769230769,0.16666666666666666,-0.6314102564102564,0.1891025641025641,-0.7660256410256411,0.1987179487179487,-0.8910256410256411
0,0.0,0.0,-0.16293929712460065,-0.07028753993610223,-0.3035143769968051,-0.18849840255591055,-0.4281150159744409,-0.28434504792332266,-0.5015974440894568,-0.3993610223642173,-0.16293929712460065,-0.4472843450479233,-0.2747603833865815,-0.5591054313099042,-0.38338658146964855,-0.5335463258785943,-0.4504792332268371,-0.476038338658147,-0.08306709265175719,-0.5047923322683706,-0.16293929712460065,-0.6964856230031949,-0.26198083067092653,-0.805111821086262,-0.3546325878594249,-0.8945686900958466,0.019169329073482427,-0.5047923322683706,0.006389776357827476,-0.731629392971246,-0.03514376996805112,-0.8722044728434505,-0.07987220447284345,-1.0,0.1182108626198083,-0.45686900958466453,0.16293929712460065,-0.6389776357827476,0.1853035143769968,-0.7699680511182109,0.19488817891373802,-0.8945686900958466
0,0.0,0.0,-0.1592356687898089,-0.07006369426751592,-0.30254777070063693,-0.18789808917197454,-0.4267515923566879,-0.2802547770700637,-0.5031847133757962,-0.39171974522292996,-0.16560509554140126,-0.4426751592356688,-0.2770700636942675,-0.554140127388535,-0.3821656050955414,-0.5222929936305732,-0.445859872611465,-0.46496815286624205,-0.08280254777070063,-0.4968152866242038,-0.16878980891719744,-0.6910828025477707,-0.2643312101910828,-0.7993630573248408,-0.3535031847133758,-0.8949044585987261,0.01910828025477707,-0.4968152866242038,0.006369426751592357,-0.7261146496815286,-0.03503184713375796,-0.8694267515923567,-0.07961783439490445,-1.0,0.1178343949044586,-0.445859872611465,0.16560509554140126,-0.6242038216560509,0.18471337579617833,-0.7547770700636943,0.1942675159235669,-0.8789808917197452
0,0.0,0.0,-0.1619047619047619,-0.06349206349206349,-0.3047619047619048,-0.17777777777777778,-0.42857142857142855,-0.2698412698412698,-0.5015873015873016,-0.37777777777777777,-0.16825396825396827,-0.4380952380952381,-0.28888888888888886,-0.5396825396825397,-0.39365079365079364,-0.5079365079365079,-0.45396825396825397,-0.44761904761904764,-0.08888888888888889,-0.49523809523809526,-0.17777777777777778,-0.6888888888888889,-0.2634920634920635,-0.8095238095238095,-0.3396825396825397,-0.9206349206349206,0.015873015873015872,-0.49523809523809526,0.0,-0.7206349206349206,-0.031746031746031744,-0.8634920634920635,-0.06349206349206349,-1.0,0.11746031746031746,-0.4444444444444444,0.16507936507936508,-0.6253968253968254,0.19047619047619047,-0.7523809523809524,0.20317460317460317,-0.8761904761904762
0,0.0,0.0,-0.1640378548895899,-0.06309148264984227,-0.3028391167192429,-0.17665615141955837,-0.42586750788643535,-0.26813880126182965,-0.5047318611987381,-0.3722397476340694,-0.17350157728706625,-0.4384858044164038,-0.2902208201892745,-0.5362776025236593,-0.3943217665615142,-0.501577287066246,-0.45110410094637227,-0.4416403785488959,-0.0914826498422713,-0.4952681388012618,-0.17981072555205047,-0.694006309148265,-0.2555205047318612,-0.8201892744479495,-0.3186119873817035,-0.9400630914826499,0.012618296529968454,-0.4952681388012618,-0.0031545741324921135,-0.722397476340694,-0.028391167192429023,-0.8643533123028391,-0.05362776025236593,-1.0,0.1167192429022082,-0.4416403785488959,0.1608832807570978,-0.6214511041009464,0.1861198738170347,-0.7444794952681388,0.20189274447949526,-0.8675078864353313
0,0.0,0.0,-0.16772151898734178,-0.06329113924050633,-0.3069620253164557,-0.18037974683544303,-0.43037974683544306,-0.2721518987341772,-0.5063291139240507,-0.379746835443038,-0.18037974683544303,-0.4462025316455696,-0.29430379746835444,-0.5411392405063291,-0.3987341772151899,-0.509493670886076,-0.45569620253164556,-0.4525316455696203,-0.0981012658227848,-0.5031645569620253,-0.17721518987341772,-0.7056962025316456,-0.2468354430379747,-0.8354430379746836,-0.30063291139240506,-0.9556962025316456,0.00949367088607595,-0.5,-0.012658227848101266,-0.7215189873417721,-0.03481012658227848,-0.8670886075949367,-0.060126582278481014,-1.0,0.11708860759493671,-0.44936708860759494,0.16455696202531644,-0.6234177215189873,0.189873417721519,-0.7468354430379747,0.2088607594936709,-0.8670886075949367
0,0.0,0.0,-0.167192429022082,-0.06624605678233439,-0.305993690851735,-0.17981072555205047,-0.42902208201892744,-0.26813880126182965,-0.5047318611987381,-0.3753943217665615,-0.17665615141955837,-0.4416403785488959,-0.29337539432176657,-0.5425867507886435,-0.39747634069400634,-0.5078864353312302,-0.45741324921135645,-0.45110410094637227,-0.09779179810725552,-0.4952681388012618,-0.17981072555205047,-0.7003154574132492,-0.25236593059936907,-0.8264984227129337,-0.305993690851735,-0.9495268138801262,0.012618296529968454,-0.4921135646687697,-0.00946372239747634,-0.7192429022082019,-0.03470031545741325,-0.861198738170347,-0.05993690851735016,-1.0,0.11987381703470032,-0.4384858044164038,0.17350157728706625,-0.6151419558359621,0.20504731861198738,-0.7381703470031545,0.22712933753943218,-0.8548895899053628
0,0.0,0.0,-0.16455696202531644,-0.06962025316455696,-0.3037974683544304,-0.18670886075949367,-0.4240506329113924,-0.28164556962025317,-0.5031645569620253,-0.3860759493670886,-0.17405063291139242,-0.44936708860759494,-0.2879746835443038,-0.5506329113924051,-0.3924050632911392,-0.5189873417721519,-0.4525316455696203,-0.4620253164556962,-0.09177215189873418,-0.5031645569620253,-0.18037974683544303,-0.7056962025316456,-0.25316455696202533,-0.8322784810126582,-0.31329113924050633,-0.9525316455696202,0.015822784810126583,-0.5031645569620253,-0.0031645569620253164,-0.7278481012658228,-0.03164556962025317,-0.8670886075949367,-0.06329113924050633,-1.0,0.12658227848101267,-0.44936708860759494,0.18037974683544303,-0.6234177215189873,0.21518987341772153,-0.7436708860759493,0.23417721518987342,-0.8607594936708861
0,0.0,0.0,-0.17252396166134185,-0.0670926517571885,-0.31309904153354634,-0.18210862619808307,-0.43450479233226835,-0.2779552715654952,-0.5143769968051118,-0.38338658146964855,-0.18210862619808307,-0.4536741214057508,-0.2971246006389776,-0.5559105431309904,-0.4057507987220447,-0.5239616613418531,-0.46325878594249204,-0.46325878594249204,-0.09904153354632587,-0.5111821086261981,-0.18210862619808307,-0.7156549520766773,-0.25878594249201275,-0.8434504792332268,-0.31629392971246006,-0.9648562300319489,0.012779552715654952,-0.5079872204472844,-0.012779552715654952,-0.731629392971246,-0.04792332268370607,-0.8722044728434505,-0.08306709265175719,-1.0,0.12779552715654952,-0.4536741214057508,0.1853035143769968,-0.6230031948881789,0.21725239616613418,-0.7476038338658147,0.24281150159744408,-0.8626198083067093
0,0.0,0.0,-0.16720257234726688,-0.0707395498392283,-0.3054662379421222,-0.18971061093247588,-0.42765273311897106,-0.2861736334405145,-0.5080385852090032,-0.39228295819935693,-0.18006430868167203,-0.4533762057877814,-0.29260450160771706,-0.5594855305466238,-0.3954983922829582,-0.5273311897106109,-0.45016077170418006,-0.4662379421221865,-0.09646302250803858,-0.5112540192926045,-0.1832797427652733,-0.7202572347266881,-0.2540192926045016,-0.8488745980707395,-0.31189710610932475,-0.9646302250803859,0.01607717041800643,-0.5112540192926045,-0.00964630225080386,-0.7363344051446945,-0.04180064308681672,-0.8745980707395499,-0.07717041800643087,-1.0,0.13183279742765272,-0.4565916398713826,0.19292604501607716,-0.6302250803858521,0.2282958199356913,-0.7491961414790996,0.2540192926045016,-0.864951768488746
0,0.0,0.0,-0.16293929712460065,-0.07028753993610223,-0.2971246006389776,-0.19488817891373802,-0.4217252396166134,-0.28753993610223644,-0.5015974440894568,-0.38977635782747605,-0.16613418530351437,-0.4536741214057508,-0.28434504792332266,-0.5591054313099042,-0.38977635782747605,-0.5207667731629393,-0.4472843450479233,-0.46006389776357826,-0.08306709265175719,-0.5111821086261981,-0.16932907348242812,-0.7156549520766773,-0.23961661341853036,-0.8434504792332268,-0.2971246006389776,-0.9648562300319489,0.025559105431309903,-0.5079872204472844,0.003194888178913738,-0.731629392971246,-0.025559105431309903,-0.8722044728434505,-0.05750798722044728,-1.0,0.13738019169329074,-0.4536741214057508,0.2012779552715655,-0.6261980830670927,0.2364217252396166,-0.7476038338658147,0.26517571884984026,-0.8626198083067093
0,0.0,0.0,-0.16507936507936508,-0.06984126984126984,-0.29523809523809524,-0.1873015873015873,-0.4158730158730159,-0.28253968253968254,-0.48253968253968255,-0.39365079365079364,-0.16507936507936508,-0.44761904761904764,-0.2761904761904762,-0.5523809523809524,-0.38095238095238093,-0.5206349206349207,-0.43492063492063493,-0.4603174603174603,-0.07936507936507936,-0.5047619047619047,-0.15873015873015872,-0.7111111111111111,-0.22857142857142856,-0.8412698412698413,-0.27936507936507937,-0.9619047619047619,0.02857142857142857,-0.5047619047619047,0.015873015873015872,-0.7301587301587301,-0.006349206349206349,-0.8698412698412699,-0.031746031746031744,-1.0,0.13968253968253969,-0.4507936507936508,0.20317460317460317,-0.6222222222222222,0.24126984126984127,-0.7396825396825397,0.26666666666666666,-0.8571428571428571
0,0.0,0.0,-0.16139240506329114,-0.06962025316455696,-0.2974683544303797,-0.189873417721519,-0.41455696202531644,-0.2848101265822785,-0.4873417721518987,-0.3924050632911392,-0.16455696202531644,-0.4525316455696203,-0.2721518987341772,-0.560126582278481,-0.379746835443038,-0.5284810126582279,-0.43670886075949367,-0.46835443037974683,-0.08227848101265822,-0.5063291139240507,-0.1550632911392405,-0.7120253164556962,-0.21835443037974683,-0.8417721518987342,-0.2689873417721519,-0.9651898734177216,0.02531645569620253,-0.5031645569620253,0.015822784810126583,-0.7246835443037974,0.0,-0.8670886075949367,-0.022151898734177215,-1.0,0.1360759493670886,-0.4462025316455696,0.19936708860759494,-0.6139240506329114,0.23734177215189872,-0.7341772151898734,0.2626582278481013,-0.8512658227848101
0,0.0,0.0,-0.16455696202531644,-0.06962025316455696,-0.30063291139240506,-0.18670886075949367,-0.4177215189873418,-0.2848101265822785,-0.4873417721518987,-0.3924050632911392,-0.17088607594936708,-0.4462025316455696,-0.27848101265822783,-0.5537974683544303,-0.3829113924050633,-0.5253164556962026,-0.439873417721519,-0.46835443037974683,-0.08544303797468354,-0.5031645569620253,-0.1550632911392405,-0.7088607594936709,-0.21518987341772153,-0.8417721518987342,-0.2626582278481013,-0.9651898734177216,0.02531645569620253,-0.5,0.0189873417721519,-0.7215189873417721,0.0031645569620253164,-0.8670886075949367,-0.012658227848101266,-1.0,0.13291139240506328,-0.4430379746835443,0.1962025316455696,-0.6107594936708861,0.23417721518987342,-0.7310126582278481,0.2626582278481013,-0.8481012658227848
0,0.0,0.0,-0.15723270440251572,-0.06918238993710692,-0.2861635220125786,-0.1918238993710692,-0.4056603773584906,-0.2861635220125786,-0.4811320754716981,-0.39622641509433965,-0.15723270440251572,-0.44654088050314467,-0.2641509433962264,-0.5534591194968553,-0.3710691823899371,-0.5283018867924528,-0.4276729559748428,-0.4716981132075472,-0.07232704402515723,-0.5,-0.14150943396226415,-0.7075471698113207,-0.19811320754716982,-0.839622641509434,-0.24213836477987422,-0.9591194968553459,0.03459119496855346,-0.4968553459119497,0.031446540880503145,-0.720125786163522,0.0220125786163522,-0.8679245283018868,0.006289308176100629,-1.0,0.14150943396226415,-0.4371069182389937,0.20440251572327045,-0.610062893081761,0.24528301886792453,-0.7295597484276729,0.27672955974842767,-0.8427672955974843
0,0.0,0.0,-0.16352201257861634,-0.06918238993710692,-0.29559748427672955,-0.18867924528301888,-0.4119496855345912,-0.2893081761006289,-0.48742138364779874,-0.39937106918238996,-0.16666666666666666,-0.44654088050314467,-0.27672955974842767,-0.5566037735849056,-0.3805031446540881,-0.5314465408805031,-0.44025157232704404,-0.4748427672955975,-0.08176100628930817,-0.5,-0.1540880503144654,-0.7075471698113207,-0.21069182389937108,-0.8427672955974843,-0.2578616352201258,-0.9654088050314465,0.025157232704402517,-0.4968553459119497,0.0220125786163522,-0.7232704402515723,0.012578616352201259,-0.8647798742138365,-0.0031446540880503146,-1.0,0.1320754716981132,-0.44339622641509435,0.1949685534591195,-0.6132075471698113,0.23270440251572327,-0.7327044025157232,0.2641509433962264,-0.8490566037735849
0,0.0,0.0,-0.16352201257861634,-0.06918238993710692,-0.29559748427672955,-0.18867924528301888,-0.4119496855345912,-0.2861635220125786,-0.48742138364779874,-0.39622641509433965,-0.16666666666666666,-0.44654088050314467,-0.2672955974842767,-0.5566037735849056,-0.3710691823899371,-0.5345911949685535,-0.4276729559748428,-0.4779874213836478,-0.07861635220125786,-0.5,-0.14465408805031446,-0.7075471698113207,-0.20754716981132076,-0.8364779874213837,-0.2578616352201258,-0.9559748427672956,0.02830188679245283,-0.4937106918238994,0.02830188679245283,-0.720125786163522,0.015723270440251572,-0.8647798742138365,0.0,-1.0,0.1320754716981132,-0.4371069182389937,0.1918238993710692,-0.610062893081761,0.22955974842767296,-0.7327044025157232,0.2578616352201258,-0.8490566037735849
0,0.0,0.0,-0.16352201257861634,-0.07232704402515723,-0.29245283018867924,-0.1949685534591195,-0.4088050314465409,-0.29245283018867924,-0.4811320754716981,-0.4025157232704403,-0.16037735849056603,-0.449685534591195,-0.2672955974842767,-0.559748427672956,-0.3710691823899371,-0.5314465408805031,-0.4276729559748428,-0.4748427672955975,-0.07547169811320754,-0.5031446540880503,-0.14150943396226415,-0.7044025157232704,-0.20440251572327045,-0.8333333333333334,-0.2578616352201258,-0.9465408805031447,0.031446540880503145,-0.5,0.031446540880503145,-0.7232704402515723,0.018867924528301886,-0.8679245283018868,0.0,-1.0,0.13522012578616352,-0.44339622641509435,0.1949685534591195,-0.6163522012578616,0.22955974842767296,-0.7389937106918238,0.25471698113207547,-0.8553459119496856
0,0.0,0.0,-0.15873015873015872,-0.0761904761904762,-0.2920634920634921,-0.19682539682539682,-0.4095238095238095,-0.29523809523809524,-0.4857142857142857,-0.4031746031746032,-0.15873015873015872,-0.4507936507936508,-0.2698412698412698,-0.5650793650793651,-0.3746031746031746,-0.5333333333333333,-0.43492063492063493,-0.47619047619047616,-0.07301587301587302,-0.5047619047619047,-0.13968253968253969,-0.707936507936508,-0.2126984126984127,-0.8317460317460318,-0.2761904761904762,-0.946031746031746,0.03492063492063492,-0.5015873015873016,0.031746031746031744,-0.7238095238095238,0.009523809523809525,-0.8666666666666667,-0.01904761904761905,-1.0,0.1365079365079365,-0.44761904761904764,0.19682539682539682,-0.6190476190476191,0.23174603174603176,-0.7396825396825397,0.25396825396825395,-0.8571428571428571
0,0.0,0.0,-0.15605095541401273,-0.0732484076433121,-0.2898089171974522,-0.1942675159235669,-0.410828025477707,-0.2929936305732484,-0.4872611464968153,-0.4012738853503185,-0.1592356687898089,-0.45222929936305734,-0.27070063694267515,-0.5636942675159236,-0.37579617834394907,-0.535031847133758,-0.43312101910828027,-0.47770700636942676,-0.0732484076433121,-0.5095541401273885,-0.14012738853503184,-0.7070063694267515,-0.2197452229299363,-0.8280254777070064,-0.2929936305732484,-0.9394904458598726,0.03503184713375796,-0.5063694267515924,0.028662420382165606,-0.7261146496815286,0.0,-0.8694267515923567,-0.03503184713375796,-1.0,0.1337579617834395,-0.44904458598726116,0.1942675159235669,-0.6178343949044586,0.22929936305732485,-0.7420382165605095,0.2515923566878981,-0.8598726114649682
0,0.0,0.0,-0.16346153846153846,-0.07371794871794872,-0.2980769230769231,-0.1955128205128205,-0.4198717948717949,-0.2916666666666667,-0.4967948717948718,-0.40384615384615385,-0.16666666666666666,-0.44871794871794873,-0.27884615384615385,-0.5641025641025641,-0.3814102564102564,-0.5352564102564102,-0.4423076923076923,-0.4775641025641026,-0.07692307692307693,-0.5064102564102564,-0.15064102564102563,-0.7051282051282052,-0.23397435897435898,-0.8269230769230769,-0.3108974358974359,-0.9326923076923077,0.028846153846153848,-0.5064102564102564,0.019230769230769232,-0.7307692307692307,-0.016025641025641024,-0.8717948717948718,-0.05448717948717949,-1.0,0.13141025641025642,-0.4519230769230769,0.1891025641025641,-0.625,0.21794871794871795,-0.75,0.23717948717948717,-0.8685897435897436
0,0.0,0.0,-0.1639871382636656,-0.0707395498392283,-0.2990353697749196,-0.19614147909967847,-0.41479099678456594,-0.2958199356913183,-0.4983922829581994,-0.40192926045016075,-0.1607717041800643,-0.4565916398713826,-0.2733118971061093,-0.5659163987138264,-0.3762057877813505,-0.5401929260450161,-0.4405144694533762,-0.48231511254019294,-0.07717041800643087,-0.5112540192926045,-0.14469453376205788,-0.707395498392283,-0.2315112540192926,-0.8231511254019293,-0.31511254019292606,-0.9228295819935691,0.028938906752411574,-0.5080385852090032,0.022508038585209004,-0.729903536977492,-0.01607717041800643,-0.8745980707395499,-0.06109324758842444,-1.0,0.12861736334405144,-0.4565916398713826,0.18971061093247588,-0.6302250803858521,0.21864951768488747,-0.7588424437299035,0.2347266881028939,-0.8778135048231511
0,0.0,0.0,-0.16233766233766234,-0.07467532467532467,-0.2987012987012987,-0.2012987012987013,-0.41883116883116883,-0.2987012987012987,-0.5032467532467533,-0.40584415584415584,-0.16233766233766234,-0.4577922077922078,-0.2727272727272727,-0.5714285714285714,-0.37337662337662336,-0.5422077922077922,-0.4383116883116883,-0.4805194805194805,-0.07467532467532467,-0.512987012987013,-0.14285714285714285,-0.7142857142857143,-0.237012987012987,-0.8214285714285714,-0.32142857142857145,-0.9123376623376623,0.032467532467532464,-0.512987012987013,0.016233766233766232,-0.737012987012987,-0.025974025974025976,-0.8766233766233766,-0.07467532467532467,-1.0,0.1331168831168831,-0.4577922077922078,0.19155844155844157,-0.6363636363636364,0.22077922077922077,-0.762987012987013,0.237012987012987,-0.8831168831168831
0,0.0,0.0,-0.16776315789473684,-0.07894736842105263,-0.3059210526315789,-0.20723684210526316,-0.4243421052631579,-0.3092105263157895,-0.5131578947368421,-0.41776315789473684,-0.16776315789473684,-0.46710526315789475,-0.27960526315789475,-0.5855263157894737,-0.3815789473684211,-0.5526315789473685,-0.4440789473684211,-0.4868421052631579,-0.07894736842105263,-0.5230263157894737,-0.14144736842105263,-0.7269736842105263,-0.23684210526315788,-0.8256578947368421,-0.32894736842105265,-0.8980263157894737,0.02631578947368421,-0.5230263157894737,0.009868421052631578,-0.7467105263157895,-0.04276315789473684,-0.8848684210526315,-0.09539473684210527,-1.0,0.12828947368421054,-0.46710526315789475,0.18092105263157895,-0.6447368421052632,0.20723684210526316,-0.7763157894736842,0.2236842105263158,-0.8980263157894737
0,0.0,0.0,-0.16831683168316833,-0.07590759075907591,-0.3069306930693069,-0.2079207920792079,-0.429042904290429,-0.3069306930693069,-0.5082508250825083,-0.4158415841584158,-0.1716171617161716,-0.46534653465346537,-0.28052805280528054,-0.5808580858085809,-0.3795379537953795,-0.5511551155115512,-0.44554455445544555,-0.4884488448844885,-0.08250825082508251,-0.5214521452145214,-0.1419141914191419,-0.7260726072607261,-0.24092409240924093,-0.8217821782178217,-0.33663366336633666,-0.8844884488448845,0.0231023102310231,-0.5181518151815182,0.009900990099009901,-0.7491749174917491,-0.039603960396039604,-0.8877887788778878,-0.09570957095709572,-1.0,0.12211221122112212,-0.46534653465346537,0.17491749174917492,-0.6468646864686468,0.19801980198019803,-0.7821782178217822,0.21122112211221122,-0.9042904290429042
0,0.0,0.0,-0.1705685618729097,-0.07692307692307693,-0.3110367892976589,-0.2040133779264214,-0.43478260869565216,-0.3010033444816054,-0.5183946488294314,-0.41471571906354515,-0.17391304347826086,-0.4682274247491639,-0.2842809364548495,-0.5852842809364549,-0.38461538461538464,-0.5518394648829431,-0.451505016722408,-0.48494983277591974,-0.08361204013377926,-0.5217391304347826,-0.14715719063545152,-0.7224080267558528,-0.2508361204013378,-0.8160535117056856,-0.3511705685618729,-0.8762541806020067,0.026755852842809364,-0.5217391304347826,0.006688963210702341,-0.7491638795986622,-0.046822742474916385,-0.8862876254180602,-0.10702341137123746,-1.0,0.13043478260869565,-0.47157190635451507,0.17725752508361203,-0.6555183946488294,0.19732441471571907,-0.7892976588628763,0.2040133779264214,-0.9130434782608695
0,0.0,0.0,-0.16666666666666666,-0.07333333333333333,-0.30666666666666664,-0.20333333333333334,-0.43,-0.30333333333333334,-0.5133333333333333,-0.41,-0.17,-0.4666666666666667,-0.2833333333333333,-0.58,-0.38666666666666666,-0.5466666666666666,-0.4533333333333333,-0.48,-0.08333333333333333,-0.5233333333333333,-0.15,-0.7233333333333334,-0.25333333333333335,-0.8133333333333334,-0.35333333333333333,-0.8733333333333333,0.02666666666666667,-0.5233333333333333,0.0033333333333333335,-0.7533333333333333,-0.05333333333333334,-0.89,-0.11333333333333333,-1.0,0.13,-0.47333333333333333,0.17666666666666667,-0.6533333333333333,0.19666666666666666,-0.7866666666666666,0.20666666666666667,-0.91
0,0.0,0.0,-0.17114093959731544,-0.07718120805369127,-0.31208053691275167,-0.2080536912751678,-0.436241610738255,-0.3087248322147651,-0.5167785234899329,-0.41946308724832215,-0.17114093959731544,-0.4697986577181208,-0.28523489932885904,-0.587248322147651,-0.38926174496644295,-0.5536912751677853,-0.45302013422818793,-0.4865771812080537,-0.08389261744966443,-0.5234899328859061,-0.1476510067114094,-0.7248322147651006,-0.2516778523489933,-0.8154362416107382,-0.35570469798657717,-0.8758389261744967,0.02348993288590604,-0.5234899328859061,0.003355704697986577,-0.7516778523489933,-0.053691275167785234,-0.8859060402684564,-0.1174496644295302,-1.0,0.12416107382550336,-0.4697986577181208,0.17114093959731544,-0.6543624161073825,0.18791946308724833,-0.7885906040268457,0.19463087248322147,-0.9161073825503355
0,0.0,0.0,-0.16778523489932887,-0.0738255033557047,-0.3087248322147651,-0.21140939597315436,-0.4261744966442953,-0.31208053691275167,-0.5134228187919463,-0.4228187919463087,-0.1644295302013423,-0.4798657718120805,-0.28187919463087246,-0.5939597315436241,-0.3859060402684564,-0.5536912751677853,-0.45302013422818793,-0.4899328859060403,-0.07718120805369127,-0.5335570469798657,-0.14429530201342283,-0.7281879194630873,-0.2516778523489933,-0.8154362416107382,-0.35570469798657717,-0.8691275167785235,0.026845637583892617,-0.5302013422818792,0.003355704697986577,-0.7583892617449665,-0.06040268456375839,-0.889261744966443,-0.12751677852348994,-1.0,0.12751677852348994,-0.47315436241610737,0.16778523489932887,-0.6577181208053692,0.18120805369127516,-0.7885906040268457,0.18120805369127516,-0.912751677852349
0,0.0,0.0,-0.16271186440677965,-0.08135593220338982,-0.2983050847457627,-0.22033898305084745,-0.42033898305084744,-0.31864406779661014,-0.5084745762711864,-0.4271186440677966,-0.15593220338983052,-0.48135593220338985,-0.2745762711864407,-0.5932203389830508,-0.38305084745762713,-0.5525423728813559,-0.45084745762711864,-0.488135593220339,-0.0711864406779661,-0.5322033898305085,-0.1423728813559322,-0.7322033898305085,-0.25084745762711863,-0.8169491525423729,-0.3559322033898305,-0.8711864406779661,0.03389830508474576,-0.5288135593220339,0.006779661016949152,-0.7593220338983051,-0.061016949152542375,-0.888135593220339,-0.13220338983050847,-1.0,0.13559322033898305,-0.4745762711864407,0.17288135593220338,-0.6576271186440678,0.17627118644067796,-0.7864406779661017,0.1694915254237288,-0.911864406779661
0,0.0,0.0,-0.16551724137931034,-0.08620689655172414,-0.3,-0.22758620689655173,-0.4206896551724138,-0.3310344827586207,-0.5103448275862069,-0.4379310344827586,-0.15862068965517243,-0.4896551724137931,-0.2793103448275862,-0.6068965517241379,-0.38620689655172413,-0.5655172413793104,-0.4586206896551724,-0.503448275862069,-0.07241379310344828,-0.5413793103448276,-0.14482758620689656,-0.7448275862068966,-0.25862068965517243,-0.8275862068965517,-0.3689655172413793,-0.8793103448275862,0.03103448275862069,-0.5379310344827586,0.0034482758620689655,-0.7689655172413793,-0.07241379310344828,-0.896551724137931,-0.1482758620689655,-1.0,0.13448275862068965,-0.4827586206896552,0.16896551724137931,-0.6689655172413793,0.16551724137931034,-0.8,0.1482758620689655,-0.9206896551724137
0,0.0,0.0,-0.17375886524822695,-0.08865248226950355,-0.3120567375886525,-0.23404255319148937,-0.43617021276595747,-0.33687943262411346,-0.5354609929078015,-0.4432624113475177,-0.1702127659574468,-0.5035460992907801,-0.2978723404255319,-0.624113475177305,-0.4078014184397163,-0.5815602836879432,-0.48226950354609927,-0.5106382978723404,-0.08156028368794327,-0.5531914893617021,-0.16666666666666666,-0.7588652482269503,-0.2801418439716312,-0.8439716312056738,-0.39361702127659576,-0.8936170212765957,0.02127659574468085,-0.549645390070922,-0.01773049645390071,-0.7801418439716312,-0.09574468085106383,-0.900709219858156,-0.18439716312056736,-1.0,0.12411347517730496,-0.4929078014184397,0.1524822695035461,-0.6843971631205674,0.14184397163120568,-0.8156028368794326,0.1099290780141844,-0.9326241134751773
0,0.0,0.0,-0.17647058823529413,-0.09191176470588236,-0.31985294117647056,-0.2426470588235294,-0.44485294117647056,-0.3492647058823529,-0.5441176470588235,-0.4632352941176471,-0.16911764705882354,-0.5147058823529411,-0.2977941176470588,-0.6360294117647058,-0.40808823529411764,-0.5955882352941176,-0.4889705882352941,-0.5257352941176471,-0.08088235294117647,-0.5661764705882353,-0.16544117647058823,-0.7720588235294118,-0.2867647058823529,-0.8602941176470589,-0.40808823529411764,-0.9080882352941176,0.025735294117647058,-0.5625,-0.014705882352941176,-0.7941176470588235,-0.09926470588235294,-0.9117647058823529,-0.19852941176470587,-1.0,0.13602941176470587,-0.5073529411764706,0.16176470588235295,-0.7058823529411765,0.14338235294117646,-0.8382352941176471,0.10294117647058823,-0.9558823529411765
0,0.0,0.0,-0.17557251908396945,-0.0916030534351145,-0.3244274809160305,-0.2480916030534351,-0.4541984732824427,-0.3549618320610687,-0.5572519083969466,-0.46564885496183206,-0.1717557251908397,-0.5305343511450382,-0.3053435114503817,-0.6564885496183206,-0.4198473282442748,-0.6068702290076335,-0.5,-0.5305343511450382,-0.08015267175572519,-0.583969465648855,-0.16793893129770993,-0.7862595419847328,-0.29389312977099236,-0.8664122137404581,-0.42366412213740456,-0.9007633587786259,0.030534351145038167,-0.5763358778625954,-0.007633587786259542,-0.8129770992366412,-0.10687022900763359,-0.9236641221374046,-0.21374045801526717,-1.0,0.13740458015267176,-0.5229007633587787,0.1717557251908397,-0.7251908396946565,0.15267175572519084,-0.8625954198473282,0.10305343511450382,-0.9770992366412213
0,0.0,0.0,-0.17870722433460076,-0.09125475285171103,-0.3269961977186312,-0.23954372623574144,-0.45627376425855515,-0.34600760456273766,-0.5627376425855514,-0.45627376425855515,-0.17490494296577946,-0.5285171102661597,-0.3155893536121673,-0.6577946768060836,-0.42585551330798477,-0.6007604562737643,-0.5019011406844106,-0.5209125475285171,-0.08365019011406843,-0.5855513307984791,-0.17110266159695817,-0.7908745247148289,-0.2965779467680608,-0.8631178707224335,-0.4220532319391635,-0.8897338403041825,0.022813688212927757,-0.5817490494296578,-0.011406844106463879,-0.8174904942965779,-0.11026615969581749,-0.9239543726235742,-0.21673003802281368,-1.0,0.13307984790874525,-0.5247148288973384,0.16730038022813687,-0.7262357414448669,0.1444866920152091,-0.8631178707224335,0.09505703422053231,-0.9771863117870723
0,0.0,0.0,-0.17803030303030304,-0.08333333333333333,-0.32954545454545453,-0.23106060606060605,-0.4621212121212121,-0.3333333333333333,-0.5606060606060606,-0.4431818181818182,-0.18181818181818182,-0.5227272727272727,-0.32196969696969696,-0.6439393939393939,-0.4356060606060606,-0.5909090909090909,-0.5075757575757576,-0.5075757575757576,-0.09090909090909091,-0.5757575757575758,-0.17803030303030304,-0.7840909090909091,-0.3106060606060606,-0.8598484848484849,-0.4356060606060606,-0.8901515151515151,0.01893939393939394,-0.571969696969697,-0.022727272727272728,-0.8068181818181818,-0.12121212121212122,-0.9204545454545454,-0.22727272727272727,-1.0,0.12878787878787878,-0.5151515151515151,0.1590909090909091,-0.7196969696969697,0.14015151515151514,-0.8560606060606061,0.0946969696969697,-0.9772727272727273
0,0.0,0.0,-0.1801470588235294,-0.07352941176470588,-0.33455882352941174,-0.21691176470588236,-0.45955882352941174,-0.3088235294117647,-0.5514705882352942,-0.40808823529411764,-0.1875,-0.5036764705882353,-0.31985294117647056,-0.6213235294117647,-0.4338235294117647,-0.5661764705882353,-0.5036764705882353,-0.4852941176470588,-0.09926470588235294,-0.5551470588235294,-0.19117647058823528,-0.7610294117647058,-0.31985294117647056,-0.8419117647058824,-0.4411764705882353,-0.8786764705882353,0.011029411764705883,-0.5514705882352942,-0.04044117647058824,-0.7941176470588235,-0.14338235294117646,-0.9154411764705882,-0.2426470588235294,-1.0,0.11764705882352941,-0.4963235294117647,0.14705882352941177,-0.6985294117647058,0.1323529411764706,-0.8382352941176471,0.09926470588235294,-0.9632352941176471
0,0.0,0.0,-0.1794871794871795,-0.07692307692307693,-0.3333333333333333,-0.21978021978021978,-0.45787545787545786,-0.31135531135531136,-0.5457875457875457,-0.4139194139194139,-0.1794871794871795,-0.5091575091575091,-0.31135531135531136,-0.63003663003663,-0.42124542124542125,-0.5787545787545788,-0.4908424908424908,-0.4945054945054945,-0.09523809523809523,-0.5604395604395604,-0.18315018315018314,-0.7655677655677655,-0.31135531135531136,-0.8461538461538461,-0.43223443223443225,-0.8827838827838828,0.014652014652014652,-0.5604395604395604,-0.03663003663003663,-0.7985347985347986,-0.1391941391941392,-0.9157509157509157,-0.23809523809523808,-1.0,0.12087912087912088,-0.5091575091575091,0.15384615384615385,-0.706959706959707,0.1391941391941392,-0.8424908424908425,0.11721611721611722,-0.9633699633699634
0,0.0,0.0,-0.17883211678832117,-0.08029197080291971,-0.33211678832116787,-0.22262773722627738,-0.45255474452554745,-0.3102189781021898,-0.5401459854014599,-0.40875912408759124,-0.18248175182481752,-0.5036496350364964,-0.3102189781021898,-0.6204379562043796,-0.4197080291970803,-0.572992700729927,-0.48905109489051096,-0.49635036496350365,-0.09854014598540146,-0.5547445255474452,-0.18248175182481752,-0.7591240875912408,-0.30656934306569344,-0.8394160583941606,-0.4233576642335766,-0.8795620437956204,0.0072992700729927005,-0.5547445255474452,-0.040145985401459854,-0.791970802919708,-0.13503649635036497,-0.9124087591240876,-0.22992700729927007,-1.0,0.11313868613138686,-0.5036496350364964,0.14963503649635038,-0.7007299270072993,0.14233576642335766,-0.8394160583941606,0.12043795620437957,-0.9598540145985401
0,0.0,0.0,-0.1781818181818182,-0.08,-0.3236363636363636,-0.22181818181818183,-0.44727272727272727,-0.3090909090909091,-0.5345454545454545,-0.4072727272727273,-0.1781818181818182,-0.5054545454545455,-0.3054545454545455,-0.6181818181818182,-0.41454545454545455,-0.5709090909090909,-0.48727272727272725,-0.49818181818181817,-0.09090909090909091,-0.5563636363636364,-0.17454545454545456,-0.76,-0.29818181818181816,-0.8436363636363636,-0.41818181818181815,-0.8836363636363637,0.014545454545454545,-0.5563636363636364,-0.02909090909090909,-0.7890909090909091,-0.12363636363636364,-0.9090909090909091,-0.22181818181818183,-1.0,0.12,-0.5054545454545455,0.15636363636363637,-0.7018181818181818,0.14909090909090908,-0.84,0.12727272727272726,-0.96
0,0.0,0.0,-0.17753623188405798,-0.07608695652173914,-0.32608695652173914,-0.213768115942029,-0.4492753623188406,-0.30434782608695654,-0.5362318840579711,-0.40217391304347827,-0.18115942028985507,-0.4963768115942029,-0.3079710144927536,-0.6159420289855072,-0.4166666666666667,-0.5688405797101449,-0.4891304347826087,-0.4927536231884058,-0.09420289855072464,-0.5507246376811594,-0.17391304347826086,-0.7536231884057971,-0.2971014492753623,-0.8369565217391305,-0.4166666666666667,-0.8804347826086957,0.010869565217391304,-0.5471014492753623,-0.03260869565217391,-0.7862318840579711,-0.12681159420289856,-0.9057971014492754,-0.2210144927536232,-1.0,0.11594202898550725,-0.4963768115942029,0.15579710144927536,-0.6920289855072463,0.14855072463768115,-0.8297101449275363,0.12318840579710146,-0.9528985507246377
0,0.0,0.0,-0.17518248175182483,-0.07664233576642336,-0.3248175182481752,-0.21532846715328466,-0.44525547445255476,-0.3029197080291971,-0.5328467153284672,-0.4051094890510949,-0.17883211678832117,-0.5036496350364964,-0.30656934306569344,-0.6167883211678832,-0.41605839416058393,-0.5693430656934306,-0.48905109489051096,-0.4927007299270073,-0.09124087591240876,-0.5583941605839416,-0.1678832116788321,-0.7627737226277372,-0.291970802919708,-0.843065693430657,-0.4124087591240876,-0.8832116788321168,0.014598540145985401,-0.5547445255474452,-0.021897810218978103,-0.7883211678832117,-0.11678832116788321,-0.9087591240875912,-0.20802919708029197,-1.0,0.12408759124087591,-0.5,0.16423357664233576,-0.6970802919708029,0.15693430656934307,-0.8394160583941606,0.13138686131386862,-0.9635036496350365
0,0.0,0.0,-0.17582417582417584,-0.08058608058608059,-0.32967032967032966,-0.21245421245421245,-0.4542124542124542,-0.30036630036630035,-0.5347985347985348,-0.4065934065934066,-0.17582417582417584,-0.4981684981684982,-0.304029304029304,-0.6153846153846154,-0.4175824175824176,-0.5714285714285714,-0.4945054945054945,-0.4981684981684982,-0.09157509157509157,-0.5531135531135531,-0.1684981684981685,-0.7545787545787546,-0.29304029304029305,-0.8388278388278388,-0.41025641025641024,-0.8791208791208791,0.018315018315018316,-0.5531135531135531,-0.018315018315018316,-0.7875457875457875,-0.10989010989010989,-0.9084249084249084,-0.20512820512820512,-1.0,0.1282051282051282,-0.4981684981684982,0.1684981684981685,-0.6959706959706959,0.16483516483516483,-0.8351648351648352,0.1391941391941392,-0.9597069597069597
0,0.0,0.0,-0.18315018315018314,-0.07326007326007326,-0.336996336996337,-0.20512820512820512,-0.46153846153846156,-0.2967032967032967,-0.5421245421245421,-0.41025641025641024,-0.18315018315018314,-0.4945054945054945,-0.31135531135531136,-0.6153846153846154,-0.42124542124542125,-0.5714285714285714,-0.4908424908424908,-0.4945054945054945,-0.09523809523809523,-0.5531135531135531,-0.1794871794871795,-0.7545787545787546,-0.30036630036630035,-0.8388278388278388,-0.4175824175824176,-0.8827838827838828,0.014652014652014652,-0.5531135531135531,-0.02564102564102564,-0.7838827838827839,-0.11355311355311355,-0.9084249084249084,-0.2087912087912088,-1.0,0.12454212454212454,-0.5018315018315018,0.16483516483516483,-0.6996336996336996,0.1575091575091575,-0.8424908424908425,0.13553113553113552,-0.967032967032967
0,0.0,0.0,-0.18545454545454546,-0.07272727272727272,-0.3418181818181818,-0.2,-0.4690909090909091,-0.2909090909090909,-0.5454545454545454,-0.4036363636363636,-0.1890909090909091,-0.48727272727272725,-0.31636363636363635,-0.6072727272727273,-0.4254545454545455,-0.5672727272727273,-0.4909090909090909,-0.49454545454545457,-0.09818181818181818,-0.5454545454545454,-0.18181818181818182,-0.7454545454545455,-0.29818181818181816,-0.8290909090909091,-0.41454545454545455,-0.8763636363636363,0.01090909090909091,-0.5490909090909091,-0.02909090909090909,-0.7818181818181819,-0.12,-0.9054545454545454,-0.2109090909090909,-1.0,0.12363636363636364,-0.49818181818181817,0.16,-0.6981818181818182,0.15636363636363637,-0.8363636363636363,0.13818181818181818,-0.96
0,0.0,0.0,-0.18545454545454546,-0.06909090909090909,-0.34545454545454546,-0.19272727272727272,-0.4727272727272727,-0.27636363636363637,-0.5490909090909091,-0.3890909090909091,-0.19636363636363635,-0.48363636363636364,-0.32,-0.6,-0.4218181818181818,-0.56,-0.48727272727272725,-0.48363636363636364,-0.10545454545454545,-0.5381818181818182,-0.18545454545454546,-0.7418181818181818,-0.3018181818181818,-0.8254545454545454,-0.41818181818181815,-0.8690909090909091,0.007272727272727273,-0.5418181818181819,-0.03636363636363636,-0.7745454545454545,-0.12,-0.8981818181818182,-0.20363636363636364,-1.0,0.11636363636363636,-0.48727272727272725,0.15272727272727274,-0.6872727272727273,0.15272727272727274,-0.8254545454545454,0.13818181818181818,-0.9527272727272728
0,0.0,0.0,-0.1827956989247312,-0.07168458781362007,-0.3333333333333333,-0.1971326164874552,-0.45878136200716846,-0.2867383512544803,-0.5340501792114696,-0.3942652329749104,-0.18996415770609318,-0.48028673835125446,-0.3118279569892473,-0.5985663082437276,-0.4157706093189964,-0.5627240143369175,-0.48028673835125446,-0.4838709677419355,-0.1039426523297491,-0.5376344086021505,-0.1863799283154122,-0.7347670250896058,-0.2974910394265233,-0.8207885304659498,-0.40860215053763443,-0.8709677419354839,0.007168458781362007,-0.5412186379928315,-0.03225806451612903,-0.7670250896057348,-0.11469534050179211,-0.8960573476702509,-0.1935483870967742,-1.0,0.11827956989247312,-0.4910394265232975,0.15412186379928317,-0.6845878136200717,0.15412186379928317,-0.8207885304659498,0.13978494623655913,-0.946236559139785
0,0.0,0.0,-0.18050541516245489,-0.07220216606498195,-0.33574007220216606,-0.19855595667870035,-0.4620938628158845,-0.2851985559566787,-0.5415162454873647,-0.3971119133574007,-0.19855595667870035,-0.48375451263537905,-0.3212996389891697,-0.5992779783393501,-0.4223826714801444,-0.5595667870036101,-0.48736462093862815,-0.48375451263537905,-0.10830324909747292,-0.5415162454873647,-0.18411552346570398,-0.7436823104693141,-0.2996389891696751,-0.8267148014440433,-0.40794223826714804,-0.8772563176895307,0.007220216606498195,-0.5451263537906137,-0.032490974729241874,-0.7725631768953068,-0.11191335740072202,-0.8989169675090253,-0.19133574007220217,-1.0,0.11913357400722022,-0.49458483754512633,0.1552346570397112,-0.6895306859205776,0.1552346570397112,-0.8267148014440433,0.1407942238267148,-0.9530685920577617
0,0.0,0.0,-0.17985611510791366,-0.07194244604316546,-0.3345323741007194,-0.19784172661870503,-0.460431654676259,-0.29136690647482016,-0.5359712230215827,-0.39928057553956836,-0.2014388489208633,-0.4784172661870504,-0.3237410071942446,-0.6007194244604317,-0.42805755395683454,-0.5611510791366906,-0.4856115107913669,-0.4784172661870504,-0.11151079136690648,-0.5359712230215827,-0.18705035971223022,-0.7410071942446043,-0.29856115107913667,-0.8273381294964028,-0.4064748201438849,-0.8741007194244604,0.0035971223021582736,-0.539568345323741,-0.03597122302158273,-0.7697841726618705,-0.11151079136690648,-0.89568345323741,-0.1906474820143885,-1.0,0.11510791366906475,-0.49280575539568344,0.1510791366906475,-0.6834532374100719,0.15467625899280577,-0.8201438848920863,0.14028776978417265,-0.9424460431654677
0,0.0,0.0,-0.18149466192170818,-0.06761565836298933,-0.33807829181494664,-0.19572953736654805,-0.46619217081850534,-0.28825622775800713,-0.5373665480427047,-0.40569395017793597,-0.20640569395017794,-0.47686832740213525,-0.3274021352313167,-0.6014234875444839,-0.4234875444839858,-0.5622775800711743,-0.48398576512455516,-0.4804270462633452,-0.11387900355871886,-0.5338078291814946,-0.18861209964412812,-0.7402135231316725,-0.2918149466192171,-0.8256227758007118,-0.39501779359430605,-0.8754448398576512,0.0035587188612099642,-0.5373665480427047,-0.03558718861209965,-0.7651245551601423,-0.10676156583629894,-0.8932384341637011,-0.18149466192170818,-1.0,0.11387900355871886,-0.49110320284697506,0.14590747330960854,-0.6797153024911032,0.1494661921708185,-0.8149466192170819,0.1387900355871886,-0.9359430604982206
0,0.0,0.0,-0.18149466192170818,-0.0711743772241993,-0.33807829181494664,-0.19217081850533807,-0.46619217081850534,-0.28113879003558717,-0.5338078291814946,-0.39501779359430605,-0.20640569395017794,-0.4697508896797153,-0.3238434163701068,-0.5907473309608541,-0.4199288256227758,-0.5551601423487544,-0.47686832740213525,-0.47686832740213525,-0.11743772241992882,-0.5266903914590747,-0.18861209964412812,-0.7330960854092526,-0.2918149466192171,-0.8220640569395018,-0.3914590747330961,-0.8718861209964412,0.0,-0.5338078291814946,-0.042704626334519574,-0.7615658362989324,-0.11387900355871886,-0.8932384341637011,-0.18505338078291814,-1.0,0.11387900355871886,-0.48398576512455516,0.14590747330960854,-0.6761565836298933,0.1494661921708185,-0.8113879003558719,0.1423487544483986,-0.9359430604982206
0,0.0,0.0,-0.18505338078291814,-0.06405693950177936,-0.3487544483985765,-0.18505338078291814,-0.47686832740213525,-0.2775800711743772,-0.5409252669039146,-0.3914590747330961,-0.2206405693950178,-0.4697508896797153,-0.3416370106761566,-0.597864768683274,-0.43416370106761565,-0.5551601423487544,-0.4875444839857651,-0.4697508896797153,-0.12455516014234876,-0.5302491103202847,-0.199288256227758,-0.7366548042704626,-0.298932384341637,-0.8256227758007118,-0.398576512455516,-0.8754448398576512,-0.0071174377224199285,-0.5338078291814946,-0.046263345195729534,-0.7615658362989324,-0.11743772241992882,-0.8932384341637011,-0.19217081850533807,-1.0,0.10676156583629894,-0.48398576512455516,0.1423487544483986,-0.6761565836298933,0.1423487544483986,-0.8078291814946619,0.13167259786476868,-0.9323843416370107
0,0.0,0.0,-0.18861209964412812,-0.06405693950177936,-0.3487544483985765,-0.18505338078291814,-0.47686832740213525,-0.28113879003558717,-0.5338078291814946,-0.398576512455516,-0.22419928825622776,-0.46619217081850534,-0.33807829181494664,-0.5907473309608541,-0.43416370106761565,-0.5551601423487544,-0.48398576512455516,-0.47330960854092524,-0.12455516014234876,-0.5302491103202847,-0.19217081850533807,-0.7402135231316725,-0.2918149466192171,-0.8327402135231317,-0.3879003558718861,-0.8861209964412812,-0.0071174377224199285,-0.5373665480427047,-0.042704626334519574,-0.7615658362989324,-0.11387900355871886,-0.8932384341637011,-0.18861209964412812,-1.0,0.1103202846975089,-0.4875444839857651,0.1423487544483986,-0.6761565836298933,0.14590747330960854,-0.8078291814946619,0.13523131672597866,-0.9288256227758007
0,0.0,0.0,-0.18928571428571428,-0.07142857142857142,-0.3535714285714286,-0.19285714285714287,-0.48214285714285715,-0.2857142857142857,-0.5392857142857143,-0.4035714285714286,-0.22857142857142856,-0.475,-0.34285714285714286,-0.6,-0.4357142857142857,-0.5607142857142857,-0.4857142857142857,-0.475,-0.12857142857142856,-0.5357142857142857,-0.19285714285714287,-0.7464285714285714,-0.2892857142857143,-0.8392857142857143,-0.3821428571428571,-0.8964285714285715,-0.010714285714285714,-0.5392857142857143,-0.04642857142857143,-0.7642857142857142,-0.11428571428571428,-0.8964285714285715,-0.18571428571428572,-1.0,0.10714285714285714,-0.48928571428571427,0.14285714285714285,-0.6785714285714286,0.14642857142857144,-0.8107142857142857,0.1357142857142857,-0.9357142857142857
0,0.0,0.0,-0.18861209964412812,-0.06761565836298933,-0.3487544483985765,-0.19217081850533807,-0.47686832740213525,-0.2846975088967972,-0.5373665480427047,-0.40213523131672596,-0.22419928825622776,-0.47686832740213525,-0.3416370106761566,-0.604982206405694,-0.43416370106761565,-0.5622775800711743,-0.4804270462633452,-0.47686832740213525,-0.12455516014234876,-0.5373665480427047,-0.18861209964412812,-0.7473309608540926,-0.2846975088967972,-0.8434163701067615,-0.37722419928825623,-0.896797153024911,-0.0071174377224199285,-0.5409252669039146,-0.03914590747330961,-0.7615658362989324,-0.10676156583629894,-0.8932384341637011,-0.18149466192170818,-1.0,0.10676156583629894,-0.49110320284697506,0.14590747330960854,-0.6761565836298933,0.1494661921708185,-0.8113879003558719,0.1423487544483986,-0.9323843416370107
0,0.0,0.0,-0.1906474820143885,-0.0683453237410072,-0.35611510791366907,-0.18705035971223022,-0.4892086330935252,-0.27697841726618705,-0.5431654676258992,-0.39568345323741005,-0.2302158273381295,-0.4748201438848921,-0.34532374100719426,-0.6007194244604317,-0.43884892086330934,-0.5611510791366906,-0.4892086330935252,-0.4748201438848921,-0.12949640287769784,-0.5359712230215827,-0.1906474820143885,-0.7482014388489209,-0.2841726618705036,-0.8453237410071942,-0.3776978417266187,-0.8992805755395683,-0.007194244604316547,-0.539568345323741,-0.04316546762589928,-0.762589928057554,-0.11151079136690648,-0.89568345323741,-0.18345323741007194,-1.0,0.1079136690647482,-0.49280575539568344,0.1474820143884892,-0.6762589928057554,0.1510791366906475,-0.8093525179856115,0.14388489208633093,-0.9316546762589928
0,0.0,0.0,-0.18571428571428572,-0.07142857142857142,-0.3464285714285714,-0.19642857142857142,-0.4785714285714286,-0.2857142857142857,-0.5285714285714286,-0.4035714285714286,-0.21785714285714286,-0.4785714285714286,-0.33214285714285713,-0.6071428571428571,-0.425,-0.5642857142857143,-0.475,-0.4785714285714286,-0.11785714285714285,-0.5392857142857143,-0.17857142857142858,-0.75,-0.2714285714285714,-0.8464285714285714,-0.35714285714285715,-0.9035714285714286,0.0,-0.5428571428571428,-0.03214285714285714,-0.7642857142857142,-0.1,-0.8964285714285715,-0.17142857142857143,-1.0,0.11785714285714285,-0.4928571428571429,0.15714285714285714,-0.6821428571428572,0.16428571428571428,-0.8142857142857143,0.15714285714285714,-0.9357142857142857
0,0.0,0.0,-0.18571428571428572,-0.06785714285714285,-0.35,-0.18928571428571428,-0.48214285714285715,-0.2785714285714286,-0.5392857142857143,-0.39285714285714285,-0.22142857142857142,-0.48214285714285715,-0.34285714285714286,-0.6035714285714285,-0.4392857142857143,-0.5571428571428572,-0.4857142857142857,-0.46785714285714286,-0.12142857142857143,-0.5428571428571428,-0.18571428571428572,-0.7464285714285714,-0.275,-0.8428571428571429,-0.3678571428571429,-0.9,-0.0035714285714285713,-0.5428571428571428,-0.039285714285714285,-0.7678571428571429,-0.10714285714285714,-0.8964285714285715,-0.17857142857142858,-1.0,0.11071428571428571,-0.4928571428571429,0.15357142857142858,-0.6785714285714286,0.16071428571428573,-0.8142857142857143,0.15714285714285714,-0.9392857142857143
0,0.0,0.0,-0.19285714285714287,-0.06428571428571428,-0.35714285714285715,-0.18928571428571428,-0.4928571428571429,-0.275,-0.5357142857142857,-0.3964285714285714,-0.225,-0.4785714285714286,-0.3464285714285714,-0.6035714285714285,-0.4392857142857143,-0.5571428571428572,-0.48928571428571427,-0.46785714285714286,-0.125,-0.5392857142857143,-0.18571428571428572,-0.75,-0.2785714285714286,-0.8464285714285714,-0.37142857142857144,-0.9,-0.007142857142857143,-0.5428571428571428,-0.039285714285714285,-0.7678571428571429,-0.10714285714285714,-0.8964285714285715,-0.18214285714285713,-1.0,0.10714285714285714,-0.4928571428571429,0.15,-0.6785714285714286,0.15714285714285714,-0.8142857142857143,0.15357142857142858,-0.9392857142857143
0,0.0,0.0,-0.1879432624113475,-0.07092198581560284,-0.35106382978723405,-0.19148936170212766,-0.48226950354609927,-0.2765957446808511,-0.5283687943262412,-0.39361702127659576,-0.2127659574468085,-0.48226950354609927,-0.32978723404255317,-0.6028368794326241,-0.425531914893617,-0.5567375886524822,-0.4787234042553192,-0.46808510638297873,-0.11347517730496454,-0.5390070921985816,-0.17375886524822695,-0.74822695035461,-0.26595744680851063,-0.8439716312056738,-0.3546099290780142,-0.900709219858156,0.0035460992907801418,-0.5425531914893617,-0.028368794326241134,-0.7659574468085106,-0.09574468085106383,-0.8971631205673759,-0.16312056737588654,-1.0,0.11347517730496454,-0.4929078014184397,0.16312056737588654,-0.6808510638297872,0.1702127659574468,-0.8191489361702128,0.16666666666666666,-0.9432624113475178
0,0.0,0.0,-0.18661971830985916,-0.07042253521126761,-0.3485915492957746,-0.1936619718309859,-0.4859154929577465,-0.27816901408450706,-0.5352112676056338,-0.3908450704225352,-0.22183098591549297,-0.4753521126760563,-0.3415492957746479,-0.602112676056338,-0.43661971830985913,-0.5528169014084507,-0.4823943661971831,-0.4612676056338028,-0.11971830985915492,-0.5387323943661971,-0.1795774647887324,-0.7464788732394366,-0.2711267605633803,-0.8450704225352113,-0.3626760563380282,-0.897887323943662,-0.0035211267605633804,-0.5422535211267606,-0.03169014084507042,-0.7640845070422535,-0.09859154929577464,-0.897887323943662,-0.16901408450704225,-1.0,0.1056338028169014,-0.49295774647887325,0.15492957746478872,-0.676056338028169,0.16549295774647887,-0.8133802816901409,0.16549295774647887,-0.9366197183098591
0,0.0,0.0,-0.1879432624113475,-0.07092198581560284,-0.3475177304964539,-0.1950354609929078,-0.4787234042553192,-0.2801418439716312,-0.5319148936170213,-0.39361702127659576,-0.21631205673758866,-0.4787234042553192,-0.3333333333333333,-0.6028368794326241,-0.425531914893617,-0.5531914893617021,-0.475177304964539,-0.46099290780141844,-0.11347517730496454,-0.5390070921985816,-0.17375886524822695,-0.7446808510638298,-0.2624113475177305,-0.8475177304964538,-0.3546099290780142,-0.9042553191489362,0.0035460992907801418,-0.5425531914893617,-0.024822695035460994,-0.7659574468085106,-0.09219858156028368,-0.8971631205673759,-0.16312056737588654,-1.0,0.11347517730496454,-0.4929078014184397,0.16666666666666666,-0.6773049645390071,0.18085106382978725,-0.8156028368794326,0.18439716312056736,-0.9397163120567376
0,0.0,0.0,-0.18214285714285713,-0.06785714285714285,-0.34285714285714286,-0.18571428571428572,-0.48214285714285715,-0.2714285714285714,-0.5321428571428571,-0.3892857142857143,-0.20714285714285716,-0.4785714285714286,-0.3357142857142857,-0.5964285714285714,-0.42857142857142855,-0.5464285714285714,-0.475,-0.45357142857142857,-0.10714285714285714,-0.5392857142857143,-0.16428571428571428,-0.75,-0.26071428571428573,-0.85,-0.3535714285714286,-0.9035714285714286,0.007142857142857143,-0.5428571428571428,-0.017857142857142856,-0.7678571428571429,-0.08571428571428572,-0.9,-0.15714285714285714,-1.0,0.11785714285714285,-0.4928571428571429,0.175,-0.6785714285714286,0.19642857142857142,-0.8178571428571428,0.20714285714285716,-0.9428571428571428
0,0.0,0.0,-0.18705035971223022,-0.06474820143884892,-0.3489208633093525,-0.18705035971223022,-0.4892086330935252,-0.2697841726618705,-0.5467625899280576,-0.38848920863309355,-0.2158273381294964,-0.4856115107913669,-0.34172661870503596,-0.60431654676259,-0.43884892086330934,-0.5503597122302158,-0.4856115107913669,-0.45323741007194246,-0.11510791366906475,-0.5503597122302158,-0.17266187050359713,-0.7553956834532374,-0.2697841726618705,-0.8525179856115108,-0.3669064748201439,-0.9064748201438849,0.0,-0.5539568345323741,-0.025179856115107913,-0.7769784172661871,-0.09352517985611511,-0.9028776978417267,-0.16546762589928057,-1.0,0.1079136690647482,-0.49640287769784175,0.17625899280575538,-0.6834532374100719,0.2014388489208633,-0.8237410071942446,0.21223021582733814,-0.9532374100719424
0,0.0,0.0,-0.18411552346570398,-0.06859205776173286,-0.34296028880866425,-0.19494584837545126,-0.48014440433212996,-0.2815884476534296,-0.5451263537906137,-0.3935018050541516,-0.20938628158844766,-0.49097472924187724,-0.33935018050541516,-0.6028880866425993,-0.4332129963898917,-0.5487364620938628,-0.48375451263537905,-0.4620938628158845,-0.10830324909747292,-0.555956678700361,-0.16606498194945848,-0.7617328519855595,-0.26353790613718414,-0.8592057761732852,-0.36462093862815886,-0.9133574007220217,0.010830324909747292,-0.555956678700361,-0.01444043321299639,-0.779783393501805,-0.08664259927797834,-0.9025270758122743,-0.1624548736462094,-1.0,0.11913357400722022,-0.5018050541516246,0.18050541516245489,-0.6895306859205776,0.20577617328519857,-0.8303249097472925,0.21660649819494585,-0.9566787003610109
0,0.0,0.0,-0.18345323741007194,-0.0683453237410072,-0.34172661870503596,-0.1906474820143885,-0.48201438848920863,-0.27697841726618705,-0.5359712230215827,-0.39568345323741005,-0.20503597122302158,-0.48201438848920863,-0.3345323741007194,-0.6007194244604317,-0.4316546762589928,-0.5503597122302158,-0.4856115107913669,-0.46402877697841727,-0.10431654676258993,-0.5467625899280576,-0.16546762589928057,-0.7553956834532374,-0.2697841726618705,-0.8525179856115108,-0.37050359712230213,-0.9064748201438849,0.01079136690647482,-0.5503597122302158,-0.017985611510791366,-0.7733812949640287,-0.08992805755395683,-0.8992805755395683,-0.16906474820143885,-1.0,0.11510791366906475,-0.5,0.17625899280575538,-0.6870503597122302,0.2014388489208633,-0.8273381294964028,0.21223021582733814,-0.9532374100719424
0,0.0,0.0,-0.18115942028985507,-0.06521739130434782,-0.34057971014492755,-0.18840579710144928,-0.4746376811594203,-0.27898550724637683,-0.5362318840579711,-0.39492753623188404,-0.20652173913043478,-0.48188405797101447,-0.33695652173913043,-0.5978260869565217,-0.4311594202898551,-0.5507246376811594,-0.4891304347826087,-0.4673913043478261,-0.10869565217391304,-0.5471014492753623,-0.17753623188405798,-0.7536231884057971,-0.286231884057971,-0.8442028985507246,-0.39855072463768115,-0.8840579710144928,0.007246376811594203,-0.5507246376811594,-0.018115942028985508,-0.7753623188405797,-0.09420289855072464,-0.9021739130434783,-0.17391304347826086,-1.0,0.11956521739130435,-0.5,0.18115942028985507,-0.6847826086956522,0.2028985507246377,-0.8260869565217391,0.213768115942029,-0.9565217391304348
0,0.0,0.0,-0.18613138686131386,-0.06204379562043796,-0.3467153284671533,-0.18613138686131386,-0.4854014598540146,-0.2737226277372263,-0.551094890510949,-0.3905109489051095,-0.21532846715328466,-0.48175182481751827,-0.34306569343065696,-0.6058394160583942,-0.4416058394160584,-0.5547445255474452,-0.49635036496350365,-0.4635036496350365,-0.11313868613138686,-0.5474452554744526,-0.17883211678832117,-0.7591240875912408,-0.28832116788321166,-0.843065693430657,-0.3978102189781022,-0.8832116788321168,0.0036496350364963502,-0.5547445255474452,-0.021897810218978103,-0.7846715328467153,-0.09854014598540146,-0.9051094890510949,-0.17883211678832117,-1.0,0.11313868613138686,-0.5036496350364964,0.17518248175182483,-0.6934306569343066,0.19708029197080293,-0.8357664233576643,0.20437956204379562,-0.9635036496350365
0,0.0,0.0,-0.18772563176895307,-0.061371841155234655,-0.34657039711191334,-0.18411552346570398,-0.48375451263537905,-0.27075812274368233,-0.5487364620938628,-0.3862815884476534,-0.20938628158844766,-0.47653429602888087,-0.33935018050541516,-0.5956678700361011,-0.4368231046931408,-0.5487364620938628,-0.49458483754512633,-0.4620938628158845,-0.11191335740072202,-0.5415162454873647,-0.18411552346570398,-0.7472924187725631,-0.2924187725631769,-0.8267148014440433,-0.40794223826714804,-0.8592057761732852,0.0,-0.5523465703971119,-0.021660649819494584,-0.776173285198556,-0.09747292418772563,-0.9025270758122743,-0.17689530685920576,-1.0,0.11191335740072202,-0.5018050541516246,0.17328519855595667,-0.6895306859205776,0.19494584837545126,-0.8303249097472925,0.20216606498194944,-0.9602888086642599
0,0.0,0.0,-0.18345323741007194,-0.06474820143884892,-0.3345323741007194,-0.18705035971223022,-0.4676258992805755,-0.2697841726618705,-0.539568345323741,-0.381294964028777,-0.1906474820143885,-0.4712230215827338,-0.32014388489208634,-0.5863309352517986,-0.420863309352518,-0.5431654676258992,-0.48201438848920863,-0.46402877697841727,-0.10071942446043165,-0.5359712230215827,-0.17266187050359713,-0.7410071942446043,-0.29136690647482016,-0.8201438848920863,-0.4064748201438849,-0.8489208633093526,0.014388489208633094,-0.5467625899280576,-0.014388489208633094,-0.7769784172661871,-0.09352517985611511,-0.9028776978417267,-0.17266187050359713,-1.0,0.12589928057553956,-0.49640287769784175,0.18345323741007194,-0.6870503597122302,0.2014388489208633,-0.8309352517985612,0.21223021582733814,-0.960431654676259
0,0.0,0.0,-0.17985611510791366,-0.0683453237410072,-0.33093525179856115,-0.19784172661870503,-0.460431654676259,-0.2841726618705036,-0.5287769784172662,-0.38848920863309355,-0.18705035971223022,-0.4748201438848921,-0.31654676258992803,-0.5899280575539568,-0.4172661870503597,-0.5467625899280576,-0.4712230215827338,-0.46402877697841727,-0.09352517985611511,-0.5359712230215827,-0.1618705035971223,-0.7446043165467626,-0.2805755395683453,-0.8201438848920863,-0.39568345323741005,-0.8453237410071942,0.02158273381294964,-0.5431654676258992,-0.007194244604316547,-0.7733812949640287,-0.08633093525179857,-0.9028776978417267,-0.16906474820143885,-1.0,0.12589928057553956,-0.49640287769784175,0.1906474820143885,-0.6834532374100719,0.21223021582733814,-0.8273381294964028,0.22302158273381295,-0.9568345323741008
0,0.0,0.0,-0.17921146953405018,-0.06451612903225806,-0.32974910394265233,-0.18996415770609318,-0.4659498207885305,-0.27598566308243727,-0.5304659498207885,-0.3870967741935484,-0.1863799283154122,-0.4731182795698925,-0.3154121863799283,-0.5949820788530465,-0.4121863799283154,-0.5483870967741935,-0.46953405017921146,-0.4659498207885305,-0.0931899641577061,-0.5376344086021505,-0.16487455197132617,-0.7419354838709677,-0.2831541218637993,-0.8172043010752689,-0.4014336917562724,-0.8458781362007168,0.021505376344086023,-0.5448028673835126,-0.007168458781362007,-0.7741935483870968,-0.08602150537634409,-0.9032258064516129,-0.16845878136200718,-1.0,0.12544802867383512,-0.4946236559139785,0.18996415770609318,-0.6845878136200717,0.2114695340501792,-0.8279569892473119,0.2222222222222222,-0.9605734767025089
0,0.0,0.0,-0.18214285714285713,-0.06785714285714285,-0.32857142857142857,-0.18928571428571428,-0.45714285714285713,-0.2714285714285714,-0.525,-0.375,-0.18214285714285713,-0.4785714285714286,-0.30714285714285716,-0.5928571428571429,-0.4107142857142857,-0.55,-0.475,-0.4714285714285714,-0.08928571428571429,-0.5392857142857143,-0.16785714285714284,-0.7392857142857143,-0.2857142857142857,-0.8107142857142857,-0.39285714285714285,-0.8321428571428572,0.02142857142857143,-0.5464285714285714,-0.010714285714285714,-0.7785714285714286,-0.09285714285714286,-0.9035714285714286,-0.17142857142857143,-1.0,0.12857142857142856,-0.5,0.18571428571428572,-0.6964285714285714,0.20357142857142857,-0.8357142857142857,0.21071428571428572,-0.9642857142857143
0,0.0,0.0,-0.17375886524822695,-0.0673758865248227,-0.32269503546099293,-0.18439716312056736,-0.45390070921985815,-0.26595744680851063,-0.5212765957446809,-0.3723404255319149,-0.18085106382978725,-0.475177304964539,-0.30851063829787234,-0.5921985815602837,-0.4148936170212766,-0.5390070921985816,-0.4787234042553192,-0.4574468085106383,-0.09219858156028368,-0.5354609929078015,-0.1773049645390071,-0.7340425531914894,-0.29432624113475175,-0.8014184397163121,-0.40425531914893614,-0.8262411347517731,0.01773049645390071,-0.5425531914893617,-0.01773049645390071,-0.7730496453900709,-0.10283687943262411,-0.900709219858156,-0.18085106382978725,-1.0,0.12411347517730496,-0.4929078014184397,0.1773049645390071,-0.6843971631205674,0.19858156028368795,-0.8262411347517731,0.20567375886524822,-0.9539007092198581
0,0.0,0.0,-0.17793594306049823,-0.0711743772241993,-0.3274021352313167,-0.19217081850533807,-0.4555160142348754,-0.27402135231316727,-0.5195729537366548,-0.38434163701067614,-0.18149466192170818,-0.47686832740213525,-0.3202846975088968,-0.5871886120996441,-0.4234875444839858,-0.5373665480427047,-0.4875444839857651,-0.45907473309608543,-0.09252669039145907,-0.5373665480427047,-0.18149466192170818,-0.7366548042704626,-0.298932384341637,-0.800711743772242,-0.4092526690391459,-0.8220640569395018,0.014234875444839857,-0.5444839857651246,-0.017793594306049824,-0.7793594306049823,-0.10320284697508897,-0.9039145907473309,-0.18505338078291814,-1.0,0.12099644128113879,-0.498220640569395,0.17437722419928825,-0.6903914590747331,0.19217081850533807,-0.8327402135231317,0.199288256227758,-0.9608540925266904
0,0.0,0.0,-0.18085106382978725,-0.0673758865248227,-0.32978723404255317,-0.19148936170212766,-0.4645390070921986,-0.2765957446808511,-0.5460992907801419,-0.38652482269503546,-0.1879432624113475,-0.4716312056737589,-0.3262411347517731,-0.5886524822695035,-0.43617021276595747,-0.5354609929078015,-0.49645390070921985,-0.45390070921985815,-0.10283687943262411,-0.5354609929078015,-0.1950354609929078,-0.7304964539007093,-0.31560283687943264,-0.7907801418439716,-0.425531914893617,-0.8085106382978723,0.0070921985815602835,-0.5425531914893617,-0.031914893617021274,-0.7801418439716312,-0.12411347517730496,-0.9042553191489362,-0.20567375886524822,-1.0,0.11347517730496454,-0.49645390070921985,0.16312056737588654,-0.6914893617021277,0.18085106382978725,-0.8333333333333334,0.18439716312056736,-0.9645390070921985
0,0.0,0.0,-0.18085106382978725,-0.0673758865248227,-0.3333333333333333,-0.19148936170212766,-0.46808510638297873,-0.2765957446808511,-0.549645390070922,-0.38652482269503546,-0.1950354609929078,-0.475177304964539,-0.32978723404255317,-0.5886524822695035,-0.4397163120567376,-0.5319148936170213,-0.5035460992907801,-0.45390070921985815,-0.1099290780141844,-0.5354609929078015,-0.20567375886524822,-0.7269503546099291,-0.32978723404255317,-0.7872340425531915,-0.43617021276595747,-0.8085106382978723,0.0,-0.5460992907801419,-0.0425531914893617,-0.776595744680851,-0.1347517730496454,-0.9042553191489362,-0.21631205673758866,-1.0,0.10638297872340426,-0.5,0.15602836879432624,-0.6879432624113475,0.17375886524822695,-0.8333333333333334,0.1773049645390071,-0.9645390070921985
0,0.0,0.0,-0.18439716312056736,-0.0673758865248227,-0.33687943262411346,-0.19148936170212766,-0.4716312056737589,-0.2765957446808511,-0.549645390070922,-0.3829787234042553,-0.1950354609929078,-0.4787234042553192,-0.3262411347517731,-0.5957446808510638,-0.43617021276595747,-0.5354609929078015,-0.5,-0.450354609929078,-0.1099290780141844,-0.5354609929078015,-0.20567375886524822,-0.7304964539007093,-0.32978723404255317,-0.7801418439716312,-0.4397163120567376,-0.7978723404255319,-0.0035460992907801418,-0.5460992907801419,-0.04609929078014184,-0.7801418439716312,-0.13829787234042554,-0.9042553191489362,-0.22340425531914893,-1.0,0.10638297872340426,-0.5,0.15602836879432624,-0.6914893617021277,0.1702127659574468,-0.8333333333333334,0.1773049645390071,-0.9645390070921985
0,0.0,0.0,-0.17857142857142858,-0.06785714285714285,-0.33214285714285713,-0.19285714285714287,-0.4642857142857143,-0.28214285714285714,-0.55,-0.3892857142857143,-0.19285714285714287,-0.4785714285714286,-0.325,-0.5892857142857143,-0.4357142857142857,-0.5357142857142857,-0.5,-0.45714285714285713,-0.10714285714285714,-0.5392857142857143,-0.20714285714285716,-0.725,-0.33214285714285713,-0.7714285714285715,-0.4392857142857143,-0.7857142857142857,0.0035714285714285713,-0.55,-0.04642857142857143,-0.7857142857142857,-0.14285714285714285,-0.9071428571428571,-0.23214285714285715,-1.0,0.11071428571428571,-0.5071428571428571,0.16428571428571428,-0.7035714285714286,0.18214285714285713,-0.8428571428571429,0.18571428571428572,-0.975
0,0.0,0.0,-0.17857142857142858,-0.06785714285714285,-0.33214285714285713,-0.19285714285714287,-0.4642857142857143,-0.2785714285714286,-0.5535714285714286,-0.38571428571428573,-0.19285714285714287,-0.4785714285714286,-0.32857142857142857,-0.5892857142857143,-0.4392857142857143,-0.5357142857142857,-0.5035714285714286,-0.45714285714285713,-0.10714285714285714,-0.5392857142857143,-0.20714285714285716,-0.725,-0.33214285714285713,-0.7714285714285715,-0.4392857142857143,-0.7857142857142857,0.0035714285714285713,-0.55,-0.04642857142857143,-0.7857142857142857,-0.14642857142857144,-0.9071428571428571,-0.23214285714285715,-1.0,0.11071428571428571,-0.5107142857142857,0.16428571428571428,-0.7035714285714286,0.18214285714285713,-0.8428571428571429,0.18571428571428572,-0.975
0,0.0,0.0,-0.18571428571428572,-0.06785714285714285,-0.3392857142857143,-0.19642857142857142,-0.4714285714285714,-0.2857142857142857,-0.5642857142857143,-0.39285714285714285,-0.2,-0.4785714285714286,-0.33214285714285713,-0.5928571428571429,-0.44285714285714284,-0.5392857142857143,-0.5142857142857142,-0.4642857142857143,-0.11428571428571428,-0.5392857142857143,-0.21785714285714286,-0.725,-0.3464285714285714,-0.7678571428571429,-0.45357142857142857,-0.7821428571428571,-0.007142857142857143,-0.55,-0.05357142857142857,-0.7857142857142857,-0.15714285714285714,-0.9071428571428571,-0.24642857142857144,-1.0,0.10357142857142858,-0.5071428571428571,0.15714285714285714,-0.7035714285714286,0.17142857142857143,-0.8428571428571429,0.17857142857142858,-0.975
0,0.0,0.0,-0.175,-0.07142857142857142,-0.33214285714285713,-0.19285714285714287,-0.4714285714285714,-0.2785714285714286,-0.5535714285714286,-0.38571428571428573,-0.18928571428571428,-0.4785714285714286,-0.325,-0.5928571428571429,-0.4392857142857143,-0.5321428571428571,-0.5071428571428571,-0.45357142857142857,-0.10714285714285714,-0.5392857142857143,-0.21071428571428572,-0.7214285714285714,-0.3357142857142857,-0.7642857142857142,-0.4392857142857143,-0.775,0.0,-0.55,-0.04642857142857143,-0.7821428571428571,-0.14642857142857144,-0.9035714285714286,-0.23214285714285715,-1.0,0.11428571428571428,-0.5107142857142857,0.16428571428571428,-0.7071428571428572,0.17857142857142858,-0.8464285714285714,0.18214285714285713,-0.9785714285714285
0,0.0,0.0,-0.18705035971223022,-0.07194244604316546,-0.34172661870503596,-0.19424460431654678,-0.4784172661870504,-0.2805755395683453,-0.564748201438849,-0.38489208633093525,-0.20503597122302158,-0.4784172661870504,-0.3381294964028777,-0.5971223021582733,-0.44964028776978415,-0.5359712230215827,-0.5143884892086331,-0.45323741007194246,-0.11870503597122302,-0.539568345323741,-0.22661870503597123,-0.7230215827338129,-0.35611510791366907,-0.7661870503597122,-0.460431654676259,-0.7805755395683454,-0.007194244604316547,-0.5503597122302158,-0.06115107913669065,-0.7841726618705036,-0.16546762589928057,-0.9064748201438849,-0.2517985611510791,-1.0,0.1079136690647482,-0.5107913669064749,0.15827338129496402,-0.7050359712230215,0.17266187050359713,-0.8453237410071942,0.17985611510791366,-0.9784172661870504
0,0.0,0.0,-0.1827956989247312,-0.06810035842293907,-0.34050179211469533,-0.1935483870967742,-0.4731182795698925,-0.27956989247311825,-0.5591397849462365,-0.3870967741935484,-0.1935483870967742,-0.48028673835125446,-0.32616487455197135,-0.5913978494623656,-0.44086021505376344,-0.5304659498207885,-0.5053763440860215,-0.4551971326164875,-0.10752688172043011,-0.5376344086021505,-0.21863799283154123,-0.7204301075268817,-0.34408602150537637,-0.7598566308243727,-0.45161290322580644,-0.7777777777777778,0.0,-0.5483870967741935,-0.05017921146953405,-0.7813620071684588,-0.15412186379928317,-0.9032258064516129,-0.24014336917562723,-1.0,0.11469534050179211,-0.5089605734767025,0.16487455197132617,-0.6989247311827957,0.17921146953405018,-0.8422939068100358,0.1827956989247312,-0.974910394265233
0,0.0,0.0,-0.17667844522968199,-0.0706713780918728,-0.3286219081272085,-0.19081272084805653,-0.45936395759717313,-0.2791519434628975,-0.5477031802120141,-0.38162544169611307,-0.18374558303886926,-0.46996466431095407,-0.31802120141342755,-0.5830388692579506,-0.43109540636042404,-0.5265017667844523,-0.49823321554770317,-0.44876325088339225,-0.10600706713780919,-0.5265017667844523,-0.2049469964664311,-0.7208480565371025,-0.3321554770318021,-0.7773851590106007,-0.4416961130742049,-0.8056537102473498,0.0,-0.5371024734982333,-0.045936395759717315,-0.7703180212014135,-0.13780918727915195,-0.8975265017667845,-0.21908127208480566,-1.0,0.10600706713780919,-0.49823321554770317,0.1519434628975265,-0.6890459363957597,0.1696113074204947,-0.8268551236749117,0.17667844522968199,-0.9575971731448764
0,0.0,0.0,-0.17667844522968199,-0.06713780918727916,-0.3250883392226148,-0.19081272084805653,-0.45936395759717313,-0.2756183745583039,-0.5441696113074205,-0.38162544169611307,-0.18021201413427562,-0.46996466431095407,-0.31448763250883394,-0.5865724381625441,-0.4275618374558304,-0.5300353356890459,-0.49469964664310956,-0.44876325088339225,-0.0989399293286219,-0.5265017667844523,-0.20141342756183744,-0.7173144876325088,-0.3286219081272085,-0.773851590106007,-0.4416961130742049,-0.8021201413427562,0.0035335689045936395,-0.5335689045936396,-0.04240282685512368,-0.7703180212014135,-0.13427561837455831,-0.8975265017667845,-0.21554770318021202,-1.0,0.10954063604240283,-0.4911660777385159,0.15901060070671377,-0.6855123674911661,0.17667844522968199,-0.8268551236749117,0.18374558303886926,-0.9575971731448764
0,0.0,0.0,-0.17667844522968199,-0.0706713780918728,-0.3286219081272085,-0.19081272084805653,-0.45936395759717313,-0.2756183745583039,-0.5406360424028268,-0.38162544169611307,-0.19434628975265017,-0.4664310954063604,-0.3286219081272085,-0.5795053003533569,-0.43462897526501765,-0.5335689045936396,-0.5017667844522968,-0.4558303886925795,-0.11307420494699646,-0.5265017667844523,-0.21201413427561838,-0.7243816254416962,-0.33568904593639576,-0.8021201413427562,-0.44876325088339225,-0.8480565371024735,-0.007067137809187279,-0.5300353356890459,-0.04946996466431095,-0.7667844522968198,-0.13427561837455831,-0.8939929328621908,-0.21201413427561838,-1.0,0.0989399293286219,-0.4840989399293286,0.13427561837455831,-0.6749116607773852,0.14487632508833923,-0.8127208480565371,0.14487632508833923,-0.9399293286219081
0,0.0,0.0,-0.176056338028169,-0.07394366197183098,-0.3274647887323944,-0.1936619718309859,-0.4612676056338028,-0.2746478873239437,-0.5352112676056338,-0.38028169014084506,-0.18309859154929578,-0.46830985915492956,-0.31338028169014087,-0.5809859154929577,-0.4225352112676056,-0.5352112676056338,-0.4894366197183099,-0.4612676056338028,-0.1056338028169014,-0.5246478873239436,-0.20422535211267606,-0.7183098591549296,-0.33098591549295775,-0.8098591549295775,-0.4471830985915493,-0.8697183098591549,-0.007042253521126761,-0.528169014084507,-0.04225352112676056,-0.7640845070422535,-0.12323943661971831,-0.8943661971830986,-0.20422535211267606,-1.0,0.09507042253521127,-0.4823943661971831,0.12323943661971831,-0.6725352112676056,0.1267605633802817,-0.8098591549295775,0.11971830985915492,-0.9366197183098591
0,0.0,0.0,-0.17894736842105263,-0.07368421052631578,-0.3298245614035088,-0.19298245614035087,-0.45614035087719296,-0.2736842105263158,-0.5333333333333333,-0.37543859649122807,-0.18947368421052632,-0.47017543859649125,-0.3157894736842105,-0.5824561403508772,-0.4245614035087719,-0.5403508771929825,-0.48771929824561405,-0.4666666666666667,-0.11228070175438597,-0.5228070175438596,-0.21052631578947367,-0.7228070175438597,-0.3333333333333333,-0.8105263157894737,-0.4456140350877193,-0.8701754385964913,-0.010526315789473684,-0.5263157894736842,-0.05263157894736842,-0.7614035087719299,-0.13333333333333333,-0.8912280701754386,-0.21052631578947367,-1.0,0.08771929824561403,-0.4807017543859649,0.11228070175438597,-0.6666666666666666,0.11228070175438597,-0.8035087719298246,0.10175438596491228,-0.9298245614035088
0,0.0,0.0,-0.17253521126760563,-0.07394366197183098,-0.3204225352112676,-0.1936619718309859,-0.4471830985915493,-0.2711267605633803,-0.5246478873239436,-0.3732394366197183,-0.1795774647887324,-0.4753521126760563,-0.30633802816901406,-0.5809859154929577,-0.4154929577464789,-0.5352112676056338,-0.4823943661971831,-0.46830985915492956,-0.10211267605633803,-0.528169014084507,-0.1936619718309859,-0.721830985915493,-0.31690140845070425,-0.8133802816901409,-0.4295774647887324,-0.8767605633802817,0.0,-0.528169014084507,-0.03873239436619718,-0.7640845070422535,-0.11619718309859155,-0.8943661971830986,-0.19014084507042253,-1.0,0.09859154929577464,-0.4788732394366197,0.1267605633802817,-0.6690140845070423,0.12323943661971831,-0.8028169014084507,0.10915492957746478,-0.9295774647887324
0,0.0,0.0,-0.17192982456140352,-0.07017543859649122,-0.3192982456140351,-0.18596491228070175,-0.4456140350877193,-0.26666666666666666,-0.5157894736842106,-0.3719298245614035,-0.17543859649122806,-0.4666666666666667,-0.2982456140350877,-0.5754385964912281,-0.4070175438596491,-0.5403508771929825,-0.47719298245614034,-0.47719298245614034,-0.09824561403508772,-0.519298245614035,-0.18947368421052632,-0.7157894736842105,-0.312280701754386,-0.8105263157894737,-0.42105263157894735,-0.8771929824561403,0.0035087719298245615,-0.519298245614035,-0.03508771929824561,-0.7543859649122807,-0.10526315789473684,-0.887719298245614,-0.17543859649122806,-1.0,0.10175438596491228,-0.47017543859649125,0.12280701754385964,-0.656140350877193,0.11929824561403508,-0.7929824561403509,0.10526315789473684,-0.9192982456140351
0,0.0,0.0,-0.17192982456140352,-0.07368421052631578,-0.3192982456140351,-0.18947368421052632,-0.44912280701754387,-0.27017543859649124,-0.5157894736842106,-0.3824561403508772,-0.17894736842105263,-0.45964912280701753,-0.29473684210526313,-0.5754385964912281,-0.40350877192982454,-0.543859649122807,-0.47017543859649125,-0.47719298245614034,-0.10175438596491228,-0.5157894736842106,-0.18596491228070175,-0.7157894736842105,-0.3017543859649123,-0.8105263157894737,-0.4105263157894737,-0.8807017543859649,0.0,-0.5157894736842106,-0.031578947368421054,-0.7508771929824561,-0.10175438596491228,-0.8842105263157894,-0.16842105263157894,-1.0,0.10175438596491228,-0.47017543859649125,0.12280701754385964,-0.656140350877193,0.11578947368421053,-0.7894736842105263,0.10175438596491228,-0.9157894736842105
0,0.0,0.0,-0.17132867132867133,-0.07342657342657342,-0.3181818181818182,-0.1888111888111888,-0.44405594405594406,-0.2692307692307692,-0.5174825174825175,-0.3776223776223776,-0.17832167832167833,-0.46153846153846156,-0.2972027972027972,-0.5734265734265734,-0.4020979020979021,-0.5384615384615384,-0.47202797202797203,-0.47202797202797203,-0.0979020979020979,-0.5174825174825175,-0.18181818181818182,-0.7132867132867133,-0.3006993006993007,-0.8076923076923077,-0.4090909090909091,-0.8776223776223776,0.0034965034965034965,-0.5174825174825175,-0.03146853146853147,-0.7517482517482518,-0.10139860139860139,-0.8846153846153846,-0.16783216783216784,-1.0,0.10139860139860139,-0.46853146853146854,0.1258741258741259,-0.6538461538461539,0.11888111888111888,-0.7867132867132867,0.1048951048951049,-0.916083916083916
0,0.0,0.0,-0.16783216783216784,-0.07342657342657342,-0.3146853146853147,-0.19230769230769232,-0.4370629370629371,-0.2762237762237762,-0.5104895104895105,-0.3811188811188811,-0.17482517482517482,-0.46503496503496505,-0.2937062937062937,-0.5734265734265734,-0.4020979020979021,-0.5384615384615384,-0.47202797202797203,-0.47202797202797203,-0.0944055944055944,-0.5174825174825175,-0.18181818181818182,-0.7167832167832168,-0.2972027972027972,-0.8111888111888111,-0.40559440559440557,-0.8811188811188811,0.006993006993006993,-0.5174825174825175,-0.027972027972027972,-0.7517482517482518,-0.0979020979020979,-0.8881118881118881,-0.16783216783216784,-1.0,0.10839160839160839,-0.46503496503496505,0.13286713286713286,-0.6538461538461539,0.12937062937062938,-0.7867132867132867,0.11888111888111888,-0.9125874125874126
0,0.0,0.0,-0.17192982456140352,-0.07368421052631578,-0.3192982456140351,-0.19298245614035087,-0.4456140350877193,-0.2771929824561403,-0.5157894736842106,-0.38596491228070173,-0.17894736842105263,-0.4666666666666667,-0.29473684210526313,-0.5789473684210527,-0.4,-0.543859649122807,-0.4631578947368421,-0.47719298245614034,-0.10175438596491228,-0.519298245614035,-0.18596491228070175,-0.7192982456140351,-0.2982456140350877,-0.8175438596491228,-0.4070175438596491,-0.8912280701754386,0.0,-0.519298245614035,-0.031578947368421054,-0.7508771929824561,-0.09824561403508772,-0.8842105263157894,-0.16842105263157894,-1.0,0.10175438596491228,-0.47017543859649125,0.12631578947368421,-0.6526315789473685,0.12280701754385964,-0.7824561403508772,0.11578947368421053,-0.9087719298245615
0,0.0,0.0,-0.176056338028169,-0.07394366197183098,-0.323943661971831,-0.1936619718309859,-0.4471830985915493,-0.27816901408450706,-0.5140845070422535,-0.38380281690140844,-0.176056338028169,-0.46830985915492956,-0.29577464788732394,-0.5774647887323944,-0.40492957746478875,-0.5387323943661971,-0.46830985915492956,-0.4753521126760563,-0.09507042253521127,-0.5176056338028169,-0.18661971830985916,-0.7147887323943662,-0.2992957746478873,-0.8133802816901409,-0.40492957746478875,-0.897887323943662,0.007042253521126761,-0.5140845070422535,-0.035211267605633804,-0.7464788732394366,-0.1056338028169014,-0.8838028169014085,-0.176056338028169,-1.0,0.1056338028169014,-0.4612676056338028,0.1267605633802817,-0.647887323943662,0.12323943661971831,-0.778169014084507,0.11267605633802817,-0.9049295774647887
0,0.0,0.0,-0.18021201413427562,-0.07420494699646643,-0.3321554770318021,-0.1978798586572438,-0.45229681978798586,-0.2862190812720848,-0.5265017667844523,-0.392226148409894,-0.1872791519434629,-0.46996466431095407,-0.31095406360424027,-0.5901060070671378,-0.4169611307420495,-0.5477031802120141,-0.48056537102473496,-0.47703180212014135,-0.10247349823321555,-0.5229681978798587,-0.20141342756183744,-0.7208480565371025,-0.31448763250883394,-0.823321554770318,-0.4169611307420495,-0.9081272084805654,0.0035335689045936395,-0.5229681978798587,-0.04240282685512368,-0.7561837455830389,-0.12014134275618374,-0.8869257950530035,-0.19434628975265017,-1.0,0.11307420494699646,-0.47703180212014135,0.13780918727915195,-0.6643109540636042,0.13780918727915195,-0.7985865724381626,0.12367491166077739,-0.9187279151943463
0,0.0,0.0,-0.18214285714285713,-0.07857142857142857,-0.3357142857142857,-0.20357142857142857,-0.4642857142857143,-0.2892857142857143,-0.5392857142857143,-0.3964285714285714,-0.18928571428571428,-0.4714285714285714,-0.3142857142857143,-0.5892857142857143,-0.425,-0.55,-0.48928571428571427,-0.475,-0.10714285714285714,-0.5285714285714286,-0.20714285714285716,-0.725,-0.325,-0.8214285714285714,-0.4392857142857143,-0.9,0.0035714285714285713,-0.5321428571428571,-0.04285714285714286,-0.7607142857142857,-0.125,-0.8928571428571429,-0.20357142857142857,-1.0,0.11428571428571428,-0.4857142857142857,0.15,-0.675,0.15714285714285714,-0.8107142857142857,0.15,-0.9392857142857143
0,0.0,0.0,-0.18214285714285713,-0.07857142857142857,-0.3357142857142857,-0.2,-0.46785714285714286,-0.2892857142857143,-0.5392857142857143,-0.4,-0.18928571428571428,-0.475,-0.3142857142857143,-0.5928571428571429,-0.42142857142857143,-0.55,-0.48214285714285715,-0.475,-0.10714285714285714,-0.5285714285714286,-0.20714285714285716,-0.725,-0.325,-0.825,-0.4357142857142857,-0.9035714285714286,0.0035714285714285713,-0.5321428571428571,-0.04285714285714286,-0.7607142857142857,-0.125,-0.8928571428571429,-0.20357142857142857,-1.0,0.11428571428571428,-0.4857142857142857,0.14642857142857144,-0.675,0.15357142857142858,-0.8107142857142857,0.15,-0.9357142857142857
0,0.0,0.0,-0.1827956989247312,-0.07168458781362007,-0.34408602150537637,-0.1935483870967742,-0.48028673835125446,-0.27956989247311825,-0.5483870967741935,-0.3906810035842294,-0.2007168458781362,-0.4731182795698925,-0.32616487455197135,-0.5913978494623656,-0.43010752688172044,-0.5483870967741935,-0.4946236559139785,-0.4731182795698925,-0.11469534050179211,-0.5304659498207885,-0.2222222222222222,-0.7204301075268817,-0.34050179211469533,-0.8207885304659498,-0.45161290322580644,-0.8960573476702509,0.0,-0.5340501792114696,-0.053763440860215055,-0.7598566308243727,-0.13261648745519714,-0.8888888888888888,-0.2114695340501792,-1.0,0.11469534050179211,-0.4874551971326165,0.15412186379928317,-0.6774193548387096,0.16487455197132617,-0.8136200716845878,0.16487455197132617,-0.942652329749104
0,0.0,0.0,-0.1890909090909091,-0.07272727272727272,-0.3527272727272727,-0.19636363636363635,-0.4909090909090909,-0.28363636363636363,-0.56,-0.39636363636363636,-0.20727272727272728,-0.4763636363636364,-0.3381818181818182,-0.5927272727272728,-0.44363636363636366,-0.5490909090909091,-0.5054545454545455,-0.4727272727272727,-0.12,-0.5345454545454545,-0.2290909090909091,-0.7236363636363636,-0.3490909090909091,-0.8218181818181818,-0.4618181818181818,-0.8909090909090909,-0.007272727272727273,-0.5418181818181819,-0.05818181818181818,-0.7636363636363637,-0.13818181818181818,-0.8909090909090909,-0.21818181818181817,-1.0,0.11272727272727273,-0.49454545454545457,0.15636363636363637,-0.6836363636363636,0.16727272727272727,-0.8218181818181818,0.16727272727272727,-0.9490909090909091
0,0.0,0.0,-0.18613138686131386,-0.072992700729927,-0.354014598540146,-0.19343065693430658,-0.4927007299270073,-0.2846715328467153,-0.5583941605839416,-0.40145985401459855,-0.20802919708029197,-0.4744525547445255,-0.33941605839416056,-0.5948905109489051,-0.43795620437956206,-0.551094890510949,-0.5,-0.4744525547445255,-0.12043795620437957,-0.5364963503649635,-0.23357664233576642,-0.7262773722627737,-0.354014598540146,-0.8211678832116789,-0.4708029197080292,-0.8905109489051095,-0.0036496350364963502,-0.5437956204379562,-0.058394160583941604,-0.7627737226277372,-0.1386861313868613,-0.8905109489051095,-0.22262773722627738,-1.0,0.11678832116788321,-0.49635036496350365,0.16423357664233576,-0.6861313868613139,0.17518248175182483,-0.8248175182481752,0.17518248175182483,-0.9525547445255474
0,0.0,0.0,-0.19557195571955718,-0.07011070110701106,-0.36531365313653136,-0.1992619926199262,-0.4981549815498155,-0.2952029520295203,-0.5682656826568265,-0.4095940959409594,-0.22140221402214022,-0.47601476014760147,-0.3505535055350554,-0.6014760147601476,-0.45018450184501846,-0.5608856088560885,-0.5092250922509225,-0.4833948339483395,-0.13284132841328414,-0.5387453874538746,-0.24723247232472326,-0.7269372693726938,-0.36900369003690037,-0.8191881918819188,-0.4797047970479705,-0.8856088560885609,-0.01107011070110701,-0.5498154981549815,-0.07749077490774908,-0.7675276752767528,-0.16236162361623616,-0.8966789667896679,-0.24723247232472326,-1.0,0.11439114391143912,-0.5092250922509225,0.16236162361623616,-0.6974169741697417,0.17343173431734318,-0.8339483394833949,0.17343173431734318,-0.959409594095941
0,0.0,0.0,-0.19776119402985073,-0.06343283582089553,-0.3656716417910448,-0.19402985074626866,-0.5074626865671642,-0.291044776119403,-0.5783582089552238,-0.41044776119402987,-0.23134328358208955,-0.4701492537313433,-0.35447761194029853,-0.5932835820895522,-0.45149253731343286,-0.5597014925373134,-0.5149253731343284,-0.48507462686567165,-0.13805970149253732,-0.5373134328358209,-0.2462686567164179,-0.7276119402985075,-0.3694029850746269,-0.8208955223880597,-0.48134328358208955,-0.8880597014925373,-0.014925373134328358,-0.5522388059701493,-0.07462686567164178,-0.7686567164179104,-0.16044776119402984,-0.8992537313432836,-0.2462686567164179,-1.0,0.11194029850746269,-0.5149253731343284,0.16044776119402984,-0.6977611940298507,0.17537313432835822,-0.835820895522388,0.17537313432835822,-0.9626865671641791
0,0.0,0.0,-0.20224719101123595,-0.052434456928838954,-0.3782771535580524,-0.17228464419475656,-0.5243445692883895,-0.2808988764044944,-0.5767790262172284,-0.41198501872659177,-0.26591760299625467,-0.44569288389513106,-0.3857677902621723,-0.5730337078651685,-0.47191011235955055,-0.5468164794007491,-0.5243445692883895,-0.4794007490636704,-0.17228464419475656,-0.5205992509363296,-0.2808988764044944,-0.7078651685393258,-0.3895131086142322,-0.8052434456928839,-0.49063670411985016,-0.8801498127340824,-0.0449438202247191,-0.5393258426966292,-0.10486891385767791,-0.7565543071161048,-0.1797752808988764,-0.8876404494382022,-0.250936329588015,-1.0,0.08614232209737828,-0.5093632958801498,0.13108614232209737,-0.6928838951310862,0.14606741573033707,-0.8314606741573034,0.149812734082397,-0.9588014981273408
0,0.0,0.0,-0.20446096654275092,-0.055762081784386616,-0.3754646840148699,-0.17472118959107807,-0.516728624535316,-0.2788104089219331,-0.5762081784386617,-0.40892193308550184,-0.27137546468401486,-0.44609665427509293,-0.38661710037174724,-0.5724907063197026,-0.4758364312267658,-0.5464684014869888,-0.5204460966542751,-0.4758364312267658,-0.17472118959107807,-0.5204460966542751,-0.2825278810408922,-0.7063197026022305,-0.3903345724907063,-0.8029739776951673,-0.48698884758364314,-0.8736059479553904,-0.05204460966542751,-0.5390334572490706,-0.10780669144981413,-0.758364312267658,-0.17100371747211895,-0.8884758364312267,-0.2379182156133829,-1.0,0.07806691449814127,-0.5055762081784386,0.11895910780669144,-0.6877323420074349,0.13382899628252787,-0.8215613382899628,0.13382899628252787,-0.9479553903345725
0,0.0,0.0,-0.19852941176470587,-0.05514705882352941,-0.3639705882352941,-0.18382352941176472,-0.5036764705882353,-0.29044117647058826,-0.5588235294117647,-0.41544117647058826,-0.2536764705882353,-0.4485294117647059,-0.36764705882352944,-0.5698529411764706,-0.45588235294117646,-0.5477941176470589,-0.5073529411764706,-0.4852941176470588,-0.16176470588235295,-0.5183823529411765,-0.2647058823529412,-0.7058823529411765,-0.3713235294117647,-0.8051470588235294,-0.46691176470588236,-0.875,-0.04044117647058824,-0.5367647058823529,-0.09191176470588236,-0.7536764705882353,-0.15808823529411764,-0.8897058823529411,-0.22426470588235295,-1.0,0.08823529411764706,-0.5036764705882353,0.1323529411764706,-0.6875,0.14705882352941177,-0.8198529411764706,0.14705882352941177,-0.9448529411764706
0,0.0,0.0,-0.1948529411764706,-0.05514705882352941,-0.3602941176470588,-0.18382352941176472,-0.5,-0.29044117647058826,-0.5588235294117647,-0.41544117647058826,-0.2536764705882353,-0.4485294117647059,-0.3639705882352941,-0.5698529411764706,-0.45588235294117646,-0.5514705882352942,-0.5073529411764706,-0.4852941176470588,-0.15808823529411764,-0.5220588235294118,-0.2647058823529412,-0.7058823529411765,-0.3713235294117647,-0.8051470588235294,-0.46691176470588236,-0.875,-0.04044117647058824,-0.5367647058823529,-0.09191176470588236,-0.7573529411764706,-0.15808823529411764,-0.8897058823529411,-0.22794117647058823,-1.0,0.08455882352941177,-0.5036764705882353,0.12867647058823528,-0.6875,0.14338235294117646,-0.8198529411764706,0.14338235294117646,-0.9448529411764706
0,0.0,0.0,-0.19557195571955718,-0.05904059040590406,-0.36162361623616235,-0.18450184501845018,-0.4944649446494465,-0.2878228782287823,-0.5535055350553506,-0.41697416974169743,-0.24354243542435425,-0.45018450184501846,-0.35793357933579334,-0.5756457564575646,-0.44649446494464945,-0.5535055350553506,-0.5018450184501845,-0.4907749077490775,-0.15129151291512916,-0.5202952029520295,-0.25092250922509224,-0.7084870848708487,-0.35793357933579334,-0.8081180811808119,-0.45387453874538747,-0.8782287822878229,-0.02952029520295203,-0.5387453874538746,-0.08118081180811808,-0.7564575645756457,-0.14760147601476015,-0.8892988929889298,-0.2177121771217712,-1.0,0.0959409594095941,-0.5018450184501845,0.14760147601476015,-0.6826568265682657,0.16236162361623616,-0.8191881918819188,0.16236162361623616,-0.9446494464944649
0,0.0,0.0,-0.1962962962962963,-0.06666666666666667,-0.3592592592592593,-0.1962962962962963,-0.4962962962962963,-0.3,-0.5555555555555556,-0.4222222222222222,-0.22962962962962963,-0.45925925925925926,-0.34444444444444444,-0.5851851851851851,-0.44074074074074077,-0.5666666666666667,-0.5,-0.5037037037037037,-0.13703703703703704,-0.5259259259259259,-0.24074074074074073,-0.7148148148148148,-0.34814814814814815,-0.8148148148148148,-0.44814814814814813,-0.8888888888888888,-0.014814814814814815,-0.5370370370370371,-0.07037037037037037,-0.7555555555555555,-0.14074074074074075,-0.8925925925925926,-0.2074074074074074,-1.0,0.10740740740740741,-0.5,0.15555555555555556,-0.6851851851851852,0.17037037037037037,-0.8185185185185185,0.17037037037037037,-0.9444444444444444
0,0.0,0.0,-0.1801470588235294,-0.07352941176470588,-0.3382352941176471,-0.20955882352941177,-0.47058823529411764,-0.3125,-0.5330882352941176,-0.43014705882352944,-0.19852941176470587,-0.4742647058823529,-0.3161764705882353,-0.5992647058823529,-0.41544117647058826,-0.5698529411764706,-0.47794117647058826,-0.5036764705882353,-0.10661764705882353,-0.5330882352941176,-0.20588235294117646,-0.7279411764705882,-0.3161764705882353,-0.8235294117647058,-0.41911764705882354,-0.8897058823529411,0.011029411764705883,-0.5367647058823529,-0.03676470588235294,-0.7573529411764706,-0.10661764705882353,-0.8897058823529411,-0.1801470588235294,-1.0,0.12867647058823528,-0.4889705882352941,0.18382352941176472,-0.6727941176470589,0.19852941176470587,-0.8088235294117647,0.19852941176470587,-0.9375
0,0.0,0.0,-0.17647058823529413,-0.08088235294117647,-0.3161764705882353,-0.22058823529411764,-0.4411764705882353,-0.3272058823529412,-0.5183823529411765,-0.4411764705882353,-0.15808823529411764,-0.4742647058823529,-0.27941176470588236,-0.6029411764705882,-0.3860294117647059,-0.5735294117647058,-0.45955882352941174,-0.5110294117647058,-0.06985294117647059,-0.5294117647058824,-0.16176470588235295,-0.7279411764705882,-0.27941176470588236,-0.8198529411764706,-0.3897058823529412,-0.8897058823529411,0.04044117647058824,-0.5294117647058824,0.007352941176470588,-0.7573529411764706,-0.06985294117647059,-0.8897058823529411,-0.15073529411764705,-1.0,0.15073529411764705,-0.48161764705882354,0.20955882352941177,-0.6691176470588235,0.22426470588235295,-0.8051470588235294,0.22426470588235295,-0.9301470588235294
0,0.0,0.0,-0.17518248175182483,-0.08029197080291971,-0.3175182481751825,-0.22262773722627738,-0.4416058394160584,-0.32116788321167883,-0.5182481751824818,-0.43795620437956206,-0.14963503649635038,-0.4781021897810219,-0.2737226277372263,-0.6021897810218978,-0.38321167883211676,-0.5693430656934306,-0.4562043795620438,-0.5036496350364964,-0.06204379562043796,-0.5291970802919708,-0.15328467153284672,-0.7262773722627737,-0.2737226277372263,-0.8248175182481752,-0.38321167883211676,-0.8941605839416058,0.04744525547445255,-0.5291970802919708,0.010948905109489052,-0.7591240875912408,-0.06934306569343066,-0.8905109489051095,-0.145985401459854,-1.0,0.15328467153284672,-0.4781021897810219,0.20802919708029197,-0.6642335766423357,0.22992700729927007,-0.7992700729927007,0.23357664233576642,-0.9306569343065694
0,0.0,0.0,-0.17647058823529413,-0.08455882352941177,-0.3235294117647059,-0.22794117647058823,-0.44485294117647056,-0.33088235294117646,-0.5220588235294118,-0.44485294117647056,-0.14338235294117646,-0.4852941176470588,-0.2757352941176471,-0.6139705882352942,-0.3897058823529412,-0.5772058823529411,-0.46691176470588236,-0.5073529411764706,-0.05514705882352941,-0.5330882352941176,-0.15073529411764705,-0.7389705882352942,-0.2757352941176471,-0.8382352941176471,-0.3897058823529412,-0.9044117647058824,0.051470588235294115,-0.5294117647058824,0.011029411764705883,-0.7647058823529411,-0.06985294117647059,-0.8933823529411765,-0.15073529411764705,-1.0,0.15441176470588236,-0.47794117647058826,0.20955882352941177,-0.6654411764705882,0.22794117647058823,-0.8014705882352942,0.23161764705882354,-0.9301470588235294
0,0.0,0.0,-0.1794871794871795,-0.08424908424908426,-0.326007326007326,-0.2271062271062271,-0.45054945054945056,-0.32967032967032966,-0.5274725274725275,-0.4468864468864469,-0.14652014652014653,-0.4835164835164835,-0.2783882783882784,-0.608058608058608,-0.3956043956043956,-0.575091575091575,-0.4725274725274725,-0.5054945054945055,-0.05860805860805861,-0.5311355311355311,-0.15384615384615385,-0.7362637362637363,-0.2783882783882784,-0.8351648351648352,-0.39194139194139194,-0.9010989010989011,0.047619047619047616,-0.5274725274725275,0.007326007326007326,-0.7619047619047619,-0.07692307692307693,-0.8937728937728938,-0.1575091575091575,-1.0,0.15018315018315018,-0.47619047619047616,0.20146520146520147,-0.663003663003663,0.22344322344322345,-0.8021978021978022,0.2271062271062271,-0.9304029304029304
0,0.0,0.0,-0.17153284671532848,-0.0948905109489051,-0.30656934306569344,-0.23357664233576642,-0.42700729927007297,-0.33211678832116787,-0.5,-0.4489051094890511,-0.12773722627737227,-0.48175182481751827,-0.25547445255474455,-0.6094890510948905,-0.3686131386861314,-0.5766423357664233,-0.4489051094890511,-0.5109489051094891,-0.040145985401459854,-0.5291970802919708,-0.12773722627737227,-0.7335766423357665,-0.2518248175182482,-0.8357664233576643,-0.3686131386861314,-0.9087591240875912,0.06569343065693431,-0.5255474452554745,0.029197080291970802,-0.7627737226277372,-0.05474452554744526,-0.8941605839416058,-0.1386861313868613,-1.0,0.1678832116788321,-0.4781021897810219,0.21897810218978103,-0.6678832116788321,0.23357664233576642,-0.8029197080291971,0.23722627737226276,-0.9306569343065694
0,0.0,0.0,-0.1678832116788321,-0.0948905109489051,-0.30656934306569344,-0.23357664233576642,-0.42700729927007297,-0.3357664233576642,-0.5,-0.45255474452554745,-0.12773722627737227,-0.4854014598540146,-0.25547445255474455,-0.6094890510948905,-0.3759124087591241,-0.572992700729927,-0.45255474452554745,-0.5109489051094891,-0.043795620437956206,-0.5328467153284672,-0.13138686131386862,-0.7372262773722628,-0.25547445255474455,-0.8357664233576643,-0.3686131386861314,-0.9014598540145985,0.06204379562043796,-0.5255474452554745,0.025547445255474453,-0.7627737226277372,-0.06204379562043796,-0.8941605839416058,-0.14233576642335766,-1.0,0.16058394160583941,-0.4744525547445255,0.21897810218978103,-0.6605839416058394,0.23722627737226276,-0.7992700729927007,0.24087591240875914,-0.927007299270073
0,0.0,0.0,-0.17518248175182483,-0.0948905109489051,-0.31386861313868614,-0.23357664233576642,-0.4343065693430657,-0.3357664233576642,-0.5145985401459854,-0.45255474452554745,-0.13138686131386862,-0.4854014598540146,-0.26277372262773724,-0.6131386861313869,-0.38321167883211676,-0.5766423357664233,-0.45985401459854014,-0.5109489051094891,-0.043795620437956206,-0.5291970802919708,-0.13138686131386862,-0.7408759124087592,-0.2591240875912409,-0.8394160583941606,-0.3795620437956204,-0.9051094890510949,0.06204379562043796,-0.5255474452554745,0.021897810218978103,-0.7627737226277372,-0.06934306569343066,-0.8941605839416058,-0.15328467153284672,-1.0,0.16058394160583941,-0.4781021897810219,0.20802919708029197,-0.6642335766423357,0.22262773722627738,-0.7956204379562044,0.22627737226277372,-0.9197080291970803
0,0.0,0.0,-0.1709090909090909,-0.09090909090909091,-0.3090909090909091,-0.23272727272727273,-0.43272727272727274,-0.33454545454545453,-0.5127272727272727,-0.4509090909090909,-0.13090909090909092,-0.4909090909090909,-0.26181818181818184,-0.6145454545454545,-0.38181818181818183,-0.5781818181818181,-0.4618181818181818,-0.509090909090909,-0.04727272727272727,-0.5345454545454545,-0.13454545454545455,-0.7418181818181818,-0.2581818181818182,-0.84,-0.37454545454545457,-0.9054545454545454,0.05818181818181818,-0.5309090909090909,0.02181818181818182,-0.7672727272727272,-0.06545454545454546,-0.8981818181818182,-0.14909090909090908,-1.0,0.15636363636363637,-0.4763636363636364,0.2109090909090909,-0.6618181818181819,0.2290909090909091,-0.8,0.23272727272727273,-0.9272727272727272
0,0.0,0.0,-0.17454545454545456,-0.09454545454545454,-0.31272727272727274,-0.23272727272727273,-0.43636363636363634,-0.33454545454545453,-0.52,-0.44727272727272727,-0.14181818181818182,-0.48727272727272725,-0.27636363636363637,-0.6145454545454545,-0.3927272727272727,-0.5781818181818181,-0.4690909090909091,-0.509090909090909,-0.05454545454545454,-0.5345454545454545,-0.14545454545454545,-0.7418181818181818,-0.2690909090909091,-0.84,-0.38545454545454544,-0.9054545454545454,0.04727272727272727,-0.5309090909090909,0.007272727272727273,-0.7672727272727272,-0.08,-0.8981818181818182,-0.16363636363636364,-1.0,0.14909090909090908,-0.48363636363636364,0.19636363636363635,-0.6690909090909091,0.2109090909090909,-0.8036363636363636,0.21454545454545454,-0.9236363636363636
0,0.0,0.0,-0.1781818181818182,-0.09090909090909091,-0.32,-0.23272727272727273,-0.44363636363636366,-0.33454545454545453,-0.5272727272727272,-0.44727272727272727,-0.14545454545454545,-0.4909090909090909,-0.27636363636363637,-0.6145454545454545,-0.39636363636363636,-0.5781818181818181,-0.4727272727272727,-0.509090909090909,-0.05818181818181818,-0.5381818181818182,-0.14909090909090908,-0.7418181818181818,-0.2727272727272727,-0.84,-0.3927272727272727,-0.9054545454545454,0.04727272727272727,-0.5345454545454545,0.0036363636363636364,-0.7672727272727272,-0.08363636363636363,-0.8981818181818182,-0.16727272727272727,-1.0,0.14545454545454545,-0.48363636363636364,0.19636363636363635,-0.6690909090909091,0.20727272727272728,-0.8036363636363636,0.2109090909090909,-0.9272727272727272
0,0.0,0.0,-0.1709090909090909,-0.09090909090909091,-0.3054545454545455,-0.23272727272727273,-0.4290909090909091,-0.33090909090909093,-0.5163636363636364,-0.44,-0.13090909090909092,-0.48363636363636364,-0.26545454545454544,-0.6072727272727273,-0.38181818181818183,-0.5672727272727273,-0.4581818181818182,-0.49818181818181817,-0.04727272727272727,-0.5309090909090909,-0.13818181818181818,-0.7381818181818182,-0.26181818181818184,-0.8363636363636363,-0.38181818181818183,-0.9054545454545454,0.05454545454545454,-0.5272727272727272,0.014545454545454545,-0.7636363636363637,-0.07272727272727272,-0.8981818181818182,-0.15636363636363637,-1.0,0.14909090909090908,-0.4763636363636364,0.2,-0.6654545454545454,0.21454545454545454,-0.8036363636363636,0.21818181818181817,-0.9272727272727272
0,0.0,0.0,-0.17153284671532848,-0.0948905109489051,-0.3102189781021898,-0.22992700729927007,-0.4306569343065693,-0.33211678832116787,-0.5145985401459854,-0.44525547445255476,-0.14233576642335766,-0.4854014598540146,-0.2773722627737226,-0.6131386861313869,-0.3978102189781022,-0.572992700729927,-0.4744525547445255,-0.5072992700729927,-0.058394160583941604,-0.5291970802919708,-0.145985401459854,-0.7408759124087592,-0.2737226277372263,-0.843065693430657,-0.38686131386861317,-0.9124087591240876,0.043795620437956206,-0.5255474452554745,0.0072992700729927005,-0.7627737226277372,-0.08029197080291971,-0.8978102189781022,-0.16058394160583941,-1.0,0.14233576642335766,-0.4744525547445255,0.18613138686131386,-0.6642335766423357,0.19708029197080293,-0.7992700729927007,0.20437956204379562,-0.9233576642335767
0,0.0,0.0,-0.17391304347826086,-0.09057971014492754,-0.3115942028985507,-0.23550724637681159,-0.427536231884058,-0.33695652173913043,-0.5108695652173914,-0.44565217391304346,-0.14130434782608695,-0.4927536231884058,-0.26811594202898553,-0.6159420289855072,-0.38768115942028986,-0.5760869565217391,-0.4673913043478261,-0.5072463768115942,-0.057971014492753624,-0.532608695652174,-0.14855072463768115,-0.7463768115942029,-0.2753623188405797,-0.8405797101449275,-0.391304347826087,-0.9021739130434783,0.03985507246376811,-0.5253623188405797,0.0,-0.7681159420289855,-0.09057971014492754,-0.8985507246376812,-0.17391304347826086,-1.0,0.13405797101449277,-0.4746376811594203,0.17028985507246377,-0.6594202898550725,0.17391304347826086,-0.7934782608695652,0.17028985507246377,-0.9130434782608695
0,0.0,0.0,-0.17582417582417584,-0.09157509157509157,-0.315018315018315,-0.23443223443223443,-0.4358974358974359,-0.3333333333333333,-0.5164835164835165,-0.4432234432234432,-0.15018315018315018,-0.4945054945054945,-0.2783882783882784,-0.6263736263736264,-0.3956043956043956,-0.5824175824175825,-0.4725274725274725,-0.5091575091575091,-0.0695970695970696,-0.5347985347985348,-0.1575091575091575,-0.7472527472527473,-0.2857142857142857,-0.8351648351648352,-0.40293040293040294,-0.8901098901098901,0.03296703296703297,-0.5274725274725275,-0.01098901098901099,-0.7692307692307693,-0.10256410256410256,-0.8974358974358975,-0.18681318681318682,-1.0,0.1282051282051282,-0.4725274725274725,0.16483516483516483,-0.6593406593406593,0.17216117216117216,-0.7912087912087912,0.1684981684981685,-0.9157509157509157
0,0.0,0.0,-0.17777777777777778,-0.0962962962962963,-0.32222222222222224,-0.23703703703703705,-0.44814814814814813,-0.32592592592592595,-0.5222222222222223,-0.43333333333333335,-0.14814814814814814,-0.5,-0.28888888888888886,-0.6296296296296297,-0.4111111111111111,-0.5814814814814815,-0.4925925925925926,-0.5037037037037037,-0.06666666666666667,-0.5407407407407407,-0.16296296296296298,-0.7518518518518519,-0.2962962962962963,-0.8333333333333334,-0.4185185185185185,-0.8777777777777778,0.02962962962962963,-0.5296296296296297,-0.014814814814814815,-0.774074074074074,-0.11481481481481481,-0.9,-0.2037037037037037,-1.0,0.1259259259259259,-0.4740740740740741,0.16296296296296298,-0.6592592592592592,0.16666666666666666,-0.7925925925925926,0.16296296296296298,-0.9185185185185185
0,0.0,0.0,-0.17279411764705882,-0.09926470588235294,-0.3125,-0.23897058823529413,-0.4338235294117647,-0.3272058823529412,-0.5110294117647058,-0.4338235294117647,-0.13970588235294118,-0.4963235294117647,-0.2757352941176471,-0.6213235294117647,-0.4007352941176471,-0.5772058823529411,-0.47794117647058826,-0.5036764705882353,-0.058823529411764705,-0.5367647058823529,-0.15441176470588236,-0.7463235294117647,-0.29044117647058826,-0.8308823529411765,-0.4117647058823529,-0.8823529411764706,0.03676470588235294,-0.5294117647058824,-0.007352941176470588,-0.7720588235294118,-0.10294117647058823,-0.8970588235294118,-0.19117647058823528,-1.0,0.1323529411764706,-0.47058823529411764,0.16911764705882354,-0.6580882352941176,0.17279411764705882,-0.7941176470588235,0.16911764705882354,-0.9191176470588235
0,0.0,0.0,-0.17228464419475656,-0.10112359550561797,-0.3146067415730337,-0.24719101123595505,-0.4344569288389513,-0.3408239700374532,-0.5131086142322098,-0.449438202247191,-0.1348314606741573,-0.5056179775280899,-0.2696629213483146,-0.6404494382022472,-0.39325842696629215,-0.5917602996254682,-0.4756554307116105,-0.5131086142322098,-0.056179775280898875,-0.5430711610486891,-0.14232209737827714,-0.7640449438202247,-0.2808988764044944,-0.8426966292134831,-0.4044943820224719,-0.8876404494382022,0.04119850187265917,-0.5280898876404494,0.003745318352059925,-0.7790262172284644,-0.10112359550561797,-0.9063670411985019,-0.1947565543071161,-1.0,0.13108614232209737,-0.4681647940074906,0.17228464419475656,-0.6554307116104869,0.1760299625468165,-0.7940074906367042,0.16853932584269662,-0.9213483146067416
0,0.0,0.0,-0.17045454545454544,-0.10606060606060606,-0.3106060606060606,-0.2537878787878788,-0.4356060606060606,-0.3446969696969697,-0.5189393939393939,-0.44696969696969696,-0.13636363636363635,-0.5037878787878788,-0.2727272727272727,-0.6363636363636364,-0.4015151515151515,-0.5909090909090909,-0.48484848484848486,-0.5151515151515151,-0.05303030303030303,-0.5416666666666666,-0.14393939393939395,-0.7613636363636364,-0.2803030303030303,-0.8446969696969697,-0.4053030303030303,-0.8901515151515151,0.041666666666666664,-0.5303030303030303,0.0,-0.7803030303030303,-0.10606060606060606,-0.9053030303030303,-0.19696969696969696,-1.0,0.13257575757575757,-0.4696969696969697,0.16666666666666666,-0.6590909090909091,0.17045454545454544,-0.7954545454545454,0.16287878787878787,-0.9204545454545454
0,0.0,0.0,-0.17829457364341086,-0.1124031007751938,-0.32170542635658916,-0.2596899224806202,-0.44573643410852715,-0.35271317829457366,-0.5232558139534884,-0.46124031007751937,-0.12790697674418605,-0.5193798449612403,-0.26744186046511625,-0.6589147286821705,-0.40310077519379844,-0.6085271317829457,-0.49224806201550386,-0.5232558139534884,-0.050387596899224806,-0.5503875968992248,-0.14728682170542637,-0.7713178294573644,-0.29457364341085274,-0.8449612403100775,-0.4263565891472868,-0.8837209302325582,0.046511627906976744,-0.5387596899224806,-0.003875968992248062,-0.7945736434108527,-0.12015503875968993,-0.9108527131782945,-0.2248062015503876,-1.0,0.13953488372093023,-0.47674418604651164,0.17054263565891473,-0.6705426356589147,0.16279069767441862,-0.810077519379845,0.14728682170542637,-0.937984496124031
0,0.0,0.0,-0.18359375,-0.10546875,-0.328125,-0.25390625,-0.45703125,-0.34765625,-0.546875,-0.45703125,-0.140625,-0.515625,-0.2890625,-0.6484375,-0.421875,-0.59765625,-0.50390625,-0.515625,-0.05859375,-0.55078125,-0.16015625,-0.76953125,-0.30859375,-0.84375,-0.44140625,-0.88671875,0.03515625,-0.5390625,-0.01171875,-0.78515625,-0.125,-0.90625,-0.2265625,-1.0,0.12109375,-0.4765625,0.15625,-0.671875,0.15234375,-0.80859375,0.14453125,-0.94140625
0,0.0,0.0,-0.1744186046511628,-0.10465116279069768,-0.313953488372093,-0.2558139534883721,-0.437984496124031,-0.35271317829457366,-0.5271317829457365,-0.4573643410852713,-0.12790697674418605,-0.5155038759689923,-0.2751937984496124,-0.6472868217054264,-0.4069767441860465,-0.5968992248062015,-0.49224806201550386,-0.5193798449612403,-0.050387596899224806,-0.5503875968992248,-0.1434108527131783,-0.7674418604651163,-0.29457364341085274,-0.8488372093023255,-0.4263565891472868,-0.8875968992248062,0.046511627906976744,-0.5348837209302325,-0.003875968992248062,-0.7868217054263565,-0.11627906976744186,-0.9108527131782945,-0.21705426356589147,-1.0,0.13178294573643412,-0.4728682170542636,0.16279069767441862,-0.6666666666666666,0.15891472868217055,-0.8062015503875969,0.14728682170542637,-0.937984496124031
0,0.0,0.0,-0.17509727626459143,-0.10505836575875487,-0.3151750972762646,-0.2529182879377432,-0.4396887159533074,-0.35019455252918286,-0.5252918287937743,-0.4591439688715953,-0.1245136186770428,-0.5136186770428015,-0.2723735408560311,-0.6498054474708171,-0.4085603112840467,-0.5953307392996109,-0.490272373540856,-0.5175097276264592,-0.042801556420233464,-0.5486381322957199,-0.14007782101167315,-0.7665369649805448,-0.2918287937743191,-0.8482490272373541,-0.42412451361867703,-0.8910505836575876,0.05058365758754864,-0.5369649805447471,0.0,-0.7821011673151751,-0.11284046692607004,-0.9066147859922179,-0.2178988326848249,-1.0,0.13618677042801555,-0.4785992217898833,0.16342412451361868,-0.669260700389105,0.1556420233463035,-0.8093385214007782,0.14007782101167315,-0.9416342412451362
0,0.0,0.0,-0.17307692307692307,-0.1,-0.31153846153846154,-0.24615384615384617,-0.43846153846153846,-0.3384615384615385,-0.5230769230769231,-0.4461538461538462,-0.13076923076923078,-0.5115384615384615,-0.27307692307692305,-0.6384615384615384,-0.40384615384615385,-0.5884615384615385,-0.48846153846153845,-0.5076923076923077,-0.05384615384615385,-0.5538461538461539,-0.14615384615384616,-0.7653846153846153,-0.28846153846153844,-0.8461538461538461,-0.41923076923076924,-0.8884615384615384,0.04230769230769231,-0.5423076923076923,-0.0038461538461538464,-0.7846153846153846,-0.11153846153846154,-0.9076923076923077,-0.21153846153846154,-1.0,0.12692307692307692,-0.4846153846153846,0.16153846153846155,-0.6807692307692308,0.1576923076923077,-0.8192307692307692,0.14615384615384616,-0.9423076923076923
0,0.0,0.0,-0.17692307692307693,-0.09230769230769231,-0.3192307692307692,-0.2423076923076923,-0.4461538461538462,-0.3346153846153846,-0.5307692307692308,-0.4423076923076923,-0.14615384615384616,-0.5076923076923077,-0.28846153846153844,-0.6307692307692307,-0.4115384615384615,-0.5807692307692308,-0.49230769230769234,-0.5076923076923077,-0.06153846153846154,-0.55,-0.15384615384615385,-0.7576923076923077,-0.2923076923076923,-0.8423076923076923,-0.4230769230769231,-0.8846153846153846,0.038461538461538464,-0.5384615384615384,-0.007692307692307693,-0.7846153846153846,-0.11153846153846154,-0.9076923076923077,-0.21153846153846154,-1.0,0.13076923076923078,-0.4846153846153846,0.16923076923076924,-0.6807692307692308,0.16923076923076924,-0.8192307692307692,0.1576923076923077,-0.95
0,0.0,0.0,-0.17110266159695817,-0.10266159695817491,-0.3041825095057034,-0.25475285171102663,-0.4296577946768061,-0.34980988593155893,-0.5057034220532319,-0.4600760456273764,-0.11787072243346007,-0.5057034220532319,-0.2509505703422053,-0.6349809885931559,-0.376425855513308,-0.596958174904943,-0.4600760456273764,-0.5285171102661597,-0.034220532319391636,-0.5475285171102662,-0.12167300380228137,-0.7566539923954373,-0.25475285171102663,-0.844106463878327,-0.3840304182509506,-0.8897338403041825,0.06463878326996197,-0.5399239543726235,0.022813688212927757,-0.7832699619771863,-0.08365019011406843,-0.908745247148289,-0.18631178707224336,-1.0,0.155893536121673,-0.4866920152091255,0.19771863117870722,-0.6844106463878327,0.19771863117870722,-0.8250950570342205,0.18631178707224336,-0.9543726235741445
0,0.0,0.0,-0.1724137931034483,-0.10344827586206896,-0.3103448275862069,-0.24904214559386972,-0.42911877394636017,-0.3524904214559387,-0.5019157088122606,-0.46360153256704983,-0.12260536398467432,-0.5057471264367817,-0.2567049808429119,-0.6360153256704981,-0.3793103448275862,-0.5977011494252874,-0.46360153256704983,-0.524904214559387,-0.038314176245210725,-0.5478927203065134,-0.11877394636015326,-0.7586206896551724,-0.24904214559386972,-0.842911877394636,-0.3716475095785441,-0.8888888888888888,0.06513409961685823,-0.5402298850574713,0.02681992337164751,-0.7816091954022989,-0.07279693486590039,-0.9080459770114943,-0.16475095785440613,-1.0,0.15708812260536398,-0.48659003831417624,0.19540229885057472,-0.685823754789272,0.19540229885057472,-0.8275862068965517,0.19157088122605365,-0.9578544061302682
0,0.0,0.0,-0.17424242424242425,-0.0946969696969697,-0.3106060606060606,-0.25,-0.42803030303030304,-0.35984848484848486,-0.4962121212121212,-0.4810606060606061,-0.12121212121212122,-0.5,-0.24242424242424243,-0.6401515151515151,-0.36363636363636365,-0.6060606060606061,-0.44696969696969696,-0.5378787878787878,-0.03409090909090909,-0.5416666666666666,-0.10984848484848485,-0.75,-0.23484848484848486,-0.8409090909090909,-0.3560606060606061,-0.8901515151515151,0.06818181818181818,-0.5340909090909091,0.030303030303030304,-0.7727272727272727,-0.06439393939393939,-0.9015151515151515,-0.1553030303030303,-1.0,0.16287878787878787,-0.4772727272727273,0.20833333333333334,-0.6742424242424242,0.2159090909090909,-0.8143939393939394,0.20833333333333334,-0.946969696969697
0,0.0,0.0,-0.1647940074906367,-0.1198501872659176,-0.27340823970037453,-0.2958801498127341,-0.3707865168539326,-0.43820224719101125,-0.3895131086142322,-0.5767790262172284,-0.04868913857677903,-0.49063670411985016,-0.12734082397003746,-0.6479400749063671,-0.24344569288389514,-0.6554307116104869,-0.3333333333333333,-0.6254681647940075,0.0449438202247191,-0.5280898876404494,0.011235955056179775,-0.7340823970037453,-0.09363295880149813,-0.846441947565543,-0.1947565543071161,-0.9213483146067416,0.149812734082397,-0.5168539325842697,0.15730337078651685,-0.7453183520599251,0.08614232209737828,-0.8876404494382022,0.0149812734082397,-1.0,0.24344569288389514,-0.4681647940074906,0.3146067415730337,-0.6554307116104869,0.3333333333333333,-0.7902621722846442,0.3333333333333333,-0.9101123595505618
0,0.0,0.0,-0.15849056603773584,-0.12075471698113208,-0.2641509433962264,-0.29056603773584905,-0.3584905660377358,-0.43018867924528303,-0.39622641509433965,-0.5660377358490566,-0.03773584905660377,-0.4867924528301887,-0.1169811320754717,-0.6415094339622641,-0.2339622641509434,-0.6490566037735849,-0.32452830188679244,-0.6150943396226415,0.052830188679245285,-0.5207547169811321,0.018867924528301886,-0.7358490566037735,-0.0830188679245283,-0.8452830188679246,-0.18490566037735848,-0.9207547169811321,0.15471698113207547,-0.5132075471698113,0.16226415094339622,-0.7509433962264151,0.09056603773584905,-0.8905660377358491,0.018867924528301886,-1.0,0.24528301886792453,-0.4641509433962264,0.3169811320754717,-0.6566037735849056,0.33962264150943394,-0.7924528301886793,0.3433962264150943,-0.9169811320754717
0,0.0,0.0,-0.15708812260536398,-0.12260536398467432,-0.2720306513409962,-0.2950191570881226,-0.36398467432950193,-0.4367816091954023,-0.39080459770114945,-0.5823754789272031,-0.034482758620689655,-0.4904214559386973,-0.11494252873563218,-0.6475095785440613,-0.22988505747126436,-0.6590038314176245,-0.3218390804597701,-0.6283524904214559,0.06130268199233716,-0.524904214559387,0.022988505747126436,-0.735632183908046,-0.07279693486590039,-0.842911877394636,-0.1724137931034483,-0.9118773946360154,0.16475095785440613,-0.5172413793103449,0.1724137931034483,-0.7509578544061303,0.10344827586206896,-0.89272030651341,0.034482758620689655,-1.0,0.26053639846743293,-0.4674329501915709,0.3333333333333333,-0.6513409961685823,0.3524904214559387,-0.7931034482758621,0.3563218390804598,-0.9157088122605364
0,0.0,0.0,-0.1576923076923077,-0.1346153846153846,-0.25769230769230766,-0.3230769230769231,-0.3384615384615385,-0.47692307692307695,-0.33076923076923076,-0.6192307692307693,-0.011538461538461539,-0.49230769230769234,-0.07307692307692308,-0.6615384615384615,-0.18076923076923077,-0.6923076923076923,-0.2692307692307692,-0.6807692307692308,0.09230769230769231,-0.5269230769230769,0.07307692307692308,-0.7346153846153847,-0.019230769230769232,-0.8538461538461538,-0.11923076923076924,-0.9346153846153846,0.20384615384615384,-0.5115384615384615,0.2230769230769231,-0.7384615384615385,0.16923076923076924,-0.8846153846153846,0.10384615384615385,-1.0,0.3,-0.46153846153846156,0.38461538461538464,-0.6461538461538462,0.4153846153846154,-0.7846153846153846,0.4230769230769231,-0.9038461538461539
0,0.0,0.0,-0.1434108527131783,-0.13953488372093023,-0.23255813953488372,-0.32558139534883723,-0.313953488372093,-0.4844961240310077,-0.3178294573643411,-0.627906976744186,0.01937984496124031,-0.4883720930232558,-0.03875968992248062,-0.6589147286821705,-0.14728682170542637,-0.6937984496124031,-0.2441860465116279,-0.6821705426356589,0.11627906976744186,-0.5155038759689923,0.10465116279069768,-0.7325581395348837,0.01937984496124031,-0.8527131782945736,-0.07364341085271318,-0.937984496124031,0.2248062015503876,-0.5,0.2558139534883721,-0.7364341085271318,0.2054263565891473,-0.8837209302325582,0.1434108527131783,-1.0,0.3178294573643411,-0.44573643410852715,0.4069767441860465,-0.627906976744186,0.437984496124031,-0.7713178294573644,0.4496124031007752,-0.8953488372093024
0,0.0,0.0,-0.15354330708661418,-0.1377952755905512,-0.24803149606299213,-0.33070866141732286,-0.3228346456692913,-0.4921259842519685,-0.3228346456692913,-0.6417322834645669,0.015748031496062992,-0.4881889763779528,-0.03937007874015748,-0.65748031496063,-0.14960629921259844,-0.6889763779527559,-0.24803149606299213,-0.6811023622047244,0.11811023622047244,-0.515748031496063,0.11023622047244094,-0.7283464566929134,0.027559055118110236,-0.8503937007874016,-0.06299212598425197,-0.9330708661417323,0.2283464566929134,-0.49606299212598426,0.2637795275590551,-0.7283464566929134,0.2125984251968504,-0.8818897637795275,0.15354330708661418,-1.0,0.3228346456692913,-0.4409448818897638,0.41338582677165353,-0.6259842519685039,0.44881889763779526,-0.7637795275590551,0.4645669291338583,-0.889763779527559
0,0.0,0.0,-0.14682539682539683,-0.1388888888888889,-0.23809523809523808,-0.3333333333333333,-0.3134920634920635,-0.49603174603174605,-0.3134920634920635,-0.6468253968253969,0.023809523809523808,-0.4880952380952381,-0.031746031746031744,-0.6587301587301587,-0.1388888888888889,-0.6904761904761905,-0.23809523809523808,-0.6825396825396826,0.12698412698412698,-0.5158730158730159,0.11904761904761904,-0.7301587301587301,0.03968253968253968,-0.8571428571428571,-0.047619047619047616,-0.9444444444444444,0.23809523809523808,-0.49603174603174605,0.2777777777777778,-0.7301587301587301,0.23015873015873015,-0.8849206349206349,0.17063492063492064,-1.0,0.32936507936507936,-0.44047619047619047,0.4246031746031746,-0.626984126984127,0.4642857142857143,-0.7658730158730159,0.48412698412698413,-0.8888888888888888
0,0.0,0.0,-0.15019762845849802,-0.1383399209486166,-0.24110671936758893,-0.33201581027667987,-0.3201581027667984,-0.49407114624505927,-0.31620553359683795,-0.6482213438735178,0.019762845849802372,-0.4901185770750988,-0.039525691699604744,-0.6600790513833992,-0.14624505928853754,-0.691699604743083,-0.24110671936758893,-0.6837944664031621,0.1225296442687747,-0.5177865612648221,0.11462450592885376,-0.7312252964426877,0.03557312252964427,-0.857707509881423,-0.05138339920948617,-0.9446640316205533,0.233201581027668,-0.4980237154150198,0.26877470355731226,-0.7312252964426877,0.22134387351778656,-0.8853754940711462,0.16600790513833993,-1.0,0.32806324110671936,-0.4426877470355731,0.42292490118577075,-0.6284584980237155,0.45849802371541504,-0.766798418972332,0.4782608695652174,-0.8893280632411067
0,0.0,0.0,-0.14682539682539683,-0.1388888888888889,-0.23809523809523808,-0.3373015873015873,-0.3134920634920635,-0.503968253968254,-0.30952380952380953,-0.6507936507936508,0.027777777777777776,-0.4880952380952381,-0.023809523809523808,-0.6587301587301587,-0.12698412698412698,-0.6944444444444444,-0.2222222222222222,-0.6904761904761905,0.1349206349206349,-0.5158730158730159,0.12301587301587301,-0.7261904761904762,0.047619047619047616,-0.8492063492063492,-0.03571428571428571,-0.9365079365079365,0.24603174603174602,-0.49603174603174605,0.28174603174603174,-0.7261904761904762,0.23809523809523808,-0.876984126984127,0.18253968253968253,-1.0,0.3412698412698413,-0.4365079365079365,0.44047619047619047,-0.6150793650793651,0.47619047619047616,-0.75,0.49206349206349204,-0.876984126984127
0,0.0,0.0,-0.144,-0.148,-0.232,-0.348,-0.3,-0.516,-0.292,-0.668,0.04,-0.492,-0.008,-0.668,-0.116,-0.708,-0.212,-0.708,0.148,-0.516,0.14,-0.728,0.064,-0.856,-0.024,-0.948,0.256,-0.496,0.3,-0.724,0.256,-0.88,0.2,-1.0,0.352,-0.44,0.456,-0.616,0.496,-0.756,0.508,-0.884
0,0.0,0.0,-0.14457831325301204,-0.14859437751004015,-0.23293172690763053,-0.3493975903614458,-0.30522088353413657,-0.5220883534136547,-0.2891566265060241,-0.6706827309236948,0.03614457831325301,-0.4899598393574297,-0.012048192771084338,-0.6706827309236948,-0.11646586345381527,-0.7108433734939759,-0.21285140562248997,-0.7108433734939759,0.14859437751004015,-0.5140562248995983,0.14457831325301204,-0.7309236947791165,0.06827309236947791,-0.8594377510040161,-0.01606425702811245,-0.9518072289156626,0.2570281124497992,-0.4899598393574297,0.30120481927710846,-0.7269076305220884,0.26104417670682734,-0.8795180722891566,0.20883534136546184,-1.0,0.3534136546184739,-0.42971887550200805,0.4578313253012048,-0.6104417670682731,0.5020080321285141,-0.7469879518072289,0.5261044176706827,-0.8714859437751004
0,0.0,0.0,-0.15040650406504066,-0.14634146341463414,-0.23577235772357724,-0.34959349593495936,-0.3008130081300813,-0.5203252032520326,-0.2804878048780488,-0.6707317073170732,0.04065040650406504,-0.4878048780487805,-0.0040650406504065045,-0.6666666666666666,-0.10975609756097561,-0.7113821138211383,-0.2073170731707317,-0.7154471544715447,0.15447154471544716,-0.5121951219512195,0.15853658536585366,-0.7317073170731707,0.08130081300813008,-0.8617886178861789,-0.008130081300813009,-0.9512195121951219,0.2682926829268293,-0.483739837398374,0.32113821138211385,-0.7235772357723578,0.2764227642276423,-0.8821138211382114,0.21951219512195122,-1.0,0.36585365853658536,-0.42276422764227645,0.4796747967479675,-0.6016260162601627,0.524390243902439,-0.7398373983739838,0.5487804878048781,-0.8658536585365854
0,0.0,0.0,-0.1557377049180328,-0.15163934426229508,-0.23770491803278687,-0.36065573770491804,-0.29918032786885246,-0.5368852459016393,-0.27049180327868855,-0.6844262295081968,0.04918032786885246,-0.48770491803278687,0.00819672131147541,-0.6680327868852459,-0.0942622950819672,-0.7172131147540983,-0.1885245901639344,-0.7213114754098361,0.16393442622950818,-0.5081967213114754,0.1721311475409836,-0.7254098360655737,0.09836065573770492,-0.8565573770491803,0.012295081967213115,-0.9508196721311475,0.2786885245901639,-0.47950819672131145,0.3360655737704918,-0.7172131147540983,0.29508196721311475,-0.8729508196721312,0.24180327868852458,-1.0,0.38114754098360654,-0.4180327868852459,0.4918032786885246,-0.5901639344262295,0.5409836065573771,-0.7295081967213115,0.5614754098360656,-0.8565573770491803
0,0.0,0.0,-0.15510204081632653,-0.1510204081632653,-0.24081632653061225,-0.3551020408163265,-0.30612244897959184,-0.5346938775510204,-0.27755102040816326,-0.6816326530612244,0.044897959183673466,-0.49387755102040815,0.0,-0.673469387755102,-0.10204081632653061,-0.7183673469387755,-0.20408163265306123,-0.7183673469387755,0.15918367346938775,-0.5102040816326531,0.1673469387755102,-0.726530612244898,0.09387755102040816,-0.8571428571428571,0.00816326530612245,-0.9469387755102041,0.27346938775510204,-0.4816326530612245,0.3306122448979592,-0.7183673469387755,0.2897959183673469,-0.8775510204081632,0.23265306122448978,-1.0,0.37142857142857144,-0.4163265306122449,0.4816326530612245,-0.5959183673469388,0.5306122448979592,-0.7346938775510204,0.5591836734693878,-0.8612244897959184
0,0.0,0.0,-0.16049382716049382,-0.15637860082304528,-0.24691358024691357,-0.35802469135802467,-0.30864197530864196,-0.5349794238683128,-0.2839506172839506,-0.6831275720164609,0.0411522633744856,-0.49382716049382713,0.0,-0.6707818930041153,-0.102880658436214,-0.720164609053498,-0.20164609053497942,-0.7242798353909465,0.16049382716049382,-0.5102880658436214,0.1646090534979424,-0.7283950617283951,0.09465020576131687,-0.8600823045267489,0.00411522633744856,-0.9547325102880658,0.2757201646090535,-0.48559670781893005,0.3292181069958848,-0.720164609053498,0.2839506172839506,-0.8765432098765432,0.23045267489711935,-1.0,0.37448559670781895,-0.42386831275720166,0.48559670781893005,-0.6090534979423868,0.5308641975308642,-0.7489711934156379,0.5596707818930041,-0.8765432098765432
0,0.0,0.0,-0.15637860082304528,-0.1522633744855967,-0.25102880658436216,-0.3497942386831276,-0.32098765432098764,-0.5185185185185185,-0.2962962962962963,-0.6666666666666666,0.037037037037037035,-0.4897119341563786,-0.00823045267489712,-0.6666666666666666,-0.11522633744855967,-0.7078189300411523,-0.2139917695473251,-0.7037037037037037,0.14814814814814814,-0.5102880658436214,0.14814814814814814,-0.7242798353909465,0.07407407407407407,-0.8600823045267489,-0.012345679012345678,-0.9506172839506173,0.26337448559670784,-0.48559670781893005,0.30864197530864196,-0.720164609053498,0.26337448559670784,-0.8765432098765432,0.205761316872428,-1.0,0.36213991769547327,-0.41975308641975306,0.4732510288065844,-0.6049382716049383,0.5185185185185185,-0.7489711934156379,0.5432098765432098,-0.8765432098765432
0,0.0,0.0,-0.15384615384615385,-0.1417004048582996,-0.2550607287449393,-0.3360323886639676,-0.3319838056680162,-0.5060728744939271,-0.3117408906882591,-0.6558704453441295,0.020242914979757085,-0.4898785425101215,-0.02834008097165992,-0.6639676113360324,-0.13765182186234817,-0.7004048582995951,-0.2388663967611336,-0.7004048582995951,0.13360323886639677,-0.5141700404858299,0.12550607287449392,-0.728744939271255,0.05263157894736842,-0.8623481781376519,-0.03643724696356275,-0.9554655870445344,0.24696356275303644,-0.4939271255060729,0.2874493927125506,-0.728744939271255,0.23481781376518218,-0.8825910931174089,0.17408906882591094,-1.0,0.3481781376518219,-0.43724696356275305,0.4493927125506073,-0.6194331983805668,0.48582995951417,-0.7611336032388664,0.5020242914979757,-0.8906882591093117
0,0.0,0.0,-0.15725806451612903,-0.14112903225806453,-0.2540322580645161,-0.3387096774193548,-0.33064516129032256,-0.5080645161290323,-0.31451612903225806,-0.6612903225806451,0.016129032258064516,-0.49193548387096775,-0.036290322580645164,-0.6653225806451613,-0.14112903225806453,-0.7016129032258065,-0.23790322580645162,-0.6975806451612904,0.12903225806451613,-0.5201612903225806,0.12096774193548387,-0.7338709677419355,0.04435483870967742,-0.8629032258064516,-0.04032258064516129,-0.9516129032258065,0.24596774193548387,-0.5,0.28225806451612906,-0.7338709677419355,0.22983870967741934,-0.8830645161290323,0.1693548387096774,-1.0,0.34274193548387094,-0.4435483870967742,0.4435483870967742,-0.625,0.4879032258064516,-0.7620967741935484,0.5040322580645161,-0.8870967741935484
0,0.0,0.0,-0.1686746987951807,-0.12449799196787148,-0.285140562248996,-0.3132530120481928,-0.3855421686746988,-0.46586345381526106,-0.39357429718875503,-0.6104417670682731,-0.04417670682730924,-0.5060240963855421,-0.11646586345381527,-0.6706827309236948,-0.23293172690763053,-0.6867469879518072,-0.3333333333333333,-0.6626506024096386,0.0642570281124498,-0.5421686746987951,0.04417670682730924,-0.751004016064257,-0.04417670682730924,-0.8755020080321285,-0.14457831325301204,-0.9598393574297188,0.17670682730923695,-0.5261044176706827,0.19678714859437751,-0.7590361445783133,0.13253012048192772,-0.8955823293172691,0.05622489959839357,-1.0,0.27309236947791166,-0.46987951807228917,0.3534136546184739,-0.6626506024096386,0.37751004016064255,-0.8072289156626506,0.3855421686746988,-0.9357429718875502
0,0.0,0.0,-0.17063492063492064,-0.11507936507936507,-0.3055555555555556,-0.2857142857142857,-0.4166666666666667,-0.42857142857142855,-0.44841269841269843,-0.5753968253968254,-0.07936507936507936,-0.503968253968254,-0.17063492063492064,-0.6626984126984127,-0.28174603174603174,-0.6666666666666666,-0.38095238095238093,-0.626984126984127,0.023809523809523808,-0.5436507936507936,-0.015873015873015872,-0.7579365079365079,-0.11507936507936507,-0.873015873015873,-0.2261904761904762,-0.9444444444444444,0.1349206349206349,-0.5357142857142857,0.1388888888888889,-0.7738095238095238,0.06349206349206349,-0.9047619047619048,-0.027777777777777776,-1.0,0.23412698412698413,-0.48412698412698413,0.2976190476190476,-0.6825396825396826,0.30952380952380953,-0.8253968253968254,0.2976190476190476,-0.9484126984126984
0,0.0,0.0,-0.17928286852589642,-0.10756972111553785,-0.3187250996015936,-0.2788844621513944,-0.43824701195219123,-0.4103585657370518,-0.4820717131474104,-0.549800796812749,-0.10756972111553785,-0.5139442231075697,-0.21115537848605578,-0.6693227091633466,-0.32669322709163345,-0.6573705179282868,-0.41832669322709165,-0.6055776892430279,-0.00398406374501992,-0.5577689243027888,-0.06374501992031872,-0.7689243027888446,-0.1752988047808765,-0.8725099601593626,-0.2948207171314741,-0.9362549800796812,0.10358565737051793,-0.549800796812749,0.08366533864541832,-0.7848605577689243,-0.00796812749003984,-0.9123505976095617,-0.10358565737051793,-1.0,0.20318725099601595,-0.50199203187251,0.2589641434262948,-0.7051792828685259,0.26294820717131473,-0.8446215139442231,0.250996015936255,-0.9681274900398407
0,0.0,0.0,-0.18972332015810275,-0.09881422924901186,-0.3359683794466403,-0.2608695652173913,-0.4624505928853755,-0.38735177865612647,-0.5217391304347826,-0.5177865612648221,-0.13438735177865613,-0.5059288537549407,-0.2450592885375494,-0.6600790513833992,-0.35968379446640314,-0.6403162055335968,-0.44664031620553357,-0.5770750988142292,-0.039525691699604744,-0.5533596837944664,-0.11462450592885376,-0.758893280632411,-0.233201581027668,-0.857707509881423,-0.35177865612648224,-0.9130434782608695,0.07114624505928854,-0.5533596837944664,0.03557312252964427,-0.7865612648221344,-0.05928853754940711,-0.9130434782608695,-0.15810276679841898,-1.0,0.16996047430830039,-0.5059288537549407,0.20948616600790515,-0.7075098814229249,0.20948616600790515,-0.8458498023715415,0.18972332015810275,-0.9683794466403162
0,0.0,0.0,-0.1796875,-0.10546875,-0.32421875,-0.26171875,-0.44921875,-0.375,-0.5078125,-0.50390625,-0.1328125,-0.50390625,-0.25,-0.65234375,-0.36328125,-0.62890625,-0.44140625,-0.5703125,-0.046875,-0.55078125,-0.12890625,-0.7578125,-0.24609375,-0.85546875,-0.36328125,-0.90625,0.0625,-0.5546875,0.0234375,-0.7890625,-0.0703125,-0.9140625,-0.16796875,-1.0,0.16796875,-0.515625,0.20703125,-0.71875,0.1953125,-0.859375,0.171875,-0.98046875
0,0.0,0.0,-0.1796875,-0.1015625,-0.32421875,-0.26171875,-0.44921875,-0.375,-0.5078125,-0.5,-0.13671875,-0.5,-0.25,-0.6484375,-0.3671875,-0.625,-0.4453125,-0.55859375,-0.046875,-0.55078125,-0.125,-0.76171875,-0.24609375,-0.8515625,-0.36328125,-0.90234375,0.0625,-0.55078125,0.0234375,-0.7890625,-0.0703125,-0.9140625,-0.16796875,-1.0,0.16796875,-0.5078125,0.203125,-0.71484375,0.1953125,-0.85546875,0.171875,-0.9765625
0,0.0,0.0,-0.1902834008097166,-0.08906882591093117,-0.3522267206477733,-0.23076923076923078,-0.4939271255060729,-0.32388663967611336,-0.5668016194331984,-0.44534412955465585,-0.19838056680161945,-0.5060728744939271,-0.3319838056680162,-0.6518218623481782,-0.4534412955465587,-0.5991902834008097,-0.5303643724696356,-0.5101214574898786,-0.10526315789473684,-0.5587044534412956,-0.20242914979757085,-0.7692307692307693,-0.340080971659919,-0.8461538461538461,-0.46558704453441296,-0.8825910931174089,0.004048582995951417,-0.562753036437247,-0.048582995951417005,-0.8097165991902834,-0.16194331983805668,-0.9271255060728745,-0.27125506072874495,-1.0,0.11336032388663968,-0.5182186234817814,0.1417004048582996,-0.728744939271255,0.1214574898785425,-0.8704453441295547,0.08906882591093117,-0.9919028340080972
0,0.0,0.0,-0.1991869918699187,-0.08130081300813008,-0.36585365853658536,-0.21951219512195122,-0.5121951219512195,-0.3089430894308943,-0.5894308943089431,-0.42276422764227645,-0.21138211382113822,-0.5040650406504065,-0.3617886178861789,-0.6382113821138211,-0.4796747967479675,-0.5772357723577236,-0.5487804878048781,-0.4878048780487805,-0.12195121951219512,-0.5609756097560976,-0.23577235772357724,-0.7642276422764228,-0.37398373983739835,-0.8373983739837398,-0.5040650406504065,-0.8658536585365854,-0.008130081300813009,-0.5691056910569106,-0.07723577235772358,-0.8089430894308943,-0.1951219512195122,-0.9186991869918699,-0.3089430894308943,-0.991869918699187,0.1016260162601626,-0.524390243902439,0.11788617886178862,-0.7317073170731707,0.08943089430894309,-0.8780487804878049,0.052845528455284556,-1.0
0,0.0,0.0,-0.20833333333333334,-0.06666666666666667,-0.3875,-0.1875,-0.5375,-0.25416666666666665,-0.6416666666666667,-0.35,-0.26666666666666666,-0.5,-0.44166666666666665,-0.6083333333333333,-0.55,-0.5208333333333334,-0.6083333333333333,-0.4125,-0.17916666666666667,-0.5625,-0.3125,-0.7541666666666667,-0.4625,-0.8041666666666667,-0.5958333333333333,-0.8166666666666667,-0.06666666666666667,-0.5708333333333333,-0.15416666666666667,-0.8041666666666667,-0.2833333333333333,-0.9041666666666667,-0.4,-0.9625,0.041666666666666664,-0.5291666666666667,0.05,-0.7375,0.020833333333333332,-0.8791666666666667,-0.025,-1.0
0,0.0,0.0,-0.211864406779661,-0.05508474576271186,-0.3940677966101695,-0.16101694915254236,-0.5508474576271186,-0.21610169491525424,-0.6567796610169492,-0.3008474576271186,-0.2923728813559322,-0.4915254237288136,-0.4745762711864407,-0.5805084745762712,-0.576271186440678,-0.4830508474576271,-0.6271186440677966,-0.3728813559322034,-0.211864406779661,-0.559322033898305,-0.3644067796610169,-0.7330508474576272,-0.5169491525423728,-0.7669491525423728,-0.652542372881356,-0.7627118644067796,-0.09745762711864407,-0.5720338983050848,-0.211864406779661,-0.7966101694915254,-0.3474576271186441,-0.8813559322033898,-0.4745762711864407,-0.9322033898305084,0.0211864406779661,-0.5338983050847458,0.012711864406779662,-0.7415254237288136,-0.0211864406779661,-0.8813559322033898,-0.08050847457627118,-1.0
0,0.0,0.0,-0.21367521367521367,-0.05128205128205128,-0.3974358974358974,-0.15384615384615385,-0.5512820512820513,-0.20512820512820512,-0.6666666666666666,-0.2863247863247863,-0.3034188034188034,-0.4829059829059829,-0.49145299145299143,-0.5726495726495726,-0.5897435897435898,-0.47435897435897434,-0.6367521367521367,-0.358974358974359,-0.2222222222222222,-0.5470085470085471,-0.3888888888888889,-0.717948717948718,-0.5384615384615384,-0.7435897435897436,-0.6666666666666666,-0.7307692307692307,-0.1111111111111111,-0.5683760683760684,-0.23504273504273504,-0.7863247863247863,-0.36752136752136755,-0.8632478632478633,-0.49572649572649574,-0.9102564102564102,0.008547008547008548,-0.5384615384615384,-0.008547008547008548,-0.7478632478632479,-0.05128205128205128,-0.8846153846153846,-0.11538461538461539,-1.0
0,0.0,0.0,-0.21397379912663755,-0.043668122270742356,-0.4017467248908297,-0.14847161572052403,-0.5633187772925764,-0.19213973799126638,-0.6855895196506551,-0.26200873362445415,-0.32751091703056767,-0.49344978165938863,-0.519650655021834,-0.5764192139737991,-0.6157205240174672,-0.4672489082969432,-0.6637554585152838,-0.3406113537117904,-0.24890829694323144,-0.5589519650655022,-0.4192139737991266,-0.7248908296943232,-0.5764192139737991,-0.74235807860262,-0.7161572052401747,-0.7205240174672489,-0.13537117903930132,-0.5764192139737991,-0.26200873362445415,-0.7991266375545851,-0.40611353711790393,-0.8733624454148472,-0.537117903930131,-0.9126637554585153,-0.008733624454148471,-0.537117903930131,-0.034934497816593885,-0.7467248908296943,-0.08296943231441048,-0.8820960698689956,-0.15283842794759825,-1.0
0,0.0,0.0,-0.21585903083700442,-0.048458149779735685,-0.4052863436123348,-0.14537444933920704,-0.5682819383259912,-0.18502202643171806,-0.6960352422907489,-0.2511013215859031,-0.3392070484581498,-0.4889867841409692,-0.5374449339207048,-0.5682819383259912,-0.6299559471365639,-0.44933920704845814,-0.6740088105726872,-0.32599118942731276,-0.2599118942731278,-0.5550660792951542,-0.44493392070484583,-0.7180616740088106,-0.6035242290748899,-0.7224669603524229,-0.7400881057268722,-0.6960352422907489,-0.14977973568281938,-0.5770925110132159,-0.28193832599118945,-0.7973568281938326,-0.43612334801762115,-0.8634361233480177,-0.5726872246696035,-0.8986784140969163,-0.022026431718061675,-0.5418502202643172,-0.05286343612334802,-0.7533039647577092,-0.10572687224669604,-0.8854625550660793,-0.18061674008810572,-1.0
0,0.0,0.0,-0.2242152466367713,-0.03587443946188341,-0.4260089686098655,-0.13004484304932734,-0.5874439461883408,-0.16591928251121077,-0.7219730941704036,-0.23318385650224216,-0.35874439461883406,-0.484304932735426,-0.5605381165919282,-0.5605381165919282,-0.6547085201793722,-0.43946188340807174,-0.6995515695067265,-0.30493273542600896,-0.27802690582959644,-0.5515695067264574,-0.4663677130044843,-0.7174887892376681,-0.6322869955156951,-0.7130044843049327,-0.7713004484304933,-0.672645739910314,-0.16143497757847533,-0.5695067264573991,-0.30493273542600896,-0.7937219730941704,-0.4663677130044843,-0.8609865470852018,-0.6098654708520179,-0.8923766816143498,-0.03587443946188341,-0.5291479820627802,-0.06726457399103139,-0.7443946188340808,-0.12556053811659193,-0.8834080717488789,-0.20179372197309417,-1.0
0,0.0,0.0,-0.22666666666666666,-0.03111111111111111,-0.4266666666666667,-0.1288888888888889,-0.5911111111111111,-0.16444444444444445,-0.7155555555555555,-0.22666666666666666,-0.35555555555555557,-0.48,-0.56,-0.5511111111111111,-0.6577777777777778,-0.4266666666666667,-0.7022222222222222,-0.29777777777777775,-0.27555555555555555,-0.5466666666666666,-0.4622222222222222,-0.7111111111111111,-0.6266666666666667,-0.7066666666666667,-0.7644444444444445,-0.6711111111111111,-0.16,-0.5644444444444444,-0.3022222222222222,-0.7911111111111111,-0.4622222222222222,-0.8533333333333334,-0.6044444444444445,-0.8844444444444445,-0.04,-0.5333333333333333,-0.07555555555555556,-0.7422222222222222,-0.13777777777777778,-0.88,-0.2088888888888889,-1.0
0,0.0,0.0,-0.21818181818181817,-0.031818181818181815,-0.42272727272727273,-0.11818181818181818,-0.5909090909090909,-0.14545454545454545,-0.7272727272727273,-0.20909090909090908,-0.36818181818181817,-0.4818181818181818,-0.5727272727272728,-0.55,-0.6681818181818182,-0.42272727272727273,-0.7045454545454546,-0.2909090909090909,-0.29545454545454547,-0.5454545454545454,-0.4954545454545455,-0.7,-0.6636363636363637,-0.6818181818181818,-0.8,-0.6363636363636364,-0.17727272727272728,-0.5681818181818182,-0.33181818181818185,-0.7863636363636364,-0.4954545454545455,-0.8363636363636363,-0.6409090909090909,-0.8636363636363636,-0.05,-0.5318181818181819,-0.09090909090909091,-0.7454545454545455,-0.15,-0.8818181818181818,-0.2318181818181818,-1.0
0,0.0,0.0,-0.22272727272727272,-0.02727272727272727,-0.42727272727272725,-0.11363636363636363,-0.5909090909090909,-0.1409090909090909,-0.7227272727272728,-0.19545454545454546,-0.37727272727272726,-0.4772727272727273,-0.5818181818181818,-0.5454545454545454,-0.6727272727272727,-0.41818181818181815,-0.7090909090909091,-0.2772727272727273,-0.3,-0.5454545454545454,-0.5,-0.6954545454545454,-0.6681818181818182,-0.6772727272727272,-0.8045454545454546,-0.6227272727272727,-0.18636363636363637,-0.5681818181818182,-0.33636363636363636,-0.7863636363636364,-0.5045454545454545,-0.8363636363636363,-0.6454545454545455,-0.8545454545454545,-0.05454545454545454,-0.5363636363636364,-0.1,-0.75,-0.16818181818181818,-0.8863636363636364,-0.25,-1.0
0,0.0,0.0,-0.2222222222222222,-0.027777777777777776,-0.4305555555555556,-0.11574074074074074,-0.5972222222222222,-0.13425925925925927,-0.7314814814814815,-0.18055555555555555,-0.39351851851851855,-0.48148148148148145,-0.6018518518518519,-0.5416666666666666,-0.6898148148148148,-0.4027777777777778,-0.7268518518518519,-0.26851851851851855,-0.3148148148148148,-0.5509259259259259,-0.5185185185185185,-0.7037037037037037,-0.6898148148148148,-0.6898148148148148,-0.8287037037037037,-0.6435185185185185,-0.19907407407407407,-0.5740740740740741,-0.35185185185185186,-0.7916666666666666,-0.5138888888888888,-0.8425925925925926,-0.6574074074074074,-0.8703703703703703,-0.06481481481481481,-0.5416666666666666,-0.1111111111111111,-0.7546296296296297,-0.18055555555555555,-0.8842592592592593,-0.2638888888888889,-1.0
0,0.0,0.0,-0.22790697674418606,-0.018604651162790697,-0.4325581395348837,-0.10232558139534884,-0.6,-0.12558139534883722,-0.7348837209302326,-0.17674418604651163,-0.386046511627907,-0.4697674418604651,-0.6,-0.5348837209302325,-0.6883720930232559,-0.4,-0.7255813953488373,-0.26046511627906976,-0.3116279069767442,-0.5395348837209303,-0.5209302325581395,-0.6930232558139535,-0.6930232558139535,-0.6744186046511628,-0.8372093023255814,-0.627906976744186,-0.19534883720930232,-0.5674418604651162,-0.3627906976744186,-0.7906976744186046,-0.5302325581395348,-0.8418604651162791,-0.6790697674418604,-0.8651162790697674,-0.06976744186046512,-0.5441860465116279,-0.12093023255813953,-0.7534883720930232,-0.19069767441860466,-0.8837209302325582,-0.2744186046511628,-1.0
0,0.0,0.0,-0.22429906542056074,-0.018691588785046728,-0.42990654205607476,-0.102803738317757,-0.5934579439252337,-0.12149532710280374,-0.7289719626168224,-0.16355140186915887,-0.3925233644859813,-0.4719626168224299,-0.6074766355140186,-0.5327102803738317,-0.7009345794392523,-0.3925233644859813,-0.7336448598130841,-0.2523364485981308,-0.3177570093457944,-0.5420560747663551,-0.5233644859813084,-0.7102803738317757,-0.6962616822429907,-0.6915887850467289,-0.8364485981308412,-0.6401869158878505,-0.19626168224299065,-0.5700934579439252,-0.35514018691588783,-0.7990654205607477,-0.5186915887850467,-0.8504672897196262,-0.6682242990654206,-0.8785046728971962,-0.06542056074766354,-0.5420560747663551,-0.11682242990654206,-0.7523364485981309,-0.19158878504672897,-0.8878504672897196,-0.27102803738317754,-1.0
0,0.0,0.0,-0.22119815668202766,-0.018433179723502304,-0.42857142857142855,-0.10599078341013825,-0.5898617511520737,-0.12442396313364056,-0.7235023041474654,-0.16589861751152074,-0.4009216589861751,-0.4700460829493088,-0.6082949308755761,-0.5391705069124424,-0.6912442396313364,-0.4009216589861751,-0.7235023041474654,-0.25806451612903225,-0.3225806451612903,-0.5391705069124424,-0.5253456221198156,-0.7050691244239631,-0.6912442396313364,-0.6866359447004609,-0.8248847926267281,-0.6359447004608295,-0.20276497695852536,-0.5668202764976958,-0.35944700460829493,-0.7926267281105991,-0.5253456221198156,-0.847926267281106,-0.663594470046083,-0.8755760368663594,-0.06912442396313365,-0.5345622119815668,-0.1152073732718894,-0.7465437788018433,-0.18433179723502305,-0.880184331797235,-0.2626728110599078,-1.0
0,0.0,0.0,-0.23076923076923078,-0.03167420814479638,-0.43891402714932126,-0.11764705882352941,-0.5972850678733032,-0.14479638009049775,-0.7375565610859729,-0.19457013574660634,-0.39819004524886875,-0.47058823529411764,-0.6018099547511312,-0.5384615384615384,-0.6923076923076923,-0.4117647058823529,-0.7285067873303167,-0.28054298642533937,-0.3212669683257919,-0.5384615384615384,-0.5113122171945701,-0.7104072398190046,-0.6832579185520362,-0.7058823529411765,-0.8190045248868778,-0.669683257918552,-0.20361990950226244,-0.5656108597285068,-0.36199095022624433,-0.7918552036199095,-0.5248868778280543,-0.8506787330316742,-0.665158371040724,-0.8823529411764706,-0.07692307692307693,-0.5384615384615384,-0.12669683257918551,-0.746606334841629,-0.19457013574660634,-0.8823529411764706,-0.27149321266968324,-1.0
0,0.0,0.0,-0.2242152466367713,-0.03587443946188341,-0.4260089686098655,-0.12556053811659193,-0.5829596412556054,-0.14798206278026907,-0.7130044843049327,-0.19282511210762332,-0.3721973094170404,-0.47533632286995514,-0.5829596412556054,-0.5336322869955157,-0.672645739910314,-0.4080717488789238,-0.7085201793721974,-0.27802690582959644,-0.30493273542600896,-0.547085201793722,-0.5022421524663677,-0.7174887892376681,-0.6771300448430493,-0.726457399103139,-0.820627802690583,-0.7040358744394619,-0.19282511210762332,-0.5739910313901345,-0.34977578475336324,-0.7982062780269058,-0.5067264573991032,-0.8654708520179372,-0.6502242152466368,-0.905829596412556,-0.06726457399103139,-0.5426008968609866,-0.11210762331838565,-0.7488789237668162,-0.17488789237668162,-0.8834080717488789,-0.24663677130044842,-1.0
0,0.0,0.0,-0.22869955156950672,-0.04035874439461883,-0.4260089686098655,-0.13004484304932734,-0.5829596412556054,-0.15695067264573992,-0.7085201793721974,-0.19730941704035873,-0.3811659192825112,-0.484304932735426,-0.5829596412556054,-0.5336322869955157,-0.6771300448430493,-0.4125560538116592,-0.7130044843049327,-0.2825112107623318,-0.3094170403587444,-0.5560538116591929,-0.4977578475336323,-0.7309417040358744,-0.6681614349775785,-0.757847533632287,-0.8161434977578476,-0.7488789237668162,-0.19282511210762332,-0.5829596412556054,-0.3452914798206278,-0.8116591928251121,-0.4977578475336323,-0.8878923766816144,-0.6322869955156951,-0.9417040358744395,-0.06278026905829596,-0.5515695067264574,-0.10762331838565023,-0.7533632286995515,-0.17040358744394618,-0.8878923766816144,-0.23766816143497757,-1.0
0,0.0,0.0,-0.22321428571428573,-0.04017857142857143,-0.42410714285714285,-0.12946428571428573,-0.5803571428571429,-0.15625,-0.7098214285714286,-0.20982142857142858,-0.36160714285714285,-0.48660714285714285,-0.5669642857142857,-0.5535714285714286,-0.6651785714285714,-0.4375,-0.7008928571428571,-0.3080357142857143,-0.29464285714285715,-0.5580357142857143,-0.48214285714285715,-0.7455357142857143,-0.65625,-0.7857142857142857,-0.8125,-0.7901785714285714,-0.17857142857142858,-0.5803571428571429,-0.32589285714285715,-0.8169642857142857,-0.47767857142857145,-0.90625,-0.6160714285714286,-0.9642857142857143,-0.05357142857142857,-0.5491071428571429,-0.09375,-0.7544642857142857,-0.15178571428571427,-0.8839285714285714,-0.21875,-1.0
0,0.0,0.0,-0.22466960352422907,-0.04405286343612335,-0.42290748898678415,-0.13215859030837004,-0.5814977973568282,-0.16740088105726872,-0.7048458149779736,-0.21585903083700442,-0.36123348017621143,-0.4845814977973568,-0.5638766519823789,-0.5550660792951542,-0.6563876651982379,-0.43612334801762115,-0.6916299559471366,-0.31277533039647576,-0.2907488986784141,-0.5550660792951542,-0.4713656387665198,-0.748898678414097,-0.6387665198237885,-0.801762114537445,-0.788546255506608,-0.8193832599118943,-0.1762114537444934,-0.5770925110132159,-0.31718061674008813,-0.8149779735682819,-0.4581497797356828,-0.9162995594713657,-0.5859030837004405,-0.986784140969163,-0.05286343612334802,-0.5418502202643172,-0.0881057268722467,-0.748898678414097,-0.14096916299559473,-0.8854625550660793,-0.20704845814977973,-1.0
0,0.0,0.0,-0.22413793103448276,-0.04741379310344827,-0.41379310344827586,-0.13793103448275862,-0.5689655172413793,-0.1724137931034483,-0.6896551724137931,-0.23275862068965517,-0.34913793103448276,-0.4827586206896552,-0.5431034482758621,-0.5517241379310345,-0.6379310344827587,-0.4396551724137931,-0.6724137931034483,-0.3232758620689655,-0.2801724137931034,-0.5517241379310345,-0.4482758620689655,-0.75,-0.6163793103448276,-0.7974137931034483,-0.7629310344827587,-0.8232758620689655,-0.16810344827586207,-0.5732758620689655,-0.29310344827586204,-0.8146551724137931,-0.43103448275862066,-0.9181034482758621,-0.5560344827586207,-1.0,-0.04310344827586207,-0.5344827586206896,-0.07327586206896551,-0.7413793103448276,-0.125,-0.875,-0.1810344827586207,-1.0
0,0.0,0.0,-0.21940928270042195,-0.046413502109704644,-0.4092827004219409,-0.14345991561181434,-0.5654008438818565,-0.18143459915611815,-0.6708860759493671,-0.25738396624472576,-0.3333333333333333,-0.4767932489451477,-0.5189873417721519,-0.5569620253164557,-0.620253164556962,-0.45569620253164556,-0.6540084388185654,-0.34177215189873417,-0.2616033755274262,-0.5485232067510548,-0.4219409282700422,-0.7426160337552743,-0.5822784810126582,-0.7932489451476793,-0.7172995780590717,-0.8143459915611815,-0.1518987341772152,-0.569620253164557,-0.270042194092827,-0.8059071729957806,-0.4008438818565401,-0.9156118143459916,-0.5189873417721519,-1.0,-0.029535864978902954,-0.5358649789029536,-0.05485232067510549,-0.7341772151898734,-0.10126582278481013,-0.869198312236287,-0.1518987341772152,-0.9915611814345991
0,0.0,0.0,-0.20901639344262296,-0.05327868852459016,-0.39344262295081966,-0.15163934426229508,-0.5409836065573771,-0.19672131147540983,-0.6475409836065574,-0.26639344262295084,-0.3114754098360656,-0.4713114754098361,-0.4918032786885246,-0.5573770491803278,-0.5901639344262295,-0.45901639344262296,-0.6270491803278688,-0.3483606557377049,-0.24180327868852458,-0.5409836065573771,-0.39344262295081966,-0.7336065573770492,-0.5450819672131147,-0.7868852459016393,-0.680327868852459,-0.8155737704918032,-0.13524590163934427,-0.5573770491803278,-0.2459016393442623,-0.7950819672131147,-0.36475409836065575,-0.9098360655737705,-0.47540983606557374,-1.0,-0.020491803278688523,-0.5245901639344263,-0.036885245901639344,-0.7254098360655737,-0.0778688524590164,-0.860655737704918,-0.12295081967213115,-0.9836065573770492
0,0.0,0.0,-0.21370967741935484,-0.05241935483870968,-0.3911290322580645,-0.16129032258064516,-0.5403225806451613,-0.20967741935483872,-0.6411290322580645,-0.2903225806451613,-0.29838709677419356,-0.46774193548387094,-0.4717741935483871,-0.5604838709677419,-0.5685483870967742,-0.4717741935483871,-0.6088709677419355,-0.36693548387096775,-0.22580645161290322,-0.5362903225806451,-0.3709677419354839,-0.7258064516129032,-0.5201612903225806,-0.7862903225806451,-0.6491935483870968,-0.8185483870967742,-0.11693548387096774,-0.5564516129032258,-0.21774193548387097,-0.7943548387096774,-0.3346774193548387,-0.907258064516129,-0.4435483870967742,-1.0,-0.004032258064516129,-0.5282258064516129,-0.016129032258064516,-0.7258064516129032,-0.05241935483870968,-0.8588709677419355,-0.09274193548387097,-0.9838709677419355
0,0.0,0.0,-0.20238095238095238,-0.05555555555555555,-0.376984126984127,-0.1626984126984127,-0.5238095238095238,-0.2222222222222222,-0.623015873015873,-0.3134920634920635,-0.28174603174603174,-0.4603174603174603,-0.44047619047619047,-0.5634920634920635,-0.5436507936507936,-0.4880952380952381,-0.5833333333333334,-0.39285714285714285,-0.21031746031746032,-0.5277777777777778,-0.34523809523809523,-0.7222222222222222,-0.48412698412698413,-0.7896825396825397,-0.6071428571428571,-0.8253968253968254,-0.10317460317460317,-0.5515873015873016,-0.19444444444444445,-0.7817460317460317,-0.30158730158730157,-0.9007936507936508,-0.3968253968253968,-1.0,0.007936507936507936,-0.5198412698412699,0.003968253968253968,-0.7182539682539683,-0.01984126984126984,-0.8571428571428571,-0.051587301587301584,-0.9801587301587301
0,0.0,0.0,-0.19921875,-0.05859375,-0.3671875,-0.16796875,-0.515625,-0.234375,-0.60546875,-0.3359375,-0.26171875,-0.45703125,-0.41015625,-0.55859375,-0.51171875,-0.49609375,-0.55859375,-0.40625,-0.1875,-0.5234375,-0.30859375,-0.7109375,-0.4453125,-0.78515625,-0.5625,-0.83203125,-0.08203125,-0.54296875,-0.1640625,-0.7734375,-0.26171875,-0.8984375,-0.3515625,-1.0,0.03125,-0.51171875,0.03125,-0.7109375,0.01171875,-0.8515625,-0.015625,-0.9765625
0,0.0,0.0,-0.19615384615384615,-0.06153846153846154,-0.36153846153846153,-0.18846153846153846,-0.5038461538461538,-0.27692307692307694,-0.5653846153846154,-0.39615384615384613,-0.23076923076923078,-0.45,-0.35384615384615387,-0.5653846153846154,-0.45384615384615384,-0.5307692307692308,-0.5076923076923077,-0.46153846153846156,-0.15384615384615385,-0.5192307692307693,-0.25769230769230766,-0.7076923076923077,-0.3769230769230769,-0.8,-0.4846153846153846,-0.8576923076923076,-0.046153846153846156,-0.5384615384615384,-0.11153846153846154,-0.7615384615384615,-0.19615384615384615,-0.8923076923076924,-0.27692307692307694,-1.0,0.06538461538461539,-0.5076923076923077,0.07692307692307693,-0.7,0.06923076923076923,-0.8384615384615385,0.05384615384615385,-0.9653846153846154
0,0.0,0.0,-0.19230769230769232,-0.06538461538461539,-0.35384615384615387,-0.19615384615384615,-0.48846153846153845,-0.2923076923076923,-0.55,-0.4076923076923077,-0.21923076923076923,-0.45384615384615384,-0.3423076923076923,-0.573076923076923,-0.4423076923076923,-0.5423076923076923,-0.5,-0.47692307692307695,-0.13846153846153847,-0.5192307692307693,-0.2423076923076923,-0.7076923076923077,-0.3576923076923077,-0.8,-0.4653846153846154,-0.8615384615384616,-0.03076923076923077,-0.5384615384615384,-0.09615384615384616,-0.7615384615384615,-0.17692307692307693,-0.8961538461538462,-0.25769230769230766,-1.0,0.08076923076923077,-0.5115384615384615,0.1,-0.7076923076923077,0.09230769230769231,-0.8461538461538461,0.07692307692307693,-0.9692307692307692
0,0.0,0.0,-0.19230769230769232,-0.06538461538461539,-0.35,-0.19615384615384615,-0.48846153846153845,-0.29615384615384616,-0.5461538461538461,-0.4115384615384615,-0.2153846153846154,-0.45,-0.3346153846153846,-0.573076923076923,-0.4307692307692308,-0.55,-0.48846153846153845,-0.4846153846153846,-0.13846153846153847,-0.5153846153846153,-0.23461538461538461,-0.7115384615384616,-0.35,-0.8076923076923077,-0.4576923076923077,-0.8692307692307693,-0.03076923076923077,-0.5346153846153846,-0.09230769230769231,-0.7576923076923077,-0.17307692307692307,-0.8923076923076924,-0.25,-1.0,0.08076923076923077,-0.5076923076923077,0.1,-0.7,0.1,-0.8384615384615385,0.08846153846153847,-0.9615384615384616
0,0.0,0.0,-0.19767441860465115,-0.06976744186046512,-0.35658914728682173,-0.2054263565891473,-0.49224806201550386,-0.31007751937984496,-0.5465116279069767,-0.4263565891472868,-0.22093023255813954,-0.45348837209302323,-0.34108527131782945,-0.5775193798449613,-0.43410852713178294,-0.5542635658914729,-0.49224806201550386,-0.49224806201550386,-0.13565891472868216,-0.5193798449612403,-0.2364341085271318,-0.7093023255813954,-0.3488372093023256,-0.8062015503875969,-0.4496124031007752,-0.872093023255814,-0.027131782945736434,-0.5387596899224806,-0.08914728682170543,-0.7596899224806202,-0.17054263565891473,-0.8914728682170543,-0.2441860465116279,-1.0,0.08914728682170543,-0.5116279069767442,0.10852713178294573,-0.7054263565891473,0.10465116279069768,-0.8410852713178295,0.09302325581395349,-0.9651162790697675
0,0.0,0.0,-0.1937984496124031,-0.06589147286821706,-0.35271317829457366,-0.20155038759689922,-0.49224806201550386,-0.31007751937984496,-0.5426356589147286,-0.43410852713178294,-0.21705426356589147,-0.4496124031007752,-0.3333333333333333,-0.5775193798449613,-0.43023255813953487,-0.5581395348837209,-0.4883720930232558,-0.5038759689922481,-0.13178294573643412,-0.5155038759689923,-0.22868217054263565,-0.7093023255813954,-0.3372093023255814,-0.8062015503875969,-0.4418604651162791,-0.872093023255814,-0.01937984496124031,-0.5348837209302325,-0.08139534883720931,-0.7558139534883721,-0.15891472868217055,-0.8914728682170543,-0.23255813953488372,-1.0,0.09302325581395349,-0.5077519379844961,0.11627906976744186,-0.7015503875968992,0.11627906976744186,-0.8372093023255814,0.10465116279069768,-0.9612403100775194
0,0.0,0.0,-0.2054263565891473,-0.06976744186046512,-0.3643410852713178,-0.20930232558139536,-0.49612403100775193,-0.32945736434108525,-0.5426356589147286,-0.46124031007751937,-0.21705426356589147,-0.45348837209302323,-0.32945736434108525,-0.5813953488372093,-0.4263565891472868,-0.5736434108527132,-0.4844961240310077,-0.5193798449612403,-0.12790697674418605,-0.5155038759689923,-0.2248062015503876,-0.7093023255813954,-0.3333333333333333,-0.810077519379845,-0.43410852713178294,-0.875968992248062,-0.01937984496124031,-0.5348837209302325,-0.07751937984496124,-0.7558139534883721,-0.15503875968992248,-0.8914728682170543,-0.22868217054263565,-1.0,0.09689922480620156,-0.5116279069767442,0.12015503875968993,-0.7015503875968992,0.12015503875968993,-0.8372093023255814,0.10852713178294573,-0.9612403100775194
0,0.0,0.0,-0.2054263565891473,-0.06976744186046512,-0.3643410852713178,-0.20930232558139536,-0.49612403100775193,-0.3333333333333333,-0.5310077519379846,-0.46511627906976744,-0.2131782945736434,-0.45348837209302323,-0.32558139534883723,-0.5852713178294574,-0.4186046511627907,-0.5775193798449613,-0.4806201550387597,-0.5310077519379846,-0.12403100775193798,-0.5193798449612403,-0.21705426356589147,-0.7131782945736435,-0.32170542635658916,-0.813953488372093,-0.42248062015503873,-0.875968992248062,-0.011627906976744186,-0.5387596899224806,-0.06589147286821706,-0.7596899224806202,-0.1434108527131783,-0.8953488372093024,-0.21705426356589147,-1.0,0.10465116279069768,-0.5116279069767442,0.13178294573643412,-0.7015503875968992,0.12790697674418605,-0.8372093023255814,0.11627906976744186,-0.9612403100775194
0,0.0,0.0,-0.1969111969111969,-0.07335907335907337,-0.35135135135135137,-0.22007722007722008,-0.47876447876447875,-0.33976833976833976,-0.5212355212355212,-0.47104247104247104,-0.1969111969111969,-0.4671814671814672,-0.305019305019305,-0.5984555984555985,-0.4015444015444015,-0.5868725868725869,-0.46332046332046334,-0.5366795366795367,-0.10810810810810811,-0.528957528957529,-0.1969111969111969,-0.7181467181467182,-0.305019305019305,-0.8146718146718147,-0.4092664092664093,-0.8764478764478765,0.0,-0.5405405405405406,-0.05019305019305019,-0.7606177606177607,-0.13127413127413126,-0.8918918918918919,-0.2084942084942085,-1.0,0.11196911196911197,-0.5096525096525096,0.14285714285714285,-0.7027027027027027,0.14671814671814673,-0.8378378378378378,0.13513513513513514,-0.9613899613899614
0,0.0,0.0,-0.19615384615384615,-0.07692307692307693,-0.35,-0.2230769230769231,-0.4807692307692308,-0.3346153846153846,-0.5269230769230769,-0.4576923076923077,-0.19615384615384615,-0.4653846153846154,-0.3038461538461538,-0.6,-0.40384615384615385,-0.5807692307692308,-0.46923076923076923,-0.5230769230769231,-0.1076923076923077,-0.5269230769230769,-0.19615384615384615,-0.7192307692307692,-0.3076923076923077,-0.8153846153846154,-0.4115384615384615,-0.8769230769230769,0.0038461538461538464,-0.5384615384615384,-0.05,-0.7615384615384615,-0.13076923076923078,-0.8961538461538462,-0.21153846153846154,-1.0,0.11153846153846154,-0.5076923076923077,0.1423076923076923,-0.6961538461538461,0.1423076923076923,-0.8307692307692308,0.12692307692307692,-0.9538461538461539
0,0.0,0.0,-0.17557251908396945,-0.09541984732824428,-0.31679389312977096,-0.24045801526717558,-0.44656488549618323,-0.3435114503816794,-0.5038167938931297,-0.4618320610687023,-0.13740458015267176,-0.4847328244274809,-0.2595419847328244,-0.6183206106870229,-0.3702290076335878,-0.5954198473282443,-0.44274809160305345,-0.5305343511450382,-0.05343511450381679,-0.5343511450381679,-0.14122137404580154,-0.7366412213740458,-0.2595419847328244,-0.8282442748091603,-0.3702290076335878,-0.8778625954198473,0.04961832061068702,-0.5343511450381679,0.0,-0.767175572519084,-0.08396946564885496,-0.8969465648854962,-0.16793893129770993,-1.0,0.1450381679389313,-0.4961832061068702,0.17557251908396945,-0.6908396946564885,0.17557251908396945,-0.8282442748091603,0.16030534351145037,-0.950381679389313
0,0.0,0.0,-0.1660377358490566,-0.09433962264150944,-0.3018867924528302,-0.23773584905660378,-0.42641509433962266,-0.33584905660377357,-0.49433962264150944,-0.4490566037735849,-0.12830188679245283,-0.4867924528301887,-0.2528301886792453,-0.6113207547169811,-0.36981132075471695,-0.5773584905660377,-0.44528301886792454,-0.5132075471698113,-0.052830188679245285,-0.5320754716981132,-0.13584905660377358,-0.7358490566037735,-0.25660377358490566,-0.8264150943396227,-0.37358490566037733,-0.879245283018868,0.04150943396226415,-0.5320754716981132,0.0,-0.769811320754717,-0.08679245283018867,-0.9018867924528302,-0.16981132075471697,-1.0,0.1320754716981132,-0.4867924528301887,0.15849056603773584,-0.6792452830188679,0.1509433962264151,-0.8188679245283019,0.13584905660377358,-0.939622641509434
0,0.0,0.0,-0.17045454545454544,-0.09848484848484848,-0.30303030303030304,-0.23863636363636365,-0.42803030303030304,-0.32954545454545453,-0.5,-0.4431818181818182,-0.13257575757575757,-0.49242424242424243,-0.26136363636363635,-0.6212121212121212,-0.38257575757575757,-0.5757575757575758,-0.45454545454545453,-0.5037878787878788,-0.05303030303030303,-0.5378787878787878,-0.14393939393939395,-0.7424242424242424,-0.2727272727272727,-0.8257575757575758,-0.39015151515151514,-0.8712121212121212,0.041666666666666664,-0.5340909090909091,-0.011363636363636364,-0.7727272727272727,-0.10606060606060606,-0.9015151515151515,-0.19318181818181818,-1.0,0.12878787878787878,-0.48484848484848486,0.14772727272727273,-0.678030303030303,0.13636363636363635,-0.8143939393939394,0.11363636363636363,-0.9431818181818182
0,0.0,0.0,-0.17490494296577946,-0.09885931558935361,-0.30798479087452474,-0.23954372623574144,-0.43346007604562736,-0.33079847908745247,-0.5095057034220533,-0.44106463878326996,-0.13688212927756654,-0.49429657794676807,-0.26996197718631176,-0.6273764258555133,-0.3916349809885932,-0.5817490494296578,-0.467680608365019,-0.5057034220532319,-0.057034220532319393,-0.5399239543726235,-0.1482889733840304,-0.7490494296577946,-0.2813688212927757,-0.8288973384030418,-0.4068441064638783,-0.870722433460076,0.03802281368821293,-0.5361216730038023,-0.011406844106463879,-0.7756653992395437,-0.11026615969581749,-0.9011406844106464,-0.20152091254752852,-1.0,0.12547528517110265,-0.4866920152091255,0.1444866920152091,-0.6844106463878327,0.13307984790874525,-0.8250950570342205,0.10646387832699619,-0.9467680608365019
0,0.0,0.0,-0.17358490566037735,-0.1018867924528302,-0.30566037735849055,-0.2490566037735849,-0.42641509433962266,-0.33962264150943394,-0.5018867924528302,-0.44528301886792454,-0.12830188679245283,-0.5018867924528302,-0.26037735849056604,-0.630188679245283,-0.38113207547169814,-0.5849056603773585,-0.45660377358490567,-0.5132075471698113,-0.052830188679245285,-0.5433962264150943,-0.1471698113207547,-0.7509433962264151,-0.2830188679245283,-0.8339622641509434,-0.4037735849056604,-0.879245283018868,0.04150943396226415,-0.5358490566037736,-0.01509433962264151,-0.7735849056603774,-0.1169811320754717,-0.8981132075471698,-0.20754716981132076,-1.0,0.12452830188679245,-0.4867924528301887,0.14339622641509434,-0.6792452830188679,0.12830188679245283,-0.8150943396226416,0.1018867924528302,-0.9433962264150944
0,0.0,0.0,-0.17669172932330826,-0.10150375939849623,-0.3082706766917293,-0.2518796992481203,-0.42857142857142855,-0.34210526315789475,-0.5112781954887218,-0.4473684210526316,-0.13909774436090225,-0.5112781954887218,-0.2744360902255639,-0.6353383458646616,-0.40225563909774437,-0.5827067669172933,-0.4774436090225564,-0.5112781954887218,-0.06766917293233082,-0.5451127819548872,-0.15789473684210525,-0.7518796992481203,-0.2932330827067669,-0.8308270676691729,-0.41729323308270677,-0.8796992481203008,0.018796992481203006,-0.5300751879699248,-0.03383458646616541,-0.7706766917293233,-0.13157894736842105,-0.8984962406015038,-0.22556390977443608,-1.0,0.09774436090225563,-0.4699248120300752,0.10902255639097744,-0.6578947368421053,0.08270676691729323,-0.793233082706767,0.045112781954887216,-0.9172932330827067
0,0.0,0.0,-0.1821561338289963,-0.10408921933085502,-0.3159851301115242,-0.25650557620817843,-0.4349442379182156,-0.3420074349442379,-0.5130111524163569,-0.4423791821561338,-0.1412639405204461,-0.5092936802973977,-0.2788104089219331,-0.6394052044609665,-0.4052044609665427,-0.587360594795539,-0.483271375464684,-0.5092936802973977,-0.07063197026022305,-0.5390334572490706,-0.16728624535315986,-0.7472118959107806,-0.3048327137546468,-0.828996282527881,-0.4275092936802974,-0.8773234200743495,0.01486988847583643,-0.5241635687732342,-0.048327137546468404,-0.7657992565055762,-0.14869888475836432,-0.8921933085501859,-0.241635687732342,-1.0,0.08921933085501858,-0.4684014869888476,0.08550185873605948,-0.6505576208178439,0.055762081784386616,-0.7806691449814126,0.01486988847583643,-0.9070631970260223
0,0.0,0.0,-0.18490566037735848,-0.09811320754716982,-0.32452830188679244,-0.2528301886792453,-0.44528301886792454,-0.33584905660377357,-0.5245283018867924,-0.44150943396226416,-0.1471698113207547,-0.5094339622641509,-0.28679245283018867,-0.6377358490566037,-0.41132075471698115,-0.5735849056603773,-0.4830188679245283,-0.4981132075471698,-0.07547169811320754,-0.539622641509434,-0.1811320754716981,-0.7433962264150943,-0.3320754716981132,-0.8075471698113208,-0.4528301886792453,-0.8452830188679246,0.007547169811320755,-0.5245283018867924,-0.052830188679245285,-0.7660377358490567,-0.16226415094339622,-0.8905660377358491,-0.2528301886792453,-1.0,0.08679245283018867,-0.4641509433962264,0.07924528301886792,-0.6452830188679245,0.045283018867924525,-0.7773584905660378,0.0,-0.9056603773584906
0,0.0,0.0,-0.18773946360153257,-0.09961685823754789,-0.32950191570881227,-0.2567049808429119,-0.4482758620689655,-0.3448275862068966,-0.524904214559387,-0.4521072796934866,-0.1417624521072797,-0.5172413793103449,-0.2796934865900383,-0.6475095785440613,-0.4099616858237548,-0.5862068965517241,-0.4904214559386973,-0.5057471264367817,-0.06896551724137931,-0.5478927203065134,-0.18773946360153257,-0.7471264367816092,-0.3448275862068966,-0.8045977011494253,-0.4674329501915709,-0.8352490421455939,0.01532567049808429,-0.5325670498084292,-0.04980842911877394,-0.7701149425287356,-0.16475095785440613,-0.896551724137931,-0.2567049808429119,-1.0,0.09961685823754789,-0.47126436781609193,0.09578544061302682,-0.6551724137931034,0.05747126436781609,-0.7931034482758621,0.011494252873563218,-0.9233716475095786
0,0.0,0.0,-0.18992248062015504,-0.09689922480620156,-0.34108527131782945,-0.2558139534883721,-0.46511627906976744,-0.3449612403100775,-0.5542635658914729,-0.44573643410852715,-0.15891472868217055,-0.5155038759689923,-0.29457364341085274,-0.6511627906976745,-0.4263565891472868,-0.5775193798449613,-0.5038759689922481,-0.4883720930232558,-0.08527131782945736,-0.5426356589147286,-0.20930232558139536,-0.7364341085271318,-0.3682170542635659,-0.7713178294573644,-0.4883720930232558,-0.7790697674418605,0.003875968992248062,-0.5271317829457365,-0.06201550387596899,-0.7674418604651163,-0.18604651162790697,-0.8953488372093024,-0.28294573643410853,-1.0,0.09302325581395349,-0.4728682170542636,0.09689922480620156,-0.6627906976744186,0.06976744186046512,-0.7984496124031008,0.031007751937984496,-0.9341085271317829
0,0.0,0.0,-0.1828793774319066,-0.09727626459143969,-0.33073929961089493,-0.2490272373540856,-0.45525291828793774,-0.3424124513618677,-0.5447470817120622,-0.4474708171206226,-0.14785992217898833,-0.5058365758754864,-0.2918287937743191,-0.642023346303502,-0.42412451361867703,-0.5797665369649806,-0.5019455252918288,-0.4980544747081712,-0.07782101167315175,-0.5408560311284046,-0.20233463035019456,-0.7392996108949417,-0.36186770428015563,-0.7976653696498055,-0.48638132295719844,-0.8249027237354085,0.007782101167315175,-0.5252918287937743,-0.0622568093385214,-0.7704280155642024,-0.1828793774319066,-0.8949416342412452,-0.2801556420233463,-1.0,0.0933852140077821,-0.4708171206225681,0.09727626459143969,-0.669260700389105,0.07003891050583658,-0.8093385214007782,0.03501945525291829,-0.9416342412451362
0,0.0,0.0,-0.18007662835249041,-0.09578544061302682,-0.3218390804597701,-0.24904214559386972,-0.44061302681992337,-0.3333333333333333,-0.524904214559387,-0.4329501915708812,-0.1417624521072797,-0.5095785440613027,-0.2835249042145594,-0.6398467432950191,-0.4099616858237548,-0.5823754789272031,-0.4827586206896552,-0.5057471264367817,-0.07279693486590039,-0.5402298850574713,-0.19157088122605365,-0.7432950191570882,-0.3371647509578544,-0.8160919540229885,-0.4674329501915709,-0.8620689655172413,0.011494252873563218,-0.5210727969348659,-0.05747126436781609,-0.7662835249042146,-0.1685823754789272,-0.89272030651341,-0.26053639846743293,-1.0,0.09961685823754789,-0.46360153256704983,0.09578544061302682,-0.6551724137931034,0.06130268199233716,-0.789272030651341,0.022988505747126436,-0.9195402298850575
0,0.0,0.0,-0.18490566037735848,-0.09433962264150944,-0.32452830188679244,-0.24528301886792453,-0.4490566037735849,-0.3283018867924528,-0.5207547169811321,-0.4339622641509434,-0.14339622641509434,-0.5132075471698113,-0.28679245283018867,-0.6415094339622641,-0.41132075471698115,-0.5849056603773585,-0.4830188679245283,-0.5056603773584906,-0.07547169811320754,-0.539622641509434,-0.18490566037735848,-0.7433962264150943,-0.32452830188679244,-0.8264150943396227,-0.44528301886792454,-0.8867924528301887,0.01509433962264151,-0.5245283018867924,-0.06415094339622641,-0.7622641509433963,-0.1660377358490566,-0.8905660377358491,-0.2528301886792453,-1.0,0.09433962264150944,-0.46037735849056605,0.07547169811320754,-0.6415094339622641,0.03773584905660377,-0.7735849056603774,-0.007547169811320755,-0.8981132075471698
0,0.0,0.0,-0.19011406844106463,-0.09125475285171103,-0.34220532319391633,-0.23954372623574144,-0.467680608365019,-0.3269961977186312,-0.5361216730038023,-0.4448669201520912,-0.16730038022813687,-0.5171102661596958,-0.311787072243346,-0.6463878326996197,-0.43346007604562736,-0.5931558935361216,-0.5057034220532319,-0.5095057034220533,-0.09505703422053231,-0.5475285171102662,-0.20532319391634982,-0.752851711026616,-0.33460076045627374,-0.8479087452471483,-0.45627376425855515,-0.9201520912547528,-0.0038022813688212928,-0.5285171102661597,-0.08745247148288973,-0.7642585551330798,-0.18631178707224336,-0.8897338403041825,-0.27756653992395436,-1.0,0.07984790874524715,-0.4714828897338403,0.049429657794676805,-0.6501901140684411,0.0038022813688212928,-0.7756653992395437,-0.049429657794676805,-0.8973384030418251
0,0.0,0.0,-0.1797752808988764,-0.09363295880149813,-0.3258426966292135,-0.2397003745318352,-0.44569288389513106,-0.3295880149812734,-0.5093632958801498,-0.449438202247191,-0.149812734082397,-0.5093632958801498,-0.2883895131086142,-0.6404494382022472,-0.4044943820224719,-0.5880149812734082,-0.4756554307116105,-0.5093632958801498,-0.07865168539325842,-0.5393258426966292,-0.1797752808988764,-0.7490636704119851,-0.299625468164794,-0.850187265917603,-0.40823970037453183,-0.9325842696629213,0.011235955056179775,-0.5280898876404494,-0.07116104868913857,-0.7565543071161048,-0.16853932584269662,-0.8876404494382022,-0.2546816479400749,-1.0,0.09363295880149813,-0.47191011235955055,0.0599250936329588,-0.6554307116104869,0.0149812734082397,-0.7790262172284644,-0.0299625468164794,-0.8951310861423221
0,0.0,0.0,-0.1865671641791045,-0.08955223880597014,-0.3358208955223881,-0.23134328358208955,-0.458955223880597,-0.3246268656716418,-0.5223880597014925,-0.44402985074626866,-0.17164179104477612,-0.503731343283582,-0.30223880597014924,-0.6343283582089553,-0.4141791044776119,-0.5895522388059702,-0.48507462686567165,-0.5149253731343284,-0.09701492537313433,-0.5373134328358209,-0.19029850746268656,-0.746268656716418,-0.30597014925373134,-0.8507462686567164,-0.41044776119402987,-0.9328358208955224,-0.007462686567164179,-0.5261194029850746,-0.08582089552238806,-0.753731343283582,-0.17537313432835822,-0.8843283582089553,-0.26119402985074625,-1.0,0.08208955223880597,-0.4664179104477612,0.05223880597014925,-0.6492537313432836,0.007462686567164179,-0.7723880597014925,-0.041044776119402986,-0.8880597014925373
0,0.0,0.0,-0.1828358208955224,-0.08955223880597014,-0.3283582089552239,-0.23507462686567165,-0.4552238805970149,-0.3283582089552239,-0.5149253731343284,-0.44776119402985076,-0.16044776119402984,-0.5,-0.2947761194029851,-0.6231343283582089,-0.40671641791044777,-0.582089552238806,-0.47388059701492535,-0.5111940298507462,-0.09328358208955224,-0.5373134328358209,-0.19029850746268656,-0.7425373134328358,-0.30223880597014924,-0.8507462686567164,-0.40298507462686567,-0.9402985074626866,-0.0037313432835820895,-0.5261194029850746,-0.07835820895522388,-0.753731343283582,-0.16044776119402984,-0.8843283582089553,-0.23880597014925373,-1.0,0.08582089552238806,-0.47388059701492535,0.05223880597014925,-0.6529850746268657,0.007462686567164179,-0.7761194029850746,-0.041044776119402986,-0.8917910447761194
0,0.0,0.0,-0.18081180811808117,-0.08856088560885608,-0.3210332103321033,-0.22878228782287824,-0.44649446494464945,-0.33210332103321033,-0.5018450184501845,-0.4575645756457565,-0.15867158671586715,-0.47601476014760147,-0.28044280442804426,-0.6051660516605166,-0.3948339483394834,-0.5793357933579336,-0.4612546125461255,-0.5239852398523985,-0.08487084870848709,-0.5202952029520295,-0.17712177121771217,-0.7232472324723247,-0.2915129151291513,-0.8265682656826568,-0.3874538745387454,-0.9114391143911439,0.007380073800738007,-0.5202952029520295,-0.05166051660516605,-0.7490774907749077,-0.12546125461254612,-0.8819188191881919,-0.1918819188191882,-1.0,0.0996309963099631,-0.47601476014760147,0.0959409594095941,-0.6642066420664207,0.07749077490774908,-0.7896678966789668,0.055350553505535055,-0.9114391143911439
0,0.0,0.0,-0.18081180811808117,-0.08487084870848709,-0.3247232472324723,-0.22509225092250923,-0.44649446494464945,-0.33210332103321033,-0.5055350553505535,-0.45018450184501846,-0.16974169741697417,-0.47232472324723246,-0.28413284132841327,-0.6088560885608856,-0.3948339483394834,-0.5867158671586716,-0.4612546125461255,-0.5313653136531366,-0.09225092250922509,-0.5166051660516605,-0.18450184501845018,-0.7158671586715867,-0.2988929889298893,-0.8191881918819188,-0.3985239852398524,-0.8966789667896679,0.0036900369003690036,-0.5166051660516605,-0.05166051660516605,-0.7453874538745388,-0.12546125461254612,-0.8819188191881919,-0.1881918819188192,-1.0,0.0959409594095941,-0.47232472324723246,0.11070110701107011,-0.6605166051660517,0.0996309963099631,-0.7933579335793358,0.08487084870848709,-0.915129151291513
0,0.0,0.0,-0.18587360594795538,-0.08550185873605948,-0.3271375464684015,-0.22676579925650558,-0.44609665427509293,-0.3308550185873606,-0.49814126394052044,-0.44609665427509293,-0.16356877323420074,-0.4721189591078067,-0.2788104089219331,-0.6096654275092936,-0.3903345724907063,-0.587360594795539,-0.45724907063197023,-0.5315985130111525,-0.08921933085501858,-0.516728624535316,-0.18587360594795538,-0.7174721189591078,-0.3048327137546468,-0.8141263940520446,-0.4052044609665427,-0.8847583643122676,0.011152416356877323,-0.5204460966542751,-0.040892193308550186,-0.7509293680297398,-0.11524163568773234,-0.8847583643122676,-0.17843866171003717,-1.0,0.11152416356877323,-0.4795539033457249,0.12639405204460966,-0.6691449814126395,0.12267657992565056,-0.7992565055762082,0.11152416356877323,-0.9182156133828996
0,0.0,0.0,-0.18081180811808117,-0.08487084870848709,-0.3247232472324723,-0.22509225092250923,-0.44280442804428044,-0.33948339483394835,-0.4981549815498155,-0.4575645756457565,-0.16605166051660517,-0.46863468634686345,-0.2730627306273063,-0.6125461254612546,-0.3800738007380074,-0.5904059040590406,-0.44649446494464945,-0.5350553505535055,-0.08856088560885608,-0.5166051660516605,-0.18450184501845018,-0.7121771217712177,-0.2988929889298893,-0.8118081180811808,-0.3985239852398524,-0.8892988929889298,0.014760147601476014,-0.5202952029520295,-0.03690036900369004,-0.7453874538745388,-0.11070110701107011,-0.8856088560885609,-0.17712177121771217,-1.0,0.11808118081180811,-0.4797047970479705,0.14022140221402213,-0.6715867158671587,0.14022140221402213,-0.8044280442804428,0.13653136531365315,-0.9261992619926199
0,0.0,0.0,-0.18888888888888888,-0.08518518518518518,-0.32592592592592595,-0.23333333333333334,-0.44814814814814813,-0.34074074074074073,-0.5148148148148148,-0.45555555555555555,-0.16296296296296298,-0.4703703703703704,-0.2740740740740741,-0.6111111111111112,-0.37777777777777777,-0.5925925925925926,-0.4444444444444444,-0.5370370370370371,-0.08148148148148149,-0.5148148148148148,-0.17777777777777778,-0.7037037037037037,-0.29259259259259257,-0.8037037037037037,-0.3925925925925926,-0.8777777777777778,0.018518518518518517,-0.5185185185185185,-0.02962962962962963,-0.7481481481481481,-0.10740740740740741,-0.8851851851851852,-0.17037037037037037,-1.0,0.12222222222222222,-0.48518518518518516,0.14814814814814814,-0.674074074074074,0.15185185185185185,-0.8037037037037037,0.14444444444444443,-0.9259259259259259
0,0.0,0.0,-0.1814814814814815,-0.08518518518518518,-0.32222222222222224,-0.22962962962962963,-0.44074074074074077,-0.34074074074074073,-0.5,-0.45555555555555555,-0.15555555555555556,-0.4703703703703704,-0.26666666666666666,-0.6111111111111112,-0.37407407407407406,-0.5851851851851851,-0.43703703703703706,-0.5296296296296297,-0.07407407407407407,-0.5148148148148148,-0.17407407407407408,-0.7037037037037037,-0.2851851851851852,-0.8037037037037037,-0.3851851851851852,-0.8740740740740741,0.02962962962962963,-0.5185185185185185,-0.022222222222222223,-0.7444444444444445,-0.0962962962962963,-0.8851851851851852,-0.16666666666666666,-1.0,0.13333333333333333,-0.48148148148148145,0.15925925925925927,-0.6703703703703704,0.16296296296296298,-0.8037037037037037,0.15925925925925927,-0.9296296296296296
0,0.0,0.0,-0.1865671641791045,-0.08208955223880597,-0.332089552238806,-0.22761194029850745,-0.45149253731343286,-0.34328358208955223,-0.5111940298507462,-0.4552238805970149,-0.16791044776119404,-0.4701492537313433,-0.27238805970149255,-0.6119402985074627,-0.376865671641791,-0.585820895522388,-0.44029850746268656,-0.5298507462686567,-0.08208955223880597,-0.5149253731343284,-0.1791044776119403,-0.7052238805970149,-0.2947761194029851,-0.8022388059701493,-0.3917910447761194,-0.8768656716417911,0.018656716417910446,-0.5223880597014925,-0.029850746268656716,-0.746268656716418,-0.1044776119402985,-0.8843283582089553,-0.16791044776119404,-1.0,0.12686567164179105,-0.48507462686567165,0.15671641791044777,-0.667910447761194,0.16044776119402984,-0.8022388059701493,0.15671641791044777,-0.9253731343283582
0,0.0,0.0,-0.18045112781954886,-0.08270676691729323,-0.3233082706766917,-0.23308270676691728,-0.4398496240601504,-0.3458646616541353,-0.5037593984962406,-0.462406015037594,-0.15413533834586465,-0.4699248120300752,-0.2593984962406015,-0.6165413533834586,-0.36466165413533835,-0.5939849624060151,-0.42857142857142855,-0.5338345864661654,-0.07142857142857142,-0.518796992481203,-0.16917293233082706,-0.706766917293233,-0.2857142857142857,-0.8045112781954887,-0.38721804511278196,-0.8759398496240601,0.03007518796992481,-0.5225563909774437,-0.018796992481203006,-0.7518796992481203,-0.09398496240601503,-0.8872180451127819,-0.16165413533834586,-1.0,0.13909774436090225,-0.4849624060150376,0.16917293233082706,-0.6729323308270677,0.17669172932330826,-0.8082706766917294,0.17293233082706766,-0.9360902255639098
0,0.0,0.0,-0.18726591760299627,-0.07865168539325842,-0.3333333333333333,-0.22846441947565543,-0.449438202247191,-0.3445692883895131,-0.5168539325842697,-0.4606741573033708,-0.16104868913857678,-0.4681647940074906,-0.27340823970037453,-0.6104868913857678,-0.3782771535580524,-0.5842696629213483,-0.44569288389513106,-0.5280898876404494,-0.07865168539325842,-0.5168539325842697,-0.1797752808988764,-0.7078651685393258,-0.2958801498127341,-0.8052434456928839,-0.3970037453183521,-0.8764044943820225,0.02247191011235955,-0.5205992509363296,-0.026217228464419477,-0.7528089887640449,-0.10112359550561797,-0.8876404494382022,-0.17228464419475656,-1.0,0.13108614232209737,-0.48314606741573035,0.16104868913857678,-0.6704119850187266,0.1647940074906367,-0.8052434456928839,0.16104868913857678,-0.9288389513108615
0,0.0,0.0,-0.1865671641791045,-0.08955223880597014,-0.332089552238806,-0.23134328358208955,-0.44776119402985076,-0.34328358208955223,-0.4962686567164179,-0.4626865671641791,-0.16417910447761194,-0.4701492537313433,-0.27238805970149255,-0.6082089552238806,-0.376865671641791,-0.585820895522388,-0.44029850746268656,-0.5335820895522388,-0.08208955223880597,-0.5186567164179104,-0.17164179104477612,-0.7126865671641791,-0.2873134328358209,-0.8059701492537313,-0.3880597014925373,-0.8768656716417911,0.026119402985074626,-0.5223880597014925,-0.014925373134328358,-0.75,-0.08955223880597014,-0.8880597014925373,-0.15671641791044777,-1.0,0.13059701492537312,-0.47761194029850745,0.16791044776119404,-0.664179104477612,0.17537313432835822,-0.7985074626865671,0.17164179104477612,-0.9216417910447762
0,0.0,0.0,-0.1828358208955224,-0.08582089552238806,-0.3283582089552239,-0.23134328358208955,-0.44776119402985076,-0.34328358208955223,-0.503731343283582,-0.458955223880597,-0.16417910447761194,-0.47388059701492535,-0.27238805970149255,-0.6119402985074627,-0.373134328358209,-0.585820895522388,-0.43656716417910446,-0.5223880597014925,-0.07835820895522388,-0.5223880597014925,-0.16417910447761194,-0.7164179104477612,-0.27611940298507465,-0.8097014925373134,-0.373134328358209,-0.8805970149253731,0.026119402985074626,-0.5223880597014925,-0.014925373134328358,-0.746268656716418,-0.08955223880597014,-0.8843283582089553,-0.15671641791044777,-1.0,0.13059701492537312,-0.48134328358208955,0.16791044776119404,-0.664179104477612,0.17537313432835822,-0.7985074626865671,0.17537313432835822,-0.9216417910447762
0,0.0,0.0,-0.1791044776119403,-0.08955223880597014,-0.31716417910447764,-0.23880597014925373,-0.43283582089552236,-0.34701492537313433,-0.48507462686567165,-0.4664179104477612,-0.1455223880597015,-0.48134328358208955,-0.25,-0.6156716417910447,-0.35447761194029853,-0.5932835820895522,-0.4216417910447761,-0.5335820895522388,-0.06343283582089553,-0.5261194029850746,-0.13805970149253732,-0.7238805970149254,-0.25,-0.8171641791044776,-0.35074626865671643,-0.8805970149253731,0.041044776119402986,-0.5261194029850746,0.0037313432835820895,-0.753731343283582,-0.06716417910447761,-0.8880597014925373,-0.13805970149253732,-1.0,0.1417910447761194,-0.47761194029850745,0.1865671641791045,-0.664179104477612,0.19402985074626866,-0.7985074626865671,0.19402985074626866,-0.9253731343283582
0,0.0,0.0,-0.1821561338289963,-0.08550185873605948,-0.31970260223048325,-0.2342007434944238,-0.4349442379182156,-0.3420074349442379,-0.4944237918215613,-0.46096654275092935,-0.1524163568773234,-0.483271375464684,-0.25650557620817843,-0.6171003717472119,-0.36059479553903345,-0.5910780669144982,-0.4275092936802974,-0.5278810408921933,-0.06691449814126393,-0.5278810408921933,-0.1449814126394052,-0.724907063197026,-0.25650557620817843,-0.8215613382899628,-0.35315985130111527,-0.8884758364312267,0.03345724907063197,-0.5241635687732342,0.0,-0.7509293680297398,-0.07063197026022305,-0.8884758364312267,-0.137546468401487,-1.0,0.13382899628252787,-0.4758364312267658,0.17843866171003717,-0.6579925650557621,0.1895910780669145,-0.79182156133829,0.1895910780669145,-0.9144981412639405
0,0.0,0.0,-0.17343173431734318,-0.08856088560885608,-0.3062730627306273,-0.23616236162361623,-0.42435424354243545,-0.34317343173431736,-0.4797047970479705,-0.4612546125461255,-0.13284132841328414,-0.4797047970479705,-0.23616236162361623,-0.6125461254612546,-0.34317343173431736,-0.5867158671586716,-0.4132841328413284,-0.5239852398523985,-0.05166051660516605,-0.5239852398523985,-0.11808118081180811,-0.7269372693726938,-0.23247232472324722,-0.8228782287822878,-0.33579335793357934,-0.8856088560885609,0.05166051660516605,-0.5202952029520295,0.02214022140221402,-0.7527675276752768,-0.05166051660516605,-0.8892988929889298,-0.12177121771217712,-1.0,0.14760147601476015,-0.47232472324723246,0.1918819188191882,-0.6568265682656826,0.2029520295202952,-0.7896678966789668,0.2066420664206642,-0.915129151291513
0,0.0,0.0,-0.16911764705882354,-0.09558823529411764,-0.3014705882352941,-0.23897058823529413,-0.41911764705882354,-0.34191176470588236,-0.4742647058823529,-0.45588235294117646,-0.1213235294117647,-0.4852941176470588,-0.23161764705882354,-0.6213235294117647,-0.3382352941176471,-0.5882352941176471,-0.40808823529411764,-0.5220588235294118,-0.04044117647058824,-0.5257352941176471,-0.10661764705882353,-0.7316176470588235,-0.22058823529411764,-0.8235294117647058,-0.3235294117647059,-0.8860294117647058,0.058823529411764705,-0.5183823529411765,0.03308823529411765,-0.75,-0.04044117647058824,-0.8860294117647058,-0.11029411764705882,-1.0,0.15073529411764705,-0.46691176470588236,0.1948529411764706,-0.6470588235294118,0.20955882352941177,-0.7794117647058824,0.21323529411764705,-0.9007352941176471
0,0.0,0.0,-0.14869888475836432,-0.11152416356877323,-0.25650557620817843,-0.27137546468401486,-0.3680297397769517,-0.379182156133829,-0.42379182156133827,-0.49070631970260226,-0.055762081784386616,-0.483271375464684,-0.16728624535315986,-0.6245353159851301,-0.2825278810408922,-0.6059479553903345,-0.3643122676579926,-0.5539033457249071,0.022304832713754646,-0.5241635687732342,-0.048327137546468404,-0.7323420074349443,-0.15985130111524162,-0.8178438661710037,-0.26022304832713755,-0.8736059479553904,0.11524163568773234,-0.5130111524163569,0.10037174721189591,-0.7472118959107806,0.03345724907063197,-0.8884758364312267,-0.02973977695167286,-1.0,0.20446096654275092,-0.46096654275092935,0.275092936802974,-0.6394052044609665,0.29739776951672864,-0.7695167286245354,0.30855018587360594,-0.8921933085501859
0,0.0,0.0,-0.14661654135338345,-0.11278195488721804,-0.24812030075187969,-0.2706766917293233,-0.34962406015037595,-0.39097744360902253,-0.42857142857142855,-0.5,-0.04887218045112782,-0.48872180451127817,-0.15037593984962405,-0.6390977443609023,-0.2706766917293233,-0.6165413533834586,-0.35714285714285715,-0.5639097744360902,0.03383458646616541,-0.5225563909774437,-0.03007518796992481,-0.7368421052631579,-0.14661654135338345,-0.8270676691729323,-0.24812030075187969,-0.8872180451127819,0.12781954887218044,-0.5112781954887218,0.12781954887218044,-0.7481203007518797,0.05639097744360902,-0.8872180451127819,-0.007518796992481203,-1.0,0.21428571428571427,-0.45864661654135336,0.2932330827067669,-0.6353383458646616,0.3233082706766917,-0.7669172932330827,0.3383458646616541,-0.8872180451127819
0,0.0,0.0,-0.14661654135338345,-0.10902255639097744,-0.24812030075187969,-0.2781954887218045,-0.3458646616541353,-0.39849624060150374,-0.42857142857142855,-0.5112781954887218,-0.041353383458646614,-0.48872180451127817,-0.13909774436090225,-0.6353383458646616,-0.2593984962406015,-0.6165413533834586,-0.3458646616541353,-0.5714285714285714,0.041353383458646614,-0.518796992481203,-0.015037593984962405,-0.7330827067669173,-0.13157894736842105,-0.8233082706766918,-0.22556390977443608,-0.8834586466165414,0.13157894736842105,-0.5037593984962406,0.13533834586466165,-0.7406015037593985,0.07142857142857142,-0.8834586466165414,0.015037593984962405,-1.0,0.21804511278195488,-0.44360902255639095,0.3007518796992481,-0.6203007518796992,0.33458646616541354,-0.7481203007518797,0.35714285714285715,-0.8721804511278195
0,0.0,0.0,-0.13909774436090225,-0.11278195488721804,-0.24060150375939848,-0.2781954887218045,-0.34210526315789475,-0.39849624060150374,-0.41729323308270677,-0.5112781954887218,-0.03007518796992481,-0.4849624060150376,-0.12781954887218044,-0.6428571428571429,-0.2518796992481203,-0.6240601503759399,-0.33458646616541354,-0.5714285714285714,0.04887218045112782,-0.5150375939849624,-0.0037593984962406013,-0.7368421052631579,-0.12030075187969924,-0.8308270676691729,-0.21428571428571427,-0.8909774436090225,0.13909774436090225,-0.49624060150375937,0.14661654135338345,-0.7368421052631579,0.08270676691729323,-0.8834586466165414,0.03007518796992481,-1.0,0.22180451127819548,-0.43609022556390975,0.3082706766917293,-0.6127819548872181,0.34210526315789475,-0.7443609022556391,0.36466165413533835,-0.868421052631579
0,0.0,0.0,-0.13962264150943396,-0.12075471698113208,-0.24528301886792453,-0.2792452830188679,-0.3471698113207547,-0.39622641509433965,-0.41509433962264153,-0.5094339622641509,-0.03018867924528302,-0.4981132075471698,-0.12452830188679245,-0.6528301886792452,-0.2528301886792453,-0.630188679245283,-0.33962264150943394,-0.5735849056603773,0.052830188679245285,-0.5245283018867924,0.0037735849056603774,-0.7396226415094339,-0.10943396226415095,-0.8339622641509434,-0.20754716981132076,-0.8943396226415095,0.14339622641509434,-0.5056603773584906,0.15471698113207547,-0.7396226415094339,0.09056603773584905,-0.8830188679245283,0.03018867924528302,-1.0,0.22264150943396227,-0.44528301886792454,0.30566037735849055,-0.6188679245283019,0.3433962264150943,-0.7471698113207547,0.3660377358490566,-0.8679245283018868
0,0.0,0.0,-0.1444866920152091,-0.11787072243346007,-0.2509505703422053,-0.27756653992395436,-0.3612167300380228,-0.39543726235741444,-0.4220532319391635,-0.5171102661596958,-0.03802281368821293,-0.5057034220532319,-0.13307984790874525,-0.6615969581749049,-0.2623574144486692,-0.6311787072243346,-0.34980988593155893,-0.5703422053231939,0.045627376425855515,-0.5285171102661597,0.0,-0.7490494296577946,-0.11406844106463879,-0.8403041825095057,-0.21673003802281368,-0.8973384030418251,0.13688212927756654,-0.5095057034220533,0.1482889733840304,-0.7452471482889734,0.08365019011406843,-0.8859315589353612,0.022813688212927757,-1.0,0.22053231939163498,-0.44106463878326996,0.30038022813688214,-0.6159695817490495,0.33840304182509506,-0.7490494296577946,0.3612167300380228,-0.8669201520912547
0,0.0,0.0,-0.1450381679389313,-0.11450381679389313,-0.2633587786259542,-0.27099236641221375,-0.3702290076335878,-0.3893129770992366,-0.42366412213740456,-0.5114503816793893,-0.04198473282442748,-0.5038167938931297,-0.14122137404580154,-0.6603053435114504,-0.2633587786259542,-0.6335877862595419,-0.3511450381679389,-0.5687022900763359,0.04580152671755725,-0.5305343511450382,0.003816793893129771,-0.7519083969465649,-0.11068702290076336,-0.8435114503816794,-0.21755725190839695,-0.9007633587786259,0.13740458015267176,-0.5076335877862596,0.14885496183206107,-0.7480916030534351,0.07633587786259542,-0.8854961832061069,0.015267175572519083,-1.0,0.22137404580152673,-0.44274809160305345,0.29770992366412213,-0.6183206106870229,0.3320610687022901,-0.7442748091603053,0.3549618320610687,-0.8664122137404581
0,0.0,0.0,-0.1450381679389313,-0.10687022900763359,-0.26717557251908397,-0.2633587786259542,-0.3702290076335878,-0.37404580152671757,-0.42366412213740456,-0.5,-0.05343511450381679,-0.5038167938931297,-0.14885496183206107,-0.6564885496183206,-0.27099236641221375,-0.6259541984732825,-0.3549618320610687,-0.5648854961832062,0.03435114503816794,-0.5305343511450382,-0.007633587786259542,-0.7519083969465649,-0.12213740458015267,-0.8435114503816794,-0.22519083969465647,-0.9045801526717557,0.1297709923664122,-0.5038167938931297,0.13358778625954199,-0.7442748091603053,0.06870229007633588,-0.8854961832061069,0.007633587786259542,-1.0,0.21374045801526717,-0.4351145038167939,0.2900763358778626,-0.6106870229007634,0.3244274809160305,-0.7404580152671756,0.3473282442748092,-0.8587786259541985
0,0.0,0.0,-0.1509433962264151,-0.10943396226415095,-0.2679245283018868,-0.26037735849056604,-0.36981132075471695,-0.3622641509433962,-0.4226415094339623,-0.47924528301886793,-0.045283018867924525,-0.5018867924528302,-0.1509433962264151,-0.6528301886792452,-0.27547169811320754,-0.6188679245283019,-0.3584905660377358,-0.5471698113207547,0.03773584905660377,-0.5283018867924528,-0.011320754716981131,-0.7433962264150943,-0.12830188679245283,-0.8339622641509434,-0.23018867924528302,-0.8905660377358491,0.12830188679245283,-0.5056603773584906,0.1320754716981132,-0.7433962264150943,0.06037735849056604,-0.8830188679245283,0.0,-1.0,0.21132075471698114,-0.4339622641509434,0.2830188679245283,-0.6037735849056604,0.3169811320754717,-0.7320754716981132,0.3433962264150943,-0.8528301886792453
0,0.0,0.0,-0.15151515151515152,-0.10984848484848485,-0.2765151515151515,-0.25757575757575757,-0.38636363636363635,-0.36363636363636365,-0.4318181818181818,-0.48484848484848486,-0.06060606060606061,-0.5,-0.1553030303030303,-0.6477272727272727,-0.2765151515151515,-0.6174242424242424,-0.35984848484848486,-0.5492424242424242,0.022727272727272728,-0.5265151515151515,-0.022727272727272728,-0.7462121212121212,-0.13636363636363635,-0.8371212121212122,-0.23863636363636365,-0.8939393939393939,0.11363636363636363,-0.5075757575757576,0.11742424242424243,-0.7462121212121212,0.04924242424242424,-0.8863636363636364,-0.007575757575757576,-1.0,0.19696969696969696,-0.4393939393939394,0.2765151515151515,-0.6098484848484849,0.3106060606060606,-0.7386363636363636,0.3371212121212121,-0.8560606060606061
0,0.0,0.0,-0.1520912547528517,-0.11026615969581749,-0.2737642585551331,-0.2661596958174905,-0.38022813688212925,-0.3688212927756654,-0.43346007604562736,-0.4866920152091255,-0.049429657794676805,-0.5095057034220533,-0.1482889733840304,-0.6577946768060836,-0.2661596958174905,-0.6197718631178707,-0.34600760456273766,-0.5475285171102662,0.034220532319391636,-0.5361216730038023,-0.0038022813688212928,-0.7566539923954373,-0.11787072243346007,-0.8479087452471483,-0.22813688212927757,-0.9125475285171103,0.12927756653992395,-0.5095057034220533,0.13688212927756654,-0.7490494296577946,0.07224334600760456,-0.8859315589353612,0.0076045627376425855,-1.0,0.20912547528517111,-0.43346007604562736,0.2889733840304182,-0.6121673003802282,0.3231939163498099,-0.7376425855513308,0.34980988593155893,-0.8555133079847909
0,0.0,0.0,-0.14606741573033707,-0.11610486891385768,-0.26591760299625467,-0.2696629213483146,-0.3707865168539326,-0.3782771535580524,-0.4157303370786517,-0.49812734082397003,-0.04868913857677903,-0.50187265917603,-0.13857677902621723,-0.651685393258427,-0.2546816479400749,-0.6217228464419475,-0.3333333333333333,-0.5543071161048689,0.033707865168539325,-0.5280898876404494,0.003745318352059925,-0.7490636704119851,-0.09737827715355805,-0.850187265917603,-0.1947565543071161,-0.9176029962546817,0.12734082397003746,-0.5056179775280899,0.14232209737827714,-0.7415730337078652,0.08614232209737828,-0.8838951310861424,0.033707865168539325,-1.0,0.20973782771535582,-0.4344569288389513,0.2846441947565543,-0.6067415730337079,0.32209737827715357,-0.7303370786516854,0.34831460674157305,-0.846441947565543
0,0.0,0.0,-0.14661654135338345,-0.12030075187969924,-0.2556390977443609,-0.2744360902255639,-0.35714285714285715,-0.37969924812030076,-0.40601503759398494,-0.4924812030075188,-0.041353383458646614,-0.5,-0.13533834586466165,-0.6428571428571429,-0.24812030075187969,-0.6203007518796992,-0.32706766917293234,-0.5526315789473685,0.041353383458646614,-0.5300751879699248,0.022556390977443608,-0.7443609022556391,-0.07518796992481203,-0.849624060150376,-0.16917293233082706,-0.9285714285714286,0.13533834586466165,-0.5037593984962406,0.15789473684210525,-0.7368421052631579,0.10902255639097744,-0.8796992481203008,0.05639097744360902,-1.0,0.21428571428571427,-0.4323308270676692,0.29699248120300753,-0.6015037593984962,0.33458646616541354,-0.7255639097744361,0.3609022556390977,-0.8421052631578947
0,0.0,0.0,-0.14391143911439114,-0.12177121771217712,-0.24723247232472326,-0.28044280442804426,-0.34686346863468637,-0.39114391143911437,-0.3985239852398524,-0.5092250922509225,-0.025830258302583026,-0.4944649446494465,-0.12177121771217712,-0.6346863468634686,-0.23985239852398524,-0.6199261992619927,-0.3210332103321033,-0.5645756457564576,0.055350553505535055,-0.5202952029520295,0.02952029520295203,-0.7343173431734318,-0.05904059040590406,-0.8523985239852399,-0.14391143911439114,-0.940959409594096,0.14391143911439114,-0.4944649446494465,0.16236162361623616,-0.7306273062730627,0.11808118081180811,-0.8745387453874539,0.07749077490774908,-1.0,0.22140221402214022,-0.4280442804428044,0.2988929889298893,-0.5977859778597786,0.33579335793357934,-0.7195571955719557,0.36162361623616235,-0.8339483394833949
0,0.0,0.0,-0.14022140221402213,-0.12546125461254612,-0.24723247232472326,-0.2878228782287823,-0.34317343173431736,-0.3985239852398524,-0.39114391143911437,-0.5166051660516605,-0.02952029520295203,-0.4944649446494465,-0.11808118081180811,-0.6383763837638377,-0.23247232472324722,-0.6273062730627307,-0.31365313653136534,-0.5719557195571956,0.055350553505535055,-0.5202952029520295,0.033210332103321034,-0.7343173431734318,-0.055350553505535055,-0.8560885608856088,-0.13653136531365315,-0.948339483394834,0.14760147601476015,-0.4944649446494465,0.17343173431734318,-0.7306273062730627,0.13284132841328414,-0.8745387453874539,0.09225092250922509,-1.0,0.22509225092250923,-0.4280442804428044,0.3062730627306273,-0.5977859778597786,0.34317343173431736,-0.7232472324723247,0.36900369003690037,-0.8413284132841329
0,0.0,0.0,-0.14285714285714285,-0.12454212454212454,-0.24175824175824176,-0.28205128205128205,-0.336996336996337,-0.3992673992673993,-0.3882783882783883,-0.5164835164835165,-0.029304029304029304,-0.48717948717948717,-0.11721611721611722,-0.6336996336996337,-0.23076923076923078,-0.6263736263736264,-0.31135531135531136,-0.575091575091575,0.054945054945054944,-0.5164835164835165,0.02564102564102564,-0.7289377289377289,-0.05860805860805861,-0.8498168498168498,-0.13553113553113552,-0.9523809523809523,0.14652014652014653,-0.48717948717948717,0.17216117216117216,-0.7252747252747253,0.14285714285714285,-0.8717948717948718,0.11355311355311355,-1.0,0.2271062271062271,-0.4175824175824176,0.3076923076923077,-0.5897435897435898,0.3443223443223443,-0.7142857142857143,0.36996336996337,-0.8351648351648352
0,0.0,0.0,-0.13818181818181818,-0.12,-0.24,-0.28,-0.33454545454545453,-0.39636363636363636,-0.38181818181818183,-0.5163636363636364,-0.02909090909090909,-0.48,-0.12,-0.6290909090909091,-0.23272727272727273,-0.6181818181818182,-0.3090909090909091,-0.5636363636363636,0.05454545454545454,-0.509090909090909,0.01818181818181818,-0.7236363636363636,-0.06181818181818182,-0.8545454545454545,-0.13818181818181818,-0.9636363636363636,0.14545454545454545,-0.48727272727272725,0.1709090909090909,-0.72,0.14909090909090908,-0.8690909090909091,0.12363636363636364,-1.0,0.2290909090909091,-0.41818181818181815,0.3018181818181818,-0.5854545454545454,0.3418181818181818,-0.7127272727272728,0.3709090909090909,-0.8290909090909091
0,0.0,0.0,-0.1386861313868613,-0.12043795620437957,-0.23722627737226276,-0.28102189781021897,-0.33211678832116787,-0.3978102189781022,-0.38686131386861317,-0.5182481751824818,-0.029197080291970802,-0.4854014598540146,-0.11313868613138686,-0.635036496350365,-0.22992700729927007,-0.6204379562043796,-0.3102189781021898,-0.5693430656934306,0.058394160583941604,-0.5145985401459854,0.021897810218978103,-0.7226277372262774,-0.06204379562043796,-0.8540145985401459,-0.1386861313868613,-0.9635036496350365,0.15328467153284672,-0.48905109489051096,0.18248175182481752,-0.718978102189781,0.15693430656934307,-0.8686131386861314,0.13138686131386862,-1.0,0.23722627737226276,-0.4197080291970803,0.31386861313868614,-0.5875912408759124,0.35036496350364965,-0.7116788321167883,0.3759124087591241,-0.8321167883211679
0,0.0,0.0,-0.1391941391941392,-0.12087912087912088,-0.24175824175824176,-0.28205128205128205,-0.336996336996337,-0.40293040293040294,-0.38461538461538464,-0.5238095238095238,-0.02564102564102564,-0.4835164835164835,-0.11721611721611722,-0.6336996336996337,-0.23443223443223443,-0.6227106227106227,-0.315018315018315,-0.5714285714285714,0.05860805860805861,-0.5128205128205128,0.02197802197802198,-0.7252747252747253,-0.06227106227106227,-0.8534798534798534,-0.1391941391941392,-0.9560439560439561,0.15384615384615385,-0.4908424908424908,0.1794871794871795,-0.7216117216117216,0.15384615384615385,-0.8717948717948718,0.1282051282051282,-1.0,0.23443223443223443,-0.4249084249084249,0.31135531135531136,-0.5934065934065934,0.3516483516483517,-0.7142857142857143,0.38095238095238093,-0.8315018315018315
0,0.0,0.0,-0.1391941391941392,-0.1282051282051282,-0.23443223443223443,-0.2893772893772894,-0.326007326007326,-0.41025641025641024,-0.3772893772893773,-0.5274725274725275,-0.018315018315018316,-0.4908424908424908,-0.10989010989010989,-0.6373626373626373,-0.2271062271062271,-0.6227106227106227,-0.3076923076923077,-0.5714285714285714,0.0695970695970696,-0.5164835164835165,0.03663003663003663,-0.7289377289377289,-0.05128205128205128,-0.8498168498168498,-0.13186813186813187,-0.9487179487179487,0.16483516483516483,-0.48717948717948717,0.19413919413919414,-0.7216117216117216,0.16483516483516483,-0.8717948717948718,0.1391941391941392,-1.0,0.2454212454212454,-0.42124542124542125,0.32234432234432236,-0.5897435897435898,0.358974358974359,-0.717948717948718,0.39194139194139194,-0.8351648351648352
0,0.0,0.0,-0.14181818181818182,-0.12363636363636364,-0.24363636363636362,-0.28363636363636363,-0.3381818181818182,-0.4072727272727273,-0.3927272727272727,-0.5272727272727272,-0.03272727272727273,-0.4909090909090909,-0.12363636363636364,-0.64,-0.24,-0.6254545454545455,-0.32,-0.5709090909090909,0.05454545454545454,-0.5163636363636364,0.02181818181818182,-0.7272727272727273,-0.06545454545454546,-0.850909090909091,-0.14181818181818182,-0.9490909090909091,0.14909090909090908,-0.4909090909090909,0.1781818181818182,-0.7236363636363636,0.14909090909090908,-0.8727272727272727,0.12,-1.0,0.2290909090909091,-0.4218181818181818,0.3054545454545455,-0.5890909090909091,0.34545454545454546,-0.7127272727272728,0.37454545454545457,-0.8290909090909091
0,0.0,0.0,-0.14285714285714285,-0.12454212454212454,-0.2454212454212454,-0.2857142857142857,-0.336996336996337,-0.41025641025641024,-0.39194139194139194,-0.5274725274725275,-0.03663003663003663,-0.48717948717948717,-0.13186813186813187,-0.6373626373626373,-0.2454212454212454,-0.6263736263736264,-0.326007326007326,-0.575091575091575,0.05128205128205128,-0.5164835164835165,0.014652014652014652,-0.7289377289377289,-0.07326007326007326,-0.8534798534798534,-0.1575091575091575,-0.9560439560439561,0.14285714285714285,-0.4908424908424908,0.16117216117216118,-0.7216117216117216,0.12454212454212454,-0.8717948717948718,0.08791208791208792,-1.0,0.22344322344322345,-0.4249084249084249,0.30036630036630035,-0.5897435897435898,0.34065934065934067,-0.7142857142857143,0.36996336996337,-0.8315018315018315
0,0.0,0.0,-0.14869888475836432,-0.12267657992565056,-0.24907063197026022,-0.2862453531598513,-0.34572490706319703,-0.4052044609665427,-0.39776951672862454,-0.5204460966542751,-0.040892193308550186,-0.4944237918215613,-0.137546468401487,-0.6394052044609665,-0.25650557620817843,-0.6245353159851301,-0.3382899628252788,-0.5724907063197026,0.04460966542750929,-0.5204460966542751,0.0037174721189591076,-0.7323420074349443,-0.08921933085501858,-0.8550185873605948,-0.17843866171003717,-0.9516728624535316,0.1412639405204461,-0.4944237918215613,0.15613382899628253,-0.7323420074349443,0.10780669144981413,-0.8773234200743495,0.06319702602230483,-1.0,0.22304832713754646,-0.4275092936802974,0.30111524163568776,-0.5947955390334573,0.3345724907063197,-0.7211895910780669,0.3643122676579926,-0.8401486988847584
0,0.0,0.0,-0.1455223880597015,-0.11940298507462686,-0.2462686567164179,-0.2835820895522388,-0.33955223880597013,-0.40671641791044777,-0.3917910447761194,-0.5298507462686567,-0.041044776119402986,-0.4962686567164179,-0.13432835820895522,-0.6417910447761194,-0.25,-0.6268656716417911,-0.332089552238806,-0.5746268656716418,0.048507462686567165,-0.5223880597014925,0.011194029850746268,-0.7313432835820896,-0.08208955223880597,-0.8507462686567164,-0.17164179104477612,-0.9402985074626866,0.1455223880597015,-0.5,0.16044776119402984,-0.7276119402985075,0.11194029850746269,-0.8731343283582089,0.06716417910447761,-1.0,0.22761194029850745,-0.4291044776119403,0.30597014925373134,-0.5970149253731343,0.34328358208955223,-0.7238805970149254,0.3694029850746269,-0.8395522388059702
0,0.0,0.0,-0.1449814126394052,-0.11895910780669144,-0.241635687732342,-0.2899628252788104,-0.3308550185873606,-0.4163568773234201,-0.38661710037174724,-0.5390334572490706,-0.02973977695167286,-0.49814126394052044,-0.12267657992565056,-0.6468401486988847,-0.241635687732342,-0.6319702602230484,-0.32342007434944237,-0.5799256505576208,0.05947955390334572,-0.5204460966542751,0.026022304832713755,-0.7323420074349443,-0.07063197026022305,-0.8513011152416357,-0.16728624535315986,-0.9405204460966543,0.1524163568773234,-0.4944237918215613,0.16728624535315986,-0.7286245353159851,0.11895910780669144,-0.8773234200743495,0.07063197026022305,-1.0,0.2379182156133829,-0.4275092936802974,0.30855018587360594,-0.5985130111524164,0.34572490706319703,-0.7211895910780669,0.37174721189591076,-0.8401486988847584
0,0.0,0.0,-0.13703703703703704,-0.1259259259259259,-0.23333333333333334,-0.29259259259259257,-0.31851851851851853,-0.4148148148148148,-0.36666666666666664,-0.5333333333333333,-0.022222222222222223,-0.4962962962962963,-0.1111111111111111,-0.6444444444444445,-0.22962962962962963,-0.6333333333333333,-0.3111111111111111,-0.5814814814814815,0.06296296296296296,-0.5222222222222223,0.03333333333333333,-0.7333333333333333,-0.05925925925925926,-0.8518518518518519,-0.14814814814814814,-0.9407407407407408,0.15925925925925927,-0.4962962962962963,0.17777777777777778,-0.7296296296296296,0.13333333333333333,-0.8740740740740741,0.08888888888888889,-1.0,0.24074074074074073,-0.42592592592592593,0.3148148148148148,-0.5962962962962963,0.35185185185185186,-0.7222222222222222,0.37777777777777777,-0.837037037037037
0,0.0,0.0,-0.14022140221402213,-0.12177121771217712,-0.24354243542435425,-0.2878228782287823,-0.33579335793357934,-0.4132841328413284,-0.3837638376383764,-0.5350553505535055,-0.033210332103321034,-0.5018450184501845,-0.12546125461254612,-0.6494464944649446,-0.24354243542435425,-0.6346863468634686,-0.3247232472324723,-0.5830258302583026,0.055350553505535055,-0.5239852398523985,0.025830258302583026,-0.7343173431734318,-0.06273062730627306,-0.8523985239852399,-0.15129151291512916,-0.9446494464944649,0.14760147601476015,-0.4944649446494465,0.16605166051660517,-0.7269372693726938,0.12177121771217712,-0.8745387453874539,0.08118081180811808,-1.0,0.22509225092250923,-0.42435424354243545,0.3025830258302583,-0.5940959409594095,0.33579335793357934,-0.7158671586715867,0.36531365313653136,-0.8339483394833949
0,0.0,0.0,-0.13333333333333333,-0.1259259259259259,-0.22592592592592592,-0.28888888888888886,-0.3148148148148148,-0.40370370370370373,-0.362962962962963,-0.5185185185185185,-0.014814814814814815,-0.4888888888888889,-0.10740740740740741,-0.6407407407407407,-0.22592592592592592,-0.6296296296296297,-0.3074074074074074,-0.5814814814814815,0.06666666666666667,-0.5111111111111111,0.040740740740740744,-0.7296296296296296,-0.040740740740740744,-0.8592592592592593,-0.11851851851851852,-0.9629629629629629,0.15925925925925927,-0.48148148148148145,0.17777777777777778,-0.7222222222222222,0.14444444444444443,-0.8703703703703703,0.1111111111111111,-1.0,0.23703703703703705,-0.4111111111111111,0.3111111111111111,-0.5814814814814815,0.34444444444444444,-0.7074074074074074,0.37407407407407406,-0.8222222222222222
0,0.0,0.0,-0.1323529411764706,-0.125,-0.22794117647058823,-0.28308823529411764,-0.3125,-0.4007352941176471,-0.3602941176470588,-0.5220588235294118,-0.022058823529411766,-0.49264705882352944,-0.10294117647058823,-0.6397058823529411,-0.21691176470588236,-0.6323529411764706,-0.2977941176470588,-0.5845588235294118,0.0661764705882353,-0.5147058823529411,0.03676470588235294,-0.7279411764705882,-0.04044117647058824,-0.8602941176470589,-0.11764705882352941,-0.9705882352941176,0.15808823529411764,-0.4852941176470588,0.17647058823529413,-0.7205882352941176,0.14338235294117646,-0.8713235294117647,0.11029411764705882,-1.0,0.23529411764705882,-0.4117647058823529,0.3088235294117647,-0.5808823529411765,0.34558823529411764,-0.7058823529411765,0.3713235294117647,-0.8198529411764706
0,0.0,0.0,-0.13970588235294118,-0.1213235294117647,-0.23897058823529413,-0.28308823529411764,-0.3235294117647059,-0.40441176470588236,-0.3713235294117647,-0.5183823529411765,-0.03308823529411765,-0.4889705882352941,-0.11764705882352941,-0.6470588235294118,-0.23161764705882354,-0.6323529411764706,-0.3125,-0.5808823529411765,0.051470588235294115,-0.5110294117647058,0.014705882352941176,-0.7242647058823529,-0.0661764705882353,-0.8529411764705882,-0.13602941176470587,-0.9632352941176471,0.14338235294117646,-0.48161764705882354,0.16176470588235295,-0.7169117647058824,0.1323529411764706,-0.8676470588235294,0.10661764705882353,-1.0,0.22426470588235295,-0.4117647058823529,0.2977941176470588,-0.5808823529411765,0.33088235294117646,-0.7022058823529411,0.3602941176470588,-0.8161764705882353
0,0.0,0.0,-0.14022140221402213,-0.12546125461254612,-0.23985239852398524,-0.2878228782287823,-0.3247232472324723,-0.4059040590405904,-0.3726937269372694,-0.5239852398523985,-0.03690036900369004,-0.4907749077490775,-0.12915129151291513,-0.6457564575645757,-0.24354243542435425,-0.6273062730627307,-0.3247232472324723,-0.5756457564575646,0.04797047970479705,-0.5129151291512916,0.007380073800738007,-0.7269372693726938,-0.08118081180811808,-0.8523985239852399,-0.16236162361623616,-0.955719557195572,0.14391143911439114,-0.4870848708487085,0.16236162361623616,-0.7195571955719557,0.13284132841328414,-0.8708487084870848,0.0996309963099631,-1.0,0.22878228782287824,-0.4132841328413284,0.2988929889298893,-0.5830258302583026,0.33579335793357934,-0.7084870848708487,0.36162361623616235,-0.8228782287822878
0,0.0,0.0,-0.1412639405204461,-0.12639405204460966,-0.2342007434944238,-0.2899628252788104,-0.31970260223048325,-0.40892193308550184,-0.3643122676579926,-0.5241635687732342,-0.02973977695167286,-0.49814126394052044,-0.11895910780669144,-0.6468401486988847,-0.2342007434944238,-0.6356877323420075,-0.3159851301115242,-0.5836431226765799,0.055762081784386616,-0.516728624535316,0.011152416356877323,-0.724907063197026,-0.08178438661710037,-0.8475836431226765,-0.16728624535315986,-0.9479553903345725,0.1524163568773234,-0.49070631970260226,0.16356877323420074,-0.724907063197026,0.12639405204460966,-0.8736059479553904,0.08921933085501858,-1.0,0.2379182156133829,-0.4200743494423792,0.31226765799256506,-0.5910780669144982,0.34572490706319703,-0.7137546468401487,0.37174721189591076,-0.828996282527881
0,0.0,0.0,-0.13857677902621723,-0.1198501872659176,-0.2397003745318352,-0.2883895131086142,-0.3295880149812734,-0.41198501872659177,-0.37453183520599254,-0.5318352059925093,-0.03745318352059925,-0.50187265917603,-0.12359550561797752,-0.6591760299625468,-0.24344569288389514,-0.6404494382022472,-0.3295880149812734,-0.5842696629213483,0.04868913857677903,-0.5205992509363296,0.00749063670411985,-0.7340823970037453,-0.08614232209737828,-0.846441947565543,-0.1797752808988764,-0.9288389513108615,0.149812734082397,-0.4943820224719101,0.1647940074906367,-0.7265917602996255,0.1198501872659176,-0.8726591760299626,0.07865168539325842,-1.0,0.23595505617977527,-0.41947565543071164,0.31086142322097376,-0.5880149812734082,0.34831460674157305,-0.7116104868913857,0.3782771535580524,-0.8314606741573034
0,0.0,0.0,-0.13584905660377358,-0.12830188679245283,-0.2339622641509434,-0.2981132075471698,-0.32075471698113206,-0.4188679245283019,-0.3622641509433962,-0.539622641509434,-0.018867924528301886,-0.5056603773584906,-0.10566037735849057,-0.6566037735849056,-0.2188679245283019,-0.6452830188679245,-0.3018867924528302,-0.5924528301886792,0.06415094339622641,-0.5283018867924528,0.018867924528301886,-0.7358490566037735,-0.08679245283018867,-0.8415094339622642,-0.1811320754716981,-0.9169811320754717,0.16226415094339622,-0.4981132075471698,0.17358490566037735,-0.7320754716981132,0.12075471698113208,-0.879245283018868,0.07547169811320754,-1.0,0.2528301886792453,-0.42641509433962266,0.33584905660377357,-0.5962264150943396,0.37358490566037733,-0.720754716981132,0.4,-0.8415094339622642
0,0.0,0.0,-0.14122137404580154,-0.1297709923664122,-0.24427480916030533,-0.29770992366412213,-0.33587786259541985,-0.42366412213740456,-0.38549618320610685,-0.5458015267175572,-0.03435114503816794,-0.5076335877862596,-0.12213740458015267,-0.6679389312977099,-0.24427480916030533,-0.6450381679389313,-0.3320610687022901,-0.5877862595419847,0.05343511450381679,-0.5267175572519084,0.007633587786259542,-0.732824427480916,-0.09541984732824428,-0.8282442748091603,-0.183206106870229,-0.8931297709923665,0.15648854961832062,-0.5038167938931297,0.16030534351145037,-0.7366412213740458,0.10305343511450382,-0.8816793893129771,0.04961832061068702,-1.0,0.2480916030534351,-0.4312977099236641,0.3320610687022901,-0.5992366412213741,0.37404580152671757,-0.7290076335877863,0.40076335877862596,-0.8473282442748091
0,0.0,0.0,-0.1346153846153846,-0.12692307692307692,-0.23076923076923078,-0.3,-0.3230769230769231,-0.4269230769230769,-0.3730769230769231,-0.55,-0.03076923076923077,-0.5115384615384615,-0.11538461538461539,-0.6653846153846154,-0.23461538461538461,-0.6423076923076924,-0.3192307692307692,-0.5884615384615385,0.057692307692307696,-0.5307692307692308,0.007692307692307693,-0.7346153846153847,-0.09230769230769231,-0.8269230769230769,-0.18461538461538463,-0.8923076923076924,0.16153846153846155,-0.5038461538461538,0.16923076923076924,-0.7346153846153847,0.1076923076923077,-0.8807692307692307,0.05384615384615385,-1.0,0.26153846153846155,-0.4307692307692308,0.34615384615384615,-0.6038461538461538,0.38846153846153847,-0.7307692307692307,0.4153846153846154,-0.8538461538461538
0,0.0,0.0,-0.1417624521072797,-0.12643678160919541,-0.2413793103448276,-0.2988505747126437,-0.3333333333333333,-0.42911877394636017,-0.3831417624521073,-0.5478927203065134,-0.03065134099616858,-0.5134099616858238,-0.11877394636015326,-0.6666666666666666,-0.23754789272030652,-0.6475095785440613,-0.32567049808429116,-0.5900383141762452,0.05747126436781609,-0.5325670498084292,0.0,-0.7318007662835249,-0.09961685823754789,-0.8199233716475096,-0.18773946360153257,-0.8888888888888888,0.15708812260536398,-0.5019157088122606,0.15708812260536398,-0.735632183908046,0.09578544061302682,-0.8773946360153256,0.0421455938697318,-1.0,0.25287356321839083,-0.42911877394636017,0.34099616858237547,-0.5977011494252874,0.3793103448275862,-0.7279693486590039,0.4061302681992337,-0.8505747126436781
0,0.0,0.0,-0.13565891472868216,-0.12403100775193798,-0.23255813953488372,-0.3023255813953488,-0.32558139534883723,-0.4263565891472868,-0.37209302325581395,-0.5465116279069767,-0.01937984496124031,-0.5116279069767442,-0.10852713178294573,-0.6666666666666666,-0.22868217054263565,-0.6511627906976745,-0.3178294573643411,-0.5930232558139535,0.06589147286821706,-0.5348837209302325,0.011627906976744186,-0.7364341085271318,-0.09302325581395349,-0.8333333333333334,-0.18992248062015504,-0.8992248062015504,0.16666666666666666,-0.5038759689922481,0.17054263565891473,-0.7403100775193798,0.10465116279069768,-0.8837209302325582,0.046511627906976744,-1.0,0.26356589147286824,-0.43023255813953487,0.35658914728682173,-0.6046511627906976,0.3992248062015504,-0.7325581395348837,0.42248062015503873,-0.8565891472868217
0,0.0,0.0,-0.13618677042801555,-0.12840466926070038,-0.23735408560311283,-0.3035019455252918,-0.33073929961089493,-0.4357976653696498,-0.36964980544747084,-0.5642023346303502,-0.019455252918287938,-0.5214007782101168,-0.10894941634241245,-0.6770428015564203,-0.22957198443579765,-0.6614785992217899,-0.3229571984435798,-0.603112840466926,0.07003891050583658,-0.5408560311284046,0.019455252918287938,-0.7431906614785992,-0.08171206225680934,-0.8365758754863813,-0.17509727626459143,-0.9027237354085603,0.17120622568093385,-0.5136186770428015,0.17509727626459143,-0.7431906614785992,0.11673151750972763,-0.8832684824902723,0.058365758754863814,-1.0,0.26459143968871596,-0.4357976653696498,0.35797665369649806,-0.6070038910505836,0.3968871595330739,-0.7354085603112841,0.4280155642023346,-0.8560311284046692
0,0.0,0.0,-0.13178294573643412,-0.12790697674418605,-0.22868217054263565,-0.29844961240310075,-0.32170542635658916,-0.4263565891472868,-0.3682170542635659,-0.5503875968992248,-0.015503875968992248,-0.5038759689922481,-0.10465116279069768,-0.6627906976744186,-0.22868217054263565,-0.6472868217054264,-0.3178294573643411,-0.5968992248062015,0.06976744186046512,-0.5271317829457365,0.03875968992248062,-0.7441860465116279,-0.06589147286821706,-0.8488372093023255,-0.16279069767441862,-0.9224806201550387,0.16666666666666666,-0.49612403100775193,0.17829457364341086,-0.7325581395348837,0.12015503875968993,-0.8798449612403101,0.06589147286821706,-1.0,0.25193798449612403,-0.42248062015503873,0.34108527131782945,-0.5930232558139535,0.38372093023255816,-0.7209302325581395,0.41472868217054265,-0.8410852713178295
0,0.0,0.0,-0.13127413127413126,-0.1274131274131274,-0.22393822393822393,-0.30115830115830117,-0.3127413127413127,-0.4247104247104247,-0.36293436293436293,-0.5482625482625483,-0.015444015444015444,-0.5057915057915058,-0.10038610038610038,-0.6602316602316602,-0.21621621621621623,-0.6486486486486487,-0.3088803088803089,-0.5984555984555985,0.0694980694980695,-0.525096525096525,0.04247104247104247,-0.7413127413127413,-0.05405405405405406,-0.8494208494208494,-0.15057915057915058,-0.9266409266409267,0.16602316602316602,-0.4980694980694981,0.18146718146718147,-0.7335907335907336,0.1274131274131274,-0.8803088803088803,0.07722007722007722,-1.0,0.2471042471042471,-0.42084942084942084,0.3359073359073359,-0.5868725868725869,0.3745173745173745,-0.7142857142857143,0.4092664092664093,-0.833976833976834
0,0.0,0.0,-0.13740458015267176,-0.12595419847328243,-0.22519083969465647,-0.29770992366412213,-0.31297709923664124,-0.42366412213740456,-0.36259541984732824,-0.5419847328244275,-0.022900763358778626,-0.5038167938931297,-0.10687022900763359,-0.6603053435114504,-0.22137404580152673,-0.6450381679389313,-0.3053435114503817,-0.5916030534351145,0.061068702290076333,-0.5267175572519084,0.03816793893129771,-0.7366412213740458,-0.05343511450381679,-0.8549618320610687,-0.1450381679389313,-0.9427480916030534,0.14885496183206107,-0.4961832061068702,0.16793893129770993,-0.7290076335877863,0.12213740458015267,-0.8778625954198473,0.07251908396946564,-1.0,0.22519083969465647,-0.4198473282442748,0.29770992366412213,-0.5916030534351145,0.3320610687022901,-0.7175572519083969,0.35877862595419846,-0.8396946564885496
0,0.0,0.0,-0.13846153846153847,-0.13076923076923078,-0.23076923076923078,-0.3038461538461538,-0.3230769230769231,-0.4230769230769231,-0.36538461538461536,-0.5461538461538461,-0.023076923076923078,-0.5038461538461538,-0.11153846153846154,-0.6576923076923077,-0.23461538461538461,-0.6461538461538462,-0.3192307692307692,-0.5961538461538461,0.06153846153846154,-0.5269230769230769,0.03461538461538462,-0.7384615384615385,-0.06153846153846154,-0.8538461538461538,-0.15384615384615385,-0.9384615384615385,0.15,-0.49615384615384617,0.16923076923076924,-0.7346153846153847,0.11923076923076924,-0.8807692307692307,0.06538461538461539,-1.0,0.22692307692307692,-0.4230769230769231,0.2923076923076923,-0.5961538461538461,0.3230769230769231,-0.7192307692307692,0.34615384615384615,-0.8384615384615385
0,0.0,0.0,-0.13026819923371646,-0.13409961685823754,-0.21839080459770116,-0.3065134099616858,-0.30268199233716475,-0.42528735632183906,-0.3448275862068966,-0.5478927203065134,-0.0038314176245210726,-0.5019157088122606,-0.08812260536398467,-0.6590038314176245,-0.20689655172413793,-0.6475095785440613,-0.29118773946360155,-0.5977011494252874,0.07662835249042145,-0.5210727969348659,0.04980842911877394,-0.735632183908046,-0.0421455938697318,-0.8505747126436781,-0.13409961685823754,-0.9386973180076629,0.16475095785440613,-0.4904214559386973,0.18007662835249041,-0.7318007662835249,0.13026819923371646,-0.8773946360153256,0.08045977011494253,-1.0,0.23754789272030652,-0.41762452107279696,0.3065134099616858,-0.5938697318007663,0.3333333333333333,-0.7203065134099617,0.36015325670498083,-0.842911877394636
0,0.0,0.0,-0.13793103448275862,-0.13026819923371646,-0.23371647509578544,-0.2988505747126437,-0.3218390804597701,-0.421455938697318,-0.3716475095785441,-0.5402298850574713,-0.02681992337164751,-0.5057471264367817,-0.1111111111111111,-0.6590038314176245,-0.22988505747126436,-0.6513409961685823,-0.31417624521072796,-0.6053639846743295,0.05747126436781609,-0.524904214559387,0.02681992337164751,-0.7394636015325671,-0.06130268199233716,-0.8582375478927203,-0.14942528735632185,-0.9501915708812261,0.14559386973180077,-0.49808429118773945,0.16091954022988506,-0.7318007662835249,0.11494252873563218,-0.8773946360153256,0.06513409961685823,-1.0,0.2260536398467433,-0.42911877394636017,0.28735632183908044,-0.6015325670498084,0.3103448275862069,-0.7279693486590039,0.3333333333333333,-0.8467432950191571
0,0.0,0.0,-0.13257575757575757,-0.12878787878787878,-0.22348484848484848,-0.29924242424242425,-0.3106060606060606,-0.42045454545454547,-0.3560606060606061,-0.5454545454545454,-0.011363636363636364,-0.5,-0.09848484848484848,-0.6515151515151515,-0.2159090909090909,-0.6439393939393939,-0.30303030303030304,-0.5909090909090909,0.06818181818181818,-0.5227272727272727,0.03787878787878788,-0.7348484848484849,-0.056818181818181816,-0.8560606060606061,-0.1553030303030303,-0.9431818181818182,0.1590909090909091,-0.49242424242424243,0.17424242424242425,-0.7348484848484849,0.125,-0.8787878787878788,0.07196969696969698,-1.0,0.23106060606060605,-0.42424242424242425,0.29924242424242425,-0.5946969696969697,0.32575757575757575,-0.7234848484848485,0.3446969696969697,-0.8446969696969697
0,0.0,0.0,-0.13636363636363635,-0.13257575757575757,-0.22727272727272727,-0.30303030303030304,-0.3181818181818182,-0.42424242424242425,-0.3712121212121212,-0.5454545454545454,-0.022727272727272728,-0.5,-0.11363636363636363,-0.6477272727272727,-0.22727272727272727,-0.6401515151515151,-0.3143939393939394,-0.5984848484848485,0.06060606060606061,-0.5227272727272727,0.026515151515151516,-0.7348484848484849,-0.06439393939393939,-0.8522727272727273,-0.1553030303030303,-0.9393939393939394,0.15151515151515152,-0.4962121212121212,0.16666666666666666,-0.7310606060606061,0.12121212121212122,-0.8787878787878788,0.07575757575757576,-1.0,0.23106060606060605,-0.42803030303030304,0.29924242424242425,-0.6022727272727273,0.32954545454545453,-0.7310606060606061,0.3484848484848485,-0.8522727272727273
0,0.0,0.0,-0.13962264150943396,-0.12452830188679245,-0.23773584905660378,-0.2943396226415094,-0.32075471698113206,-0.4188679245283019,-0.36981132075471695,-0.5433962264150943,-0.026415094339622643,-0.4981132075471698,-0.12075471698113208,-0.6528301886792452,-0.23773584905660378,-0.6377358490566037,-0.32075471698113206,-0.5849056603773585,0.06037735849056604,-0.5207547169811321,0.018867924528301886,-0.7358490566037735,-0.07924528301886792,-0.8528301886792453,-0.17358490566037735,-0.9358490566037736,0.15471698113207547,-0.4981132075471698,0.16981132075471697,-0.7320754716981132,0.1169811320754717,-0.879245283018868,0.06415094339622641,-1.0,0.24150943396226415,-0.42641509433962266,0.3169811320754717,-0.6,0.3471698113207547,-0.7320754716981132,0.3660377358490566,-0.8528301886792453
0,0.0,0.0,-0.1450381679389313,-0.12213740458015267,-0.2480916030534351,-0.29770992366412213,-0.3435114503816794,-0.42748091603053434,-0.3931297709923664,-0.5572519083969466,-0.03435114503816794,-0.5038167938931297,-0.1297709923664122,-0.6564885496183206,-0.2480916030534351,-0.6374045801526718,-0.33587786259541985,-0.5801526717557252,0.05343511450381679,-0.5267175572519084,0.003816793893129771,-0.732824427480916,-0.09541984732824428,-0.8396946564885496,-0.183206106870229,-0.916030534351145,0.14885496183206107,-0.5038167938931297,0.16412213740458015,-0.732824427480916,0.11068702290076336,-0.8778625954198473,0.061068702290076333,-1.0,0.23282442748091603,-0.4312977099236641,0.31679389312977096,-0.6068702290076335,0.3511450381679389,-0.7404580152671756,0.37404580152671757,-0.8625954198473282
0,0.0,0.0,-0.14015151515151514,-0.11742424242424243,-0.24242424242424243,-0.2916666666666667,-0.3371212121212121,-0.42045454545454547,-0.3939393939393939,-0.5454545454545454,-0.03409090909090909,-0.4962121212121212,-0.12878787878787878,-0.6477272727272727,-0.24621212121212122,-0.6287878787878788,-0.32954545454545453,-0.5757575757575758,0.04924242424242424,-0.5227272727272727,0.0,-0.7310606060606061,-0.10227272727272728,-0.8295454545454546,-0.19696969696969696,-0.9015151515151515,0.14772727272727273,-0.5,0.1590909090909091,-0.7348484848484849,0.09848484848484848,-0.8787878787878788,0.04924242424242424,-1.0,0.23484848484848486,-0.42803030303030304,0.3181818181818182,-0.6022727272727273,0.3560606060606061,-0.7348484848484849,0.3787878787878788,-0.8598484848484849
0,0.0,0.0,-0.14885496183206107,-0.11450381679389313,-0.25572519083969464,-0.2900763358778626,-0.35877862595419846,-0.41603053435114506,-0.4198473282442748,-0.5419847328244275,-0.04961832061068702,-0.5114503816793893,-0.1450381679389313,-0.6603053435114504,-0.2633587786259542,-0.6335877862595419,-0.3511450381679389,-0.5801526717557252,0.03435114503816794,-0.5381679389312977,-0.026717557251908396,-0.7404580152671756,-0.1297709923664122,-0.8320610687022901,-0.21755725190839695,-0.8969465648854962,0.13358778625954199,-0.5114503816793893,0.14122137404580154,-0.7442748091603053,0.08396946564885496,-0.8816793893129771,0.030534351145038167,-1.0,0.22519083969465647,-0.4389312977099237,0.31297709923664124,-0.6145038167938931,0.3511450381679389,-0.7442748091603053,0.3702290076335878,-0.8664122137404581
0,0.0,0.0,-0.14559386973180077,-0.11494252873563218,-0.25287356321839083,-0.2796934865900383,-0.3563218390804598,-0.40229885057471265,-0.4099616858237548,-0.5287356321839081,-0.0421455938697318,-0.5057471264367817,-0.13409961685823754,-0.6551724137931034,-0.25287356321839083,-0.632183908045977,-0.34099616858237547,-0.5747126436781609,0.0421455938697318,-0.5325670498084292,-0.022988505747126436,-0.735632183908046,-0.13026819923371646,-0.8275862068965517,-0.2260536398467433,-0.89272030651341,0.1417624521072797,-0.5095785440613027,0.1417624521072797,-0.7432950191570882,0.08045977011494253,-0.8812260536398467,0.022988505747126436,-1.0,0.23371647509578544,-0.44061302681992337,0.31800766283524906,-0.6168582375478927,0.3563218390804598,-0.7471264367816092,0.3793103448275862,-0.8697318007662835
0,0.0,0.0,-0.1511627906976744,-0.10465116279069768,-0.2751937984496124,-0.26744186046511625,-0.38372093023255816,-0.3875968992248062,-0.437984496124031,-0.5193798449612403,-0.05813953488372093,-0.5116279069767442,-0.15503875968992248,-0.6627906976744186,-0.27906976744186046,-0.6356589147286822,-0.3682170542635659,-0.5736434108527132,0.023255813953488372,-0.5387596899224806,-0.046511627906976744,-0.7441860465116279,-0.16279069767441862,-0.8294573643410853,-0.26744186046511625,-0.8875968992248062,0.12403100775193798,-0.5155038759689923,0.12403100775193798,-0.751937984496124,0.05426356589147287,-0.8875968992248062,-0.011627906976744186,-1.0,0.21705426356589147,-0.4418604651162791,0.3023255813953488,-0.6201550387596899,0.3372093023255814,-0.751937984496124,0.35658914728682173,-0.8798449612403101
0,0.0,0.0,-0.15057915057915058,-0.11583011583011583,-0.2625482625482625,-0.27413127413127414,-0.37065637065637064,-0.38996138996138996,-0.4362934362934363,-0.5096525096525096,-0.05405405405405406,-0.5135135135135135,-0.15057915057915058,-0.6602316602316602,-0.27413127413127414,-0.6293436293436293,-0.36293436293436293,-0.5675675675675675,0.02702702702702703,-0.5366795366795367,-0.04247104247104247,-0.7413127413127413,-0.1583011583011583,-0.8223938223938224,-0.25868725868725867,-0.8841698841698842,0.1274131274131274,-0.5135135135135135,0.1274131274131274,-0.749034749034749,0.05405405405405406,-0.8841698841698842,-0.015444015444015444,-1.0,0.22007722007722008,-0.444015444015444,0.305019305019305,-0.6177606177606177,0.33976833976833976,-0.749034749034749,0.3590733590733591,-0.8764478764478765
0,0.0,0.0,-0.14728682170542637,-0.10852713178294573,-0.2596899224806202,-0.26356589147286824,-0.37209302325581395,-0.375968992248062,-0.43023255813953487,-0.5,-0.05426356589147287,-0.5155038759689923,-0.15503875968992248,-0.6589147286821705,-0.2751937984496124,-0.624031007751938,-0.3643410852713178,-0.5581395348837209,0.027131782945736434,-0.5387596899224806,-0.050387596899224806,-0.7403100775193798,-0.17054263565891473,-0.8217054263565892,-0.2751937984496124,-0.875968992248062,0.12790697674418605,-0.5155038759689923,0.12403100775193798,-0.751937984496124,0.046511627906976744,-0.8875968992248062,-0.023255813953488372,-1.0,0.2248062015503876,-0.44573643410852715,0.3062015503875969,-0.624031007751938,0.34108527131782945,-0.7558139534883721,0.35658914728682173,-0.8837209302325582
0,0.0,0.0,-0.15,-0.10384615384615385,-0.2692307692307692,-0.2653846153846154,-0.38076923076923075,-0.38076923076923075,-0.43846153846153846,-0.5038461538461538,-0.06923076923076923,-0.5115384615384615,-0.16923076923076924,-0.6653846153846154,-0.28846153846153844,-0.6307692307692307,-0.3769230769230769,-0.5615384615384615,0.015384615384615385,-0.5384615384615384,-0.06153846153846154,-0.7384615384615385,-0.18076923076923077,-0.8192307692307692,-0.2846153846153846,-0.8730769230769231,0.11538461538461539,-0.5153846153846153,0.1076923076923077,-0.7461538461538462,0.03461538461538462,-0.8846153846153846,-0.03076923076923077,-1.0,0.21153846153846154,-0.4461538461538462,0.28846153846153844,-0.6307692307692307,0.3192307692307692,-0.7615384615384615,0.3346153846153846,-0.8884615384615384
0,0.0,0.0,-0.15384615384615385,-0.10384615384615385,-0.27307692307692305,-0.26153846153846155,-0.38076923076923075,-0.3730769230769231,-0.4346153846153846,-0.5,-0.06923076923076923,-0.5,-0.17307692307692307,-0.6538461538461539,-0.2923076923076923,-0.6230769230769231,-0.3769230769230769,-0.5615384615384615,0.015384615384615385,-0.5346153846153846,-0.05384615384615385,-0.7423076923076923,-0.17307692307692307,-0.8307692307692308,-0.28076923076923077,-0.8961538461538462,0.11538461538461539,-0.5153846153846153,0.11153846153846154,-0.75,0.03461538461538462,-0.8884615384615384,-0.03461538461538462,-1.0,0.21153846153846154,-0.45,0.28846153846153844,-0.6307692307692307,0.3153846153846154,-0.7615384615384615,0.3269230769230769,-0.8884615384615384
0,0.0,0.0,-0.1520912547528517,-0.10266159695817491,-0.2661596958174905,-0.2585551330798479,-0.3688212927756654,-0.376425855513308,-0.43346007604562736,-0.49429657794676807,-0.06844106463878327,-0.49809885931558934,-0.17110266159695817,-0.6463878326996197,-0.2889733840304182,-0.6159695817490495,-0.3726235741444867,-0.5551330798479087,0.011406844106463879,-0.532319391634981,-0.057034220532319393,-0.7376425855513308,-0.17110266159695817,-0.8288973384030418,-0.2737642585551331,-0.8935361216730038,0.11026615969581749,-0.5133079847908745,0.10646387832699619,-0.7452471482889734,0.03802281368821293,-0.8859315589353612,-0.030418250950570342,-1.0,0.20152091254752852,-0.44866920152091255,0.27756653992395436,-0.6273764258555133,0.30798479087452474,-0.7604562737642585,0.3231939163498099,-0.8859315589353612
0,0.0,0.0,-0.15355805243445692,-0.10112359550561797,-0.2696629213483146,-0.25842696629213485,-0.3707865168539326,-0.3707865168539326,-0.4232209737827715,-0.4943820224719101,-0.06741573033707865,-0.4943820224719101,-0.17228464419475656,-0.6367041198501873,-0.2883895131086142,-0.6104868913857678,-0.36704119850187267,-0.550561797752809,0.0149812734082397,-0.5243445692883895,-0.04119850187265917,-0.7378277153558053,-0.15730337078651685,-0.8352059925093633,-0.26591760299625467,-0.8951310861423221,0.11235955056179775,-0.5056179775280899,0.11235955056179775,-0.7453183520599251,0.04119850187265917,-0.8876404494382022,-0.02247191011235955,-1.0,0.20224719101123595,-0.4419475655430712,0.27340823970037453,-0.6179775280898876,0.299625468164794,-0.7528089887640449,0.3146067415730337,-0.8764044943820225
0,0.0,0.0,-0.1524163568773234,-0.10408921933085502,-0.26765799256505574,-0.25650557620817843,-0.3680297397769517,-0.3643122676579926,-0.4275092936802974,-0.483271375464684,-0.07063197026022305,-0.4944237918215613,-0.17843866171003717,-0.6356877323420075,-0.2936802973977695,-0.6096654275092936,-0.3754646840148699,-0.550185873605948,0.011152416356877323,-0.5315985130111525,-0.04460966542750929,-0.7397769516728625,-0.15613382899628253,-0.8401486988847584,-0.26394052044609667,-0.9033457249070632,0.10408921933085502,-0.5130111524163569,0.10780669144981413,-0.7434944237918215,0.040892193308550186,-0.8847583643122676,-0.022304832713754646,-1.0,0.19330855018587362,-0.44609665427509293,0.26394052044609667,-0.620817843866171,0.2936802973977695,-0.7509293680297398,0.3048327137546468,-0.8736059479553904
0,0.0,0.0,-0.15555555555555556,-0.1037037037037037,-0.26666666666666666,-0.25925925925925924,-0.36666666666666664,-0.37037037037037035,-0.42592592592592593,-0.4888888888888889,-0.07037037037037037,-0.4925925925925926,-0.17777777777777778,-0.6296296296296297,-0.29259259259259257,-0.6074074074074074,-0.37037037037037035,-0.5518518518518518,0.011111111111111112,-0.5259259259259259,-0.040740740740740744,-0.7333333333333333,-0.14814814814814814,-0.8333333333333334,-0.2518518518518518,-0.9074074074074074,0.10740740740740741,-0.5111111111111111,0.10740740740740741,-0.7407407407407407,0.044444444444444446,-0.8814814814814815,-0.014814814814814815,-1.0,0.1962962962962963,-0.44814814814814813,0.26296296296296295,-0.6222222222222222,0.28888888888888886,-0.7518518518518519,0.3,-0.8703703703703703
0,0.0,0.0,-0.14963503649635038,-0.09854014598540146,-0.2664233576642336,-0.2518248175182482,-0.36496350364963503,-0.36496350364963503,-0.4233576642335766,-0.48175182481751827,-0.06934306569343066,-0.4854014598540146,-0.17153284671532848,-0.6240875912408759,-0.2846715328467153,-0.6021897810218978,-0.35766423357664234,-0.5474452554744526,0.014598540145985401,-0.5218978102189781,-0.032846715328467155,-0.7299270072992701,-0.1386861313868613,-0.8357664233576643,-0.23722627737226276,-0.9124087591240876,0.10583941605839416,-0.5036496350364964,0.11313868613138686,-0.7372262773722628,0.051094890510948905,-0.8795620437956204,-0.0072992700729927005,-1.0,0.19343065693430658,-0.43795620437956206,0.2591240875912409,-0.6131386861313869,0.2846715328467153,-0.7445255474452555,0.29927007299270075,-0.8686131386861314
0,0.0,0.0,-0.15328467153284672,-0.10218978102189781,-0.27007299270072993,-0.25547445255474455,-0.3686131386861314,-0.36496350364963503,-0.4233576642335766,-0.48175182481751827,-0.06204379562043796,-0.48905109489051096,-0.16423357664233576,-0.6204379562043796,-0.2737226277372263,-0.6058394160583942,-0.35036496350364965,-0.551094890510949,0.01824817518248175,-0.5255474452554745,-0.01824817518248175,-0.7335766423357665,-0.11678832116788321,-0.843065693430657,-0.21897810218978103,-0.916058394160584,0.11313868613138686,-0.5072992700729927,0.12043795620437957,-0.7408759124087592,0.058394160583941604,-0.8832116788321168,-0.0036496350364963502,-1.0,0.19343065693430658,-0.4416058394160584,0.26277372262773724,-0.6167883211678832,0.28832116788321166,-0.7481751824817519,0.29927007299270075,-0.8722627737226277
0,0.0,0.0,-0.14963503649635038,-0.10218978102189781,-0.26277372262773724,-0.25547445255474455,-0.3613138686131387,-0.36496350364963503,-0.4197080291970803,-0.4854014598540146,-0.06204379562043796,-0.48905109489051096,-0.16058394160583941,-0.6240875912408759,-0.2664233576642336,-0.6094890510948905,-0.34306569343065696,-0.5583941605839416,0.01824817518248175,-0.5255474452554745,-0.0072992700729927005,-0.7372262773722628,-0.10218978102189781,-0.843065693430657,-0.20072992700729927,-0.916058394160584,0.10948905109489052,-0.5072992700729927,0.12043795620437957,-0.7445255474452555,0.06204379562043796,-0.8832116788321168,0.0036496350364963502,-1.0,0.1897810218978102,-0.4416058394160584,0.26277372262773724,-0.6167883211678832,0.28832116788321166,-0.7481751824817519,0.29927007299270075,-0.8686131386861314
0,0.0,0.0,-0.15272727272727274,-0.10545454545454545,-0.2690909090909091,-0.2581818181818182,-0.36,-0.3709090909090909,-0.41818181818181815,-0.4909090909090909,-0.06545454545454546,-0.4909090909090909,-0.15636363636363637,-0.6290909090909091,-0.26545454545454544,-0.6145454545454545,-0.34545454545454546,-0.5636363636363636,0.01818181818181818,-0.5272727272727272,-0.0036363636363636364,-0.7381818181818182,-0.09818181818181818,-0.8436363636363636,-0.2,-0.9163636363636364,0.10909090909090909,-0.509090909090909,0.12363636363636364,-0.7418181818181818,0.06545454545454546,-0.8836363636363637,0.0036363636363636364,-1.0,0.1890909090909091,-0.44727272727272727,0.26181818181818184,-0.6218181818181818,0.2872727272727273,-0.7527272727272727,0.29818181818181816,-0.8727272727272727
0,0.0,0.0,-0.14909090909090908,-0.10545454545454545,-0.2581818181818182,-0.26545454545454544,-0.3490909090909091,-0.38181818181818183,-0.4036363636363636,-0.5054545454545455,-0.05454545454545454,-0.4909090909090909,-0.14545454545454545,-0.6254545454545455,-0.2509090909090909,-0.6181818181818182,-0.32727272727272727,-0.5709090909090909,0.02909090909090909,-0.5236363636363637,0.007272727272727273,-0.7345454545454545,-0.08727272727272728,-0.84,-0.18545454545454546,-0.9163636363636364,0.12,-0.5054545454545455,0.13454545454545455,-0.7418181818181818,0.08,-0.8836363636363637,0.02181818181818182,-1.0,0.2,-0.44363636363636366,0.2690909090909091,-0.6181818181818182,0.29454545454545455,-0.7490909090909091,0.3090909090909091,-0.8727272727272727
0,0.0,0.0,-0.15272727272727274,-0.11272727272727273,-0.26181818181818184,-0.2727272727272727,-0.3527272727272727,-0.3927272727272727,-0.4036363636363636,-0.5163636363636364,-0.05454545454545454,-0.4909090909090909,-0.14181818181818182,-0.6290909090909091,-0.2509090909090909,-0.6254545454545455,-0.32727272727272727,-0.5781818181818181,0.02909090909090909,-0.5236363636363637,0.01090909090909091,-0.7345454545454545,-0.08363636363636363,-0.84,-0.18181818181818182,-0.9127272727272727,0.12363636363636364,-0.5054545454545455,0.13818181818181818,-0.7381818181818182,0.08363636363636363,-0.8836363636363637,0.02909090909090909,-1.0,0.20363636363636364,-0.44363636363636366,0.27636363636363637,-0.6181818181818182,0.3018181818181818,-0.7490909090909091,0.31636363636363635,-0.8690909090909091
0,0.0,0.0,-0.15018315018315018,-0.10622710622710622,-0.26373626373626374,-0.26373626373626374,-0.3516483516483517,-0.38461538461538464,-0.3992673992673993,-0.5091575091575091,-0.054945054945054944,-0.4945054945054945,-0.1391941391941392,-0.63003663003663,-0.2454212454212454,-0.6227106227106227,-0.326007326007326,-0.575091575091575,0.03296703296703297,-0.5238095238095238,0.014652014652014652,-0.7362637362637363,-0.07692307692307693,-0.8424908424908425,-0.17216117216117216,-0.9157509157509157,0.12454212454212454,-0.5054945054945055,0.14652014652014653,-0.7362637362637363,0.09523809523809523,-0.8791208791208791,0.03663003663003663,-1.0,0.20512820512820512,-0.43956043956043955,0.28205128205128205,-0.6117216117216118,0.31135531135531136,-0.73992673992674,0.32967032967032966,-0.8644688644688645
0,0.0,0.0,-0.15441176470588236,-0.11029411764705882,-0.26838235294117646,-0.26838235294117646,-0.3602941176470588,-0.39338235294117646,-0.40808823529411764,-0.5220588235294118,-0.05514705882352941,-0.49264705882352944,-0.13602941176470587,-0.6360294117647058,-0.24632352941176472,-0.6323529411764706,-0.3235294117647059,-0.5845588235294118,0.03308823529411765,-0.5257352941176471,0.022058823529411766,-0.7352941176470589,-0.06985294117647059,-0.8455882352941176,-0.16176470588235295,-0.9227941176470589,0.12867647058823528,-0.5073529411764706,0.15073529411764705,-0.7389705882352942,0.09926470588235294,-0.8823529411764706,0.04411764705882353,-1.0,0.21323529411764705,-0.44485294117647056,0.29044117647058826,-0.6176470588235294,0.31985294117647056,-0.7463235294117647,0.33455882352941174,-0.8676470588235294
0,0.0,0.0,-0.15498154981549817,-0.1033210332103321,-0.2730627306273063,-0.26199261992619927,-0.36531365313653136,-0.3874538745387454,-0.4095940959409594,-0.5202952029520295,-0.05904059040590406,-0.4870848708487085,-0.14022140221402213,-0.6309963099630996,-0.24723247232472326,-0.6273062730627307,-0.3247232472324723,-0.5830258302583026,0.033210332103321034,-0.5202952029520295,0.02214022140221402,-0.7306273062730627,-0.07011070110701106,-0.8413284132841329,-0.16236162361623616,-0.9188191881918819,0.12546125461254612,-0.5018450184501845,0.14760147601476015,-0.7343173431734318,0.0996309963099631,-0.8782287822878229,0.04428044280442804,-1.0,0.2066420664206642,-0.44280442804428044,0.28413284132841327,-0.6125461254612546,0.3173431734317343,-0.7416974169741697,0.33579335793357934,-0.8634686346863468
0,0.0,0.0,-0.15555555555555556,-0.1111111111111111,-0.27037037037037037,-0.27037037037037037,-0.362962962962963,-0.3925925925925926,-0.4074074074074074,-0.5185185185185185,-0.05185185185185185,-0.5,-0.13333333333333333,-0.6407407407407407,-0.24444444444444444,-0.6333333333333333,-0.32592592592592595,-0.5851851851851851,0.040740740740740744,-0.5296296296296297,0.025925925925925925,-0.737037037037037,-0.06296296296296296,-0.8481481481481481,-0.15925925925925927,-0.9222222222222223,0.13333333333333333,-0.5074074074074074,0.15185185185185185,-0.7407407407407407,0.1037037037037037,-0.8814814814814815,0.04814814814814815,-1.0,0.2111111111111111,-0.4444444444444444,0.28888888888888886,-0.6148148148148148,0.32222222222222224,-0.7444444444444445,0.34074074074074073,-0.8666666666666667
0,0.0,0.0,-0.1524163568773234,-0.11152416356877323,-0.26022304832713755,-0.27137546468401486,-0.35315985130111527,-0.3903345724907063,-0.39776951672862454,-0.516728624535316,-0.04460966542750929,-0.48698884758364314,-0.13011152416356878,-0.6319702602230484,-0.2379182156133829,-0.6319702602230484,-0.31970260223048325,-0.587360594795539,0.04460966542750929,-0.5204460966542751,0.02973977695167286,-0.7286245353159851,-0.06319702602230483,-0.8364312267657993,-0.15985130111524162,-0.9107806691449815,0.137546468401487,-0.5018587360594795,0.15985130111524162,-0.7323420074349443,0.10408921933085502,-0.8773234200743495,0.048327137546468404,-1.0,0.21933085501858737,-0.4423791821561338,0.29739776951672864,-0.6171003717472119,0.3271375464684015,-0.7472118959107806,0.34572490706319703,-0.8698884758364313
0,0.0,0.0,-0.15129151291512916,-0.1070110701107011,-0.25830258302583026,-0.2693726937269373,-0.3505535055350554,-0.3948339483394834,-0.3948339483394834,-0.5239852398523985,-0.04428044280442804,-0.4907749077490775,-0.12546125461254612,-0.6346863468634686,-0.23985239852398524,-0.6273062730627307,-0.3210332103321033,-0.5830258302583026,0.04428044280442804,-0.5239852398523985,0.02952029520295203,-0.7306273062730627,-0.06642066420664207,-0.8376383763837638,-0.16236162361623616,-0.9077490774907749,0.13653136531365315,-0.5055350553505535,0.15867158671586715,-0.7380073800738007,0.0996309963099631,-0.8819188191881919,0.04059040590405904,-1.0,0.2177121771217712,-0.44280442804428044,0.2988929889298893,-0.6162361623616236,0.33210332103321033,-0.7453874538745388,0.34686346863468637,-0.8634686346863468
0,0.0,0.0,-0.15129151291512916,-0.11070110701107011,-0.2693726937269373,-0.2730627306273063,-0.36162361623616235,-0.4022140221402214,-0.4059040590405904,-0.5313653136531366,-0.05166051660516605,-0.4944649446494465,-0.13653136531365315,-0.6383763837638377,-0.24354243542435425,-0.6346863468634686,-0.3210332103321033,-0.5867158671586716,0.033210332103321034,-0.5276752767527675,0.01107011070110701,-0.7343173431734318,-0.08118081180811808,-0.8376383763837638,-0.17343173431734318,-0.9003690036900369,0.12915129151291513,-0.5092250922509225,0.14391143911439114,-0.7380073800738007,0.09225092250922509,-0.8819188191881919,0.033210332103321034,-1.0,0.21033210332103322,-0.44649446494464945,0.2878228782287823,-0.6199261992619927,0.3210332103321033,-0.7490774907749077,0.33948339483394835,-0.8708487084870848
0,0.0,0.0,-0.149812734082397,-0.10861423220973783,-0.26217228464419473,-0.2696629213483146,-0.35580524344569286,-0.3970037453183521,-0.41198501872659177,-0.5205992509363296,-0.052434456928838954,-0.49063670411985016,-0.1348314606741573,-0.6441947565543071,-0.24719101123595505,-0.6329588014981273,-0.3295880149812734,-0.5842696629213483,0.03745318352059925,-0.5243445692883895,0.003745318352059925,-0.7303370786516854,-0.09737827715355805,-0.8239700374531835,-0.1947565543071161,-0.8801498127340824,0.13108614232209737,-0.5056179775280899,0.14232209737827714,-0.7378277153558053,0.08239700374531835,-0.8838951310861424,0.02247191011235955,-1.0,0.21722846441947566,-0.449438202247191,0.2958801498127341,-0.6217228464419475,0.3258426966292135,-0.7528089887640449,0.3445692883895131,-0.8726591760299626
0,0.0,0.0,-0.15789473684210525,-0.10526315789473684,-0.2781954887218045,-0.2669172932330827,-0.37593984962406013,-0.39097744360902253,-0.42105263157894735,-0.5263157894736842,-0.06390977443609022,-0.49624060150375937,-0.15037593984962405,-0.6466165413533834,-0.2669172932330827,-0.6278195488721805,-0.3533834586466165,-0.575187969924812,0.02631578947368421,-0.5300751879699248,-0.011278195488721804,-0.7368421052631579,-0.11278195488721804,-0.8195488721804511,-0.21052631578947367,-0.868421052631579,0.12406015037593984,-0.5150375939849624,0.13157894736842105,-0.7481203007518797,0.07142857142857142,-0.8909774436090225,0.007518796992481203,-1.0,0.21052631578947367,-0.45112781954887216,0.2894736842105263,-0.6278195488721805,0.31954887218045114,-0.7593984962406015,0.33458646616541354,-0.8834586466165414
0,0.0,0.0,-0.15789473684210525,-0.10526315789473684,-0.2781954887218045,-0.2669172932330827,-0.37593984962406013,-0.39473684210526316,-0.42857142857142855,-0.5225563909774437,-0.06390977443609022,-0.49624060150375937,-0.14661654135338345,-0.650375939849624,-0.2631578947368421,-0.631578947368421,-0.34210526315789475,-0.575187969924812,0.02631578947368421,-0.5300751879699248,-0.011278195488721804,-0.7368421052631579,-0.12030075187969924,-0.8195488721804511,-0.21804511278195488,-0.8646616541353384,0.12406015037593984,-0.5150375939849624,0.12781954887218044,-0.7481203007518797,0.06015037593984962,-0.8872180451127819,-0.0037593984962406013,-1.0,0.21428571428571427,-0.4548872180451128,0.2894736842105263,-0.631578947368421,0.3157894736842105,-0.7631578947368421,0.33458646616541354,-0.8834586466165414
0,0.0,0.0,-0.15648854961832062,-0.10687022900763359,-0.2786259541984733,-0.26717557251908397,-0.3816793893129771,-0.3931297709923664,-0.4389312977099237,-0.5229007633587787,-0.0648854961832061,-0.5038167938931297,-0.15267175572519084,-0.6603053435114504,-0.26717557251908397,-0.6374045801526718,-0.3549618320610687,-0.5801526717557252,0.026717557251908396,-0.5343511450381679,-0.019083969465648856,-0.7442748091603053,-0.12595419847328243,-0.8244274809160306,-0.22137404580152673,-0.8664122137404581,0.12213740458015267,-0.5190839694656488,0.12595419847328243,-0.7519083969465649,0.05725190839694656,-0.8893129770992366,-0.011450381679389313,-1.0,0.21374045801526717,-0.4580152671755725,0.2900763358778626,-0.6335877862595419,0.32061068702290074,-0.767175572519084,0.33587786259541985,-0.8893129770992366
0,0.0,0.0,-0.1596958174904943,-0.10646387832699619,-0.27756653992395436,-0.2661596958174905,-0.376425855513308,-0.38783269961977185,-0.42585551330798477,-0.5209125475285171,-0.060836501901140684,-0.5019011406844106,-0.1482889733840304,-0.6539923954372624,-0.26996197718631176,-0.6311787072243346,-0.3574144486692015,-0.5741444866920152,0.026615969581749048,-0.5361216730038023,-0.019011406844106463,-0.7414448669201521,-0.12927756653992395,-0.8212927756653993,-0.22813688212927757,-0.8631178707224335,0.12547528517110265,-0.5209125475285171,0.12927756653992395,-0.752851711026616,0.053231939163498096,-0.8897338403041825,-0.015209125475285171,-1.0,0.21673003802281368,-0.4600760456273764,0.2965779467680608,-0.6349809885931559,0.3269961977186312,-0.7680608365019012,0.33840304182509506,-0.8897338403041825
0,0.0,0.0,-0.16538461538461538,-0.1,-0.2923076923076923,-0.2653846153846154,-0.3923076923076923,-0.3923076923076923,-0.4461538461538462,-0.5269230769230769,-0.07692307692307693,-0.5038461538461538,-0.16538461538461538,-0.6653846153846154,-0.28076923076923077,-0.6384615384615384,-0.36538461538461536,-0.5807692307692308,0.015384615384615385,-0.5384615384615384,-0.03461538461538462,-0.7461538461538462,-0.14615384615384616,-0.8269230769230769,-0.24615384615384617,-0.8653846153846154,0.11538461538461539,-0.5230769230769231,0.11153846153846154,-0.7576923076923077,0.03461538461538462,-0.8961538461538462,-0.03461538461538462,-1.0,0.2076923076923077,-0.4653846153846154,0.2846153846153846,-0.6461538461538462,0.3153846153846154,-0.7807692307692308,0.3269230769230769,-0.9038461538461539
0,0.0,0.0,-0.16279069767441862,-0.10465116279069768,-0.2868217054263566,-0.26744186046511625,-0.39147286821705424,-0.39147286821705424,-0.44573643410852715,-0.5232558139534884,-0.06976744186046512,-0.5038759689922481,-0.15891472868217055,-0.6627906976744186,-0.27906976744186046,-0.6395348837209303,-0.3643410852713178,-0.5775193798449613,0.015503875968992248,-0.5387596899224806,-0.03488372093023256,-0.751937984496124,-0.15503875968992248,-0.8255813953488372,-0.2558139534883721,-0.8604651162790697,0.11627906976744186,-0.5271317829457365,0.1124031007751938,-0.7674418604651163,0.031007751937984496,-0.8992248062015504,-0.046511627906976744,-1.0,0.2131782945736434,-0.4689922480620155,0.29457364341085274,-0.6511627906976745,0.32558139534883723,-0.7868217054263565,0.3372093023255814,-0.9108527131782945
0,0.0,0.0,-0.15953307392996108,-0.10116731517509728,-0.28793774319066145,-0.26459143968871596,-0.39299610894941633,-0.38910505836575876,-0.4474708171206226,-0.5214007782101168,-0.07003891050583658,-0.5097276264591439,-0.16731517509727625,-0.6653696498054474,-0.28793774319066145,-0.642023346303502,-0.377431906614786,-0.5836575875486382,0.019455252918287938,-0.5447470817120622,-0.038910505836575876,-0.754863813229572,-0.15953307392996108,-0.8287937743190662,-0.26848249027237353,-0.8638132295719845,0.12062256809338522,-0.5330739299610895,0.11284046692607004,-0.7704280155642024,0.023346303501945526,-0.9027237354085603,-0.054474708171206226,-1.0,0.2178988326848249,-0.47470817120622566,0.2918287937743191,-0.6575875486381323,0.31906614785992216,-0.7937743190661478,0.33073929961089493,-0.9182879377431906
0,0.0,0.0,-0.16216216216216217,-0.10810810810810811,-0.29343629343629346,-0.26640926640926643,-0.39768339768339767,-0.38996138996138996,-0.44787644787644787,-0.525096525096525,-0.08108108108108109,-0.5173745173745173,-0.1776061776061776,-0.667953667953668,-0.29343629343629346,-0.6447876447876448,-0.38223938223938225,-0.583011583011583,0.007722007722007722,-0.5482625482625483,-0.04633204633204633,-0.7606177606177607,-0.16216216216216217,-0.8378378378378378,-0.2702702702702703,-0.8803088803088803,0.10810810810810811,-0.5328185328185329,0.10038610038610038,-0.7683397683397684,0.019305019305019305,-0.8996138996138996,-0.05791505791505792,-1.0,0.20077220077220076,-0.47104247104247104,0.277992277992278,-0.6525096525096525,0.305019305019305,-0.7876447876447876,0.3204633204633205,-0.915057915057915
0,0.0,0.0,-0.16475095785440613,-0.10727969348659004,-0.2835249042145594,-0.2720306513409962,-0.3831417624521073,-0.3946360153256705,-0.44061302681992337,-0.524904214559387,-0.07662835249042145,-0.5057471264367817,-0.1724137931034483,-0.6513409961685823,-0.2835249042145594,-0.632183908045977,-0.367816091954023,-0.5747126436781609,0.007662835249042145,-0.5402298850574713,-0.0421455938697318,-0.7471264367816092,-0.15708812260536398,-0.8352490421455939,-0.26053639846743293,-0.8850574712643678,0.10727969348659004,-0.524904214559387,0.09961685823754789,-0.7624521072796935,0.019157088122605363,-0.896551724137931,-0.05363984674329502,-1.0,0.19923371647509577,-0.46360153256704983,0.2796934865900383,-0.6436781609195402,0.3065134099616858,-0.7816091954022989,0.31800766283524906,-0.9080459770114943
0,0.0,0.0,-0.1634980988593156,-0.10266159695817491,-0.2889733840304182,-0.2623574144486692,-0.3916349809885932,-0.3840304182509506,-0.44866920152091255,-0.5095057034220533,-0.09125475285171103,-0.49809885931558934,-0.18631178707224336,-0.6501901140684411,-0.29277566539923955,-0.6273764258555133,-0.3726235741444867,-0.5703422053231939,-0.0038022813688212928,-0.532319391634981,-0.060836501901140684,-0.7452471482889734,-0.16730038022813687,-0.8403041825095057,-0.26996197718631176,-0.8973384030418251,0.09125475285171103,-0.5171102661596958,0.07984790874524715,-0.752851711026616,0.0076045627376425855,-0.8897338403041825,-0.06463878326996197,-1.0,0.18631178707224336,-0.45627376425855515,0.2509505703422053,-0.6425855513307985,0.27756653992395436,-0.779467680608365,0.28517110266159695,-0.9011406844106464
0,0.0,0.0,-0.16104868913857678,-0.10112359550561797,-0.2883895131086142,-0.25842696629213485,-0.3857677902621723,-0.3782771535580524,-0.43820224719101125,-0.5056179775280899,-0.08614232209737828,-0.4943820224719101,-0.1760299625468165,-0.6367041198501873,-0.2808988764044944,-0.6179775280898876,-0.35580524344569286,-0.5655430711610487,-0.003745318352059925,-0.5318352059925093,-0.056179775280898875,-0.7340823970037453,-0.16104868913857678,-0.8314606741573034,-0.26217228464419473,-0.8913857677902621,0.09363295880149813,-0.5131086142322098,0.08239700374531835,-0.7490636704119851,0.011235955056179775,-0.8876404494382022,-0.0599250936329588,-1.0,0.1797752808988764,-0.45318352059925093,0.24344569288389514,-0.6367041198501873,0.26217228464419473,-0.7715355805243446,0.26591760299625467,-0.8951310861423221
0,0.0,0.0,-0.16104868913857678,-0.10112359550561797,-0.2846441947565543,-0.25842696629213485,-0.38202247191011235,-0.3782771535580524,-0.43820224719101125,-0.5056179775280899,-0.07865168539325842,-0.49063670411985016,-0.16853932584269662,-0.6292134831460674,-0.27715355805243447,-0.6142322097378277,-0.35580524344569286,-0.5655430711610487,0.003745318352059925,-0.5243445692883895,-0.0449438202247191,-0.7303370786516854,-0.15355805243445692,-0.8314606741573034,-0.25842696629213485,-0.898876404494382,0.09363295880149813,-0.5093632958801498,0.0898876404494382,-0.7490636704119851,0.018726591760299626,-0.8876404494382022,-0.052434456928838954,-1.0,0.18352059925093633,-0.45318352059925093,0.2397003745318352,-0.6367041198501873,0.25842696629213485,-0.7715355805243446,0.26217228464419473,-0.898876404494382
0,0.0,0.0,-0.16044776119402984,-0.10074626865671642,-0.2798507462686567,-0.2537313432835821,-0.376865671641791,-0.376865671641791,-0.4216417910447761,-0.5111940298507462,-0.07462686567164178,-0.48880597014925375,-0.16044776119402984,-0.6268656716417911,-0.26865671641791045,-0.6156716417910447,-0.34328358208955223,-0.5671641791044776,0.007462686567164179,-0.5223880597014925,-0.033582089552238806,-0.7313432835820896,-0.13432835820895522,-0.832089552238806,-0.23880597014925373,-0.9067164179104478,0.10074626865671642,-0.5074626865671642,0.09701492537313433,-0.746268656716418,0.033582089552238806,-0.8880597014925373,-0.033582089552238806,-1.0,0.1828358208955224,-0.4552238805970149,0.23880597014925373,-0.6380597014925373,0.2537313432835821,-0.7761194029850746,0.26119402985074625,-0.8992537313432836
0,0.0,0.0,-0.15498154981549817,-0.1033210332103321,-0.2693726937269373,-0.26199261992619927,-0.36162361623616235,-0.3763837638376384,-0.4095940959409594,-0.4981549815498155,-0.07011070110701106,-0.4870848708487085,-0.15867158671586715,-0.6273062730627307,-0.2656826568265683,-0.6162361623616236,-0.33948339483394835,-0.5645756457564576,0.01107011070110701,-0.5202952029520295,-0.02952029520295203,-0.7269372693726938,-0.12915129151291513,-0.8302583025830258,-0.22878228782287824,-0.9040590405904059,0.0996309963099631,-0.5055350553505535,0.0996309963099631,-0.7416974169741697,0.04059040590405904,-0.8856088560885609,-0.02214022140221402,-1.0,0.18081180811808117,-0.44649446494464945,0.23985239852398524,-0.6273062730627307,0.25461254612546125,-0.7638376383763837,0.25830258302583026,-0.8892988929889298
0,0.0,0.0,-0.16058394160583941,-0.09854014598540146,-0.28102189781021897,-0.25547445255474455,-0.3722627737226277,-0.3759124087591241,-0.4233576642335766,-0.5036496350364964,-0.08394160583941605,-0.48175182481751827,-0.17153284671532848,-0.6204379562043796,-0.2737226277372263,-0.6094890510948905,-0.3467153284671533,-0.5656934306569343,-0.0036496350364963502,-0.5145985401459854,-0.051094890510948905,-0.7226277372262774,-0.145985401459854,-0.8248175182481752,-0.23722627737226276,-0.9014598540145985,0.08394160583941605,-0.5036496350364964,0.08029197080291971,-0.7335766423357665,0.025547445255474453,-0.8759124087591241,-0.029197080291970802,-1.0,0.1678832116788321,-0.4489051094890511,0.21897810218978103,-0.6240875912408759,0.23722627737226276,-0.7518248175182481,0.24452554744525548,-0.8759124087591241
0,0.0,0.0,-0.16236162361623616,-0.1033210332103321,-0.2767527675276753,-0.25830258302583026,-0.36900369003690037,-0.3763837638376384,-0.41697416974169743,-0.4981549815498155,-0.07380073800738007,-0.4797047970479705,-0.16236162361623616,-0.6199261992619927,-0.2656826568265683,-0.6051660516605166,-0.33948339483394835,-0.5571955719557196,0.0036900369003690036,-0.5166051660516605,-0.03690036900369004,-0.7232472324723247,-0.13653136531365315,-0.8265682656826568,-0.23247232472324722,-0.9003690036900369,0.0959409594095941,-0.5018450184501845,0.09225092250922509,-0.7380073800738007,0.033210332103321034,-0.8819188191881919,-0.025830258302583026,-1.0,0.18081180811808117,-0.44649446494464945,0.23985239852398524,-0.6273062730627307,0.25461254612546125,-0.7564575645756457,0.25830258302583026,-0.8819188191881919
0,0.0,0.0,-0.15925925925925927,-0.1,-0.2814814814814815,-0.25555555555555554,-0.37407407407407406,-0.37407407407407406,-0.4222222222222222,-0.5,-0.08148148148148149,-0.48518518518518516,-0.17037037037037037,-0.6259259259259259,-0.2740740740740741,-0.6148148148148148,-0.34814814814814815,-0.5666666666666667,0.0,-0.5222222222222223,-0.044444444444444446,-0.7296296296296296,-0.14444444444444443,-0.8296296296296296,-0.24074074074074073,-0.9037037037037037,0.08888888888888889,-0.5074074074074074,0.09259259259259259,-0.7407407407407407,0.03333333333333333,-0.8814814814814815,-0.022222222222222223,-1.0,0.17407407407407408,-0.45185185185185184,0.24074074074074073,-0.6296296296296297,0.25925925925925924,-0.7592592592592593,0.26296296296296295,-0.8814814814814815
0,0.0,0.0,-0.16296296296296298,-0.1,-0.2851851851851852,-0.26296296296296295,-0.37407407407407406,-0.3851851851851852,-0.42962962962962964,-0.5148148148148148,-0.07777777777777778,-0.48148148148148145,-0.17037037037037037,-0.6259259259259259,-0.2740740740740741,-0.6148148148148148,-0.34814814814814815,-0.5666666666666667,0.003703703703703704,-0.5222222222222223,-0.040740740740740744,-0.725925925925926,-0.14074074074074075,-0.8296296296296296,-0.24074074074074073,-0.9,0.1,-0.5111111111111111,0.0962962962962963,-0.7444444444444445,0.03333333333333333,-0.8851851851851852,-0.02962962962962963,-1.0,0.18888888888888888,-0.45555555555555555,0.24814814814814815,-0.6333333333333333,0.26666666666666666,-0.762962962962963,0.2740740740740741,-0.8851851851851852
0,0.0,0.0,-0.16728624535315986,-0.10037174721189591,-0.2862453531598513,-0.26022304832713755,-0.3828996282527881,-0.379182156133829,-0.4312267657992565,-0.5055762081784386,-0.08178438661710037,-0.48698884758364314,-0.17472118959107807,-0.6282527881040892,-0.2825278810408922,-0.6133828996282528,-0.35687732342007433,-0.5650557620817844,0.0,-0.5241635687732342,-0.05204460966542751,-0.7286245353159851,-0.1524163568773234,-0.828996282527881,-0.24535315985130113,-0.9033457249070632,0.09665427509293681,-0.5092936802973977,0.08921933085501858,-0.7434944237918215,0.02973977695167286,-0.8810408921933085,-0.02973977695167286,-1.0,0.1895910780669145,-0.45353159851301117,0.2527881040892193,-0.6282527881040892,0.275092936802974,-0.758364312267658,0.2825278810408922,-0.8810408921933085
0,0.0,0.0,-0.16216216216216217,-0.10810810810810811,-0.29343629343629346,-0.26640926640926643,-0.3938223938223938,-0.38996138996138996,-0.46332046332046334,-0.5173745173745173,-0.0888030888030888,-0.5057915057915058,-0.18146718146718147,-0.6602316602316602,-0.2972972972972973,-0.637065637065637,-0.3783783783783784,-0.5752895752895753,-0.003861003861003861,-0.5444015444015444,-0.06563706563706563,-0.749034749034749,-0.18146718146718147,-0.8301158301158301,-0.28185328185328185,-0.8764478764478765,0.09652509652509653,-0.5328185328185329,0.07722007722007722,-0.7644787644787645,-0.007722007722007722,-0.8996138996138996,-0.08494208494208494,-1.0,0.19305019305019305,-0.47876447876447875,0.2625482625482625,-0.6640926640926641,0.2857142857142857,-0.7992277992277992,0.2972972972972973,-0.9227799227799228
0,0.0,0.0,-0.16929133858267717,-0.0984251968503937,-0.3031496062992126,-0.25984251968503935,-0.41338582677165353,-0.3858267716535433,-0.468503937007874,-0.5196850393700787,-0.10236220472440945,-0.515748031496063,-0.20078740157480315,-0.6692913385826772,-0.3188976377952756,-0.6377952755905512,-0.40551181102362205,-0.5708661417322834,-0.015748031496062992,-0.5551181102362205,-0.08267716535433071,-0.7598425196850394,-0.2047244094488189,-0.8385826771653543,-0.3110236220472441,-0.8779527559055118,0.08661417322834646,-0.5433070866141733,0.07480314960629922,-0.7795275590551181,-0.015748031496062992,-0.905511811023622,-0.1062992125984252,-1.0,0.18110236220472442,-0.4881889763779528,0.2559055118110236,-0.6771653543307087,0.2795275590551181,-0.8149606299212598,0.2874015748031496,-0.9448818897637795
0,0.0,0.0,-0.16532258064516128,-0.10080645161290322,-0.3024193548387097,-0.2661290322580645,-0.4153225806451613,-0.3870967741935484,-0.4798387096774194,-0.5161290322580645,-0.10080645161290322,-0.5241935483870968,-0.2056451612903226,-0.6733870967741935,-0.32661290322580644,-0.6451612903225806,-0.4153225806451613,-0.5806451612903226,-0.016129032258064516,-0.5645161290322581,-0.08870967741935484,-0.7701612903225806,-0.21370967741935484,-0.842741935483871,-0.32661290322580644,-0.8709677419354839,0.08870967741935484,-0.5524193548387096,0.07258064516129033,-0.7943548387096774,-0.028225806451612902,-0.9153225806451613,-0.125,-1.0,0.18951612903225806,-0.49193548387096775,0.2620967741935484,-0.6895161290322581,0.28225806451612906,-0.8306451612903226,0.2862903225806452,-0.9596774193548387
0,0.0,0.0,-0.17338709677419356,-0.10483870967741936,-0.31048387096774194,-0.27419354838709675,-0.41935483870967744,-0.39919354838709675,-0.4879032258064516,-0.532258064516129,-0.10080645161290322,-0.5241935483870968,-0.20161290322580644,-0.6814516129032258,-0.3185483870967742,-0.6532258064516129,-0.40725806451612906,-0.5887096774193549,-0.016129032258064516,-0.5604838709677419,-0.08870967741935484,-0.7701612903225806,-0.21774193548387097,-0.8387096774193549,-0.33064516129032256,-0.8669354838709677,0.08870967741935484,-0.5524193548387096,0.07258064516129033,-0.7943548387096774,-0.03225806451612903,-0.9153225806451613,-0.12903225806451613,-1.0,0.18951612903225806,-0.4959677419354839,0.25806451612903225,-0.6935483870967742,0.2782258064516129,-0.8387096774193549,0.2782258064516129,-0.9717741935483871
0,0.0,0.0,-0.17142857142857143,-0.10204081632653061,-0.3142857142857143,-0.2612244897959184,-0.42857142857142855,-0.39183673469387753,-0.49387755102040815,-0.5265306122448979,-0.10612244897959183,-0.5224489795918368,-0.20816326530612245,-0.6857142857142857,-0.3306122448979592,-0.6489795918367347,-0.4163265306122449,-0.5795918367346938,-0.0163265306122449,-0.5591836734693878,-0.09387755102040816,-0.7714285714285715,-0.22448979591836735,-0.8326530612244898,-0.33877551020408164,-0.8571428571428571,0.08571428571428572,-0.5510204081632653,0.06938775510204082,-0.7959183673469388,-0.04081632653061224,-0.9142857142857143,-0.13877551020408163,-1.0,0.18775510204081633,-0.49387755102040815,0.2530612244897959,-0.6938775510204082,0.27346938775510204,-0.8408163265306122,0.27755102040816326,-0.9755102040816327
0,0.0,0.0,-0.17142857142857143,-0.09795918367346938,-0.3183673469387755,-0.2612244897959184,-0.4326530612244898,-0.3836734693877551,-0.49795918367346936,-0.5183673469387755,-0.11428571428571428,-0.5224489795918368,-0.2163265306122449,-0.6816326530612244,-0.33877551020408164,-0.6489795918367347,-0.42857142857142855,-0.5877551020408164,-0.02857142857142857,-0.563265306122449,-0.10204081632653061,-0.7714285714285715,-0.23265306122448978,-0.8326530612244898,-0.3510204081632653,-0.8530612244897959,0.07755102040816327,-0.5551020408163265,0.05714285714285714,-0.8,-0.053061224489795916,-0.9183673469387755,-0.15510204081632653,-1.0,0.17959183673469387,-0.49795918367346936,0.24489795918367346,-0.6979591836734694,0.2612244897959184,-0.8448979591836735,0.2612244897959184,-0.9795918367346939
0,0.0,0.0,-0.17073170731707318,-0.1016260162601626,-0.3130081300813008,-0.26422764227642276,-0.4268292682926829,-0.3861788617886179,-0.4959349593495935,-0.5203252032520326,-0.10975609756097561,-0.5203252032520326,-0.21544715447154472,-0.6788617886178862,-0.3333333333333333,-0.6463414634146342,-0.4186991869918699,-0.5813008130081301,-0.024390243902439025,-0.5609756097560976,-0.1016260162601626,-0.7723577235772358,-0.23577235772357724,-0.8333333333333334,-0.34959349593495936,-0.8536585365853658,0.07723577235772358,-0.5487804878048781,0.052845528455284556,-0.7967479674796748,-0.052845528455284556,-0.9146341463414634,-0.15447154471544716,-1.0,0.17479674796747968,-0.4959349593495935,0.24390243902439024,-0.6910569105691057,0.25609756097560976,-0.8373983739837398,0.25609756097560976,-0.9715447154471545
0,0.0,0.0,-0.17073170731707318,-0.0975609756097561,-0.3089430894308943,-0.2601626016260163,-0.42276422764227645,-0.3861788617886179,-0.491869918699187,-0.524390243902439,-0.1016260162601626,-0.524390243902439,-0.2073170731707317,-0.6788617886178862,-0.3252032520325203,-0.6544715447154471,-0.4105691056910569,-0.5894308943089431,-0.02032520325203252,-0.5650406504065041,-0.0975609756097561,-0.7682926829268293,-0.22764227642276422,-0.8414634146341463,-0.34552845528455284,-0.8658536585365854,0.08130081300813008,-0.5528455284552846,0.056910569105691054,-0.8008130081300813,-0.04878048780487805,-0.9186991869918699,-0.15040650406504066,-1.0,0.17886178861788618,-0.5,0.23983739837398374,-0.6991869918699187,0.25609756097560976,-0.8455284552845529,0.25203252032520324,-0.9796747967479674
0,0.0,0.0,-0.1700404858299595,-0.10526315789473684,-0.3117408906882591,-0.27125506072874495,-0.42105263157894735,-0.3967611336032389,-0.4939271255060729,-0.5303643724696356,-0.10526315789473684,-0.5222672064777328,-0.21052631578947367,-0.6761133603238867,-0.32793522267206476,-0.6518218623481782,-0.41700404858299595,-0.5910931174089069,-0.020242914979757085,-0.562753036437247,-0.10121457489878542,-0.7692307692307693,-0.23076923076923078,-0.8421052631578947,-0.3481781376518219,-0.8704453441295547,0.07692307692307693,-0.5546558704453441,0.06072874493927125,-0.7975708502024291,-0.048582995951417005,-0.9190283400809717,-0.145748987854251,-1.0,0.17813765182186234,-0.5020242914979757,0.2388663967611336,-0.7004048582995951,0.25101214574898784,-0.8461538461538461,0.242914979757085,-0.9757085020242915
0,0.0,0.0,-0.172,-0.104,-0.312,-0.268,-0.424,-0.392,-0.488,-0.524,-0.108,-0.516,-0.216,-0.664,-0.332,-0.64,-0.416,-0.58,-0.028,-0.56,-0.1,-0.764,-0.228,-0.844,-0.344,-0.884,0.072,-0.548,0.052,-0.792,-0.048,-0.912,-0.144,-1.0,0.168,-0.496,0.224,-0.696,0.236,-0.84,0.232,-0.968
0,0.0,0.0,-0.17338709677419356,-0.0967741935483871,-0.31451612903225806,-0.2540322580645161,-0.42338709677419356,-0.3790322580645161,-0.49193548387096775,-0.5120967741935484,-0.10887096774193548,-0.5080645161290323,-0.21370967741935484,-0.6612903225806451,-0.32661290322580644,-0.6370967741935484,-0.4112903225806452,-0.5725806451612904,-0.028225806451612902,-0.5483870967741935,-0.10080645161290322,-0.7540322580645161,-0.2217741935483871,-0.8387096774193549,-0.3387096774193548,-0.8870967741935484,0.07258064516129033,-0.5403225806451613,0.04838709677419355,-0.782258064516129,-0.04838709677419355,-0.907258064516129,-0.14112903225806453,-1.0,0.1693548387096774,-0.4838709677419355,0.2217741935483871,-0.6895161290322581,0.23387096774193547,-0.8346774193548387,0.22983870967741934,-0.967741935483871
0,0.0,0.0,-0.16733067729083664,-0.09163346613545817,-0.30278884462151395,-0.2549800796812749,-0.4103585657370518,-0.3745019920318725,-0.47808764940239046,-0.5099601593625498,-0.10358565737051793,-0.5059760956175299,-0.20318725099601595,-0.6573705179282868,-0.3147410358565737,-0.6334661354581673,-0.398406374501992,-0.5697211155378487,-0.02390438247011952,-0.545816733067729,-0.08764940239043825,-0.7529880478087649,-0.20717131474103587,-0.8446215139442231,-0.32669322709163345,-0.896414342629482,0.07569721115537849,-0.5378486055776892,0.05179282868525897,-0.7808764940239044,-0.043824701195219126,-0.9083665338645418,-0.13545816733067728,-1.0,0.17131474103585656,-0.4820717131474104,0.22310756972111553,-0.6852589641434262,0.23107569721115537,-0.8286852589641435,0.22310756972111553,-0.9561752988047809
0,0.0,0.0,-0.17063492063492064,-0.09523809523809523,-0.3055555555555556,-0.25396825396825395,-0.4126984126984127,-0.376984126984127,-0.4801587301587302,-0.5119047619047619,-0.1111111111111111,-0.503968253968254,-0.21031746031746032,-0.6507936507936508,-0.32142857142857145,-0.626984126984127,-0.40476190476190477,-0.5674603174603174,-0.023809523809523808,-0.5476190476190477,-0.09126984126984126,-0.75,-0.20634920634920634,-0.8412698412698413,-0.32142857142857145,-0.8928571428571429,0.07142857142857142,-0.5396825396825397,0.047619047619047616,-0.7738095238095238,-0.03968253968253968,-0.9047619047619048,-0.13095238095238096,-1.0,0.16666666666666666,-0.4880952380952381,0.21825396825396826,-0.6865079365079365,0.2261904761904762,-0.8253968253968254,0.21825396825396826,-0.9523809523809523
0,0.0,0.0,-0.1732283464566929,-0.09448818897637795,-0.30708661417322836,-0.2559055118110236,-0.41338582677165353,-0.37401574803149606,-0.48031496062992124,-0.5039370078740157,-0.10236220472440945,-0.5,-0.2047244094488189,-0.6456692913385826,-0.31496062992125984,-0.6220472440944882,-0.3937007874015748,-0.562992125984252,-0.01968503937007874,-0.5393700787401575,-0.08267716535433071,-0.7401574803149606,-0.20078740157480315,-0.8267716535433071,-0.3110236220472441,-0.8740157480314961,0.07874015748031496,-0.5354330708661418,0.051181102362204724,-0.7716535433070866,-0.03543307086614173,-0.9015748031496063,-0.12598425196850394,-1.0,0.1732283464566929,-0.484251968503937,0.2204724409448819,-0.6811023622047244,0.22440944881889763,-0.8188976377952756,0.21653543307086615,-0.9448818897637795
0,0.0,0.0,-0.16862745098039217,-0.09411764705882353,-0.30196078431372547,-0.25098039215686274,-0.40784313725490196,-0.3764705882352941,-0.47058823529411764,-0.5058823529411764,-0.10196078431372549,-0.49019607843137253,-0.19607843137254902,-0.6392156862745098,-0.30980392156862746,-0.6196078431372549,-0.39215686274509803,-0.5607843137254902,-0.0196078431372549,-0.5294117647058824,-0.0784313725490196,-0.7333333333333333,-0.19607843137254902,-0.8196078431372549,-0.3058823529411765,-0.8666666666666667,0.0784313725490196,-0.5254901960784314,0.058823529411764705,-0.7686274509803922,-0.03137254901960784,-0.8980392156862745,-0.11764705882352941,-1.0,0.17254901960784313,-0.4745098039215686,0.22745098039215686,-0.6705882352941176,0.23921568627450981,-0.8117647058823529,0.23137254901960785,-0.9372549019607843
0,0.0,0.0,-0.171875,-0.09765625,-0.3125,-0.2578125,-0.42578125,-0.37890625,-0.4921875,-0.51171875,-0.11328125,-0.4921875,-0.2109375,-0.63671875,-0.3203125,-0.62109375,-0.40625,-0.56640625,-0.03125,-0.53125,-0.09765625,-0.73046875,-0.2109375,-0.81640625,-0.31640625,-0.8671875,0.0703125,-0.52734375,0.04296875,-0.765625,-0.04296875,-0.89453125,-0.12890625,-1.0,0.1640625,-0.48046875,0.21484375,-0.671875,0.2265625,-0.80859375,0.21875,-0.93359375
0,0.0,0.0,-0.16342412451361868,-0.10116731517509728,-0.2918287937743191,-0.2607003891050584,-0.40077821011673154,-0.38132295719844356,-0.47470817120622566,-0.5058365758754864,-0.09727626459143969,-0.490272373540856,-0.19455252918287938,-0.6303501945525292,-0.3035019455252918,-0.6186770428015564,-0.38132295719844356,-0.5719844357976653,-0.011673151750972763,-0.5330739299610895,-0.07782101167315175,-0.7354085603112841,-0.19455252918287938,-0.8210116731517509,-0.3035019455252918,-0.867704280155642,0.08560311284046693,-0.5291828793774319,0.0622568093385214,-0.7665369649805448,-0.027237354085603113,-0.8988326848249028,-0.11284046692607004,-1.0,0.17898832684824903,-0.4785992217898833,0.23346303501945526,-0.6731517509727627,0.245136186770428,-0.8093385214007782,0.23735408560311283,-0.933852140077821
0,0.0,0.0,-0.16342412451361868,-0.10505836575875487,-0.2801556420233463,-0.2607003891050584,-0.3852140077821012,-0.38132295719844356,-0.44357976653696496,-0.5097276264591439,-0.10505836575875487,-0.48249027237354086,-0.20233463035019456,-0.6264591439688716,-0.3035019455252918,-0.6147859922178989,-0.38132295719844356,-0.556420233463035,-0.01556420233463035,-0.5291828793774319,-0.07392996108949416,-0.7315175097276264,-0.17509727626459143,-0.8326848249027238,-0.27626459143968873,-0.8949416342412452,0.08949416342412451,-0.5252918287937743,0.07003891050583658,-0.7509727626459144,0.0038910505836575876,-0.8871595330739299,-0.06614785992217899,-1.0,0.19066147859922178,-0.4785992217898833,0.245136186770428,-0.669260700389105,0.26459143968871596,-0.8015564202334631,0.2723735408560311,-0.9221789883268483
0,0.0,0.0,-0.16602316602316602,-0.10038610038610038,-0.2857142857142857,-0.25868725868725867,-0.38996138996138996,-0.3783783783783784,-0.444015444015444,-0.5019305019305019,-0.10038610038610038,-0.4749034749034749,-0.1891891891891892,-0.6216216216216216,-0.29343629343629346,-0.6138996138996139,-0.3667953667953668,-0.5637065637065637,-0.011583011583011582,-0.5212355212355212,-0.0694980694980695,-0.7258687258687259,-0.16988416988416988,-0.8262548262548263,-0.2702702702702703,-0.8918918918918919,0.0888030888030888,-0.5212355212355212,0.07335907335907337,-0.752895752895753,0.003861003861003861,-0.8918918918918919,-0.06563706563706563,-1.0,0.1891891891891892,-0.4749034749034749,0.25096525096525096,-0.6640926640926641,0.2702702702702703,-0.803088803088803,0.27413127413127414,-0.9266409266409267
0,0.0,0.0,-0.16666666666666666,-0.10077519379844961,-0.2868217054263566,-0.24806201550387597,-0.39147286821705424,-0.37209302325581395,-0.4418604651162791,-0.5,-0.10465116279069768,-0.4689922480620155,-0.1937984496124031,-0.6085271317829457,-0.29457364341085274,-0.6085271317829457,-0.3682170542635659,-0.562015503875969,-0.015503875968992248,-0.5155038759689923,-0.06976744186046512,-0.7209302325581395,-0.16666666666666666,-0.8255813953488372,-0.26356589147286824,-0.8992248062015504,0.08914728682170543,-0.5155038759689923,0.07364341085271318,-0.748062015503876,0.011627906976744186,-0.8875968992248062,-0.05426356589147287,-1.0,0.18992248062015504,-0.47674418604651164,0.24806201550387597,-0.6627906976744186,0.2713178294573643,-0.7984496124031008,0.28294573643410853,-0.9186046511627907
0,0.0,0.0,-0.16731517509727625,-0.09727626459143969,-0.2918287937743191,-0.25680933852140075,-0.3968871595330739,-0.377431906614786,-0.44357976653696496,-0.5058365758754864,-0.10894941634241245,-0.4708171206225681,-0.19844357976653695,-0.6108949416342413,-0.29961089494163423,-0.6070038910505836,-0.3735408560311284,-0.5603112840466926,-0.019455252918287938,-0.5214007782101168,-0.07003891050583658,-0.7237354085603113,-0.16731517509727625,-0.8365758754863813,-0.2607003891050584,-0.9105058365758755,0.08560311284046693,-0.5175097276264592,0.07003891050583658,-0.7509727626459144,0.007782101167315175,-0.8910505836575876,-0.058365758754863814,-1.0,0.1867704280155642,-0.47470817120622566,0.245136186770428,-0.6614785992217899,0.26848249027237353,-0.7976653696498055,0.2801556420233463,-0.9182879377431906
0,0.0,0.0,-0.17829457364341086,-0.10077519379844961,-0.3023255813953488,-0.2558139534883721,-0.4069767441860465,-0.38372093023255816,-0.45348837209302323,-0.5155038759689923,-0.11627906976744186,-0.4689922480620155,-0.20930232558139536,-0.6085271317829457,-0.31007751937984496,-0.6085271317829457,-0.38372093023255816,-0.562015503875969,-0.023255813953488372,-0.5155038759689923,-0.07364341085271318,-0.7248062015503876,-0.17054263565891473,-0.8372093023255814,-0.26356589147286824,-0.9186046511627907,0.08139534883720931,-0.5155038759689923,0.06976744186046512,-0.7441860465116279,0.007751937984496124,-0.8875968992248062,-0.05426356589147287,-1.0,0.17829457364341086,-0.47674418604651164,0.2364341085271318,-0.6589147286821705,0.2596899224806202,-0.7945736434108527,0.2713178294573643,-0.9147286821705426
0,0.0,0.0,-0.16988416988416988,-0.09652509652509653,-0.29343629343629346,-0.25096525096525096,-0.3938223938223938,-0.3783783783783784,-0.44015444015444016,-0.5096525096525096,-0.11196911196911197,-0.47104247104247104,-0.1969111969111969,-0.6061776061776062,-0.2972972972972973,-0.61003861003861,-0.37065637065637064,-0.5637065637065637,-0.019305019305019305,-0.5173745173745173,-0.06563706563706563,-0.722007722007722,-0.1583011583011583,-0.833976833976834,-0.25096525096525096,-0.915057915057915,0.08494208494208494,-0.5173745173745173,0.07722007722007722,-0.7413127413127413,0.023166023166023165,-0.8841698841698842,-0.03088803088803089,-1.0,0.1776061776061776,-0.4749034749034749,0.23938223938223938,-0.6563706563706564,0.2625482625482625,-0.7876447876447876,0.27413127413127414,-0.9111969111969112
0,0.0,0.0,-0.1685823754789272,-0.09961685823754789,-0.28735632183908044,-0.25287356321839083,-0.38697318007662834,-0.3831417624521073,-0.4329501915708812,-0.5134099616858238,-0.10344827586206896,-0.46360153256704983,-0.18773946360153257,-0.6053639846743295,-0.2835249042145594,-0.6053639846743295,-0.3524904214559387,-0.5593869731800766,-0.011494252873563218,-0.5134099616858238,-0.05747126436781609,-0.7164750957854407,-0.14559386973180077,-0.8314176245210728,-0.23371647509578544,-0.9118773946360154,0.09195402298850575,-0.5095785440613027,0.08812260536398467,-0.735632183908046,0.0421455938697318,-0.8850574712643678,-0.007662835249042145,-1.0,0.18773946360153257,-0.4674329501915709,0.24521072796934865,-0.6436781609195402,0.2681992337164751,-0.7777777777777778,0.2835249042145594,-0.896551724137931
0,0.0,0.0,-0.1724137931034483,-0.09961685823754789,-0.2950191570881226,-0.25287356321839083,-0.3946360153256705,-0.3831417624521073,-0.4367816091954023,-0.5134099616858238,-0.1111111111111111,-0.4674329501915709,-0.19157088122605365,-0.6053639846743295,-0.29118773946360155,-0.6091954022988506,-0.36015325670498083,-0.5670498084291188,-0.01532567049808429,-0.5134099616858238,-0.05747126436781609,-0.7203065134099617,-0.14559386973180077,-0.8352490421455939,-0.22988505747126436,-0.9157088122605364,0.08812260536398467,-0.5134099616858238,0.0842911877394636,-0.735632183908046,0.038314176245210725,-0.8812260536398467,-0.011494252873563218,-1.0,0.1839080459770115,-0.47126436781609193,0.23754789272030652,-0.6513409961685823,0.26436781609195403,-0.7816091954022989,0.2796934865900383,-0.9003831417624522
0,0.0,0.0,-0.1717557251908397,-0.09923664122137404,-0.2862595419847328,-0.25190839694656486,-0.38549618320610685,-0.37786259541984735,-0.42366412213740456,-0.5076335877862596,-0.10305343511450382,-0.46564885496183206,-0.183206106870229,-0.6030534351145038,-0.2824427480916031,-0.6068702290076335,-0.3511450381679389,-0.5610687022900763,-0.011450381679389313,-0.5114503816793893,-0.04961832061068702,-0.7175572519083969,-0.13358778625954199,-0.8282442748091603,-0.21755725190839695,-0.9083969465648855,0.0916030534351145,-0.5076335877862596,0.0916030534351145,-0.7366412213740458,0.04580152671755725,-0.8816793893129771,0.0,-1.0,0.18702290076335878,-0.46564885496183206,0.2480916030534351,-0.6450381679389313,0.2748091603053435,-0.7748091603053435,0.2862595419847328,-0.8931297709923665
0,0.0,0.0,-0.16793893129770993,-0.09541984732824428,-0.29389312977099236,-0.2480916030534351,-0.3969465648854962,-0.37786259541984735,-0.4389312977099237,-0.5076335877862596,-0.11068702290076336,-0.46946564885496184,-0.1946564885496183,-0.6106870229007634,-0.29389312977099236,-0.6106870229007634,-0.36259541984732824,-0.5610687022900763,-0.015267175572519083,-0.5190839694656488,-0.05343511450381679,-0.7213740458015268,-0.14122137404580154,-0.8358778625954199,-0.23282442748091603,-0.9083969465648855,0.08778625954198473,-0.5152671755725191,0.08778625954198473,-0.7404580152671756,0.04198473282442748,-0.8816793893129771,-0.007633587786259542,-1.0,0.183206106870229,-0.4732824427480916,0.24427480916030533,-0.648854961832061,0.27099236641221375,-0.7786259541984732,0.2862595419847328,-0.8969465648854962
0,0.0,0.0,-0.1717557251908397,-0.0916030534351145,-0.29770992366412213,-0.24427480916030533,-0.4083969465648855,-0.366412213740458,-0.44656488549618323,-0.5,-0.11450381679389313,-0.46946564885496184,-0.20229007633587787,-0.6030534351145038,-0.29770992366412213,-0.5954198473282443,-0.3702290076335878,-0.5458015267175572,-0.022900763358778626,-0.5152671755725191,-0.061068702290076333,-0.7213740458015268,-0.14885496183206107,-0.8282442748091603,-0.24427480916030533,-0.9007633587786259,0.08396946564885496,-0.5114503816793893,0.08396946564885496,-0.7404580152671756,0.03435114503816794,-0.8854961832061069,-0.022900763358778626,-1.0,0.17557251908396945,-0.46564885496183206,0.24045801526717558,-0.6450381679389313,0.26717557251908397,-0.7786259541984732,0.2862595419847328,-0.9007633587786259
0,0.0,0.0,-0.16730038022813687,-0.09125475285171103,-0.29277566539923955,-0.23954372623574144,-0.4068441064638783,-0.3612167300380228,-0.4524714828897338,-0.49049429657794674,-0.11787072243346007,-0.467680608365019,-0.20912547528517111,-0.6007604562737643,-0.30798479087452474,-0.5893536121673004,-0.38022813688212925,-0.5361216730038023,-0.026615969581749048,-0.5133079847908745,-0.06844106463878327,-0.7224334600760456,-0.1596958174904943,-0.8250950570342205,-0.2585551330798479,-0.8897338403041825,0.07604562737642585,-0.5095057034220533,0.07224334600760456,-0.7414448669201521,0.015209125475285171,-0.8821292775665399,-0.04182509505703422,-1.0,0.17110266159695817,-0.46387832699619774,0.23193916349809887,-0.6425855513307985,0.2585551330798479,-0.7756653992395437,0.2737642585551331,-0.8973384030418251
0,0.0,0.0,-0.16981132075471697,-0.09056603773584905,-0.29056603773584905,-0.24528301886792453,-0.39245283018867927,-0.3622641509433962,-0.4490566037735849,-0.4830188679245283,-0.1169811320754717,-0.4716981132075472,-0.20754716981132076,-0.6075471698113207,-0.30943396226415093,-0.5924528301886792,-0.37735849056603776,-0.5358490566037736,-0.026415094339622643,-0.5207547169811321,-0.07169811320754717,-0.720754716981132,-0.16981132075471697,-0.8226415094339623,-0.2679245283018868,-0.8867924528301887,0.07547169811320754,-0.5169811320754717,0.06415094339622641,-0.7433962264150943,0.007547169811320755,-0.8830188679245283,-0.052830188679245285,-1.0,0.16981132075471697,-0.4716981132075472,0.22641509433962265,-0.6528301886792452,0.2528301886792453,-0.7849056603773585,0.2641509433962264,-0.9056603773584906
0,0.0,0.0,-0.16666666666666666,-0.09090909090909091,-0.29545454545454547,-0.24242424242424243,-0.4053030303030303,-0.3560606060606061,-0.4659090909090909,-0.4810606060606061,-0.125,-0.4772727272727273,-0.22727272727272727,-0.6098484848484849,-0.32575757575757575,-0.5909090909090909,-0.3977272727272727,-0.5340909090909091,-0.03787878787878788,-0.5227272727272727,-0.08712121212121213,-0.7234848484848485,-0.18181818181818182,-0.8257575757575758,-0.2803030303030303,-0.8901515151515151,0.06439393939393939,-0.5189393939393939,0.056818181818181816,-0.7462121212121212,-0.003787878787878788,-0.8863636363636364,-0.06818181818181818,-1.0,0.1590909090909091,-0.4696969696969697,0.2159090909090909,-0.6515151515151515,0.24242424242424243,-0.7840909090909091,0.2537878787878788,-0.9090909090909091
0,0.0,0.0,-0.17045454545454544,-0.08712121212121213,-0.29545454545454547,-0.23863636363636365,-0.4015151515151515,-0.3484848484848485,-0.4583333333333333,-0.4734848484848485,-0.125,-0.4734848484848485,-0.22348484848484848,-0.6022727272727273,-0.32196969696969696,-0.5833333333333334,-0.39015151515151514,-0.5227272727272727,-0.03409090909090909,-0.5189393939393939,-0.08333333333333333,-0.7234848484848485,-0.1856060606060606,-0.8181818181818182,-0.2840909090909091,-0.8787878787878788,0.06818181818181818,-0.5189393939393939,0.05303030303030303,-0.7462121212121212,-0.011363636363636364,-0.8863636363636364,-0.07575757575757576,-1.0,0.16287878787878787,-0.4696969696969697,0.2196969696969697,-0.6515151515151515,0.24242424242424243,-0.7840909090909091,0.2537878787878788,-0.9090909090909091
0,0.0,0.0,-0.16917293233082706,-0.09398496240601503,-0.3007518796992481,-0.23684210526315788,-0.41353383458646614,-0.3458646616541353,-0.4774436090225564,-0.462406015037594,-0.13157894736842105,-0.4774436090225564,-0.23684210526315788,-0.6052631578947368,-0.3383458646616541,-0.5827067669172933,-0.40601503759398494,-0.518796992481203,-0.041353383458646614,-0.5225563909774437,-0.09774436090225563,-0.7255639097744361,-0.19548872180451127,-0.8195488721804511,-0.2932330827067669,-0.8834586466165414,0.05639097744360902,-0.518796992481203,0.041353383458646614,-0.7443609022556391,-0.022556390977443608,-0.8834586466165414,-0.08646616541353383,-1.0,0.15037593984962405,-0.4699248120300752,0.20676691729323307,-0.650375939849624,0.22932330827067668,-0.7857142857142857,0.23684210526315788,-0.9135338345864662
0,0.0,0.0,-0.16853932584269662,-0.08614232209737828,-0.299625468164794,-0.23220973782771537,-0.41198501872659177,-0.33707865168539325,-0.47191011235955055,-0.45692883895131087,-0.12734082397003746,-0.4756554307116105,-0.23220973782771537,-0.602996254681648,-0.3333333333333333,-0.5767790262172284,-0.40074906367041196,-0.5131086142322098,-0.04119850187265917,-0.5243445692883895,-0.09363295880149813,-0.7228464419475655,-0.1947565543071161,-0.8202247191011236,-0.2958801498127341,-0.8764044943820225,0.0599250936329588,-0.5205992509363296,0.04119850187265917,-0.7528089887640449,-0.026217228464419477,-0.8913857677902621,-0.09363295880149813,-1.0,0.15355805243445692,-0.47191011235955055,0.20973782771535582,-0.651685393258427,0.22846441947565543,-0.7865168539325843,0.23595505617977527,-0.9138576779026217
0,0.0,0.0,-0.17164179104477612,-0.08582089552238806,-0.30597014925373134,-0.23134328358208955,-0.417910447761194,-0.33955223880597013,-0.48134328358208955,-0.458955223880597,-0.13432835820895522,-0.47761194029850745,-0.23134328358208955,-0.6082089552238806,-0.3358208955223881,-0.585820895522388,-0.40298507462686567,-0.5223880597014925,-0.048507462686567165,-0.5223880597014925,-0.10074626865671642,-0.7238805970149254,-0.20149253731343283,-0.8171641791044776,-0.30223880597014924,-0.8731343283582089,0.05223880597014925,-0.5186567164179104,0.029850746268656716,-0.746268656716418,-0.03731343283582089,-0.8843283582089553,-0.10074626865671642,-1.0,0.1455223880597015,-0.4701492537313433,0.19776119402985073,-0.6492537313432836,0.21641791044776118,-0.7835820895522388,0.22761194029850745,-0.9067164179104478
0,0.0,0.0,-0.16791044776119404,-0.09328358208955224,-0.2947761194029851,-0.23880597014925373,-0.40671641791044777,-0.34701492537313433,-0.4701492537313433,-0.4626865671641791,-0.11940298507462686,-0.48134328358208955,-0.22014925373134328,-0.6156716417910447,-0.3246268656716418,-0.585820895522388,-0.3917910447761194,-0.5223880597014925,-0.03731343283582089,-0.5298507462686567,-0.09701492537313433,-0.7238805970149254,-0.20149253731343283,-0.8134328358208955,-0.30597014925373134,-0.8694029850746269,0.06343283582089553,-0.5261194029850746,0.03731343283582089,-0.753731343283582,-0.033582089552238806,-0.8917910447761194,-0.1044776119402985,-1.0,0.16044776119402984,-0.47761194029850745,0.2126865671641791,-0.6604477611940298,0.23134328358208955,-0.7947761194029851,0.23880597014925373,-0.9216417910447762
0,0.0,0.0,-0.16981132075471697,-0.09433962264150944,-0.30566037735849055,-0.24150943396226415,-0.4226415094339623,-0.3471698113207547,-0.49056603773584906,-0.4641509433962264,-0.13584905660377358,-0.49056603773584906,-0.24150943396226415,-0.6226415094339622,-0.3471698113207547,-0.5886792452830188,-0.4188679245283019,-0.5245283018867924,-0.04905660377358491,-0.5358490566037736,-0.11320754716981132,-0.7320754716981132,-0.2188679245283019,-0.8150943396226416,-0.32075471698113206,-0.8603773584905661,0.04905660377358491,-0.5283018867924528,0.018867924528301886,-0.7584905660377359,-0.052830188679245285,-0.8943396226415095,-0.12452830188679245,-1.0,0.14339622641509434,-0.47924528301886793,0.2,-0.6641509433962264,0.2188679245283019,-0.8,0.23018867924528302,-0.9207547169811321
0,0.0,0.0,-0.17692307692307693,-0.08076923076923077,-0.3192307692307692,-0.2153846153846154,-0.4461538461538462,-0.3230769230769231,-0.5038461538461538,-0.45384615384615384,-0.1423076923076923,-0.4846153846153846,-0.25769230769230766,-0.6192307692307693,-0.36538461538461536,-0.5807692307692308,-0.4346153846153846,-0.5076923076923077,-0.057692307692307696,-0.5346153846153846,-0.13076923076923078,-0.7346153846153847,-0.2423076923076923,-0.8076923076923077,-0.34615384615384615,-0.85,0.04230769230769231,-0.5307692307692308,0.007692307692307693,-0.7615384615384615,-0.06923076923076923,-0.8923076923076924,-0.14615384615384616,-1.0,0.1423076923076923,-0.4807692307692308,0.18846153846153846,-0.6692307692307692,0.20384615384615384,-0.8076923076923077,0.20384615384615384,-0.9346153846153846
0,0.0,0.0,-0.1724137931034483,-0.0842911877394636,-0.31800766283524906,-0.2222222222222222,-0.44061302681992337,-0.32567049808429116,-0.49808429118773945,-0.4521072796934866,-0.13409961685823754,-0.48659003831417624,-0.22988505747126436,-0.6245210727969349,-0.3333333333333333,-0.5977011494252874,-0.4099616858237548,-0.5363984674329502,-0.04980842911877394,-0.5363984674329502,-0.12260536398467432,-0.7279693486590039,-0.23754789272030652,-0.8007662835249042,-0.34099616858237547,-0.842911877394636,0.04980842911877394,-0.5363984674329502,0.011494252873563218,-0.7662835249042146,-0.07279693486590039,-0.896551724137931,-0.1532567049808429,-1.0,0.14942528735632185,-0.4904214559386973,0.19923371647509577,-0.6781609195402298,0.210727969348659,-0.8160919540229885,0.210727969348659,-0.9386973180076629
0,0.0,0.0,-0.17692307692307693,-0.08461538461538462,-0.3269230769230769,-0.21923076923076923,-0.45,-0.3230769230769231,-0.5076923076923077,-0.45,-0.14615384615384616,-0.48846153846153845,-0.25,-0.6269230769230769,-0.35384615384615387,-0.5961538461538461,-0.4269230769230769,-0.5269230769230769,-0.06153846153846154,-0.5346153846153846,-0.1346153846153846,-0.7307692307692307,-0.24615384615384617,-0.8076923076923077,-0.35,-0.8461538461538461,0.038461538461538464,-0.5346153846153846,0.0,-0.7653846153846153,-0.08461538461538462,-0.8961538461538462,-0.16538461538461538,-1.0,0.13846153846153847,-0.48846153846153845,0.18461538461538463,-0.676923076923077,0.19615384615384615,-0.8153846153846154,0.19615384615384615,-0.9384615384615385
0,0.0,0.0,-0.17624521072796934,-0.07662835249042145,-0.3218390804597701,-0.21839080459770116,-0.44061302681992337,-0.3218390804597701,-0.5057471264367817,-0.4482758620689655,-0.1417624521072797,-0.4827586206896552,-0.2413793103448276,-0.6206896551724138,-0.3448275862068966,-0.5938697318007663,-0.41762452107279696,-0.524904214559387,-0.06130268199233716,-0.5287356321839081,-0.13026819923371646,-0.7279693486590039,-0.24521072796934865,-0.8045977011494253,-0.3524904214559387,-0.842911877394636,0.038314176245210725,-0.5325670498084292,0.0,-0.7662835249042146,-0.08812260536398467,-0.896551724137931,-0.1685823754789272,-1.0,0.13793103448275862,-0.4904214559386973,0.1839080459770115,-0.6781609195402298,0.19157088122605365,-0.8160919540229885,0.19157088122605365,-0.9386973180076629
0,0.0,0.0,-0.17624521072796934,-0.08045977011494253,-0.32567049808429116,-0.21839080459770116,-0.4444444444444444,-0.32567049808429116,-0.5134099616858238,-0.4521072796934866,-0.14559386973180077,-0.48659003831417624,-0.24904214559386972,-0.6206896551724138,-0.3563218390804598,-0.5900383141762452,-0.42911877394636017,-0.5210727969348659,-0.06513409961685823,-0.5325670498084292,-0.13026819923371646,-0.7279693486590039,-0.24521072796934865,-0.8045977011494253,-0.3524904214559387,-0.8390804597701149,0.034482758620689655,-0.5363984674329502,-0.0038314176245210726,-0.7662835249042146,-0.09195402298850575,-0.896551724137931,-0.1724137931034483,-1.0,0.13026819923371646,-0.4904214559386973,0.17624521072796934,-0.6819923371647509,0.1839080459770115,-0.8199233716475096,0.1839080459770115,-0.9425287356321839
0,0.0,0.0,-0.18007662835249041,-0.08045977011494253,-0.32950191570881227,-0.2222222222222222,-0.4444444444444444,-0.32950191570881227,-0.5134099616858238,-0.4559386973180077,-0.14942528735632185,-0.4827586206896552,-0.25287356321839083,-0.6168582375478927,-0.36015325670498083,-0.5862068965517241,-0.4329501915708812,-0.5210727969348659,-0.06513409961685823,-0.5287356321839081,-0.13793103448275862,-0.7279693486590039,-0.2567049808429119,-0.8007662835249042,-0.36398467432950193,-0.8390804597701149,0.034482758620689655,-0.5325670498084292,-0.007662835249042145,-0.7624521072796935,-0.09578544061302682,-0.896551724137931,-0.18007662835249041,-1.0,0.13026819923371646,-0.4904214559386973,0.1724137931034483,-0.6781609195402298,0.18007662835249041,-0.8160919540229885,0.18007662835249041,-0.9386973180076629
0,0.0,0.0,-0.18076923076923077,-0.07692307692307693,-0.3269230769230769,-0.21923076923076923,-0.4461538461538462,-0.3230769230769231,-0.5153846153846153,-0.4461538461538462,-0.15,-0.4846153846153846,-0.25769230769230766,-0.6230769230769231,-0.36538461538461536,-0.5846153846153846,-0.43846153846153846,-0.5153846153846153,-0.06923076923076923,-0.5346153846153846,-0.13846153846153847,-0.7307692307692307,-0.25769230769230766,-0.8,-0.36153846153846153,-0.8307692307692308,0.03076923076923077,-0.5346153846153846,-0.007692307692307693,-0.7692307692307693,-0.1,-0.9,-0.18461538461538463,-1.0,0.12692307692307692,-0.49230769230769234,0.16923076923076924,-0.6846153846153846,0.17692307692307693,-0.823076923076923,0.17307692307692307,-0.9461538461538461
0,0.0,0.0,-0.16988416988416988,-0.08494208494208494,-0.3088803088803089,-0.2277992277992278,-0.42857142857142855,-0.3281853281853282,-0.5057915057915058,-0.444015444015444,-0.13513513513513514,-0.4942084942084942,-0.2471042471042471,-0.6293436293436293,-0.36293436293436293,-0.5907335907335908,-0.44015444015444016,-0.5173745173745173,-0.05791505791505792,-0.5405405405405406,-0.13127413127413126,-0.7335907335907336,-0.25096525096525096,-0.803088803088803,-0.3590733590733591,-0.8301158301158301,0.03474903474903475,-0.5405405405405406,0.0,-0.7722007722007722,-0.09266409266409266,-0.8996138996138996,-0.1776061776061776,-1.0,0.1274131274131274,-0.4942084942084942,0.16988416988416988,-0.6833976833976834,0.17374517374517376,-0.8223938223938224,0.16602316602316602,-0.9459459459459459
0,0.0,0.0,-0.16988416988416988,-0.09266409266409266,-0.3088803088803089,-0.23166023166023167,-0.4247104247104247,-0.33204633204633205,-0.4942084942084942,-0.44787644787644787,-0.12355212355212356,-0.4980694980694981,-0.23938223938223938,-0.6293436293436293,-0.3552123552123552,-0.5907335907335908,-0.43243243243243246,-0.5212355212355212,-0.05019305019305019,-0.5366795366795367,-0.1274131274131274,-0.7335907335907336,-0.2471042471042471,-0.803088803088803,-0.35135135135135137,-0.8416988416988417,0.03861003861003861,-0.5328185328185329,0.0,-0.7683397683397684,-0.09266409266409266,-0.8996138996138996,-0.17374517374517376,-1.0,0.1274131274131274,-0.4864864864864865,0.16216216216216217,-0.6795366795366795,0.16602316602316602,-0.8146718146718147,0.1583011583011583,-0.9382239382239382
0,0.0,0.0,-0.1640625,-0.09765625,-0.29296875,-0.24609375,-0.41015625,-0.34375,-0.4921875,-0.45703125,-0.109375,-0.5,-0.23046875,-0.63671875,-0.3515625,-0.6015625,-0.4296875,-0.53125,-0.03515625,-0.5390625,-0.11328125,-0.7421875,-0.2421875,-0.81640625,-0.35546875,-0.8515625,0.0546875,-0.53125,0.01171875,-0.7734375,-0.0859375,-0.90234375,-0.16796875,-1.0,0.13671875,-0.48046875,0.171875,-0.671875,0.171875,-0.8125,0.16015625,-0.9375
0,0.0,0.0,-0.1640625,-0.1015625,-0.29296875,-0.25,-0.40625,-0.3515625,-0.48828125,-0.46484375,-0.10546875,-0.5,-0.2265625,-0.63671875,-0.3515625,-0.59765625,-0.4296875,-0.52734375,-0.03125,-0.53515625,-0.10546875,-0.74609375,-0.23828125,-0.8203125,-0.3515625,-0.859375,0.0546875,-0.5234375,0.01953125,-0.76953125,-0.078125,-0.8984375,-0.1640625,-1.0,0.13671875,-0.46875,0.171875,-0.66015625,0.171875,-0.80078125,0.16015625,-0.92578125
0,0.0,0.0,-0.16470588235294117,-0.10588235294117647,-0.29411764705882354,-0.25882352941176473,-0.40784313725490196,-0.3568627450980392,-0.49019607843137253,-0.4666666666666667,-0.10196078431372549,-0.4980392156862745,-0.2196078431372549,-0.6352941176470588,-0.3411764705882353,-0.6,-0.4235294117647059,-0.5372549019607843,-0.027450980392156862,-0.5333333333333333,-0.10588235294117647,-0.7411764705882353,-0.23137254901960785,-0.8196078431372549,-0.34509803921568627,-0.8588235294117647,0.058823529411764705,-0.5294117647058824,0.0196078431372549,-0.7647058823529411,-0.07058823529411765,-0.8980392156862745,-0.1568627450980392,-1.0,0.1411764705882353,-0.47843137254901963,0.17254901960784313,-0.6705882352941176,0.17254901960784313,-0.803921568627451,0.16470588235294117,-0.9294117647058824
0,0.0,0.0,-0.16470588235294117,-0.09803921568627451,-0.2901960784313726,-0.2549019607843137,-0.403921568627451,-0.35294117647058826,-0.4823529411764706,-0.4549019607843137,-0.10980392156862745,-0.49411764705882355,-0.2235294117647059,-0.6274509803921569,-0.3411764705882353,-0.592156862745098,-0.41568627450980394,-0.5254901960784314,-0.03137254901960784,-0.5294117647058824,-0.10980392156862745,-0.7372549019607844,-0.23921568627450981,-0.8156862745098039,-0.35294117647058826,-0.8549019607843137,0.058823529411764705,-0.5215686274509804,0.0196078431372549,-0.7607843137254902,-0.0784313725490196,-0.8941176470588236,-0.1607843137254902,-1.0,0.1411764705882353,-0.4666666666666667,0.17254901960784313,-0.6588235294117647,0.17254901960784313,-0.796078431372549,0.16470588235294117,-0.9215686274509803
0,0.0,0.0,-0.1556420233463035,-0.0933852140077821,-0.2801556420233463,-0.2490272373540856,-0.39299610894941633,-0.3463035019455253,-0.4708171206225681,-0.45525291828793774,-0.09727626459143969,-0.490272373540856,-0.2140077821011673,-0.6264591439688716,-0.33073929961089493,-0.5953307392996109,-0.4085603112840467,-0.5330739299610895,-0.027237354085603113,-0.5291828793774319,-0.10505836575875487,-0.7315175097276264,-0.22957198443579765,-0.8093385214007782,-0.3424124513618677,-0.8443579766536965,0.0622568093385214,-0.5214007782101168,0.023346303501945526,-0.7626459143968871,-0.07392996108949416,-0.8949416342412452,-0.1556420233463035,-1.0,0.14785992217898833,-0.4669260700389105,0.1828793774319066,-0.6575875486381323,0.1828793774319066,-0.7937743190661478,0.17120622568093385,-0.9221789883268483
0,0.0,0.0,-0.15891472868217055,-0.09689922480620156,-0.2868217054263566,-0.25193798449612403,-0.3992248062015504,-0.35271317829457366,-0.47674418604651164,-0.46124031007751937,-0.10852713178294573,-0.49224806201550386,-0.21705426356589147,-0.6356589147286822,-0.3333333333333333,-0.6046511627906976,-0.41472868217054265,-0.5426356589147286,-0.031007751937984496,-0.5310077519379846,-0.10852713178294573,-0.7364341085271318,-0.23255813953488372,-0.8178294573643411,-0.3449612403100775,-0.8565891472868217,0.05813953488372093,-0.5271317829457365,0.01937984496124031,-0.7674418604651163,-0.06976744186046512,-0.8992248062015504,-0.1511627906976744,-1.0,0.14728682170542637,-0.47674418604651164,0.1821705426356589,-0.6666666666666666,0.1821705426356589,-0.8023255813953488,0.17829457364341086,-0.9263565891472868
0,0.0,0.0,-0.16091954022988506,-0.09961685823754789,-0.28735632183908044,-0.25287356321839083,-0.3946360153256705,-0.3563218390804598,-0.47126436781609193,-0.46360153256704983,-0.10344827586206896,-0.48659003831417624,-0.21455938697318008,-0.6206896551724138,-0.32950191570881227,-0.5977011494252874,-0.4099616858237548,-0.5402298850574713,-0.02681992337164751,-0.524904214559387,-0.10344827586206896,-0.7279693486590039,-0.2260536398467433,-0.8122605363984674,-0.3333333333333333,-0.8582375478927203,0.06513409961685823,-0.5210727969348659,0.02681992337164751,-0.7586206896551724,-0.05747126436781609,-0.896551724137931,-0.13793103448275862,-1.0,0.1532567049808429,-0.47126436781609193,0.19157088122605365,-0.6590038314176245,0.19540229885057472,-0.7931034482758621,0.18773946360153257,-0.9157088122605364
0,0.0,0.0,-0.1596958174904943,-0.09125475285171103,-0.28517110266159695,-0.23954372623574144,-0.39543726235741444,-0.33840304182509506,-0.4714828897338403,-0.4448669201520912,-0.11026615969581749,-0.4752851711026616,-0.21673003802281368,-0.6121673003802282,-0.33079847908745247,-0.5855513307984791,-0.4068441064638783,-0.5285171102661597,-0.034220532319391636,-0.5171102661596958,-0.11026615969581749,-0.7224334600760456,-0.23193916349809887,-0.8022813688212928,-0.33460076045627374,-0.8555133079847909,0.057034220532319393,-0.5133079847908745,0.019011406844106463,-0.752851711026616,-0.057034220532319393,-0.8897338403041825,-0.12167300380228137,-1.0,0.1444866920152091,-0.467680608365019,0.17870722433460076,-0.6539923954372624,0.19011406844106463,-0.7908745247148289,0.19011406844106463,-0.9125475285171103
0,0.0,0.0,-0.15073529411764705,-0.09191176470588236,-0.26838235294117646,-0.22794117647058823,-0.36764705882352944,-0.33088235294117646,-0.4227941176470588,-0.4411764705882353,-0.10661764705882353,-0.45955882352941174,-0.20955882352941177,-0.5882352941176471,-0.3161764705882353,-0.5661764705882353,-0.38235294117647056,-0.5147058823529411,-0.03308823529411765,-0.5036764705882353,-0.10661764705882353,-0.7022058823529411,-0.20588235294117646,-0.8161764705882353,-0.29044117647058826,-0.9117647058823529,0.0625,-0.49264705882352944,0.04411764705882353,-0.7279411764705882,0.003676470588235294,-0.8713235294117647,-0.03676470588235294,-1.0,0.15073529411764705,-0.4411764705882353,0.1948529411764706,-0.625,0.20955882352941177,-0.7536764705882353,0.22058823529411764,-0.875
0,0.0,0.0,-0.1575091575091575,-0.09157509157509157,-0.27106227106227104,-0.2271062271062271,-0.37362637362637363,-0.326007326007326,-0.4432234432234432,-0.43223443223443225,-0.10989010989010989,-0.45787545787545786,-0.21245421245421245,-0.5824175824175825,-0.32234432234432236,-0.5641025641025641,-0.3882783882783883,-0.5091575091575091,-0.040293040293040296,-0.5018315018315018,-0.10989010989010989,-0.6996336996336996,-0.20146520146520147,-0.8205128205128205,-0.2857142857142857,-0.9230769230769231,0.05128205128205128,-0.4908424908424908,0.040293040293040296,-0.7252747252747253,0.0,-0.8717948717948718,-0.03296703296703297,-1.0,0.13553113553113552,-0.43956043956043955,0.17582417582417584,-0.6153846153846154,0.1978021978021978,-0.7435897435897436,0.21245421245421245,-0.8608058608058609
0,0.0,0.0,-0.1575091575091575,-0.09523809523809523,-0.2673992673992674,-0.23076923076923078,-0.36996336996337,-0.32967032967032966,-0.43956043956043955,-0.43223443223443225,-0.10622710622710622,-0.45787545787545786,-0.20512820512820512,-0.5860805860805861,-0.315018315018315,-0.5677655677655677,-0.38461538461538464,-0.5164835164835165,-0.03663003663003663,-0.5018315018315018,-0.0989010989010989,-0.7032967032967034,-0.19047619047619047,-0.8241758241758241,-0.27106227106227104,-0.9304029304029304,0.05128205128205128,-0.4945054945054945,0.04395604395604396,-0.7252747252747253,0.007326007326007326,-0.8717948717948718,-0.02564102564102564,-1.0,0.13186813186813187,-0.4432234432234432,0.1794871794871795,-0.6190476190476191,0.1978021978021978,-0.7472527472527473,0.21245421245421245,-0.8644688644688645
0,0.0,0.0,-0.15693430656934307,-0.09854014598540146,-0.27007299270072993,-0.23722627737226276,-0.3686131386861314,-0.33941605839416056,-0.4343065693430657,-0.44525547445255476,-0.10218978102189781,-0.4635036496350365,-0.20072992700729927,-0.583941605839416,-0.3102189781021898,-0.5656934306569343,-0.3795620437956204,-0.5145985401459854,-0.029197080291970802,-0.5036496350364964,-0.09124087591240876,-0.7043795620437956,-0.17883211678832117,-0.8284671532846716,-0.25547445255474455,-0.9343065693430657,0.06204379562043796,-0.4927007299270073,0.05474452554744526,-0.7262773722627737,0.01824817518248175,-0.8722627737226277,-0.01824817518248175,-1.0,0.14233576642335766,-0.4416058394160584,0.18613138686131386,-0.6204379562043796,0.20802919708029197,-0.7481751824817519,0.22262773722627738,-0.8686131386861314
0,0.0,0.0,-0.15272727272727274,-0.09818181818181818,-0.26545454545454544,-0.23636363636363636,-0.36727272727272725,-0.3381818181818182,-0.4290909090909091,-0.44727272727272727,-0.10181818181818182,-0.4618181818181818,-0.20363636363636364,-0.5854545454545454,-0.31272727272727274,-0.5672727272727273,-0.38181818181818183,-0.5163636363636364,-0.02909090909090909,-0.5018181818181818,-0.09090909090909091,-0.7054545454545454,-0.17454545454545456,-0.8254545454545454,-0.2509090909090909,-0.9345454545454546,0.06181818181818182,-0.49454545454545457,0.05454545454545454,-0.7236363636363636,0.02181818181818182,-0.8690909090909091,-0.01090909090909091,-1.0,0.14181818181818182,-0.44363636363636366,0.1890909090909091,-0.6181818181818182,0.2109090909090909,-0.7454545454545455,0.22545454545454546,-0.8618181818181818
0,0.0,0.0,-0.15693430656934307,-0.0948905109489051,-0.27007299270072993,-0.23357664233576642,-0.3686131386861314,-0.34306569343065696,-0.42700729927007297,-0.4562043795620438,-0.10218978102189781,-0.45985401459854014,-0.20072992700729927,-0.5875912408759124,-0.30656934306569344,-0.5693430656934306,-0.3722627737226277,-0.5218978102189781,-0.029197080291970802,-0.5,-0.08759124087591241,-0.7007299270072993,-0.17153284671532848,-0.8248175182481752,-0.24452554744525548,-0.9306569343065694,0.06569343065693431,-0.4927007299270073,0.06569343065693431,-0.7226277372262774,0.032846715328467155,-0.8686131386861314,0.0036496350364963502,-1.0,0.15328467153284672,-0.43795620437956206,0.20437956204379562,-0.6167883211678832,0.22992700729927007,-0.7408759124087592,0.24817518248175183,-0.864963503649635
0,0.0,0.0,-0.1575091575091575,-0.09523809523809523,-0.2673992673992674,-0.23809523809523808,-0.3663003663003663,-0.3443223443223443,-0.42857142857142855,-0.4542124542124542,-0.0989010989010989,-0.46153846153846156,-0.19413919413919414,-0.5897435897435898,-0.30036630036630035,-0.5787545787545788,-0.36996336996337,-0.5274725274725275,-0.02197802197802198,-0.5018315018315018,-0.07692307692307693,-0.7032967032967034,-0.16483516483516483,-0.8205128205128205,-0.2454212454212454,-0.9230769230769231,0.07326007326007326,-0.4945054945054945,0.07326007326007326,-0.7252747252747253,0.03663003663003663,-0.8717948717948718,0.003663003663003663,-1.0,0.1575091575091575,-0.4432234432234432,0.21611721611721613,-0.6190476190476191,0.2454212454212454,-0.7472527472527473,0.2673992673992674,-0.8681318681318682
0,0.0,0.0,-0.16236162361623616,-0.0959409594095941,-0.28044280442804426,-0.23985239852398524,-0.3800738007380074,-0.3505535055350554,-0.43911439114391143,-0.46494464944649444,-0.1033210332103321,-0.4575645756457565,-0.2029520295202952,-0.5904059040590406,-0.30996309963099633,-0.5793357933579336,-0.3763837638376384,-0.5276752767527675,-0.025830258302583026,-0.5018450184501845,-0.08856088560885608,-0.7011070110701108,-0.17712177121771217,-0.8191881918819188,-0.25830258302583026,-0.915129151291513,0.07011070110701106,-0.4981549815498155,0.06642066420664207,-0.7269372693726938,0.025830258302583026,-0.8745387453874539,-0.01107011070110701,-1.0,0.15867158671586715,-0.44649446494464945,0.2177121771217712,-0.6236162361623616,0.24723247232472326,-0.7564575645756457,0.2693726937269373,-0.8782287822878229
0,0.0,0.0,-0.15925925925925927,-0.0962962962962963,-0.2740740740740741,-0.24074074074074073,-0.37407407407407406,-0.35185185185185186,-0.43333333333333335,-0.4666666666666667,-0.1,-0.45555555555555555,-0.1962962962962963,-0.5851851851851851,-0.3037037037037037,-0.5740740740740741,-0.37037037037037035,-0.5222222222222223,-0.022222222222222223,-0.5,-0.07777777777777778,-0.7,-0.17037037037037037,-0.8111111111111111,-0.25925925925925924,-0.9037037037037037,0.07037037037037037,-0.4962962962962963,0.07037037037037037,-0.725925925925926,0.025925925925925925,-0.8740740740740741,-0.018518518518518517,-1.0,0.15925925925925927,-0.45185185185185184,0.21481481481481482,-0.6259259259259259,0.24814814814814815,-0.7555555555555555,0.2740740740740741,-0.8740740740740741
0,0.0,0.0,-0.16044776119402984,-0.09328358208955224,-0.27611940298507465,-0.23880597014925373,-0.376865671641791,-0.35074626865671643,-0.43656716417910446,-0.4626865671641791,-0.10074626865671642,-0.458955223880597,-0.19776119402985073,-0.5932835820895522,-0.30223880597014924,-0.5783582089552238,-0.3694029850746269,-0.5261194029850746,-0.022388059701492536,-0.503731343283582,-0.08582089552238806,-0.7014925373134329,-0.17537313432835822,-0.8134328358208955,-0.26119402985074625,-0.9029850746268657,0.07462686567164178,-0.5,0.06343283582089553,-0.7276119402985075,0.018656716417910446,-0.8731343283582089,-0.022388059701492536,-1.0,0.16044776119402984,-0.45149253731343286,0.21641791044776118,-0.6305970149253731,0.2462686567164179,-0.7574626865671642,0.26865671641791045,-0.8805970149253731
0,0.0,0.0,-0.15555555555555556,-0.1,-0.27037037037037037,-0.24814814814814815,-0.37037037037037035,-0.362962962962963,-0.42962962962962964,-0.4777777777777778,-0.09259259259259259,-0.4666666666666667,-0.18888888888888888,-0.6,-0.2962962962962963,-0.5814814814814815,-0.36666666666666664,-0.5259259259259259,-0.014814814814814815,-0.5074074074074074,-0.07777777777777778,-0.7074074074074074,-0.17407407407407408,-0.8111111111111111,-0.25925925925925924,-0.8925925925925926,0.08148148148148149,-0.5037037037037037,0.07037037037037037,-0.737037037037037,0.018518518518518517,-0.8814814814814815,-0.025925925925925925,-1.0,0.16666666666666666,-0.45555555555555555,0.2222222222222222,-0.6333333333333333,0.2518518518518518,-0.762962962962963,0.2740740740740741,-0.8851851851851852
0,0.0,0.0,-0.15730337078651685,-0.10112359550561797,-0.2696629213483146,-0.24719101123595505,-0.3707865168539326,-0.3595505617977528,-0.4344569288389513,-0.47191011235955055,-0.09737827715355805,-0.4681647940074906,-0.19101123595505617,-0.602996254681648,-0.2958801498127341,-0.5917602996254682,-0.36704119850187267,-0.5430711610486891,-0.018726591760299626,-0.5131086142322098,-0.0749063670411985,-0.7116104868913857,-0.16853932584269662,-0.8202247191011236,-0.26217228464419473,-0.8913857677902621,0.07865168539325842,-0.5056179775280899,0.06741573033707865,-0.7340823970037453,0.0149812734082397,-0.8801498127340824,-0.0299625468164794,-1.0,0.1647940074906367,-0.45692883895131087,0.2209737827715356,-0.6367041198501873,0.24719101123595505,-0.7677902621722846,0.2696629213483146,-0.8838951310861424
0,0.0,0.0,-0.16728624535315986,-0.10037174721189591,-0.2825278810408922,-0.24907063197026022,-0.3828996282527881,-0.36059479553903345,-0.4423791821561338,-0.4795539033457249,-0.10408921933085502,-0.4646840148698885,-0.20074349442379183,-0.5985130111524164,-0.3048327137546468,-0.5799256505576208,-0.3754646840148699,-0.5241635687732342,-0.022304832713754646,-0.5092936802973977,-0.07434944237918216,-0.7063197026022305,-0.17843866171003717,-0.8066914498141264,-0.27137546468401486,-0.8810408921933085,0.07434944237918216,-0.5055762081784386,0.06319702602230483,-0.7360594795539034,0.0037174721189591076,-0.8810408921933085,-0.048327137546468404,-1.0,0.15985130111524162,-0.45724907063197023,0.21933085501858737,-0.6356877323420075,0.24535315985130113,-0.7657992565055762,0.26394052044609667,-0.8884758364312267
0,0.0,0.0,-0.15730337078651685,-0.10112359550561797,-0.2696629213483146,-0.24719101123595505,-0.3707865168539326,-0.3595505617977528,-0.4344569288389513,-0.4756554307116105,-0.09363295880149813,-0.47191011235955055,-0.19101123595505617,-0.599250936329588,-0.2958801498127341,-0.5880149812734082,-0.3707865168539326,-0.5393258426966292,-0.0149812734082397,-0.5131086142322098,-0.06367041198501873,-0.7116104868913857,-0.16104868913857678,-0.8127340823970037,-0.2546816479400749,-0.8801498127340824,0.07865168539325842,-0.5093632958801498,0.07116104868913857,-0.7340823970037453,0.0149812734082397,-0.8801498127340824,-0.03745318352059925,-1.0,0.1647940074906367,-0.4606741573033708,0.2247191011235955,-0.6404494382022472,0.250936329588015,-0.7715355805243446,0.2696629213483146,-0.8913857677902621
0,0.0,0.0,-0.15730337078651685,-0.09737827715355805,-0.2696629213483146,-0.24719101123595505,-0.3707865168539326,-0.3595505617977528,-0.4344569288389513,-0.4756554307116105,-0.09363295880149813,-0.47191011235955055,-0.19101123595505617,-0.599250936329588,-0.299625468164794,-0.5842696629213483,-0.3707865168539326,-0.5318352059925093,-0.011235955056179775,-0.5131086142322098,-0.0599250936329588,-0.7153558052434457,-0.16104868913857678,-0.8127340823970037,-0.25842696629213485,-0.8801498127340824,0.08239700374531835,-0.5056179775280899,0.07116104868913857,-0.7415730337078652,0.00749063670411985,-0.8838951310861424,-0.04868913857677903,-1.0,0.16853932584269662,-0.45692883895131087,0.2247191011235955,-0.6367041198501873,0.250936329588015,-0.7677902621722846,0.2696629213483146,-0.8913857677902621
0,0.0,0.0,-0.16104868913857678,-0.10112359550561797,-0.2808988764044944,-0.250936329588015,-0.3857677902621723,-0.3595505617977528,-0.44569288389513106,-0.4756554307116105,-0.10486891385767791,-0.4756554307116105,-0.20224719101123595,-0.602996254681648,-0.30711610486891383,-0.5917602996254682,-0.38202247191011235,-0.5355805243445693,-0.02247191011235955,-0.5168539325842697,-0.07116104868913857,-0.7191011235955056,-0.16853932584269662,-0.8202247191011236,-0.26217228464419473,-0.8838951310861424,0.07116104868913857,-0.5131086142322098,0.0599250936329588,-0.7415730337078652,0.003745318352059925,-0.8838951310861424,-0.052434456928838954,-1.0,0.15730337078651685,-0.4606741573033708,0.21348314606741572,-0.6404494382022472,0.24344569288389514,-0.7677902621722846,0.26217228464419473,-0.8876404494382022
0,0.0,0.0,-0.16044776119402984,-0.10074626865671642,-0.27611940298507465,-0.25,-0.3805970149253731,-0.3582089552238806,-0.44029850746268656,-0.47388059701492535,-0.09701492537313433,-0.47761194029850745,-0.19402985074626866,-0.6082089552238806,-0.30597014925373134,-0.5895522388059702,-0.376865671641791,-0.5335820895522388,-0.014925373134328358,-0.5186567164179104,-0.055970149253731345,-0.7238805970149254,-0.15671641791044777,-0.8208955223880597,-0.2574626865671642,-0.8843283582089553,0.07835820895522388,-0.5111940298507462,0.06716417910447761,-0.746268656716418,0.0037313432835820895,-0.8843283582089553,-0.055970149253731345,-1.0,0.16044776119402984,-0.458955223880597,0.21641791044776118,-0.6417910447761194,0.24253731343283583,-0.7723880597014925,0.26119402985074625,-0.8917910447761194
0,0.0,0.0,-0.1647940074906367,-0.10112359550561797,-0.2846441947565543,-0.250936329588015,-0.38202247191011235,-0.3595505617977528,-0.44569288389513106,-0.47191011235955055,-0.10486891385767791,-0.4794007490636704,-0.20224719101123595,-0.6067415730337079,-0.30711610486891383,-0.5917602996254682,-0.38202247191011235,-0.5430711610486891,-0.02247191011235955,-0.5205992509363296,-0.06741573033707865,-0.7265917602996255,-0.1647940074906367,-0.8239700374531835,-0.25842696629213485,-0.8876404494382022,0.06741573033707865,-0.5093632958801498,0.0599250936329588,-0.7415730337078652,0.0,-0.8838951310861424,-0.056179775280898875,-1.0,0.15355805243445692,-0.4606741573033708,0.20973782771535582,-0.6404494382022472,0.23595505617977527,-0.7715355805243446,0.25842696629213485,-0.8913857677902621
0,0.0,0.0,-0.16165413533834586,-0.09398496240601503,-0.2819548872180451,-0.24436090225563908,-0.38345864661654133,-0.35714285714285715,-0.4473684210526316,-0.47368421052631576,-0.10526315789473684,-0.4774436090225564,-0.19924812030075187,-0.6052631578947368,-0.3082706766917293,-0.5902255639097744,-0.37969924812030076,-0.5375939849624061,-0.022556390977443608,-0.518796992481203,-0.06015037593984962,-0.7255639097744361,-0.16165413533834586,-0.8270676691729323,-0.2631578947368421,-0.8909774436090225,0.06766917293233082,-0.5112781954887218,0.06015037593984962,-0.7481203007518797,-0.0037593984962406013,-0.8872180451127819,-0.06766917293233082,-1.0,0.15037593984962405,-0.45864661654135336,0.20676691729323307,-0.6390977443609023,0.23308270676691728,-0.7744360902255639,0.2518796992481203,-0.8947368421052632
0,0.0,0.0,-0.1660377358490566,-0.1018867924528302,-0.2830188679245283,-0.25660377358490566,-0.3849056603773585,-0.3660377358490566,-0.4490566037735849,-0.4830188679245283,-0.1018867924528302,-0.47924528301886793,-0.2,-0.6113207547169811,-0.30943396226415093,-0.5962264150943396,-0.38113207547169814,-0.5471698113207547,-0.018867924528301886,-0.5207547169811321,-0.05660377358490566,-0.7283018867924528,-0.15849056603773584,-0.8301886792452831,-0.25660377358490566,-0.8943396226415095,0.07169811320754717,-0.5132075471698113,0.06415094339622641,-0.7433962264150943,0.0037735849056603774,-0.8867924528301887,-0.06037735849056604,-1.0,0.1509433962264151,-0.4641509433962264,0.20754716981132076,-0.6452830188679245,0.2339622641509434,-0.7811320754716982,0.2490566037735849,-0.9018867924528302
0,0.0,0.0,-0.16030534351145037,-0.09923664122137404,-0.2748091603053435,-0.25190839694656486,-0.37786259541984735,-0.366412213740458,-0.4389312977099237,-0.4847328244274809,-0.09541984732824428,-0.48091603053435117,-0.19083969465648856,-0.6106870229007634,-0.29770992366412213,-0.5954198473282443,-0.3702290076335878,-0.5458015267175572,-0.011450381679389313,-0.5229007633587787,-0.04198473282442748,-0.7290076335877863,-0.13740458015267176,-0.8320610687022901,-0.24045801526717558,-0.8931297709923665,0.08015267175572519,-0.5152671755725191,0.07633587786259542,-0.7480916030534351,0.007633587786259542,-0.8893129770992366,-0.05725190839694656,-1.0,0.16030534351145037,-0.46564885496183206,0.22137404580152673,-0.648854961832061,0.24427480916030533,-0.7824427480916031,0.2633587786259542,-0.9083969465648855
0,0.0,0.0,-0.1640625,-0.09765625,-0.2890625,-0.25390625,-0.390625,-0.3671875,-0.453125,-0.48828125,-0.10546875,-0.4921875,-0.203125,-0.625,-0.3125,-0.61328125,-0.390625,-0.5625,-0.01953125,-0.53515625,-0.046875,-0.7421875,-0.140625,-0.84375,-0.2421875,-0.90625,0.078125,-0.52734375,0.078125,-0.76171875,0.0078125,-0.89453125,-0.06640625,-1.0,0.16015625,-0.4765625,0.22265625,-0.6640625,0.24609375,-0.80078125,0.2578125,-0.92578125
0,0.0,0.0,-0.168,-0.1,-0.3,-0.264,-0.408,-0.384,-0.468,-0.508,-0.108,-0.516,-0.208,-0.652,-0.32,-0.636,-0.4,-0.572,-0.016,-0.56,-0.04,-0.772,-0.14,-0.876,-0.248,-0.932,0.08,-0.548,0.088,-0.784,0.008,-0.912,-0.08,-1.0,0.164,-0.492,0.232,-0.684,0.252,-0.828,0.264,-0.952
0,0.0,0.0,-0.17427385892116182,-0.1037344398340249,-0.3029045643153527,-0.27800829875518673,-0.4149377593360996,-0.4024896265560166,-0.4854771784232365,-0.5269709543568465,-0.1078838174273859,-0.5311203319502075,-0.2074688796680498,-0.6763485477178424,-0.31950207468879666,-0.6556016597510373,-0.4024896265560166,-0.5892116182572614,-0.012448132780082987,-0.5767634854771784,-0.03734439834024896,-0.8008298755186722,-0.13692946058091288,-0.9087136929460581,-0.24481327800829875,-0.9626556016597511,0.0912863070539419,-0.5643153526970954,0.0995850622406639,-0.8049792531120332,0.012448132780082987,-0.9253112033195021,-0.08298755186721991,-1.0,0.17842323651452283,-0.5062240663900415,0.25311203319502074,-0.7095435684647303,0.27385892116182575,-0.8547717842323651,0.2821576763485477,-0.9875518672199171
0,0.0,0.0,-0.18220338983050846,-0.1059322033898305,-0.3177966101694915,-0.2796610169491525,-0.4364406779661017,-0.4067796610169492,-0.5,-0.5423728813559322,-0.11864406779661017,-0.5423728813559322,-0.2245762711864407,-0.6864406779661016,-0.3389830508474576,-0.6610169491525424,-0.4194915254237288,-0.5889830508474576,-0.01694915254237288,-0.5889830508474576,-0.0423728813559322,-0.8135593220338984,-0.13983050847457626,-0.9194915254237288,-0.2542372881355932,-0.9703389830508474,0.08898305084745763,-0.576271186440678,0.1016949152542373,-0.8135593220338984,0.012711864406779662,-0.9279661016949152,-0.08898305084745763,-1.0,0.1864406779661017,-0.5169491525423728,0.2627118644067797,-0.7161016949152542,0.2838983050847458,-0.864406779661017,0.2838983050847458,-0.9957627118644068
0,0.0,0.0,-0.175,-0.10833333333333334,-0.30833333333333335,-0.2791666666666667,-0.42083333333333334,-0.4041666666666667,-0.4875,-0.5333333333333333,-0.1125,-0.5333333333333333,-0.21666666666666667,-0.6791666666666667,-0.32916666666666666,-0.6541666666666667,-0.4125,-0.5833333333333334,-0.0125,-0.5791666666666667,-0.041666666666666664,-0.8,-0.13333333333333333,-0.9083333333333333,-0.24166666666666667,-0.9666666666666667,0.1,-0.5666666666666667,0.1125,-0.8,0.03333333333333333,-0.9166666666666666,-0.058333333333333334,-1.0,0.19583333333333333,-0.5041666666666667,0.2708333333333333,-0.7041666666666667,0.29583333333333334,-0.8541666666666666,0.3,-0.9875
0,0.0,0.0,-0.18143459915611815,-0.10126582278481013,-0.3206751054852321,-0.27848101265822783,-0.4345991561181435,-0.4050632911392405,-0.4978902953586498,-0.540084388185654,-0.12236286919831224,-0.5316455696202531,-0.22362869198312235,-0.679324894514768,-0.3333333333333333,-0.6582278481012658,-0.4177215189873418,-0.5907172995780591,-0.016877637130801686,-0.5780590717299579,-0.05063291139240506,-0.8016877637130801,-0.14345991561181434,-0.9113924050632911,-0.2489451476793249,-0.9662447257383966,0.0970464135021097,-0.569620253164557,0.10548523206751055,-0.8016877637130801,0.02531645569620253,-0.919831223628692,-0.06751054852320675,-1.0,0.19831223628691982,-0.5147679324894515,0.2742616033755274,-0.7172995780590717,0.29957805907172996,-0.8649789029535865,0.3037974683544304,-0.9957805907172996
0,0.0,0.0,-0.18333333333333332,-0.1,-0.3125,-0.2791666666666667,-0.425,-0.4083333333333333,-0.48333333333333334,-0.5375,-0.12083333333333333,-0.525,-0.22083333333333333,-0.675,-0.325,-0.6541666666666667,-0.4083333333333333,-0.5875,-0.0125,-0.575,-0.05,-0.7958333333333333,-0.14166666666666666,-0.9041666666666667,-0.25,-0.9583333333333334,0.1,-0.5666666666666667,0.1125,-0.8,0.0375,-0.9208333333333333,-0.05416666666666667,-1.0,0.20416666666666666,-0.5083333333333333,0.2833333333333333,-0.7083333333333334,0.30833333333333335,-0.8541666666666666,0.3125,-0.9833333333333333
0,0.0,0.0,-0.19166666666666668,-0.10416666666666667,-0.32916666666666666,-0.2791666666666667,-0.44583333333333336,-0.4125,-0.5041666666666667,-0.55,-0.12916666666666668,-0.525,-0.23333333333333334,-0.6791666666666667,-0.3416666666666667,-0.6583333333333333,-0.425,-0.5916666666666667,-0.020833333333333332,-0.575,-0.058333333333333334,-0.7916666666666666,-0.15416666666666667,-0.9041666666666667,-0.2625,-0.9625,0.09583333333333334,-0.5666666666666667,0.1,-0.8,0.020833333333333332,-0.9208333333333333,-0.06666666666666667,-1.0,0.2,-0.5166666666666667,0.2791666666666667,-0.7166666666666667,0.30833333333333335,-0.8625,0.32083333333333336,-0.9916666666666667
0,0.0,0.0,-0.18672199170124482,-0.1037344398340249,-0.31950207468879666,-0.2821576763485477,-0.42738589211618255,-0.4107883817427386,-0.4896265560165975,-0.5394190871369294,-0.12033195020746888,-0.5269709543568465,-0.22406639004149378,-0.6721991701244814,-0.3278008298755187,-0.6556016597510373,-0.4107883817427386,-0.5933609958506224,-0.016597510373443983,-0.5767634854771784,-0.05394190871369295,-0.7925311203319502,-0.14522821576763487,-0.9045643153526971,-0.24896265560165975,-0.9626556016597511,0.1037344398340249,-0.5684647302904564,0.1037344398340249,-0.7966804979253111,0.029045643153526972,-0.91701244813278,-0.058091286307053944,-1.0,0.2074688796680498,-0.5103734439834025,0.2863070539419087,-0.7053941908713693,0.3153526970954357,-0.8506224066390041,0.3236514522821577,-0.979253112033195
0,0.0,0.0,-0.1908713692946058,-0.1078838174273859,-0.3278008298755187,-0.2821576763485477,-0.44813278008298757,-0.4107883817427386,-0.5103734439834025,-0.5435684647302904,-0.13278008298755187,-0.5269709543568465,-0.23236514522821577,-0.6763485477178424,-0.3360995850622407,-0.6639004149377593,-0.4190871369294606,-0.6016597510373444,-0.024896265560165973,-0.5809128630705395,-0.06224066390041494,-0.7966804979253111,-0.15767634854771784,-0.9087136929460581,-0.26556016597510373,-0.9626556016597511,0.0912863070539419,-0.5684647302904564,0.0912863070539419,-0.8008298755186722,0.016597510373443983,-0.921161825726141,-0.07053941908713693,-1.0,0.1991701244813278,-0.5103734439834025,0.2821576763485477,-0.7012448132780082,0.3070539419087137,-0.8464730290456431,0.3112033195020747,-0.975103734439834
0,0.0,0.0,-0.19327731092436976,-0.10084033613445378,-0.33613445378151263,-0.2773109243697479,-0.453781512605042,-0.4117647058823529,-0.5126050420168067,-0.5462184873949579,-0.13865546218487396,-0.5252100840336135,-0.23529411764705882,-0.6764705882352942,-0.3403361344537815,-0.6680672268907563,-0.42436974789915966,-0.6092436974789915,-0.025210084033613446,-0.5798319327731093,-0.06722689075630252,-0.7983193277310925,-0.15966386554621848,-0.907563025210084,-0.2647058823529412,-0.9663865546218487,0.09243697478991597,-0.5714285714285714,0.08823529411764706,-0.8025210084033614,0.012605042016806723,-0.9201680672268907,-0.07563025210084033,-1.0,0.20588235294117646,-0.5168067226890757,0.2857142857142857,-0.7100840336134454,0.3025210084033613,-0.8529411764705882,0.29831932773109243,-0.9789915966386554
0,0.0,0.0,-0.19166666666666668,-0.10833333333333334,-0.325,-0.2791666666666667,-0.4375,-0.4125,-0.5,-0.5458333333333333,-0.12083333333333333,-0.525,-0.22083333333333333,-0.675,-0.325,-0.6666666666666666,-0.4083333333333333,-0.6125,-0.0125,-0.575,-0.05416666666666667,-0.7958333333333333,-0.15,-0.9041666666666667,-0.25416666666666665,-0.9583333333333334,0.10416666666666667,-0.5666666666666667,0.10833333333333334,-0.7958333333333333,0.041666666666666664,-0.9208333333333333,-0.04583333333333333,-1.0,0.21666666666666667,-0.5125,0.3,-0.7,0.3125,-0.8416666666666667,0.3,-0.9666666666666667
0,0.0,0.0,-0.1940928270042194,-0.10126582278481013,-0.3291139240506329,-0.27848101265822783,-0.4472573839662447,-0.4092827004219409,-0.5147679324894515,-0.5443037974683544,-0.1350210970464135,-0.5274261603375527,-0.24050632911392406,-0.6751054852320675,-0.3459915611814346,-0.6624472573839663,-0.43037974683544306,-0.6118143459915611,-0.02109704641350211,-0.5822784810126582,-0.06329113924050633,-0.8016877637130801,-0.15611814345991562,-0.9071729957805907,-0.26582278481012656,-0.9662447257383966,0.0970464135021097,-0.5738396624472574,0.0970464135021097,-0.8059071729957806,0.02109704641350211,-0.919831223628692,-0.07172995780590717,-1.0,0.20675105485232068,-0.5189873417721519,0.2869198312236287,-0.7088607594936709,0.3037974683544304,-0.8523206751054853,0.2911392405063291,-0.9789029535864979
0,0.0,0.0,-0.19747899159663865,-0.10504201680672269,-0.33613445378151263,-0.2773109243697479,-0.4579831932773109,-0.40756302521008403,-0.5168067226890757,-0.5462184873949579,-0.13865546218487396,-0.5294117647058824,-0.23949579831932774,-0.680672268907563,-0.3445378151260504,-0.6680672268907563,-0.42436974789915966,-0.6134453781512605,-0.025210084033613446,-0.5798319327731093,-0.07142857142857142,-0.7983193277310925,-0.16806722689075632,-0.9117647058823529,-0.2773109243697479,-0.9663865546218487,0.09243697478991597,-0.5714285714285714,0.09243697478991597,-0.7983193277310925,0.01680672268907563,-0.9201680672268907,-0.07142857142857142,-1.0,0.20588235294117646,-0.5168067226890757,0.2857142857142857,-0.7058823529411765,0.29411764705882354,-0.8487394957983193,0.27310924369747897,-0.9705882352941176
0,0.0,0.0,-0.1940928270042194,-0.10548523206751055,-0.33755274261603374,-0.27848101265822783,-0.45147679324894513,-0.4092827004219409,-0.5147679324894515,-0.5443037974683544,-0.1350210970464135,-0.5316455696202531,-0.24050632911392406,-0.679324894514768,-0.350210970464135,-0.6666666666666666,-0.4345991561181435,-0.6075949367088608,-0.02531645569620253,-0.5822784810126582,-0.06751054852320675,-0.8016877637130801,-0.16455696202531644,-0.9113924050632911,-0.2742616033755274,-0.9704641350210971,0.0970464135021097,-0.5738396624472574,0.0970464135021097,-0.8016877637130801,0.02109704641350211,-0.919831223628692,-0.0759493670886076,-1.0,0.20675105485232068,-0.5147679324894515,0.2869198312236287,-0.7088607594936709,0.29535864978902954,-0.8438818565400844,0.26582278481012656,-0.9662447257383966
0,0.0,0.0,-0.19327731092436976,-0.1092436974789916,-0.3319327731092437,-0.2815126050420168,-0.4495798319327731,-0.40756302521008403,-0.5042016806722689,-0.5462184873949579,-0.13025210084033614,-0.5294117647058824,-0.23109243697478993,-0.680672268907563,-0.33613445378151263,-0.6722689075630253,-0.41596638655462187,-0.6134453781512605,-0.01680672268907563,-0.5798319327731093,-0.06302521008403361,-0.8025210084033614,-0.15966386554621848,-0.9159663865546218,-0.27310924369747897,-0.9663865546218487,0.10084033613445378,-0.5714285714285714,0.10084033613445378,-0.8025210084033614,0.025210084033613446,-0.9243697478991597,-0.06722689075630252,-1.0,0.21008403361344538,-0.5126050420168067,0.29411764705882354,-0.7016806722689075,0.3025210084033613,-0.8445378151260504,0.2773109243697479,-0.9705882352941176
0,0.0,0.0,-0.189873417721519,-0.10548523206751055,-0.3291139240506329,-0.27848101265822783,-0.45147679324894513,-0.4092827004219409,-0.510548523206751,-0.5485232067510548,-0.1308016877637131,-0.5274261603375527,-0.23628691983122363,-0.679324894514768,-0.34177215189873417,-0.6666666666666666,-0.4219409282700422,-0.6118143459915611,-0.016877637130801686,-0.5822784810126582,-0.06329113924050633,-0.7974683544303798,-0.15611814345991562,-0.9071729957805907,-0.26582278481012656,-0.9662447257383966,0.10126582278481013,-0.5738396624472574,0.10126582278481013,-0.8059071729957806,0.02109704641350211,-0.9240506329113924,-0.0759493670886076,-1.0,0.21518987341772153,-0.5147679324894515,0.29535864978902954,-0.7046413502109705,0.3037974683544304,-0.8481012658227848,0.28270042194092826,-0.9704641350210971
0,0.0,0.0,-0.1940928270042194,-0.10970464135021098,-0.3333333333333333,-0.27848101265822783,-0.4472573839662447,-0.4092827004219409,-0.5063291139240507,-0.5443037974683544,-0.12658227848101267,-0.5274261603375527,-0.2320675105485232,-0.679324894514768,-0.3333333333333333,-0.6666666666666666,-0.4177215189873418,-0.6118143459915611,-0.016877637130801686,-0.5780590717299579,-0.05907172995780591,-0.7974683544303798,-0.15611814345991562,-0.9113924050632911,-0.26582278481012656,-0.9662447257383966,0.10548523206751055,-0.569620253164557,0.10548523206751055,-0.7974683544303798,0.02531645569620253,-0.919831223628692,-0.06751054852320675,-1.0,0.21518987341772153,-0.510548523206751,0.29957805907172996,-0.70042194092827,0.3037974683544304,-0.8396624472573839,0.27848101265822783,-0.9620253164556962
0,0.0,0.0,-0.20253164556962025,-0.10548523206751055,-0.3459915611814346,-0.2742616033755274,-0.4641350210970464,-0.4050632911392405,-0.5232067510548524,-0.5443037974683544,-0.14345991561181434,-0.5274261603375527,-0.2489451476793249,-0.6751054852320675,-0.35443037974683544,-0.6624472573839663,-0.4388185654008439,-0.6075949367088608,-0.02531645569620253,-0.5780590717299579,-0.0759493670886076,-0.7974683544303798,-0.1729957805907173,-0.9071729957805907,-0.28270042194092826,-0.9662447257383966,0.09282700421940929,-0.569620253164557,0.08860759493670886,-0.7974683544303798,0.012658227848101266,-0.919831223628692,-0.08438818565400844,-1.0,0.20675105485232068,-0.5147679324894515,0.28270042194092826,-0.7046413502109705,0.2869198312236287,-0.8396624472573839,0.2616033755274262,-0.9620253164556962
0,0.0,0.0,-0.1940928270042194,-0.10548523206751055,-0.3333333333333333,-0.27848101265822783,-0.4472573839662447,-0.4092827004219409,-0.5063291139240507,-0.5443037974683544,-0.1350210970464135,-0.5274261603375527,-0.23628691983122363,-0.6835443037974683,-0.33755274261603374,-0.6751054852320675,-0.4177215189873418,-0.6160337552742616,-0.02109704641350211,-0.5822784810126582,-0.06751054852320675,-0.8016877637130801,-0.16455696202531644,-0.9156118143459916,-0.2742616033755274,-0.9662447257383966,0.0970464135021097,-0.569620253164557,0.0970464135021097,-0.8016877637130801,0.02109704641350211,-0.9240506329113924,-0.0759493670886076,-1.0,0.2109704641350211,-0.510548523206751,0.2911392405063291,-0.70042194092827,0.2911392405063291,-0.8438818565400844,0.25738396624472576,-0.9620253164556962
0,0.0,0.0,-0.18907563025210083,-0.10504201680672269,-0.3235294117647059,-0.2773109243697479,-0.4411764705882353,-0.40756302521008403,-0.5042016806722689,-0.542016806722689,-0.12605042016806722,-0.5252100840336135,-0.23109243697478993,-0.6722689075630253,-0.33613445378151263,-0.6638655462184874,-0.42016806722689076,-0.6092436974789915,-0.01680672268907563,-0.5756302521008403,-0.06302521008403361,-0.7941176470588235,-0.15966386554621848,-0.907563025210084,-0.2689075630252101,-0.9663865546218487,0.10084033613445378,-0.5714285714285714,0.10084033613445378,-0.7983193277310925,0.025210084033613446,-0.9201680672268907,-0.07142857142857142,-1.0,0.21428571428571427,-0.5126050420168067,0.28991596638655465,-0.7016806722689075,0.28991596638655465,-0.8361344537815126,0.25630252100840334,-0.957983193277311
0,0.0,0.0,-0.18828451882845187,-0.10460251046025104,-0.3263598326359833,-0.2719665271966527,-0.4393305439330544,-0.401673640167364,-0.497907949790795,-0.5397489539748954,-0.1297071129707113,-0.5271966527196653,-0.2301255230125523,-0.6778242677824268,-0.33472803347280333,-0.6610878661087866,-0.41841004184100417,-0.602510460251046,-0.016736401673640166,-0.5774058577405857,-0.06694560669456066,-0.7949790794979079,-0.16736401673640167,-0.9037656903765691,-0.27615062761506276,-0.9623430962343096,0.10460251046025104,-0.5690376569037657,0.10460251046025104,-0.7949790794979079,0.029288702928870293,-0.9205020920502092,-0.07112970711297072,-1.0,0.21338912133891214,-0.5104602510460251,0.28870292887029286,-0.702928870292887,0.28451882845188287,-0.8410041841004184,0.24686192468619247,-0.9581589958158996
0,0.0,0.0,-0.1950207468879668,-0.1078838174273859,-0.33195020746887965,-0.27385892116182575,-0.44813278008298757,-0.4066390041493776,-0.5103734439834025,-0.5394190871369294,-0.13692946058091288,-0.5228215767634855,-0.24066390041493776,-0.6680497925311203,-0.34439834024896265,-0.6556016597510373,-0.42738589211618255,-0.6016597510373444,-0.024896265560165973,-0.5726141078838174,-0.08298755186721991,-0.7883817427385892,-0.1825726141078838,-0.9004149377593361,-0.29045643153526973,-0.9585062240663901,0.0912863070539419,-0.5684647302904564,0.08713692946058091,-0.7925311203319502,0.012448132780082987,-0.91701244813278,-0.08298755186721991,-1.0,0.1991701244813278,-0.5145228215767634,0.2697095435684647,-0.6970954356846473,0.26556016597510373,-0.8298755186721992,0.22821576763485477,-0.946058091286307
0,0.0,0.0,-0.18828451882845187,-0.100418410041841,-0.3263598326359833,-0.2719665271966527,-0.4351464435146444,-0.39748953974895396,-0.502092050209205,-0.5313807531380753,-0.1297071129707113,-0.5146443514644351,-0.23430962343096234,-0.6610878661087866,-0.33472803347280333,-0.6527196652719666,-0.41422594142259417,-0.5983263598326359,-0.02092050209205021,-0.5690376569037657,-0.07112970711297072,-0.7866108786610879,-0.17154811715481172,-0.899581589958159,-0.28870292887029286,-0.9539748953974896,0.09205020920502092,-0.5648535564853556,0.09623430962343096,-0.7949790794979079,0.016736401673640166,-0.9205020920502092,-0.0794979079497908,-1.0,0.20502092050209206,-0.5062761506276151,0.2803347280334728,-0.694560669456067,0.27615062761506276,-0.8368200836820083,0.2384937238493724,-0.9539748953974896
0,0.0,0.0,-0.18699186991869918,-0.1016260162601626,-0.32113821138211385,-0.2682926829268293,-0.43902439024390244,-0.3902439024390244,-0.5,-0.5203252032520326,-0.13414634146341464,-0.508130081300813,-0.23983739837398374,-0.6504065040650406,-0.34552845528455284,-0.6382113821138211,-0.42276422764227645,-0.5813008130081301,-0.028455284552845527,-0.5609756097560976,-0.08536585365853659,-0.7682926829268293,-0.18292682926829268,-0.8780487804878049,-0.2926829268292683,-0.943089430894309,0.08943089430894309,-0.5528455284552846,0.08130081300813008,-0.7804878048780488,0.008130081300813009,-0.9105691056910569,-0.08130081300813008,-1.0,0.1951219512195122,-0.5040650406504065,0.2601626016260163,-0.6869918699186992,0.25609756097560976,-0.8211382113821138,0.22357723577235772,-0.9390243902439024
0,0.0,0.0,-0.17670682730923695,-0.10040160642570281,-0.3092369477911647,-0.26506024096385544,-0.41365461847389556,-0.3855421686746988,-0.4738955823293173,-0.5140562248995983,-0.11646586345381527,-0.4979919678714859,-0.21285140562248997,-0.6385542168674698,-0.3132530120481928,-0.6345381526104418,-0.39357429718875503,-0.5823293172690763,-0.012048192771084338,-0.5502008032128514,-0.0642570281124498,-0.7590361445783133,-0.1606425702811245,-0.8674698795180723,-0.26907630522088355,-0.927710843373494,0.0963855421686747,-0.5421686746987951,0.09236947791164658,-0.7710843373493976,0.024096385542168676,-0.9036144578313253,-0.060240963855421686,-1.0,0.20080321285140562,-0.4939759036144578,0.26907630522088355,-0.6746987951807228,0.26907630522088355,-0.8072289156626506,0.24096385542168675,-0.9236947791164659
0,0.0,0.0,-0.1744186046511628,-0.09689922480620156,-0.3023255813953488,-0.2558139534883721,-0.4108527131782946,-0.3798449612403101,-0.4728682170542636,-0.5038759689922481,-0.11627906976744186,-0.4844961240310077,-0.22093023255813954,-0.6201550387596899,-0.32170542635658916,-0.6085271317829457,-0.3992248062015504,-0.5581395348837209,-0.01937984496124031,-0.5348837209302325,-0.07751937984496124,-0.7364341085271318,-0.1744186046511628,-0.8488372093023255,-0.2751937984496124,-0.9186046511627907,0.08914728682170543,-0.5310077519379846,0.08139534883720931,-0.7558139534883721,0.015503875968992248,-0.8914728682170543,-0.06201550387596899,-1.0,0.18992248062015504,-0.4806201550387597,0.25193798449612403,-0.6550387596899225,0.2596899224806202,-0.7868217054263565,0.24031007751937986,-0.9031007751937985
0,0.0,0.0,-0.17624521072796934,-0.09961685823754789,-0.30268199233716475,-0.2567049808429119,-0.4061302681992337,-0.3793103448275862,-0.45977011494252873,-0.5019157088122606,-0.11494252873563218,-0.47509578544061304,-0.21455938697318008,-0.6168582375478927,-0.31417624521072796,-0.6053639846743295,-0.38697318007662834,-0.5555555555555556,-0.019157088122605363,-0.524904214559387,-0.07279693486590039,-0.7318007662835249,-0.1724137931034483,-0.8390804597701149,-0.2720306513409962,-0.9118773946360154,0.08812260536398467,-0.5210727969348659,0.07662835249042145,-0.7509578544061303,0.011494252873563218,-0.8888888888888888,-0.06130268199233716,-1.0,0.18773946360153257,-0.47509578544061304,0.24904214559386972,-0.6551724137931034,0.2567049808429119,-0.7816091954022989,0.2413793103448276,-0.9003831417624522
0,0.0,0.0,-0.1724137931034483,-0.09578544061302682,-0.2988505747126437,-0.25287356321839083,-0.39846743295019155,-0.37547892720306514,-0.4559386973180077,-0.49808429118773945,-0.10727969348659004,-0.4674329501915709,-0.210727969348659,-0.6091954022988506,-0.31417624521072796,-0.5977011494252874,-0.38697318007662834,-0.5440613026819924,-0.01532567049808429,-0.5172413793103449,-0.07662835249042145,-0.7241379310344828,-0.17624521072796934,-0.8390804597701149,-0.2720306513409962,-0.9157088122605364,0.09195402298850575,-0.5172413793103449,0.08045977011494253,-0.7471264367816092,0.022988505747126436,-0.8888888888888888,-0.0421455938697318,-1.0,0.19157088122605365,-0.4674329501915709,0.25287356321839083,-0.6436781609195402,0.26436781609195403,-0.7739463601532567,0.24904214559386972,-0.8888888888888888
0,0.0,0.0,-0.17358490566037735,-0.09811320754716982,-0.2943396226415094,-0.2528301886792453,-0.39622641509433965,-0.37358490566037733,-0.45660377358490567,-0.49433962264150944,-0.11320754716981132,-0.4679245283018868,-0.21509433962264152,-0.6075471698113207,-0.3169811320754717,-0.5924528301886792,-0.3886792452830189,-0.539622641509434,-0.018867924528301886,-0.5169811320754717,-0.07547169811320754,-0.720754716981132,-0.16981132075471697,-0.8339622641509434,-0.2641509433962264,-0.9132075471698113,0.08679245283018867,-0.5132075471698113,0.07924528301886792,-0.7396226415094339,0.026415094339622643,-0.8830188679245283,-0.03018867924528302,-1.0,0.18490566037735848,-0.4641509433962264,0.24150943396226415,-0.6377358490566037,0.2528301886792453,-0.7660377358490567,0.24528301886792453,-0.8830188679245283
0,0.0,0.0,-0.16853932584269662,-0.09737827715355805,-0.29213483146067415,-0.250936329588015,-0.3895131086142322,-0.3707865168539326,-0.4419475655430712,-0.4943820224719101,-0.10861423220973783,-0.47191011235955055,-0.20973782771535582,-0.602996254681648,-0.31086142322097376,-0.5917602996254682,-0.38202247191011235,-0.5393258426966292,-0.0149812734082397,-0.5205992509363296,-0.07116104868913857,-0.7191011235955056,-0.1647940074906367,-0.8314606741573034,-0.2546816479400749,-0.9063670411985019,0.0898876404494382,-0.5131086142322098,0.08614232209737828,-0.7378277153558053,0.03745318352059925,-0.8838951310861424,-0.0149812734082397,-1.0,0.18726591760299627,-0.4606741573033708,0.250936329588015,-0.6292134831460674,0.2696629213483146,-0.7602996254681648,0.27715355805243447,-0.8838951310861424
0,0.0,0.0,-0.17164179104477612,-0.09701492537313433,-0.2947761194029851,-0.25,-0.39552238805970147,-0.3694029850746269,-0.45149253731343286,-0.48880597014925375,-0.11194029850746269,-0.4701492537313433,-0.208955223880597,-0.6044776119402985,-0.30970149253731344,-0.5895522388059702,-0.3805970149253731,-0.5373134328358209,-0.018656716417910446,-0.5186567164179104,-0.0708955223880597,-0.7164179104477612,-0.16417910447761194,-0.8283582089552238,-0.2574626865671642,-0.9067164179104478,0.08582089552238806,-0.5111940298507462,0.07835820895522388,-0.7388059701492538,0.029850746268656716,-0.8805970149253731,-0.022388059701492536,-1.0,0.1828358208955224,-0.458955223880597,0.2462686567164179,-0.6343283582089553,0.26492537313432835,-0.7611940298507462,0.26865671641791045,-0.8843283582089553
0,0.0,0.0,-0.16791044776119404,-0.09328358208955224,-0.291044776119403,-0.25,-0.3917910447761194,-0.3694029850746269,-0.45149253731343286,-0.4925373134328358,-0.11194029850746269,-0.47388059701492535,-0.20522388059701493,-0.6082089552238806,-0.30597014925373134,-0.5970149253731343,-0.376865671641791,-0.5485074626865671,-0.022388059701492536,-0.5223880597014925,-0.07462686567164178,-0.7201492537313433,-0.16791044776119404,-0.832089552238806,-0.26119402985074625,-0.9067164179104478,0.08208955223880597,-0.5186567164179104,0.07462686567164178,-0.7388059701492538,0.026119402985074626,-0.8805970149253731,-0.029850746268656716,-1.0,0.1791044776119403,-0.4664179104477612,0.24253731343283583,-0.6380597014925373,0.26492537313432835,-0.7649253731343284,0.27238805970149255,-0.8880597014925373
0,0.0,0.0,-0.16417910447761194,-0.10074626865671642,-0.2835820895522388,-0.25,-0.3805970149253731,-0.3656716417910448,-0.43656716417910446,-0.4925373134328358,-0.09328358208955224,-0.4701492537313433,-0.1865671641791045,-0.6007462686567164,-0.291044776119403,-0.5895522388059702,-0.3619402985074627,-0.5373134328358209,0.0,-0.5186567164179104,-0.055970149253731345,-0.7201492537313433,-0.14925373134328357,-0.8283582089552238,-0.24253731343283583,-0.9067164179104478,0.10074626865671642,-0.5111940298507462,0.10074626865671642,-0.7350746268656716,0.048507462686567165,-0.8805970149253731,-0.0037313432835820895,-1.0,0.19776119402985073,-0.458955223880597,0.26492537313432835,-0.6305970149253731,0.291044776119403,-0.7649253731343284,0.30223880597014924,-0.8880597014925373
0,0.0,0.0,-0.1647940074906367,-0.09737827715355805,-0.2846441947565543,-0.250936329588015,-0.3895131086142322,-0.3707865168539326,-0.44569288389513106,-0.49063670411985016,-0.10112359550561797,-0.4681647940074906,-0.20224719101123595,-0.6067415730337079,-0.30711610486891383,-0.5917602996254682,-0.3782771535580524,-0.5393258426966292,-0.00749063670411985,-0.5168539325842697,-0.056179775280898875,-0.7191011235955056,-0.15355805243445692,-0.8314606741573034,-0.24719101123595505,-0.9026217228464419,0.09737827715355805,-0.5093632958801498,0.0898876404494382,-0.7378277153558053,0.04119850187265917,-0.8801498127340824,-0.0149812734082397,-1.0,0.19101123595505617,-0.45692883895131087,0.25842696629213485,-0.6292134831460674,0.2808988764044944,-0.7602996254681648,0.2883895131086142,-0.8801498127340824
0,0.0,0.0,-0.16356877323420074,-0.09665427509293681,-0.2899628252788104,-0.24907063197026022,-0.3903345724907063,-0.3643122676579926,-0.44609665427509293,-0.483271375464684,-0.10037174721189591,-0.4684014869888476,-0.20074349442379183,-0.6059479553903345,-0.3048327137546468,-0.5910780669144982,-0.3754646840148699,-0.5353159851301115,-0.011152416356877323,-0.516728624535316,-0.06691449814126393,-0.7174721189591078,-0.16356877323420074,-0.8252788104089219,-0.26022304832713755,-0.9033457249070632,0.09293680297397769,-0.5092936802973977,0.08550185873605948,-0.7397769516728625,0.03345724907063197,-0.8810408921933085,-0.01858736059479554,-1.0,0.1895910780669145,-0.45724907063197023,0.25650557620817843,-0.6319702602230484,0.2788104089219331,-0.7620817843866171,0.2899628252788104,-0.8810408921933085
0,0.0,0.0,-0.17100371747211895,-0.09665427509293681,-0.29739776951672864,-0.24535315985130113,-0.40148698884758366,-0.3643122676579926,-0.46096654275092935,-0.483271375464684,-0.11524163568773234,-0.4758364312267658,-0.21189591078066913,-0.6133828996282528,-0.3159851301115242,-0.5947955390334573,-0.38661710037174724,-0.5390334572490706,-0.022304832713754646,-0.5204460966542751,-0.07806691449814127,-0.7211895910780669,-0.17100371747211895,-0.828996282527881,-0.26394052044609667,-0.9070631970260223,0.08178438661710037,-0.5130111524163569,0.07434944237918216,-0.7397769516728625,0.022304832713754646,-0.8810408921933085,-0.02973977695167286,-1.0,0.17843866171003717,-0.46096654275092935,0.24535315985130113,-0.6356877323420075,0.26765799256505574,-0.7620817843866171,0.2788104089219331,-0.8847583643122676
0,0.0,0.0,-0.16974169741697417,-0.0996309963099631,-0.2878228782287823,-0.25092250922509224,-0.39114391143911437,-0.36900369003690037,-0.4575645756457565,-0.4870848708487085,-0.1033210332103321,-0.46863468634686345,-0.2029520295202952,-0.6051660516605166,-0.3062730627306273,-0.5867158671586716,-0.3763837638376384,-0.5313653136531366,-0.014760147601476014,-0.5166051660516605,-0.06642066420664207,-0.7158671586715867,-0.16605166051660517,-0.8228782287822878,-0.26199261992619927,-0.8966789667896679,0.09225092250922509,-0.5129151291512916,0.08487084870848709,-0.7380073800738007,0.02952029520295203,-0.8819188191881919,-0.025830258302583026,-1.0,0.1881918819188192,-0.4612546125461255,0.25092250922509224,-0.6383763837638377,0.2730627306273063,-0.7675276752767528,0.28044280442804426,-0.8892988929889298
0,0.0,0.0,-0.16728624535315986,-0.09293680297397769,-0.2899628252788104,-0.241635687732342,-0.40148698884758366,-0.35687732342007433,-0.4646840148698885,-0.4795539033457249,-0.10408921933085502,-0.4721189591078067,-0.20817843866171004,-0.6059479553903345,-0.3159851301115242,-0.587360594795539,-0.38661710037174724,-0.5315985130111525,-0.01486988847583643,-0.516728624535316,-0.06691449814126393,-0.7211895910780669,-0.16356877323420074,-0.8252788104089219,-0.26022304832713755,-0.9033457249070632,0.08921933085501858,-0.5092936802973977,0.08178438661710037,-0.7397769516728625,0.02973977695167286,-0.8810408921933085,-0.026022304832713755,-1.0,0.1821561338289963,-0.45724907063197023,0.24535315985130113,-0.6319702602230484,0.26765799256505574,-0.7620817843866171,0.2788104089219331,-0.8847583643122676
0,0.0,0.0,-0.16605166051660517,-0.09225092250922509,-0.2915129151291513,-0.23985239852398524,-0.4059040590405904,-0.35424354243542433,-0.46494464944649444,-0.47601476014760147,-0.1033210332103321,-0.47232472324723246,-0.2066420664206642,-0.6051660516605166,-0.31365313653136534,-0.5867158671586716,-0.3800738007380074,-0.5276752767527675,-0.014760147601476014,-0.5166051660516605,-0.07011070110701106,-0.7195571955719557,-0.16974169741697417,-0.8228782287822878,-0.2693726937269373,-0.8966789667896679,0.08856088560885608,-0.5129151291512916,0.08118081180811808,-0.7416974169741697,0.025830258302583026,-0.8856088560885609,-0.033210332103321034,-1.0,0.18450184501845018,-0.4575645756457565,0.25092250922509224,-0.6273062730627307,0.2730627306273063,-0.7601476014760148,0.28044280442804426,-0.8819188191881919
0,0.0,0.0,-0.16605166051660517,-0.08856088560885608,-0.2988929889298893,-0.23616236162361623,-0.4095940959409594,-0.3505535055350554,-0.4797047970479705,-0.46863468634686345,-0.11808118081180811,-0.47232472324723246,-0.2177121771217712,-0.6088560885608856,-0.3210332103321033,-0.5904059040590406,-0.39114391143911437,-0.5313653136531366,-0.025830258302583026,-0.5202952029520295,-0.08118081180811808,-0.7269372693726938,-0.17712177121771217,-0.8265682656826568,-0.2730627306273063,-0.8966789667896679,0.07749077490774908,-0.5129151291512916,0.06642066420664207,-0.7416974169741697,0.01107011070110701,-0.8819188191881919,-0.04059040590405904,-1.0,0.17343173431734318,-0.4612546125461255,0.23247232472324722,-0.6346863468634686,0.25830258302583026,-0.7638376383763837,0.2693726937269373,-0.8856088560885609
0,0.0,0.0,-0.1684981684981685,-0.09157509157509157,-0.29304029304029305,-0.23809523809523808,-0.40293040293040294,-0.3553113553113553,-0.4652014652014652,-0.4725274725274725,-0.10256410256410256,-0.46886446886446886,-0.2087912087912088,-0.6043956043956044,-0.315018315018315,-0.5824175824175825,-0.38461538461538464,-0.5238095238095238,-0.014652014652014652,-0.5164835164835165,-0.07326007326007326,-0.717948717948718,-0.17582417582417584,-0.8241758241758241,-0.27472527472527475,-0.8937728937728938,0.08424908424908426,-0.5091575091575091,0.07692307692307693,-0.73992673992674,0.02197802197802198,-0.8791208791208791,-0.03663003663003663,-1.0,0.1794871794871795,-0.46153846153846156,0.2454212454212454,-0.6373626373626373,0.2673992673992674,-0.7692307692307693,0.2783882783882784,-0.8937728937728938
0,0.0,0.0,-0.17216117216117216,-0.09157509157509157,-0.30036630036630035,-0.23443223443223443,-0.41025641025641024,-0.3516483516483517,-0.46886446886446886,-0.47619047619047616,-0.10622710622710622,-0.47619047619047616,-0.21245421245421245,-0.608058608058608,-0.32234432234432236,-0.5897435897435898,-0.39194139194139194,-0.5311355311355311,-0.018315018315018316,-0.5201465201465202,-0.07326007326007326,-0.7252747252747253,-0.17582417582417584,-0.8278388278388278,-0.27472527472527475,-0.9010989010989011,0.08058608058608059,-0.5128205128205128,0.07326007326007326,-0.73992673992674,0.018315018315018316,-0.8827838827838828,-0.040293040293040296,-1.0,0.17582417582417584,-0.46153846153846156,0.23809523809523808,-0.6336996336996337,0.2600732600732601,-0.7655677655677655,0.2673992673992674,-0.8864468864468864
0,0.0,0.0,-0.16058394160583941,-0.08759124087591241,-0.28102189781021897,-0.22992700729927007,-0.38686131386861317,-0.33211678832116787,-0.45255474452554745,-0.4489051094890511,-0.10218978102189781,-0.4781021897810219,-0.21897810218978103,-0.5985401459854015,-0.3248175182481752,-0.5802919708029197,-0.3978102189781022,-0.5255474452554745,-0.01824817518248175,-0.5218978102189781,-0.07664233576642336,-0.7262773722627737,-0.17883211678832117,-0.8284671532846716,-0.28102189781021897,-0.8941605839416058,0.08029197080291971,-0.5145985401459854,0.06934306569343066,-0.7445255474452555,0.014598540145985401,-0.8868613138686131,-0.04744525547445255,-1.0,0.17518248175182483,-0.4562043795620438,0.23722627737226276,-0.635036496350365,0.2591240875912409,-0.7664233576642335,0.2664233576642336,-0.8905109489051095
0,0.0,0.0,-0.16727272727272727,-0.08363636363636363,-0.29454545454545455,-0.22181818181818183,-0.4,-0.33090909090909093,-0.4690909090909091,-0.4509090909090909,-0.11272727272727273,-0.48,-0.22181818181818183,-0.6072727272727273,-0.33090909090909093,-0.5818181818181818,-0.4036363636363636,-0.5236363636363637,-0.025454545454545455,-0.5236363636363637,-0.08727272727272728,-0.7272727272727273,-0.19272727272727272,-0.8254545454545454,-0.29818181818181816,-0.8909090909090909,0.07272727272727272,-0.5163636363636364,0.05818181818181818,-0.7454545454545455,-0.0036363636363636364,-0.8836363636363637,-0.06909090909090909,-1.0,0.16727272727272727,-0.4618181818181818,0.22545454545454546,-0.64,0.24363636363636362,-0.7709090909090909,0.2509090909090909,-0.8945454545454545
0,0.0,0.0,-0.17028985507246377,-0.08333333333333333,-0.2971014492753623,-0.22826086956521738,-0.4057971014492754,-0.33695652173913043,-0.4746376811594203,-0.4528985507246377,-0.11956521739130435,-0.4746376811594203,-0.22826086956521738,-0.605072463768116,-0.33695652173913043,-0.5833333333333334,-0.40942028985507245,-0.5289855072463768,-0.03260869565217391,-0.5217391304347826,-0.09782608695652174,-0.7246376811594203,-0.2028985507246377,-0.8260869565217391,-0.30434782608695654,-0.8913043478260869,0.06521739130434782,-0.5144927536231884,0.04710144927536232,-0.7427536231884058,-0.018115942028985508,-0.8840579710144928,-0.08333333333333333,-1.0,0.15942028985507245,-0.463768115942029,0.21014492753623187,-0.6376811594202898,0.22826086956521738,-0.7717391304347826,0.23550724637681159,-0.894927536231884
0,0.0,0.0,-0.16363636363636364,-0.08363636363636363,-0.29454545454545455,-0.22181818181818183,-0.4036363636363636,-0.33090909090909093,-0.4727272727272727,-0.44727272727272727,-0.12,-0.4727272727272727,-0.22545454545454546,-0.6036363636363636,-0.33454545454545453,-0.5781818181818181,-0.4072727272727273,-0.52,-0.03636363636363636,-0.52,-0.09818181818181818,-0.72,-0.20363636363636364,-0.8181818181818182,-0.3054545454545455,-0.8836363636363637,0.06181818181818182,-0.5163636363636364,0.04727272727272727,-0.7454545454545455,-0.01818181818181818,-0.8836363636363637,-0.08363636363636363,-1.0,0.15636363636363637,-0.46545454545454545,0.21454545454545454,-0.64,0.23272727272727273,-0.7709090909090909,0.23636363636363636,-0.8945454545454545
0,0.0,0.0,-0.1678832116788321,-0.08394160583941605,-0.29927007299270075,-0.22262773722627738,-0.40145985401459855,-0.3284671532846715,-0.4708029197080292,-0.44525547445255476,-0.12043795620437957,-0.4744525547445255,-0.22627737226277372,-0.6058394160583942,-0.33211678832116787,-0.583941605839416,-0.4051094890510949,-0.5255474452554745,-0.032846715328467155,-0.5218978102189781,-0.0948905109489051,-0.7226277372262774,-0.20437956204379562,-0.8175182481751825,-0.30656934306569344,-0.8795620437956204,0.06569343065693431,-0.5145985401459854,0.04744525547445255,-0.7481751824817519,-0.021897810218978103,-0.8868613138686131,-0.08759124087591241,-1.0,0.16058394160583941,-0.46715328467153283,0.21532846715328466,-0.6459854014598541,0.23357664233576642,-0.7773722627737226,0.23722627737226276,-0.9014598540145985
0,0.0,0.0,-0.17216117216117216,-0.08424908424908426,-0.304029304029304,-0.22344322344322345,-0.4139194139194139,-0.3333333333333333,-0.4835164835164835,-0.4468864468864469,-0.1282051282051282,-0.47985347985347987,-0.23076923076923078,-0.608058608058608,-0.34065934065934067,-0.5860805860805861,-0.4139194139194139,-0.5311355311355311,-0.04395604395604396,-0.5238095238095238,-0.10622710622710622,-0.7252747252747253,-0.21611721611721613,-0.8168498168498168,-0.31868131868131866,-0.8754578754578755,0.054945054945054944,-0.5201465201465202,0.03663003663003663,-0.7472527472527473,-0.03296703296703297,-0.8864468864468864,-0.0989010989010989,-1.0,0.15018315018315018,-0.46886446886446886,0.2087912087912088,-0.6410256410256411,0.22344322344322345,-0.7728937728937729,0.22344322344322345,-0.8974358974358975
0,0.0,0.0,-0.16423357664233576,-0.08029197080291971,-0.2956204379562044,-0.22262773722627738,-0.40145985401459855,-0.3284671532846715,-0.46715328467153283,-0.4416058394160584,-0.11313868613138686,-0.4744525547445255,-0.22262773722627738,-0.6058394160583942,-0.3284671532846715,-0.5802919708029197,-0.3978102189781022,-0.5218978102189781,-0.032846715328467155,-0.5218978102189781,-0.09854014598540146,-0.7226277372262774,-0.20802919708029197,-0.8138686131386861,-0.3102189781021898,-0.8686131386861314,0.06569343065693431,-0.5182481751824818,0.043795620437956206,-0.7481751824817519,-0.025547445255474453,-0.8868613138686131,-0.09124087591240876,-1.0,0.16423357664233576,-0.46715328467153283,0.21897810218978103,-0.6459854014598541,0.24087591240875914,-0.7773722627737226,0.24452554744525548,-0.9014598540145985
0,0.0,0.0,-0.16423357664233576,-0.08394160583941605,-0.291970802919708,-0.22627737226277372,-0.3978102189781022,-0.33211678832116787,-0.4708029197080292,-0.44525547445255476,-0.11313868613138686,-0.4744525547445255,-0.21897810218978103,-0.6058394160583942,-0.3248175182481752,-0.5875912408759124,-0.3978102189781022,-0.5328467153284672,-0.029197080291970802,-0.5182481751824818,-0.09854014598540146,-0.718978102189781,-0.20437956204379562,-0.8138686131386861,-0.30656934306569344,-0.8759124087591241,0.06569343065693431,-0.5145985401459854,0.043795620437956206,-0.7481751824817519,-0.021897810218978103,-0.8868613138686131,-0.09124087591240876,-1.0,0.16058394160583941,-0.46715328467153283,0.22262773722627738,-0.6423357664233577,0.23722627737226276,-0.7737226277372263,0.24087591240875914,-0.8941605839416058
0,0.0,0.0,-0.1678832116788321,-0.08759124087591241,-0.29927007299270075,-0.22627737226277372,-0.40875912408759124,-0.3357664233576642,-0.4781021897810219,-0.45255474452554745,-0.11678832116788321,-0.4781021897810219,-0.22262773722627738,-0.6094890510948905,-0.33211678832116787,-0.5875912408759124,-0.40145985401459855,-0.5328467153284672,-0.032846715328467155,-0.5255474452554745,-0.10218978102189781,-0.7226277372262774,-0.20802919708029197,-0.8175182481751825,-0.30656934306569344,-0.8759124087591241,0.06204379562043796,-0.5218978102189781,0.040145985401459854,-0.7481751824817519,-0.025547445255474453,-0.8868613138686131,-0.09124087591240876,-1.0,0.15693430656934307,-0.4708029197080292,0.21532846715328466,-0.6459854014598541,0.23357664233576642,-0.781021897810219,0.23722627737226276,-0.9014598540145985
0,0.0,0.0,-0.1684981684981685,-0.08791208791208792,-0.304029304029304,-0.2271062271062271,-0.4139194139194139,-0.3333333333333333,-0.47985347985347987,-0.4542124542124542,-0.12087912087912088,-0.4835164835164835,-0.22344322344322345,-0.6117216117216118,-0.32967032967032966,-0.5897435897435898,-0.40293040293040294,-0.5311355311355311,-0.03663003663003663,-0.5274725274725275,-0.10256410256410256,-0.7216117216117216,-0.2087912087912088,-0.8131868131868132,-0.3076923076923077,-0.8717948717948718,0.06227106227106227,-0.5238095238095238,0.040293040293040296,-0.7509157509157509,-0.02564102564102564,-0.8864468864468864,-0.09157509157509157,-1.0,0.1575091575091575,-0.4725274725274725,0.21611721611721613,-0.6483516483516484,0.23809523809523808,-0.7802197802197802,0.24175824175824176,-0.9047619047619048
0,0.0,0.0,-0.1678832116788321,-0.08394160583941605,-0.29927007299270075,-0.22627737226277372,-0.4051094890510949,-0.3357664233576642,-0.4744525547445255,-0.4489051094890511,-0.11678832116788321,-0.48175182481751827,-0.21897810218978103,-0.6131386861313869,-0.3248175182481752,-0.5912408759124088,-0.3978102189781022,-0.5328467153284672,-0.032846715328467155,-0.5255474452554745,-0.09854014598540146,-0.7226277372262774,-0.20437956204379562,-0.8138686131386861,-0.3029197080291971,-0.8759124087591241,0.06569343065693431,-0.5182481751824818,0.043795620437956206,-0.7481751824817519,-0.021897810218978103,-0.8868613138686131,-0.08759124087591241,-1.0,0.16423357664233576,-0.4635036496350365,0.22262773722627738,-0.6423357664233577,0.24087591240875914,-0.7773722627737226,0.24817518248175183,-0.9014598540145985
0,0.0,0.0,-0.1684981684981685,-0.08791208791208792,-0.304029304029304,-0.23076923076923078,-0.4139194139194139,-0.34065934065934067,-0.47985347985347987,-0.4542124542124542,-0.12087912087912088,-0.47619047619047616,-0.22344322344322345,-0.608058608058608,-0.32967032967032966,-0.5860805860805861,-0.3992673992673993,-0.5274725274725275,-0.03296703296703297,-0.5238095238095238,-0.0989010989010989,-0.7216117216117216,-0.2087912087912088,-0.8168498168498168,-0.31135531135531136,-0.8791208791208791,0.06593406593406594,-0.5164835164835165,0.04395604395604396,-0.7472527472527473,-0.02564102564102564,-0.8827838827838828,-0.08791208791208792,-1.0,0.16117216117216118,-0.4652014652014652,0.21978021978021978,-0.6410256410256411,0.24175824175824176,-0.7765567765567766,0.2490842490842491,-0.9010989010989011
0,0.0,0.0,-0.17343173431734318,-0.08856088560885608,-0.30996309963099633,-0.22878228782287824,-0.42066420664206644,-0.33579335793357934,-0.4870848708487085,-0.45387453874538747,-0.12915129151291513,-0.4797047970479705,-0.23616236162361623,-0.6051660516605166,-0.34317343173431736,-0.5830258302583026,-0.4132841328413284,-0.5239852398523985,-0.04428044280442804,-0.5239852398523985,-0.11070110701107011,-0.7195571955719557,-0.2177121771217712,-0.8118081180811808,-0.31365313653136534,-0.8782287822878229,0.05904059040590406,-0.5202952029520295,0.033210332103321034,-0.7490774907749077,-0.033210332103321034,-0.8856088560885609,-0.0996309963099631,-1.0,0.15498154981549817,-0.47232472324723246,0.2140221402214022,-0.6494464944649446,0.23616236162361623,-0.7822878228782287,0.24354243542435425,-0.9040590405904059
0,0.0,0.0,-0.16974169741697417,-0.09225092250922509,-0.3062730627306273,-0.23616236162361623,-0.42066420664206644,-0.34317343173431736,-0.4907749077490775,-0.4612546125461255,-0.12546125461254612,-0.4797047970479705,-0.23247232472324722,-0.6051660516605166,-0.33579335793357934,-0.5830258302583026,-0.4095940959409594,-0.5276752767527675,-0.04059040590405904,-0.5239852398523985,-0.11439114391143912,-0.7158671586715867,-0.22140221402214022,-0.8118081180811808,-0.3210332103321033,-0.8819188191881919,0.05904059040590406,-0.5202952029520295,0.033210332103321034,-0.7490774907749077,-0.033210332103321034,-0.8856088560885609,-0.0996309963099631,-1.0,0.15498154981549817,-0.46863468634686345,0.2140221402214022,-0.6457564575645757,0.23247232472324722,-0.7785977859778598,0.23985239852398524,-0.9040590405904059
0,0.0,0.0,-0.16974169741697417,-0.09225092250922509,-0.3062730627306273,-0.23985239852398524,-0.41697416974169743,-0.34686346863468637,-0.4797047970479705,-0.46494464944649444,-0.12177121771217712,-0.47601476014760147,-0.22509225092250923,-0.6014760147601476,-0.3284132841328413,-0.5830258302583026,-0.3985239852398524,-0.5276752767527675,-0.04059040590405904,-0.5239852398523985,-0.1070110701107011,-0.7195571955719557,-0.2140221402214022,-0.8118081180811808,-0.30996309963099633,-0.8782287822878229,0.06273062730627306,-0.5202952029520295,0.03690036900369004,-0.7453874538745388,-0.025830258302583026,-0.8856088560885609,-0.08856088560885608,-1.0,0.15867158671586715,-0.46863468634686345,0.22140221402214022,-0.6457564575645757,0.24354243542435425,-0.7785977859778598,0.25092250922509224,-0.9040590405904059
