6,0.0,0.0,-0.21390374331550802,-0.06417112299465241,-0.4117647058823529,-0.22994652406417113,-0.5401069518716578,-0.3582887700534759,-0.6631016042780749,-0.42780748663101603,-0.29411764705882354,-0.5187165775401069,-0.32620320855614976,-0.7379679144385026,-0.35294117647058826,-0.8770053475935828,-0.37433155080213903,-1.0,-0.1657754010695187,-0.5240641711229946,-0.17647058823529413,-0.6256684491978609,-0.17647058823529413,-0.43315508021390375,-0.18181818181818182,-0.2887700534759358,-0.03208556149732621,-0.5026737967914439,-0.0374331550802139,-0.6096256684491979,-0.0481283422459893,-0.42245989304812837,-0.06951871657754011,-0.2994652406417112,0.0962566844919786,-0.45989304812834225,0.12299465240641712,-0.6256684491978609,0.12834224598930483,-0.7379679144385026,0.11764705882352941,-0.8609625668449198
6,0.0,0.0,-0.2074468085106383,-0.05851063829787234,-0.4095744680851064,-0.22340425531914893,-0.5425531914893617,-0.35638297872340424,-0.6702127659574468,-0.4308510638297872,-0.2978723404255319,-0.5106382978723404,-0.3404255319148936,-0.7340425531914894,-0.3617021276595745,-0.8723404255319149,-0.3776595744680851,-1.0,-0.1702127659574468,-0.5159574468085106,-0.18617021276595744,-0.6223404255319149,-0.18617021276595744,-0.44148936170212766,-0.19148936170212766,-0.2872340425531915,-0.0425531914893617,-0.5,-0.05851063829787234,-0.6063829787234043,-0.06382978723404255,-0.425531914893617,-0.0797872340425532,-0.2925531914893617,0.0797872340425532,-0.4574468085106383,0.10106382978723404,-0.6329787234042553,0.10106382978723404,-0.7393617021276596,0.09574468085106383,-0.8670212765957447
6,0.0,0.0,-0.20430107526881722,-0.05913978494623656,-0.40860215053763443,-0.22043010752688172,-0.5483870967741935,-0.34946236559139787,-0.6774193548387096,-0.41935483870967744,-0.3010752688172043,-0.5053763440860215,-0.3387096774193548,-0.7311827956989247,-0.3655913978494624,-0.8709677419354839,-0.3817204301075269,-1.0,-0.17204301075268819,-0.5161290322580645,-0.1935483870967742,-0.6290322580645161,-0.1935483870967742,-0.43548387096774194,-0.1881720430107527,-0.3010752688172043,-0.04838709677419355,-0.4946236559139785,-0.05913978494623656,-0.6021505376344086,-0.06451612903225806,-0.41397849462365593,-0.07526881720430108,-0.2956989247311828,0.07526881720430108,-0.45698924731182794,0.10215053763440861,-0.6236559139784946,0.11290322580645161,-0.7311827956989247,0.10752688172043011,-0.8602150537634409
6,0.0,0.0,-0.1989247311827957,-0.053763440860215055,-0.4032258064516129,-0.21505376344086022,-0.543010752688172,-0.3387096774193548,-0.6666666666666666,-0.4032258064516129,-0.2903225806451613,-0.510752688172043,-0.3387096774193548,-0.7311827956989247,-0.3655913978494624,-0.8709677419354839,-0.3870967741935484,-1.0,-0.16129032258064516,-0.5161290322580645,-0.1881720430107527,-0.6290322580645161,-0.1935483870967742,-0.44623655913978494,-0.1881720430107527,-0.3064516129032258,-0.03763440860215054,-0.4946236559139785,-0.04838709677419355,-0.5913978494623656,-0.053763440860215055,-0.41935483870967744,-0.06451612903225806,-0.2956989247311828,0.0913978494623656,-0.45161290322580644,0.11290322580645161,-0.6290322580645161,0.12365591397849462,-0.7419354838709677,0.11827956989247312,-0.8709677419354839
6,0.0,0.0,-0.21081081081081082,-0.04864864864864865,-0.42702702702702705,-0.20540540540540542,-0.5675675675675675,-0.32972972972972975,-0.6972972972972973,-0.4,-0.3081081081081081,-0.5081081081081081,-0.3567567567567568,-0.7297297297297297,-0.3945945945945946,-0.8702702702702703,-0.41621621621621624,-1.0,-0.1783783783783784,-0.518918918918919,-0.2,-0.6216216216216216,-0.2,-0.44324324324324327,-0.1945945945945946,-0.3081081081081081,-0.04864864864864865,-0.4972972972972973,-0.05945945945945946,-0.5945945945945946,-0.06486486486486487,-0.41621621621621624,-0.07567567567567568,-0.2918918918918919,0.07567567567567568,-0.4594594594594595,0.08648648648648649,-0.6324324324324324,0.10270270270270271,-0.745945945945946,0.10810810810810811,-0.8756756756756757
6,0.0,0.0,-0.21195652173913043,-0.043478260869565216,-0.42391304347826086,-0.20108695652173914,-0.5706521739130435,-0.32065217391304346,-0.7010869565217391,-0.391304347826087,-0.31521739130434784,-0.5054347826086957,-0.375,-0.7282608695652174,-0.4076086956521739,-0.8695652173913043,-0.44021739130434784,-1.0,-0.18478260869565216,-0.5217391304347826,-0.21739130434782608,-0.6304347826086957,-0.21739130434782608,-0.45108695652173914,-0.21195652173913043,-0.30978260869565216,-0.05434782608695652,-0.5054347826086957,-0.07065217391304347,-0.6086956521739131,-0.08152173913043478,-0.43478260869565216,-0.08695652173913043,-0.30978260869565216,0.07608695652173914,-0.47282608695652173,0.08695652173913043,-0.6521739130434783,0.09782608695652174,-0.7717391304347826,0.10326086956521739,-0.8967391304347826
6,0.0,0.0,-0.21195652173913043,-0.04891304347826087,-0.42934782608695654,-0.20108695652173914,-0.5706521739130435,-0.32065217391304346,-0.7010869565217391,-0.3858695652173913,-0.30978260869565216,-0.5054347826086957,-0.3695652173913043,-0.7282608695652174,-0.40217391304347827,-0.8695652173913043,-0.42934782608695654,-1.0,-0.18478260869565216,-0.5163043478260869,-0.21739130434782608,-0.6195652173913043,-0.21739130434782608,-0.44565217391304346,-0.20652173913043478,-0.30434782608695654,-0.05434782608695652,-0.5054347826086957,-0.07608695652173914,-0.6032608695652174,-0.08152173913043478,-0.42934782608695654,-0.08152173913043478,-0.29891304347826086,0.07608695652173914,-0.47282608695652173,0.07608695652173914,-0.6630434782608695,0.08695652173913043,-0.782608695652174,0.09239130434782608,-0.907608695652174
6,0.0,0.0,-0.20108695652173914,-0.043478260869565216,-0.41847826086956524,-0.20108695652173914,-0.5706521739130435,-0.30978260869565216,-0.7010869565217391,-0.375,-0.30978260869565216,-0.5054347826086957,-0.3695652173913043,-0.7282608695652174,-0.4076086956521739,-0.8695652173913043,-0.42934782608695654,-1.0,-0.1793478260869565,-0.5271739130434783,-0.21195652173913043,-0.6304347826086957,-0.21195652173913043,-0.45652173913043476,-0.1956521739130435,-0.30434782608695654,-0.04891304347826087,-0.5108695652173914,-0.07065217391304347,-0.6032608695652174,-0.07065217391304347,-0.42391304347826086,-0.07065217391304347,-0.29347826086956524,0.08152173913043478,-0.4782608695652174,0.08152173913043478,-0.657608695652174,0.09239130434782608,-0.7663043478260869,0.09782608695652174,-0.8858695652173914
6,0.0,0.0,-0.20652173913043478,-0.03804347826086957,-0.42391304347826086,-0.1956521739130435,-0.5706521739130435,-0.30978260869565216,-0.7010869565217391,-0.3695652173913043,-0.31521739130434784,-0.5108695652173914,-0.3804347826086957,-0.7282608695652174,-0.41304347826086957,-0.8695652173913043,-0.44021739130434784,-1.0,-0.18478260869565216,-0.532608695652174,-0.22282608695652173,-0.6521739130434783,-0.21739130434782608,-0.4673913043478261,-0.20652173913043478,-0.32065217391304346,-0.05434782608695652,-0.5108695652173914,-0.08152173913043478,-0.6086956521739131,-0.07608695652173914,-0.42934782608695654,-0.07608695652173914,-0.30434782608695654,0.07608695652173914,-0.4782608695652174,0.07608695652173914,-0.657608695652174,0.08695652173913043,-0.7663043478260869,0.08695652173913043,-0.8858695652173914
6,0.0,0.0,-0.20540540540540542,-0.03783783783783784,-0.42162162162162165,-0.1945945945945946,-0.572972972972973,-0.3027027027027027,-0.7081081081081081,-0.3621621621621622,-0.31891891891891894,-0.5135135135135135,-0.3837837837837838,-0.7297297297297297,-0.42162162162162165,-0.8702702702702703,-0.4486486486486487,-1.0,-0.1891891891891892,-0.5297297297297298,-0.22702702702702704,-0.654054054054054,-0.21621621621621623,-0.4648648648648649,-0.2,-0.31891891891891894,-0.05945945945945946,-0.5081081081081081,-0.08108108108108109,-0.6054054054054054,-0.07567567567567568,-0.42702702702702705,-0.07567567567567568,-0.3027027027027027,0.07027027027027027,-0.4702702702702703,0.07027027027027027,-0.6594594594594595,0.07567567567567568,-0.7675675675675676,0.07567567567567568,-0.8918918918918919
6,0.0,0.0,-0.20430107526881722,-0.03763440860215054,-0.42473118279569894,-0.1935483870967742,-0.5806451612903226,-0.3010752688172043,-0.7150537634408602,-0.3548387096774194,-0.3225806451612903,-0.510752688172043,-0.3924731182795699,-0.7258064516129032,-0.43010752688172044,-0.8709677419354839,-0.45698924731182794,-1.0,-0.1989247311827957,-0.532258064516129,-0.23655913978494625,-0.6559139784946236,-0.22043010752688172,-0.4731182795698925,-0.20430107526881722,-0.3172043010752688,-0.06451612903225806,-0.5161290322580645,-0.08602150537634409,-0.6182795698924731,-0.07526881720430108,-0.42473118279569894,-0.06989247311827956,-0.2956989247311828,0.06989247311827956,-0.4838709677419355,0.06451612903225806,-0.6666666666666666,0.07526881720430108,-0.7741935483870968,0.07526881720430108,-0.8978494623655914
6,0.0,0.0,-0.21081081081081082,-0.043243243243243246,-0.43783783783783786,-0.1945945945945946,-0.5945945945945946,-0.2972972972972973,-0.7351351351351352,-0.34594594594594597,-0.34054054054054056,-0.5135135135135135,-0.4,-0.7351351351351352,-0.43783783783783786,-0.8756756756756757,-0.4702702702702703,-1.0,-0.21081081081081082,-0.5351351351351351,-0.24324324324324326,-0.6648648648648648,-0.22702702702702704,-0.4810810810810811,-0.21081081081081082,-0.33513513513513515,-0.07567567567567568,-0.518918918918919,-0.08648648648648649,-0.6324324324324324,-0.07567567567567568,-0.4486486486486487,-0.07027027027027027,-0.32432432432432434,0.05945945945945946,-0.4864864864864865,0.06486486486486487,-0.6702702702702703,0.07567567567567568,-0.7783783783783784,0.07567567567567568,-0.9027027027027027
6,0.0,0.0,-0.22162162162162163,-0.032432432432432434,-0.4486486486486487,-0.1783783783783784,-0.6108108108108108,-0.2810810810810811,-0.745945945945946,-0.32972972972972975,-0.35135135135135137,-0.5135135135135135,-0.41621621621621624,-0.7297297297297297,-0.4594594594594595,-0.8702702702702703,-0.4864864864864865,-1.0,-0.22162162162162163,-0.5351351351351351,-0.25405405405405407,-0.6648648648648648,-0.22702702702702704,-0.4756756756756757,-0.2,-0.32432432432432434,-0.08648648648648649,-0.5243243243243243,-0.10270270270270271,-0.6432432432432432,-0.08108108108108109,-0.4540540540540541,-0.07567567567567568,-0.32432432432432434,0.043243243243243246,-0.4972972972972973,0.04864864864864865,-0.6702702702702703,0.05945945945945946,-0.7783783783783784,0.05945945945945946,-0.8972972972972973
6,0.0,0.0,-0.22162162162162163,-0.043243243243243246,-0.4540540540540541,-0.1783783783783784,-0.6270270270270271,-0.2702702702702703,-0.7675675675675676,-0.31891891891891894,-0.3621621621621622,-0.518918918918919,-0.42702702702702705,-0.7297297297297297,-0.4756756756756757,-0.8702702702702703,-0.5135135135135135,-1.0,-0.23243243243243245,-0.5513513513513514,-0.2648648648648649,-0.6756756756756757,-0.23243243243243245,-0.4810810810810811,-0.21081081081081082,-0.34054054054054056,-0.0918918918918919,-0.5405405405405406,-0.10270270270270271,-0.654054054054054,-0.08108108108108109,-0.4648648648648649,-0.07567567567567568,-0.33513513513513515,0.043243243243243246,-0.5081081081081081,0.043243243243243246,-0.6918918918918919,0.05945945945945946,-0.7945945945945946,0.05405405405405406,-0.9135135135135135
6,0.0,0.0,-0.22404371584699453,-0.03825136612021858,-0.453551912568306,-0.16939890710382513,-0.6229508196721312,-0.25136612021857924,-0.7704918032786885,-0.28415300546448086,-0.37158469945355194,-0.5300546448087432,-0.4426229508196721,-0.7431693989071039,-0.48633879781420764,-0.8797814207650273,-0.5245901639344263,-1.0,-0.22950819672131148,-0.5628415300546448,-0.26229508196721313,-0.6721311475409836,-0.22950819672131148,-0.47540983606557374,-0.20765027322404372,-0.3224043715846995,-0.08743169398907104,-0.5519125683060109,-0.09836065573770492,-0.6502732240437158,-0.07650273224043716,-0.453551912568306,-0.07103825136612021,-0.3224043715846995,0.060109289617486336,-0.5191256830601093,0.06557377049180328,-0.6939890710382514,0.07650273224043716,-0.7978142076502732,0.07103825136612021,-0.9234972677595629
6,0.0,0.0,-0.22282608695652173,-0.043478260869565216,-0.45652173913043476,-0.17391304347826086,-0.625,-0.25,-0.7717391304347826,-0.2717391304347826,-0.358695652173913,-0.5217391304347826,-0.43478260869565216,-0.7391304347826086,-0.4891304347826087,-0.8804347826086957,-0.532608695652174,-1.0,-0.22282608695652173,-0.5543478260869565,-0.2608695652173913,-0.6739130434782609,-0.23369565217391305,-0.4891304347826087,-0.21195652173913043,-0.33695652173913043,-0.08152173913043478,-0.5489130434782609,-0.09239130434782608,-0.6467391304347826,-0.07065217391304347,-0.46195652173913043,-0.06521739130434782,-0.33695652173913043,0.06521739130434782,-0.5217391304347826,0.08152173913043478,-0.7010869565217391,0.09782608695652174,-0.8097826086956522,0.09239130434782608,-0.9293478260869565
6,0.0,0.0,-0.23204419889502761,-0.04419889502762431,-0.46408839779005523,-0.16574585635359115,-0.6353591160220995,-0.23756906077348067,-0.7790055248618785,-0.27071823204419887,-0.3701657458563536,-0.5359116022099447,-0.44751381215469616,-0.7458563535911602,-0.5082872928176796,-0.8784530386740331,-0.5524861878453039,-1.0,-0.22099447513812154,-0.569060773480663,-0.2596685082872928,-0.6961325966850829,-0.23204419889502761,-0.49171270718232046,-0.20441988950276244,-0.3314917127071823,-0.0718232044198895,-0.569060773480663,-0.08287292817679558,-0.6629834254143646,-0.0718232044198895,-0.46408839779005523,-0.06629834254143646,-0.32044198895027626,0.08287292817679558,-0.5414364640883977,0.10497237569060773,-0.7348066298342542,0.1270718232044199,-0.8453038674033149,0.13259668508287292,-0.9613259668508287
6,0.0,0.0,-0.23626373626373626,-0.038461538461538464,-0.4725274725274725,-0.15934065934065933,-0.6428571428571429,-0.22527472527472528,-0.7857142857142857,-0.25274725274725274,-0.3791208791208791,-0.5164835164835165,-0.46703296703296704,-0.7362637362637363,-0.5274725274725275,-0.8736263736263736,-0.5714285714285714,-1.0,-0.23076923076923078,-0.554945054945055,-0.26373626373626374,-0.6758241758241759,-0.23626373626373626,-0.47802197802197804,-0.21978021978021978,-0.3241758241758242,-0.08241758241758242,-0.554945054945055,-0.09340659340659341,-0.6703296703296703,-0.07692307692307693,-0.4725274725274725,-0.07692307692307693,-0.33516483516483514,0.07142857142857142,-0.5274725274725275,0.1043956043956044,-0.7087912087912088,0.13186813186813187,-0.8186813186813187,0.13736263736263737,-0.9395604395604396
6,0.0,0.0,-0.22950819672131148,-0.04918032786885246,-0.4644808743169399,-0.16393442622950818,-0.639344262295082,-0.22404371584699453,-0.7868852459016393,-0.25136612021857924,-0.37158469945355194,-0.5245901639344263,-0.46994535519125685,-0.7431693989071039,-0.5300546448087432,-0.8797814207650273,-0.5792349726775956,-1.0,-0.22404371584699453,-0.5573770491803278,-0.2568306010928962,-0.6885245901639344,-0.22950819672131148,-0.4972677595628415,-0.20218579234972678,-0.33879781420765026,-0.07650273224043716,-0.5573770491803278,-0.09289617486338798,-0.6612021857923497,-0.07103825136612021,-0.4644808743169399,-0.06557377049180328,-0.3224043715846995,0.07650273224043716,-0.5355191256830601,0.1092896174863388,-0.7158469945355191,0.1366120218579235,-0.8306010928961749,0.14754098360655737,-0.9508196721311475
6,0.0,0.0,-0.22826086956521738,-0.05434782608695652,-0.46195652173913043,-0.16847826086956522,-0.6304347826086957,-0.21739130434782608,-0.7717391304347826,-0.23369565217391305,-0.375,-0.5380434782608695,-0.4673913043478261,-0.75,-0.532608695652174,-0.8804347826086957,-0.5815217391304348,-1.0,-0.22826086956521738,-0.5652173913043478,-0.266304347826087,-0.6793478260869565,-0.23369565217391305,-0.47282608695652173,-0.21195652173913043,-0.32608695652173914,-0.07608695652173914,-0.5652173913043478,-0.09782608695652174,-0.6739130434782609,-0.08695652173913043,-0.483695652173913,-0.08152173913043478,-0.3532608695652174,0.07608695652173914,-0.5434782608695652,0.11413043478260869,-0.7228260869565217,0.14130434782608695,-0.8260869565217391,0.14673913043478262,-0.9456521739130435
6,0.0,0.0,-0.2265193370165746,-0.03867403314917127,-0.4530386740331492,-0.14917127071823205,-0.6298342541436464,-0.20441988950276244,-0.7734806629834254,-0.2154696132596685,-0.3812154696132597,-0.5193370165745856,-0.48066298342541436,-0.7403314917127072,-0.5469613259668509,-0.8784530386740331,-0.5966850828729282,-1.0,-0.23204419889502761,-0.5524861878453039,-0.2596685082872928,-0.6685082872928176,-0.2265193370165746,-0.4696132596685083,-0.20441988950276244,-0.32044198895027626,-0.07734806629834254,-0.5580110497237569,-0.08287292817679558,-0.6685082872928176,-0.0718232044198895,-0.47513812154696133,-0.0718232044198895,-0.3425414364640884,0.07734806629834254,-0.5359116022099447,0.11602209944751381,-0.7182320441988951,0.143646408839779,-0.8176795580110497,0.16022099447513813,-0.9392265193370166
6,0.0,0.0,-0.22777777777777777,-0.044444444444444446,-0.46111111111111114,-0.15555555555555556,-0.6388888888888888,-0.2,-0.7833333333333333,-0.20555555555555555,-0.37222222222222223,-0.5222222222222223,-0.4777777777777778,-0.7444444444444445,-0.5444444444444444,-0.8777777777777778,-0.6,-1.0,-0.22777777777777777,-0.5611111111111111,-0.26666666666666666,-0.6944444444444444,-0.23333333333333334,-0.49444444444444446,-0.20555555555555555,-0.3388888888888889,-0.07777777777777778,-0.5611111111111111,-0.09444444444444444,-0.6833333333333333,-0.08333333333333333,-0.49444444444444446,-0.07222222222222222,-0.35555555555555557,0.07222222222222222,-0.5388888888888889,0.11666666666666667,-0.7166666666666667,0.15,-0.8222222222222222,0.17222222222222222,-0.9444444444444444
6,0.0,0.0,-0.23204419889502761,-0.049723756906077346,-0.46408839779005523,-0.16022099447513813,-0.6408839779005525,-0.20441988950276244,-0.7845303867403315,-0.2154696132596685,-0.3812154696132597,-0.5359116022099447,-0.4861878453038674,-0.7513812154696132,-0.5580110497237569,-0.8839779005524862,-0.6187845303867403,-1.0,-0.23756906077348067,-0.569060773480663,-0.27071823204419887,-0.6961325966850829,-0.24861878453038674,-0.4972375690607735,-0.22099447513812154,-0.35359116022099446,-0.08287292817679558,-0.56353591160221,-0.09944751381215469,-0.6906077348066298,-0.09392265193370165,-0.5027624309392266,-0.08839779005524862,-0.36464088397790057,0.06629834254143646,-0.5303867403314917,0.11049723756906077,-0.7182320441988951,0.143646408839779,-0.8232044198895028,0.1712707182320442,-0.9447513812154696
6,0.0,0.0,-0.23595505617977527,-0.0449438202247191,-0.47191011235955055,-0.15730337078651685,-0.6573033707865169,-0.20224719101123595,-0.8033707865168539,-0.20224719101123595,-0.38202247191011235,-0.5280898876404494,-0.4943820224719101,-0.7471910112359551,-0.5730337078651685,-0.8820224719101124,-0.6348314606741573,-1.0,-0.23595505617977527,-0.5674157303370787,-0.2752808988764045,-0.6966292134831461,-0.24157303370786518,-0.5,-0.21348314606741572,-0.34831460674157305,-0.08426966292134831,-0.5674157303370787,-0.10112359550561797,-0.6853932584269663,-0.0898876404494382,-0.4943820224719101,-0.08426966292134831,-0.3595505617977528,0.06741573033707865,-0.5449438202247191,0.10674157303370786,-0.7191011235955056,0.14606741573033707,-0.8314606741573034,0.16853932584269662,-0.949438202247191
6,0.0,0.0,-0.2346368715083799,-0.05027932960893855,-0.4692737430167598,-0.16201117318435754,-0.6480446927374302,-0.2122905027932961,-0.7932960893854749,-0.21787709497206703,-0.3854748603351955,-0.5363128491620112,-0.4972067039106145,-0.7486033519553073,-0.5754189944134078,-0.88268156424581,-0.6312849162011173,-1.0,-0.24022346368715083,-0.5698324022346368,-0.2681564245810056,-0.7150837988826816,-0.24581005586592178,-0.5027932960893855,-0.22346368715083798,-0.3463687150837989,-0.08379888268156424,-0.5642458100558659,-0.1005586592178771,-0.6983240223463687,-0.09497206703910614,-0.49162011173184356,-0.0893854748603352,-0.35195530726256985,0.061452513966480445,-0.5363128491620112,0.11173184357541899,-0.7150837988826816,0.15083798882681565,-0.8212290502793296,0.17318435754189945,-0.9441340782122905
6,0.0,0.0,-0.22099447513812154,-0.055248618784530384,-0.4530386740331492,-0.18232044198895028,-0.6298342541436464,-0.24861878453038674,-0.7790055248618785,-0.26519337016574585,-0.36464088397790057,-0.5414364640883977,-0.47513812154696133,-0.7513812154696132,-0.5524861878453039,-0.8839779005524862,-0.6022099447513812,-1.0,-0.22099447513812154,-0.569060773480663,-0.2596685082872928,-0.7016574585635359,-0.23204419889502761,-0.4972375690607735,-0.20441988950276244,-0.3370165745856354,-0.0718232044198895,-0.56353591160221,-0.08839779005524862,-0.6850828729281768,-0.08287292817679558,-0.4861878453038674,-0.0718232044198895,-0.3425414364640884,0.0718232044198895,-0.5303867403314917,0.11602209944751381,-0.7071823204419889,0.15469613259668508,-0.8121546961325967,0.17679558011049723,-0.9337016574585635
6,0.0,0.0,-0.21978021978021978,-0.04945054945054945,-0.45054945054945056,-0.18681318681318682,-0.6208791208791209,-0.27472527472527475,-0.7747252747252747,-0.3241758241758242,-0.35714285714285715,-0.532967032967033,-0.46703296703296704,-0.7472527472527473,-0.5384615384615384,-0.8791208791208791,-0.5934065934065934,-1.0,-0.21428571428571427,-0.5659340659340659,-0.25274725274725274,-0.6813186813186813,-0.22527472527472528,-0.47802197802197804,-0.2032967032967033,-0.3241758241758242,-0.06593406593406594,-0.5659340659340659,-0.08241758241758242,-0.6758241758241759,-0.07142857142857142,-0.47802197802197804,-0.07142857142857142,-0.34065934065934067,0.08791208791208792,-0.5384615384615384,0.11538461538461539,-0.7197802197802198,0.14285714285714285,-0.8186813186813187,0.15934065934065933,-0.9340659340659341
6,0.0,0.0,-0.2185792349726776,-0.0546448087431694,-0.43169398907103823,-0.20765027322404372,-0.6010928961748634,-0.31693989071038253,-0.7486338797814208,-0.366120218579235,-0.34972677595628415,-0.5191256830601093,-0.44808743169398907,-0.7377049180327869,-0.5081967213114754,-0.8743169398907104,-0.5628415300546448,-1.0,-0.21311475409836064,-0.5519125683060109,-0.24043715846994534,-0.6666666666666666,-0.21311475409836064,-0.45901639344262296,-0.20218579234972678,-0.31693989071038253,-0.06557377049180328,-0.546448087431694,-0.07650273224043716,-0.6557377049180327,-0.06557377049180328,-0.45901639344262296,-0.06557377049180328,-0.3333333333333333,0.07650273224043716,-0.5245901639344263,0.10382513661202186,-0.7049180327868853,0.13114754098360656,-0.8087431693989071,0.14207650273224043,-0.9344262295081968
6,0.0,0.0,-0.21311475409836064,-0.04371584699453552,-0.4262295081967213,-0.20765027322404372,-0.5846994535519126,-0.3224043715846995,-0.73224043715847,-0.3825136612021858,-0.34972677595628415,-0.5191256830601093,-0.4371584699453552,-0.7377049180327869,-0.4918032786885246,-0.8743169398907104,-0.5355191256830601,-1.0,-0.21311475409836064,-0.546448087431694,-0.23497267759562843,-0.6502732240437158,-0.21311475409836064,-0.45901639344262296,-0.19672131147540983,-0.3114754098360656,-0.07103825136612021,-0.5355191256830601,-0.07650273224043716,-0.6338797814207651,-0.060109289617486336,-0.4426229508196721,-0.060109289617486336,-0.3114754098360656,0.07103825136612021,-0.5081967213114754,0.09289617486338798,-0.6939890710382514,0.11475409836065574,-0.8032786885245902,0.11475409836065574,-0.9234972677595629
6,0.0,0.0,-0.20765027322404372,-0.04918032786885246,-0.4262295081967213,-0.2185792349726776,-0.5792349726775956,-0.3442622950819672,-0.726775956284153,-0.40437158469945356,-0.34972677595628415,-0.5136612021857924,-0.4262295081967213,-0.7377049180327869,-0.46994535519125685,-0.8743169398907104,-0.5027322404371585,-1.0,-0.21311475409836064,-0.5355191256830601,-0.24043715846994534,-0.6557377049180327,-0.21311475409836064,-0.453551912568306,-0.18579234972677597,-0.30601092896174864,-0.07650273224043716,-0.5300546448087432,-0.08743169398907104,-0.639344262295082,-0.07103825136612021,-0.44808743169398907,-0.06557377049180328,-0.31693989071038253,0.06557377049180328,-0.5081967213114754,0.08196721311475409,-0.6994535519125683,0.09836065573770492,-0.8087431693989071,0.09836065573770492,-0.9344262295081968
6,0.0,0.0,-0.21428571428571427,-0.04945054945054945,-0.4340659340659341,-0.21428571428571427,-0.5879120879120879,-0.33516483516483514,-0.7307692307692307,-0.3956043956043956,-0.34615384615384615,-0.521978021978022,-0.4230769230769231,-0.7417582417582418,-0.4725274725274725,-0.8791208791208791,-0.5164835164835165,-1.0,-0.2087912087912088,-0.5439560439560439,-0.24725274725274726,-0.6538461538461539,-0.22527472527472528,-0.46703296703296704,-0.2087912087912088,-0.3076923076923077,-0.07142857142857142,-0.5384615384615384,-0.0989010989010989,-0.6373626373626373,-0.07692307692307693,-0.45054945054945056,-0.07142857142857142,-0.31868131868131866,0.06593406593406594,-0.510989010989011,0.08791208791208792,-0.6923076923076923,0.10989010989010989,-0.7967032967032966,0.11538461538461539,-0.9175824175824175
6,0.0,0.0,-0.21428571428571427,-0.054945054945054944,-0.4340659340659341,-0.22527472527472528,-0.5934065934065934,-0.34615384615384615,-0.7307692307692307,-0.4065934065934066,-0.34615384615384615,-0.510989010989011,-0.4340659340659341,-0.7362637362637363,-0.489010989010989,-0.8736263736263736,-0.532967032967033,-1.0,-0.2087912087912088,-0.5384615384615384,-0.24175824175824176,-0.6483516483516484,-0.21978021978021978,-0.45604395604395603,-0.2032967032967033,-0.31868131868131866,-0.07142857142857142,-0.532967032967033,-0.08241758241758242,-0.6428571428571429,-0.07142857142857142,-0.45054945054945056,-0.06593406593406594,-0.3241758241758242,0.07142857142857142,-0.5,0.1043956043956044,-0.6868131868131868,0.12637362637362637,-0.7967032967032966,0.13736263736263737,-0.9230769230769231
6,0.0,0.0,-0.21195652173913043,-0.05434782608695652,-0.41847826086956524,-0.22282608695652173,-0.5706521739130435,-0.34782608695652173,-0.7119565217391305,-0.4076086956521739,-0.33152173913043476,-0.5054347826086957,-0.41847826086956524,-0.7282608695652174,-0.4673913043478261,-0.8695652173913043,-0.5,-1.0,-0.20108695652173914,-0.5271739130434783,-0.2391304347826087,-0.6467391304347826,-0.22282608695652173,-0.45652173913043476,-0.20108695652173914,-0.30978260869565216,-0.07065217391304347,-0.5163043478260869,-0.09239130434782608,-0.6358695652173914,-0.08152173913043478,-0.44021739130434784,-0.07065217391304347,-0.30978260869565216,0.06521739130434782,-0.4891304347826087,0.09782608695652174,-0.6739130434782609,0.125,-0.782608695652174,0.1358695652173913,-0.9021739130434783
6,0.0,0.0,-0.20967741935483872,-0.05913978494623656,-0.41397849462365593,-0.22580645161290322,-0.5591397849462365,-0.3548387096774194,-0.6989247311827957,-0.41935483870967744,-0.3279569892473118,-0.510752688172043,-0.3817204301075269,-0.7311827956989247,-0.41397849462365593,-0.8763440860215054,-0.43010752688172044,-1.0,-0.1989247311827957,-0.5268817204301075,-0.22043010752688172,-0.6397849462365591,-0.20967741935483872,-0.46236559139784944,-0.1989247311827957,-0.3279569892473118,-0.06451612903225806,-0.510752688172043,-0.07526881720430108,-0.6182795698924731,-0.06989247311827956,-0.43548387096774194,-0.06451612903225806,-0.3118279569892473,0.06989247311827956,-0.478494623655914,0.10215053763440861,-0.6559139784946236,0.12365591397849462,-0.7634408602150538,0.13440860215053763,-0.8870967741935484
6,0.0,0.0,-0.20652173913043478,-0.059782608695652176,-0.41304347826086957,-0.21739130434782608,-0.5597826086956522,-0.3423913043478261,-0.6956521739130435,-0.41304347826086957,-0.32608695652173914,-0.5054347826086957,-0.3804347826086957,-0.7282608695652174,-0.4076086956521739,-0.8695652173913043,-0.41847826086956524,-1.0,-0.20108695652173914,-0.5217391304347826,-0.22826086956521738,-0.6413043478260869,-0.21195652173913043,-0.45108695652173914,-0.1956521739130435,-0.31521739130434784,-0.07065217391304347,-0.5163043478260869,-0.08695652173913043,-0.625,-0.07608695652173914,-0.44021739130434784,-0.07065217391304347,-0.31521739130434784,0.059782608695652176,-0.4891304347826087,0.08695652173913043,-0.6684782608695652,0.10869565217391304,-0.7717391304347826,0.11956521739130435,-0.8967391304347826
6,0.0,0.0,-0.20652173913043478,-0.05434782608695652,-0.41304347826086957,-0.22826086956521738,-0.5597826086956522,-0.358695652173913,-0.6902173913043478,-0.42934782608695654,-0.32608695652173914,-0.5,-0.3695652173913043,-0.7282608695652174,-0.391304347826087,-0.875,-0.3967391304347826,-1.0,-0.20108695652173914,-0.5217391304347826,-0.22282608695652173,-0.6304347826086957,-0.20652173913043478,-0.44565217391304346,-0.20108695652173914,-0.30978260869565216,-0.07065217391304347,-0.5108695652173914,-0.08695652173913043,-0.6141304347826086,-0.07608695652173914,-0.43478260869565216,-0.07065217391304347,-0.31521739130434784,0.059782608695652176,-0.483695652173913,0.08152173913043478,-0.6684782608695652,0.09782608695652174,-0.7771739130434783,0.10326086956521739,-0.8967391304347826
6,0.0,0.0,-0.2087912087912088,-0.06043956043956044,-0.4175824175824176,-0.23626373626373626,-0.5604395604395604,-0.37362637362637363,-0.6978021978021978,-0.43956043956043955,-0.33516483516483514,-0.5,-0.3901098901098901,-0.7307692307692307,-0.4010989010989011,-0.8736263736263736,-0.4010989010989011,-1.0,-0.21428571428571427,-0.5164835164835165,-0.23626373626373626,-0.6318681318681318,-0.21428571428571427,-0.45054945054945056,-0.1978021978021978,-0.3131868131868132,-0.08241758241758242,-0.5054945054945055,-0.1043956043956044,-0.6208791208791209,-0.08791208791208792,-0.44505494505494503,-0.08241758241758242,-0.31868131868131866,0.04945054945054945,-0.4835164835164835,0.06593406593406594,-0.6758241758241759,0.08241758241758242,-0.7857142857142857,0.08791208791208792,-0.9065934065934066
6,0.0,0.0,-0.20994475138121546,-0.049723756906077346,-0.4198895027624309,-0.2265193370165746,-0.5580110497237569,-0.3701657458563536,-0.6906077348066298,-0.4530386740331492,-0.3370165745856354,-0.5082872928176796,-0.3812154696132597,-0.7348066298342542,-0.39226519337016574,-0.8729281767955801,-0.39226519337016574,-1.0,-0.20994475138121546,-0.5193370165745856,-0.23204419889502761,-0.6408839779005525,-0.22099447513812154,-0.4530386740331492,-0.20994475138121546,-0.3149171270718232,-0.07734806629834254,-0.5082872928176796,-0.09392265193370165,-0.6243093922651933,-0.08839779005524862,-0.43646408839779005,-0.08287292817679558,-0.30939226519337015,0.049723756906077346,-0.48066298342541436,0.0718232044198895,-0.6685082872928176,0.08839779005524862,-0.7734806629834254,0.09392265193370165,-0.8950276243093923
6,0.0,0.0,-0.21910112359550563,-0.05056179775280899,-0.43258426966292135,-0.23595505617977527,-0.5674157303370787,-0.38764044943820225,-0.6966292134831461,-0.47752808988764045,-0.34831460674157305,-0.5056179775280899,-0.39325842696629215,-0.7359550561797753,-0.4101123595505618,-0.8707865168539326,-0.4157303370786517,-1.0,-0.21910112359550563,-0.5280898876404494,-0.24719101123595505,-0.6460674157303371,-0.2303370786516854,-0.4550561797752809,-0.21348314606741572,-0.3202247191011236,-0.0898876404494382,-0.5224719101123596,-0.10674157303370786,-0.6460674157303371,-0.10112359550561797,-0.4606741573033708,-0.09550561797752809,-0.33146067415730335,0.03932584269662921,-0.5,0.056179775280898875,-0.6853932584269663,0.07303370786516854,-0.7921348314606742,0.07303370786516854,-0.9157303370786517
6,0.0,0.0,-0.21022727272727273,-0.05113636363636364,-0.42613636363636365,-0.22727272727272727,-0.5625,-0.3693181818181818,-0.6875,-0.4659090909090909,-0.3352272727272727,-0.5113636363636364,-0.39204545454545453,-0.7386363636363636,-0.4090909090909091,-0.875,-0.4147727272727273,-1.0,-0.21022727272727273,-0.5284090909090909,-0.23863636363636365,-0.6534090909090909,-0.22727272727272727,-0.4659090909090909,-0.21022727272727273,-0.32386363636363635,-0.07954545454545454,-0.5227272727272727,-0.10227272727272728,-0.6477272727272727,-0.09090909090909091,-0.45454545454545453,-0.08522727272727272,-0.3181818181818182,0.05113636363636364,-0.4943181818181818,0.06818181818181818,-0.6818181818181818,0.08522727272727272,-0.7897727272727273,0.08522727272727272,-0.9147727272727273
6,0.0,0.0,-0.21714285714285714,-0.05714285714285714,-0.4342857142857143,-0.22857142857142856,-0.5771428571428572,-0.3657142857142857,-0.7028571428571428,-0.46285714285714286,-0.35428571428571426,-0.49714285714285716,-0.4114285714285714,-0.7257142857142858,-0.42857142857142855,-0.8685714285714285,-0.44,-1.0,-0.22857142857142856,-0.52,-0.2571428571428571,-0.6514285714285715,-0.22857142857142856,-0.46285714285714286,-0.21142857142857144,-0.32,-0.09714285714285714,-0.52,-0.11428571428571428,-0.6514285714285715,-0.09714285714285714,-0.46285714285714286,-0.09142857142857143,-0.3314285714285714,0.03428571428571429,-0.49714285714285716,0.05142857142857143,-0.68,0.07428571428571429,-0.7885714285714286,0.08,-0.9142857142857143
6,0.0,0.0,-0.2222222222222222,-0.05263157894736842,-0.4444444444444444,-0.23391812865497075,-0.5906432748538012,-0.3684210526315789,-0.7192982456140351,-0.4678362573099415,-0.36257309941520466,-0.5146198830409356,-0.42105263157894735,-0.7368421052631579,-0.4444444444444444,-0.8713450292397661,-0.4502923976608187,-1.0,-0.23391812865497075,-0.5321637426900585,-0.26900584795321636,-0.672514619883041,-0.24561403508771928,-0.47368421052631576,-0.22807017543859648,-0.3333333333333333,-0.09941520467836257,-0.5263157894736842,-0.12280701754385964,-0.6608187134502924,-0.10526315789473684,-0.4678362573099415,-0.0935672514619883,-0.3391812865497076,0.03508771929824561,-0.49707602339181284,0.05263157894736842,-0.6900584795321637,0.07017543859649122,-0.8011695906432749,0.07602339181286549,-0.9298245614035088
6,0.0,0.0,-0.2289156626506024,-0.060240963855421686,-0.4578313253012048,-0.23493975903614459,-0.6144578313253012,-0.37349397590361444,-0.7469879518072289,-0.46987951807228917,-0.3674698795180723,-0.5180722891566265,-0.43373493975903615,-0.7349397590361446,-0.463855421686747,-0.8734939759036144,-0.4819277108433735,-1.0,-0.23493975903614459,-0.5421686746987951,-0.2710843373493976,-0.6746987951807228,-0.25301204819277107,-0.46987951807228917,-0.2289156626506024,-0.3313253012048193,-0.0963855421686747,-0.5421686746987951,-0.12650602409638553,-0.6807228915662651,-0.10843373493975904,-0.4879518072289157,-0.0963855421686747,-0.35542168674698793,0.03614457831325301,-0.5120481927710844,0.05421686746987952,-0.7048192771084337,0.07228915662650602,-0.8192771084337349,0.0783132530120482,-0.9457831325301205
6,0.0,0.0,-0.22981366459627328,-0.055900621118012424,-0.4720496894409938,-0.22981366459627328,-0.6459627329192547,-0.35403726708074534,-0.7888198757763976,-0.42857142857142855,-0.38509316770186336,-0.5217391304347826,-0.45962732919254656,-0.7391304347826086,-0.4968944099378882,-0.8757763975155279,-0.515527950310559,-1.0,-0.2422360248447205,-0.5527950310559007,-0.2919254658385093,-0.6770186335403726,-0.2608695652173913,-0.4720496894409938,-0.2422360248447205,-0.32919254658385094,-0.09937888198757763,-0.5527950310559007,-0.13043478260869565,-0.6832298136645962,-0.11180124223602485,-0.484472049689441,-0.09937888198757763,-0.34782608695652173,0.043478260869565216,-0.5217391304347826,0.062111801242236024,-0.7142857142857143,0.08074534161490683,-0.8322981366459627,0.09316770186335403,-0.9565217391304348
6,0.0,0.0,-0.23125,-0.05625,-0.48125,-0.225,-0.6625,-0.33125,-0.81875,-0.3875,-0.38125,-0.51875,-0.46875,-0.7375,-0.51875,-0.875,-0.55,-1.0,-0.24375,-0.55625,-0.3,-0.675,-0.26875,-0.4625,-0.2375,-0.325,-0.1,-0.55,-0.13125,-0.68125,-0.1125,-0.48125,-0.10625,-0.35,0.04375,-0.525,0.05625,-0.7125,0.06875,-0.825,0.075,-0.95625
6,0.0,0.0,-0.24050632911392406,-0.056962025316455694,-0.4873417721518987,-0.21518987341772153,-0.6708860759493671,-0.31645569620253167,-0.8354430379746836,-0.37341772151898733,-0.3860759493670886,-0.5316455696202531,-0.47468354430379744,-0.7468354430379747,-0.5379746835443038,-0.879746835443038,-0.5886075949367089,-1.0,-0.2468354430379747,-0.5632911392405063,-0.3037974683544304,-0.689873417721519,-0.27848101265822783,-0.47468354430379744,-0.2468354430379747,-0.33544303797468356,-0.10126582278481013,-0.5632911392405063,-0.13924050632911392,-0.689873417721519,-0.12658227848101267,-0.4810126582278481,-0.10759493670886076,-0.34810126582278483,0.03164556962025317,-0.5316455696202531,0.05063291139240506,-0.7341772151898734,0.06329113924050633,-0.8481012658227848,0.06962025316455696,-0.9810126582278481
6,0.0,0.0,-0.23717948717948717,-0.05128205128205128,-0.4935897435897436,-0.21153846153846154,-0.6858974358974359,-0.32051282051282054,-0.8525641025641025,-0.3717948717948718,-0.38461538461538464,-0.532051282051282,-0.5,-0.75,-0.5769230769230769,-0.8782051282051282,-0.6410256410256411,-1.0,-0.25,-0.5641025641025641,-0.3141025641025641,-0.6858974358974359,-0.27564102564102566,-0.47435897435897434,-0.24358974358974358,-0.3269230769230769,-0.10256410256410256,-0.5641025641025641,-0.14102564102564102,-0.6923076923076923,-0.1282051282051282,-0.48717948717948717,-0.10897435897435898,-0.34615384615384615,0.038461538461538464,-0.5384615384615384,0.038461538461538464,-0.7371794871794872,0.05128205128205128,-0.8589743589743589,0.057692307692307696,-0.9935897435897436
6,0.0,0.0,-0.2389937106918239,-0.0440251572327044,-0.49056603773584906,-0.20754716981132076,-0.6729559748427673,-0.32075471698113206,-0.8301886792452831,-0.37735849056603776,-0.3836477987421384,-0.5157232704402516,-0.5031446540880503,-0.7358490566037735,-0.5911949685534591,-0.8742138364779874,-0.6666666666666666,-1.0,-0.2578616352201258,-0.5534591194968553,-0.31446540880503143,-0.6729559748427673,-0.2830188679245283,-0.46540880503144655,-0.25157232704402516,-0.32075471698113206,-0.11320754716981132,-0.5534591194968553,-0.1509433962264151,-0.6792452830188679,-0.13836477987421383,-0.4779874213836478,-0.11949685534591195,-0.33962264150943394,0.031446540880503145,-0.5345911949685535,0.031446540880503145,-0.7295597484276729,0.0440251572327044,-0.8490566037735849,0.0440251572327044,-0.9811320754716981
6,0.0,0.0,-0.22981366459627328,-0.043478260869565216,-0.4720496894409938,-0.20496894409937888,-0.6459627329192547,-0.3105590062111801,-0.8074534161490683,-0.36645962732919257,-0.37267080745341613,-0.515527950310559,-0.5031055900621118,-0.7329192546583851,-0.5900621118012422,-0.8695652173913043,-0.6645962732919255,-1.0,-0.2422360248447205,-0.5527950310559007,-0.30434782608695654,-0.6583850931677019,-0.2670807453416149,-0.453416149068323,-0.2360248447204969,-0.30434782608695654,-0.09937888198757763,-0.546583850931677,-0.13664596273291926,-0.6645962732919255,-0.12422360248447205,-0.4658385093167702,-0.11180124223602485,-0.32919254658385094,0.037267080745341616,-0.5217391304347826,0.043478260869565216,-0.7204968944099379,0.055900621118012424,-0.8322981366459627,0.055900621118012424,-0.9565217391304348
6,0.0,0.0,-0.2360248447204969,-0.043478260869565216,-0.4782608695652174,-0.19875776397515527,-0.6583850931677019,-0.30434782608695654,-0.8136645962732919,-0.35403726708074534,-0.37888198757763975,-0.515527950310559,-0.5093167701863354,-0.7391304347826086,-0.5962732919254659,-0.8757763975155279,-0.6708074534161491,-1.0,-0.2484472049689441,-0.5527950310559007,-0.3105590062111801,-0.6708074534161491,-0.2732919254658385,-0.45962732919254656,-0.2422360248447205,-0.3167701863354037,-0.10559006211180125,-0.546583850931677,-0.14285714285714285,-0.6832298136645962,-0.12422360248447205,-0.484472049689441,-0.10559006211180125,-0.3416149068322981,0.037267080745341616,-0.5217391304347826,0.043478260869565216,-0.7080745341614907,0.055900621118012424,-0.8198757763975155,0.06832298136645963,-0.9503105590062112
6,0.0,0.0,-0.23493975903614459,-0.04819277108433735,-0.4759036144578313,-0.1927710843373494,-0.6445783132530121,-0.27710843373493976,-0.7951807228915663,-0.3132530120481928,-0.3674698795180723,-0.5240963855421686,-0.4879518072289157,-0.7409638554216867,-0.5662650602409639,-0.8795180722891566,-0.6265060240963856,-1.0,-0.23493975903614459,-0.5542168674698795,-0.2891566265060241,-0.6686746987951807,-0.26506024096385544,-0.4578313253012048,-0.24096385542168675,-0.3132530120481928,-0.09036144578313253,-0.5481927710843374,-0.12048192771084337,-0.6686746987951807,-0.1144578313253012,-0.46987951807228917,-0.10843373493975904,-0.3373493975903614,0.05421686746987952,-0.5120481927710844,0.06626506024096386,-0.6927710843373494,0.08433734939759036,-0.8012048192771084,0.0963855421686747,-0.927710843373494
6,0.0,0.0,-0.2261904761904762,-0.041666666666666664,-0.4642857142857143,-0.17261904761904762,-0.6309523809523809,-0.24404761904761904,-0.7738095238095238,-0.27380952380952384,-0.35119047619047616,-0.5238095238095238,-0.44642857142857145,-0.7440476190476191,-0.5178571428571429,-0.8809523809523809,-0.5773809523809523,-1.0,-0.21428571428571427,-0.5416666666666666,-0.26785714285714285,-0.6666666666666666,-0.24404761904761904,-0.4642857142857143,-0.22023809523809523,-0.3273809523809524,-0.07142857142857142,-0.5297619047619048,-0.10119047619047619,-0.6666666666666666,-0.08928571428571429,-0.47023809523809523,-0.07738095238095238,-0.3392857142857143,0.07142857142857142,-0.4880952380952381,0.09523809523809523,-0.6726190476190477,0.11904761904761904,-0.7797619047619048,0.13095238095238096,-0.9047619047619048
6,0.0,0.0,-0.22560975609756098,-0.042682926829268296,-0.4695121951219512,-0.16463414634146342,-0.6463414634146342,-0.23170731707317074,-0.7926829268292683,-0.25609756097560976,-0.36585365853658536,-0.5182926829268293,-0.4695121951219512,-0.7378048780487805,-0.5426829268292683,-0.8780487804878049,-0.5914634146341463,-1.0,-0.21951219512195122,-0.5548780487804879,-0.2682926829268293,-0.6890243902439024,-0.25,-0.49390243902439024,-0.22560975609756098,-0.3475609756097561,-0.06707317073170732,-0.5426829268292683,-0.09146341463414634,-0.6829268292682927,-0.07926829268292683,-0.4817073170731707,-0.07317073170731707,-0.34146341463414637,0.07926829268292683,-0.5060975609756098,0.10975609756097561,-0.6829268292682927,0.1402439024390244,-0.7926829268292683,0.15853658536585366,-0.9146341463414634
6,0.0,0.0,-0.2235294117647059,-0.047058823529411764,-0.4647058823529412,-0.17058823529411765,-0.6352941176470588,-0.2411764705882353,-0.7823529411764706,-0.25882352941176473,-0.3588235294117647,-0.5352941176470588,-0.45294117647058824,-0.7470588235294118,-0.5176470588235295,-0.8823529411764706,-0.5647058823529412,-1.0,-0.21764705882352942,-0.5647058823529412,-0.27058823529411763,-0.6823529411764706,-0.24705882352941178,-0.49411764705882355,-0.21764705882352942,-0.3411764705882353,-0.06470588235294118,-0.5529411764705883,-0.09411764705882353,-0.6823529411764706,-0.08235294117647059,-0.48823529411764705,-0.07058823529411765,-0.35294117647058826,0.08235294117647059,-0.5117647058823529,0.11764705882352941,-0.6823529411764706,0.14705882352941177,-0.7823529411764706,0.16470588235294117,-0.9
6,0.0,0.0,-0.22807017543859648,-0.04678362573099415,-0.45614035087719296,-0.1695906432748538,-0.6257309941520468,-0.24561403508771928,-0.7719298245614035,-0.27485380116959063,-0.3567251461988304,-0.543859649122807,-0.4327485380116959,-0.7543859649122807,-0.49122807017543857,-0.8830409356725146,-0.5321637426900585,-1.0,-0.2046783625730994,-0.5730994152046783,-0.24561403508771928,-0.695906432748538,-0.22807017543859648,-0.5029239766081871,-0.21052631578947367,-0.34502923976608185,-0.05263157894736842,-0.5555555555555556,-0.07017543859649122,-0.672514619883041,-0.07017543859649122,-0.47953216374269003,-0.06432748538011696,-0.3333333333333333,0.09941520467836257,-0.5029239766081871,0.14035087719298245,-0.6666666666666666,0.18128654970760233,-0.7777777777777778,0.21052631578947367,-0.9005847953216374
6,0.0,0.0,-0.21965317919075145,-0.05202312138728324,-0.44508670520231214,-0.1791907514450867,-0.6069364161849711,-0.2658959537572254,-0.7456647398843931,-0.31213872832369943,-0.31213872832369943,-0.5375722543352601,-0.3815028901734104,-0.7514450867052023,-0.43352601156069365,-0.8901734104046243,-0.47398843930635837,-1.0,-0.1676300578034682,-0.5606936416184971,-0.2023121387283237,-0.6820809248554913,-0.2023121387283237,-0.4913294797687861,-0.1907514450867052,-0.3352601156069364,-0.017341040462427744,-0.5433526011560693,-0.03468208092485549,-0.6647398843930635,-0.04046242774566474,-0.47398843930635837,-0.046242774566473986,-0.3352601156069364,0.12716763005780346,-0.49710982658959535,0.18497109826589594,-0.6763005780346821,0.23121387283236994,-0.7745664739884393,0.26011560693641617,-0.8901734104046243
6,0.0,0.0,-0.21787709497206703,-0.055865921787709494,-0.4245810055865922,-0.18994413407821228,-0.5698324022346368,-0.29608938547486036,-0.6983240223463687,-0.3687150837988827,-0.27932960893854747,-0.5307262569832403,-0.33519553072625696,-0.7486033519553073,-0.3743016759776536,-0.88268156424581,-0.40782122905027934,-1.0,-0.13966480446927373,-0.5418994413407822,-0.15083798882681565,-0.664804469273743,-0.1564245810055866,-0.48044692737430167,-0.1564245810055866,-0.3240223463687151,0.00558659217877095,-0.5195530726256983,0.0,-0.6312849162011173,-0.00558659217877095,-0.4581005586592179,-0.0111731843575419,-0.329608938547486,0.13966480446927373,-0.4748603351955307,0.2011173184357542,-0.6480446927374302,0.2569832402234637,-0.7430167597765364,0.29608938547486036,-0.8547486033519553
6,0.0,0.0,-0.2222222222222222,-0.044444444444444446,-0.43333333333333335,-0.18333333333333332,-0.5777777777777777,-0.29444444444444445,-0.7,-0.37222222222222223,-0.29444444444444445,-0.5277777777777778,-0.3388888888888889,-0.7388888888888889,-0.36666666666666664,-0.8777777777777778,-0.3888888888888889,-1.0,-0.1388888888888889,-0.5444444444444444,-0.14444444444444443,-0.6722222222222223,-0.15,-0.4777777777777778,-0.15,-0.32222222222222224,0.011111111111111112,-0.5222222222222223,0.016666666666666666,-0.6388888888888888,0.0,-0.45555555555555555,-0.011111111111111112,-0.32222222222222224,0.15555555555555556,-0.4722222222222222,0.21666666666666667,-0.6333333333333333,0.2722222222222222,-0.7277777777777777,0.31666666666666665,-0.8333333333333334
6,0.0,0.0,-0.21621621621621623,-0.043243243243243246,-0.42702702702702705,-0.1783783783783784,-0.5783783783783784,-0.2810810810810811,-0.7027027027027027,-0.34594594594594597,-0.2756756756756757,-0.5243243243243243,-0.31891891891891894,-0.7405405405405405,-0.35135135135135137,-0.8756756756756757,-0.3675675675675676,-1.0,-0.12972972972972974,-0.5405405405405406,-0.13513513513513514,-0.6702702702702703,-0.14054054054054055,-0.4810810810810811,-0.13513513513513514,-0.32972972972972975,0.016216216216216217,-0.518918918918919,0.021621621621621623,-0.6270270270270271,0.0,-0.44324324324324327,-0.010810810810810811,-0.31351351351351353,0.15675675675675677,-0.4702702702702703,0.21621621621621623,-0.6270270270270271,0.2702702702702703,-0.7189189189189189,0.31351351351351353,-0.827027027027027
6,0.0,0.0,-0.21354166666666666,-0.046875,-0.4270833333333333,-0.18229166666666666,-0.578125,-0.2760416666666667,-0.7083333333333334,-0.3229166666666667,-0.2864583333333333,-0.5104166666666666,-0.34375,-0.7291666666666666,-0.3802083333333333,-0.8697916666666666,-0.4010416666666667,-1.0,-0.14583333333333334,-0.53125,-0.15104166666666666,-0.6614583333333334,-0.15625,-0.4791666666666667,-0.15104166666666666,-0.3333333333333333,0.0,-0.5104166666666666,0.0,-0.625,-0.010416666666666666,-0.4479166666666667,-0.015625,-0.3229166666666667,0.140625,-0.46875,0.19270833333333334,-0.6354166666666666,0.23958333333333334,-0.7291666666666666,0.2760416666666667,-0.8385416666666666
6,0.0,0.0,-0.21212121212121213,-0.050505050505050504,-0.4292929292929293,-0.19696969696969696,-0.5909090909090909,-0.29292929292929293,-0.7222222222222222,-0.3333333333333333,-0.30303030303030304,-0.5151515151515151,-0.36363636363636365,-0.7373737373737373,-0.398989898989899,-0.8737373737373737,-0.42424242424242425,-1.0,-0.16666666666666666,-0.5303030303030303,-0.18181818181818182,-0.6565656565656566,-0.17676767676767677,-0.4696969696969697,-0.16666666666666666,-0.3282828282828283,-0.030303030303030304,-0.5151515151515151,-0.030303030303030304,-0.6161616161616161,-0.03535353535353535,-0.4393939393939394,-0.04040404040404041,-0.31313131313131315,0.10606060606060606,-0.4696969696969697,0.15656565656565657,-0.6414141414141414,0.19696969696969696,-0.7474747474747475,0.2222222222222222,-0.8636363636363636
6,0.0,0.0,-0.20398009950248755,-0.04975124378109453,-0.4129353233830846,-0.19900497512437812,-0.5671641791044776,-0.29850746268656714,-0.7014925373134329,-0.3582089552238806,-0.30845771144278605,-0.5124378109452736,-0.373134328358209,-0.736318407960199,-0.4079601990049751,-0.8756218905472637,-0.43283582089552236,-1.0,-0.1791044776119403,-0.527363184079602,-0.20398009950248755,-0.6467661691542289,-0.1890547263681592,-0.4577114427860697,-0.17412935323383086,-0.30845771144278605,-0.04477611940298507,-0.5174129353233831,-0.05970149253731343,-0.6268656716417911,-0.05472636815920398,-0.44776119402985076,-0.05472636815920398,-0.31840796019900497,0.08955223880597014,-0.48258706467661694,0.11940298507462686,-0.6616915422885572,0.14427860696517414,-0.7711442786069652,0.15422885572139303,-0.8955223880597015
6,0.0,0.0,-0.20689655172413793,-0.04433497536945813,-0.42857142857142855,-0.20689655172413793,-0.5812807881773399,-0.31527093596059114,-0.7192118226600985,-0.37438423645320196,-0.32019704433497537,-0.5123152709359606,-0.3891625615763547,-0.7339901477832512,-0.4236453201970443,-0.8768472906403941,-0.4482758620689655,-1.0,-0.1921182266009852,-0.5320197044334976,-0.22660098522167488,-0.6600985221674877,-0.21674876847290642,-0.47783251231527096,-0.2019704433497537,-0.3251231527093596,-0.06403940886699508,-0.5221674876847291,-0.08866995073891626,-0.625615763546798,-0.08374384236453201,-0.4482758620689655,-0.08374384236453201,-0.32019704433497537,0.06403940886699508,-0.4876847290640394,0.08866995073891626,-0.6650246305418719,0.10837438423645321,-0.7684729064039408,0.11330049261083744,-0.8916256157635468
6,0.0,0.0,-0.20588235294117646,-0.049019607843137254,-0.4215686274509804,-0.20588235294117646,-0.5735294117647058,-0.3137254901960784,-0.7058823529411765,-0.37254901960784315,-0.3284313725490196,-0.5049019607843137,-0.39215686274509803,-0.7303921568627451,-0.43137254901960786,-0.8725490196078431,-0.45098039215686275,-1.0,-0.20098039215686275,-0.5245098039215687,-0.24019607843137256,-0.6470588235294118,-0.22549019607843138,-0.45588235294117646,-0.20588235294117646,-0.3088235294117647,-0.06862745098039216,-0.5098039215686274,-0.10294117647058823,-0.6274509803921569,-0.09313725490196079,-0.4362745098039216,-0.0784313725490196,-0.3088235294117647,0.058823529411764705,-0.4803921568627451,0.08333333333333333,-0.6617647058823529,0.09313725490196079,-0.7696078431372549,0.09803921568627451,-0.8970588235294118
6,0.0,0.0,-0.21568627450980393,-0.05392156862745098,-0.4264705882352941,-0.20588235294117646,-0.5735294117647058,-0.3137254901960784,-0.7058823529411765,-0.37254901960784315,-0.31862745098039214,-0.5049019607843137,-0.37745098039215685,-0.7303921568627451,-0.4166666666666667,-0.8725490196078431,-0.44607843137254904,-1.0,-0.19607843137254902,-0.5147058823529411,-0.25,-0.6372549019607843,-0.23039215686274508,-0.44607843137254904,-0.20588235294117646,-0.3137254901960784,-0.07352941176470588,-0.5049019607843137,-0.11764705882352941,-0.6274509803921569,-0.10294117647058823,-0.43137254901960786,-0.09313725490196079,-0.3137254901960784,0.05392156862745098,-0.47549019607843135,0.07352941176470588,-0.6568627450980392,0.0784313725490196,-0.7598039215686274,0.0784313725490196,-0.8872549019607843
6,0.0,0.0,-0.2107843137254902,-0.049019607843137254,-0.4264705882352941,-0.19607843137254902,-0.5784313725490197,-0.29901960784313725,-0.7058823529411765,-0.3627450980392157,-0.3235294117647059,-0.5,-0.3872549019607843,-0.7254901960784313,-0.4215686274509804,-0.8725490196078431,-0.4411764705882353,-1.0,-0.20098039215686275,-0.5147058823529411,-0.24509803921568626,-0.6421568627450981,-0.23529411764705882,-0.46568627450980393,-0.21568627450980393,-0.3284313725490196,-0.07352941176470588,-0.5,-0.12254901960784313,-0.6323529411764706,-0.11274509803921569,-0.4411764705882353,-0.09803921568627451,-0.3137254901960784,0.049019607843137254,-0.47058823529411764,0.06372549019607843,-0.6568627450980392,0.06372549019607843,-0.7647058823529411,0.058823529411764705,-0.8921568627450981
6,0.0,0.0,-0.21674876847290642,-0.054187192118226604,-0.43842364532019706,-0.2019704433497537,-0.5960591133004927,-0.2955665024630542,-0.7241379310344828,-0.35960591133004927,-0.33497536945812806,-0.4975369458128079,-0.39901477832512317,-0.729064039408867,-0.43842364532019706,-0.8768472906403941,-0.46798029556650245,-1.0,-0.21674876847290642,-0.5172413793103449,-0.2660098522167488,-0.6502463054187192,-0.2413793103448276,-0.4630541871921182,-0.21182266009852216,-0.32019704433497537,-0.08866995073891626,-0.5073891625615764,-0.1330049261083744,-0.6354679802955665,-0.11330049261083744,-0.45320197044334976,-0.09852216748768473,-0.3251231527093596,0.03940886699507389,-0.4827586206896552,0.04433497536945813,-0.6600985221674877,0.04433497536945813,-0.7684729064039408,0.034482758620689655,-0.8866995073891626
6,0.0,0.0,-0.22167487684729065,-0.054187192118226604,-0.4433497536945813,-0.1921182266009852,-0.5960591133004927,-0.2857142857142857,-0.729064039408867,-0.3448275862068966,-0.3448275862068966,-0.4975369458128079,-0.41379310344827586,-0.7241379310344828,-0.45320197044334976,-0.8719211822660099,-0.4876847290640394,-1.0,-0.22167487684729065,-0.5172413793103449,-0.270935960591133,-0.6403940886699507,-0.2413793103448276,-0.458128078817734,-0.21182266009852216,-0.31527093596059114,-0.09359605911330049,-0.5123152709359606,-0.1330049261083744,-0.625615763546798,-0.11330049261083744,-0.4433497536945813,-0.09852216748768473,-0.32019704433497537,0.03940886699507389,-0.4876847290640394,0.034482758620689655,-0.6699507389162561,0.034482758620689655,-0.7733990147783252,0.024630541871921183,-0.8866995073891626
6,0.0,0.0,-0.22388059701492538,-0.04975124378109453,-0.4427860696517413,-0.1890547263681592,-0.6019900497512438,-0.2885572139303483,-0.736318407960199,-0.34328358208955223,-0.3582089552238806,-0.4925373134328358,-0.42786069651741293,-0.7263681592039801,-0.46766169154228854,-0.8706467661691543,-0.4975124378109453,-1.0,-0.23383084577114427,-0.5124378109452736,-0.2935323383084577,-0.6417910447761194,-0.263681592039801,-0.4626865671641791,-0.23383084577114427,-0.31840796019900497,-0.1044776119402985,-0.5174129353233831,-0.14427860696517414,-0.6417910447761194,-0.11940298507462686,-0.46766169154228854,-0.1044776119402985,-0.34328358208955223,0.029850746268656716,-0.4975124378109453,0.029850746268656716,-0.681592039800995,0.03482587064676617,-0.7810945273631841,0.01990049751243781,-0.8955223880597015
6,0.0,0.0,-0.2222222222222222,-0.04040404040404041,-0.4494949494949495,-0.17676767676767677,-0.6060606060606061,-0.2777777777777778,-0.7373737373737373,-0.3333333333333333,-0.35858585858585856,-0.5,-0.4393939393939394,-0.7272727272727273,-0.48484848484848486,-0.8737373737373737,-0.5202020202020202,-1.0,-0.22727272727272727,-0.5252525252525253,-0.29292929292929293,-0.6565656565656566,-0.2727272727272727,-0.47474747474747475,-0.2474747474747475,-0.3282828282828283,-0.09595959595959595,-0.5202020202020202,-0.1414141414141414,-0.6414141414141414,-0.12121212121212122,-0.4595959595959596,-0.1111111111111111,-0.3282828282828283,0.04040404040404041,-0.5,0.04040404040404041,-0.6818181818181818,0.04040404040404041,-0.7878787878787878,0.015151515151515152,-0.9090909090909091
6,0.0,0.0,-0.2222222222222222,-0.050505050505050504,-0.45454545454545453,-0.18686868686868688,-0.6161616161616161,-0.2828282828282828,-0.7525252525252525,-0.3333333333333333,-0.36363636363636365,-0.51010101010101,-0.4444444444444444,-0.7373737373737373,-0.494949494949495,-0.8787878787878788,-0.5353535353535354,-1.0,-0.23232323232323232,-0.5353535353535354,-0.30303030303030304,-0.6818181818181818,-0.2777777777777778,-0.5,-0.2474747474747475,-0.35353535353535354,-0.10101010101010101,-0.5303030303030303,-0.16161616161616163,-0.6616161616161617,-0.13131313131313133,-0.47474747474747475,-0.10606060606060606,-0.3434343434343434,0.03535353535353535,-0.5050505050505051,0.03535353535353535,-0.6919191919191919,0.030303030303030304,-0.797979797979798,0.010101010101010102,-0.9191919191919192
6,0.0,0.0,-0.21428571428571427,-0.04591836734693878,-0.4387755102040816,-0.1836734693877551,-0.5969387755102041,-0.2857142857142857,-0.7295918367346939,-0.3469387755102041,-0.3469387755102041,-0.5153061224489796,-0.4336734693877551,-0.7448979591836735,-0.49489795918367346,-0.8826530612244898,-0.5408163265306123,-1.0,-0.2193877551020408,-0.5357142857142857,-0.2755102040816326,-0.6836734693877551,-0.2602040816326531,-0.5051020408163265,-0.24489795918367346,-0.3622448979591837,-0.08673469387755102,-0.5306122448979592,-0.1377551020408163,-0.6836734693877551,-0.11734693877551021,-0.5,-0.09693877551020408,-0.3673469387755102,0.05102040816326531,-0.5051020408163265,0.05102040816326531,-0.6836734693877551,0.04081632653061224,-0.7857142857142857,0.015306122448979591,-0.9081632653061225
6,0.0,0.0,-0.22797927461139897,-0.05699481865284974,-0.45077720207253885,-0.19689119170984457,-0.6113989637305699,-0.29533678756476683,-0.7461139896373057,-0.35233160621761656,-0.35233160621761656,-0.5129533678756477,-0.43005181347150256,-0.7409326424870466,-0.48704663212435234,-0.8808290155440415,-0.5284974093264249,-1.0,-0.22279792746113988,-0.533678756476684,-0.2849740932642487,-0.6735751295336787,-0.2538860103626943,-0.47668393782383417,-0.22279792746113988,-0.3316062176165803,-0.08808290155440414,-0.5284974093264249,-0.15025906735751296,-0.6580310880829016,-0.11398963730569948,-0.46113989637305697,-0.07772020725388601,-0.33678756476683935,0.046632124352331605,-0.5025906735751295,0.04145077720207254,-0.6839378238341969,0.015544041450777202,-0.772020725388601,-0.025906735751295335,-0.8756476683937824
6,0.0,0.0,-0.2346368715083799,-0.07262569832402235,-0.4692737430167598,-0.22905027932960895,-0.6424581005586593,-0.3128491620111732,-0.7877094972067039,-0.3687150837988827,-0.33519553072625696,-0.5698324022346368,-0.4022346368715084,-0.7821229050279329,-0.4581005586592179,-0.9050279329608939,-0.5083798882681564,-1.0,-0.2011173184357542,-0.5921787709497207,-0.2905027932960894,-0.6983240223463687,-0.2737430167597765,-0.48044692737430167,-0.2346368715083799,-0.35195530726256985,-0.07262569832402235,-0.5865921787709497,-0.13966480446927373,-0.6927374301675978,-0.12849162011173185,-0.4860335195530726,-0.09497206703910614,-0.3687150837988827,0.0670391061452514,-0.5642458100558659,0.027932960893854747,-0.7262569832402235,-0.0111731843575419,-0.6536312849162011,-0.0335195530726257,-0.6089385474860335
6,0.0,0.0,-0.25625,-0.08125,-0.50625,-0.26875,-0.69375,-0.3625,-0.85625,-0.425,-0.34375,-0.63125,-0.44375,-0.825,-0.51875,-0.91875,-0.59375,-1.0,-0.21875,-0.675,-0.35625,-0.7125,-0.33125,-0.49375,-0.2625,-0.40625,-0.0875,-0.68125,-0.2125,-0.70625,-0.2,-0.4875,-0.14375,-0.4125,0.05625,-0.65,-0.05625,-0.725,-0.0875,-0.54375,-0.05625,-0.45625
6,0.0,0.0,-0.2635135135135135,-0.0945945945945946,-0.5202702702702703,-0.30405405405405406,-0.7162162162162162,-0.4189189189189189,-0.8918918918918919,-0.49324324324324326,-0.35135135135135137,-0.6216216216216216,-0.4391891891891892,-0.831081081081081,-0.5337837837837838,-0.9256756756756757,-0.6351351351351351,-1.0,-0.22297297297297297,-0.6621621621621622,-0.3581081081081081,-0.7094594594594594,-0.3108108108108108,-0.49324324324324326,-0.25,-0.4189189189189189,-0.08108108108108109,-0.6756756756756757,-0.21621621621621623,-0.722972972972973,-0.18243243243243243,-0.5,-0.12837837837837837,-0.42567567567567566,0.06756756756756757,-0.668918918918919,-0.0472972972972973,-0.777027027027027,-0.06756756756756757,-0.6013513513513513,-0.04054054054054054,-0.5067567567567568
6,0.0,0.0,-0.2482758620689655,-0.08275862068965517,-0.503448275862069,-0.3103448275862069,-0.6896551724137931,-0.4413793103448276,-0.8689655172413793,-0.5172413793103449,-0.3310344827586207,-0.6275862068965518,-0.42758620689655175,-0.8413793103448276,-0.5241379310344828,-0.9310344827586207,-0.6206896551724138,-1.0,-0.20689655172413793,-0.6551724137931034,-0.3586206896551724,-0.7034482758620689,-0.31724137931034485,-0.47586206896551725,-0.2482758620689655,-0.4,-0.06896551724137931,-0.6551724137931034,-0.21379310344827587,-0.7103448275862069,-0.18620689655172415,-0.4827586206896552,-0.1310344827586207,-0.4,0.08275862068965517,-0.6344827586206897,-0.034482758620689655,-0.7448275862068966,-0.06206896551724138,-0.5793103448275863,-0.034482758620689655,-0.4896551724137931
6,0.0,0.0,-0.23225806451612904,-0.07741935483870968,-0.45161290322580644,-0.2967741935483871,-0.6258064516129033,-0.432258064516129,-0.8,-0.5032258064516129,-0.3032258064516129,-0.5741935483870968,-0.4129032258064516,-0.7870967741935484,-0.5096774193548387,-0.9032258064516129,-0.6,-1.0,-0.1870967741935484,-0.6,-0.3096774193548387,-0.6580645161290323,-0.2838709677419355,-0.44516129032258067,-0.22580645161290322,-0.38064516129032255,-0.05806451612903226,-0.5935483870967742,-0.18064516129032257,-0.6516129032258065,-0.15483870967741936,-0.45161290322580644,-0.0967741935483871,-0.36774193548387096,0.07096774193548387,-0.567741935483871,0.0,-0.7612903225806451,-0.07096774193548387,-0.8258064516129032,-0.12258064516129032,-0.9032258064516129
6,0.0,0.0,-0.23780487804878048,-0.07926829268292683,-0.45121951219512196,-0.2926829268292683,-0.6219512195121951,-0.4268292682926829,-0.7865853658536586,-0.5,-0.31097560975609756,-0.5365853658536586,-0.40853658536585363,-0.7560975609756098,-0.4878048780487805,-0.8780487804878049,-0.5548780487804879,-1.0,-0.20121951219512196,-0.5609756097560976,-0.2926829268292683,-0.6158536585365854,-0.2682926829268293,-0.42073170731707316,-0.21951219512195122,-0.3597560975609756,-0.07317073170731707,-0.5487804878048781,-0.15853658536585366,-0.6036585365853658,-0.13414634146341464,-0.4146341463414634,-0.09146341463414634,-0.34146341463414637,0.054878048780487805,-0.5304878048780488,0.012195121951219513,-0.7134146341463414,-0.03048780487804878,-0.7987804878048781,-0.054878048780487805,-0.9024390243902439
6,0.0,0.0,-0.22807017543859648,-0.08187134502923976,-0.43859649122807015,-0.2982456140350877,-0.5964912280701754,-0.43859649122807015,-0.7485380116959064,-0.5146198830409356,-0.30994152046783624,-0.5321637426900585,-0.39766081871345027,-0.7485380116959064,-0.4678362573099415,-0.8771929824561403,-0.5263157894736842,-1.0,-0.19883040935672514,-0.5555555555555556,-0.27485380116959063,-0.6198830409356725,-0.25146198830409355,-0.4152046783625731,-0.21052631578947367,-0.36257309941520466,-0.06432748538011696,-0.543859649122807,-0.13450292397660818,-0.6081871345029239,-0.12280701754385964,-0.4152046783625731,-0.08771929824561403,-0.3333333333333333,0.06432748538011696,-0.52046783625731,0.04093567251461988,-0.7134502923976608,0.0,-0.8128654970760234,-0.017543859649122806,-0.9239766081871345
6,0.0,0.0,-0.22988505747126436,-0.08045977011494253,-0.4367816091954023,-0.29310344827586204,-0.5862068965517241,-0.4367816091954023,-0.7298850574712644,-0.5057471264367817,-0.3218390804597701,-0.5287356321839081,-0.40229885057471265,-0.7471264367816092,-0.46551724137931033,-0.8735632183908046,-0.5172413793103449,-1.0,-0.20114942528735633,-0.5517241379310345,-0.27011494252873564,-0.5977011494252874,-0.25862068965517243,-0.40229885057471265,-0.22413793103448276,-0.3563218390804598,-0.06896551724137931,-0.5344827586206896,-0.13218390804597702,-0.5747126436781609,-0.12643678160919541,-0.39080459770114945,-0.09770114942528736,-0.3160919540229885,0.05747126436781609,-0.5114942528735632,0.034482758620689655,-0.7068965517241379,-0.005747126436781609,-0.8160919540229885,-0.022988505747126436,-0.9252873563218391
6,0.0,0.0,-0.2215909090909091,-0.07386363636363637,-0.42045454545454547,-0.2727272727272727,-0.5625,-0.4090909090909091,-0.7045454545454546,-0.48295454545454547,-0.32386363636363635,-0.5056818181818182,-0.4090909090909091,-0.7329545454545454,-0.4659090909090909,-0.8693181818181818,-0.5056818181818182,-1.0,-0.20454545454545456,-0.5340909090909091,-0.2727272727272727,-0.5852272727272727,-0.26136363636363635,-0.3977272727272727,-0.2215909090909091,-0.32954545454545453,-0.07386363636363637,-0.5227272727272727,-0.13636363636363635,-0.5625,-0.13636363636363635,-0.3806818181818182,-0.10795454545454546,-0.3068181818181818,0.05113636363636364,-0.5,0.03409090909090909,-0.6988636363636364,0.005681818181818182,-0.8011363636363636,-0.011363636363636364,-0.9090909090909091
6,0.0,0.0,-0.22598870056497175,-0.0847457627118644,-0.423728813559322,-0.2768361581920904,-0.5649717514124294,-0.4124293785310734,-0.711864406779661,-0.4858757062146893,-0.327683615819209,-0.5141242937853108,-0.4124293785310734,-0.7344632768361582,-0.4689265536723164,-0.8757062146892656,-0.5084745762711864,-1.0,-0.20903954802259886,-0.536723163841808,-0.2711864406779661,-0.5875706214689266,-0.2542372881355932,-0.384180790960452,-0.22598870056497175,-0.3389830508474576,-0.07909604519774012,-0.5254237288135594,-0.13559322033898305,-0.559322033898305,-0.12994350282485875,-0.3672316384180791,-0.1016949152542373,-0.2937853107344633,0.04519774011299435,-0.5028248587570622,0.022598870056497175,-0.711864406779661,-0.01694915254237288,-0.807909604519774,-0.02824858757062147,-0.9209039548022598
6,0.0,0.0,-0.22598870056497175,-0.07909604519774012,-0.4293785310734463,-0.2768361581920904,-0.5706214689265536,-0.4124293785310734,-0.711864406779661,-0.480225988700565,-0.3389830508474576,-0.5141242937853108,-0.423728813559322,-0.7344632768361582,-0.480225988700565,-0.8700564971751412,-0.519774011299435,-1.0,-0.22033898305084745,-0.536723163841808,-0.2824858757062147,-0.5819209039548022,-0.2655367231638418,-0.3954802259887006,-0.23163841807909605,-0.3333333333333333,-0.0903954802259887,-0.5254237288135594,-0.14689265536723164,-0.5706214689265536,-0.14689265536723164,-0.384180790960452,-0.11864406779661017,-0.3050847457627119,0.03389830508474576,-0.5028248587570622,0.022598870056497175,-0.7062146892655368,-0.005649717514124294,-0.807909604519774,-0.022598870056497175,-0.9152542372881356
6,0.0,0.0,-0.2215909090909091,-0.07386363636363637,-0.42045454545454547,-0.26704545454545453,-0.5625,-0.4034090909090909,-0.7102272727272727,-0.4715909090909091,-0.3352272727272727,-0.5056818181818182,-0.42045454545454547,-0.7329545454545454,-0.4715909090909091,-0.8693181818181818,-0.5056818181818182,-1.0,-0.2159090909090909,-0.5284090909090909,-0.2784090909090909,-0.5795454545454546,-0.26136363636363635,-0.38636363636363635,-0.22727272727272727,-0.3352272727272727,-0.09090909090909091,-0.5227272727272727,-0.1534090909090909,-0.5681818181818182,-0.14772727272727273,-0.375,-0.11363636363636363,-0.29545454545454547,0.03409090909090909,-0.5056818181818182,0.022727272727272728,-0.7045454545454546,-0.011363636363636364,-0.8011363636363636,-0.028409090909090908,-0.9090909090909091
6,0.0,0.0,-0.22285714285714286,-0.08571428571428572,-0.4228571428571429,-0.28,-0.5714285714285714,-0.4057142857142857,-0.7142857142857143,-0.46285714285714286,-0.3314285714285714,-0.52,-0.42857142857142855,-0.7428571428571429,-0.48,-0.8742857142857143,-0.52,-1.0,-0.21714285714285714,-0.5428571428571428,-0.28,-0.5771428571428572,-0.26285714285714284,-0.38857142857142857,-0.2342857142857143,-0.33714285714285713,-0.09142857142857143,-0.5371428571428571,-0.15428571428571428,-0.5714285714285714,-0.14857142857142858,-0.38285714285714284,-0.12571428571428572,-0.30857142857142855,0.02857142857142857,-0.5142857142857142,0.017142857142857144,-0.7085714285714285,-0.011428571428571429,-0.8057142857142857,-0.022857142857142857,-0.9142857142857143
6,0.0,0.0,-0.21714285714285714,-0.08571428571428572,-0.41714285714285715,-0.28,-0.56,-0.4,-0.7028571428571428,-0.46285714285714286,-0.32571428571428573,-0.5257142857142857,-0.41714285714285715,-0.7485714285714286,-0.4685714285714286,-0.88,-0.5028571428571429,-1.0,-0.2057142857142857,-0.5428571428571428,-0.2857142857142857,-0.5828571428571429,-0.2742857142857143,-0.4057142857142857,-0.2342857142857143,-0.34285714285714286,-0.08571428571428572,-0.5314285714285715,-0.1657142857142857,-0.5714285714285714,-0.16,-0.38857142857142857,-0.12571428571428572,-0.3028571428571429,0.03428571428571429,-0.5085714285714286,0.022857142857142857,-0.7028571428571428,-0.005714285714285714,-0.8,-0.011428571428571429,-0.9085714285714286
6,0.0,0.0,-0.2254335260115607,-0.09248554913294797,-0.4161849710982659,-0.2774566473988439,-0.5606936416184971,-0.3988439306358382,-0.7052023121387283,-0.45664739884393063,-0.3468208092485549,-0.5375722543352601,-0.4508670520231214,-0.7514450867052023,-0.5144508670520231,-0.8728323699421965,-0.5606936416184971,-1.0,-0.2254335260115607,-0.5722543352601156,-0.30057803468208094,-0.5838150289017341,-0.2774566473988439,-0.41040462427745666,-0.24277456647398843,-0.3583815028901734,-0.09826589595375723,-0.5606936416184971,-0.1676300578034682,-0.5780346820809249,-0.16184971098265896,-0.3988439306358382,-0.13872832369942195,-0.3179190751445087,0.023121387283236993,-0.5317919075144508,0.005780346820809248,-0.7109826589595376,-0.011560693641618497,-0.8092485549132948,-0.017341040462427744,-0.9132947976878613
6,0.0,0.0,-0.22941176470588234,-0.09411764705882353,-0.4117647058823529,-0.2823529411764706,-0.5588235294117647,-0.4176470588235294,-0.7,-0.48823529411764705,-0.3588235294117647,-0.5176470588235295,-0.48823529411764705,-0.7411764705882353,-0.5647058823529412,-0.8705882352941177,-0.6235294117647059,-1.0,-0.2411764705882353,-0.5470588235294118,-0.3058823529411765,-0.5882352941176471,-0.2823529411764706,-0.4117647058823529,-0.24705882352941178,-0.3411764705882353,-0.11764705882352941,-0.5411764705882353,-0.18235294117647058,-0.5823529411764706,-0.17647058823529413,-0.40588235294117647,-0.14705882352941177,-0.31176470588235294,0.0,-0.5176470588235295,-0.0058823529411764705,-0.7,-0.029411764705882353,-0.8,-0.041176470588235294,-0.9058823529411765
6,0.0,0.0,-0.23030303030303031,-0.08484848484848485,-0.4121212121212121,-0.28484848484848485,-0.5575757575757576,-0.42424242424242425,-0.703030303030303,-0.49696969696969695,-0.38181818181818183,-0.5333333333333333,-0.5151515151515151,-0.7515151515151515,-0.6,-0.8787878787878788,-0.6666666666666666,-1.0,-0.24848484848484848,-0.5696969696969697,-0.3151515151515151,-0.6060606060606061,-0.2909090909090909,-0.42424242424242425,-0.2606060606060606,-0.3515151515151515,-0.11515151515151516,-0.5515151515151515,-0.17575757575757575,-0.5878787878787879,-0.17575757575757575,-0.3939393939393939,-0.14545454545454545,-0.30303030303030304,0.006060606060606061,-0.5212121212121212,0.0,-0.6909090909090909,-0.030303030303030304,-0.7878787878787878,-0.04242424242424243,-0.9030303030303031
6,0.0,0.0,-0.23030303030303031,-0.09090909090909091,-0.42424242424242425,-0.2727272727272727,-0.5757575757575758,-0.37575757575757573,-0.7272727272727273,-0.4121212121212121,-0.3696969696969697,-0.5272727272727272,-0.5151515151515151,-0.7393939393939394,-0.6,-0.8787878787878788,-0.6666666666666666,-1.0,-0.24848484848484848,-0.5575757575757576,-0.3090909090909091,-0.593939393939394,-0.2787878787878788,-0.42424242424242425,-0.24242424242424243,-0.34545454545454546,-0.12121212121212122,-0.5515151515151515,-0.17575757575757575,-0.593939393939394,-0.16363636363636364,-0.41818181818181815,-0.1393939393939394,-0.3212121212121212,0.0,-0.5212121212121212,0.0,-0.6848484848484848,-0.012121212121212121,-0.7757575757575758,-0.024242424242424242,-0.8848484848484849
6,0.0,0.0,-0.2331288343558282,-0.07975460122699386,-0.43558282208588955,-0.25766871165644173,-0.5950920245398773,-0.3619631901840491,-0.7484662576687117,-0.38650306748466257,-0.3803680981595092,-0.5276073619631901,-0.5214723926380368,-0.7423312883435583,-0.6073619631901841,-0.8773006134969326,-0.6687116564417178,-1.0,-0.26380368098159507,-0.5521472392638037,-0.3374233128834356,-0.5950920245398773,-0.3128834355828221,-0.4171779141104294,-0.27607361963190186,-0.3496932515337423,-0.12883435582822086,-0.5460122699386503,-0.19631901840490798,-0.588957055214724,-0.1901840490797546,-0.3987730061349693,-0.15950920245398773,-0.3128834355828221,-0.006134969325153374,-0.5153374233128835,-0.012269938650306749,-0.6871165644171779,-0.03680981595092025,-0.7852760736196319,-0.04294478527607362,-0.901840490797546
6,0.0,0.0,-0.23493975903614459,-0.09036144578313253,-0.4397590361445783,-0.26506024096385544,-0.6144578313253012,-0.35542168674698793,-0.7650602409638554,-0.3795180722891566,-0.37349397590361444,-0.5180722891566265,-0.5060240963855421,-0.7349397590361446,-0.5843373493975904,-0.8734939759036144,-0.6445783132530121,-1.0,-0.2469879518072289,-0.536144578313253,-0.3253012048192771,-0.608433734939759,-0.29518072289156627,-0.4397590361445783,-0.25903614457831325,-0.35542168674698793,-0.12650602409638553,-0.5301204819277109,-0.18674698795180722,-0.5783132530120482,-0.1686746987951807,-0.39156626506024095,-0.13855421686746988,-0.29518072289156627,-0.006024096385542169,-0.5060240963855421,-0.018072289156626505,-0.6807228915662651,-0.03614457831325301,-0.7710843373493976,-0.060240963855421686,-0.8855421686746988
6,0.0,0.0,-0.23214285714285715,-0.08928571428571429,-0.43452380952380953,-0.2619047619047619,-0.6011904761904762,-0.35119047619047616,-0.75,-0.39285714285714285,-0.35119047619047616,-0.5297619047619048,-0.4583333333333333,-0.7440476190476191,-0.5357142857142857,-0.875,-0.5892857142857143,-1.0,-0.2261904761904762,-0.5476190476190477,-0.2916666666666667,-0.6011904761904762,-0.26785714285714285,-0.4226190476190476,-0.23214285714285715,-0.35119047619047616,-0.10119047619047619,-0.5357142857142857,-0.15476190476190477,-0.5773809523809523,-0.1488095238095238,-0.3869047619047619,-0.125,-0.30357142857142855,0.017857142857142856,-0.5059523809523809,0.011904761904761904,-0.6785714285714286,-0.011904761904761904,-0.7738095238095238,-0.02976190476190476,-0.8809523809523809
6,0.0,0.0,-0.23076923076923078,-0.08875739644970414,-0.44970414201183434,-0.26627218934911245,-0.621301775147929,-0.3609467455621302,-0.7692307692307693,-0.41420118343195267,-0.34911242603550297,-0.5266272189349113,-0.4556213017751479,-0.7455621301775148,-0.5266272189349113,-0.8757396449704142,-0.5739644970414202,-1.0,-0.23076923076923078,-0.5502958579881657,-0.28994082840236685,-0.621301775147929,-0.26627218934911245,-0.4319526627218935,-0.23076923076923078,-0.3609467455621302,-0.10059171597633136,-0.5384615384615384,-0.15384615384615385,-0.5976331360946746,-0.14201183431952663,-0.40828402366863903,-0.11834319526627218,-0.33136094674556216,0.029585798816568046,-0.514792899408284,0.011834319526627219,-0.6863905325443787,-0.005917159763313609,-0.7692307692307693,-0.011834319526627219,-0.8757396449704142
6,0.0,0.0,-0.23529411764705882,-0.08235294117647059,-0.45294117647058824,-0.25882352941176473,-0.6294117647058823,-0.35294117647058826,-0.7823529411764706,-0.4,-0.35294117647058826,-0.5235294117647059,-0.45294117647058824,-0.7411764705882353,-0.5235294117647059,-0.8705882352941177,-0.5705882352941176,-1.0,-0.2235294117647059,-0.5529411764705883,-0.27058823529411763,-0.611764705882353,-0.2411764705882353,-0.4235294117647059,-0.21176470588235294,-0.35294117647058826,-0.09411764705882353,-0.5470588235294118,-0.1411764705882353,-0.6,-0.12941176470588237,-0.4117647058823529,-0.10588235294117647,-0.32941176470588235,0.03529411764705882,-0.5235294117647059,0.023529411764705882,-0.7,0.0,-0.788235294117647,-0.01764705882352941,-0.8941176470588236
6,0.0,0.0,-0.23255813953488372,-0.0872093023255814,-0.45348837209302323,-0.2616279069767442,-0.622093023255814,-0.3488372093023256,-0.7732558139534884,-0.3953488372093023,-0.3372093023255814,-0.5232558139534884,-0.436046511627907,-0.7383720930232558,-0.5,-0.8662790697674418,-0.5465116279069767,-1.0,-0.21511627906976744,-0.5523255813953488,-0.27906976744186046,-0.622093023255814,-0.25,-0.4418604651162791,-0.20930232558139536,-0.37209302325581395,-0.08139534883720931,-0.5465116279069767,-0.13953488372093023,-0.5988372093023255,-0.12790697674418605,-0.4127906976744186,-0.10465116279069768,-0.3372093023255814,0.05813953488372093,-0.5232558139534884,0.03488372093023256,-0.6976744186046512,0.011627906976744186,-0.7790697674418605,-0.005813953488372093,-0.872093023255814
6,0.0,0.0,-0.2411764705882353,-0.08235294117647059,-0.4647058823529412,-0.24705882352941178,-0.6352941176470588,-0.3352941176470588,-0.7823529411764706,-0.38235294117647056,-0.3411764705882353,-0.5235294117647059,-0.4411764705882353,-0.7352941176470589,-0.5,-0.8647058823529412,-0.5470588235294118,-1.0,-0.21764705882352942,-0.5529411764705883,-0.27647058823529413,-0.6235294117647059,-0.24705882352941178,-0.43529411764705883,-0.21176470588235294,-0.3588235294117647,-0.07647058823529412,-0.5470588235294118,-0.1411764705882353,-0.6058823529411764,-0.12941176470588237,-0.4176470588235294,-0.10588235294117647,-0.32941176470588235,0.06470588235294118,-0.5235294117647059,0.041176470588235294,-0.7,0.01764705882352941,-0.7764705882352941,0.0,-0.8705882352941177
6,0.0,0.0,-0.2235294117647059,-0.07058823529411765,-0.4470588235294118,-0.23529411764705882,-0.6176470588235294,-0.31176470588235294,-0.7705882352941177,-0.34705882352941175,-0.3058823529411765,-0.5294117647058824,-0.4,-0.7411764705882353,-0.4588235294117647,-0.8705882352941177,-0.5058823529411764,-1.0,-0.17058823529411765,-0.5647058823529412,-0.22941176470588234,-0.611764705882353,-0.20588235294117646,-0.4294117647058823,-0.17058823529411765,-0.37058823529411766,-0.029411764705882353,-0.5529411764705883,-0.08823529411764706,-0.5764705882352941,-0.08823529411764706,-0.38823529411764707,-0.07058823529411765,-0.3235294117647059,0.11176470588235295,-0.5176470588235295,0.08235294117647059,-0.6823529411764706,0.052941176470588235,-0.7588235294117647,0.03529411764705882,-0.8588235294117647
6,0.0,0.0,-0.23076923076923078,-0.0650887573964497,-0.46745562130177515,-0.22485207100591717,-0.6449704142011834,-0.3076923076923077,-0.7988165680473372,-0.33727810650887574,-0.33727810650887574,-0.5266272189349113,-0.4260355029585799,-0.7396449704142012,-0.48520710059171596,-0.8698224852071006,-0.5325443786982249,-1.0,-0.20118343195266272,-0.5562130177514792,-0.24260355029585798,-0.621301775147929,-0.21893491124260356,-0.4378698224852071,-0.1893491124260355,-0.3668639053254438,-0.05917159763313609,-0.5443786982248521,-0.09467455621301775,-0.5680473372781065,-0.08875739644970414,-0.3905325443786982,-0.08284023668639054,-0.31952662721893493,0.08284023668639054,-0.514792899408284,0.05917159763313609,-0.6863905325443787,0.04142011834319527,-0.7751479289940828,0.01775147928994083,-0.8875739644970414
6,0.0,0.0,-0.23353293413173654,-0.059880239520958084,-0.46107784431137727,-0.2155688622754491,-0.6467065868263473,-0.2874251497005988,-0.8023952095808383,-0.31736526946107785,-0.3413173652694611,-0.5149700598802395,-0.437125748502994,-0.7365269461077845,-0.49101796407185627,-0.8682634730538922,-0.5329341317365269,-1.0,-0.20958083832335328,-0.5508982035928144,-0.25149700598802394,-0.5988023952095808,-0.2215568862275449,-0.41916167664670656,-0.19760479041916168,-0.3592814371257485,-0.0658682634730539,-0.5449101796407185,-0.10778443113772455,-0.5688622754491018,-0.09580838323353294,-0.38323353293413176,-0.08383233532934131,-0.2994011976047904,0.0658682634730539,-0.5329341317365269,0.04790419161676647,-0.718562874251497,0.03592814371257485,-0.8083832335329342,0.023952095808383235,-0.9221556886227545
6,0.0,0.0,-0.23353293413173654,-0.059880239520958084,-0.46107784431137727,-0.20958083832335328,-0.6467065868263473,-0.281437125748503,-0.8023952095808383,-0.31137724550898205,-0.3473053892215569,-0.5209580838323353,-0.4251497005988024,-0.7365269461077845,-0.48502994011976047,-0.8682634730538922,-0.5269461077844312,-1.0,-0.20958083832335328,-0.5508982035928144,-0.23353293413173654,-0.6107784431137725,-0.20958083832335328,-0.4251497005988024,-0.18562874251497005,-0.3532934131736527,-0.0658682634730539,-0.5449101796407185,-0.08982035928143713,-0.5688622754491018,-0.08383233532934131,-0.3772455089820359,-0.08383233532934131,-0.2874251497005988,0.0718562874251497,-0.5269461077844312,0.059880239520958084,-0.7125748502994012,0.059880239520958084,-0.8083832335329342,0.04790419161676647,-0.9281437125748503
6,0.0,0.0,-0.2392638036809816,-0.06134969325153374,-0.4723926380368098,-0.2147239263803681,-0.656441717791411,-0.3006134969325153,-0.8098159509202454,-0.32515337423312884,-0.3496932515337423,-0.5214723926380368,-0.43558282208588955,-0.7361963190184049,-0.5030674846625767,-0.8711656441717791,-0.5521472392638037,-1.0,-0.2085889570552147,-0.558282208588957,-0.24539877300613497,-0.6380368098159509,-0.22085889570552147,-0.4723926380368098,-0.19631901840490798,-0.38650306748466257,-0.06748466257668712,-0.5521472392638037,-0.09202453987730061,-0.5828220858895705,-0.08588957055214724,-0.3987730061349693,-0.07975460122699386,-0.3006134969325153,0.06748466257668712,-0.5337423312883436,0.05521472392638037,-0.7177914110429447,0.06748466257668712,-0.8220858895705522,0.06134969325153374,-0.9447852760736196
6,0.0,0.0,-0.23780487804878048,-0.06097560975609756,-0.4695121951219512,-0.21951219512195122,-0.6524390243902439,-0.29878048780487804,-0.8048780487804879,-0.32926829268292684,-0.34146341463414637,-0.5060975609756098,-0.43902439024390244,-0.7317073170731707,-0.5,-0.8658536585365854,-0.5487804878048781,-1.0,-0.2073170731707317,-0.5426829268292683,-0.23780487804878048,-0.6158536585365854,-0.21951219512195122,-0.4451219512195122,-0.1951219512195122,-0.3719512195121951,-0.06707317073170732,-0.5365853658536586,-0.08536585365853659,-0.573170731707317,-0.09146341463414634,-0.38414634146341464,-0.08536585365853659,-0.2926829268292683,0.06097560975609756,-0.5121951219512195,0.07926829268292683,-0.6951219512195121,0.09146341463414634,-0.7987804878048781,0.10365853658536585,-0.9207317073170732
6,0.0,0.0,-0.23493975903614459,-0.060240963855421686,-0.463855421686747,-0.21686746987951808,-0.6445783132530121,-0.30120481927710846,-0.7951807228915663,-0.3313253012048193,-0.3373493975903614,-0.5120481927710844,-0.42771084337349397,-0.7289156626506024,-0.4879518072289157,-0.8674698795180723,-0.536144578313253,-1.0,-0.20481927710843373,-0.536144578313253,-0.2289156626506024,-0.6144578313253012,-0.21084337349397592,-0.4457831325301205,-0.1927710843373494,-0.3614457831325301,-0.06626506024096386,-0.5240963855421686,-0.0783132530120482,-0.5662650602409639,-0.0783132530120482,-0.3795180722891566,-0.08433734939759036,-0.28313253012048195,0.07228915662650602,-0.5,0.0963855421686747,-0.6686746987951807,0.1144578313253012,-0.7771084337349398,0.12650602409638553,-0.9036144578313253
6,0.0,0.0,-0.23353293413173654,-0.059880239520958084,-0.46706586826347307,-0.23353293413173654,-0.6467065868263473,-0.32335329341317365,-0.7964071856287425,-0.3473053892215569,-0.3473053892215569,-0.5149700598802395,-0.4311377245508982,-0.7305389221556886,-0.49101796407185627,-0.8682634730538922,-0.5389221556886228,-1.0,-0.20958083832335328,-0.5449101796407185,-0.23952095808383234,-0.6347305389221557,-0.2215568862275449,-0.46706586826347307,-0.20359281437125748,-0.38323353293413176,-0.0718562874251497,-0.5329341317365269,-0.07784431137724551,-0.5748502994011976,-0.08383233532934131,-0.38922155688622756,-0.08982035928143713,-0.2874251497005988,0.0658682634730539,-0.5029940119760479,0.08982035928143713,-0.6706586826347305,0.11377245508982035,-0.7724550898203593,0.12574850299401197,-0.8982035928143712
6,0.0,0.0,-0.24242424242424243,-0.06666666666666667,-0.4666666666666667,-0.23030303030303031,-0.6424242424242425,-0.3212121212121212,-0.793939393939394,-0.3575757575757576,-0.3393939393939394,-0.509090909090909,-0.4303030303030303,-0.7272727272727273,-0.4909090909090909,-0.8666666666666667,-0.5454545454545454,-1.0,-0.2,-0.5333333333333333,-0.23030303030303031,-0.6303030303030303,-0.21818181818181817,-0.4666666666666667,-0.2,-0.3878787878787879,-0.06060606060606061,-0.5272727272727272,-0.06666666666666667,-0.5818181818181818,-0.07878787878787878,-0.4,-0.08484848484848485,-0.30303030303030304,0.07272727272727272,-0.503030303030303,0.09696969696969697,-0.6787878787878788,0.12121212121212122,-0.7818181818181819,0.13333333333333333,-0.9030303030303031
6,0.0,0.0,-0.22981366459627328,-0.06832298136645963,-0.4658385093167702,-0.2360248447204969,-0.639751552795031,-0.32919254658385094,-0.7950310559006211,-0.37267080745341613,-0.32919254658385094,-0.5217391304347826,-0.422360248447205,-0.7391304347826086,-0.4906832298136646,-0.8695652173913043,-0.5403726708074534,-1.0,-0.19254658385093168,-0.5527950310559007,-0.2111801242236025,-0.6086956521739131,-0.19875776397515527,-0.453416149068323,-0.18633540372670807,-0.39751552795031053,-0.049689440993788817,-0.5403726708074534,-0.055900621118012424,-0.577639751552795,-0.06832298136645963,-0.391304347826087,-0.07453416149068323,-0.3105590062111801,0.09316770186335403,-0.515527950310559,0.11180124223602485,-0.6894409937888198,0.13043478260869565,-0.7950310559006211,0.14285714285714285,-0.9192546583850931
6,0.0,0.0,-0.2389937106918239,-0.07547169811320754,-0.4716981132075472,-0.24528301886792453,-0.6540880503144654,-0.34591194968553457,-0.8113207547169812,-0.3836477987421384,-0.33962264150943394,-0.5220125786163522,-0.4276729559748428,-0.7421383647798742,-0.4968553459119497,-0.8679245283018868,-0.5534591194968553,-1.0,-0.1949685534591195,-0.5534591194968553,-0.22641509433962265,-0.6477987421383647,-0.2138364779874214,-0.4779874213836478,-0.1949685534591195,-0.3836477987421384,-0.050314465408805034,-0.5471698113207547,-0.06918238993710692,-0.5974842767295597,-0.08176100628930817,-0.41509433962264153,-0.08176100628930817,-0.31446540880503143,0.08176100628930817,-0.5283018867924528,0.10062893081761007,-0.710691823899371,0.11320754716981132,-0.8176100628930818,0.12578616352201258,-0.9433962264150944
6,0.0,0.0,-0.24516129032258063,-0.07096774193548387,-0.4838709677419355,-0.25161290322580643,-0.6645161290322581,-0.34838709677419355,-0.8258064516129032,-0.3935483870967742,-0.33548387096774196,-0.5419354838709678,-0.43870967741935485,-0.7483870967741936,-0.5096774193548387,-0.8709677419354839,-0.567741935483871,-1.0,-0.1935483870967742,-0.5741935483870968,-0.23870967741935484,-0.6516129032258065,-0.21935483870967742,-0.45161290322580644,-0.1935483870967742,-0.3741935483870968,-0.04516129032258064,-0.5612903225806452,-0.08387096774193549,-0.6,-0.09032258064516129,-0.4,-0.09032258064516129,-0.3096774193548387,0.0967741935483871,-0.535483870967742,0.0967741935483871,-0.7290322580645161,0.1032258064516129,-0.8387096774193549,0.10967741935483871,-0.9612903225806452
6,0.0,0.0,-0.24516129032258063,-0.07741935483870968,-0.4838709677419355,-0.2645161290322581,-0.6709677419354839,-0.36774193548387096,-0.8258064516129032,-0.4129032258064516,-0.34838709677419355,-0.5419354838709678,-0.44516129032258067,-0.7548387096774194,-0.5161290322580645,-0.8774193548387097,-0.5612903225806452,-1.0,-0.2129032258064516,-0.5741935483870968,-0.2709677419354839,-0.6580645161290323,-0.24516129032258063,-0.45806451612903226,-0.21935483870967742,-0.3741935483870968,-0.06451612903225806,-0.567741935483871,-0.12258064516129032,-0.6258064516129033,-0.12258064516129032,-0.432258064516129,-0.10967741935483871,-0.3419354838709677,0.07741935483870968,-0.5483870967741935,0.07741935483870968,-0.7548387096774194,0.08387096774193549,-0.864516129032258,0.09032258064516129,-0.9806451612903225
6,0.0,0.0,-0.23870967741935484,-0.07741935483870968,-0.47096774193548385,-0.2645161290322581,-0.6516129032258065,-0.36774193548387096,-0.8129032258064516,-0.4129032258064516,-0.33548387096774196,-0.5612903225806452,-0.44516129032258067,-0.7612903225806451,-0.5161290322580645,-0.8774193548387097,-0.5741935483870968,-1.0,-0.2,-0.5935483870967742,-0.2838709677419355,-0.6580645161290323,-0.2645161290322581,-0.45161290322580644,-0.22580645161290322,-0.3741935483870968,-0.05161290322580645,-0.5806451612903226,-0.13548387096774195,-0.6387096774193548,-0.12903225806451613,-0.432258064516129,-0.1032258064516129,-0.33548387096774196,0.09032258064516129,-0.5483870967741935,0.07096774193548387,-0.7419354838709677,0.06451612903225806,-0.8387096774193549,0.07741935483870968,-0.9548387096774194
6,0.0,0.0,-0.2360248447204969,-0.08695652173913043,-0.453416149068323,-0.2732919254658385,-0.6335403726708074,-0.37888198757763975,-0.7888198757763976,-0.42857142857142855,-0.33540372670807456,-0.5341614906832298,-0.422360248447205,-0.7391304347826086,-0.4906832298136646,-0.8695652173913043,-0.5341614906832298,-1.0,-0.20496894409937888,-0.5590062111801242,-0.2732919254658385,-0.6335403726708074,-0.2546583850931677,-0.4409937888198758,-0.21739130434782608,-0.37888198757763975,-0.062111801242236024,-0.5527950310559007,-0.13664596273291926,-0.6211180124223602,-0.13664596273291926,-0.43478260869565216,-0.10559006211180125,-0.34782608695652173,0.07453416149068323,-0.5217391304347826,0.062111801242236024,-0.7080745341614907,0.043478260869565216,-0.7950310559006211,0.043478260869565216,-0.9006211180124224
6,0.0,0.0,-0.23493975903614459,-0.08433734939759036,-0.4578313253012048,-0.26506024096385544,-0.6265060240963856,-0.37349397590361444,-0.7771084337349398,-0.42168674698795183,-0.3433734939759036,-0.5301204819277109,-0.42771084337349397,-0.7409638554216867,-0.4819277108433735,-0.8674698795180723,-0.5180722891566265,-1.0,-0.21686746987951808,-0.5542168674698795,-0.28313253012048195,-0.6204819277108434,-0.25903614457831325,-0.43373493975903615,-0.22289156626506024,-0.37349397590361444,-0.0783132530120482,-0.5421686746987951,-0.13855421686746988,-0.6024096385542169,-0.13253012048192772,-0.42168674698795183,-0.1144578313253012,-0.3433734939759036,0.060240963855421686,-0.5060240963855421,0.04819277108433735,-0.6807228915662651,0.030120481927710843,-0.7771084337349398,0.024096385542168676,-0.8795180722891566
6,0.0,0.0,-0.24096385542168675,-0.08433734939759036,-0.463855421686747,-0.2710843373493976,-0.6325301204819277,-0.3795180722891566,-0.7831325301204819,-0.42771084337349397,-0.3373493975903614,-0.536144578313253,-0.42771084337349397,-0.7409638554216867,-0.4879518072289157,-0.8674698795180723,-0.5301204819277109,-1.0,-0.20481927710843373,-0.572289156626506,-0.26506024096385544,-0.5903614457831325,-0.24096385542168675,-0.40963855421686746,-0.21686746987951808,-0.3614457831325301,-0.06626506024096386,-0.5542168674698795,-0.1144578313253012,-0.5662650602409639,-0.1144578313253012,-0.3795180722891566,-0.0963855421686747,-0.3132530120481928,0.07228915662650602,-0.5180722891566265,0.060240963855421686,-0.6746987951807228,0.04216867469879518,-0.7710843373493976,0.030120481927710843,-0.8795180722891566
6,0.0,0.0,-0.2468354430379747,-0.08860759493670886,-0.4810126582278481,-0.2848101265822785,-0.6582278481012658,-0.4050632911392405,-0.8227848101265823,-0.4620253164556962,-0.35443037974683544,-0.5569620253164557,-0.4430379746835443,-0.7531645569620253,-0.5,-0.8734177215189873,-0.5379746835443038,-1.0,-0.22151898734177214,-0.5822784810126582,-0.2911392405063291,-0.6392405063291139,-0.2721518987341772,-0.4430379746835443,-0.23417721518987342,-0.3860759493670886,-0.08227848101265822,-0.5632911392405063,-0.14556962025316456,-0.620253164556962,-0.14556962025316456,-0.4240506329113924,-0.12025316455696203,-0.34177215189873417,0.056962025316455694,-0.5316455696202531,0.04430379746835443,-0.7151898734177216,0.03164556962025317,-0.8037974683544303,0.02531645569620253,-0.9240506329113924
6,0.0,0.0,-0.26490066225165565,-0.09933774834437085,-0.5099337748344371,-0.2913907284768212,-0.7019867549668874,-0.41721854304635764,-0.8675496688741722,-0.47019867549668876,-0.3576158940397351,-0.5695364238410596,-0.44370860927152317,-0.7682119205298014,-0.5165562913907285,-0.8807947019867549,-0.5761589403973509,-1.0,-0.2251655629139073,-0.5960264900662252,-0.2913907284768212,-0.6821192052980133,-0.2781456953642384,-0.48344370860927155,-0.25165562913907286,-0.4105960264900662,-0.08609271523178808,-0.5827814569536424,-0.1390728476821192,-0.6490066225165563,-0.1456953642384106,-0.4503311258278146,-0.12582781456953643,-0.36423841059602646,0.052980132450331126,-0.5496688741721855,0.039735099337748346,-0.7483443708609272,0.019867549668874173,-0.8543046357615894,0.013245033112582781,-0.9801324503311258
6,0.0,0.0,-0.26490066225165565,-0.08609271523178808,-0.5099337748344371,-0.2781456953642384,-0.7019867549668874,-0.3973509933774834,-0.8741721854304636,-0.44370860927152317,-0.3509933774834437,-0.5761589403973509,-0.45695364238410596,-0.7682119205298014,-0.5364238410596026,-0.8807947019867549,-0.5960264900662252,-1.0,-0.2185430463576159,-0.609271523178808,-0.2913907284768212,-0.6357615894039735,-0.26490066225165565,-0.423841059602649,-0.2251655629139073,-0.39072847682119205,-0.0728476821192053,-0.5894039735099338,-0.13245033112582782,-0.609271523178808,-0.13245033112582782,-0.4105960264900662,-0.11258278145695365,-0.3509933774834437,0.06622516556291391,-0.5562913907284768,0.046357615894039736,-0.7417218543046358,0.019867549668874173,-0.847682119205298,0.019867549668874173,-0.9735099337748344
6,0.0,0.0,-0.2360248447204969,-0.08074534161490683,-0.4658385093167702,-0.2608695652173913,-0.6521739130434783,-0.36645962732919257,-0.8136645962732919,-0.40993788819875776,-0.32919254658385094,-0.546583850931677,-0.43478260869565216,-0.7515527950310559,-0.5093167701863354,-0.8757763975155279,-0.5714285714285714,-1.0,-0.19875776397515527,-0.5714285714285714,-0.2670807453416149,-0.6024844720496895,-0.2360248447204969,-0.40372670807453415,-0.19875776397515527,-0.35403726708074534,-0.062111801242236024,-0.5527950310559007,-0.11801242236024845,-0.577639751552795,-0.11180124223602485,-0.38509316770186336,-0.08695652173913043,-0.3105590062111801,0.06832298136645963,-0.515527950310559,0.055900621118012424,-0.6832298136645962,0.043478260869565216,-0.7763975155279503,0.043478260869565216,-0.8944099378881988
6,0.0,0.0,-0.2261904761904762,-0.07738095238095238,-0.44642857142857145,-0.2619047619047619,-0.6190476190476191,-0.35119047619047616,-0.7678571428571429,-0.39880952380952384,-0.30357142857142855,-0.5357142857142857,-0.40476190476190477,-0.7440476190476191,-0.47619047619047616,-0.875,-0.5297619047619048,-1.0,-0.17857142857142858,-0.5595238095238095,-0.25,-0.5892857142857143,-0.2261904761904762,-0.40476190476190477,-0.19047619047619047,-0.3392857142857143,-0.05357142857142857,-0.5416666666666666,-0.1130952380952381,-0.5654761904761905,-0.10714285714285714,-0.38095238095238093,-0.08928571428571429,-0.30357142857142855,0.07142857142857142,-0.5059523809523809,0.05357142857142857,-0.6666666666666666,0.041666666666666664,-0.7619047619047619,0.047619047619047616,-0.8690476190476191
6,0.0,0.0,-0.20809248554913296,-0.07514450867052024,-0.42196531791907516,-0.24855491329479767,-0.5953757225433526,-0.32947976878612717,-0.7398843930635838,-0.3699421965317919,-0.2947976878612717,-0.5260115606936416,-0.3699421965317919,-0.7456647398843931,-0.42196531791907516,-0.8786127167630058,-0.4682080924855491,-1.0,-0.1791907514450867,-0.5491329479768786,-0.24855491329479767,-0.5664739884393064,-0.2254335260115607,-0.3815028901734104,-0.18497109826589594,-0.3352601156069364,-0.05202312138728324,-0.5317919075144508,-0.10404624277456648,-0.5375722543352601,-0.09826589595375723,-0.3699421965317919,-0.07514450867052024,-0.31213872832369943,0.07514450867052024,-0.49710982658959535,0.057803468208092484,-0.653179190751445,0.04046242774566474,-0.7283236994219653,0.046242774566473986,-0.8265895953757225
6,0.0,0.0,-0.20903954802259886,-0.06779661016949153,-0.423728813559322,-0.23728813559322035,-0.5932203389830508,-0.3220338983050847,-0.7344632768361582,-0.3615819209039548,-0.2937853107344633,-0.5084745762711864,-0.3615819209039548,-0.7344632768361582,-0.4011299435028249,-0.8757062146892656,-0.4293785310734463,-1.0,-0.1807909604519774,-0.5254237288135594,-0.24858757062146894,-0.559322033898305,-0.22033898305084745,-0.3728813559322034,-0.1864406779661017,-0.3389830508474576,-0.05084745762711865,-0.5084745762711864,-0.10734463276836158,-0.536723163841808,-0.1016949152542373,-0.3615819209039548,-0.07344632768361582,-0.327683615819209,0.07344632768361582,-0.480225988700565,0.03954802259887006,-0.6271186440677966,0.022598870056497175,-0.6666666666666666,0.02824858757062147,-0.7457627118644068
6,0.0,0.0,-0.20786516853932585,-0.06179775280898876,-0.4157303370786517,-0.23595505617977527,-0.5786516853932584,-0.3258426966292135,-0.7247191011235955,-0.3651685393258427,-0.29775280898876405,-0.5,-0.3539325842696629,-0.7359550561797753,-0.39325842696629215,-0.8764044943820225,-0.42134831460674155,-1.0,-0.1797752808988764,-0.5168539325842697,-0.25280898876404495,-0.5674157303370787,-0.23595505617977527,-0.37640449438202245,-0.19662921348314608,-0.33707865168539325,-0.056179775280898875,-0.5,-0.11797752808988764,-0.5393258426966292,-0.11235955056179775,-0.3595505617977528,-0.08426966292134831,-0.3146067415730337,0.06179775280898876,-0.47191011235955055,0.03932584269662921,-0.6235955056179775,0.02247191011235955,-0.6292134831460674,0.033707865168539325,-0.6797752808988764
6,0.0,0.0,-0.20994475138121546,-0.06629834254143646,-0.4198895027624309,-0.23204419889502761,-0.580110497237569,-0.32044198895027626,-0.7292817679558011,-0.36464088397790057,-0.2983425414364641,-0.5027624309392266,-0.35359116022099446,-0.7292817679558011,-0.39779005524861877,-0.8729281767955801,-0.430939226519337,-1.0,-0.18232044198895028,-0.5193370165745856,-0.22099447513812154,-0.585635359116022,-0.19889502762430938,-0.40331491712707185,-0.1712707182320442,-0.3370165745856354,-0.055248618784530384,-0.5082872928176796,-0.08839779005524862,-0.569060773480663,-0.07734806629834254,-0.3812154696132597,-0.06629834254143646,-0.292817679558011,0.06629834254143646,-0.48066298342541436,0.06629834254143646,-0.6574585635359116,0.055248618784530384,-0.7569060773480663,0.03867403314917127,-0.8784530386740331
6,0.0,0.0,-0.20765027322404372,-0.060109289617486336,-0.4207650273224044,-0.22950819672131148,-0.5846994535519126,-0.31693989071038253,-0.726775956284153,-0.36065573770491804,-0.3114754098360656,-0.5136612021857924,-0.3551912568306011,-0.7377049180327869,-0.39344262295081966,-0.8743169398907104,-0.41530054644808745,-1.0,-0.1912568306010929,-0.5245901639344263,-0.22950819672131148,-0.5956284153005464,-0.20765027322404372,-0.40437158469945356,-0.18032786885245902,-0.33879781420765026,-0.060109289617486336,-0.5136612021857924,-0.08196721311475409,-0.5628415300546448,-0.07103825136612021,-0.3770491803278688,-0.06557377049180328,-0.29508196721311475,0.06557377049180328,-0.4918032786885246,0.0546448087431694,-0.6666666666666666,0.04371584699453552,-0.7650273224043715,0.03825136612021858,-0.8852459016393442
6,0.0,0.0,-0.20967741935483872,-0.05913978494623656,-0.43010752688172044,-0.22043010752688172,-0.5913978494623656,-0.3118279569892473,-0.7258064516129032,-0.3548387096774194,-0.3064516129032258,-0.5161290322580645,-0.34946236559139787,-0.7419354838709677,-0.3870967741935484,-0.8763440860215054,-0.41935483870967744,-1.0,-0.1827956989247312,-0.532258064516129,-0.22043010752688172,-0.6182795698924731,-0.1989247311827957,-0.43010752688172044,-0.16666666666666666,-0.3225806451612903,-0.05913978494623656,-0.521505376344086,-0.08602150537634409,-0.5860215053763441,-0.07526881720430108,-0.4032258064516129,-0.05913978494623656,-0.2956989247311828,0.06451612903225806,-0.4946236559139785,0.05913978494623656,-0.6666666666666666,0.053763440860215055,-0.7634408602150538,0.03763440860215054,-0.8763440860215054
6,0.0,0.0,-0.2127659574468085,-0.05851063829787234,-0.4308510638297872,-0.20212765957446807,-0.5904255319148937,-0.2925531914893617,-0.723404255319149,-0.3404255319148936,-0.30851063829787234,-0.5159574468085106,-0.34574468085106386,-0.7393617021276596,-0.3882978723404255,-0.8776595744680851,-0.4148936170212766,-1.0,-0.18617021276595744,-0.5319148936170213,-0.22340425531914893,-0.648936170212766,-0.2074468085106383,-0.4574468085106383,-0.18085106382978725,-0.3351063829787234,-0.05319148936170213,-0.5212765957446809,-0.0851063829787234,-0.6170212765957447,-0.06914893617021277,-0.4308510638297872,-0.05851063829787234,-0.324468085106383,0.07446808510638298,-0.5,0.0797872340425532,-0.675531914893617,0.06382978723404255,-0.7712765957446809,0.031914893617021274,-0.8829787234042553
6,0.0,0.0,-0.21621621621621623,-0.043243243243243246,-0.44324324324324327,-0.1891891891891892,-0.6108108108108108,-0.2864864864864865,-0.7513513513513513,-0.32432432432432434,-0.32432432432432434,-0.518918918918919,-0.3675675675675676,-0.7405405405405405,-0.41081081081081083,-0.8810810810810811,-0.43783783783783786,-1.0,-0.1945945945945946,-0.5405405405405406,-0.24324324324324326,-0.6810810810810811,-0.22162162162162163,-0.4864864864864865,-0.20540540540540542,-0.3621621621621622,-0.05945945945945946,-0.5297297297297298,-0.0972972972972973,-0.6486486486486487,-0.08108108108108109,-0.4594594594594595,-0.07027027027027027,-0.34594594594594597,0.07567567567567568,-0.5081081081081081,0.08648648648648649,-0.6864864864864865,0.07027027027027027,-0.772972972972973,0.032432432432432434,-0.8756756756756757
6,0.0,0.0,-0.21808510638297873,-0.05319148936170213,-0.44680851063829785,-0.19680851063829788,-0.6117021276595744,-0.2872340425531915,-0.7553191489361702,-0.324468085106383,-0.324468085106383,-0.5212765957446809,-0.3723404255319149,-0.7393617021276596,-0.4095744680851064,-0.8776595744680851,-0.44148936170212766,-1.0,-0.19148936170212766,-0.5372340425531915,-0.23404255319148937,-0.675531914893617,-0.2074468085106383,-0.4946808510638298,-0.18617021276595744,-0.3617021276595745,-0.05851063829787234,-0.5319148936170213,-0.09042553191489362,-0.6382978723404256,-0.06914893617021277,-0.4574468085106383,-0.05851063829787234,-0.34574468085106386,0.07446808510638298,-0.5053191489361702,0.0851063829787234,-0.6702127659574468,0.0797872340425532,-0.7553191489361702,0.047872340425531915,-0.8563829787234043
6,0.0,0.0,-0.21164021164021163,-0.05291005291005291,-0.43386243386243384,-0.19576719576719576,-0.5978835978835979,-0.2804232804232804,-0.7354497354497355,-0.32275132275132273,-0.31746031746031744,-0.5238095238095238,-0.36507936507936506,-0.7407407407407407,-0.4074074074074074,-0.8783068783068783,-0.43915343915343913,-1.0,-0.18518518518518517,-0.544973544973545,-0.2222222222222222,-0.6878306878306878,-0.20105820105820105,-0.4973544973544973,-0.19047619047619047,-0.36507936507936506,-0.05291005291005291,-0.5291005291005291,-0.07407407407407407,-0.6455026455026455,-0.0582010582010582,-0.455026455026455,-0.05291005291005291,-0.3333333333333333,0.08465608465608465,-0.49206349206349204,0.09523809523809523,-0.6613756613756614,0.09523809523809523,-0.746031746031746,0.06878306878306878,-0.8571428571428571
6,0.0,0.0,-0.2127659574468085,-0.05851063829787234,-0.43617021276595747,-0.20212765957446807,-0.601063829787234,-0.2872340425531915,-0.7340425531914894,-0.324468085106383,-0.31382978723404253,-0.5212765957446809,-0.3617021276595745,-0.7446808510638298,-0.39893617021276595,-0.8829787234042553,-0.43617021276595747,-1.0,-0.18085106382978725,-0.5372340425531915,-0.22340425531914893,-0.6808510638297872,-0.2074468085106383,-0.5053191489361702,-0.19148936170212766,-0.3723404255319149,-0.047872340425531915,-0.526595744680851,-0.0851063829787234,-0.6542553191489362,-0.06914893617021277,-0.48404255319148937,-0.05851063829787234,-0.3723404255319149,0.0851063829787234,-0.5,0.09574468085106383,-0.6702127659574468,0.09574468085106383,-0.7659574468085106,0.07446808510638298,-0.8723404255319149
6,0.0,0.0,-0.20634920634920634,-0.05291005291005291,-0.42857142857142855,-0.19576719576719576,-0.5873015873015873,-0.2857142857142857,-0.7248677248677249,-0.31746031746031744,-0.30687830687830686,-0.5238095238095238,-0.35978835978835977,-0.7407407407407407,-0.3968253968253968,-0.8783068783068783,-0.42857142857142855,-1.0,-0.17989417989417988,-0.5396825396825397,-0.2275132275132275,-0.6931216931216931,-0.21164021164021163,-0.5185185185185185,-0.19047619047619047,-0.37566137566137564,-0.05291005291005291,-0.5343915343915344,-0.08465608465608465,-0.671957671957672,-0.07407407407407407,-0.4973544973544973,-0.06349206349206349,-0.37566137566137564,0.07936507936507936,-0.5079365079365079,0.08465608465608465,-0.6878306878306878,0.08994708994708994,-0.7883597883597884,0.07936507936507936,-0.9047619047619048
6,0.0,0.0,-0.20634920634920634,-0.05291005291005291,-0.42857142857142855,-0.19047619047619047,-0.5873015873015873,-0.2751322751322751,-0.7248677248677249,-0.31216931216931215,-0.31746031746031744,-0.5291005291005291,-0.36507936507936506,-0.746031746031746,-0.4021164021164021,-0.8835978835978836,-0.43386243386243384,-1.0,-0.19047619047619047,-0.5502645502645502,-0.2222222222222222,-0.6931216931216931,-0.20634920634920634,-0.5132275132275133,-0.19047619047619047,-0.36507936507936506,-0.0582010582010582,-0.544973544973545,-0.07936507936507936,-0.6772486772486772,-0.06349206349206349,-0.4973544973544973,-0.06349206349206349,-0.37037037037037035,0.07407407407407407,-0.5185185185185185,0.07936507936507936,-0.6984126984126984,0.09523809523809523,-0.798941798941799,0.08994708994708994,-0.9206349206349206
6,0.0,0.0,-0.20634920634920634,-0.05291005291005291,-0.43386243386243384,-0.19576719576719576,-0.5978835978835979,-0.2857142857142857,-0.7301587301587301,-0.31746031746031744,-0.328042328042328,-0.5291005291005291,-0.37566137566137564,-0.746031746031746,-0.4126984126984127,-0.8835978835978836,-0.4444444444444444,-1.0,-0.20105820105820105,-0.5502645502645502,-0.23809523809523808,-0.6984126984126984,-0.2222222222222222,-0.5132275132275133,-0.20634920634920634,-0.36507936507936506,-0.06878306878306878,-0.544973544973545,-0.09523809523809523,-0.6825396825396826,-0.07936507936507936,-0.5026455026455027,-0.06878306878306878,-0.38095238095238093,0.06349206349206349,-0.5238095238095238,0.07407407407407407,-0.7037037037037037,0.08465608465608465,-0.8095238095238095,0.07936507936507936,-0.9312169312169312
6,0.0,0.0,-0.20212765957446807,-0.05851063829787234,-0.425531914893617,-0.20212765957446807,-0.5851063829787234,-0.28191489361702127,-0.7180851063829787,-0.31382978723404253,-0.31382978723404253,-0.5319148936170213,-0.3670212765957447,-0.75,-0.40425531914893614,-0.8829787234042553,-0.4308510638297872,-1.0,-0.19148936170212766,-0.5531914893617021,-0.22872340425531915,-0.6968085106382979,-0.22340425531914893,-0.5212765957446809,-0.21808510638297873,-0.3882978723404255,-0.06382978723404255,-0.5478723404255319,-0.09042553191489362,-0.6914893617021277,-0.0851063829787234,-0.5212765957446809,-0.0797872340425532,-0.39893617021276595,0.06914893617021277,-0.5212765957446809,0.0851063829787234,-0.7021276595744681,0.10106382978723404,-0.8085106382978723,0.10106382978723404,-0.925531914893617
6,0.0,0.0,-0.20430107526881722,-0.053763440860215055,-0.42473118279569894,-0.1935483870967742,-0.5913978494623656,-0.27419354838709675,-0.7311827956989247,-0.3118279569892473,-0.3225806451612903,-0.5268817204301075,-0.3709677419354839,-0.7473118279569892,-0.40860215053763443,-0.8817204301075269,-0.43010752688172044,-1.0,-0.1935483870967742,-0.5483870967741935,-0.22580645161290322,-0.6881720430107527,-0.21505376344086022,-0.5053763440860215,-0.20430107526881722,-0.3655913978494624,-0.06451612903225806,-0.543010752688172,-0.08602150537634409,-0.6720430107526881,-0.07526881720430108,-0.489247311827957,-0.06989247311827956,-0.3655913978494624,0.06989247311827956,-0.5161290322580645,0.08602150537634409,-0.6989247311827957,0.0913978494623656,-0.8064516129032258,0.0913978494623656,-0.9301075268817204
6,0.0,0.0,-0.1989247311827957,-0.053763440860215055,-0.41935483870967744,-0.1989247311827957,-0.5860215053763441,-0.2849462365591398,-0.7150537634408602,-0.3118279569892473,-0.3172043010752688,-0.532258064516129,-0.3709677419354839,-0.7526881720430108,-0.40860215053763443,-0.8870967741935484,-0.42473118279569894,-1.0,-0.1935483870967742,-0.553763440860215,-0.23655913978494625,-0.7043010752688172,-0.22580645161290322,-0.521505376344086,-0.20967741935483872,-0.3870967741935484,-0.06451612903225806,-0.543010752688172,-0.0967741935483871,-0.6935483870967742,-0.08602150537634409,-0.510752688172043,-0.07526881720430108,-0.3817204301075269,0.06451612903225806,-0.5161290322580645,0.08064516129032258,-0.6989247311827957,0.0913978494623656,-0.8064516129032258,0.08602150537634409,-0.9354838709677419
6,0.0,0.0,-0.2,-0.04864864864864865,-0.42702702702702705,-0.1945945945945946,-0.5891891891891892,-0.2810810810810811,-0.7189189189189189,-0.31351351351351353,-0.31891891891891894,-0.5351351351351351,-0.3675675675675676,-0.7513513513513513,-0.4,-0.8810810810810811,-0.42702702702702705,-1.0,-0.1891891891891892,-0.5567567567567567,-0.22702702702702704,-0.7027027027027027,-0.21621621621621623,-0.5135135135135135,-0.20540540540540542,-0.3675675675675676,-0.05945945945945946,-0.5513513513513514,-0.0918918918918919,-0.6918918918918919,-0.07567567567567568,-0.5027027027027027,-0.07027027027027027,-0.372972972972973,0.06486486486486487,-0.5297297297297298,0.08108108108108109,-0.7135135135135136,0.0918918918918919,-0.8162162162162162,0.08648648648648649,-0.9351351351351351
6,0.0,0.0,-0.20108695652173914,-0.04891304347826087,-0.42391304347826086,-0.1956521739130435,-0.5869565217391305,-0.2826086956521739,-0.717391304347826,-0.30978260869565216,-0.32065217391304346,-0.5380434782608695,-0.3695652173913043,-0.7554347826086957,-0.40217391304347827,-0.8858695652173914,-0.42391304347826086,-1.0,-0.19021739130434784,-0.5543478260869565,-0.23369565217391305,-0.7010869565217391,-0.22282608695652173,-0.5163043478260869,-0.21195652173913043,-0.3695652173913043,-0.059782608695652176,-0.5543478260869565,-0.09782608695652174,-0.6902173913043478,-0.08152173913043478,-0.5108695652173914,-0.07608695652173914,-0.3858695652173913,0.07065217391304347,-0.532608695652174,0.08152173913043478,-0.7119565217391305,0.09239130434782608,-0.8152173913043478,0.08695652173913043,-0.9347826086956522
6,0.0,0.0,-0.20320855614973263,-0.058823529411764705,-0.41711229946524064,-0.20320855614973263,-0.5721925133689839,-0.2887700534759358,-0.7005347593582888,-0.32085561497326204,-0.31016042780748665,-0.5294117647058824,-0.3582887700534759,-0.7486631016042781,-0.3850267379679144,-0.8823529411764706,-0.40641711229946526,-1.0,-0.18716577540106952,-0.5454545454545454,-0.22459893048128343,-0.6951871657754011,-0.21390374331550802,-0.5187165775401069,-0.20855614973262032,-0.37967914438502676,-0.058823529411764705,-0.5401069518716578,-0.09090909090909091,-0.6844919786096256,-0.0855614973262032,-0.5133689839572193,-0.0748663101604278,-0.39037433155080214,0.06951871657754011,-0.5133689839572193,0.09090909090909091,-0.7005347593582888,0.10160427807486631,-0.8074866310160428,0.10160427807486631,-0.9251336898395722
6,0.0,0.0,-0.19786096256684493,-0.058823529411764705,-0.41711229946524064,-0.20320855614973263,-0.5775401069518716,-0.2887700534759358,-0.7005347593582888,-0.3155080213903743,-0.3048128342245989,-0.5294117647058824,-0.35294117647058826,-0.7486631016042781,-0.37967914438502676,-0.8823529411764706,-0.40106951871657753,-1.0,-0.18181818181818182,-0.5401069518716578,-0.2192513368983957,-0.7112299465240641,-0.2192513368983957,-0.5401069518716578,-0.21390374331550802,-0.39037433155080214,-0.058823529411764705,-0.5294117647058824,-0.09090909090909091,-0.6898395721925134,-0.0855614973262032,-0.5187165775401069,-0.08021390374331551,-0.3850267379679144,0.06951871657754011,-0.49732620320855614,0.09090909090909091,-0.679144385026738,0.10695187165775401,-0.7914438502673797,0.10695187165775401,-0.9090909090909091
6,0.0,0.0,-0.20218579234972678,-0.060109289617486336,-0.41530054644808745,-0.19672131147540983,-0.5792349726775956,-0.2786885245901639,-0.7049180327868853,-0.31693989071038253,-0.31693989071038253,-0.5245901639344263,-0.37158469945355194,-0.7486338797814208,-0.40437158469945356,-0.8852459016393442,-0.4262295081967213,-1.0,-0.19672131147540983,-0.5409836065573771,-0.22404371584699453,-0.726775956284153,-0.22950819672131148,-0.5628415300546448,-0.22950819672131148,-0.4207650273224044,-0.06557377049180328,-0.5355191256830601,-0.09289617486338798,-0.726775956284153,-0.09836065573770492,-0.5573770491803278,-0.09289617486338798,-0.4262295081967213,0.060109289617486336,-0.5027322404371585,0.09289617486338798,-0.6830601092896175,0.10382513661202186,-0.7978142076502732,0.10382513661202186,-0.9180327868852459
6,0.0,0.0,-0.20652173913043478,-0.04891304347826087,-0.41847826086956524,-0.19021739130434784,-0.5760869565217391,-0.27717391304347827,-0.7065217391304348,-0.30978260869565216,-0.30978260869565216,-0.5217391304347826,-0.3641304347826087,-0.75,-0.3967391304347826,-0.8858695652173914,-0.41847826086956524,-1.0,-0.19021739130434784,-0.5434782608695652,-0.22282608695652173,-0.7282608695652174,-0.22282608695652173,-0.5760869565217391,-0.22282608695652173,-0.42934782608695654,-0.06521739130434782,-0.5380434782608695,-0.09239130434782608,-0.717391304347826,-0.09239130434782608,-0.5597826086956522,-0.09239130434782608,-0.43478260869565216,0.06521739130434782,-0.5054347826086957,0.09782608695652174,-0.6847826086956522,0.11413043478260869,-0.7934782608695652,0.11413043478260869,-0.9021739130434783
6,0.0,0.0,-0.20108695652173914,-0.05434782608695652,-0.41304347826086957,-0.1956521739130435,-0.5760869565217391,-0.28804347826086957,-0.7065217391304348,-0.32065217391304346,-0.31521739130434784,-0.5217391304347826,-0.3641304347826087,-0.7445652173913043,-0.3967391304347826,-0.8804347826086957,-0.41304347826086957,-1.0,-0.19021739130434784,-0.5380434782608695,-0.21739130434782608,-0.7228260869565217,-0.21739130434782608,-0.5597826086956522,-0.21195652173913043,-0.41304347826086957,-0.059782608695652176,-0.532608695652174,-0.08695652173913043,-0.7010869565217391,-0.08152173913043478,-0.532608695652174,-0.08152173913043478,-0.4076086956521739,0.06521739130434782,-0.4945652173913043,0.09239130434782608,-0.6793478260869565,0.10326086956521739,-0.782608695652174,0.09782608695652174,-0.9021739130434783
6,0.0,0.0,-0.1945945945945946,-0.05405405405405406,-0.41081081081081083,-0.2,-0.5675675675675675,-0.2918918918918919,-0.6972972972972973,-0.32432432432432434,-0.3027027027027027,-0.5297297297297298,-0.35135135135135137,-0.7513513513513513,-0.3783783783783784,-0.8864864864864865,-0.4,-1.0,-0.1783783783783784,-0.5459459459459459,-0.2,-0.7243243243243244,-0.20540540540540542,-0.5675675675675675,-0.21081081081081082,-0.41621621621621624,-0.05405405405405406,-0.5351351351351351,-0.08108108108108109,-0.7189189189189189,-0.08108108108108109,-0.5567567567567567,-0.08648648648648649,-0.42702702702702705,0.07027027027027027,-0.5027027027027027,0.0918918918918919,-0.6864864864864865,0.0972972972972973,-0.7945945945945946,0.0972972972972973,-0.9081081081081082
6,0.0,0.0,-0.1989247311827957,-0.053763440860215055,-0.40860215053763443,-0.1989247311827957,-0.5698924731182796,-0.2849462365591398,-0.6989247311827957,-0.3225806451612903,-0.3118279569892473,-0.521505376344086,-0.3602150537634409,-0.7473118279569892,-0.3924731182795699,-0.8817204301075269,-0.40860215053763443,-1.0,-0.1881720430107527,-0.5376344086021505,-0.21505376344086022,-0.7204301075268817,-0.21505376344086022,-0.553763440860215,-0.21505376344086022,-0.40860215053763443,-0.06451612903225806,-0.5268817204301075,-0.08602150537634409,-0.7150537634408602,-0.08602150537634409,-0.553763440860215,-0.08602150537634409,-0.43010752688172044,0.06451612903225806,-0.4946236559139785,0.08064516129032258,-0.6774193548387096,0.08602150537634409,-0.7849462365591398,0.08602150537634409,-0.8978494623655914
6,0.0,0.0,-0.2,-0.05945945945945946,-0.42162162162162165,-0.20540540540540542,-0.5837837837837838,-0.2918918918918919,-0.7135135135135136,-0.32432432432432434,-0.31351351351351353,-0.5405405405405406,-0.3675675675675676,-0.7567567567567568,-0.4,-0.8864864864864865,-0.41621621621621624,-1.0,-0.1891891891891892,-0.5513513513513514,-0.21621621621621623,-0.7189189189189189,-0.22702702702702704,-0.5513513513513514,-0.22702702702702704,-0.41081081081081083,-0.06486486486486487,-0.5405405405405406,-0.08648648648648649,-0.7081081081081081,-0.08648648648648649,-0.5351351351351351,-0.08648648648648649,-0.40540540540540543,0.05945945945945946,-0.5081081081081081,0.07027027027027027,-0.6864864864864865,0.07567567567567568,-0.7945945945945946,0.07027027027027027,-0.9135135135135135
6,0.0,0.0,-0.1989247311827957,-0.05913978494623656,-0.41935483870967744,-0.1989247311827957,-0.5752688172043011,-0.2903225806451613,-0.7096774193548387,-0.3225806451612903,-0.3172043010752688,-0.532258064516129,-0.3602150537634409,-0.7526881720430108,-0.3924731182795699,-0.8817204301075269,-0.41397849462365593,-1.0,-0.1935483870967742,-0.5483870967741935,-0.20967741935483872,-0.7150537634408602,-0.20967741935483872,-0.543010752688172,-0.20967741935483872,-0.3978494623655914,-0.06989247311827956,-0.5376344086021505,-0.0913978494623656,-0.7043010752688172,-0.08602150537634409,-0.5376344086021505,-0.08064516129032258,-0.41397849462365593,0.053763440860215055,-0.5053763440860215,0.05913978494623656,-0.6827956989247311,0.05913978494623656,-0.7849462365591398,0.053763440860215055,-0.9032258064516129
6,0.0,0.0,-0.20652173913043478,-0.059782608695652176,-0.41847826086956524,-0.20652173913043478,-0.5706521739130435,-0.29891304347826086,-0.7065217391304348,-0.33695652173913043,-0.32065217391304346,-0.5434782608695652,-0.3695652173913043,-0.7554347826086957,-0.40217391304347827,-0.8913043478260869,-0.42391304347826086,-1.0,-0.19021739130434784,-0.5543478260869565,-0.21195652173913043,-0.7119565217391305,-0.20652173913043478,-0.5217391304347826,-0.1956521739130435,-0.375,-0.06521739130434782,-0.5434782608695652,-0.08152173913043478,-0.6956521739130435,-0.07608695652173914,-0.5217391304347826,-0.07065217391304347,-0.3967391304347826,0.059782608695652176,-0.5163043478260869,0.07065217391304347,-0.6956521739130435,0.07065217391304347,-0.7989130434782609,0.06521739130434782,-0.9184782608695652
6,0.0,0.0,-0.21428571428571427,-0.054945054945054944,-0.42857142857142855,-0.21428571428571427,-0.5824175824175825,-0.31868131868131866,-0.7142857142857143,-0.3626373626373626,-0.31868131868131866,-0.5384615384615384,-0.36813186813186816,-0.7582417582417582,-0.41208791208791207,-0.8901098901098901,-0.4340659340659341,-1.0,-0.1978021978021978,-0.554945054945055,-0.23076923076923078,-0.6978021978021978,-0.22527472527472528,-0.5,-0.2087912087912088,-0.36813186813186816,-0.07142857142857142,-0.5494505494505495,-0.1043956043956044,-0.6923076923076923,-0.09340659340659341,-0.510989010989011,-0.08241758241758242,-0.3901098901098901,0.054945054945054944,-0.521978021978022,0.04945054945054945,-0.7087912087912088,0.038461538461538464,-0.8076923076923077,0.02197802197802198,-0.9230769230769231
6,0.0,0.0,-0.2122905027932961,-0.0670391061452514,-0.4245810055865922,-0.24022346368715083,-0.5698324022346368,-0.3463687150837989,-0.7039106145251397,-0.40782122905027934,-0.3016759776536313,-0.5363128491620112,-0.35195530726256985,-0.7597765363128491,-0.39664804469273746,-0.8938547486033519,-0.43575418994413406,-1.0,-0.18435754189944134,-0.5418994413407822,-0.24022346368715083,-0.6759776536312849,-0.22905027932960895,-0.48044692737430167,-0.20670391061452514,-0.3407821229050279,-0.061452513966480445,-0.5307262569832403,-0.11173184357541899,-0.664804469273743,-0.09497206703910614,-0.48044692737430167,-0.07262569832402235,-0.36312849162011174,0.061452513966480445,-0.5083798882681564,0.0446927374301676,-0.6983240223463687,0.0223463687150838,-0.7988826815642458,-0.00558659217877095,-0.9162011173184358
6,0.0,0.0,-0.20994475138121546,-0.06629834254143646,-0.4088397790055249,-0.2430939226519337,-0.5469613259668509,-0.35911602209944754,-0.6795580110497238,-0.425414364640884,-0.292817679558011,-0.5303867403314917,-0.3370165745856354,-0.7569060773480663,-0.3812154696132597,-0.8895027624309392,-0.4143646408839779,-1.0,-0.17679558011049723,-0.5414364640883977,-0.23204419889502761,-0.6629834254143646,-0.2154696132596685,-0.46408839779005523,-0.18232044198895028,-0.3370165745856354,-0.055248618784530384,-0.5303867403314917,-0.10497237569060773,-0.6464088397790055,-0.09392265193370165,-0.46408839779005523,-0.06629834254143646,-0.35359116022099446,0.06629834254143646,-0.5027624309392266,0.04419889502762431,-0.6961325966850829,0.011049723756906077,-0.7900552486187845,-0.027624309392265192,-0.8950276243093923
6,0.0,0.0,-0.20765027322404372,-0.07650273224043716,-0.4098360655737705,-0.2568306010928962,-0.5519125683060109,-0.37158469945355194,-0.6830601092896175,-0.4371584699453552,-0.29508196721311475,-0.5245901639344263,-0.34972677595628415,-0.7486338797814208,-0.39344262295081966,-0.8852459016393442,-0.4262295081967213,-1.0,-0.18579234972677597,-0.5409836065573771,-0.24043715846994534,-0.644808743169399,-0.21311475409836064,-0.44808743169398907,-0.18032786885245902,-0.32786885245901637,-0.06557377049180328,-0.5300546448087432,-0.11475409836065574,-0.639344262295082,-0.09836065573770492,-0.45901639344262296,-0.06557377049180328,-0.3442622950819672,0.0546448087431694,-0.5136612021857924,0.0273224043715847,-0.7103825136612022,-0.01639344262295082,-0.8142076502732241,-0.0546448087431694,-0.9234972677595629
6,0.0,0.0,-0.2154696132596685,-0.06629834254143646,-0.4198895027624309,-0.24861878453038674,-0.5580110497237569,-0.3701657458563536,-0.6906077348066298,-0.430939226519337,-0.30386740331491713,-0.5248618784530387,-0.35911602209944754,-0.7513812154696132,-0.39779005524861877,-0.8839779005524862,-0.4198895027624309,-1.0,-0.1878453038674033,-0.5359116022099447,-0.24861878453038674,-0.6408839779005525,-0.2265193370165746,-0.44751381215469616,-0.19337016574585636,-0.3259668508287293,-0.06629834254143646,-0.5303867403314917,-0.11602209944751381,-0.6353591160220995,-0.10497237569060773,-0.4530386740331492,-0.07734806629834254,-0.3370165745856354,0.06077348066298342,-0.5082872928176796,0.03314917127071823,-0.7071823204419889,-0.016574585635359115,-0.8066298342541437,-0.06077348066298342,-0.9171270718232044
6,0.0,0.0,-0.2154696132596685,-0.06629834254143646,-0.4143646408839779,-0.24861878453038674,-0.5580110497237569,-0.3701657458563536,-0.6906077348066298,-0.43646408839779005,-0.292817679558011,-0.5193370165745856,-0.3425414364640884,-0.7458563535911602,-0.3812154696132597,-0.8839779005524862,-0.4143646408839779,-1.0,-0.18232044198895028,-0.5303867403314917,-0.23756906077348067,-0.6243093922651933,-0.2154696132596685,-0.430939226519337,-0.18232044198895028,-0.3149171270718232,-0.06077348066298342,-0.5248618784530387,-0.11602209944751381,-0.6298342541436464,-0.09944751381215469,-0.44751381215469616,-0.0718232044198895,-0.3370165745856354,0.06077348066298342,-0.5138121546961326,0.027624309392265192,-0.712707182320442,-0.027624309392265192,-0.8121546961325967,-0.08287292817679558,-0.9171270718232044
6,0.0,0.0,-0.21311475409836064,-0.07103825136612021,-0.41530054644808745,-0.2568306010928962,-0.5573770491803278,-0.37158469945355194,-0.6885245901639344,-0.43169398907103823,-0.28415300546448086,-0.5191256830601093,-0.3442622950819672,-0.7431693989071039,-0.3879781420765027,-0.8852459016393442,-0.4207650273224044,-1.0,-0.17486338797814208,-0.5355191256830601,-0.24043715846994534,-0.6229508196721312,-0.21311475409836064,-0.4371584699453552,-0.17486338797814208,-0.32786885245901637,-0.0546448087431694,-0.5300546448087432,-0.12021857923497267,-0.6284153005464481,-0.10382513661202186,-0.44808743169398907,-0.07650273224043716,-0.3442622950819672,0.06557377049180328,-0.5081967213114754,0.04371584699453552,-0.6994535519125683,-0.00546448087431694,-0.7868852459016393,-0.04918032786885246,-0.8743169398907104
6,0.0,0.0,-0.21311475409836064,-0.07103825136612021,-0.4207650273224044,-0.25136612021857924,-0.5737704918032787,-0.36065573770491804,-0.7103825136612022,-0.4262295081967213,-0.3005464480874317,-0.5136612021857924,-0.36065573770491804,-0.7431693989071039,-0.3989071038251366,-0.8797814207650273,-0.43169398907103823,-1.0,-0.18579234972677597,-0.5355191256830601,-0.24043715846994534,-0.6284153005464481,-0.2185792349726776,-0.4371584699453552,-0.18032786885245902,-0.32786885245901637,-0.06557377049180328,-0.5300546448087432,-0.12568306010928962,-0.639344262295082,-0.1092896174863388,-0.45901639344262296,-0.08196721311475409,-0.34972677595628415,0.060109289617486336,-0.5191256830601093,0.0273224043715847,-0.7103825136612022,-0.02185792349726776,-0.8087431693989071,-0.06557377049180328,-0.907103825136612
6,0.0,0.0,-0.2185792349726776,-0.06557377049180328,-0.43169398907103823,-0.24043715846994534,-0.5956284153005464,-0.3333333333333333,-0.73224043715847,-0.3879781420765027,-0.30601092896174864,-0.5136612021857924,-0.366120218579235,-0.7431693989071039,-0.41530054644808745,-0.8797814207650273,-0.44808743169398907,-1.0,-0.19672131147540983,-0.5355191256830601,-0.2568306010928962,-0.6284153005464481,-0.22950819672131148,-0.4371584699453552,-0.1912568306010929,-0.32786885245901637,-0.07103825136612021,-0.5300546448087432,-0.13114754098360656,-0.6229508196721312,-0.1092896174863388,-0.4426229508196721,-0.08196721311475409,-0.3442622950819672,0.0546448087431694,-0.5136612021857924,0.02185792349726776,-0.7049180327868853,-0.02185792349726776,-0.7978142076502732,-0.060109289617486336,-0.8961748633879781
6,0.0,0.0,-0.2265193370165746,-0.055248618784530384,-0.4530386740331492,-0.22099447513812154,-0.6243093922651933,-0.30939226519337015,-0.7679558011049724,-0.35911602209944754,-0.3370165745856354,-0.5138121546961326,-0.4088397790055249,-0.7403314917127072,-0.46408839779005523,-0.8784530386740331,-0.4972375690607735,-1.0,-0.22099447513812154,-0.5359116022099447,-0.281767955801105,-0.6298342541436464,-0.24861878453038674,-0.430939226519337,-0.20994475138121546,-0.3259668508287293,-0.08839779005524862,-0.5359116022099447,-0.143646408839779,-0.6243093922651933,-0.11602209944751381,-0.4419889502762431,-0.08839779005524862,-0.3425414364640884,0.04419889502762431,-0.5248618784530387,0.011049723756906077,-0.7182320441988951,-0.03867403314917127,-0.8121546961325967,-0.08287292817679558,-0.9171270718232044
6,0.0,0.0,-0.2222222222222222,-0.06111111111111111,-0.46111111111111114,-0.21666666666666667,-0.6333333333333333,-0.3,-0.7833333333333333,-0.34444444444444444,-0.3388888888888889,-0.5222222222222223,-0.4388888888888889,-0.7444444444444445,-0.5111111111111111,-0.8833333333333333,-0.5611111111111111,-1.0,-0.2222222222222222,-0.55,-0.29444444444444445,-0.65,-0.2611111111111111,-0.4444444444444444,-0.21666666666666667,-0.3333333333333333,-0.09444444444444444,-0.55,-0.16666666666666666,-0.65,-0.13333333333333333,-0.46111111111111114,-0.1,-0.35,0.03333333333333333,-0.5388888888888889,-0.011111111111111112,-0.7388888888888889,-0.05,-0.8444444444444444,-0.08333333333333333,-0.9555555555555556
6,0.0,0.0,-0.2222222222222222,-0.05555555555555555,-0.4666666666666667,-0.2222222222222222,-0.6388888888888888,-0.3055555555555556,-0.7944444444444444,-0.34444444444444444,-0.35,-0.5277777777777778,-0.45555555555555555,-0.7444444444444445,-0.5333333333333333,-0.8833333333333333,-0.5888888888888889,-1.0,-0.22777777777777777,-0.5555555555555556,-0.3055555555555556,-0.6555555555555556,-0.2722222222222222,-0.45,-0.2222222222222222,-0.3333333333333333,-0.1,-0.5555555555555556,-0.16666666666666666,-0.6555555555555556,-0.13333333333333333,-0.46111111111111114,-0.09444444444444444,-0.35,0.027777777777777776,-0.5444444444444444,-0.016666666666666666,-0.75,-0.05555555555555555,-0.8555555555555555,-0.08333333333333333,-0.9722222222222222
6,0.0,0.0,-0.2346368715083799,-0.061452513966480445,-0.4748603351955307,-0.22905027932960895,-0.6480446927374302,-0.3240223463687151,-0.7988826815642458,-0.3687150837988827,-0.35195530726256985,-0.5251396648044693,-0.4581005586592179,-0.7486033519553073,-0.5363128491620112,-0.88268156424581,-0.6033519553072626,-1.0,-0.2346368715083799,-0.5586592178770949,-0.3128491620111732,-0.6424581005586593,-0.2681564245810056,-0.44692737430167595,-0.21787709497206703,-0.33519553072625696,-0.1005586592178771,-0.5586592178770949,-0.17318435754189945,-0.6536312849162011,-0.13966480446927373,-0.46368715083798884,-0.1005586592178771,-0.35195530726256985,0.027932960893854747,-0.547486033519553,-0.01675977653631285,-0.7541899441340782,-0.061452513966480445,-0.8603351955307262,-0.1005586592178771,-0.9776536312849162
6,0.0,0.0,-0.23076923076923078,-0.06043956043956044,-0.46153846153846156,-0.23076923076923078,-0.6318681318681318,-0.32967032967032966,-0.7802197802197802,-0.3791208791208791,-0.34615384615384615,-0.5164835164835165,-0.44505494505494503,-0.7362637362637363,-0.5274725274725275,-0.8736263736263736,-0.5879120879120879,-1.0,-0.22527472527472528,-0.5494505494505495,-0.29120879120879123,-0.6483516483516484,-0.25274725274725274,-0.45604395604395603,-0.2087912087912088,-0.33516483516483514,-0.08791208791208792,-0.5439560439560439,-0.15384615384615385,-0.6428571428571429,-0.12637362637362637,-0.45604395604395603,-0.09340659340659341,-0.34615384615384615,0.04395604395604396,-0.532967032967033,0.02197802197802198,-0.7197802197802198,-0.005494505494505495,-0.8131868131868132,-0.03296703296703297,-0.9230769230769231
6,0.0,0.0,-0.2388888888888889,-0.06666666666666667,-0.4666666666666667,-0.23333333333333334,-0.6333333333333333,-0.3388888888888889,-0.7777777777777778,-0.3888888888888889,-0.34444444444444444,-0.5222222222222223,-0.45,-0.7388888888888889,-0.5277777777777778,-0.8777777777777778,-0.5888888888888889,-1.0,-0.2222222222222222,-0.5444444444444444,-0.28888888888888886,-0.6555555555555556,-0.25555555555555554,-0.45,-0.21666666666666667,-0.3388888888888889,-0.08888888888888889,-0.5444444444444444,-0.15,-0.65,-0.12777777777777777,-0.45555555555555555,-0.1,-0.35,0.044444444444444446,-0.5222222222222223,0.044444444444444446,-0.7166666666666667,0.027777777777777776,-0.8166666666666667,0.005555555555555556,-0.9333333333333333
6,0.0,0.0,-0.22950819672131148,-0.07103825136612021,-0.44808743169398907,-0.2459016393442623,-0.6120218579234973,-0.3442622950819672,-0.7486338797814208,-0.39344262295081966,-0.31693989071038253,-0.5245901639344263,-0.4098360655737705,-0.7431693989071039,-0.4808743169398907,-0.8797814207650273,-0.5300546448087432,-1.0,-0.19672131147540983,-0.5409836065573771,-0.2677595628415301,-0.6557377049180327,-0.2459016393442623,-0.45901639344262296,-0.20765027322404372,-0.3442622950819672,-0.07103825136612021,-0.5355191256830601,-0.13114754098360656,-0.639344262295082,-0.11475409836065574,-0.44808743169398907,-0.08196721311475409,-0.33879781420765026,0.060109289617486336,-0.5081967213114754,0.07103825136612021,-0.6994535519125683,0.06557377049180328,-0.8032786885245902,0.060109289617486336,-0.9289617486338798
6,0.0,0.0,-0.22282608695652173,-0.07065217391304347,-0.44565217391304346,-0.2391304347826087,-0.6032608695652174,-0.33695652173913043,-0.7391304347826086,-0.3858695652173913,-0.31521739130434784,-0.5217391304347826,-0.4076086956521739,-0.7391304347826086,-0.4673913043478261,-0.875,-0.5163043478260869,-1.0,-0.19021739130434784,-0.5380434782608695,-0.2554347826086957,-0.6413043478260869,-0.23369565217391305,-0.44021739130434784,-0.20108695652173914,-0.32608695652173914,-0.059782608695652176,-0.5217391304347826,-0.11413043478260869,-0.6141304347826086,-0.09782608695652174,-0.42391304347826086,-0.07608695652173914,-0.30978260869565216,0.07065217391304347,-0.4945652173913043,0.08695652173913043,-0.6793478260869565,0.08152173913043478,-0.782608695652174,0.07608695652173914,-0.907608695652174
6,0.0,0.0,-0.22702702702702704,-0.06486486486486487,-0.44324324324324327,-0.23243243243243245,-0.6054054054054054,-0.32972972972972975,-0.7405405405405405,-0.372972972972973,-0.3081081081081081,-0.5135135135135135,-0.3891891891891892,-0.7297297297297297,-0.4486486486486487,-0.8702702702702703,-0.4918918918918919,-1.0,-0.1891891891891892,-0.5351351351351351,-0.24864864864864866,-0.6324324324324324,-0.22702702702702704,-0.43243243243243246,-0.2,-0.32972972972972975,-0.05405405405405406,-0.518918918918919,-0.10810810810810811,-0.6054054054054054,-0.0972972972972973,-0.41621621621621624,-0.07567567567567568,-0.3081081081081081,0.07567567567567568,-0.4918918918918919,0.0972972972972973,-0.6810810810810811,0.0972972972972973,-0.7837837837837838,0.0918918918918919,-0.9027027027027027
6,0.0,0.0,-0.2192513368983957,-0.06951871657754011,-0.4385026737967914,-0.23529411764705882,-0.5935828877005348,-0.3315508021390374,-0.7272727272727273,-0.37433155080213903,-0.2994652406417112,-0.5187165775401069,-0.37433155080213903,-0.7379679144385026,-0.42780748663101603,-0.8770053475935828,-0.45989304812834225,-1.0,-0.1711229946524064,-0.5347593582887701,-0.2192513368983957,-0.6417112299465241,-0.21390374331550802,-0.44385026737967914,-0.18716577540106952,-0.32620320855614976,-0.0374331550802139,-0.5187165775401069,-0.0748663101604278,-0.5989304812834224,-0.08021390374331551,-0.40641711229946526,-0.06951871657754011,-0.2994652406417112,0.09090909090909091,-0.48663101604278075,0.11764705882352941,-0.6684491978609626,0.12834224598930483,-0.7647058823529411,0.12834224598930483,-0.8877005347593583
6,0.0,0.0,-0.2222222222222222,-0.06349206349206349,-0.43386243386243384,-0.2222222222222222,-0.5873015873015873,-0.31746031746031744,-0.7248677248677249,-0.35978835978835977,-0.2962962962962963,-0.5132275132275133,-0.35978835978835977,-0.7301587301587301,-0.4021164021164021,-0.873015873015873,-0.43386243386243384,-1.0,-0.1693121693121693,-0.5291005291005291,-0.20634920634920634,-0.6296296296296297,-0.19576719576719576,-0.43915343915343913,-0.1746031746031746,-0.32275132275132273,-0.037037037037037035,-0.5079365079365079,-0.06349206349206349,-0.5767195767195767,-0.06878306878306878,-0.3915343915343915,-0.06349206349206349,-0.2857142857142857,0.08994708994708994,-0.4708994708994709,0.12169312169312169,-0.6455026455026455,0.13227513227513227,-0.746031746031746,0.13227513227513227,-0.8677248677248677
6,0.0,0.0,-0.21578947368421053,-0.06842105263157895,-0.4263157894736842,-0.23157894736842105,-0.5842105263157895,-0.3263157894736842,-0.7157894736842105,-0.3684210526315789,-0.28421052631578947,-0.5210526315789473,-0.34210526315789475,-0.7368421052631579,-0.38421052631578945,-0.8736842105263158,-0.4105263157894737,-1.0,-0.15789473684210525,-0.5368421052631579,-0.18947368421052632,-0.6526315789473685,-0.18421052631578946,-0.45789473684210524,-0.1631578947368421,-0.3368421052631579,-0.021052631578947368,-0.5105263157894737,-0.05263157894736842,-0.5842105263157895,-0.05789473684210526,-0.39473684210526316,-0.05263157894736842,-0.28421052631578947,0.10526315789473684,-0.47368421052631576,0.14210526315789473,-0.6473684210526316,0.15263157894736842,-0.7473684210526316,0.15263157894736842,-0.8578947368421053
6,0.0,0.0,-0.21465968586387435,-0.06806282722513089,-0.418848167539267,-0.23036649214659685,-0.5759162303664922,-0.32460732984293195,-0.7068062827225131,-0.36649214659685864,-0.27225130890052357,-0.518324607329843,-0.3298429319371728,-0.7382198952879581,-0.3717277486910995,-0.8743455497382199,-0.4031413612565445,-1.0,-0.14659685863874344,-0.5287958115183246,-0.18848167539267016,-0.6335078534031413,-0.18848167539267016,-0.44502617801047123,-0.17277486910994763,-0.3298429319371728,-0.015706806282722512,-0.5078534031413613,-0.04712041884816754,-0.5706806282722513,-0.05759162303664921,-0.39267015706806285,-0.06282722513089005,-0.28272251308900526,0.11518324607329843,-0.4712041884816754,0.1518324607329843,-0.643979057591623,0.16230366492146597,-0.743455497382199,0.15706806282722513,-0.8586387434554974
6,0.0,0.0,-0.21025641025641026,-0.06666666666666667,-0.41025641025641024,-0.23076923076923078,-0.5641025641025641,-0.3230769230769231,-0.6923076923076923,-0.36923076923076925,-0.2717948717948718,-0.5025641025641026,-0.3230769230769231,-0.7282051282051282,-0.358974358974359,-0.8717948717948718,-0.37948717948717947,-1.0,-0.14871794871794872,-0.517948717948718,-0.18974358974358974,-0.6102564102564103,-0.1794871794871795,-0.4307692307692308,-0.15897435897435896,-0.31794871794871793,-0.015384615384615385,-0.49743589743589745,-0.05128205128205128,-0.5692307692307692,-0.05641025641025641,-0.39487179487179486,-0.05128205128205128,-0.2923076923076923,0.1076923076923077,-0.4666666666666667,0.14358974358974358,-0.6410256410256411,0.15897435897435896,-0.7333333333333333,0.15897435897435896,-0.8461538461538461
6,0.0,0.0,-0.20725388601036268,-0.06217616580310881,-0.41450777202072536,-0.22797927461139897,-0.5647668393782384,-0.32124352331606215,-0.694300518134715,-0.36787564766839376,-0.27461139896373055,-0.5181347150259067,-0.32124352331606215,-0.7357512953367875,-0.35751295336787564,-0.8756476683937824,-0.38341968911917096,-1.0,-0.14507772020725387,-0.5284974093264249,-0.18134715025906736,-0.6269430051813472,-0.18134715025906736,-0.44559585492227977,-0.16580310880829016,-0.32642487046632124,-0.015544041450777202,-0.5077720207253886,-0.04145077720207254,-0.5803108808290155,-0.046632124352331605,-0.39896373056994816,-0.05181347150259067,-0.2849740932642487,0.11398963730569948,-0.47150259067357514,0.15025906735751296,-0.6373056994818653,0.17098445595854922,-0.7305699481865285,0.17616580310880828,-0.844559585492228
6,0.0,0.0,-0.20812182741116753,-0.07614213197969544,-0.40609137055837563,-0.2436548223350254,-0.5532994923857868,-0.3401015228426396,-0.6852791878172588,-0.38071065989847713,-0.25380710659898476,-0.5177664974619289,-0.29949238578680204,-0.7360406091370558,-0.3401015228426396,-0.8781725888324873,-0.37055837563451777,-1.0,-0.1319796954314721,-0.5228426395939086,-0.16751269035532995,-0.6243654822335025,-0.17258883248730963,-0.4517766497461929,-0.15736040609137056,-0.3401015228426396,0.0,-0.5025380710659898,-0.030456852791878174,-0.583756345177665,-0.04568527918781726,-0.41116751269035534,-0.04568527918781726,-0.3096446700507614,0.12690355329949238,-0.467005076142132,0.16751269035532995,-0.6395939086294417,0.17766497461928935,-0.7309644670050761,0.18274111675126903,-0.8426395939086294
6,0.0,0.0,-0.19796954314720813,-0.07614213197969544,-0.39593908629441626,-0.2436548223350254,-0.5482233502538071,-0.3350253807106599,-0.6751269035532995,-0.38071065989847713,-0.24873096446700507,-0.5177664974619289,-0.29441624365482233,-0.7360406091370558,-0.3299492385786802,-0.8730964467005076,-0.3553299492385787,-1.0,-0.1218274111675127,-0.5279187817258884,-0.16243654822335024,-0.6192893401015228,-0.16243654822335024,-0.4365482233502538,-0.14720812182741116,-0.3299492385786802,0.005076142131979695,-0.5025380710659898,-0.030456852791878174,-0.5888324873096447,-0.04060913705583756,-0.41116751269035534,-0.04060913705583756,-0.3096446700507614,0.1319796954314721,-0.467005076142132,0.16751269035532995,-0.6395939086294417,0.18274111675126903,-0.7309644670050761,0.19289340101522842,-0.8426395939086294
6,0.0,0.0,-0.20918367346938777,-0.07142857142857142,-0.4030612244897959,-0.24489795918367346,-0.5510204081632653,-0.34183673469387754,-0.6836734693877551,-0.3826530612244898,-0.24489795918367346,-0.5204081632653061,-0.29591836734693877,-0.7397959183673469,-0.33163265306122447,-0.8775510204081632,-0.3469387755102041,-1.0,-0.12244897959183673,-0.5255102040816326,-0.15816326530612246,-0.6224489795918368,-0.16326530612244897,-0.4387755102040816,-0.14795918367346939,-0.33163265306122447,0.00510204081632653,-0.5,-0.025510204081632654,-0.576530612244898,-0.04081632653061224,-0.4030612244897959,-0.04591836734693878,-0.30612244897959184,0.1326530612244898,-0.45918367346938777,0.1683673469387755,-0.6326530612244898,0.1836734693877551,-0.7244897959183674,0.19387755102040816,-0.8316326530612245
6,0.0,0.0,-0.2,-0.07692307692307693,-0.39487179487179486,-0.24615384615384617,-0.5435897435897435,-0.3487179487179487,-0.676923076923077,-0.38974358974358975,-0.2512820512820513,-0.5230769230769231,-0.28717948717948716,-0.7384615384615385,-0.31794871794871793,-0.8769230769230769,-0.3333333333333333,-1.0,-0.12307692307692308,-0.5230769230769231,-0.15384615384615385,-0.6205128205128205,-0.15384615384615385,-0.4307692307692308,-0.14871794871794872,-0.3282051282051282,0.005128205128205128,-0.49743589743589745,-0.020512820512820513,-0.5692307692307692,-0.03076923076923077,-0.38974358974358975,-0.041025641025641026,-0.29743589743589743,0.13333333333333333,-0.4564102564102564,0.17435897435897435,-0.6307692307692307,0.19487179487179487,-0.7230769230769231,0.20512820512820512,-0.841025641025641
6,0.0,0.0,-0.211340206185567,-0.07731958762886598,-0.39690721649484534,-0.2422680412371134,-0.5309278350515464,-0.34536082474226804,-0.6649484536082474,-0.39690721649484534,-0.24742268041237114,-0.520618556701031,-0.27835051546391754,-0.7422680412371134,-0.30927835051546393,-0.8814432989690721,-0.32989690721649484,-1.0,-0.12371134020618557,-0.520618556701031,-0.15463917525773196,-0.6082474226804123,-0.15979381443298968,-0.4329896907216495,-0.14432989690721648,-0.33505154639175255,0.005154639175257732,-0.4896907216494845,-0.02577319587628866,-0.5721649484536082,-0.041237113402061855,-0.39690721649484534,-0.04639175257731959,-0.29896907216494845,0.12886597938144329,-0.4484536082474227,0.17010309278350516,-0.6237113402061856,0.18556701030927836,-0.7164948453608248,0.1958762886597938,-0.8247422680412371
6,0.0,0.0,-0.20408163265306123,-0.08673469387755102,-0.3877551020408163,-0.25510204081632654,-0.5306122448979592,-0.3622448979591837,-0.6632653061224489,-0.41836734693877553,-0.23979591836734693,-0.5051020408163265,-0.2755102040816326,-0.7346938775510204,-0.30612244897959184,-0.8775510204081632,-0.33163265306122447,-1.0,-0.11734693877551021,-0.5102040816326531,-0.15816326530612246,-0.6071428571428571,-0.15306122448979592,-0.42857142857142855,-0.1377551020408163,-0.32142857142857145,0.00510204081632653,-0.4897959183673469,-0.025510204081632654,-0.576530612244898,-0.03571428571428571,-0.4030612244897959,-0.03571428571428571,-0.29591836734693877,0.12244897959183673,-0.4489795918367347,0.16326530612244897,-0.6224489795918368,0.1836734693877551,-0.7142857142857143,0.1989795918367347,-0.826530612244898
6,0.0,0.0,-0.20408163265306123,-0.08163265306122448,-0.3877551020408163,-0.25,-0.5204081632653061,-0.3622448979591837,-0.6530612244897959,-0.42346938775510207,-0.23469387755102042,-0.5153061224489796,-0.2602040816326531,-0.7346938775510204,-0.29591836734693877,-0.8724489795918368,-0.32653061224489793,-1.0,-0.10714285714285714,-0.5153061224489796,-0.14285714285714285,-0.6020408163265306,-0.14795918367346939,-0.42857142857142855,-0.1377551020408163,-0.32653061224489793,0.015306122448979591,-0.4846938775510204,-0.01020408163265306,-0.5510204081632653,-0.02040816326530612,-0.37244897959183676,-0.025510204081632654,-0.2755102040816326,0.1326530612244898,-0.4387755102040816,0.16326530612244897,-0.6020408163265306,0.18877551020408162,-0.6887755102040817,0.1989795918367347,-0.7959183673469388
6,0.0,0.0,-0.19796954314720813,-0.09137055837563451,-0.3756345177664975,-0.25888324873096447,-0.5076142131979695,-0.37055837563451777,-0.6345177664974619,-0.4365482233502538,-0.2182741116751269,-0.5025380710659898,-0.24873096446700507,-0.7309644670050761,-0.28426395939086296,-0.8730964467005076,-0.3096446700507614,-1.0,-0.10152284263959391,-0.5025380710659898,-0.1319796954314721,-0.5939086294416244,-0.13705583756345177,-0.43147208121827413,-0.12690355329949238,-0.3299492385786802,0.02030456852791878,-0.47715736040609136,-0.005076142131979695,-0.5583756345177665,-0.015228426395939087,-0.39086294416243655,-0.02030456852791878,-0.2893401015228426,0.13705583756345177,-0.4365482233502538,0.16751269035532995,-0.5939086294416244,0.18274111675126903,-0.6852791878172588,0.19796954314720813,-0.7918781725888325
6,0.0,0.0,-0.2,-0.08205128205128205,-0.37435897435897436,-0.2512820512820513,-0.5076923076923077,-0.3641025641025641,-0.6256410256410256,-0.4358974358974359,-0.21025641025641026,-0.517948717948718,-0.24102564102564103,-0.7384615384615385,-0.2717948717948718,-0.8769230769230769,-0.29743589743589743,-1.0,-0.09230769230769231,-0.5128205128205128,-0.13333333333333333,-0.6,-0.15384615384615385,-0.4307692307692308,-0.14358974358974358,-0.3282051282051282,0.02564102564102564,-0.47692307692307695,-0.010256410256410256,-0.558974358974359,-0.02564102564102564,-0.38461538461538464,-0.03076923076923077,-0.28717948717948716,0.14358974358974358,-0.4307692307692308,0.1794871794871795,-0.5948717948717949,0.19487179487179487,-0.6820512820512821,0.20512820512820512,-0.7948717948717948
6,0.0,0.0,-0.19796954314720813,-0.08629441624365482,-0.3756345177664975,-0.25380710659898476,-0.5076142131979695,-0.37055837563451777,-0.6345177664974619,-0.4416243654822335,-0.2182741116751269,-0.5126903553299492,-0.25380710659898476,-0.7360406091370558,-0.27918781725888325,-0.8781725888324873,-0.29949238578680204,-1.0,-0.10152284263959391,-0.5126903553299492,-0.14213197969543148,-0.5939086294416244,-0.15736040609137056,-0.4263959390862944,-0.14720812182741116,-0.3299492385786802,0.015228426395939087,-0.47715736040609136,-0.015228426395939087,-0.5532994923857868,-0.030456852791878174,-0.38071065989847713,-0.025380710659898477,-0.28426395939086296,0.1319796954314721,-0.4263959390862944,0.15736040609137056,-0.5939086294416244,0.17258883248730963,-0.6852791878172588,0.18781725888324874,-0.7918781725888325
6,0.0,0.0,-0.19095477386934673,-0.08542713567839195,-0.36180904522613067,-0.2613065326633166,-0.49246231155778897,-0.38190954773869346,-0.6080402010050251,-0.4623115577889447,-0.21105527638190955,-0.507537688442211,-0.24623115577889448,-0.7386934673366834,-0.27638190954773867,-0.8793969849246231,-0.2964824120603015,-1.0,-0.10050251256281408,-0.507537688442211,-0.135678391959799,-0.592964824120603,-0.1457286432160804,-0.41708542713567837,-0.1306532663316583,-0.32160804020100503,0.020100502512562814,-0.47738693467336685,-0.01507537688442211,-0.5628140703517588,-0.02512562814070352,-0.39195979899497485,-0.020100502512562814,-0.2964824120603015,0.135678391959799,-0.4321608040201005,0.1708542713567839,-0.5979899497487438,0.18090452261306533,-0.6884422110552764,0.19095477386934673,-0.7989949748743719
6,0.0,0.0,-0.18592964824120603,-0.09045226130653267,-0.34673366834170855,-0.27638190954773867,-0.46733668341708545,-0.3969849246231156,-0.5778894472361809,-0.4723618090452261,-0.19597989949748743,-0.5226130653266332,-0.23115577889447236,-0.7437185929648241,-0.2663316582914573,-0.8844221105527639,-0.2914572864321608,-1.0,-0.08040201005025126,-0.5175879396984925,-0.12562814070351758,-0.6130653266331658,-0.1407035175879397,-0.44221105527638194,-0.1306532663316583,-0.3417085427135678,0.03015075376884422,-0.4824120603015075,-0.005025125628140704,-0.5628140703517588,-0.020100502512562814,-0.39195979899497485,-0.01507537688442211,-0.2914572864321608,0.1457286432160804,-0.4321608040201005,0.17587939698492464,-0.6030150753768844,0.18090452261306533,-0.6934673366834171,0.19597989949748743,-0.8040201005025126
6,0.0,0.0,-0.19095477386934673,-0.09045226130653267,-0.35175879396984927,-0.271356783919598,-0.46733668341708545,-0.3969849246231156,-0.5778894472361809,-0.48743718592964824,-0.21105527638190955,-0.5175879396984925,-0.24120603015075376,-0.7437185929648241,-0.271356783919598,-0.8793969849246231,-0.2964824120603015,-1.0,-0.09547738693467336,-0.5125628140703518,-0.135678391959799,-0.6030150753768844,-0.1507537688442211,-0.4321608040201005,-0.1407035175879397,-0.3316582914572864,0.020100502512562814,-0.4824120603015075,-0.01507537688442211,-0.5628140703517588,-0.03015075376884422,-0.39195979899497485,-0.02512562814070352,-0.2914572864321608,0.135678391959799,-0.4371859296482412,0.16080402010050251,-0.6080402010050251,0.17587939698492464,-0.6984924623115578,0.19597989949748743,-0.8040201005025126
6,0.0,0.0,-0.18,-0.09,-0.345,-0.275,-0.465,-0.415,-0.575,-0.5,-0.215,-0.51,-0.25,-0.735,-0.28,-0.875,-0.3,-1.0,-0.1,-0.51,-0.13,-0.61,-0.145,-0.445,-0.14,-0.34,0.015,-0.48,-0.005,-0.58,-0.025,-0.41,-0.025,-0.31,0.13,-0.435,0.165,-0.6,0.18,-0.69,0.2,-0.8
6,0.0,0.0,-0.18781725888324874,-0.08629441624365482,-0.3553299492385787,-0.27918781725888325,-0.4619289340101523,-0.41624365482233505,-0.5736040609137056,-0.5076142131979695,-0.2131979695431472,-0.5228426395939086,-0.25380710659898476,-0.7411167512690355,-0.27918781725888325,-0.8781725888324873,-0.29949238578680204,-1.0,-0.09137055837563451,-0.5177664974619289,-0.12690355329949238,-0.6091370558375635,-0.14213197969543148,-0.4365482233502538,-0.14213197969543148,-0.3299492385786802,0.025380710659898477,-0.4873096446700508,0.0,-0.5736040609137056,-0.025380710659898477,-0.40609137055837563,-0.030456852791878174,-0.29949238578680204,0.14213197969543148,-0.4416243654822335,0.17766497461928935,-0.6040609137055838,0.19289340101522842,-0.700507614213198,0.20304568527918782,-0.8071065989847716
6,0.0,0.0,-0.18781725888324874,-0.09137055837563451,-0.3553299492385787,-0.27918781725888325,-0.467005076142132,-0.4263959390862944,-0.5786802030456852,-0.5228426395939086,-0.2233502538071066,-0.5177664974619289,-0.2639593908629442,-0.7411167512690355,-0.29441624365482233,-0.8781725888324873,-0.3147208121827411,-1.0,-0.1065989847715736,-0.5228426395939086,-0.14213197969543148,-0.6192893401015228,-0.15736040609137056,-0.4467005076142132,-0.15228426395939088,-0.3401015228426396,0.015228426395939087,-0.49238578680203043,-0.015228426395939087,-0.5786802030456852,-0.04060913705583756,-0.40609137055837563,-0.04568527918781726,-0.29949238578680204,0.13705583756345177,-0.4517766497461929,0.16243654822335024,-0.6294416243654822,0.17766497461928935,-0.7309644670050761,0.18781725888324874,-0.8375634517766497
6,0.0,0.0,-0.185,-0.095,-0.345,-0.285,-0.45,-0.435,-0.56,-0.535,-0.235,-0.51,-0.27,-0.735,-0.3,-0.87,-0.315,-1.0,-0.115,-0.515,-0.145,-0.625,-0.155,-0.45,-0.15,-0.335,0.01,-0.485,-0.015,-0.59,-0.04,-0.415,-0.05,-0.305,0.125,-0.445,0.155,-0.61,0.165,-0.715,0.175,-0.83
6,0.0,0.0,-0.19095477386934673,-0.08542713567839195,-0.34673366834170855,-0.2864321608040201,-0.4472361809045226,-0.44221105527638194,-0.5577889447236181,-0.542713567839196,-0.24120603015075376,-0.5125628140703518,-0.2814070351758794,-0.7386934673366834,-0.31155778894472363,-0.8743718592964824,-0.3316582914572864,-1.0,-0.12060301507537688,-0.5125628140703518,-0.16080402010050251,-0.628140703517588,-0.1708542713567839,-0.4472361809045226,-0.1658291457286432,-0.3316582914572864,0.0,-0.4824120603015075,-0.03015075376884422,-0.5879396984924623,-0.05527638190954774,-0.4120603015075377,-0.06532663316582915,-0.3015075376884422,0.11557788944723618,-0.4371859296482412,0.1507537688442211,-0.6080402010050251,0.15577889447236182,-0.7135678391959799,0.1507537688442211,-0.8341708542713567
6,0.0,0.0,-0.1919191919191919,-0.08585858585858586,-0.3434343434343434,-0.2878787878787879,-0.4444444444444444,-0.4494949494949495,-0.5555555555555556,-0.5454545454545454,-0.23737373737373738,-0.5202020202020202,-0.2777777777777778,-0.7424242424242424,-0.31313131313131315,-0.8737373737373737,-0.3333333333333333,-1.0,-0.12121212121212122,-0.5202020202020202,-0.15151515151515152,-0.6313131313131313,-0.1717171717171717,-0.45454545454545453,-0.16666666666666666,-0.3434343434343434,0.0,-0.4898989898989899,-0.025252525252525252,-0.601010101010101,-0.05555555555555555,-0.41919191919191917,-0.06060606060606061,-0.30808080808080807,0.11616161616161616,-0.4444444444444444,0.14646464646464646,-0.6161616161616161,0.15151515151515152,-0.7272727272727273,0.15151515151515152,-0.8484848484848485
6,0.0,0.0,-0.1919191919191919,-0.08080808080808081,-0.3434343434343434,-0.2777777777777778,-0.4393939393939394,-0.4393939393939394,-0.5555555555555556,-0.5353535353535354,-0.24242424242424243,-0.5202020202020202,-0.2828282828282828,-0.7424242424242424,-0.31313131313131315,-0.8737373737373737,-0.3333333333333333,-1.0,-0.12121212121212122,-0.5202020202020202,-0.15656565656565657,-0.6313131313131313,-0.16666666666666666,-0.4444444444444444,-0.16161616161616163,-0.3333333333333333,0.0,-0.4898989898989899,-0.025252525252525252,-0.601010101010101,-0.050505050505050504,-0.41919191919191917,-0.06060606060606061,-0.29797979797979796,0.11616161616161616,-0.4444444444444444,0.15151515151515152,-0.6111111111111112,0.15151515151515152,-0.7171717171717171,0.15151515151515152,-0.8383838383838383
6,0.0,0.0,-0.19,-0.08,-0.345,-0.28,-0.43,-0.445,-0.54,-0.55,-0.24,-0.52,-0.29,-0.74,-0.32,-0.87,-0.335,-1.0,-0.12,-0.525,-0.16,-0.64,-0.175,-0.455,-0.165,-0.33,0.005,-0.495,-0.03,-0.6,-0.055,-0.42,-0.06,-0.3,0.12,-0.45,0.15,-0.625,0.15,-0.73,0.145,-0.845
6,0.0,0.0,-0.18,-0.08,-0.335,-0.285,-0.415,-0.455,-0.52,-0.565,-0.235,-0.525,-0.29,-0.745,-0.32,-0.875,-0.335,-1.0,-0.115,-0.53,-0.155,-0.64,-0.17,-0.455,-0.16,-0.335,0.01,-0.5,-0.025,-0.6,-0.05,-0.415,-0.055,-0.3,0.12,-0.45,0.15,-0.625,0.145,-0.73,0.145,-0.845
6,0.0,0.0,-0.185,-0.085,-0.33,-0.285,-0.405,-0.455,-0.5,-0.575,-0.235,-0.525,-0.29,-0.74,-0.325,-0.87,-0.34,-1.0,-0.11,-0.535,-0.155,-0.645,-0.165,-0.465,-0.145,-0.34,0.01,-0.505,-0.025,-0.59,-0.055,-0.41,-0.05,-0.295,0.125,-0.46,0.145,-0.63,0.14,-0.735,0.14,-0.845
6,0.0,0.0,-0.1791044776119403,-0.0945273631840796,-0.32338308457711445,-0.3034825870646766,-0.39303482587064675,-0.472636815920398,-0.48258706467661694,-0.5970149253731343,-0.23880597014925373,-0.527363184079602,-0.2885572139303483,-0.7412935323383084,-0.3283582089552239,-0.8756218905472637,-0.35323383084577115,-1.0,-0.11442786069651742,-0.5373134328358209,-0.15920398009950248,-0.6417910447761194,-0.1691542288557214,-0.4527363184079602,-0.14925373134328357,-0.3383084577114428,0.004975124378109453,-0.5074626865671642,-0.029850746268656716,-0.5920398009950248,-0.05472636815920398,-0.417910447761194,-0.05472636815920398,-0.30845771144278605,0.12437810945273632,-0.4626865671641791,0.14427860696517414,-0.6467661691542289,0.13930348258706468,-0.746268656716418,0.13930348258706468,-0.8507462686567164
6,0.0,0.0,-0.17733990147783252,-0.08866995073891626,-0.3251231527093596,-0.29064039408866993,-0.39901477832512317,-0.458128078817734,-0.49261083743842365,-0.5763546798029556,-0.23645320197044334,-0.5270935960591133,-0.29064039408866993,-0.7438423645320197,-0.33004926108374383,-0.8719211822660099,-0.3497536945812808,-1.0,-0.11330049261083744,-0.5320197044334976,-0.1625615763546798,-0.6354679802955665,-0.17733990147783252,-0.4482758620689655,-0.15763546798029557,-0.33004926108374383,0.0049261083743842365,-0.5024630541871922,-0.029556650246305417,-0.5911330049261084,-0.059113300492610835,-0.41379310344827586,-0.054187192118226604,-0.3054187192118227,0.12315270935960591,-0.45320197044334976,0.1477832512315271,-0.6403940886699507,0.14285714285714285,-0.7438423645320197,0.1477832512315271,-0.8472906403940886
6,0.0,0.0,-0.18316831683168316,-0.0891089108910891,-0.33663366336633666,-0.28217821782178215,-0.4306930693069307,-0.44554455445544555,-0.5396039603960396,-0.5544554455445545,-0.24752475247524752,-0.5346534653465347,-0.3069306930693069,-0.7475247524752475,-0.3415841584158416,-0.8762376237623762,-0.36633663366336633,-1.0,-0.1188118811881188,-0.5445544554455446,-0.16336633663366337,-0.6287128712871287,-0.16831683168316833,-0.4405940594059406,-0.15346534653465346,-0.3316831683168317,0.009900990099009901,-0.5247524752475248,-0.024752475247524754,-0.6089108910891089,-0.04950495049504951,-0.4306930693069307,-0.04950495049504951,-0.31683168316831684,0.13366336633663367,-0.48514851485148514,0.15346534653465346,-0.6584158415841584,0.15346534653465346,-0.7574257425742574,0.15346534653465346,-0.8613861386138614
6,0.0,0.0,-0.18719211822660098,-0.09359605911330049,-0.35960591133004927,-0.2857142857142857,-0.4729064039408867,-0.42857142857142855,-0.5911330049261084,-0.5221674876847291,-0.2561576354679803,-0.541871921182266,-0.3103448275862069,-0.7487684729064039,-0.3497536945812808,-0.8817733990147784,-0.37438423645320196,-1.0,-0.12807881773399016,-0.5566502463054187,-0.15763546798029557,-0.6403940886699507,-0.1625615763546798,-0.45320197044334976,-0.1477832512315271,-0.33004926108374383,0.0,-0.5320197044334976,-0.019704433497536946,-0.6206896551724138,-0.03940886699507389,-0.4433497536945813,-0.04433497536945813,-0.33004926108374383,0.12807881773399016,-0.49261083743842365,0.14285714285714285,-0.6699507389162561,0.14285714285714285,-0.7684729064039408,0.13793103448275862,-0.8719211822660099
6,0.0,0.0,-0.19306930693069307,-0.07920792079207921,-0.3811881188118812,-0.26732673267326734,-0.5148514851485149,-0.400990099009901,-0.6336633663366337,-0.4801980198019802,-0.26732673267326734,-0.5445544554455446,-0.3217821782178218,-0.7524752475247525,-0.3613861386138614,-0.8811881188118812,-0.38613861386138615,-1.0,-0.14356435643564355,-0.5544554455445545,-0.16831683168316833,-0.6485148514851485,-0.17326732673267325,-0.44554455445544555,-0.16831683168316833,-0.33663366336633666,-0.009900990099009901,-0.5346534653465347,-0.0297029702970297,-0.6287128712871287,-0.04455445544554455,-0.43564356435643564,-0.04950495049504951,-0.3316831683168317,0.1188118811881188,-0.49504950495049505,0.13861386138613863,-0.6732673267326733,0.13861386138613863,-0.7673267326732673,0.13366336633663367,-0.8762376237623762
6,0.0,0.0,-0.2019704433497537,-0.08866995073891626,-0.39408866995073893,-0.2660098522167488,-0.5320197044334976,-0.3842364532019704,-0.6600985221674877,-0.4482758620689655,-0.270935960591133,-0.5320197044334976,-0.32019704433497537,-0.7487684729064039,-0.35960591133004927,-0.8817733990147784,-0.3842364532019704,-1.0,-0.1477832512315271,-0.5467980295566502,-0.1724137931034483,-0.6502463054187192,-0.1724137931034483,-0.458128078817734,-0.1625615763546798,-0.3448275862068966,-0.019704433497536946,-0.5270935960591133,-0.03940886699507389,-0.6305418719211823,-0.04433497536945813,-0.4482758620689655,-0.04926108374384237,-0.3399014778325123,0.10837438423645321,-0.4876847290640394,0.1330049261083744,-0.6650246305418719,0.13793103448275862,-0.7586206896551724,0.1330049261083744,-0.8669950738916257
6,0.0,0.0,-0.20689655172413793,-0.07881773399014778,-0.39901477832512317,-0.24630541871921183,-0.541871921182266,-0.35467980295566504,-0.6748768472906403,-0.4039408866995074,-0.2660098522167488,-0.5270935960591133,-0.3103448275862069,-0.7389162561576355,-0.3448275862068966,-0.8768472906403941,-0.3694581280788177,-1.0,-0.13793103448275862,-0.5320197044334976,-0.15763546798029557,-0.6403940886699507,-0.15763546798029557,-0.458128078817734,-0.1477832512315271,-0.3399014778325123,-0.009852216748768473,-0.5123152709359606,-0.014778325123152709,-0.6059113300492611,-0.024630541871921183,-0.4236453201970443,-0.029556650246305417,-0.31527093596059114,0.11822660098522167,-0.4729064039408867,0.1477832512315271,-0.645320197044335,0.1625615763546798,-0.7438423645320197,0.1625615763546798,-0.8620689655172413
6,0.0,0.0,-0.20689655172413793,-0.07389162561576355,-0.4039408866995074,-0.23645320197044334,-0.5517241379310345,-0.3399014778325123,-0.6748768472906403,-0.39408866995073893,-0.26108374384236455,-0.5221674876847291,-0.3054187192118227,-0.7389162561576355,-0.3448275862068966,-0.8768472906403941,-0.3645320197044335,-1.0,-0.1330049261083744,-0.5320197044334976,-0.1477832512315271,-0.645320197044335,-0.1477832512315271,-0.458128078817734,-0.14285714285714285,-0.3399014778325123,-0.0049261083743842365,-0.5123152709359606,-0.014778325123152709,-0.6157635467980296,-0.024630541871921183,-0.43842364532019706,-0.029556650246305417,-0.33004926108374383,0.11822660098522167,-0.47783251231527096,0.15270935960591134,-0.6502463054187192,0.1625615763546798,-0.7536945812807881,0.16748768472906403,-0.8719211822660099
6,0.0,0.0,-0.20297029702970298,-0.07425742574257425,-0.400990099009901,-0.23267326732673269,-0.5495049504950495,-0.3316831683168317,-0.6831683168316832,-0.3811881188118812,-0.2623762376237624,-0.5297029702970297,-0.3069306930693069,-0.7425742574257426,-0.3415841584158416,-0.8811881188118812,-0.36633663366336633,-1.0,-0.13861386138613863,-0.5396039603960396,-0.1485148514851485,-0.6485148514851485,-0.1485148514851485,-0.46534653465346537,-0.13861386138613863,-0.3465346534653465,-0.0049504950495049506,-0.5198019801980198,-0.009900990099009901,-0.6188118811881188,-0.019801980198019802,-0.4405940594059406,-0.024752475247524754,-0.33663366336633666,0.12376237623762376,-0.48514851485148514,0.15346534653465346,-0.6584158415841584,0.16831683168316833,-0.7574257425742574,0.17326732673267325,-0.8762376237623762
6,0.0,0.0,-0.20398009950248755,-0.06965174129353234,-0.4079601990049751,-0.22388059701492538,-0.5522388059701493,-0.3283582089552239,-0.6865671641791045,-0.373134328358209,-0.263681592039801,-0.527363184079602,-0.31840796019900497,-0.7412935323383084,-0.3582089552238806,-0.8756218905472637,-0.38308457711442784,-1.0,-0.13432835820895522,-0.5323383084577115,-0.13930348258706468,-0.6567164179104478,-0.13930348258706468,-0.472636815920398,-0.13930348258706468,-0.34328358208955223,0.0,-0.5174129353233831,-0.004975124378109453,-0.6268656716417911,-0.014925373134328358,-0.4427860696517413,-0.01990049751243781,-0.3283582089552239,0.12437810945273632,-0.47761194029850745,0.17412935323383086,-0.6417910447761194,0.20398009950248755,-0.7412935323383084,0.21890547263681592,-0.8606965174129353
6,0.0,0.0,-0.21025641025641026,-0.06153846153846154,-0.4205128205128205,-0.2205128205128205,-0.5743589743589743,-0.3230769230769231,-0.7128205128205128,-0.36923076923076925,-0.27692307692307694,-0.5282051282051282,-0.3435897435897436,-0.7435897435897436,-0.38974358974358975,-0.8769230769230769,-0.4256410256410256,-1.0,-0.13846153846153847,-0.5384615384615384,-0.14871794871794872,-0.6615384615384615,-0.15384615384615385,-0.47692307692307695,-0.14871794871794872,-0.3487179487179487,0.0,-0.517948717948718,0.0,-0.6205128205128205,-0.015384615384615385,-0.441025641025641,-0.020512820512820513,-0.3230769230769231,0.13333333333333333,-0.4717948717948718,0.18974358974358974,-0.6358974358974359,0.22564102564102564,-0.7435897435897436,0.2512820512820513,-0.8615384615384616
6,0.0,0.0,-0.211340206185567,-0.07216494845360824,-0.4175257731958763,-0.2268041237113402,-0.5670103092783505,-0.32989690721649484,-0.7010309278350515,-0.37628865979381443,-0.27319587628865977,-0.5309278350515464,-0.34536082474226804,-0.7474226804123711,-0.39690721649484534,-0.8814432989690721,-0.4381443298969072,-1.0,-0.13402061855670103,-0.5412371134020618,-0.14432989690721648,-0.6752577319587629,-0.14948453608247422,-0.4948453608247423,-0.14948453608247422,-0.36597938144329895,0.005154639175257732,-0.520618556701031,0.010309278350515464,-0.6237113402061856,-0.010309278350515464,-0.44329896907216493,-0.020618556701030927,-0.31958762886597936,0.13917525773195877,-0.4690721649484536,0.20103092783505155,-0.634020618556701,0.2422680412371134,-0.7371134020618557,0.27319587628865977,-0.8556701030927835
6,0.0,0.0,-0.211340206185567,-0.07216494845360824,-0.422680412371134,-0.2268041237113402,-0.5773195876288659,-0.33505154639175255,-0.7164948453608248,-0.38144329896907214,-0.27319587628865977,-0.5309278350515464,-0.3556701030927835,-0.7474226804123711,-0.4175257731958763,-0.8814432989690721,-0.4587628865979381,-1.0,-0.13402061855670103,-0.5412371134020618,-0.14948453608247422,-0.6752577319587629,-0.15979381443298968,-0.4845360824742268,-0.15463917525773196,-0.3556701030927835,0.0,-0.520618556701031,0.0,-0.634020618556701,-0.02577319587628866,-0.4484536082474227,-0.03608247422680412,-0.32989690721649484,0.12886597938144329,-0.4690721649484536,0.19072164948453607,-0.634020618556701,0.23711340206185566,-0.7319587628865979,0.26804123711340205,-0.845360824742268
6,0.0,0.0,-0.21354166666666666,-0.078125,-0.4166666666666667,-0.23958333333333334,-0.5729166666666666,-0.34375,-0.7135416666666666,-0.3958333333333333,-0.28125,-0.5260416666666666,-0.359375,-0.7447916666666666,-0.4166666666666667,-0.875,-0.4635416666666667,-1.0,-0.14583333333333334,-0.5416666666666666,-0.16145833333333334,-0.6614583333333334,-0.16145833333333334,-0.46875,-0.15104166666666666,-0.34375,-0.010416666666666666,-0.515625,-0.010416666666666666,-0.6302083333333334,-0.020833333333333332,-0.4427083333333333,-0.03125,-0.3229166666666667,0.125,-0.46875,0.18229166666666666,-0.6354166666666666,0.22395833333333334,-0.7239583333333334,0.2552083333333333,-0.8385416666666666
6,0.0,0.0,-0.21052631578947367,-0.06842105263157895,-0.41578947368421054,-0.23684210526315788,-0.5684210526315789,-0.34210526315789475,-0.7105263157894737,-0.39473684210526316,-0.28421052631578947,-0.531578947368421,-0.3684210526315789,-0.7421052631578947,-0.43157894736842106,-0.8736842105263158,-0.46842105263157896,-1.0,-0.14736842105263157,-0.5421052631578948,-0.15789473684210525,-0.6789473684210526,-0.1631578947368421,-0.4842105263157895,-0.15263157894736842,-0.35789473684210527,-0.010526315789473684,-0.5157894736842106,-0.010526315789473684,-0.6210526315789474,-0.02631578947368421,-0.43157894736842106,-0.03684210526315789,-0.32105263157894737,0.12105263157894737,-0.46842105263157896,0.1736842105263158,-0.6368421052631579,0.20526315789473684,-0.7368421052631579,0.23684210526315788,-0.8526315789473684
6,0.0,0.0,-0.2192513368983957,-0.0748663101604278,-0.42780748663101603,-0.24598930481283424,-0.5721925133689839,-0.36363636363636365,-0.7112299465240641,-0.42245989304812837,-0.28342245989304815,-0.5347593582887701,-0.36363636363636365,-0.7486631016042781,-0.41711229946524064,-0.8823529411764706,-0.45454545454545453,-1.0,-0.1497326203208556,-0.5454545454545454,-0.1711229946524064,-0.6737967914438503,-0.17647058823529413,-0.47593582887700536,-0.1711229946524064,-0.3582887700534759,-0.0106951871657754,-0.5187165775401069,-0.026737967914438502,-0.6310160427807486,-0.0427807486631016,-0.43315508021390375,-0.053475935828877004,-0.32620320855614976,0.12299465240641712,-0.47058823529411764,0.1657754010695187,-0.6417112299465241,0.1925133689839572,-0.7379679144385026,0.21390374331550802,-0.8556149732620321
6,0.0,0.0,-0.21505376344086022,-0.06989247311827956,-0.42473118279569894,-0.24731182795698925,-0.5806451612903226,-0.3709677419354839,-0.7096774193548387,-0.44086021505376344,-0.2903225806451613,-0.532258064516129,-0.3602150537634409,-0.7419354838709677,-0.40860215053763443,-0.8763440860215054,-0.43548387096774194,-1.0,-0.15591397849462366,-0.5483870967741935,-0.1774193548387097,-0.6827956989247311,-0.1774193548387097,-0.489247311827957,-0.16666666666666666,-0.3548387096774194,-0.016129032258064516,-0.5268817204301075,-0.03763440860215054,-0.6290322580645161,-0.043010752688172046,-0.44086021505376344,-0.04838709677419355,-0.3225806451612903,0.11290322580645161,-0.478494623655914,0.14516129032258066,-0.6559139784946236,0.16666666666666666,-0.7526881720430108,0.1827956989247312,-0.8655913978494624
6,0.0,0.0,-0.2192513368983957,-0.0748663101604278,-0.42245989304812837,-0.25668449197860965,-0.5721925133689839,-0.37433155080213903,-0.7005347593582888,-0.44919786096256686,-0.2887700534759358,-0.5347593582887701,-0.35294117647058826,-0.7433155080213903,-0.40106951871657753,-0.8770053475935828,-0.43315508021390375,-1.0,-0.16042780748663102,-0.5508021390374331,-0.18181818181818182,-0.6631016042780749,-0.1925133689839572,-0.47058823529411764,-0.18181818181818182,-0.36363636363636365,-0.026737967914438502,-0.5240641711229946,-0.0427807486631016,-0.6203208556149733,-0.06417112299465241,-0.43315508021390375,-0.06951871657754011,-0.32620320855614976,0.10695187165775401,-0.48128342245989303,0.13368983957219252,-0.6631016042780749,0.1497326203208556,-0.7593582887700535,0.1657754010695187,-0.8716577540106952
6,0.0,0.0,-0.20967741935483872,-0.07526881720430108,-0.40860215053763443,-0.25806451612903225,-0.553763440860215,-0.3817204301075269,-0.6774193548387096,-0.45161290322580644,-0.26881720430107525,-0.5376344086021505,-0.3225806451612903,-0.7473118279569892,-0.3709677419354839,-0.8763440860215054,-0.4032258064516129,-1.0,-0.13978494623655913,-0.543010752688172,-0.17204301075268819,-0.6720430107526881,-0.1827956989247312,-0.4731182795698925,-0.17204301075268819,-0.3602150537634409,-0.010752688172043012,-0.5161290322580645,-0.043010752688172046,-0.6236559139784946,-0.053763440860215055,-0.43010752688172044,-0.053763440860215055,-0.3225806451612903,0.11827956989247312,-0.46774193548387094,0.14516129032258066,-0.6451612903225806,0.15591397849462366,-0.7419354838709677,0.16666666666666666,-0.8548387096774194
6,0.0,0.0,-0.20855614973262032,-0.0748663101604278,-0.40641711229946526,-0.26737967914438504,-0.5454545454545454,-0.39572192513368987,-0.679144385026738,-0.47058823529411764,-0.27807486631016043,-0.5240641711229946,-0.32620320855614976,-0.7379679144385026,-0.3689839572192513,-0.8770053475935828,-0.39572192513368987,-1.0,-0.1497326203208556,-0.5347593582887701,-0.18181818181818182,-0.6524064171122995,-0.17647058823529413,-0.45989304812834225,-0.1711229946524064,-0.33689839572192515,-0.0213903743315508,-0.5133689839572193,-0.0481283422459893,-0.6203208556149733,-0.058823529411764705,-0.43315508021390375,-0.058823529411764705,-0.32620320855614976,0.10160427807486631,-0.46524064171123,0.13368983957219252,-0.6417112299465241,0.1497326203208556,-0.7433155080213903,0.16042780748663102,-0.8556149732620321
6,0.0,0.0,-0.2127659574468085,-0.07446808510638298,-0.4095744680851064,-0.26063829787234044,-0.5478723404255319,-0.39361702127659576,-0.675531914893617,-0.4734042553191489,-0.28191489361702127,-0.5159574468085106,-0.31382978723404253,-0.7393617021276596,-0.35106382978723405,-0.8723404255319149,-0.3723404255319149,-1.0,-0.15425531914893617,-0.526595744680851,-0.17553191489361702,-0.6382978723404256,-0.18085106382978725,-0.4521276595744681,-0.17553191489361702,-0.3351063829787234,-0.026595744680851064,-0.5,-0.047872340425531915,-0.601063829787234,-0.05851063829787234,-0.42021276595744683,-0.06382978723404255,-0.31382978723404253,0.09574468085106383,-0.4521276595744681,0.1276595744680851,-0.6223404255319149,0.14361702127659576,-0.723404255319149,0.1595744680851064,-0.8351063829787234
6,0.0,0.0,-0.21505376344086022,-0.08064516129032258,-0.40860215053763443,-0.26881720430107525,-0.543010752688172,-0.4032258064516129,-0.6720430107526881,-0.4838709677419355,-0.27956989247311825,-0.5161290322580645,-0.3172043010752688,-0.7365591397849462,-0.34946236559139787,-0.8709677419354839,-0.3709677419354839,-1.0,-0.15591397849462366,-0.5268817204301075,-0.1881720430107527,-0.6344086021505376,-0.1881720430107527,-0.43548387096774194,-0.1774193548387097,-0.3333333333333333,-0.026881720430107527,-0.5,-0.04838709677419355,-0.5967741935483871,-0.05913978494623656,-0.40860215053763443,-0.06989247311827956,-0.3118279569892473,0.0967741935483871,-0.45698924731182794,0.12903225806451613,-0.6290322580645161,0.13978494623655913,-0.7258064516129032,0.14516129032258066,-0.8440860215053764
6,0.0,0.0,-0.20855614973262032,-0.0748663101604278,-0.40106951871657753,-0.2727272727272727,-0.5294117647058824,-0.41711229946524064,-0.6470588235294118,-0.49732620320855614,-0.26737967914438504,-0.5080213903743316,-0.29411764705882354,-0.7379679144385026,-0.3155080213903743,-0.8716577540106952,-0.3315508021390374,-1.0,-0.1443850267379679,-0.5187165775401069,-0.1711229946524064,-0.6256684491978609,-0.1711229946524064,-0.4385026737967914,-0.1657754010695187,-0.32620320855614976,-0.0213903743315508,-0.49732620320855614,-0.0374331550802139,-0.5882352941176471,-0.053475935828877004,-0.4117647058823529,-0.058823529411764705,-0.31016042780748665,0.10160427807486631,-0.45454545454545453,0.13903743315508021,-0.6256684491978609,0.15508021390374332,-0.7219251336898396,0.16042780748663102,-0.8342245989304813
6,0.0,0.0,-0.20212765957446807,-0.06382978723404255,-0.3882978723404255,-0.2553191489361702,-0.5106382978723404,-0.40425531914893614,-0.6329787234042553,-0.4787234042553192,-0.26063829787234044,-0.5106382978723404,-0.2765957446808511,-0.7340425531914894,-0.2872340425531915,-0.8776595744680851,-0.2872340425531915,-1.0,-0.13297872340425532,-0.5159574468085106,-0.1595744680851064,-0.6276595744680851,-0.16489361702127658,-0.4521276595744681,-0.1595744680851064,-0.324468085106383,-0.010638297872340425,-0.48936170212765956,-0.031914893617021274,-0.5797872340425532,-0.047872340425531915,-0.40425531914893614,-0.05319148936170213,-0.2978723404255319,0.11170212765957446,-0.44680851063829785,0.13829787234042554,-0.6063829787234043,0.14893617021276595,-0.7021276595744681,0.15425531914893617,-0.8138297872340425
6,0.0,0.0,-0.20634920634920634,-0.06349206349206349,-0.3915343915343915,-0.25925925925925924,-0.5238095238095238,-0.4074074074074074,-0.6507936507936508,-0.48677248677248675,-0.2698412698412698,-0.5185185185185185,-0.2857142857142857,-0.7354497354497355,-0.291005291005291,-0.873015873015873,-0.291005291005291,-1.0,-0.15343915343915343,-0.5238095238095238,-0.1693121693121693,-0.6190476190476191,-0.1746031746031746,-0.42857142857142855,-0.1693121693121693,-0.31216931216931215,-0.026455026455026454,-0.4973544973544973,-0.047619047619047616,-0.582010582010582,-0.0582010582010582,-0.3968253968253968,-0.06349206349206349,-0.2962962962962963,0.09523809523809523,-0.455026455026455,0.12698412698412698,-0.6243386243386243,0.13756613756613756,-0.7142857142857143,0.13756613756613756,-0.8306878306878307
6,0.0,0.0,-0.20526315789473684,-0.07368421052631578,-0.38421052631578945,-0.2631578947368421,-0.5052631578947369,-0.4052631578947368,-0.6263157894736842,-0.4842105263157895,-0.2631578947368421,-0.5157894736842106,-0.26842105263157895,-0.7368421052631579,-0.26842105263157895,-0.8736842105263158,-0.2578947368421053,-1.0,-0.14210526315789473,-0.5157894736842106,-0.1631578947368421,-0.6368421052631579,-0.16842105263157894,-0.4473684210526316,-0.15789473684210525,-0.3157894736842105,-0.021052631578947368,-0.48947368421052634,-0.04736842105263158,-0.5894736842105263,-0.05789473684210526,-0.4105263157894737,-0.05789473684210526,-0.29473684210526313,0.09473684210526316,-0.4473684210526316,0.13157894736842105,-0.6263157894736842,0.1368421052631579,-0.7263157894736842,0.1368421052631579,-0.8421052631578947
6,0.0,0.0,-0.2,-0.07368421052631578,-0.37894736842105264,-0.2631578947368421,-0.5052631578947369,-0.4,-0.6263157894736842,-0.4842105263157895,-0.2578947368421053,-0.5210526315789473,-0.26842105263157895,-0.7421052631578947,-0.26842105263157895,-0.8789473684210526,-0.2578947368421053,-1.0,-0.14210526315789473,-0.5210526315789473,-0.1631578947368421,-0.631578947368421,-0.15789473684210525,-0.4421052631578947,-0.15263157894736842,-0.3105263157894737,-0.015789473684210527,-0.49473684210526314,-0.042105263157894736,-0.5842105263157895,-0.05263157894736842,-0.4052631578947368,-0.05263157894736842,-0.29473684210526313,0.10526315789473684,-0.45263157894736844,0.13157894736842105,-0.6368421052631579,0.13157894736842105,-0.7421052631578947,0.12631578947368421,-0.8578947368421053
6,0.0,0.0,-0.1958762886597938,-0.07216494845360824,-0.3865979381443299,-0.25773195876288657,-0.5154639175257731,-0.39690721649484534,-0.6288659793814433,-0.4793814432989691,-0.26804123711340205,-0.5103092783505154,-0.27835051546391754,-0.7319587628865979,-0.27319587628865977,-0.8762886597938144,-0.26288659793814434,-1.0,-0.15463917525773196,-0.5154639175257731,-0.18041237113402062,-0.6288659793814433,-0.17010309278350516,-0.44329896907216493,-0.15979381443298968,-0.31443298969072164,-0.030927835051546393,-0.5,-0.061855670103092786,-0.6030927835051546,-0.061855670103092786,-0.42783505154639173,-0.061855670103092786,-0.31443298969072164,0.08762886597938144,-0.4639175257731959,0.10824742268041238,-0.6494845360824743,0.10309278350515463,-0.7525773195876289,0.08762886597938144,-0.8711340206185567
6,0.0,0.0,-0.20103092783505155,-0.06701030927835051,-0.3917525773195876,-0.24742268041237114,-0.520618556701031,-0.3865979381443299,-0.6391752577319587,-0.4639175257731959,-0.26804123711340205,-0.5103092783505154,-0.27319587628865977,-0.7319587628865979,-0.26804123711340205,-0.8762886597938144,-0.25773195876288657,-1.0,-0.15463917525773196,-0.5154639175257731,-0.17525773195876287,-0.6237113402061856,-0.17010309278350516,-0.4381443298969072,-0.15979381443298968,-0.31443298969072164,-0.03608247422680412,-0.4948453608247423,-0.05670103092783505,-0.5979381443298969,-0.061855670103092786,-0.422680412371134,-0.061855670103092786,-0.31443298969072164,0.08247422680412371,-0.4639175257731959,0.10309278350515463,-0.6494845360824743,0.10309278350515463,-0.7525773195876289,0.08762886597938144,-0.8711340206185567
6,0.0,0.0,-0.20618556701030927,-0.07216494845360824,-0.4072164948453608,-0.25773195876288657,-0.5360824742268041,-0.3865979381443299,-0.654639175257732,-0.4587628865979381,-0.28350515463917525,-0.5103092783505154,-0.29381443298969073,-0.7371134020618557,-0.29381443298969073,-0.8762886597938144,-0.28350515463917525,-1.0,-0.17010309278350516,-0.520618556701031,-0.18556701030927836,-0.6288659793814433,-0.17010309278350516,-0.4484536082474227,-0.15979381443298968,-0.31958762886597936,-0.04639175257731959,-0.5051546391752577,-0.061855670103092786,-0.6082474226804123,-0.061855670103092786,-0.4381443298969072,-0.061855670103092786,-0.32989690721649484,0.07731958762886598,-0.4742268041237113,0.09278350515463918,-0.6597938144329897,0.08762886597938144,-0.7680412371134021,0.07731958762886598,-0.8865979381443299
6,0.0,0.0,-0.20207253886010362,-0.06217616580310881,-0.40414507772020725,-0.23834196891191708,-0.538860103626943,-0.3626943005181347,-0.6580310880829016,-0.44041450777202074,-0.2849740932642487,-0.5077720207253886,-0.31088082901554404,-0.7357512953367875,-0.32642487046632124,-0.8704663212435233,-0.32642487046632124,-1.0,-0.16580310880829016,-0.5181347150259067,-0.18134715025906736,-0.6269430051813472,-0.17098445595854922,-0.44559585492227977,-0.16062176165803108,-0.31088082901554404,-0.04145077720207254,-0.5025906735751295,-0.06217616580310881,-0.5958549222797928,-0.06217616580310881,-0.41968911917098445,-0.06217616580310881,-0.30569948186528495,0.07772020725388601,-0.47668393782383417,0.08808290155440414,-0.6580310880829016,0.08808290155440414,-0.7616580310880829,0.08290155440414508,-0.8808290155440415
6,0.0,0.0,-0.20725388601036268,-0.06217616580310881,-0.40932642487046633,-0.24352331606217617,-0.5492227979274611,-0.37305699481865284,-0.6735751295336787,-0.45077720207253885,-0.2849740932642487,-0.5181347150259067,-0.32642487046632124,-0.7409326424870466,-0.35233160621761656,-0.8808290155440415,-0.37305699481865284,-1.0,-0.16580310880829016,-0.5284974093264249,-0.19689119170984457,-0.6217616580310881,-0.19170984455958548,-0.43005181347150256,-0.17616580310880828,-0.30569948186528495,-0.046632124352331605,-0.5077720207253886,-0.06735751295336788,-0.6113989637305699,-0.07253886010362694,-0.43005181347150256,-0.06735751295336788,-0.3160621761658031,0.07253886010362694,-0.47668393782383417,0.09326424870466321,-0.6580310880829016,0.09844559585492228,-0.7616580310880829,0.10362694300518134,-0.8860103626943006
6,0.0,0.0,-0.20103092783505155,-0.061855670103092786,-0.4072164948453608,-0.23711340206185566,-0.5463917525773195,-0.36082474226804123,-0.6701030927835051,-0.4381443298969072,-0.28350515463917525,-0.520618556701031,-0.32989690721649484,-0.7371134020618557,-0.3711340206185567,-0.8762886597938144,-0.39690721649484534,-1.0,-0.16494845360824742,-0.5309278350515464,-0.19072164948453607,-0.634020618556701,-0.19072164948453607,-0.4381443298969072,-0.18041237113402062,-0.31443298969072164,-0.041237113402061855,-0.5103092783505154,-0.06701030927835051,-0.6082474226804123,-0.07216494845360824,-0.422680412371134,-0.061855670103092786,-0.30927835051546393,0.08247422680412371,-0.4690721649484536,0.10309278350515463,-0.654639175257732,0.10824742268041238,-0.7577319587628866,0.10824742268041238,-0.8814432989690721
6,0.0,0.0,-0.20725388601036268,-0.07253886010362694,-0.41450777202072536,-0.24352331606217617,-0.5595854922279793,-0.36787564766839376,-0.6839378238341969,-0.44041450777202074,-0.2849740932642487,-0.5233160621761658,-0.34196891191709844,-0.7409326424870466,-0.38341968911917096,-0.8808290155440415,-0.41450777202072536,-1.0,-0.17098445595854922,-0.5284974093264249,-0.20725388601036268,-0.6321243523316062,-0.20207253886010362,-0.43523316062176165,-0.18652849740932642,-0.32642487046632124,-0.046632124352331605,-0.5077720207253886,-0.07772020725388601,-0.616580310880829,-0.07253886010362694,-0.43005181347150256,-0.06735751295336788,-0.32124352331606215,0.07772020725388601,-0.46632124352331605,0.10362694300518134,-0.6476683937823834,0.11398963730569948,-0.7564766839378239,0.11917098445595854,-0.8808290155440415
6,0.0,0.0,-0.21354166666666666,-0.06770833333333333,-0.4270833333333333,-0.23958333333333334,-0.5729166666666666,-0.3645833333333333,-0.6979166666666666,-0.4375,-0.296875,-0.5208333333333334,-0.359375,-0.7395833333333334,-0.40625,-0.875,-0.4427083333333333,-1.0,-0.17708333333333334,-0.53125,-0.21875,-0.640625,-0.20833333333333334,-0.4427083333333333,-0.19791666666666666,-0.3229166666666667,-0.052083333333333336,-0.515625,-0.08333333333333333,-0.6302083333333334,-0.08333333333333333,-0.4479166666666667,-0.07291666666666667,-0.3333333333333333,0.07291666666666667,-0.4791666666666667,0.09895833333333333,-0.6614583333333334,0.10416666666666667,-0.765625,0.11458333333333333,-0.8854166666666666
6,0.0,0.0,-0.21354166666666666,-0.07291666666666667,-0.421875,-0.23958333333333334,-0.5677083333333334,-0.359375,-0.6979166666666666,-0.4322916666666667,-0.296875,-0.5208333333333334,-0.375,-0.7395833333333334,-0.4270833333333333,-0.875,-0.46875,-1.0,-0.18229166666666666,-0.5364583333333334,-0.22395833333333334,-0.6510416666666666,-0.21354166666666666,-0.453125,-0.19791666666666666,-0.3385416666666667,-0.052083333333333336,-0.5208333333333334,-0.08854166666666667,-0.6458333333333334,-0.08333333333333333,-0.4583333333333333,-0.07291666666666667,-0.3385416666666667,0.07291666666666667,-0.484375,0.09895833333333333,-0.6666666666666666,0.109375,-0.7760416666666666,0.11979166666666667,-0.90625
6,0.0,0.0,-0.21164021164021163,-0.07407407407407407,-0.42857142857142855,-0.23809523809523808,-0.5767195767195767,-0.35978835978835977,-0.7142857142857143,-0.42857142857142855,-0.31216931216931215,-0.5238095238095238,-0.3915343915343915,-0.7407407407407407,-0.4497354497354497,-0.8783068783068783,-0.4973544973544973,-1.0,-0.19047619047619047,-0.5396825396825397,-0.23809523809523808,-0.6507936507936508,-0.2275132275132275,-0.4603174603174603,-0.20634920634920634,-0.3386243386243386,-0.06349206349206349,-0.5238095238095238,-0.09523809523809523,-0.6507936507936508,-0.09523809523809523,-0.4603174603174603,-0.08465608465608465,-0.3333333333333333,0.06349206349206349,-0.48677248677248675,0.09523809523809523,-0.671957671957672,0.1111111111111111,-0.783068783068783,0.12169312169312169,-0.91005291005291
6,0.0,0.0,-0.21390374331550802,-0.06417112299465241,-0.42780748663101603,-0.23529411764705882,-0.5828877005347594,-0.3582887700534759,-0.7165775401069518,-0.42245989304812837,-0.3155080213903743,-0.5347593582887701,-0.40641711229946526,-0.7486631016042781,-0.47593582887700536,-0.8823529411764706,-0.5294117647058824,-1.0,-0.18716577540106952,-0.5508021390374331,-0.23529411764705882,-0.679144385026738,-0.22459893048128343,-0.47058823529411764,-0.20855614973262032,-0.34759358288770054,-0.058823529411764705,-0.5347593582887701,-0.09090909090909091,-0.6684491978609626,-0.09090909090909091,-0.46524064171123,-0.0855614973262032,-0.3422459893048128,0.06951871657754011,-0.49732620320855614,0.10160427807486631,-0.679144385026738,0.12299465240641712,-0.786096256684492,0.13368983957219252,-0.9197860962566845
6,0.0,0.0,-0.2192513368983957,-0.06417112299465241,-0.4385026737967914,-0.22994652406417113,-0.5882352941176471,-0.35294117647058826,-0.7219251336898396,-0.41711229946524064,-0.32085561497326204,-0.5133689839572193,-0.41711229946524064,-0.7379679144385026,-0.48663101604278075,-0.8770053475935828,-0.5401069518716578,-1.0,-0.20320855614973263,-0.5347593582887701,-0.23529411764705882,-0.6684491978609626,-0.22459893048128343,-0.47058823529411764,-0.20855614973262032,-0.34759358288770054,-0.06951871657754011,-0.5187165775401069,-0.0962566844919786,-0.6684491978609626,-0.0855614973262032,-0.46524064171123,-0.08021390374331551,-0.3422459893048128,0.058823529411764705,-0.48663101604278075,0.09090909090909091,-0.6737967914438503,0.10695187165775401,-0.786096256684492,0.11764705882352941,-0.9197860962566845
6,0.0,0.0,-0.21505376344086022,-0.06451612903225806,-0.43548387096774194,-0.23118279569892472,-0.5860215053763441,-0.34946236559139787,-0.7204301075268817,-0.41935483870967744,-0.3225806451612903,-0.521505376344086,-0.41397849462365593,-0.7365591397849462,-0.489247311827957,-0.8763440860215054,-0.543010752688172,-1.0,-0.1989247311827957,-0.5376344086021505,-0.24193548387096775,-0.6666666666666666,-0.22580645161290322,-0.46236559139784944,-0.20967741935483872,-0.34408602150537637,-0.06989247311827956,-0.521505376344086,-0.0967741935483871,-0.6612903225806451,-0.08602150537634409,-0.46236559139784944,-0.08064516129032258,-0.3387096774193548,0.05913978494623656,-0.489247311827957,0.0913978494623656,-0.6720430107526881,0.11290322580645161,-0.7849462365591398,0.12903225806451613,-0.9193548387096774
6,0.0,0.0,-0.21578947368421053,-0.07368421052631578,-0.4263157894736842,-0.23157894736842105,-0.5684210526315789,-0.3473684210526316,-0.6947368421052632,-0.42105263157894735,-0.3,-0.5105263157894737,-0.39473684210526316,-0.7368421052631579,-0.46842105263157896,-0.8789473684210526,-0.5210526315789473,-1.0,-0.18421052631578946,-0.5263157894736842,-0.23684210526315788,-0.6578947368421053,-0.22105263157894736,-0.47368421052631576,-0.20526315789473684,-0.3526315789473684,-0.06315789473684211,-0.5157894736842106,-0.10526315789473684,-0.6578947368421053,-0.09473684210526316,-0.4631578947368421,-0.07894736842105263,-0.3368421052631579,0.05789473684210526,-0.4842105263157895,0.08947368421052632,-0.6631578947368421,0.11052631578947368,-0.7684210526315789,0.12105263157894737,-0.9
6,0.0,0.0,-0.21808510638297873,-0.07446808510638298,-0.425531914893617,-0.2393617021276596,-0.5691489361702128,-0.35106382978723405,-0.6968085106382979,-0.42021276595744683,-0.2978723404255319,-0.5106382978723404,-0.39361702127659576,-0.7393617021276596,-0.4627659574468085,-0.8776595744680851,-0.5212765957446809,-1.0,-0.18085106382978725,-0.526595744680851,-0.23404255319148937,-0.6436170212765957,-0.22340425531914893,-0.4521276595744681,-0.20212765957446807,-0.3351063829787234,-0.05851063829787234,-0.5212765957446809,-0.10106382978723404,-0.6595744680851063,-0.09574468085106383,-0.4627659574468085,-0.0797872340425532,-0.3404255319148936,0.06382978723404255,-0.48404255319148937,0.09574468085106383,-0.6648936170212766,0.11170212765957446,-0.7712765957446809,0.12234042553191489,-0.898936170212766
6,0.0,0.0,-0.21465968586387435,-0.06806282722513089,-0.418848167539267,-0.2356020942408377,-0.5602094240837696,-0.34554973821989526,-0.6858638743455497,-0.41361256544502617,-0.2879581151832461,-0.5078534031413613,-0.36649214659685864,-0.7329842931937173,-0.42408376963350786,-0.8743455497382199,-0.47643979057591623,-1.0,-0.16753926701570682,-0.5235602094240838,-0.21465968586387435,-0.6387434554973822,-0.21465968586387435,-0.46596858638743455,-0.19895287958115182,-0.33507853403141363,-0.04712041884816754,-0.5078534031413613,-0.08376963350785341,-0.643979057591623,-0.09424083769633508,-0.45549738219895286,-0.08376963350785341,-0.3298429319371728,0.07853403141361257,-0.4712041884816754,0.10471204188481675,-0.6492146596858639,0.11518324607329843,-0.7539267015706806,0.1256544502617801,-0.8795811518324608
6,0.0,0.0,-0.21808510638297873,-0.06914893617021277,-0.42021276595744683,-0.23404255319148937,-0.5638297872340425,-0.35106382978723405,-0.6914893617021277,-0.4308510638297872,-0.2872340425531915,-0.5159574468085106,-0.35638297872340424,-0.7393617021276596,-0.4148936170212766,-0.8776595744680851,-0.4574468085106383,-1.0,-0.16489361702127658,-0.526595744680851,-0.21808510638297873,-0.6436170212765957,-0.2127659574468085,-0.44680851063829785,-0.20212765957446807,-0.32978723404255317,-0.0425531914893617,-0.5106382978723404,-0.0797872340425532,-0.6276595744680851,-0.0851063829787234,-0.43617021276595747,-0.0797872340425532,-0.324468085106383,0.0851063829787234,-0.4734042553191489,0.11170212765957446,-0.648936170212766,0.12234042553191489,-0.75,0.13297872340425532,-0.8670212765957447
6,0.0,0.0,-0.21164021164021163,-0.07407407407407407,-0.4126984126984127,-0.2328042328042328,-0.5555555555555556,-0.35978835978835977,-0.6772486772486772,-0.4444444444444444,-0.2804232804232804,-0.5026455026455027,-0.3333333333333333,-0.7248677248677249,-0.38095238095238093,-0.873015873015873,-0.41798941798941797,-1.0,-0.164021164021164,-0.5132275132275133,-0.21164021164021163,-0.6296296296296297,-0.20105820105820105,-0.43915343915343913,-0.18518518518518517,-0.31216931216931215,-0.042328042328042326,-0.4973544973544973,-0.07936507936507936,-0.6031746031746031,-0.07407407407407407,-0.4126984126984127,-0.06349206349206349,-0.291005291005291,0.08465608465608465,-0.4656084656084656,0.1111111111111111,-0.6455026455026455,0.12698412698412698,-0.746031746031746,0.13756613756613756,-0.8677248677248677
6,0.0,0.0,-0.2127659574468085,-0.06914893617021277,-0.4148936170212766,-0.23404255319148937,-0.5585106382978723,-0.3617021276595745,-0.6861702127659575,-0.44680851063829785,-0.2872340425531915,-0.5159574468085106,-0.324468085106383,-0.7393617021276596,-0.3723404255319149,-0.8776595744680851,-0.4095744680851064,-1.0,-0.16489361702127658,-0.526595744680851,-0.2127659574468085,-0.6223404255319149,-0.2074468085106383,-0.425531914893617,-0.19148936170212766,-0.30319148936170215,-0.0425531914893617,-0.5053191489361702,-0.07446808510638298,-0.5904255319148937,-0.0797872340425532,-0.4095744680851064,-0.07446808510638298,-0.2925531914893617,0.0851063829787234,-0.46808510638297873,0.10638297872340426,-0.6382978723404256,0.1276595744680851,-0.7393617021276596,0.13829787234042554,-0.8563829787234043
6,0.0,0.0,-0.2074468085106383,-0.0797872340425532,-0.39893617021276595,-0.25,-0.5425531914893617,-0.3829787234042553,-0.6648936170212766,-0.46808510638297873,-0.26063829787234044,-0.526595744680851,-0.28191489361702127,-0.7446808510638298,-0.31382978723404253,-0.8829787234042553,-0.34574468085106386,-1.0,-0.14361702127659576,-0.5372340425531915,-0.18617021276595744,-0.6329787234042553,-0.17553191489361702,-0.44148936170212766,-0.16489361702127658,-0.3191489361702128,-0.02127659574468085,-0.5159574468085106,-0.05319148936170213,-0.5904255319148937,-0.05319148936170213,-0.4095744680851064,-0.05319148936170213,-0.30319148936170215,0.10106382978723404,-0.4787234042553192,0.12234042553191489,-0.6542553191489362,0.14361702127659576,-0.75,0.15425531914893617,-0.8563829787234043
6,0.0,0.0,-0.2127659574468085,-0.0797872340425532,-0.40425531914893614,-0.25,-0.5425531914893617,-0.3776595744680851,-0.6595744680851063,-0.4734042553191489,-0.26063829787234044,-0.526595744680851,-0.2712765957446808,-0.7446808510638298,-0.2925531914893617,-0.8829787234042553,-0.31382978723404253,-1.0,-0.13829787234042554,-0.5319148936170213,-0.18085106382978725,-0.6170212765957447,-0.17553191489361702,-0.42021276595744683,-0.16489361702127658,-0.30851063829787234,-0.015957446808510637,-0.5053191489361702,-0.05319148936170213,-0.5797872340425532,-0.05319148936170213,-0.39893617021276595,-0.05319148936170213,-0.2925531914893617,0.10638297872340426,-0.46808510638297873,0.1276595744680851,-0.6382978723404256,0.14893617021276595,-0.7340425531914894,0.15425531914893617,-0.851063829787234
6,0.0,0.0,-0.21505376344086022,-0.08064516129032258,-0.4032258064516129,-0.25268817204301075,-0.532258064516129,-0.3870967741935484,-0.6451612903225806,-0.478494623655914,-0.25268817204301075,-0.532258064516129,-0.25268817204301075,-0.7526881720430108,-0.27956989247311825,-0.8870967741935484,-0.2956989247311828,-1.0,-0.12903225806451613,-0.5376344086021505,-0.1774193548387097,-0.6236559139784946,-0.1827956989247312,-0.43010752688172044,-0.16666666666666666,-0.3172043010752688,-0.005376344086021506,-0.5053763440860215,-0.043010752688172046,-0.5752688172043011,-0.04838709677419355,-0.3870967741935484,-0.04838709677419355,-0.2849462365591398,0.11290322580645161,-0.46774193548387094,0.13440860215053763,-0.6344086021505376,0.15053763440860216,-0.7311827956989247,0.16129032258064516,-0.8440860215053764
6,0.0,0.0,-0.20855614973262032,-0.0748663101604278,-0.40106951871657753,-0.25133689839572193,-0.5294117647058824,-0.39037433155080214,-0.6470588235294118,-0.48128342245989303,-0.25133689839572193,-0.5240641711229946,-0.25668449197860965,-0.7433155080213903,-0.27807486631016043,-0.8770053475935828,-0.29411764705882354,-1.0,-0.13368983957219252,-0.5294117647058824,-0.17647058823529413,-0.6042780748663101,-0.17647058823529413,-0.4117647058823529,-0.16042780748663102,-0.31016042780748665,-0.0106951871657754,-0.5080213903743316,-0.0427807486631016,-0.5721925133689839,-0.0481283422459893,-0.3850267379679144,-0.0481283422459893,-0.2887700534759358,0.10695187165775401,-0.46524064171123,0.13368983957219252,-0.6310160427807486,0.1443850267379679,-0.7272727272727273,0.15508021390374332,-0.8449197860962567
6,0.0,0.0,-0.21621621621621623,-0.07027027027027027,-0.40540540540540543,-0.24864864864864866,-0.5405405405405406,-0.3891891891891892,-0.6648648648648648,-0.4810810810810811,-0.2648648648648649,-0.5243243243243243,-0.2648648648648649,-0.745945945945946,-0.2756756756756757,-0.8810810810810811,-0.2810810810810811,-1.0,-0.14594594594594595,-0.5243243243243243,-0.1837837837837838,-0.6,-0.1783783783783784,-0.40540540540540543,-0.16756756756756758,-0.3027027027027027,-0.021621621621621623,-0.5027027027027027,-0.04864864864864865,-0.5783783783783784,-0.05405405405405406,-0.3945945945945946,-0.05405405405405406,-0.2918918918918919,0.10270270270270271,-0.4648648648648649,0.12972972972972974,-0.6324324324324324,0.14594594594594595,-0.7243243243243244,0.15675675675675677,-0.8432432432432433
6,0.0,0.0,-0.20967741935483872,-0.06989247311827956,-0.4032258064516129,-0.25268817204301075,-0.532258064516129,-0.3924731182795699,-0.6451612903225806,-0.489247311827957,-0.25806451612903225,-0.521505376344086,-0.25806451612903225,-0.7473118279569892,-0.26881720430107525,-0.8870967741935484,-0.27956989247311825,-1.0,-0.13440860215053763,-0.5268817204301075,-0.1827956989247312,-0.5967741935483871,-0.1827956989247312,-0.41397849462365593,-0.16129032258064516,-0.3064516129032258,-0.016129032258064516,-0.5,-0.04838709677419355,-0.5645161290322581,-0.053763440860215055,-0.3817204301075269,-0.04838709677419355,-0.27956989247311825,0.10752688172043011,-0.46236559139784944,0.12903225806451613,-0.6344086021505376,0.13978494623655913,-0.7258064516129032,0.15053763440860216,-0.8440860215053764
6,0.0,0.0,-0.21390374331550802,-0.0748663101604278,-0.40106951871657753,-0.25668449197860965,-0.5347593582887701,-0.39572192513368987,-0.6524064171122995,-0.47593582887700536,-0.2620320855614973,-0.5187165775401069,-0.25668449197860965,-0.7433155080213903,-0.2620320855614973,-0.8770053475935828,-0.2727272727272727,-1.0,-0.13903743315508021,-0.5240641711229946,-0.1711229946524064,-0.5989304812834224,-0.1657754010695187,-0.4117647058823529,-0.15508021390374332,-0.3048128342245989,-0.016042780748663103,-0.49732620320855614,-0.0374331550802139,-0.5614973262032086,-0.0427807486631016,-0.37967914438502676,-0.0481283422459893,-0.27807486631016043,0.10695187165775401,-0.45989304812834225,0.13368983957219252,-0.6363636363636364,0.1443850267379679,-0.732620320855615,0.1497326203208556,-0.8449197860962567
6,0.0,0.0,-0.2222222222222222,-0.07936507936507936,-0.4021164021164021,-0.25925925925925924,-0.5291005291005291,-0.4021164021164021,-0.6455026455026455,-0.48677248677248675,-0.24867724867724866,-0.5132275132275133,-0.2328042328042328,-0.7407407407407407,-0.2328042328042328,-0.8783068783068783,-0.23809523809523808,-1.0,-0.12698412698412698,-0.5185185185185185,-0.164021164021164,-0.5925925925925926,-0.15873015873015872,-0.4021164021164021,-0.14285714285714285,-0.2804232804232804,-0.005291005291005291,-0.49206349206349204,-0.037037037037037035,-0.5661375661375662,-0.037037037037037035,-0.3862433862433862,-0.031746031746031744,-0.2751322751322751,0.1164021164021164,-0.455026455026455,0.15343915343915343,-0.6296296296296297,0.164021164021164,-0.7354497354497355,0.15873015873015872,-0.8465608465608465
6,0.0,0.0,-0.21052631578947367,-0.07894736842105263,-0.3894736842105263,-0.26842105263157895,-0.5157894736842106,-0.4,-0.6263157894736842,-0.48947368421052634,-0.23157894736842105,-0.5210526315789473,-0.21578947368421053,-0.7473684210526316,-0.21578947368421053,-0.8789473684210526,-0.22105263157894736,-1.0,-0.11052631578947368,-0.5210526315789473,-0.14736842105263157,-0.6,-0.14210526315789473,-0.4105263157894737,-0.12631578947368421,-0.29473684210526313,0.015789473684210527,-0.49473684210526314,-0.010526315789473684,-0.5631578947368421,-0.021052631578947368,-0.3894736842105263,-0.015789473684210527,-0.2894736842105263,0.14210526315789473,-0.45263157894736844,0.16842105263157894,-0.631578947368421,0.1736842105263158,-0.7315789473684211,0.1736842105263158,-0.8421052631578947
6,0.0,0.0,-0.21052631578947367,-0.07894736842105263,-0.4,-0.2631578947368421,-0.531578947368421,-0.4,-0.6421052631578947,-0.4842105263157895,-0.24210526315789474,-0.5263157894736842,-0.22105263157894736,-0.7473684210526316,-0.21578947368421053,-0.8789473684210526,-0.21052631578947367,-1.0,-0.12105263157894737,-0.5210526315789473,-0.15263157894736842,-0.5947368421052631,-0.15263157894736842,-0.4,-0.14210526315789473,-0.29473684210526313,0.005263157894736842,-0.49473684210526314,-0.015789473684210527,-0.5631578947368421,-0.02631578947368421,-0.3894736842105263,-0.031578947368421054,-0.2894736842105263,0.13157894736842105,-0.45263157894736844,0.15263157894736842,-0.631578947368421,0.1631578947368421,-0.7263157894736842,0.16842105263157894,-0.8473684210526315
6,0.0,0.0,-0.21052631578947367,-0.07368421052631578,-0.39473684210526316,-0.25263157894736843,-0.5263157894736842,-0.3894736842105263,-0.6421052631578947,-0.4789473684210526,-0.24210526315789474,-0.5210526315789473,-0.22105263157894736,-0.7421052631578947,-0.21052631578947367,-0.8789473684210526,-0.20526315789473684,-1.0,-0.12105263157894737,-0.5157894736842106,-0.14210526315789473,-0.5947368421052631,-0.14210526315789473,-0.4052631578947368,-0.1368421052631579,-0.29473684210526313,0.005263157894736842,-0.48947368421052634,-0.010526315789473684,-0.5631578947368421,-0.021052631578947368,-0.3894736842105263,-0.031578947368421054,-0.29473684210526313,0.12631578947368421,-0.45263157894736844,0.15789473684210525,-0.6263157894736842,0.16842105263157894,-0.7263157894736842,0.1736842105263158,-0.8473684210526315
6,0.0,0.0,-0.20103092783505155,-0.06701030927835051,-0.3865979381443299,-0.24742268041237114,-0.5103092783505154,-0.3917525773195876,-0.6288659793814433,-0.4742268041237113,-0.23711340206185566,-0.5103092783505154,-0.22164948453608246,-0.7422680412371134,-0.21649484536082475,-0.8762886597938144,-0.21649484536082475,-1.0,-0.11855670103092783,-0.5103092783505154,-0.13917525773195877,-0.5773195876288659,-0.13402061855670103,-0.3917525773195876,-0.12886597938144329,-0.27835051546391754,0.005154639175257732,-0.4845360824742268,-0.010309278350515464,-0.5515463917525774,-0.015463917525773196,-0.3865979381443299,-0.02577319587628866,-0.28350515463917525,0.12886597938144329,-0.4484536082474227,0.15463917525773196,-0.6237113402061856,0.17010309278350516,-0.7216494845360825,0.17010309278350516,-0.8350515463917526
6,0.0,0.0,-0.21243523316062177,-0.07253886010362694,-0.39896373056994816,-0.2538860103626943,-0.533678756476684,-0.38860103626943004,-0.6476683937823834,-0.47668393782383417,-0.24870466321243523,-0.5181347150259067,-0.24352331606217617,-0.7409326424870466,-0.24870466321243523,-0.8756476683937824,-0.2538860103626943,-1.0,-0.12953367875647667,-0.5181347150259067,-0.15544041450777202,-0.5906735751295337,-0.15025906735751296,-0.40414507772020725,-0.14507772020725387,-0.29533678756476683,-0.010362694300518135,-0.49222797927461137,-0.031088082901554404,-0.5699481865284974,-0.03626943005181347,-0.39378238341968913,-0.046632124352331605,-0.29533678756476683,0.10880829015544041,-0.45595854922279794,0.13471502590673576,-0.6321243523316062,0.15025906735751296,-0.7305699481865285,0.15025906735751296,-0.844559585492228
6,0.0,0.0,-0.21354166666666666,-0.06770833333333333,-0.40625,-0.2552083333333333,-0.5364583333333334,-0.390625,-0.6510416666666666,-0.4739583333333333,-0.24479166666666666,-0.515625,-0.25,-0.7395833333333334,-0.265625,-0.8802083333333334,-0.2760416666666667,-1.0,-0.125,-0.5208333333333334,-0.15625,-0.6145833333333334,-0.15625,-0.4270833333333333,-0.140625,-0.296875,-0.005208333333333333,-0.4947916666666667,-0.036458333333333336,-0.578125,-0.041666666666666664,-0.4010416666666667,-0.041666666666666664,-0.2864583333333333,0.11458333333333333,-0.4583333333333333,0.140625,-0.6354166666666666,0.15104166666666666,-0.7291666666666666,0.15625,-0.84375
6,0.0,0.0,-0.1989795918367347,-0.0663265306122449,-0.3826530612244898,-0.24489795918367346,-0.5102040816326531,-0.37755102040816324,-0.6275510204081632,-0.45918367346938777,-0.23469387755102042,-0.5153061224489796,-0.24489795918367346,-0.7397959183673469,-0.2602040816326531,-0.8775510204081632,-0.27040816326530615,-1.0,-0.11734693877551021,-0.5153061224489796,-0.14285714285714285,-0.6071428571428571,-0.14795918367346939,-0.42346938775510207,-0.1377551020408163,-0.29591836734693877,0.0,-0.4846938775510204,-0.02040816326530612,-0.5663265306122449,-0.03571428571428571,-0.39285714285714285,-0.04081632653061224,-0.2857142857142857,0.11734693877551021,-0.4489795918367347,0.14285714285714285,-0.6275510204081632,0.14285714285714285,-0.7244897959183674,0.14285714285714285,-0.8367346938775511
6,0.0,0.0,-0.2,-0.07179487179487179,-0.38461538461538464,-0.2512820512820513,-0.517948717948718,-0.37435897435897436,-0.6307692307692307,-0.46153846153846156,-0.24102564102564103,-0.517948717948718,-0.26153846153846155,-0.7384615384615385,-0.28717948717948716,-0.8769230769230769,-0.3076923076923077,-1.0,-0.12307692307692308,-0.5230769230769231,-0.15897435897435896,-0.6358974358974359,-0.15897435897435896,-0.4461538461538462,-0.14358974358974358,-0.31794871794871793,0.0,-0.49743589743589745,-0.035897435897435895,-0.5846153846153846,-0.046153846153846156,-0.40512820512820513,-0.046153846153846156,-0.2923076923076923,0.12307692307692308,-0.46153846153846156,0.14358974358974358,-0.6512820512820513,0.13846153846153847,-0.7487179487179487,0.12307692307692308,-0.8564102564102564
6,0.0,0.0,-0.20512820512820512,-0.06666666666666667,-0.39487179487179486,-0.24615384615384617,-0.5282051282051282,-0.36923076923076925,-0.6461538461538462,-0.4461538461538462,-0.26153846153846155,-0.517948717948718,-0.2923076923076923,-0.7435897435897436,-0.31794871794871793,-0.882051282051282,-0.3384615384615385,-1.0,-0.13846153846153847,-0.5230769230769231,-0.17435897435897435,-0.6205128205128205,-0.16923076923076924,-0.4358974358974359,-0.15384615384615385,-0.30256410256410254,-0.010256410256410256,-0.5025641025641026,-0.046153846153846156,-0.5846153846153846,-0.05641025641025641,-0.40512820512820513,-0.05641025641025641,-0.2923076923076923,0.11282051282051282,-0.4717948717948718,0.1282051282051282,-0.6615384615384615,0.1282051282051282,-0.764102564102564,0.11794871794871795,-0.8717948717948718
6,0.0,0.0,-0.20512820512820512,-0.07179487179487179,-0.4,-0.2512820512820513,-0.5435897435897435,-0.36923076923076925,-0.6666666666666666,-0.441025641025641,-0.2717948717948718,-0.5230769230769231,-0.3076923076923077,-0.7384615384615385,-0.3384615384615385,-0.8769230769230769,-0.358974358974359,-1.0,-0.14871794871794872,-0.5333333333333333,-0.18461538461538463,-0.6256410256410256,-0.1794871794871795,-0.4358974358974359,-0.1641025641025641,-0.3230769230769231,-0.020512820512820513,-0.5128205128205128,-0.05641025641025641,-0.5948717948717949,-0.06666666666666667,-0.41025641025641024,-0.06153846153846154,-0.30256410256410254,0.1076923076923077,-0.47692307692307695,0.12307692307692308,-0.6615384615384615,0.12307692307692308,-0.7589743589743589,0.11282051282051282,-0.8666666666666667
6,0.0,0.0,-0.20812182741116753,-0.07106598984771574,-0.40609137055837563,-0.2436548223350254,-0.5482233502538071,-0.3553299492385787,-0.6751269035532995,-0.41624365482233505,-0.27918781725888325,-0.5177664974619289,-0.3299492385786802,-0.7360406091370558,-0.3604060913705584,-0.8730964467005076,-0.38578680203045684,-1.0,-0.15736040609137056,-0.5279187817258884,-0.18781725888324874,-0.6345177664974619,-0.17766497461928935,-0.4467005076142132,-0.16243654822335024,-0.3197969543147208,-0.030456852791878174,-0.5126903553299492,-0.06598984771573604,-0.6091370558375635,-0.06598984771573604,-0.4263959390862944,-0.05583756345177665,-0.3147208121827411,0.09644670050761421,-0.48223350253807107,0.1218274111675127,-0.6751269035532995,0.1218274111675127,-0.7766497461928934,0.1116751269035533,-0.8883248730964467
6,0.0,0.0,-0.21025641025641026,-0.06153846153846154,-0.4153846153846154,-0.23076923076923078,-0.5692307692307692,-0.3384615384615385,-0.6974358974358974,-0.38974358974358975,-0.28717948717948716,-0.5128205128205128,-0.3435897435897436,-0.7333333333333333,-0.38461538461538464,-0.8717948717948718,-0.41025641025641024,-1.0,-0.1641025641025641,-0.5282051282051282,-0.19487179487179487,-0.6358974358974359,-0.18974358974358974,-0.4512820512820513,-0.17435897435897435,-0.3230769230769231,-0.035897435897435895,-0.517948717948718,-0.07179487179487179,-0.6153846153846154,-0.07179487179487179,-0.4358974358974359,-0.06666666666666667,-0.31794871794871793,0.09230769230769231,-0.49230769230769234,0.11282051282051282,-0.676923076923077,0.11794871794871795,-0.7743589743589744,0.11282051282051282,-0.8871794871794871
6,0.0,0.0,-0.211340206185567,-0.06701030927835051,-0.422680412371134,-0.2268041237113402,-0.5773195876288659,-0.3247422680412371,-0.711340206185567,-0.37628865979381443,-0.28865979381443296,-0.5257731958762887,-0.3556701030927835,-0.7422680412371134,-0.4020618556701031,-0.8762886597938144,-0.4329896907216495,-1.0,-0.16494845360824742,-0.5412371134020618,-0.20103092783505155,-0.6443298969072165,-0.19072164948453607,-0.4484536082474227,-0.18041237113402062,-0.31958762886597936,-0.03608247422680412,-0.5257731958762887,-0.07216494845360824,-0.6288659793814433,-0.07216494845360824,-0.4329896907216495,-0.06701030927835051,-0.31443298969072164,0.09278350515463918,-0.5,0.1134020618556701,-0.6855670103092784,0.12371134020618557,-0.788659793814433,0.11855670103092783,-0.9072164948453608
6,0.0,0.0,-0.21875,-0.0625,-0.4270833333333333,-0.21875,-0.5885416666666666,-0.3125,-0.7291666666666666,-0.359375,-0.296875,-0.5260416666666666,-0.3645833333333333,-0.7447916666666666,-0.4166666666666667,-0.8802083333333334,-0.4583333333333333,-1.0,-0.171875,-0.5416666666666666,-0.20833333333333334,-0.6510416666666666,-0.19791666666666666,-0.453125,-0.1875,-0.328125,-0.036458333333333336,-0.53125,-0.07291666666666667,-0.6302083333333334,-0.07291666666666667,-0.4427083333333333,-0.06770833333333333,-0.328125,0.08854166666666667,-0.5,0.109375,-0.6875,0.11979166666666667,-0.796875,0.11458333333333333,-0.9166666666666666
6,0.0,0.0,-0.2198952879581152,-0.06282722513089005,-0.43455497382198954,-0.2198952879581152,-0.5916230366492147,-0.3089005235602094,-0.7382198952879581,-0.35602094240837695,-0.3036649214659686,-0.518324607329843,-0.38219895287958117,-0.7382198952879581,-0.43455497382198954,-0.8743455497382199,-0.47643979057591623,-1.0,-0.17277486910994763,-0.5392670157068062,-0.21465968586387435,-0.6387434554973822,-0.19895287958115182,-0.44502617801047123,-0.18324607329842932,-0.31413612565445026,-0.041884816753926704,-0.5287958115183246,-0.07329842931937172,-0.6335078534031413,-0.06806282722513089,-0.44502617801047123,-0.06282722513089005,-0.32460732984293195,0.09424083769633508,-0.5078534031413613,0.11518324607329843,-0.6910994764397905,0.1256544502617801,-0.8010471204188482,0.1256544502617801,-0.9267015706806283
6,0.0,0.0,-0.2222222222222222,-0.06349206349206349,-0.4444444444444444,-0.21164021164021163,-0.6031746031746031,-0.30158730158730157,-0.7513227513227513,-0.3439153439153439,-0.31216931216931215,-0.5291005291005291,-0.3862433862433862,-0.7407407407407407,-0.4444444444444444,-0.8783068783068783,-0.48677248677248675,-1.0,-0.17989417989417988,-0.5502645502645502,-0.21164021164021163,-0.6507936507936508,-0.20105820105820105,-0.455026455026455,-0.18518518518518517,-0.32275132275132273,-0.037037037037037035,-0.5396825396825397,-0.06349206349206349,-0.6349206349206349,-0.06349206349206349,-0.4497354497354497,-0.06349206349206349,-0.328042328042328,0.09523809523809523,-0.5185185185185185,0.1164021164021164,-0.7037037037037037,0.13227513227513227,-0.8095238095238095,0.13227513227513227,-0.9312169312169312
6,0.0,0.0,-0.22340425531914893,-0.05319148936170213,-0.44680851063829785,-0.20212765957446807,-0.6063829787234043,-0.2872340425531915,-0.7553191489361702,-0.32978723404255317,-0.31382978723404253,-0.5319148936170213,-0.39361702127659576,-0.7446808510638298,-0.4521276595744681,-0.8776595744680851,-0.4946808510638298,-1.0,-0.18085106382978725,-0.5531914893617021,-0.21808510638297873,-0.6595744680851063,-0.20212765957446807,-0.46808510638297873,-0.18617021276595744,-0.324468085106383,-0.03723404255319149,-0.5478723404255319,-0.06914893617021277,-0.6436170212765957,-0.06382978723404255,-0.4574468085106383,-0.05851063829787234,-0.3351063829787234,0.10106382978723404,-0.5212765957446809,0.11702127659574468,-0.7074468085106383,0.13297872340425532,-0.8085106382978723,0.13297872340425532,-0.9308510638297872
6,0.0,0.0,-0.22340425531914893,-0.05319148936170213,-0.44680851063829785,-0.19680851063829788,-0.6117021276595744,-0.28191489361702127,-0.7606382978723404,-0.324468085106383,-0.32978723404255317,-0.5212765957446809,-0.42021276595744683,-0.7393617021276596,-0.48404255319148937,-0.8723404255319149,-0.5372340425531915,-1.0,-0.19148936170212766,-0.5478723404255319,-0.22872340425531915,-0.6542553191489362,-0.20212765957446807,-0.4574468085106383,-0.18085106382978725,-0.3191489361702128,-0.05319148936170213,-0.5425531914893617,-0.07446808510638298,-0.6382978723404256,-0.06382978723404255,-0.44680851063829785,-0.06382978723404255,-0.324468085106383,0.0851063829787234,-0.5212765957446809,0.10106382978723404,-0.7074468085106383,0.11170212765957446,-0.8138297872340425,0.11170212765957446,-0.9361702127659575
6,0.0,0.0,-0.22826086956521738,-0.05434782608695652,-0.45652173913043476,-0.1956521739130435,-0.6304347826086957,-0.2826086956521739,-0.7880434782608695,-0.32608695652173914,-0.34782608695652173,-0.5271739130434783,-0.43478260869565216,-0.7445652173913043,-0.5054347826086957,-0.8804347826086957,-0.5597826086956522,-1.0,-0.20652173913043478,-0.5597826086956522,-0.24456521739130435,-0.6684782608695652,-0.21739130434782608,-0.45652173913043476,-0.1956521739130435,-0.32608695652173914,-0.06521739130434782,-0.5597826086956522,-0.08152173913043478,-0.6630434782608695,-0.07065217391304347,-0.46195652173913043,-0.07608695652173914,-0.3423913043478261,0.07608695652173914,-0.5380434782608695,0.09782608695652174,-0.7228260869565217,0.11413043478260869,-0.8315217391304348,0.10869565217391304,-0.9565217391304348
6,0.0,0.0,-0.22282608695652173,-0.05434782608695652,-0.45108695652173914,-0.1956521739130435,-0.625,-0.28804347826086957,-0.782608695652174,-0.33152173913043476,-0.3423913043478261,-0.5271739130434783,-0.44021739130434784,-0.7445652173913043,-0.5163043478260869,-0.8804347826086957,-0.5706521739130435,-1.0,-0.20652173913043478,-0.5597826086956522,-0.24456521739130435,-0.6684782608695652,-0.21739130434782608,-0.46195652173913043,-0.20108695652173914,-0.33152173913043476,-0.06521739130434782,-0.5543478260869565,-0.08695652173913043,-0.6630434782608695,-0.07065217391304347,-0.4673913043478261,-0.07065217391304347,-0.34782608695652173,0.07608695652173914,-0.532608695652174,0.08695652173913043,-0.717391304347826,0.10326086956521739,-0.8260869565217391,0.10326086956521739,-0.9565217391304348
6,0.0,0.0,-0.22702702702702704,-0.04864864864864865,-0.4540540540540541,-0.1945945945945946,-0.6270270270270271,-0.2864864864864865,-0.7783783783783784,-0.33513513513513515,-0.34054054054054056,-0.5135135135135135,-0.43783783783783786,-0.7351351351351352,-0.5135135135135135,-0.8756756756756757,-0.572972972972973,-1.0,-0.20540540540540542,-0.5459459459459459,-0.24864864864864866,-0.6594594594594595,-0.21621621621621623,-0.4594594594594595,-0.1945945945945946,-0.31891891891891894,-0.06486486486486487,-0.5459459459459459,-0.0918918918918919,-0.6594594594594595,-0.07567567567567568,-0.4648648648648649,-0.07027027027027027,-0.34054054054054056,0.07027027027027027,-0.5243243243243243,0.08648648648648649,-0.7135135135135136,0.0972972972972973,-0.827027027027027,0.0918918918918919,-0.9621621621621622
6,0.0,0.0,-0.22580645161290322,-0.053763440860215055,-0.45161290322580644,-0.1989247311827957,-0.6182795698924731,-0.2903225806451613,-0.7634408602150538,-0.3387096774193548,-0.3333333333333333,-0.532258064516129,-0.41935483870967744,-0.7419354838709677,-0.4838709677419355,-0.8763440860215054,-0.532258064516129,-1.0,-0.1989247311827957,-0.5591397849462365,-0.22580645161290322,-0.6720430107526881,-0.21505376344086022,-0.4731182795698925,-0.1989247311827957,-0.34408602150537637,-0.05913978494623656,-0.5483870967741935,-0.07526881720430108,-0.6451612903225806,-0.06451612903225806,-0.45161290322580644,-0.06451612903225806,-0.3333333333333333,0.08064516129032258,-0.521505376344086,0.0913978494623656,-0.7043010752688172,0.10215053763440861,-0.8172043010752689,0.10215053763440861,-0.946236559139785
6,0.0,0.0,-0.21578947368421053,-0.05263157894736842,-0.4368421052631579,-0.19473684210526315,-0.5947368421052631,-0.2894736842105263,-0.7421052631578947,-0.3473684210526316,-0.32105263157894737,-0.5263157894736842,-0.3736842105263158,-0.7421052631578947,-0.4263157894736842,-0.8789473684210526,-0.46842105263157896,-1.0,-0.18421052631578946,-0.5473684210526316,-0.20526315789473684,-0.6526315789473685,-0.18421052631578946,-0.45789473684210524,-0.16842105263157894,-0.33157894736842103,-0.04736842105263158,-0.5368421052631579,-0.05789473684210526,-0.631578947368421,-0.04736842105263158,-0.4473684210526316,-0.04736842105263158,-0.33157894736842103,0.08421052631578947,-0.5105263157894737,0.1,-0.6947368421052632,0.11052631578947368,-0.7947368421052632,0.10526315789473684,-0.9210526315789473
6,0.0,0.0,-0.211340206185567,-0.05670103092783505,-0.42783505154639173,-0.211340206185567,-0.5773195876288659,-0.31443298969072164,-0.711340206185567,-0.37628865979381443,-0.30412371134020616,-0.5257731958762887,-0.34536082474226804,-0.7422680412371134,-0.3865979381443299,-0.8762886597938144,-0.41237113402061853,-1.0,-0.17010309278350516,-0.5412371134020618,-0.18041237113402062,-0.6391752577319587,-0.17010309278350516,-0.4484536082474227,-0.15979381443298968,-0.32989690721649484,-0.03608247422680412,-0.5309278350515464,-0.03608247422680412,-0.6134020618556701,-0.03608247422680412,-0.42783505154639173,-0.041237113402061855,-0.31958762886597936,0.0979381443298969,-0.5051546391752577,0.1134020618556701,-0.6855670103092784,0.12371134020618557,-0.788659793814433,0.11855670103092783,-0.9123711340206185
6,0.0,0.0,-0.211340206185567,-0.05670103092783505,-0.4175257731958763,-0.20618556701030927,-0.5618556701030928,-0.31443298969072164,-0.6907216494845361,-0.3865979381443299,-0.27835051546391754,-0.520618556701031,-0.31443298969072164,-0.7422680412371134,-0.34536082474226804,-0.8762886597938144,-0.3711340206185567,-1.0,-0.14432989690721648,-0.5360824742268041,-0.15979381443298968,-0.6237113402061856,-0.14948453608247422,-0.4381443298969072,-0.14432989690721648,-0.31958762886597936,-0.015463917525773196,-0.520618556701031,-0.030927835051546393,-0.6082474226804123,-0.030927835051546393,-0.42783505154639173,-0.03608247422680412,-0.31958762886597936,0.1134020618556701,-0.4948453608247423,0.12886597938144329,-0.6701030927835051,0.13917525773195877,-0.7731958762886598,0.12886597938144329,-0.8917525773195877
6,0.0,0.0,-0.21025641025641026,-0.05641025641025641,-0.4205128205128205,-0.21025641025641026,-0.5641025641025641,-0.3128205128205128,-0.6974358974358974,-0.37948717948717947,-0.2717948717948718,-0.5282051282051282,-0.30256410256410254,-0.7435897435897436,-0.3282051282051282,-0.8769230769230769,-0.3487179487179487,-1.0,-0.13846153846153847,-0.5384615384615384,-0.14871794871794872,-0.6256410256410256,-0.13846153846153847,-0.4358974358974359,-0.13333333333333333,-0.3076923076923077,-0.010256410256410256,-0.517948717948718,-0.020512820512820513,-0.6051282051282051,-0.020512820512820513,-0.4307692307692308,-0.02564102564102564,-0.31794871794871793,0.11794871794871795,-0.48717948717948717,0.13333333333333333,-0.6666666666666666,0.14358974358974358,-0.764102564102564,0.13846153846153847,-0.8871794871794871
6,0.0,0.0,-0.21428571428571427,-0.061224489795918366,-0.41836734693877553,-0.21428571428571427,-0.5714285714285714,-0.3163265306122449,-0.7040816326530612,-0.37755102040816324,-0.2755102040816326,-0.5306122448979592,-0.30612244897959184,-0.7397959183673469,-0.33163265306122447,-0.8724489795918368,-0.3469387755102041,-1.0,-0.14795918367346939,-0.5408163265306123,-0.15816326530612246,-0.6275510204081632,-0.14795918367346939,-0.4336734693877551,-0.1377551020408163,-0.3163265306122449,-0.015306122448979591,-0.5255102040816326,-0.025510204081632654,-0.6071428571428571,-0.025510204081632654,-0.4336734693877551,-0.03571428571428571,-0.32653061224489793,0.11224489795918367,-0.4897959183673469,0.1326530612244898,-0.6683673469387755,0.14285714285714285,-0.7653061224489796,0.14285714285714285,-0.8826530612244898
6,0.0,0.0,-0.211340206185567,-0.05670103092783505,-0.422680412371134,-0.20103092783505155,-0.5721649484536082,-0.29896907216494845,-0.7061855670103093,-0.36597938144329895,-0.26804123711340205,-0.5257731958762887,-0.29896907216494845,-0.7422680412371134,-0.3247422680412371,-0.8814432989690721,-0.3402061855670103,-1.0,-0.13917525773195877,-0.5360824742268041,-0.14948453608247422,-0.6185567010309279,-0.14432989690721648,-0.42783505154639173,-0.13402061855670103,-0.30927835051546393,-0.005154639175257732,-0.520618556701031,-0.015463917525773196,-0.5927835051546392,-0.020618556701030927,-0.4175257731958763,-0.030927835051546393,-0.30927835051546393,0.12371134020618557,-0.4896907216494845,0.14948453608247422,-0.6701030927835051,0.15979381443298968,-0.7731958762886598,0.14948453608247422,-0.8917525773195877
6,0.0,0.0,-0.2131979695431472,-0.06091370558375635,-0.41624365482233505,-0.2131979695431472,-0.5685279187817259,-0.3147208121827411,-0.700507614213198,-0.38071065989847713,-0.26903553299492383,-0.5279187817258884,-0.2893401015228426,-0.7411167512690355,-0.3096446700507614,-0.8781725888324873,-0.3299492385786802,-1.0,-0.14213197969543148,-0.5431472081218274,-0.16751269035532995,-0.6345177664974619,-0.15736040609137056,-0.4467005076142132,-0.15228426395939088,-0.3147208121827411,-0.01015228426395939,-0.5279187817258884,-0.03553299492385787,-0.6040609137055838,-0.04060913705583756,-0.4365482233502538,-0.04568527918781726,-0.3248730964467005,0.1116751269035533,-0.49238578680203043,0.13705583756345177,-0.6700507614213198,0.14720812182741116,-0.7715736040609137,0.1319796954314721,-0.883248730964467
6,0.0,0.0,-0.211340206185567,-0.061855670103092786,-0.4175257731958763,-0.22164948453608246,-0.5721649484536082,-0.3247422680412371,-0.7010309278350515,-0.3865979381443299,-0.26804123711340205,-0.5309278350515464,-0.29381443298969073,-0.7422680412371134,-0.31443298969072164,-0.8762886597938144,-0.33505154639175255,-1.0,-0.13917525773195877,-0.5412371134020618,-0.15979381443298968,-0.6391752577319587,-0.14948453608247422,-0.4484536082474227,-0.13917525773195877,-0.31958762886597936,-0.010309278350515464,-0.520618556701031,-0.02577319587628866,-0.5927835051546392,-0.030927835051546393,-0.41237113402061853,-0.041237113402061855,-0.30412371134020616,0.11855670103092783,-0.4845360824742268,0.14432989690721648,-0.6649484536082474,0.15979381443298968,-0.7680412371134021,0.14948453608247422,-0.8917525773195877
6,0.0,0.0,-0.21212121212121213,-0.0707070707070707,-0.4090909090909091,-0.24242424242424243,-0.5505050505050505,-0.35858585858585856,-0.6666666666666666,-0.42424242424242425,-0.2676767676767677,-0.5252525252525253,-0.2878787878787879,-0.7373737373737373,-0.30808080808080807,-0.8737373737373737,-0.32323232323232326,-1.0,-0.1414141414141414,-0.5404040404040404,-0.16666666666666666,-0.6363636363636364,-0.16666666666666666,-0.45454545454545453,-0.15151515151515152,-0.3333333333333333,-0.010101010101010102,-0.5202020202020202,-0.04040404040404041,-0.5959595959595959,-0.050505050505050504,-0.42424242424242425,-0.050505050505050504,-0.32323232323232326,0.11616161616161616,-0.4898989898989899,0.13131313131313133,-0.6666666666666666,0.13636363636363635,-0.7676767676767676,0.12626262626262627,-0.8787878787878788
6,0.0,0.0,-0.2153846153846154,-0.06153846153846154,-0.41025641025641024,-0.2358974358974359,-0.5435897435897435,-0.35384615384615387,-0.6615384615384615,-0.4307692307692308,-0.2564102564102564,-0.5282051282051282,-0.27692307692307694,-0.7435897435897436,-0.29743589743589743,-0.8769230769230769,-0.3128205128205128,-1.0,-0.1282051282051282,-0.5333333333333333,-0.14358974358974358,-0.6461538461538462,-0.14871794871794872,-0.4666666666666667,-0.14871794871794872,-0.3435897435897436,0.0,-0.5128205128205128,-0.020512820512820513,-0.5897435897435898,-0.03076923076923077,-0.41025641025641024,-0.041025641025641026,-0.30256410256410254,0.1282051282051282,-0.47692307692307695,0.14871794871794872,-0.6564102564102564,0.14358974358974358,-0.7589743589743589,0.13333333333333333,-0.8769230769230769
6,0.0,0.0,-0.20812182741116753,-0.06598984771573604,-0.4010152284263959,-0.23857868020304568,-0.5329949238578681,-0.3553299492385787,-0.6446700507614214,-0.4263959390862944,-0.24873096446700507,-0.5279187817258884,-0.2639593908629442,-0.7411167512690355,-0.28426395939086296,-0.8781725888324873,-0.29949238578680204,-1.0,-0.1218274111675127,-0.5329949238578681,-0.14213197969543148,-0.649746192893401,-0.14720812182741116,-0.467005076142132,-0.14213197969543148,-0.3350253807106599,0.01015228426395939,-0.5126903553299492,-0.02030456852791878,-0.5939086294416244,-0.030456852791878174,-0.41116751269035534,-0.03553299492385787,-0.29949238578680204,0.13705583756345177,-0.4720812182741117,0.15228426395939088,-0.6548223350253807,0.15736040609137056,-0.751269035532995,0.14720812182741116,-0.868020304568528
6,0.0,0.0,-0.20812182741116753,-0.06598984771573604,-0.40609137055837563,-0.23857868020304568,-0.5380710659898477,-0.3553299492385787,-0.649746192893401,-0.4263959390862944,-0.25380710659898476,-0.5279187817258884,-0.27411167512690354,-0.7461928934010152,-0.29441624365482233,-0.883248730964467,-0.3096446700507614,-1.0,-0.12690355329949238,-0.5380710659898477,-0.15228426395939088,-0.6395939086294417,-0.15228426395939088,-0.45685279187817257,-0.14213197969543148,-0.3299492385786802,0.005076142131979695,-0.5177664974619289,-0.025380710659898477,-0.5939086294416244,-0.03553299492385787,-0.41116751269035534,-0.04060913705583756,-0.30456852791878175,0.1319796954314721,-0.48223350253807107,0.15228426395939088,-0.6649746192893401,0.15228426395939088,-0.7614213197969543,0.13705583756345177,-0.8781725888324873
6,0.0,0.0,-0.20304568527918782,-0.06091370558375635,-0.40609137055837563,-0.233502538071066,-0.5380710659898477,-0.3553299492385787,-0.649746192893401,-0.4263959390862944,-0.2436548223350254,-0.5228426395939086,-0.2639593908629442,-0.7411167512690355,-0.27918781725888325,-0.8781725888324873,-0.29441624365482233,-1.0,-0.116751269035533,-0.5279187817258884,-0.14720812182741116,-0.6395939086294417,-0.15228426395939088,-0.467005076142132,-0.14213197969543148,-0.3350253807106599,0.01015228426395939,-0.5076142131979695,-0.02030456852791878,-0.5888324873096447,-0.030456852791878174,-0.41116751269035534,-0.03553299492385787,-0.29949238578680204,0.13705583756345177,-0.4720812182741117,0.15736040609137056,-0.649746192893401,0.15736040609137056,-0.7461928934010152,0.14720812182741116,-0.8578680203045685
6,0.0,0.0,-0.20603015075376885,-0.06532663316582915,-0.3969849246231156,-0.23618090452261306,-0.5276381909547738,-0.36180904522613067,-0.6432160804020101,-0.4371859296482412,-0.24120603015075376,-0.5276381909547738,-0.2562814070351759,-0.7437185929648241,-0.27638190954773867,-0.8793969849246231,-0.2914572864321608,-1.0,-0.11557788944723618,-0.5376884422110553,-0.1407035175879397,-0.6432160804020101,-0.1457286432160804,-0.46733668341708545,-0.1407035175879397,-0.3417085427135678,0.01507537688442211,-0.5125628140703518,-0.010050251256281407,-0.5829145728643216,-0.03015075376884422,-0.40703517587939697,-0.04020100502512563,-0.2964824120603015,0.1457286432160804,-0.47738693467336685,0.1658291457286432,-0.6633165829145728,0.1658291457286432,-0.7587939698492462,0.1507537688442211,-0.864321608040201
6,0.0,0.0,-0.21212121212121213,-0.0707070707070707,-0.40404040404040403,-0.2474747474747475,-0.5353535353535354,-0.3686868686868687,-0.6414141414141414,-0.4444444444444444,-0.23232323232323232,-0.5252525252525253,-0.24242424242424243,-0.7474747474747475,-0.26262626262626265,-0.8838383838383839,-0.2828282828282828,-1.0,-0.10606060606060606,-0.5353535353535354,-0.13131313131313133,-0.6212121212121212,-0.1414141414141414,-0.45454545454545453,-0.13636363636363635,-0.3383838383838384,0.025252525252525252,-0.51010101010101,0.0,-0.5808080808080808,-0.020202020202020204,-0.41414141414141414,-0.030303030303030304,-0.31313131313131315,0.15151515151515152,-0.4797979797979798,0.1717171717171717,-0.6515151515151515,0.1717171717171717,-0.7373737373737373,0.15656565656565657,-0.8434343434343434
6,0.0,0.0,-0.21608040201005024,-0.07537688442211055,-0.40703517587939697,-0.24623115577889448,-0.5376884422110553,-0.36180904522613067,-0.6482412060301508,-0.4472361809045226,-0.24120603015075376,-0.5276381909547738,-0.24623115577889448,-0.7487437185929648,-0.2663316582914573,-0.8844221105527639,-0.2864321608040201,-1.0,-0.11055276381909548,-0.5376884422110553,-0.1407035175879397,-0.6180904522613065,-0.1457286432160804,-0.44221105527638194,-0.135678391959799,-0.32663316582914576,0.01507537688442211,-0.5125628140703518,-0.010050251256281407,-0.5778894472361809,-0.02512562814070352,-0.4020100502512563,-0.04020100502512563,-0.3015075376884422,0.1457286432160804,-0.4824120603015075,0.1658291457286432,-0.6582914572864321,0.1708542713567839,-0.7437185929648241,0.15577889447236182,-0.8492462311557789
6,0.0,0.0,-0.21,-0.075,-0.395,-0.245,-0.52,-0.36,-0.62,-0.445,-0.22,-0.52,-0.23,-0.745,-0.25,-0.88,-0.265,-1.0,-0.095,-0.525,-0.135,-0.62,-0.145,-0.445,-0.14,-0.33,0.03,-0.5,-0.005,-0.575,-0.025,-0.4,-0.035,-0.3,0.155,-0.465,0.18,-0.64,0.18,-0.725,0.165,-0.83
6,0.0,0.0,-0.20603015075376885,-0.07537688442211055,-0.39195979899497485,-0.24623115577889448,-0.507537688442211,-0.37185929648241206,-0.6080402010050251,-0.4623115577889447,-0.22110552763819097,-0.5226130653266332,-0.22613065326633167,-0.7437185929648241,-0.23618090452261306,-0.8793969849246231,-0.24623115577889448,-1.0,-0.09045226130653267,-0.5226130653266332,-0.11557788944723618,-0.6080402010050251,-0.12562814070351758,-0.4371859296482412,-0.12060301507537688,-0.32663316582914576,0.04020100502512563,-0.49748743718592964,0.020100502512562814,-0.5678391959798995,-0.005025125628140704,-0.3969849246231156,-0.02512562814070352,-0.2964824120603015,0.1658291457286432,-0.4623115577889447,0.19095477386934673,-0.6331658291457286,0.18592964824120603,-0.7185929648241206,0.1708542713567839,-0.8241206030150754
6,0.0,0.0,-0.20707070707070707,-0.07575757575757576,-0.3888888888888889,-0.2474747474747475,-0.51010101010101,-0.37373737373737376,-0.6060606060606061,-0.4696969696969697,-0.21212121212121213,-0.5252525252525253,-0.21212121212121213,-0.7474747474747475,-0.23232323232323232,-0.8787878787878788,-0.2474747474747475,-1.0,-0.08585858585858586,-0.5252525252525253,-0.1111111111111111,-0.6111111111111112,-0.13131313131313133,-0.4393939393939394,-0.12121212121212122,-0.3181818181818182,0.04040404040404041,-0.5,0.020202020202020204,-0.5757575757575758,-0.010101010101010102,-0.398989898989899,-0.020202020202020204,-0.29292929292929293,0.16666666666666666,-0.4595959595959596,0.18686868686868688,-0.6414141414141414,0.18686868686868688,-0.7323232323232324,0.17676767676767677,-0.8333333333333334
6,0.0,0.0,-0.20707070707070707,-0.0707070707070707,-0.3939393939393939,-0.24242424242424243,-0.5050505050505051,-0.3686868686868687,-0.5959595959595959,-0.4696969696969697,-0.22727272727272727,-0.5202020202020202,-0.2222222222222222,-0.7424242424242424,-0.23232323232323232,-0.8787878787878788,-0.24242424242424243,-1.0,-0.09595959595959595,-0.5252525252525253,-0.1111111111111111,-0.6212121212121212,-0.12626262626262627,-0.4444444444444444,-0.12626262626262627,-0.3181818181818182,0.03535353535353535,-0.494949494949495,0.020202020202020204,-0.5808080808080808,-0.005050505050505051,-0.40404040404040403,-0.020202020202020204,-0.29797979797979796,0.16666666666666666,-0.4595959595959596,0.18686868686868688,-0.6363636363636364,0.18686868686868688,-0.7272727272727273,0.18181818181818182,-0.8383838383838383
6,0.0,0.0,-0.20202020202020202,-0.06565656565656566,-0.3838383838383838,-0.23737373737373738,-0.494949494949495,-0.3686868686868687,-0.5808080808080808,-0.4696969696969697,-0.21717171717171718,-0.5252525252525253,-0.21717171717171718,-0.7424242424242424,-0.22727272727272727,-0.8787878787878788,-0.23737373737373738,-1.0,-0.09090909090909091,-0.5202020202020202,-0.10101010101010101,-0.6363636363636364,-0.12121212121212122,-0.46464646464646464,-0.12626262626262627,-0.3333333333333333,0.03535353535353535,-0.4898989898989899,0.025252525252525252,-0.5757575757575758,-0.005050505050505051,-0.3939393939393939,-0.025252525252525252,-0.2828282828282828,0.15656565656565657,-0.4494949494949495,0.18181818181818182,-0.6212121212121212,0.1919191919191919,-0.7171717171717171,0.18686868686868688,-0.8333333333333334
6,0.0,0.0,-0.20707070707070707,-0.06565656565656566,-0.3888888888888889,-0.23737373737373738,-0.5,-0.3686868686868687,-0.5858585858585859,-0.4797979797979798,-0.22727272727272727,-0.5252525252525253,-0.2222222222222222,-0.7424242424242424,-0.23232323232323232,-0.8787878787878788,-0.24242424242424243,-1.0,-0.10101010101010101,-0.5252525252525253,-0.10606060606060606,-0.6212121212121212,-0.12121212121212122,-0.4393939393939394,-0.13131313131313133,-0.3181818181818182,0.030303030303030304,-0.494949494949495,0.020202020202020204,-0.5707070707070707,0.0,-0.3939393939393939,-0.020202020202020204,-0.29292929292929293,0.15656565656565657,-0.45454545454545453,0.18686868686868688,-0.6262626262626263,0.18686868686868688,-0.7171717171717171,0.17676767676767677,-0.8232323232323232
6,0.0,0.0,-0.2,-0.07,-0.38,-0.25,-0.49,-0.38,-0.57,-0.49,-0.22,-0.53,-0.22,-0.75,-0.23,-0.88,-0.235,-1.0,-0.095,-0.53,-0.105,-0.635,-0.12,-0.455,-0.125,-0.325,0.035,-0.5,0.02,-0.585,0.0,-0.41,-0.015,-0.3,0.16,-0.46,0.19,-0.63,0.195,-0.72,0.185,-0.83
6,0.0,0.0,-0.205,-0.075,-0.385,-0.25,-0.49,-0.38,-0.575,-0.48,-0.215,-0.535,-0.21,-0.75,-0.22,-0.885,-0.23,-1.0,-0.085,-0.53,-0.1,-0.635,-0.12,-0.46,-0.125,-0.335,0.035,-0.5,0.02,-0.58,-0.005,-0.405,-0.02,-0.3,0.16,-0.455,0.19,-0.63,0.19,-0.72,0.18,-0.83
6,0.0,0.0,-0.19597989949748743,-0.07035175879396985,-0.3768844221105528,-0.24623115577889448,-0.4824120603015075,-0.36683417085427134,-0.5728643216080402,-0.46733668341708545,-0.20100502512562815,-0.5376884422110553,-0.20100502512562815,-0.7487437185929648,-0.21608040201005024,-0.8844221105527639,-0.22613065326633167,-1.0,-0.07537688442211055,-0.5326633165829145,-0.09547738693467336,-0.6432160804020101,-0.12060301507537688,-0.4623115577889447,-0.12060301507537688,-0.3316582914572864,0.04522613065326633,-0.49748743718592964,0.02512562814070352,-0.5829145728643216,-0.005025125628140704,-0.4020100502512563,-0.01507537688442211,-0.2964824120603015,0.1658291457286432,-0.45226130653266333,0.19597989949748743,-0.6331658291457286,0.19597989949748743,-0.7386934673366834,0.18592964824120603,-0.8542713567839196
6,0.0,0.0,-0.195,-0.07,-0.375,-0.235,-0.485,-0.355,-0.575,-0.46,-0.21,-0.535,-0.21,-0.75,-0.22,-0.885,-0.225,-1.0,-0.085,-0.53,-0.1,-0.635,-0.12,-0.455,-0.125,-0.32,0.04,-0.495,0.025,-0.575,-0.005,-0.4,-0.02,-0.29,0.155,-0.45,0.19,-0.63,0.195,-0.73,0.185,-0.85
6,0.0,0.0,-0.2,-0.07,-0.38,-0.24,-0.485,-0.365,-0.565,-0.475,-0.22,-0.54,-0.22,-0.75,-0.23,-0.885,-0.235,-1.0,-0.09,-0.535,-0.11,-0.635,-0.125,-0.445,-0.13,-0.315,0.03,-0.5,0.01,-0.59,-0.015,-0.41,-0.025,-0.3,0.15,-0.46,0.18,-0.635,0.18,-0.735,0.17,-0.855
6,0.0,0.0,-0.20100502512562815,-0.07537688442211055,-0.37185929648241206,-0.24623115577889448,-0.4723618090452261,-0.3768844221105528,-0.5326633165829145,-0.49246231155778897,-0.20603015075376885,-0.542713567839196,-0.20100502512562815,-0.7587939698492462,-0.21105527638190955,-0.8844221105527639,-0.22110552763819097,-1.0,-0.08040201005025126,-0.5376884422110553,-0.09547738693467336,-0.6331658291457286,-0.11557788944723618,-0.4472361809045226,-0.12060301507537688,-0.3165829145728643,0.04020100502512563,-0.5025125628140703,0.01507537688442211,-0.5879396984924623,-0.010050251256281407,-0.40703517587939697,-0.020100502512562814,-0.2964824120603015,0.16080402010050251,-0.457286432160804,0.18592964824120603,-0.6381909547738693,0.18592964824120603,-0.7386934673366834,0.17587939698492464,-0.8592964824120602
6,0.0,0.0,-0.19900497512437812,-0.07462686567164178,-0.36318407960199006,-0.24875621890547264,-0.4577114427860697,-0.38308457711442784,-0.5174129353233831,-0.5024875621890548,-0.20398009950248755,-0.5373134328358209,-0.20398009950248755,-0.7512437810945274,-0.21393034825870647,-0.8855721393034826,-0.22388059701492538,-1.0,-0.0845771144278607,-0.5323383084577115,-0.09950248756218906,-0.6368159203980099,-0.12437810945273632,-0.4577114427860697,-0.12935323383084577,-0.3333333333333333,0.03482587064676617,-0.4975124378109453,0.014925373134328358,-0.5920398009950248,-0.009950248756218905,-0.417910447761194,-0.024875621890547265,-0.31343283582089554,0.15422885572139303,-0.4527363184079602,0.1791044776119403,-0.6318407960199005,0.1791044776119403,-0.736318407960199,0.1691542288557214,-0.8557213930348259
6,0.0,0.0,-0.21105527638190955,-0.07537688442211055,-0.3768844221105528,-0.25125628140703515,-0.46733668341708545,-0.3869346733668342,-0.5226130653266332,-0.5125628140703518,-0.21608040201005024,-0.5326633165829145,-0.21105527638190955,-0.7487437185929648,-0.22110552763819097,-0.8844221105527639,-0.23115577889447236,-1.0,-0.09045226130653267,-0.5276381909547738,-0.11557788944723618,-0.628140703517588,-0.1306532663316583,-0.4472361809045226,-0.12562814070351758,-0.32160804020100503,0.03015075376884422,-0.49246231155778897,0.005025125628140704,-0.5829145728643216,-0.01507537688442211,-0.40703517587939697,-0.02512562814070352,-0.3015075376884422,0.1457286432160804,-0.45226130653266333,0.17587939698492464,-0.6331658291457286,0.1708542713567839,-0.7386934673366834,0.1658291457286432,-0.8542713567839196
6,0.0,0.0,-0.19900497512437812,-0.06965174129353234,-0.3582089552238806,-0.24875621890547264,-0.4427860696517413,-0.39303482587064675,-0.4975124378109453,-0.5174129353233831,-0.20398009950248755,-0.5323383084577115,-0.20398009950248755,-0.746268656716418,-0.21890547263681592,-0.8855721393034826,-0.22885572139303484,-1.0,-0.0845771144278607,-0.5223880597014925,-0.1044776119402985,-0.6169154228855721,-0.12437810945273632,-0.43283582089552236,-0.12437810945273632,-0.30845771144278605,0.03482587064676617,-0.48756218905472637,0.014925373134328358,-0.5771144278606966,-0.009950248756218905,-0.40298507462686567,-0.024875621890547265,-0.2935323383084577,0.14925373134328357,-0.4427860696517413,0.17412935323383086,-0.6218905472636815,0.17412935323383086,-0.7263681592039801,0.1691542288557214,-0.845771144278607
6,0.0,0.0,-0.2,-0.075,-0.36,-0.26,-0.44,-0.4,-0.495,-0.525,-0.21,-0.53,-0.205,-0.75,-0.215,-0.885,-0.22,-1.0,-0.09,-0.525,-0.11,-0.63,-0.13,-0.445,-0.13,-0.32,0.03,-0.495,0.0,-0.59,-0.02,-0.415,-0.025,-0.3,0.145,-0.455,0.175,-0.645,0.175,-0.75,0.17,-0.865
6,0.0,0.0,-0.19402985074626866,-0.07462686567164178,-0.3582089552238806,-0.25870646766169153,-0.43781094527363185,-0.40298507462686567,-0.4925373134328358,-0.527363184079602,-0.21393034825870647,-0.5422885572139303,-0.21890547263681592,-0.7562189054726368,-0.22388059701492538,-0.8905472636815921,-0.22885572139303484,-1.0,-0.08955223880597014,-0.5323383084577115,-0.11442786069651742,-0.6119402985074627,-0.12935323383084577,-0.42786069651741293,-0.12437810945273632,-0.31343283582089554,0.029850746268656716,-0.5024875621890548,0.004975124378109453,-0.582089552238806,-0.014925373134328358,-0.4079601990049751,-0.024875621890547265,-0.3034825870646766,0.14427860696517414,-0.4626865671641791,0.1691542288557214,-0.6417910447761194,0.1691542288557214,-0.7412935323383084,0.16417910447761194,-0.8606965174129353
6,0.0,0.0,-0.2,-0.085,-0.36,-0.26,-0.445,-0.405,-0.5,-0.525,-0.22,-0.54,-0.215,-0.75,-0.22,-0.885,-0.225,-1.0,-0.095,-0.535,-0.115,-0.625,-0.13,-0.455,-0.135,-0.34,0.02,-0.505,0.0,-0.6,-0.025,-0.435,-0.035,-0.33,0.135,-0.465,0.165,-0.65,0.165,-0.75,0.16,-0.86
6,0.0,0.0,-0.20603015075376885,-0.08040201005025126,-0.36683417085427134,-0.2663316582914573,-0.457286432160804,-0.4120603015075377,-0.507537688442211,-0.5376884422110553,-0.22110552763819097,-0.5326633165829145,-0.22110552763819097,-0.7487437185929648,-0.23115577889447236,-0.8844221105527639,-0.23618090452261306,-1.0,-0.10050251256281408,-0.5276381909547738,-0.12562814070351758,-0.628140703517588,-0.1407035175879397,-0.44221105527638194,-0.135678391959799,-0.32663316582914576,0.020100502512562814,-0.5025125628140703,-0.010050251256281407,-0.5979899497487438,-0.02512562814070352,-0.41708542713567837,-0.03015075376884422,-0.31155778894472363,0.135678391959799,-0.4623115577889447,0.16080402010050251,-0.6482412060301508,0.16080402010050251,-0.7537688442211056,0.15577889447236182,-0.8693467336683417
6,0.0,0.0,-0.19597989949748743,-0.07537688442211055,-0.35678391959798994,-0.2562814070351759,-0.44221105527638194,-0.4020100502512563,-0.49748743718592964,-0.5326633165829145,-0.21608040201005024,-0.5326633165829145,-0.22110552763819097,-0.7537688442211056,-0.23115577889447236,-0.8844221105527639,-0.23115577889447236,-1.0,-0.09547738693467336,-0.5226130653266332,-0.11557788944723618,-0.6180904522613065,-0.1306532663316583,-0.4371859296482412,-0.1306532663316583,-0.31155778894472363,0.02512562814070352,-0.49246231155778897,0.0,-0.5879396984924623,-0.02512562814070352,-0.4120603015075377,-0.03015075376884422,-0.3065326633165829,0.1407035175879397,-0.457286432160804,0.16080402010050251,-0.6381909547738693,0.16080402010050251,-0.7386934673366834,0.1507537688442211,-0.8542713567839196
6,0.0,0.0,-0.19696969696969696,-0.07575757575757576,-0.35353535353535354,-0.25757575757575757,-0.43434343434343436,-0.40404040404040403,-0.4898989898989899,-0.5303030303030303,-0.21717171717171718,-0.5252525252525253,-0.21212121212121213,-0.7474747474747475,-0.2222222222222222,-0.8787878787878788,-0.22727272727272727,-1.0,-0.09595959595959595,-0.5202020202020202,-0.11616161616161616,-0.6161616161616161,-0.13131313131313133,-0.4292929292929293,-0.13131313131313133,-0.31313131313131315,0.025252525252525252,-0.494949494949495,0.0,-0.5858585858585859,-0.020202020202020204,-0.4090909090909091,-0.025252525252525252,-0.30303030303030304,0.1414141414141414,-0.45454545454545453,0.16666666666666666,-0.6464646464646465,0.16666666666666666,-0.7474747474747475,0.15656565656565657,-0.8636363636363636
6,0.0,0.0,-0.19796954314720813,-0.07106598984771574,-0.3604060913705584,-0.25888324873096447,-0.4517766497461929,-0.4010152284263959,-0.5076142131979695,-0.5279187817258884,-0.2233502538071066,-0.5279187817258884,-0.22842639593908629,-0.7461928934010152,-0.233502538071066,-0.883248730964467,-0.23857868020304568,-1.0,-0.10152284263959391,-0.5228426395939086,-0.12690355329949238,-0.6243654822335025,-0.13705583756345177,-0.4416243654822335,-0.13705583756345177,-0.3197969543147208,0.015228426395939087,-0.49746192893401014,-0.01015228426395939,-0.5939086294416244,-0.030456852791878174,-0.4213197969543147,-0.03553299492385787,-0.3096446700507614,0.1319796954314721,-0.45685279187817257,0.15736040609137056,-0.6446700507614214,0.15736040609137056,-0.7461928934010152,0.15228426395939088,-0.868020304568528
6,0.0,0.0,-0.19796954314720813,-0.07614213197969544,-0.36548223350253806,-0.25888324873096447,-0.4517766497461929,-0.40609137055837563,-0.5076142131979695,-0.5329949238578681,-0.22842639593908629,-0.5228426395939086,-0.22842639593908629,-0.7461928934010152,-0.23857868020304568,-0.883248730964467,-0.2436548223350254,-1.0,-0.1065989847715736,-0.5228426395939086,-0.1319796954314721,-0.6243654822335025,-0.14213197969543148,-0.4416243654822335,-0.13705583756345177,-0.3248730964467005,0.015228426395939087,-0.49746192893401014,-0.01015228426395939,-0.5939086294416244,-0.030456852791878174,-0.4213197969543147,-0.03553299492385787,-0.3147208121827411,0.1319796954314721,-0.4619289340101523,0.15228426395939088,-0.649746192893401,0.14720812182741116,-0.7563451776649747,0.13705583756345177,-0.8730964467005076
6,0.0,0.0,-0.1989795918367347,-0.07653061224489796,-0.3622448979591837,-0.2653061224489796,-0.45408163265306123,-0.40816326530612246,-0.5051020408163265,-0.5306122448979592,-0.22959183673469388,-0.5204081632653061,-0.23469387755102042,-0.7448979591836735,-0.24489795918367346,-0.8826530612244898,-0.25,-1.0,-0.10714285714285714,-0.5204081632653061,-0.1377551020408163,-0.6275510204081632,-0.14285714285714285,-0.44387755102040816,-0.1326530612244898,-0.32142857142857145,0.01020408163265306,-0.49489795918367346,-0.015306122448979591,-0.5918367346938775,-0.03571428571428571,-0.41836734693877553,-0.04081632653061224,-0.3112244897959184,0.1326530612244898,-0.4642857142857143,0.14795918367346939,-0.6530612244897959,0.14285714285714285,-0.7602040816326531,0.1326530612244898,-0.8724489795918368
6,0.0,0.0,-0.19487179487179487,-0.07179487179487179,-0.358974358974359,-0.2512820512820513,-0.4461538461538462,-0.39487179487179486,-0.5076923076923077,-0.5282051282051282,-0.23076923076923078,-0.5282051282051282,-0.24102564102564103,-0.7435897435897436,-0.2512820512820513,-0.8769230769230769,-0.2564102564102564,-1.0,-0.1076923076923077,-0.5230769230769231,-0.13333333333333333,-0.6307692307692307,-0.14358974358974358,-0.4512820512820513,-0.13846153846153847,-0.3230769230769231,0.010256410256410256,-0.5025641025641026,-0.015384615384615385,-0.6,-0.03076923076923077,-0.4205128205128205,-0.03076923076923077,-0.30256410256410254,0.1282051282051282,-0.4666666666666667,0.14871794871794872,-0.6564102564102564,0.14358974358974358,-0.764102564102564,0.13333333333333333,-0.8769230769230769
6,0.0,0.0,-0.20103092783505155,-0.07216494845360824,-0.37628865979381443,-0.24742268041237114,-0.4639175257731959,-0.3917525773195876,-0.5309278350515464,-0.520618556701031,-0.25773195876288657,-0.5154639175257731,-0.26804123711340205,-0.7371134020618557,-0.27835051546391754,-0.8762886597938144,-0.27835051546391754,-1.0,-0.13402061855670103,-0.5154639175257731,-0.15463917525773196,-0.6237113402061856,-0.16494845360824742,-0.44329896907216493,-0.16494845360824742,-0.31958762886597936,-0.010309278350515464,-0.4948453608247423,-0.030927835051546393,-0.5979381443298969,-0.04639175257731959,-0.42783505154639173,-0.05154639175257732,-0.31443298969072164,0.10824742268041238,-0.4690721649484536,0.12371134020618557,-0.654639175257732,0.11855670103092783,-0.7628865979381443,0.10824742268041238,-0.8762886597938144
6,0.0,0.0,-0.19895287958115182,-0.07853403141361257,-0.3769633507853403,-0.2670157068062827,-0.46596858638743455,-0.4083769633507853,-0.5235602094240838,-0.5340314136125655,-0.25654450261780104,-0.5235602094240838,-0.2670157068062827,-0.743455497382199,-0.2774869109947644,-0.8795811518324608,-0.2774869109947644,-1.0,-0.13612565445026178,-0.5287958115183246,-0.1518324607329843,-0.6335078534031413,-0.1518324607329843,-0.45549738219895286,-0.14136125654450263,-0.33507853403141363,-0.010471204188481676,-0.5078534031413613,-0.031413612565445025,-0.6073298429319371,-0.03664921465968586,-0.4293193717277487,-0.03664921465968586,-0.31413612565445026,0.1099476439790576,-0.47643979057591623,0.12041884816753927,-0.6649214659685864,0.1099476439790576,-0.7696335078534031,0.09947643979057591,-0.8848167539267016
6,0.0,0.0,-0.19473684210526315,-0.06842105263157895,-0.3736842105263158,-0.25263157894736843,-0.46842105263157896,-0.39473684210526316,-0.5421052631578948,-0.5210526315789473,-0.24736842105263157,-0.5263157894736842,-0.26842105263157895,-0.7473684210526316,-0.28421052631578947,-0.8789473684210526,-0.29473684210526313,-1.0,-0.12631578947368421,-0.5263157894736842,-0.15263157894736842,-0.6210526315789474,-0.14736842105263157,-0.4368421052631579,-0.13157894736842105,-0.3105263157894737,-0.005263157894736842,-0.5105263157894737,-0.031578947368421054,-0.6105263157894737,-0.03684210526315789,-0.43157894736842106,-0.031578947368421054,-0.32105263157894737,0.11578947368421053,-0.4789473684210526,0.11578947368421053,-0.6578947368421053,0.10526315789473684,-0.7578947368421053,0.08947368421052632,-0.868421052631579
6,0.0,0.0,-0.19576719576719576,-0.06878306878306878,-0.3862433862433862,-0.25396825396825395,-0.4973544973544973,-0.3968253968253968,-0.5978835978835979,-0.5079365079365079,-0.25396825396825395,-0.5238095238095238,-0.2698412698412698,-0.746031746031746,-0.2857142857142857,-0.8783068783068783,-0.2962962962962963,-1.0,-0.12698412698412698,-0.5343915343915344,-0.15873015873015872,-0.6296296296296297,-0.15343915343915343,-0.43915343915343913,-0.13756613756613756,-0.31216931216931215,-0.005291005291005291,-0.5132275132275133,-0.037037037037037035,-0.6084656084656085,-0.037037037037037035,-0.42857142857142855,-0.031746031746031744,-0.31216931216931215,0.12169312169312169,-0.48148148148148145,0.1164021164021164,-0.6666666666666666,0.10582010582010581,-0.7671957671957672,0.08994708994708994,-0.8783068783068783
6,0.0,0.0,-0.21052631578947367,-0.07368421052631578,-0.4052631578947368,-0.2578947368421053,-0.5263157894736842,-0.39473684210526316,-0.631578947368421,-0.4789473684210526,-0.2578947368421053,-0.5210526315789473,-0.26842105263157895,-0.7421052631578947,-0.2894736842105263,-0.8789473684210526,-0.30526315789473685,-1.0,-0.1368421052631579,-0.531578947368421,-0.1631578947368421,-0.6210526315789474,-0.15789473684210525,-0.4368421052631579,-0.14210526315789473,-0.3157894736842105,-0.015789473684210527,-0.5105263157894737,-0.04736842105263158,-0.6,-0.04736842105263158,-0.4263157894736842,-0.042105263157894736,-0.3157894736842105,0.11052631578947368,-0.4842105263157895,0.10526315789473684,-0.6631578947368421,0.09473684210526316,-0.7684210526315789,0.07894736842105263,-0.8789473684210526
6,0.0,0.0,-0.2074468085106383,-0.06914893617021277,-0.4148936170212766,-0.25,-0.5478723404255319,-0.3776595744680851,-0.6648936170212766,-0.4521276595744681,-0.26063829787234044,-0.526595744680851,-0.28191489361702127,-0.7446808510638298,-0.30319148936170215,-0.8829787234042553,-0.324468085106383,-1.0,-0.13829787234042554,-0.5372340425531915,-0.16489361702127658,-0.6223404255319149,-0.15425531914893617,-0.44148936170212766,-0.14361702127659576,-0.3191489361702128,-0.015957446808510637,-0.5159574468085106,-0.047872340425531915,-0.6063829787234043,-0.0425531914893617,-0.4308510638297872,-0.03723404255319149,-0.3191489361702128,0.11170212765957446,-0.48404255319148937,0.11170212765957446,-0.6648936170212766,0.10638297872340426,-0.7606382978723404,0.0851063829787234,-0.8776595744680851
6,0.0,0.0,-0.2094240837696335,-0.07329842931937172,-0.418848167539267,-0.2513089005235602,-0.5602094240837696,-0.36649214659685864,-0.680628272251309,-0.43455497382198954,-0.2670157068062827,-0.5235602094240838,-0.28272251308900526,-0.7382198952879581,-0.29842931937172773,-0.8795811518324608,-0.31413612565445026,-1.0,-0.14659685863874344,-0.5340314136125655,-0.17277486910994763,-0.6230366492146597,-0.16753926701570682,-0.44502617801047123,-0.15706806282722513,-0.3193717277486911,-0.020942408376963352,-0.518324607329843,-0.05235602094240838,-0.6073298429319371,-0.05235602094240838,-0.43455497382198954,-0.04712041884816754,-0.3193717277486911,0.10471204188481675,-0.4816753926701571,0.1099476439790576,-0.6596858638743456,0.10471204188481675,-0.7591623036649214,0.08376963350785341,-0.8691099476439791
6,0.0,0.0,-0.2094240837696335,-0.07329842931937172,-0.4083769633507853,-0.24083769633507854,-0.5497382198952879,-0.34554973821989526,-0.675392670157068,-0.39790575916230364,-0.25654450261780104,-0.5340314136125655,-0.2670157068062827,-0.7486910994764397,-0.28272251308900526,-0.8795811518324608,-0.3036649214659686,-1.0,-0.13089005235602094,-0.5392670157068062,-0.15706806282722513,-0.6387434554973822,-0.16230366492146597,-0.46596858638743455,-0.15706806282722513,-0.3403141361256545,-0.005235602094240838,-0.5130890052356021,-0.031413612565445025,-0.5968586387434555,-0.03664921465968586,-0.418848167539267,-0.041884816753926704,-0.3089005235602094,0.12041884816753927,-0.4712041884816754,0.13612565445026178,-0.6492146596858639,0.13089005235602094,-0.7486910994764397,0.11518324607329843,-0.8586387434554974
6,0.0,0.0,-0.21243523316062177,-0.06217616580310881,-0.41968911917098445,-0.23316062176165803,-0.5647668393782384,-0.3316062176165803,-0.689119170984456,-0.37823834196891193,-0.2694300518134715,-0.5181347150259067,-0.2849740932642487,-0.7409326424870466,-0.30569948186528495,-0.8808290155440415,-0.32124352331606215,-1.0,-0.13989637305699482,-0.5284974093264249,-0.16580310880829016,-0.616580310880829,-0.16062176165803108,-0.45595854922279794,-0.14507772020725387,-0.33678756476683935,-0.015544041450777202,-0.5077720207253886,-0.03626943005181347,-0.5854922279792746,-0.04145077720207254,-0.41450777202072536,-0.046632124352331605,-0.31088082901554404,0.10880829015544041,-0.47668393782383417,0.11917098445595854,-0.6424870466321243,0.11917098445595854,-0.7357512953367875,0.10362694300518134,-0.844559585492228
6,0.0,0.0,-0.211340206185567,-0.06701030927835051,-0.41237113402061853,-0.22164948453608246,-0.5618556701030928,-0.31443298969072164,-0.6907216494845361,-0.36082474226804123,-0.26804123711340205,-0.5154639175257731,-0.28350515463917525,-0.7371134020618557,-0.30927835051546393,-0.8711340206185567,-0.33505154639175255,-1.0,-0.13917525773195877,-0.5257731958762887,-0.17010309278350516,-0.6185567010309279,-0.16494845360824742,-0.4484536082474227,-0.14432989690721648,-0.32989690721649484,-0.010309278350515464,-0.5103092783505154,-0.04639175257731959,-0.5927835051546392,-0.05154639175257732,-0.4175257731958763,-0.05154639175257732,-0.31443298969072164,0.1134020618556701,-0.4742268041237113,0.12371134020618557,-0.6443298969072165,0.11855670103092783,-0.7268041237113402,0.0979381443298969,-0.8350515463917526
6,0.0,0.0,-0.21465968586387435,-0.06282722513089005,-0.42408376963350786,-0.21465968586387435,-0.581151832460733,-0.3036649214659686,-0.7068062827225131,-0.34554973821989526,-0.2670157068062827,-0.518324607329843,-0.2931937172774869,-0.7382198952879581,-0.3193717277486911,-0.8795811518324608,-0.33507853403141363,-1.0,-0.13612565445026178,-0.5287958115183246,-0.17277486910994763,-0.6178010471204188,-0.16230366492146597,-0.44502617801047123,-0.14136125654450263,-0.32460732984293195,-0.005235602094240838,-0.5130890052356021,-0.04712041884816754,-0.581151832460733,-0.05235602094240838,-0.4083769633507853,-0.04712041884816754,-0.3036649214659686,0.12041884816753927,-0.4869109947643979,0.13089005235602094,-0.6596858638743456,0.1256544502617801,-0.743455497382199,0.09947643979057591,-0.8481675392670157
6,0.0,0.0,-0.20725388601036268,-0.06217616580310881,-0.40932642487046633,-0.22279792746113988,-0.5595854922279793,-0.31088082901554404,-0.689119170984456,-0.3471502590673575,-0.2538860103626943,-0.5181347150259067,-0.2849740932642487,-0.7409326424870466,-0.31088082901554404,-0.8808290155440415,-0.3316062176165803,-1.0,-0.12953367875647667,-0.533678756476684,-0.17098445595854922,-0.6269430051813472,-0.16062176165803108,-0.45077720207253885,-0.13471502590673576,-0.32124352331606215,-0.0051813471502590676,-0.5129533678756477,-0.046632124352331605,-0.5854922279792746,-0.046632124352331605,-0.41968911917098445,-0.046632124352331605,-0.31088082901554404,0.11917098445595854,-0.48704663212435234,0.12953367875647667,-0.6683937823834197,0.12435233160621761,-0.7616580310880829,0.10362694300518134,-0.8704663212435233
6,0.0,0.0,-0.20103092783505155,-0.061855670103092786,-0.4072164948453608,-0.21649484536082475,-0.5515463917525774,-0.30927835051546393,-0.6804123711340206,-0.34536082474226804,-0.25257731958762886,-0.520618556701031,-0.28350515463917525,-0.7422680412371134,-0.31443298969072164,-0.8814432989690721,-0.3402061855670103,-1.0,-0.12886597938144329,-0.5309278350515464,-0.15979381443298968,-0.634020618556701,-0.14948453608247422,-0.4587628865979381,-0.13402061855670103,-0.32989690721649484,0.0,-0.5103092783505154,-0.030927835051546393,-0.6030927835051546,-0.030927835051546393,-0.4329896907216495,-0.030927835051546393,-0.3247422680412371,0.12886597938144329,-0.4793814432989691,0.13917525773195877,-0.654639175257732,0.13917525773195877,-0.7474226804123711,0.11855670103092783,-0.8556701030927835
6,0.0,0.0,-0.20103092783505155,-0.05670103092783505,-0.4072164948453608,-0.211340206185567,-0.5515463917525774,-0.30927835051546393,-0.6804123711340206,-0.35051546391752575,-0.25257731958762886,-0.520618556701031,-0.29381443298969073,-0.7422680412371134,-0.3247422680412371,-0.8814432989690721,-0.35051546391752575,-1.0,-0.12886597938144329,-0.5309278350515464,-0.15979381443298968,-0.634020618556701,-0.14948453608247422,-0.4587628865979381,-0.13402061855670103,-0.3247422680412371,0.005154639175257732,-0.5103092783505154,-0.02577319587628866,-0.6082474226804123,-0.030927835051546393,-0.4381443298969072,-0.03608247422680412,-0.3247422680412371,0.12886597938144329,-0.4793814432989691,0.14432989690721648,-0.6597938144329897,0.14432989690721648,-0.7628865979381443,0.12886597938144329,-0.8762886597938144
6,0.0,0.0,-0.20725388601036268,-0.05181347150259067,-0.41450777202072536,-0.20725388601036268,-0.5647668393782384,-0.3005181347150259,-0.689119170984456,-0.33678756476683935,-0.25906735751295334,-0.5233160621761658,-0.29533678756476683,-0.7409326424870466,-0.32124352331606215,-0.8808290155440415,-0.34196891191709844,-1.0,-0.12953367875647667,-0.533678756476684,-0.15544041450777202,-0.6321243523316062,-0.14507772020725387,-0.44559585492227977,-0.12435233160621761,-0.31088082901554404,0.0051813471502590676,-0.5129533678756477,-0.02072538860103627,-0.5906735751295337,-0.025906735751295335,-0.41968911917098445,-0.025906735751295335,-0.3005181347150259,0.12953367875647667,-0.48186528497409326,0.14507772020725387,-0.6580310880829016,0.15544041450777202,-0.7564766839378239,0.14507772020725387,-0.8704663212435233
6,0.0,0.0,-0.20918367346938777,-0.05612244897959184,-0.413265306122449,-0.20918367346938777,-0.5663265306122449,-0.29591836734693877,-0.6989795918367347,-0.33163265306122447,-0.2602040816326531,-0.5306122448979592,-0.29591836734693877,-0.7448979591836735,-0.3163265306122449,-0.8826530612244898,-0.336734693877551,-1.0,-0.1326530612244898,-0.5357142857142857,-0.15816326530612246,-0.6224489795918368,-0.14795918367346939,-0.44387755102040816,-0.1326530612244898,-0.3112244897959184,-0.00510204081632653,-0.5204081632653061,-0.030612244897959183,-0.6020408163265306,-0.03571428571428571,-0.4336734693877551,-0.04081632653061224,-0.32142857142857145,0.11734693877551021,-0.4846938775510204,0.14285714285714285,-0.6581632653061225,0.15816326530612246,-0.7551020408163265,0.15306122448979592,-0.8673469387755102
6,0.0,0.0,-0.20812182741116753,-0.06598984771573604,-0.41624365482233505,-0.2131979695431472,-0.5685279187817259,-0.29949238578680204,-0.7055837563451777,-0.3299492385786802,-0.2639593908629442,-0.5228426395939086,-0.29441624365482233,-0.7411167512690355,-0.3197969543147208,-0.8781725888324873,-0.34517766497461927,-1.0,-0.13705583756345177,-0.5329949238578681,-0.16243654822335024,-0.6294416243654822,-0.15228426395939088,-0.4517766497461929,-0.14720812182741116,-0.3197969543147208,-0.005076142131979695,-0.5177664974619289,-0.025380710659898477,-0.6091370558375635,-0.03553299492385787,-0.4416243654822335,-0.04568527918781726,-0.3299492385786802,0.116751269035533,-0.4873096446700508,0.15228426395939088,-0.6598984771573604,0.17766497461928935,-0.751269035532995,0.18274111675126903,-0.868020304568528
6,0.0,0.0,-0.20918367346938777,-0.05612244897959184,-0.41836734693877553,-0.20408163265306123,-0.5714285714285714,-0.2857142857142857,-0.7040816326530612,-0.32142857142857145,-0.27040816326530615,-0.5204081632653061,-0.30612244897959184,-0.7397959183673469,-0.336734693877551,-0.8775510204081632,-0.35714285714285715,-1.0,-0.1377551020408163,-0.5306122448979592,-0.15306122448979592,-0.6275510204081632,-0.14795918367346939,-0.4489795918367347,-0.1377551020408163,-0.3163265306122449,-0.00510204081632653,-0.5102040816326531,-0.00510204081632653,-0.6020408163265306,-0.02040816326530612,-0.4336734693877551,-0.04081632653061224,-0.32142857142857145,0.12244897959183673,-0.4744897959183674,0.1683673469387755,-0.6377551020408163,0.20918367346938777,-0.7346938775510204,0.22959183673469388,-0.8520408163265306
6,0.0,0.0,-0.2153846153846154,-0.05641025641025641,-0.4256410256410256,-0.2,-0.5794871794871795,-0.28717948717948716,-0.717948717948718,-0.31794871794871793,-0.28205128205128205,-0.5230769230769231,-0.3230769230769231,-0.7435897435897436,-0.35384615384615387,-0.882051282051282,-0.37435897435897436,-1.0,-0.14871794871794872,-0.5333333333333333,-0.1641025641025641,-0.6358974358974359,-0.15897435897435896,-0.46153846153846156,-0.14871794871794872,-0.3282051282051282,-0.010256410256410256,-0.517948717948718,-0.010256410256410256,-0.6102564102564103,-0.020512820512820513,-0.4461538461538462,-0.035897435897435895,-0.3384615384615385,0.12307692307692308,-0.48205128205128206,0.17435897435897435,-0.6461538461538462,0.2153846153846154,-0.7384615384615385,0.24615384615384617,-0.8512820512820513
6,0.0,0.0,-0.20918367346938777,-0.061224489795918366,-0.41836734693877553,-0.20918367346938777,-0.576530612244898,-0.29591836734693877,-0.7193877551020408,-0.32653061224489793,-0.2755102040816326,-0.5306122448979592,-0.33163265306122447,-0.75,-0.3622448979591837,-0.8826530612244898,-0.3826530612244898,-1.0,-0.14285714285714285,-0.5408163265306123,-0.15306122448979592,-0.6377551020408163,-0.14795918367346939,-0.4642857142857143,-0.14285714285714285,-0.33163265306122447,-0.00510204081632653,-0.5204081632653061,0.0,-0.6173469387755102,-0.015306122448979591,-0.4489795918367347,-0.030612244897959183,-0.33163265306122447,0.12244897959183673,-0.4846938775510204,0.17857142857142858,-0.6428571428571429,0.22448979591836735,-0.7346938775510204,0.2602040816326531,-0.8469387755102041
6,0.0,0.0,-0.21243523316062177,-0.06217616580310881,-0.42487046632124353,-0.20207253886010362,-0.5854922279792746,-0.2849740932642487,-0.7253886010362695,-0.31088082901554404,-0.27979274611398963,-0.5233160621761658,-0.34196891191709844,-0.7409326424870466,-0.38341968911917096,-0.8756476683937824,-0.40414507772020725,-1.0,-0.14507772020725387,-0.533678756476684,-0.16580310880829016,-0.6424870466321243,-0.15544041450777202,-0.47150259067357514,-0.13989637305699482,-0.34196891191709844,-0.0051813471502590676,-0.5181347150259067,-0.010362694300518135,-0.6113989637305699,-0.02072538860103627,-0.44559585492227977,-0.031088082901554404,-0.3316062176165803,0.12953367875647667,-0.48186528497409326,0.18652849740932642,-0.6424870466321243,0.23316062176165803,-0.7357512953367875,0.2694300518134715,-0.8497409326424871
6,0.0,0.0,-0.20618556701030927,-0.061855670103092786,-0.4175257731958763,-0.20618556701030927,-0.5773195876288659,-0.29896907216494845,-0.711340206185567,-0.3247422680412371,-0.28350515463917525,-0.5257731958762887,-0.3402061855670103,-0.7474226804123711,-0.38144329896907214,-0.8814432989690721,-0.4072164948453608,-1.0,-0.14432989690721648,-0.5360824742268041,-0.15463917525773196,-0.654639175257732,-0.14948453608247422,-0.4845360824742268,-0.14432989690721648,-0.35051546391752575,-0.005154639175257732,-0.520618556701031,0.0,-0.6237113402061856,-0.015463917525773196,-0.4587628865979381,-0.030927835051546393,-0.3402061855670103,0.13402061855670103,-0.4845360824742268,0.18556701030927836,-0.6494845360824743,0.23195876288659795,-0.7371134020618557,0.26804123711340205,-0.845360824742268
6,0.0,0.0,-0.21428571428571427,-0.061224489795918366,-0.42346938775510207,-0.21428571428571427,-0.5816326530612245,-0.3010204081632653,-0.7193877551020408,-0.33163265306122447,-0.2857142857142857,-0.5306122448979592,-0.3520408163265306,-0.75,-0.39285714285714285,-0.8826530612244898,-0.413265306122449,-1.0,-0.15306122448979592,-0.5408163265306123,-0.1683673469387755,-0.6581632653061225,-0.16326530612244897,-0.4846938775510204,-0.15306122448979592,-0.35714285714285715,-0.01020408163265306,-0.5204081632653061,-0.01020408163265306,-0.6275510204081632,-0.025510204081632654,-0.45918367346938777,-0.04081632653061224,-0.3469387755102041,0.12244897959183673,-0.4846938775510204,0.17346938775510204,-0.6479591836734694,0.22448979591836735,-0.7397959183673469,0.2602040816326531,-0.8469387755102041
6,0.0,0.0,-0.2153846153846154,-0.05641025641025641,-0.4256410256410256,-0.20512820512820512,-0.5846153846153846,-0.2923076923076923,-0.7230769230769231,-0.31794871794871793,-0.2923076923076923,-0.517948717948718,-0.35384615384615387,-0.7435897435897436,-0.39487179487179486,-0.8769230769230769,-0.4205128205128205,-1.0,-0.15384615384615385,-0.5333333333333333,-0.15384615384615385,-0.6615384615384615,-0.15897435897435896,-0.48205128205128206,-0.15384615384615385,-0.3435897435897436,-0.015384615384615385,-0.5128205128205128,-0.005128205128205128,-0.6153846153846154,-0.02564102564102564,-0.4461538461538462,-0.041025641025641026,-0.3282051282051282,0.12307692307692308,-0.47692307692307695,0.1794871794871795,-0.6358974358974359,0.22564102564102564,-0.7282051282051282,0.26153846153846155,-0.841025641025641
6,0.0,0.0,-0.211340206185567,-0.061855670103092786,-0.42783505154639173,-0.21649484536082475,-0.5876288659793815,-0.30412371134020616,-0.7268041237113402,-0.3247422680412371,-0.28350515463917525,-0.520618556701031,-0.36082474226804123,-0.7422680412371134,-0.4072164948453608,-0.8762886597938144,-0.42783505154639173,-1.0,-0.14948453608247422,-0.5360824742268041,-0.15979381443298968,-0.6649484536082474,-0.16494845360824742,-0.4845360824742268,-0.15979381443298968,-0.34536082474226804,-0.010309278350515464,-0.5154639175257731,-0.015463917525773196,-0.6237113402061856,-0.03608247422680412,-0.4484536082474227,-0.04639175257731959,-0.3247422680412371,0.12371134020618557,-0.4793814432989691,0.18556701030927836,-0.6391752577319587,0.2268041237113402,-0.7371134020618557,0.26288659793814434,-0.8556701030927835
6,0.0,0.0,-0.21649484536082475,-0.061855670103092786,-0.4329896907216495,-0.211340206185567,-0.5876288659793815,-0.30412371134020616,-0.7216494845360825,-0.3247422680412371,-0.29381443298969073,-0.5257731958762887,-0.36597938144329895,-0.7422680412371134,-0.41237113402061853,-0.8762886597938144,-0.4381443298969072,-1.0,-0.15463917525773196,-0.5412371134020618,-0.17010309278350516,-0.6597938144329897,-0.17525773195876287,-0.4742268041237113,-0.17010309278350516,-0.3402061855670103,-0.015463917525773196,-0.5257731958762887,-0.020618556701030927,-0.634020618556701,-0.041237113402061855,-0.4536082474226804,-0.05154639175257732,-0.32989690721649484,0.11855670103092783,-0.4896907216494845,0.18041237113402062,-0.6597938144329897,0.22164948453608246,-0.7577319587628866,0.25773195876288657,-0.8762886597938144
6,0.0,0.0,-0.21243523316062177,-0.05181347150259067,-0.43523316062176165,-0.20207253886010362,-0.5958549222797928,-0.29533678756476683,-0.7305699481865285,-0.32124352331606215,-0.29533678756476683,-0.5181347150259067,-0.37305699481865284,-0.7409326424870466,-0.41968911917098445,-0.8756476683937824,-0.45077720207253885,-1.0,-0.15544041450777202,-0.538860103626943,-0.17098445595854922,-0.6580310880829016,-0.17098445595854922,-0.47150259067357514,-0.16062176165803108,-0.3316062176165803,-0.015544041450777202,-0.5233160621761658,-0.015544041450777202,-0.6321243523316062,-0.031088082901554404,-0.45077720207253885,-0.04145077720207254,-0.32642487046632124,0.11917098445595854,-0.48704663212435234,0.17616580310880828,-0.6580310880829016,0.21761658031088082,-0.7616580310880829,0.2538860103626943,-0.8808290155440415
6,0.0,0.0,-0.21608040201005024,-0.06030150753768844,-0.4371859296482412,-0.20603015075376885,-0.5979899497487438,-0.2964824120603015,-0.7336683417085427,-0.3316582914572864,-0.3065326633165829,-0.5125628140703518,-0.38190954773869346,-0.7386934673366834,-0.4321608040201005,-0.8743718592964824,-0.4623115577889447,-1.0,-0.1708542713567839,-0.5376884422110553,-0.19597989949748743,-0.6633165829145728,-0.19095477386934673,-0.47738693467336685,-0.17587939698492464,-0.3417085427135678,-0.03015075376884422,-0.5226130653266332,-0.04522613065326633,-0.6331658291457286,-0.05025125628140704,-0.4623115577889447,-0.05025125628140704,-0.33668341708542715,0.10552763819095477,-0.49246231155778897,0.1507537688442211,-0.6633165829145728,0.18592964824120603,-0.7688442211055276,0.21105527638190955,-0.8844221105527639
6,0.0,0.0,-0.2079207920792079,-0.0594059405940594,-0.4207920792079208,-0.2079207920792079,-0.5792079207920792,-0.29207920792079206,-0.7178217821782178,-0.3217821782178218,-0.30198019801980197,-0.5198019801980198,-0.3712871287128713,-0.7376237623762376,-0.4207920792079208,-0.8762376237623762,-0.4504950495049505,-1.0,-0.16336633663366337,-0.5396039603960396,-0.18811881188118812,-0.6584158415841584,-0.17326732673267325,-0.47029702970297027,-0.15841584158415842,-0.3465346534653465,-0.019801980198019802,-0.5297029702970297,-0.0297029702970297,-0.6237623762376238,-0.039603960396039604,-0.4405940594059406,-0.04455445544554455,-0.3217821782178218,0.1188118811881188,-0.5,0.16336633663366337,-0.6732673267326733,0.19306930693069307,-0.7722772277227723,0.21287128712871287,-0.8910891089108911
6,0.0,0.0,-0.21287128712871287,-0.054455445544554455,-0.4306930693069307,-0.20297029702970298,-0.5891089108910891,-0.29207920792079206,-0.7277227722772277,-0.3217821782178218,-0.30198019801980197,-0.5198019801980198,-0.3712871287128713,-0.7376237623762376,-0.42574257425742573,-0.8762376237623762,-0.4603960396039604,-1.0,-0.16336633663366337,-0.5445544554455446,-0.18811881188118812,-0.6485148514851485,-0.17326732673267325,-0.46534653465346537,-0.15346534653465346,-0.33663366336633666,-0.019801980198019802,-0.5346534653465347,-0.034653465346534656,-0.6237623762376238,-0.039603960396039604,-0.4405940594059406,-0.04455445544554455,-0.3217821782178218,0.1188118811881188,-0.504950495049505,0.15346534653465346,-0.6732673267326733,0.18811881188118812,-0.7673267326732673,0.2079207920792079,-0.8811881188118812
6,0.0,0.0,-0.21105527638190955,-0.05527638190954774,-0.4221105527638191,-0.20100502512562815,-0.5879396984924623,-0.2914572864321608,-0.7286432160804021,-0.3316582914572864,-0.2914572864321608,-0.5276381909547738,-0.36683417085427134,-0.7437185929648241,-0.4271356783919598,-0.8793969849246231,-0.4723618090452261,-1.0,-0.15577889447236182,-0.542713567839196,-0.18090452261306533,-0.6432160804020101,-0.1708542713567839,-0.45226130653266333,-0.15577889447236182,-0.32663316582914576,-0.01507537688442211,-0.5276381909547738,-0.02512562814070352,-0.628140703517588,-0.035175879396984924,-0.44221105527638194,-0.04020100502512563,-0.32663316582914576,0.12060301507537688,-0.49246231155778897,0.1658291457286432,-0.6633165829145728,0.20100502512562815,-0.7638190954773869,0.22613065326633167,-0.8844221105527639
6,0.0,0.0,-0.21,-0.06,-0.425,-0.215,-0.58,-0.31,-0.725,-0.35,-0.29,-0.53,-0.365,-0.745,-0.425,-0.88,-0.47,-1.0,-0.155,-0.545,-0.18,-0.645,-0.175,-0.45,-0.16,-0.33,-0.015,-0.525,-0.025,-0.63,-0.035,-0.445,-0.045,-0.33,0.125,-0.495,0.17,-0.665,0.205,-0.765,0.23,-0.885
6,0.0,0.0,-0.21105527638190955,-0.05527638190954774,-0.4221105527638191,-0.21105527638190955,-0.5778894472361809,-0.3065326633165829,-0.7236180904522613,-0.34673366834170855,-0.3065326633165829,-0.5226130653266332,-0.37185929648241206,-0.7437185929648241,-0.4221105527638191,-0.8743718592964824,-0.457286432160804,-1.0,-0.1658291457286432,-0.542713567839196,-0.19095477386934673,-0.6432160804020101,-0.17587939698492464,-0.457286432160804,-0.15577889447236182,-0.32663316582914576,-0.020100502512562814,-0.5276381909547738,-0.02512562814070352,-0.6231155778894473,-0.035175879396984924,-0.44221105527638194,-0.04522613065326633,-0.32160804020100503,0.11557788944723618,-0.49748743718592964,0.15577889447236182,-0.6683417085427136,0.19095477386934673,-0.7638190954773869,0.21105527638190955,-0.8844221105527639
6,0.0,0.0,-0.21105527638190955,-0.06030150753768844,-0.4120603015075377,-0.21608040201005024,-0.5678391959798995,-0.3165829145728643,-0.7035175879396985,-0.36683417085427134,-0.2814070351758794,-0.5226130653266332,-0.3417085427135678,-0.7437185929648241,-0.3869346733668342,-0.8743718592964824,-0.4221105527638191,-1.0,-0.1507537688442211,-0.5376884422110553,-0.17587939698492464,-0.628140703517588,-0.1658291457286432,-0.44221105527638194,-0.1457286432160804,-0.32160804020100503,-0.010050251256281407,-0.5226130653266332,-0.02512562814070352,-0.6030150753768844,-0.03015075376884422,-0.41708542713567837,-0.04020100502512563,-0.3065326633165829,0.12562814070351758,-0.49246231155778897,0.16080402010050251,-0.6683417085427136,0.18592964824120603,-0.7688442211055276,0.20100502512562815,-0.8894472361809045
6,0.0,0.0,-0.215,-0.055,-0.415,-0.215,-0.565,-0.325,-0.7,-0.38,-0.28,-0.515,-0.335,-0.735,-0.37,-0.875,-0.4,-1.0,-0.15,-0.525,-0.18,-0.605,-0.165,-0.425,-0.15,-0.305,-0.015,-0.51,-0.03,-0.59,-0.035,-0.415,-0.05,-0.305,0.115,-0.48,0.14,-0.65,0.165,-0.745,0.175,-0.86
6,0.0,0.0,-0.20398009950248755,-0.05970149253731343,-0.39800995024875624,-0.21890547263681592,-0.5373134328358209,-0.3383084577114428,-0.6716417910447762,-0.39800995024875624,-0.263681592039801,-0.5024875621890548,-0.30845771144278605,-0.7263681592039801,-0.3383084577114428,-0.8706467661691543,-0.36318407960199006,-1.0,-0.13432835820895522,-0.5174129353233831,-0.1691542288557214,-0.5920398009950248,-0.15920398009950248,-0.4228855721393035,-0.14427860696517414,-0.3034825870646766,-0.009950248756218905,-0.5024875621890548,-0.03482587064676617,-0.582089552238806,-0.03980099502487562,-0.4079601990049751,-0.04477611940298507,-0.2935323383084577,0.11940298507462686,-0.47761194029850745,0.14427860696517414,-0.6517412935323383,0.15422885572139303,-0.746268656716418,0.15422885572139303,-0.8606965174129353
6,0.0,0.0,-0.19402985074626866,-0.05970149253731343,-0.3880597014925373,-0.23383084577114427,-0.527363184079602,-0.3582089552238806,-0.6616915422885572,-0.42786069651741293,-0.263681592039801,-0.4975124378109453,-0.2835820895522388,-0.7263681592039801,-0.3034825870646766,-0.8706467661691543,-0.32338308457711445,-1.0,-0.13432835820895522,-0.5074626865671642,-0.15920398009950248,-0.5671641791044776,-0.14925373134328357,-0.39800995024875624,-0.13432835820895522,-0.2835820895522388,-0.009950248756218905,-0.48756218905472637,-0.024875621890547265,-0.5572139303482587,-0.03482587064676617,-0.3880597014925373,-0.04477611940298507,-0.27860696517412936,0.10945273631840796,-0.4626865671641791,0.12437810945273632,-0.6417910447761194,0.11940298507462686,-0.736318407960199,0.1044776119402985,-0.845771144278607
6,0.0,0.0,-0.20202020202020202,-0.06060606060606061,-0.3888888888888889,-0.23737373737373738,-0.5151515151515151,-0.3686868686868687,-0.6414141414141414,-0.4393939393939394,-0.26262626262626265,-0.5,-0.2777777777777778,-0.7373737373737373,-0.2878787878787879,-0.8737373737373737,-0.29797979797979796,-1.0,-0.14646464646464646,-0.5050505050505051,-0.16666666666666666,-0.5909090909090909,-0.16161616161616163,-0.42424242424242425,-0.14646464646464646,-0.30303030303030304,-0.025252525252525252,-0.48484848484848486,-0.045454545454545456,-0.5656565656565656,-0.045454545454545456,-0.3888888888888889,-0.050505050505050504,-0.2777777777777778,0.09090909090909091,-0.45454545454545453,0.08585858585858586,-0.6313131313131313,0.07575757575757576,-0.7323232323232324,0.050505050505050504,-0.8535353535353535
6,0.0,0.0,-0.1989795918367347,-0.061224489795918366,-0.3877551020408163,-0.23979591836734693,-0.5102040816326531,-0.37244897959183676,-0.6377551020408163,-0.44387755102040816,-0.2653061224489796,-0.4846938775510204,-0.2755102040816326,-0.7295918367346939,-0.28061224489795916,-0.8724489795918368,-0.2857142857142857,-1.0,-0.14795918367346939,-0.4897959183673469,-0.1683673469387755,-0.5714285714285714,-0.16326530612244897,-0.3979591836734694,-0.14795918367346939,-0.29081632653061223,-0.030612244897959183,-0.4744897959183674,-0.04591836734693878,-0.5510204081632653,-0.04591836734693878,-0.37755102040816324,-0.04591836734693878,-0.27040816326530615,0.08673469387755102,-0.4489795918367347,0.07142857142857142,-0.6275510204081632,0.05102040816326531,-0.7244897959183674,0.02040816326530612,-0.8418367346938775
6,0.0,0.0,-0.1989795918367347,-0.0663265306122449,-0.3826530612244898,-0.25510204081632654,-0.5102040816326531,-0.3979591836734694,-0.6377551020408163,-0.4642857142857143,-0.27040816326530615,-0.4897959183673469,-0.2857142857142857,-0.7295918367346939,-0.29081632653061223,-0.8724489795918368,-0.29591836734693877,-1.0,-0.15306122448979592,-0.5,-0.1683673469387755,-0.576530612244898,-0.15816326530612246,-0.3979591836734694,-0.14795918367346939,-0.29081632653061223,-0.03571428571428571,-0.4846938775510204,-0.04081632653061224,-0.5663265306122449,-0.04081632653061224,-0.3877551020408163,-0.04081632653061224,-0.28061224489795916,0.08163265306122448,-0.45408163265306123,0.07142857142857142,-0.6377551020408163,0.04591836734693878,-0.7295918367346939,0.02040816326530612,-0.8418367346938775
6,0.0,0.0,-0.19895287958115182,-0.06806282722513089,-0.38219895287958117,-0.2617801047120419,-0.5130890052356021,-0.4031413612565445,-0.643979057591623,-0.4712041884816754,-0.2774869109947644,-0.4869109947643979,-0.2879581151832461,-0.7277486910994765,-0.2931937172774869,-0.8691099476439791,-0.29842931937172773,-1.0,-0.15706806282722513,-0.4973821989528796,-0.16753926701570682,-0.581151832460733,-0.16230366492146597,-0.4083769633507853,-0.14136125654450263,-0.3036649214659686,-0.041884816753926704,-0.4869109947643979,-0.05235602094240838,-0.5654450261780105,-0.04712041884816754,-0.39267015706806285,-0.04712041884816754,-0.2879581151832461,0.07853403141361257,-0.4607329842931937,0.06282722513089005,-0.643979057591623,0.03664921465968586,-0.743455497382199,0.015706806282722512,-0.8534031413612565
6,0.0,0.0,-0.20105820105820105,-0.06349206349206349,-0.3862433862433862,-0.25925925925925924,-0.5132275132275133,-0.4074074074074074,-0.6455026455026455,-0.47619047619047616,-0.2751322751322751,-0.49206349206349204,-0.291005291005291,-0.7301587301587301,-0.30687830687830686,-0.8677248677248677,-0.31216931216931215,-1.0,-0.15343915343915343,-0.5026455026455027,-0.17989417989417988,-0.582010582010582,-0.1746031746031746,-0.4021164021164021,-0.15873015873015872,-0.2962962962962963,-0.037037037037037035,-0.48677248677248675,-0.047619047619047616,-0.5555555555555556,-0.05291005291005291,-0.3862433862433862,-0.05291005291005291,-0.2857142857142857,0.08465608465608465,-0.455026455026455,0.06349206349206349,-0.6402116402116402,0.037037037037037035,-0.7354497354497355,0.015873015873015872,-0.8465608465608465
6,0.0,0.0,-0.2,-0.06486486486486487,-0.3837837837837838,-0.2648648648648649,-0.5081081081081081,-0.41621621621621624,-0.6324324324324324,-0.4972972972972973,-0.2810810810810811,-0.5027027027027027,-0.2972972972972973,-0.7351351351351352,-0.31891891891891894,-0.8756756756756757,-0.33513513513513515,-1.0,-0.16216216216216217,-0.5135135135135135,-0.1891891891891892,-0.6,-0.1783783783783784,-0.41081081081081083,-0.16216216216216217,-0.2972972972972973,-0.043243243243243246,-0.4972972972972973,-0.06486486486486487,-0.5783783783783784,-0.05945945945945946,-0.3945945945945946,-0.05405405405405406,-0.2864864864864865,0.08108108108108109,-0.4648648648648649,0.06486486486486487,-0.654054054054054,0.03783783783783784,-0.7513513513513513,0.016216216216216217,-0.8648648648648649
6,0.0,0.0,-0.2159090909090909,-0.06818181818181818,-0.4090909090909091,-0.2784090909090909,-0.5340909090909091,-0.4375,-0.6704545454545454,-0.5170454545454546,-0.29545454545454547,-0.5170454545454546,-0.3125,-0.7443181818181818,-0.3409090909090909,-0.875,-0.35795454545454547,-1.0,-0.17045454545454544,-0.5340909090909091,-0.19886363636363635,-0.6136363636363636,-0.19318181818181818,-0.4318181818181818,-0.17613636363636365,-0.32386363636363635,-0.045454545454545456,-0.5170454545454546,-0.0625,-0.5965909090909091,-0.06818181818181818,-0.4090909090909091,-0.0625,-0.29545454545454547,0.07954545454545454,-0.48863636363636365,0.0625,-0.6761363636363636,0.03977272727272727,-0.7784090909090909,0.022727272727272728,-0.8977272727272727
6,0.0,0.0,-0.21637426900584794,-0.07017543859649122,-0.4152046783625731,-0.28654970760233917,-0.5497076023391813,-0.4502923976608187,-0.6842105263157895,-0.5321637426900585,-0.30409356725146197,-0.5146198830409356,-0.3157894736842105,-0.7426900584795322,-0.3391812865497076,-0.8771929824561403,-0.36257309941520466,-1.0,-0.17543859649122806,-0.5321637426900585,-0.19883040935672514,-0.6198830409356725,-0.1871345029239766,-0.4327485380116959,-0.1695906432748538,-0.30994152046783624,-0.04678362573099415,-0.52046783625731,-0.06432748538011696,-0.6140350877192983,-0.05847953216374269,-0.4327485380116959,-0.05847953216374269,-0.30994152046783624,0.08187134502923976,-0.49707602339181284,0.06432748538011696,-0.695906432748538,0.04093567251461988,-0.8187134502923976,0.017543859649122806,-0.9415204678362573
6,0.0,0.0,-0.20114942528735633,-0.06896551724137931,-0.39655172413793105,-0.27586206896551724,-0.5287356321839081,-0.4367816091954023,-0.6609195402298851,-0.5229885057471264,-0.28160919540229884,-0.5114942528735632,-0.2988505747126437,-0.7413793103448276,-0.3275862068965517,-0.8793103448275862,-0.3563218390804598,-1.0,-0.16091954022988506,-0.5229885057471264,-0.1896551724137931,-0.6264367816091954,-0.1781609195402299,-0.4367816091954023,-0.16091954022988506,-0.3103448275862069,-0.034482758620689655,-0.5114942528735632,-0.06321839080459771,-0.6149425287356322,-0.05747126436781609,-0.43103448275862066,-0.05172413793103448,-0.3103448275862069,0.09195402298850575,-0.4885057471264368,0.07471264367816093,-0.6839080459770115,0.05747126436781609,-0.7988505747126436,0.028735632183908046,-0.9195402298850575
6,0.0,0.0,-0.19337016574585636,-0.055248618784530384,-0.3867403314917127,-0.2541436464088398,-0.5082872928176796,-0.4088397790055249,-0.6353591160220995,-0.4972375690607735,-0.27071823204419887,-0.5027624309392266,-0.2983425414364641,-0.7348066298342542,-0.3314917127071823,-0.8729281767955801,-0.36464088397790057,-1.0,-0.15469613259668508,-0.5138121546961326,-0.17679558011049723,-0.6022099447513812,-0.1712707182320442,-0.4088397790055249,-0.16022099447513813,-0.287292817679558,-0.03314917127071823,-0.4972375690607735,-0.049723756906077346,-0.5911602209944752,-0.049723756906077346,-0.4088397790055249,-0.055248618784530384,-0.292817679558011,0.08839779005524862,-0.4696132596685083,0.07734806629834254,-0.6519337016574586,0.06077348066298342,-0.7569060773480663,0.049723756906077346,-0.8784530386740331
6,0.0,0.0,-0.1945945945945946,-0.06486486486486487,-0.372972972972973,-0.2594594594594595,-0.4918918918918919,-0.41081081081081083,-0.6162162162162163,-0.4918918918918919,-0.2648648648648649,-0.5027027027027027,-0.3027027027027027,-0.7297297297297297,-0.34054054054054056,-0.8702702702702703,-0.372972972972973,-1.0,-0.14594594594594595,-0.518918918918919,-0.1783783783783784,-0.6108108108108108,-0.17297297297297298,-0.42162162162162165,-0.15675675675675677,-0.2918918918918919,-0.021621621621621623,-0.4972972972972973,-0.043243243243243246,-0.5837837837837838,-0.04864864864864865,-0.40540540540540543,-0.04864864864864865,-0.2918918918918919,0.10270270270270271,-0.4648648648648649,0.11891891891891893,-0.6432432432432432,0.11351351351351352,-0.7351351351351352,0.10270270270270271,-0.8432432432432433
6,0.0,0.0,-0.1935483870967742,-0.06989247311827956,-0.3763440860215054,-0.25806451612903225,-0.5053763440860215,-0.4032258064516129,-0.6344086021505376,-0.478494623655914,-0.26344086021505375,-0.5,-0.3172043010752688,-0.7311827956989247,-0.3602150537634409,-0.8709677419354839,-0.3870967741935484,-1.0,-0.15053763440860216,-0.510752688172043,-0.1774193548387097,-0.5967741935483871,-0.17204301075268819,-0.41397849462365593,-0.15591397849462366,-0.3010752688172043,-0.026881720430107527,-0.489247311827957,-0.03763440860215054,-0.5806451612903226,-0.04838709677419355,-0.4032258064516129,-0.053763440860215055,-0.2956989247311828,0.0967741935483871,-0.45161290322580644,0.12903225806451613,-0.6182795698924731,0.15591397849462366,-0.7096774193548387,0.1827956989247312,-0.8225806451612904
6,0.0,0.0,-0.19672131147540983,-0.07103825136612021,-0.3879781420765027,-0.2568306010928962,-0.5191256830601093,-0.40437158469945356,-0.6502732240437158,-0.4808743169398907,-0.2786885245901639,-0.5027322404371585,-0.3442622950819672,-0.73224043715847,-0.3879781420765027,-0.8688524590163934,-0.4262295081967213,-1.0,-0.15846994535519127,-0.5136612021857924,-0.1912568306010929,-0.6120218579234973,-0.18579234972677597,-0.4262295081967213,-0.16939890710382513,-0.3114754098360656,-0.03278688524590164,-0.4972677595628415,-0.04918032786885246,-0.5956284153005464,-0.060109289617486336,-0.41530054644808745,-0.06557377049180328,-0.30601092896174864,0.09836065573770492,-0.45901639344262296,0.13114754098360656,-0.6229508196721312,0.16393442622950818,-0.7158469945355191,0.18579234972677597,-0.8306010928961749
6,0.0,0.0,-0.1978021978021978,-0.06593406593406594,-0.3956043956043956,-0.25824175824175827,-0.521978021978022,-0.4010989010989011,-0.6538461538461539,-0.4725274725274725,-0.2857142857142857,-0.5164835164835165,-0.34615384615384615,-0.7362637362637363,-0.3901098901098901,-0.8736263736263736,-0.4175824175824176,-1.0,-0.15934065934065933,-0.5274725274725275,-0.1813186813186813,-0.6483516483516484,-0.18681318681318682,-0.46153846153846156,-0.17582417582417584,-0.32967032967032966,-0.027472527472527472,-0.5054945054945055,-0.038461538461538464,-0.5879120879120879,-0.04945054945054945,-0.4065934065934066,-0.06043956043956044,-0.29120879120879123,0.1043956043956044,-0.45604395604395603,0.14285714285714285,-0.6208791208791209,0.1813186813186813,-0.7142857142857143,0.2032967032967033,-0.8241758241758241
6,0.0,0.0,-0.2,-0.06486486486486487,-0.3891891891891892,-0.23783783783783785,-0.5297297297297298,-0.372972972972973,-0.654054054054054,-0.4540540540540541,-0.2864864864864865,-0.5027027027027027,-0.34054054054054056,-0.7243243243243244,-0.3837837837837838,-0.8702702702702703,-0.41621621621621624,-1.0,-0.16216216216216217,-0.5135135135135135,-0.1891891891891892,-0.6162162162162163,-0.1891891891891892,-0.44324324324324327,-0.1783783783783784,-0.31351351351351353,-0.032432432432432434,-0.4918918918918919,-0.04864864864864865,-0.5891891891891892,-0.05945945945945946,-0.41621621621621624,-0.07027027027027027,-0.3027027027027027,0.0918918918918919,-0.4540540540540541,0.12972972972972974,-0.6216216216216216,0.15675675675675677,-0.7135135135135136,0.1783783783783784,-0.8216216216216217
6,0.0,0.0,-0.2,-0.06486486486486487,-0.4,-0.24864864864864866,-0.5405405405405406,-0.3891891891891892,-0.6702702702702703,-0.4594594594594595,-0.2864864864864865,-0.5027027027027027,-0.32972972972972975,-0.7297297297297297,-0.3675675675675676,-0.8702702702702703,-0.3891891891891892,-1.0,-0.16216216216216217,-0.5135135135135135,-0.1891891891891892,-0.6216216216216216,-0.1891891891891892,-0.44324324324324327,-0.1783783783783784,-0.32432432432432434,-0.032432432432432434,-0.4972972972972973,-0.04864864864864865,-0.6,-0.05945945945945946,-0.42162162162162165,-0.06486486486486487,-0.3081081081081081,0.0918918918918919,-0.4540540540540541,0.13513513513513514,-0.6162162162162163,0.16216216216216217,-0.7081081081081081,0.1837837837837838,-0.8216216216216217
6,0.0,0.0,-0.20108695652173914,-0.07065217391304347,-0.3967391304347826,-0.25,-0.532608695652174,-0.3804347826086957,-0.6630434782608695,-0.45108695652173914,-0.27717391304347827,-0.5054347826086957,-0.32608695652173914,-0.7336956521739131,-0.3641304347826087,-0.875,-0.3967391304347826,-1.0,-0.15760869565217392,-0.5163043478260869,-0.19021739130434784,-0.6195652173913043,-0.19021739130434784,-0.44021739130434784,-0.17391304347826086,-0.32065217391304346,-0.02717391304347826,-0.5,-0.04891304347826087,-0.592391304347826,-0.059782608695652176,-0.41847826086956524,-0.06521739130434782,-0.30434782608695654,0.09782608695652174,-0.45652173913043476,0.1358695652173913,-0.625,0.16304347826086957,-0.7228260869565217,0.18478260869565216,-0.8369565217391305
6,0.0,0.0,-0.20108695652173914,-0.06521739130434782,-0.3967391304347826,-0.24456521739130435,-0.5271739130434783,-0.3804347826086957,-0.657608695652174,-0.45108695652173914,-0.27717391304347827,-0.5054347826086957,-0.32065217391304346,-0.7282608695652174,-0.358695652173913,-0.8695652173913043,-0.3858695652173913,-1.0,-0.15217391304347827,-0.5163043478260869,-0.1793478260869565,-0.6195652173913043,-0.1793478260869565,-0.44021739130434784,-0.16304347826086957,-0.31521739130434784,-0.021739130434782608,-0.4945652173913043,-0.03804347826086957,-0.5869565217391305,-0.04891304347826087,-0.41304347826086957,-0.05434782608695652,-0.30434782608695654,0.10326086956521739,-0.45108695652173914,0.14673913043478262,-0.6141304347826086,0.17391304347826086,-0.7065217391304348,0.1956521739130435,-0.8152173913043478
6,0.0,0.0,-0.1945945945945946,-0.07027027027027027,-0.3837837837837838,-0.23783783783783785,-0.5243243243243243,-0.372972972972973,-0.654054054054054,-0.4486486486486487,-0.2702702702702703,-0.5027027027027027,-0.32432432432432434,-0.7297297297297297,-0.3621621621621622,-0.8756756756756757,-0.3945945945945946,-1.0,-0.14594594594594595,-0.5081081081081081,-0.17297297297297298,-0.6054054054054054,-0.16756756756756758,-0.42162162162162165,-0.15675675675675677,-0.3027027027027027,-0.021621621621621623,-0.4864864864864865,-0.032432432432432434,-0.5837837837837838,-0.043243243243243246,-0.41081081081081083,-0.05405405405405406,-0.3027027027027027,0.10810810810810811,-0.44324324324324327,0.15135135135135136,-0.6108108108108108,0.1837837837837838,-0.7027027027027027,0.20540540540540542,-0.8162162162162162
6,0.0,0.0,-0.19786096256684493,-0.06951871657754011,-0.3850267379679144,-0.24598930481283424,-0.5187165775401069,-0.37967914438502676,-0.6470588235294118,-0.45989304812834225,-0.27807486631016043,-0.49732620320855614,-0.3315508021390374,-0.7272727272727273,-0.37433155080213903,-0.8663101604278075,-0.40641711229946526,-1.0,-0.15508021390374332,-0.5080213903743316,-0.1925133689839572,-0.6149732620320856,-0.18181818181818182,-0.43315508021390375,-0.16042780748663102,-0.31016042780748665,-0.026737967914438502,-0.48663101604278075,-0.0427807486631016,-0.5882352941176471,-0.058823529411764705,-0.41711229946524064,-0.06417112299465241,-0.3048128342245989,0.10160427807486631,-0.44385026737967914,0.13903743315508021,-0.6149732620320856,0.1711229946524064,-0.7058823529411765,0.20320855614973263,-0.8181818181818182
6,0.0,0.0,-0.2,-0.07027027027027027,-0.3945945945945946,-0.24864864864864866,-0.5297297297297298,-0.3837837837837838,-0.6594594594594595,-0.4540540540540541,-0.2756756756756757,-0.5027027027027027,-0.34054054054054056,-0.7297297297297297,-0.3837837837837838,-0.8702702702702703,-0.41621621621621624,-1.0,-0.15675675675675677,-0.5135135135135135,-0.1891891891891892,-0.6162162162162163,-0.1837837837837838,-0.43783783783783786,-0.16216216216216217,-0.31891891891891894,-0.02702702702702703,-0.4864864864864865,-0.043243243243243246,-0.5891891891891892,-0.05405405405405406,-0.41621621621621624,-0.05945945945945946,-0.3027027027027027,0.0972972972972973,-0.43783783783783786,0.14594594594594595,-0.6,0.1783783783783784,-0.6918918918918919,0.20540540540540542,-0.8054054054054054
6,0.0,0.0,-0.20441988950276244,-0.0718232044198895,-0.39779005524861877,-0.2430939226519337,-0.5414364640883977,-0.3812154696132597,-0.6740331491712708,-0.4530386740331492,-0.287292817679558,-0.5082872928176796,-0.35911602209944754,-0.7292817679558011,-0.4088397790055249,-0.8674033149171271,-0.43646408839779005,-1.0,-0.16022099447513813,-0.5193370165745856,-0.19337016574585636,-0.6464088397790055,-0.1878453038674033,-0.4696132596685083,-0.1712707182320442,-0.3425414364640884,-0.03314917127071823,-0.4972375690607735,-0.04419889502762431,-0.6187845303867403,-0.06077348066298342,-0.4419889502762431,-0.06629834254143646,-0.32044198895027626,0.09944751381215469,-0.4530386740331492,0.14917127071823205,-0.6132596685082873,0.18232044198895028,-0.7071823204419889,0.20994475138121546,-0.8176795580110497
6,0.0,0.0,-0.20670391061452514,-0.07262569832402235,-0.40782122905027934,-0.25139664804469275,-0.547486033519553,-0.39106145251396646,-0.6815642458100558,-0.46368715083798884,-0.2905027932960894,-0.5139664804469274,-0.3687150837988827,-0.7374301675977654,-0.4245810055865922,-0.8715083798882681,-0.46368715083798884,-1.0,-0.16201117318435754,-0.5307262569832403,-0.19553072625698323,-0.6536312849162011,-0.18994413407821228,-0.4748603351955307,-0.1787709497206704,-0.3407821229050279,-0.027932960893854747,-0.5083798882681564,-0.0446927374301676,-0.6312849162011173,-0.055865921787709494,-0.44692737430167595,-0.0670391061452514,-0.3240223463687151,0.10614525139664804,-0.4581005586592179,0.15083798882681565,-0.6256983240223464,0.18435754189944134,-0.7150837988826816,0.2122905027932961,-0.8268156424581006
6,0.0,0.0,-0.2057142857142857,-0.06285714285714286,-0.4057142857142857,-0.24,-0.5485714285714286,-0.38285714285714284,-0.6857142857142857,-0.46285714285714286,-0.2914285714285714,-0.5142857142857142,-0.37714285714285717,-0.7371428571428571,-0.4342857142857143,-0.8742857142857143,-0.48,-1.0,-0.16,-0.5314285714285715,-0.19428571428571428,-0.6742857142857143,-0.19428571428571428,-0.49714285714285716,-0.18857142857142858,-0.3485714285714286,-0.022857142857142857,-0.5142857142857142,-0.045714285714285714,-0.6457142857142857,-0.05714285714285714,-0.45714285714285713,-0.06857142857142857,-0.32,0.10857142857142857,-0.4685714285714286,0.15428571428571428,-0.6285714285714286,0.19428571428571428,-0.7257142857142858,0.21714285714285714,-0.8342857142857143
6,0.0,0.0,-0.19886363636363635,-0.06818181818181818,-0.3977272727272727,-0.25,-0.5397727272727273,-0.3977272727272727,-0.6647727272727273,-0.48295454545454547,-0.2784090909090909,-0.5170454545454546,-0.36363636363636365,-0.7386363636363636,-0.42045454545454547,-0.875,-0.4659090909090909,-1.0,-0.1534090909090909,-0.5397727272727273,-0.20454545454545456,-0.6704545454545454,-0.20454545454545456,-0.4943181818181818,-0.19318181818181818,-0.35795454545454547,-0.022727272727272728,-0.5227272727272727,-0.056818181818181816,-0.6477272727272727,-0.06818181818181818,-0.4659090909090909,-0.07386363636363637,-0.3352272727272727,0.11363636363636363,-0.4772727272727273,0.1534090909090909,-0.6420454545454546,0.18181818181818182,-0.7386363636363636,0.19886363636363635,-0.8522727272727273
6,0.0,0.0,-0.19886363636363635,-0.06818181818181818,-0.39204545454545453,-0.25,-0.5340909090909091,-0.39204545454545453,-0.6590909090909091,-0.4772727272727273,-0.2727272727272727,-0.5284090909090909,-0.35795454545454547,-0.7443181818181818,-0.4090909090909091,-0.8806818181818182,-0.45454545454545453,-1.0,-0.1534090909090909,-0.5397727272727273,-0.20454545454545456,-0.6761363636363636,-0.19886363636363635,-0.4943181818181818,-0.1875,-0.3522727272727273,-0.022727272727272728,-0.5227272727272727,-0.0625,-0.6534090909090909,-0.07386363636363637,-0.4659090909090909,-0.06818181818181818,-0.3352272727272727,0.10227272727272728,-0.4772727272727273,0.14204545454545456,-0.6477272727272727,0.16477272727272727,-0.75,0.1875,-0.8693181818181818
6,0.0,0.0,-0.2011173184357542,-0.0670391061452514,-0.39664804469273746,-0.2569832402234637,-0.5251396648044693,-0.4022346368715084,-0.6424581005586593,-0.4860335195530726,-0.2849162011173184,-0.5251396648044693,-0.36312849162011174,-0.7430167597765364,-0.4134078212290503,-0.8770949720670391,-0.44692737430167595,-1.0,-0.1564245810055866,-0.5418994413407822,-0.2122905027932961,-0.664804469273743,-0.20670391061452514,-0.4860335195530726,-0.18435754189944134,-0.3463687150837989,-0.027932960893854747,-0.5195530726256983,-0.07262569832402235,-0.6368715083798883,-0.0782122905027933,-0.45251396648044695,-0.07262569832402235,-0.329608938547486,0.1005586592178771,-0.48044692737430167,0.1340782122905028,-0.6536312849162011,0.15083798882681565,-0.7541899441340782,0.1564245810055866,-0.8659217877094972
6,0.0,0.0,-0.20224719101123595,-0.06741573033707865,-0.39325842696629215,-0.24719101123595505,-0.5224719101123596,-0.39325842696629215,-0.6348314606741573,-0.4943820224719101,-0.28651685393258425,-0.5224719101123596,-0.3595505617977528,-0.7471910112359551,-0.4101123595505618,-0.8764044943820225,-0.43820224719101125,-1.0,-0.16292134831460675,-0.5393258426966292,-0.20786516853932585,-0.6741573033707865,-0.20786516853932585,-0.5,-0.19662921348314608,-0.3539325842696629,-0.033707865168539325,-0.5224719101123596,-0.07865168539325842,-0.6404494382022472,-0.08426966292134831,-0.4606741573033708,-0.07865168539325842,-0.33146067415730335,0.09550561797752809,-0.48314606741573035,0.1348314606741573,-0.6573033707865169,0.1404494382022472,-0.7640449438202247,0.1404494382022472,-0.8764044943820225
6,0.0,0.0,-0.2122905027932961,-0.0670391061452514,-0.40782122905027934,-0.25139664804469275,-0.5307262569832403,-0.39664804469273746,-0.6424581005586593,-0.5083798882681564,-0.29608938547486036,-0.5251396648044693,-0.3687150837988827,-0.7430167597765364,-0.4134078212290503,-0.8770949720670391,-0.44692737430167595,-1.0,-0.17318435754189945,-0.5418994413407822,-0.22346368715083798,-0.6759776536312849,-0.21787709497206703,-0.49162011173184356,-0.20670391061452514,-0.35195530726256985,-0.0446927374301676,-0.5251396648044693,-0.0893854748603352,-0.6536312849162011,-0.0893854748603352,-0.46368715083798884,-0.08379888268156424,-0.329608938547486,0.0893854748603352,-0.49162011173184356,0.11731843575418995,-0.6703910614525139,0.11731843575418995,-0.770949720670391,0.11173184357541899,-0.8770949720670391
6,0.0,0.0,-0.21264367816091953,-0.06896551724137931,-0.40229885057471265,-0.25862068965517243,-0.5287356321839081,-0.41379310344827586,-0.6436781609195402,-0.5229885057471264,-0.2988505747126437,-0.5402298850574713,-0.367816091954023,-0.7586206896551724,-0.41379310344827586,-0.8850574712643678,-0.4425287356321839,-1.0,-0.1724137931034483,-0.5574712643678161,-0.21839080459770116,-0.7011494252873564,-0.21264367816091953,-0.5172413793103449,-0.20114942528735633,-0.3735632183908046,-0.034482758620689655,-0.5459770114942529,-0.08045977011494253,-0.6781609195402298,-0.08620689655172414,-0.47701149425287354,-0.08045977011494253,-0.3448275862068966,0.09770114942528736,-0.5114942528735632,0.13218390804597702,-0.6954022988505747,0.13218390804597702,-0.7988505747126436,0.11494252873563218,-0.9080459770114943
6,0.0,0.0,-0.21511627906976744,-0.0755813953488372,-0.4127906976744186,-0.2616279069767442,-0.5406976744186046,-0.4186046511627907,-0.6453488372093024,-0.5406976744186046,-0.3023255813953488,-0.5406976744186046,-0.37209302325581395,-0.7558139534883721,-0.4186046511627907,-0.8837209302325582,-0.45930232558139533,-1.0,-0.1744186046511628,-0.5581395348837209,-0.22674418604651161,-0.7034883720930233,-0.22093023255813954,-0.5174418604651163,-0.20348837209302326,-0.36627906976744184,-0.040697674418604654,-0.5465116279069767,-0.09302325581395349,-0.6744186046511628,-0.09302325581395349,-0.48255813953488375,-0.0872093023255814,-0.3430232558139535,0.09883720930232558,-0.5116279069767442,0.12790697674418605,-0.6976744186046512,0.12790697674418605,-0.8023255813953488,0.11046511627906977,-0.9127906976744186
6,0.0,0.0,-0.21637426900584794,-0.07017543859649122,-0.42105263157894735,-0.2573099415204678,-0.543859649122807,-0.4093567251461988,-0.6549707602339181,-0.5321637426900585,-0.30409356725146197,-0.5321637426900585,-0.38011695906432746,-0.7485380116959064,-0.4327485380116959,-0.8771929824561403,-0.4678362573099415,-1.0,-0.17543859649122806,-0.5555555555555556,-0.23391812865497075,-0.6900584795321637,-0.22807017543859648,-0.5087719298245614,-0.21052631578947367,-0.36257309941520466,-0.04093567251461988,-0.5497076023391813,-0.09941520467836257,-0.672514619883041,-0.09941520467836257,-0.47953216374269003,-0.08771929824561403,-0.3391812865497076,0.0935672514619883,-0.52046783625731,0.12280701754385964,-0.7076023391812866,0.11695906432748537,-0.8187134502923976,0.10526315789473684,-0.9298245614035088
6,0.0,0.0,-0.21893491124260356,-0.07100591715976332,-0.42011834319526625,-0.25443786982248523,-0.5502958579881657,-0.41420118343195267,-0.6568047337278107,-0.5384615384615384,-0.3076923076923077,-0.5325443786982249,-0.3727810650887574,-0.7514792899408284,-0.42011834319526625,-0.8816568047337278,-0.4556213017751479,-1.0,-0.17159763313609466,-0.5562130177514792,-0.22485207100591717,-0.6923076923076923,-0.21893491124260356,-0.5088757396449705,-0.20118343195266272,-0.3609467455621302,-0.04142011834319527,-0.5502958579881657,-0.08875739644970414,-0.6745562130177515,-0.08875739644970414,-0.47928994082840237,-0.08284023668639054,-0.33727810650887574,0.10059171597633136,-0.5207100591715976,0.1242603550295858,-0.7041420118343196,0.1301775147928994,-0.8106508875739645,0.11242603550295859,-0.9230769230769231
6,0.0,0.0,-0.21893491124260356,-0.07100591715976332,-0.42011834319526625,-0.2603550295857988,-0.5443786982248521,-0.41420118343195267,-0.650887573964497,-0.5384615384615384,-0.3076923076923077,-0.5325443786982249,-0.378698224852071,-0.7514792899408284,-0.4260355029585799,-0.8816568047337278,-0.46745562130177515,-1.0,-0.17159763313609466,-0.5562130177514792,-0.23076923076923078,-0.6863905325443787,-0.21301775147928995,-0.4970414201183432,-0.1952662721893491,-0.3431952662721893,-0.03550295857988166,-0.5443786982248521,-0.08875739644970414,-0.6686390532544378,-0.08875739644970414,-0.47337278106508873,-0.07692307692307693,-0.33136094674556216,0.10059171597633136,-0.514792899408284,0.1301775147928994,-0.7041420118343196,0.1301775147928994,-0.8106508875739645,0.11242603550295859,-0.9171597633136095
6,0.0,0.0,-0.2275449101796407,-0.0718562874251497,-0.4311377245508982,-0.25748502994011974,-0.5568862275449101,-0.41317365269461076,-0.6646706586826348,-0.5389221556886228,-0.30538922155688625,-0.5389221556886228,-0.3772455089820359,-0.7544910179640718,-0.437125748502994,-0.8802395209580839,-0.47904191616766467,-1.0,-0.17964071856287425,-0.5688622754491018,-0.24550898203592814,-0.7065868263473054,-0.2275449101796407,-0.5149700598802395,-0.20359281437125748,-0.3652694610778443,-0.041916167664670656,-0.5568862275449101,-0.10179640718562874,-0.688622754491018,-0.10179640718562874,-0.48502994011976047,-0.08982035928143713,-0.3473053892215569,0.09580838323353294,-0.5269461077844312,0.12574850299401197,-0.718562874251497,0.12574850299401197,-0.8203592814371258,0.10778443113772455,-0.9281437125748503
6,0.0,0.0,-0.24050632911392406,-0.0759493670886076,-0.45569620253164556,-0.2721518987341772,-0.5949367088607594,-0.44936708860759494,-0.7151898734177216,-0.5759493670886076,-0.33544303797468356,-0.5632911392405063,-0.41139240506329117,-0.7721518987341772,-0.47468354430379744,-0.8860759493670886,-0.5189873417721519,-1.0,-0.1962025316455696,-0.5949367088607594,-0.25949367088607594,-0.7531645569620253,-0.25316455696202533,-0.5443037974683544,-0.22784810126582278,-0.379746835443038,-0.05063291139240506,-0.5886075949367089,-0.10759493670886076,-0.7215189873417721,-0.10759493670886076,-0.5126582278481012,-0.0949367088607595,-0.36075949367088606,0.10126582278481013,-0.5506329113924051,0.12658227848101267,-0.759493670886076,0.12025316455696203,-0.8734177215189873,0.10759493670886076,-0.9873417721518988
6,0.0,0.0,-0.24516129032258063,-0.07096774193548387,-0.4645161290322581,-0.27741935483870966,-0.6064516129032258,-0.45161290322580644,-0.7290322580645161,-0.5806451612903226,-0.33548387096774196,-0.5612903225806452,-0.4129032258064516,-0.7741935483870968,-0.4838709677419355,-0.8903225806451613,-0.5419354838709678,-1.0,-0.1935483870967742,-0.5935483870967742,-0.2645161290322581,-0.7548387096774194,-0.25806451612903225,-0.5419354838709678,-0.23870967741935484,-0.3741935483870968,-0.04516129032258064,-0.5870967741935483,-0.10967741935483871,-0.7161290322580646,-0.10967741935483871,-0.5096774193548387,-0.1032258064516129,-0.3548387096774194,0.1032258064516129,-0.5548387096774193,0.12903225806451613,-0.7548387096774194,0.12258064516129032,-0.8709677419354839,0.0967741935483871,-0.9806451612903225
6,0.0,0.0,-0.25165562913907286,-0.07947019867549669,-0.4768211920529801,-0.2913907284768212,-0.6225165562913907,-0.45695364238410596,-0.7417218543046358,-0.5894039735099338,-0.3443708609271523,-0.5761589403973509,-0.4105960264900662,-0.7682119205298014,-0.48344370860927155,-0.8609271523178808,-0.543046357615894,-0.9536423841059603,-0.1986754966887417,-0.609271523178808,-0.2781456953642384,-0.7615894039735099,-0.26490066225165565,-0.5496688741721855,-0.23841059602649006,-0.3841059602649007,-0.052980132450331126,-0.5960264900662252,-0.11920529801324503,-0.7284768211920529,-0.11258278145695365,-0.5165562913907285,-0.09933774834437085,-0.36423841059602646,0.09933774834437085,-0.5629139072847682,0.11920529801324503,-0.7682119205298014,0.11920529801324503,-0.8807947019867549,0.09933774834437085,-1.0
6,0.0,0.0,-0.25,-0.060810810810810814,-0.4797297297297297,-0.2702702702702703,-0.6216216216216216,-0.44594594594594594,-0.7432432432432432,-0.5743243243243243,-0.33783783783783783,-0.5675675675675675,-0.41216216216216217,-0.7567567567567568,-0.4797297297297297,-0.8445945945945946,-0.5472972972972973,-0.9324324324324325,-0.1891891891891892,-0.6013513513513513,-0.2702702702702703,-0.7432432432432432,-0.25,-0.5135135135135135,-0.21621621621621623,-0.35135135135135137,-0.04054054054054054,-0.5878378378378378,-0.10810810810810811,-0.7027027027027027,-0.10135135135135136,-0.4797297297297297,-0.08783783783783784,-0.3310810810810811,0.11486486486486487,-0.5472972972972973,0.12162162162162163,-0.7567567567567568,0.12162162162162163,-0.8716216216216216,0.10810810810810811,-1.0
6,0.0,0.0,-0.2483221476510067,-0.06711409395973154,-0.4697986577181208,-0.28187919463087246,-0.6174496644295302,-0.44966442953020136,-0.738255033557047,-0.5838926174496645,-0.3288590604026846,-0.5637583892617449,-0.40939597315436244,-0.7583892617449665,-0.48322147651006714,-0.8657718120805369,-0.5503355704697986,-0.959731543624161,-0.18791946308724833,-0.5973154362416108,-0.2684563758389262,-0.7315436241610739,-0.2550335570469799,-0.5100671140939598,-0.2214765100671141,-0.348993288590604,-0.040268456375838924,-0.5838926174496645,-0.10738255033557047,-0.7046979865771812,-0.10738255033557047,-0.4899328859060403,-0.087248322147651,-0.3422818791946309,0.11409395973154363,-0.5503355704697986,0.12751677852348994,-0.7583892617449665,0.12080536912751678,-0.8791946308724832,0.10738255033557047,-1.0
6,0.0,0.0,-0.25,-0.08108108108108109,-0.4797297297297297,-0.28378378378378377,-0.6216216216216216,-0.4527027027027027,-0.7432432432432432,-0.5878378378378378,-0.33783783783783783,-0.5608108108108109,-0.4189189189189189,-0.7635135135135135,-0.4864864864864865,-0.8851351351351351,-0.5405405405405406,-0.9932432432432432,-0.1891891891891892,-0.5945945945945946,-0.2702702702702703,-0.722972972972973,-0.25,-0.5067567567567568,-0.22297297297297297,-0.34459459459459457,-0.04054054054054054,-0.5878378378378378,-0.10810810810810811,-0.7027027027027027,-0.10810810810810811,-0.4864864864864865,-0.08783783783783784,-0.33783783783783783,0.11486486486486487,-0.5540540540540541,0.12837837837837837,-0.7567567567567568,0.12162162162162163,-0.8783783783783784,0.10135135135135136,-1.0
6,0.0,0.0,-0.25170068027210885,-0.08163265306122448,-0.4897959183673469,-0.2925170068027211,-0.6394557823129252,-0.4557823129251701,-0.7551020408163265,-0.5986394557823129,-0.3469387755102041,-0.5782312925170068,-0.4217687074829932,-0.7755102040816326,-0.4965986394557823,-0.8843537414965986,-0.5714285714285714,-0.9795918367346939,-0.19727891156462585,-0.6054421768707483,-0.2789115646258503,-0.7414965986394558,-0.2585034013605442,-0.5238095238095238,-0.22448979591836735,-0.36054421768707484,-0.04081632653061224,-0.5986394557823129,-0.11564625850340136,-0.7142857142857143,-0.10884353741496598,-0.4965986394557823,-0.08843537414965986,-0.3469387755102041,0.11564625850340136,-0.564625850340136,0.12244897959183673,-0.7687074829931972,0.10884353741496598,-0.8843537414965986,0.08843537414965986,-1.0
6,0.0,0.0,-0.25,-0.08108108108108109,-0.4797297297297297,-0.2905405405405405,-0.6283783783783784,-0.4594594594594595,-0.75,-0.6013513513513513,-0.33783783783783783,-0.581081081081081,-0.41216216216216217,-0.7702702702702703,-0.4864864864864865,-0.8648648648648649,-0.5540540540540541,-0.9527027027027027,-0.1891891891891892,-0.6148648648648649,-0.2702702702702703,-0.75,-0.2635135135135135,-0.5337837837837838,-0.23648648648648649,-0.3716216216216216,-0.04054054054054054,-0.6013513513513513,-0.11486486486486487,-0.7162162162162162,-0.11486486486486487,-0.49324324324324326,-0.10135135135135136,-0.34459459459459457,0.11486486486486487,-0.5675675675675675,0.12162162162162163,-0.7702702702702703,0.10810810810810811,-0.8851351351351351,0.08783783783783784,-1.0
6,0.0,0.0,-0.2465753424657534,-0.0684931506849315,-0.4794520547945205,-0.2876712328767123,-0.6232876712328768,-0.4589041095890411,-0.7465753424657534,-0.5958904109589042,-0.3219178082191781,-0.589041095890411,-0.3904109589041096,-0.7534246575342466,-0.4657534246575342,-0.8287671232876712,-0.5342465753424658,-0.8972602739726028,-0.1780821917808219,-0.6164383561643836,-0.2602739726027397,-0.7602739726027398,-0.2465753424657534,-0.5273972602739726,-0.2191780821917808,-0.363013698630137,-0.02054794520547945,-0.5958904109589042,-0.0958904109589041,-0.7123287671232876,-0.10273972602739725,-0.4931506849315068,-0.08904109589041095,-0.3424657534246575,0.13013698630136986,-0.5547945205479452,0.14383561643835616,-0.7671232876712328,0.13013698630136986,-0.8835616438356164,0.10273972602739725,-1.0
6,0.0,0.0,-0.25517241379310346,-0.07586206896551724,-0.4827586206896552,-0.2827586206896552,-0.6344827586206897,-0.4482758620689655,-0.7586206896551724,-0.5862068965517241,-0.35172413793103446,-0.5724137931034483,-0.4068965517241379,-0.7310344827586207,-0.4689655172413793,-0.7862068965517242,-0.5310344827586206,-0.8344827586206897,-0.2,-0.6068965517241379,-0.2689655172413793,-0.7448275862068966,-0.25517241379310346,-0.5241379310344828,-0.22758620689655173,-0.3586206896551724,-0.041379310344827586,-0.6,-0.10344827586206896,-0.7034482758620689,-0.10344827586206896,-0.4896551724137931,-0.08275862068965517,-0.3448275862068966,0.11724137931034483,-0.5655172413793104,0.12413793103448276,-0.7724137931034483,0.1103448275862069,-0.8896551724137931,0.08275862068965517,-1.0
6,0.0,0.0,-0.24647887323943662,-0.06338028169014084,-0.4859154929577465,-0.28169014084507044,-0.6267605633802817,-0.4507042253521127,-0.7464788732394366,-0.5915492957746479,-0.34507042253521125,-0.5845070422535211,-0.4014084507042254,-0.7394366197183099,-0.47183098591549294,-0.8028169014084507,-0.5422535211267606,-0.8450704225352113,-0.18309859154929578,-0.6126760563380281,-0.2605633802816901,-0.7394366197183099,-0.24647887323943662,-0.5140845070422535,-0.21830985915492956,-0.34507042253521125,-0.02112676056338028,-0.5985915492957746,-0.09154929577464789,-0.6901408450704225,-0.09154929577464789,-0.4788732394366197,-0.07746478873239436,-0.323943661971831,0.14084507042253522,-0.5633802816901409,0.14084507042253522,-0.7676056338028169,0.13380281690140844,-0.8873239436619719,0.1056338028169014,-1.0
6,0.0,0.0,-0.2553191489361702,-0.06382978723404255,-0.48936170212765956,-0.28368794326241137,-0.6312056737588653,-0.45390070921985815,-0.75177304964539,-0.5957446808510638,-0.3404255319148936,-0.574468085106383,-0.3900709219858156,-0.7375886524822695,-0.46808510638297873,-0.8014184397163121,-0.5390070921985816,-0.8581560283687943,-0.18439716312056736,-0.6099290780141844,-0.2624113475177305,-0.75177304964539,-0.2553191489361702,-0.5319148936170213,-0.22695035460992907,-0.3546099290780142,-0.02127659574468085,-0.5957446808510638,-0.09219858156028368,-0.6950354609929078,-0.09219858156028368,-0.48226950354609927,-0.07801418439716312,-0.3262411347517731,0.14893617021276595,-0.5602836879432624,0.14184397163120568,-0.7659574468085106,0.1276595744680851,-0.8794326241134752,0.10638297872340426,-1.0
6,0.0,0.0,-0.25,-0.07142857142857142,-0.4857142857142857,-0.29285714285714287,-0.6285714285714286,-0.4642857142857143,-0.75,-0.6142857142857143,-0.34285714285714286,-0.5857142857142857,-0.38571428571428573,-0.7357142857142858,-0.44285714285714284,-0.7928571428571428,-0.4928571428571429,-0.8285714285714286,-0.18571428571428572,-0.6214285714285714,-0.2571428571428571,-0.7571428571428571,-0.25,-0.5357142857142857,-0.22857142857142856,-0.36428571428571427,-0.02142857142857143,-0.6071428571428571,-0.08571428571428572,-0.7071428571428572,-0.09285714285714286,-0.4928571428571429,-0.08571428571428572,-0.34285714285714286,0.15,-0.5714285714285714,0.15714285714285714,-0.7785714285714286,0.14285714285714285,-0.8928571428571429,0.11428571428571428,-1.0
6,0.0,0.0,-0.24647887323943662,-0.07042253521126761,-0.4859154929577465,-0.2887323943661972,-0.6267605633802817,-0.4647887323943662,-0.7464788732394366,-0.6056338028169014,-0.3380281690140845,-0.5915492957746479,-0.38028169014084506,-0.7464788732394366,-0.4507042253521127,-0.8098591549295775,-0.5140845070422535,-0.8591549295774648,-0.18309859154929578,-0.6197183098591549,-0.2605633802816901,-0.7605633802816901,-0.24647887323943662,-0.528169014084507,-0.22535211267605634,-0.352112676056338,-0.02112676056338028,-0.6056338028169014,-0.09154929577464789,-0.704225352112676,-0.09154929577464789,-0.4859154929577465,-0.07746478873239436,-0.33098591549295775,0.14788732394366197,-0.5704225352112676,0.14788732394366197,-0.7746478873239436,0.13380281690140844,-0.8873239436619719,0.1056338028169014,-1.0
6,0.0,0.0,-0.24305555555555555,-0.0625,-0.4791666666666667,-0.2916666666666667,-0.625,-0.4652777777777778,-0.7430555555555556,-0.5972222222222222,-0.3333333333333333,-0.5763888888888888,-0.4027777777777778,-0.75,-0.4791666666666667,-0.8333333333333334,-0.5555555555555556,-0.8958333333333334,-0.18055555555555555,-0.6111111111111112,-0.2638888888888889,-0.75,-0.25,-0.5277777777777778,-0.2222222222222222,-0.3541666666666667,-0.020833333333333332,-0.5972222222222222,-0.09027777777777778,-0.6875,-0.09722222222222222,-0.4722222222222222,-0.08333333333333333,-0.3263888888888889,0.14583333333333334,-0.5625,0.14583333333333334,-0.7638888888888888,0.13194444444444445,-0.8819444444444444,0.1111111111111111,-1.0
6,0.0,0.0,-0.24666666666666667,-0.06666666666666667,-0.48,-0.29333333333333333,-0.6266666666666667,-0.4666666666666667,-0.7533333333333333,-0.5933333333333334,-0.31333333333333335,-0.56,-0.3933333333333333,-0.7533333333333333,-0.4666666666666667,-0.86,-0.5333333333333333,-0.9533333333333334,-0.17333333333333334,-0.5933333333333334,-0.26,-0.7266666666666667,-0.24,-0.5,-0.20666666666666667,-0.3333333333333333,-0.02,-0.5866666666666667,-0.1,-0.6733333333333333,-0.09333333333333334,-0.4666666666666667,-0.07333333333333333,-0.32666666666666666,0.13333333333333333,-0.5533333333333333,0.13333333333333333,-0.7666666666666667,0.12,-0.8866666666666667,0.10666666666666667,-1.0
6,0.0,0.0,-0.2565789473684211,-0.06578947368421052,-0.4868421052631579,-0.28289473684210525,-0.6381578947368421,-0.45394736842105265,-0.7697368421052632,-0.5723684210526315,-0.32894736842105265,-0.5526315789473685,-0.39473684210526316,-0.7631578947368421,-0.45394736842105265,-0.8881578947368421,-0.506578947368421,-1.0,-0.18421052631578946,-0.5789473684210527,-0.2631578947368421,-0.7039473684210527,-0.25,-0.4934210526315789,-0.21710526315789475,-0.3223684210526316,-0.03289473684210526,-0.5723684210526315,-0.09868421052631579,-0.6710526315789473,-0.09210526315789473,-0.46710526315789475,-0.07894736842105263,-0.3157894736842105,0.11842105263157894,-0.5460526315789473,0.125,-0.75,0.11842105263157894,-0.875,0.09868421052631579,-0.993421052631579
6,0.0,0.0,-0.2345679012345679,-0.06790123456790123,-0.4567901234567901,-0.2716049382716049,-0.5987654320987654,-0.43209876543209874,-0.7222222222222222,-0.5432098765432098,-0.32098765432098764,-0.5370370370370371,-0.38271604938271603,-0.7530864197530864,-0.43209876543209874,-0.8827160493827161,-0.48148148148148145,-1.0,-0.17901234567901234,-0.5617283950617284,-0.24074074074074073,-0.6790123456790124,-0.22839506172839505,-0.47530864197530864,-0.2037037037037037,-0.32098765432098764,-0.030864197530864196,-0.5493827160493827,-0.08641975308641975,-0.6419753086419753,-0.08641975308641975,-0.4506172839506173,-0.08024691358024691,-0.3148148148148148,0.1111111111111111,-0.5246913580246914,0.12345679012345678,-0.7160493827160493,0.11728395061728394,-0.8333333333333334,0.10493827160493827,-0.9506172839506173
6,0.0,0.0,-0.2289156626506024,-0.06626506024096386,-0.45180722891566266,-0.2710843373493976,-0.5963855421686747,-0.42168674698795183,-0.7228915662650602,-0.5180722891566265,-0.3132530120481928,-0.536144578313253,-0.3855421686746988,-0.7469879518072289,-0.4397590361445783,-0.8795180722891566,-0.4879518072289157,-1.0,-0.18072289156626506,-0.5602409638554217,-0.24096385542168675,-0.6746987951807228,-0.23493975903614459,-0.4759036144578313,-0.21084337349397592,-0.3253012048192771,-0.03614457831325301,-0.5481927710843374,-0.10240963855421686,-0.6506024096385542,-0.10240963855421686,-0.45180722891566266,-0.0963855421686747,-0.3132530120481928,0.10240963855421686,-0.5180722891566265,0.12048192771084337,-0.7108433734939759,0.1144578313253012,-0.8253012048192772,0.0963855421686747,-0.9337349397590361
6,0.0,0.0,-0.23214285714285715,-0.07142857142857142,-0.4523809523809524,-0.2619047619047619,-0.6071428571428571,-0.4107142857142857,-0.7380952380952381,-0.4880952380952381,-0.32142857142857145,-0.5357142857142857,-0.38095238095238093,-0.75,-0.43452380952380953,-0.8809523809523809,-0.47619047619047616,-1.0,-0.18452380952380953,-0.5595238095238095,-0.24404761904761904,-0.6845238095238095,-0.2261904761904762,-0.4880952380952381,-0.20833333333333334,-0.3333333333333333,-0.03571428571428571,-0.5476190476190477,-0.09523809523809523,-0.6488095238095238,-0.09523809523809523,-0.4523809523809524,-0.08333333333333333,-0.30952380952380953,0.10714285714285714,-0.5178571428571429,0.11904761904761904,-0.7083333333333334,0.11904761904761904,-0.8154761904761905,0.10119047619047619,-0.9285714285714286
6,0.0,0.0,-0.23076923076923078,-0.0650887573964497,-0.46153846153846156,-0.2485207100591716,-0.6153846153846154,-0.38461538461538464,-0.7514792899408284,-0.4556213017751479,-0.31952662721893493,-0.5266272189349113,-0.38461538461538464,-0.7455621301775148,-0.4378698224852071,-0.8816568047337278,-0.47928994082840237,-1.0,-0.1834319526627219,-0.5562130177514792,-0.23668639053254437,-0.6745562130177515,-0.23668639053254437,-0.48520710059171596,-0.21893491124260356,-0.33136094674556216,-0.04142011834319527,-0.5443786982248521,-0.09467455621301775,-0.650887573964497,-0.10059171597633136,-0.4556213017751479,-0.09467455621301775,-0.3136094674556213,0.10059171597633136,-0.5207100591715976,0.1242603550295858,-0.7100591715976331,0.1242603550295858,-0.8165680473372781,0.11242603550295859,-0.9289940828402367
6,0.0,0.0,-0.21965317919075145,-0.06358381502890173,-0.4508670520231214,-0.24855491329479767,-0.6069364161849711,-0.3699421965317919,-0.7456647398843931,-0.4277456647398844,-0.3063583815028902,-0.5260115606936416,-0.37572254335260113,-0.7456647398843931,-0.4277456647398844,-0.8786127167630058,-0.47398843930635837,-1.0,-0.17341040462427745,-0.5491329479768786,-0.23121387283236994,-0.6589595375722543,-0.2254335260115607,-0.47398843930635837,-0.2023121387283237,-0.3236994219653179,-0.03468208092485549,-0.5433526011560693,-0.09248554913294797,-0.6358381502890174,-0.09248554913294797,-0.4508670520231214,-0.08670520231213873,-0.31213872832369943,0.10404624277456648,-0.5202312138728323,0.11560693641618497,-0.6994219653179191,0.12138728323699421,-0.8092485549132948,0.10982658959537572,-0.9190751445086706
6,0.0,0.0,-0.22413793103448276,-0.05747126436781609,-0.4482758620689655,-0.23563218390804597,-0.603448275862069,-0.3505747126436782,-0.7413793103448276,-0.40804597701149425,-0.3103448275862069,-0.5229885057471264,-0.3850574712643678,-0.7471264367816092,-0.43103448275862066,-0.8793103448275862,-0.47701149425287354,-1.0,-0.1724137931034483,-0.5459770114942529,-0.23563218390804597,-0.6551724137931034,-0.22413793103448276,-0.46551724137931033,-0.20689655172413793,-0.3160919540229885,-0.034482758620689655,-0.5402298850574713,-0.09195402298850575,-0.6379310344827587,-0.09195402298850575,-0.4482758620689655,-0.08620689655172414,-0.3103448275862069,0.10344827586206896,-0.5172413793103449,0.1206896551724138,-0.7011494252873564,0.12643678160919541,-0.8103448275862069,0.1206896551724138,-0.9195402298850575
6,0.0,0.0,-0.21910112359550563,-0.06741573033707865,-0.4438202247191011,-0.23595505617977527,-0.6067415730337079,-0.34831460674157305,-0.7415730337078652,-0.398876404494382,-0.3146067415730337,-0.5168539325842697,-0.38764044943820225,-0.7415730337078652,-0.43820224719101125,-0.8764044943820225,-0.48314606741573035,-1.0,-0.1797752808988764,-0.5449438202247191,-0.24719101123595505,-0.651685393258427,-0.23595505617977527,-0.46629213483146065,-0.21348314606741572,-0.3202247191011236,-0.0449438202247191,-0.5393258426966292,-0.09550561797752809,-0.6404494382022472,-0.09550561797752809,-0.4606741573033708,-0.08426966292134831,-0.3258426966292135,0.09550561797752809,-0.5168539325842697,0.11235955056179775,-0.702247191011236,0.11235955056179775,-0.8146067415730337,0.10112359550561797,-0.9213483146067416
6,0.0,0.0,-0.21787709497206703,-0.061452513966480445,-0.43575418994413406,-0.22905027932960895,-0.5921787709497207,-0.33519553072625696,-0.7318435754189944,-0.3854748603351955,-0.3128491620111732,-0.5195530726256983,-0.39106145251396646,-0.7430167597765364,-0.43575418994413406,-0.8770949720670391,-0.4748603351955307,-1.0,-0.18435754189944134,-0.547486033519553,-0.24022346368715083,-0.6424581005586593,-0.22346368715083798,-0.4581005586592179,-0.19553072625698323,-0.3128491620111732,-0.0446927374301676,-0.5418994413407822,-0.09497206703910614,-0.6312849162011173,-0.0893854748603352,-0.441340782122905,-0.0782122905027933,-0.3128491620111732,0.09497206703910614,-0.5139664804469274,0.11173184357541899,-0.6927374301675978,0.11731843575418995,-0.7932960893854749,0.11173184357541899,-0.8994413407821229
6,0.0,0.0,-0.2222222222222222,-0.06666666666666667,-0.4388888888888889,-0.22777777777777777,-0.6,-0.3277777777777778,-0.7333333333333333,-0.37222222222222223,-0.3111111111111111,-0.5222222222222223,-0.38333333333333336,-0.7388888888888889,-0.42777777777777776,-0.8777777777777778,-0.4666666666666667,-1.0,-0.18333333333333332,-0.5444444444444444,-0.24444444444444444,-0.6444444444444445,-0.22777777777777777,-0.46111111111111114,-0.20555555555555555,-0.31666666666666665,-0.044444444444444446,-0.5388888888888889,-0.1,-0.6333333333333333,-0.09444444444444444,-0.4444444444444444,-0.07777777777777778,-0.31666666666666665,0.09444444444444444,-0.5166666666666667,0.1111111111111111,-0.7,0.11666666666666667,-0.8055555555555556,0.1111111111111111,-0.9166666666666666
6,0.0,0.0,-0.22099447513812154,-0.06077348066298342,-0.4419889502762431,-0.2154696132596685,-0.5966850828729282,-0.3149171270718232,-0.7292817679558011,-0.36464088397790057,-0.32044198895027626,-0.5193370165745856,-0.3812154696132597,-0.7403314917127072,-0.425414364640884,-0.8784530386740331,-0.4585635359116022,-1.0,-0.18232044198895028,-0.5469613259668509,-0.2430939226519337,-0.6464088397790055,-0.2265193370165746,-0.4585635359116022,-0.20994475138121546,-0.3149171270718232,-0.04419889502762431,-0.5414364640883977,-0.09392265193370165,-0.6353591160220995,-0.09392265193370165,-0.4530386740331492,-0.08287292817679558,-0.3259668508287293,0.09392265193370165,-0.5193370165745856,0.11049723756906077,-0.7016574585635359,0.11602209944751381,-0.8011049723756906,0.10497237569060773,-0.9116022099447514
6,0.0,0.0,-0.2185792349726776,-0.060109289617486336,-0.4426229508196721,-0.21311475409836064,-0.6065573770491803,-0.3005464480874317,-0.7431693989071039,-0.33879781420765026,-0.3114754098360656,-0.5191256830601093,-0.3825136612021858,-0.7377049180327869,-0.4207650273224044,-0.8797814207650273,-0.453551912568306,-1.0,-0.18032786885245902,-0.5409836065573771,-0.24043715846994534,-0.6557377049180327,-0.22404371584699453,-0.46994535519125685,-0.20218579234972678,-0.32786885245901637,-0.04918032786885246,-0.5355191256830601,-0.09289617486338798,-0.6338797814207651,-0.08743169398907104,-0.453551912568306,-0.08196721311475409,-0.32786885245901637,0.08743169398907104,-0.5136612021857924,0.1092896174863388,-0.6885245901639344,0.11475409836065574,-0.7923497267759563,0.10382513661202186,-0.907103825136612
6,0.0,0.0,-0.22043010752688172,-0.06451612903225806,-0.44086021505376344,-0.21505376344086022,-0.6021505376344086,-0.3064516129032258,-0.7365591397849462,-0.34946236559139787,-0.3118279569892473,-0.521505376344086,-0.3709677419354839,-0.7365591397849462,-0.41397849462365593,-0.8763440860215054,-0.44623655913978494,-1.0,-0.1827956989247312,-0.543010752688172,-0.23655913978494625,-0.6451612903225806,-0.21505376344086022,-0.46236559139784944,-0.1935483870967742,-0.3225806451612903,-0.04838709677419355,-0.5376344086021505,-0.0967741935483871,-0.6236559139784946,-0.08602150537634409,-0.45161290322580644,-0.08064516129032258,-0.3279569892473118,0.08602150537634409,-0.510752688172043,0.10752688172043011,-0.6935483870967742,0.11290322580645161,-0.8010752688172043,0.10215053763440861,-0.9086021505376344
6,0.0,0.0,-0.21311475409836064,-0.060109289617486336,-0.43169398907103823,-0.20765027322404372,-0.5956284153005464,-0.29508196721311475,-0.73224043715847,-0.3333333333333333,-0.30601092896174864,-0.5136612021857924,-0.37158469945355194,-0.73224043715847,-0.4098360655737705,-0.8743169398907104,-0.4371584699453552,-1.0,-0.17486338797814208,-0.5355191256830601,-0.22950819672131148,-0.639344262295082,-0.21311475409836064,-0.45901639344262296,-0.1912568306010929,-0.31693989071038253,-0.03825136612021858,-0.5300546448087432,-0.08743169398907104,-0.6284153005464481,-0.08196721311475409,-0.453551912568306,-0.07103825136612021,-0.32786885245901637,0.09289617486338798,-0.5081967213114754,0.12021857923497267,-0.6885245901639344,0.12568306010928962,-0.7923497267759563,0.11475409836065574,-0.8961748633879781
6,0.0,0.0,-0.22282608695652173,-0.05434782608695652,-0.44021739130434784,-0.20652173913043478,-0.6032608695652174,-0.29347826086956524,-0.7391304347826086,-0.32608695652173914,-0.30978260869565216,-0.5108695652173914,-0.3804347826086957,-0.7282608695652174,-0.42391304347826086,-0.8695652173913043,-0.45652173913043476,-1.0,-0.18478260869565216,-0.532608695652174,-0.24456521739130435,-0.6413043478260869,-0.22826086956521738,-0.46195652173913043,-0.20652173913043478,-0.32065217391304346,-0.04891304347826087,-0.5271739130434783,-0.10326086956521739,-0.625,-0.09782608695652174,-0.45108695652173914,-0.08152173913043478,-0.32608695652173914,0.08695652173913043,-0.5054347826086957,0.10869565217391304,-0.6847826086956522,0.11413043478260869,-0.7880434782608695,0.10869565217391304,-0.8967391304347826
6,0.0,0.0,-0.20855614973262032,-0.058823529411764705,-0.42245989304812837,-0.21390374331550802,-0.5775401069518716,-0.3048128342245989,-0.7112299465240641,-0.3422459893048128,-0.29411764705882354,-0.5133689839572193,-0.3689839572192513,-0.732620320855615,-0.4117647058823529,-0.8716577540106952,-0.44385026737967914,-1.0,-0.1711229946524064,-0.5294117647058824,-0.23529411764705882,-0.6363636363636364,-0.2192513368983957,-0.45454545454545453,-0.1925133689839572,-0.3155080213903743,-0.0427807486631016,-0.5240641711229946,-0.0962566844919786,-0.6256684491978609,-0.09090909090909091,-0.44919786096256686,-0.0748663101604278,-0.3315508021390374,0.09090909090909091,-0.5026737967914439,0.11764705882352941,-0.679144385026738,0.12299465240641712,-0.786096256684492,0.11229946524064172,-0.893048128342246
6,0.0,0.0,-0.21390374331550802,-0.06417112299465241,-0.43315508021390375,-0.21390374331550802,-0.5935828877005348,-0.3048128342245989,-0.7219251336898396,-0.34759358288770054,-0.31016042780748665,-0.5187165775401069,-0.37967914438502676,-0.7379679144385026,-0.42245989304812837,-0.8770053475935828,-0.45454545454545453,-1.0,-0.18181818181818182,-0.5401069518716578,-0.24064171122994651,-0.6470588235294118,-0.22459893048128343,-0.46524064171123,-0.20320855614973263,-0.32620320855614976,-0.0481283422459893,-0.5347593582887701,-0.0962566844919786,-0.6363636363636364,-0.09090909090909091,-0.45989304812834225,-0.08021390374331551,-0.33689839572192515,0.0855614973262032,-0.5133689839572193,0.10695187165775401,-0.6898395721925134,0.11229946524064172,-0.7914438502673797,0.10695187165775401,-0.8983957219251337
6,0.0,0.0,-0.21621621621621623,-0.05945945945945946,-0.43243243243243246,-0.21081081081081082,-0.5891891891891892,-0.3081081081081081,-0.7243243243243244,-0.3567567567567568,-0.3081081081081081,-0.518918918918919,-0.3783783783783784,-0.7405405405405405,-0.41621621621621624,-0.8756756756756757,-0.43783783783783786,-1.0,-0.1783783783783784,-0.5351351351351351,-0.23243243243243245,-0.6486486486486487,-0.21621621621621623,-0.4594594594594595,-0.1945945945945946,-0.31891891891891894,-0.043243243243243246,-0.5297297297297298,-0.0918918918918919,-0.6324324324324324,-0.08648648648648649,-0.4486486486486487,-0.07567567567567568,-0.32432432432432434,0.08648648648648649,-0.5027027027027027,0.11351351351351352,-0.6810810810810811,0.11891891891891893,-0.7837837837837838,0.10810810810810811,-0.8918918918918919
6,0.0,0.0,-0.20967741935483872,-0.06451612903225806,-0.42473118279569894,-0.21505376344086022,-0.5806451612903226,-0.3118279569892473,-0.7150537634408602,-0.3655913978494624,-0.3064516129032258,-0.510752688172043,-0.3763440860215054,-0.7311827956989247,-0.41935483870967744,-0.8709677419354839,-0.45161290322580644,-1.0,-0.1774193548387097,-0.5376344086021505,-0.22580645161290322,-0.6397849462365591,-0.21505376344086022,-0.45698924731182794,-0.1989247311827957,-0.3172043010752688,-0.03763440860215054,-0.532258064516129,-0.08602150537634409,-0.6290322580645161,-0.08064516129032258,-0.45698924731182794,-0.06989247311827956,-0.3279569892473118,0.0967741935483871,-0.5053763440860215,0.11290322580645161,-0.6827956989247311,0.11827956989247312,-0.7849462365591398,0.11290322580645161,-0.8924731182795699
6,0.0,0.0,-0.2185792349726776,-0.0546448087431694,-0.43169398907103823,-0.21311475409836064,-0.5901639344262295,-0.3114754098360656,-0.726775956284153,-0.3551912568306011,-0.30601092896174864,-0.5191256830601093,-0.39344262295081966,-0.7377049180327869,-0.4371584699453552,-0.8743169398907104,-0.47540983606557374,-1.0,-0.18032786885245902,-0.5355191256830601,-0.24043715846994534,-0.639344262295082,-0.22404371584699453,-0.44808743169398907,-0.19672131147540983,-0.3114754098360656,-0.04371584699453552,-0.5300546448087432,-0.09289617486338798,-0.6284153005464481,-0.09289617486338798,-0.4426229508196721,-0.08743169398907104,-0.31693989071038253,0.09289617486338798,-0.4972677595628415,0.11475409836065574,-0.6775956284153005,0.12021857923497267,-0.7814207650273224,0.1092896174863388,-0.8961748633879781
6,0.0,0.0,-0.21195652173913043,-0.059782608695652176,-0.42934782608695654,-0.21195652173913043,-0.5869565217391305,-0.30434782608695654,-0.7228260869565217,-0.358695652173913,-0.31521739130434784,-0.5163043478260869,-0.40217391304347827,-0.7391304347826086,-0.45108695652173914,-0.875,-0.4891304347826087,-1.0,-0.18478260869565216,-0.5380434782608695,-0.24456521739130435,-0.6304347826086957,-0.22282608695652173,-0.44021739130434784,-0.1956521739130435,-0.29891304347826086,-0.04891304347826087,-0.5271739130434783,-0.09782608695652174,-0.6195652173913043,-0.09239130434782608,-0.44021739130434784,-0.08152173913043478,-0.31521739130434784,0.08695652173913043,-0.5054347826086957,0.11413043478260869,-0.6902173913043478,0.11956521739130435,-0.7934782608695652,0.11413043478260869,-0.9021739130434783
6,0.0,0.0,-0.21428571428571427,-0.06043956043956044,-0.43956043956043955,-0.21428571428571427,-0.5989010989010989,-0.3131868131868132,-0.7417582417582418,-0.3626373626373626,-0.31868131868131866,-0.5164835164835165,-0.41208791208791207,-0.7362637362637363,-0.4725274725274725,-0.8736263736263736,-0.5164835164835165,-1.0,-0.18681318681318682,-0.5384615384615384,-0.25274725274725274,-0.6428571428571429,-0.23076923076923078,-0.43956043956043955,-0.2032967032967033,-0.3021978021978022,-0.054945054945054944,-0.532967032967033,-0.1043956043956044,-0.6373626373626373,-0.09340659340659341,-0.45054945054945056,-0.08241758241758242,-0.3241758241758242,0.08241758241758242,-0.5054945054945055,0.10989010989010989,-0.6868131868131868,0.11538461538461539,-0.7967032967032966,0.1043956043956044,-0.9120879120879121
6,0.0,0.0,-0.2185792349726776,-0.060109289617486336,-0.43169398907103823,-0.2185792349726776,-0.5901639344262295,-0.31693989071038253,-0.73224043715847,-0.366120218579235,-0.31693989071038253,-0.5136612021857924,-0.4098360655737705,-0.73224043715847,-0.46994535519125685,-0.8743169398907104,-0.5136612021857924,-1.0,-0.1912568306010929,-0.5409836065573771,-0.25136612021857924,-0.639344262295082,-0.22950819672131148,-0.4371584699453552,-0.20765027322404372,-0.3005464480874317,-0.0546448087431694,-0.5300546448087432,-0.1092896174863388,-0.639344262295082,-0.10382513661202186,-0.453551912568306,-0.09289617486338798,-0.32786885245901637,0.08196721311475409,-0.5081967213114754,0.11475409836065574,-0.6939890710382514,0.12021857923497267,-0.7978142076502732,0.11475409836065574,-0.912568306010929
6,0.0,0.0,-0.2222222222222222,-0.06111111111111111,-0.4388888888888889,-0.2111111111111111,-0.6,-0.31666666666666665,-0.7444444444444445,-0.3611111111111111,-0.3277777777777778,-0.5277777777777778,-0.4222222222222222,-0.7444444444444445,-0.48333333333333334,-0.8777777777777778,-0.5277777777777778,-1.0,-0.19444444444444445,-0.5444444444444444,-0.25555555555555554,-0.6444444444444445,-0.23333333333333334,-0.4444444444444444,-0.20555555555555555,-0.3055555555555556,-0.06111111111111111,-0.5333333333333333,-0.10555555555555556,-0.6388888888888888,-0.1,-0.4444444444444444,-0.08888888888888889,-0.3111111111111111,0.07777777777777778,-0.5,0.1111111111111111,-0.6777777777777778,0.12222222222222222,-0.7833333333333333,0.12222222222222222,-0.9055555555555556
6,0.0,0.0,-0.21666666666666667,-0.05555555555555555,-0.4388888888888889,-0.21666666666666667,-0.6055555555555555,-0.32222222222222224,-0.75,-0.36666666666666664,-0.32222222222222224,-0.5166666666666667,-0.4222222222222222,-0.7388888888888889,-0.4888888888888889,-0.8777777777777778,-0.5388888888888889,-1.0,-0.18888888888888888,-0.5444444444444444,-0.25555555555555554,-0.6333333333333333,-0.23333333333333334,-0.43333333333333335,-0.20555555555555555,-0.28888888888888886,-0.05555555555555555,-0.5388888888888889,-0.1111111111111111,-0.6388888888888888,-0.1,-0.45,-0.08333333333333333,-0.32222222222222224,0.08333333333333333,-0.5111111111111111,0.1111111111111111,-0.6944444444444444,0.11666666666666667,-0.8,0.1111111111111111,-0.9166666666666666
6,0.0,0.0,-0.22099447513812154,-0.06077348066298342,-0.4419889502762431,-0.2154696132596685,-0.6077348066298343,-0.3259668508287293,-0.7458563535911602,-0.3756906077348066,-0.3370165745856354,-0.5193370165745856,-0.430939226519337,-0.7348066298342542,-0.49171270718232046,-0.8729281767955801,-0.5359116022099447,-1.0,-0.20441988950276244,-0.5414364640883977,-0.2596685082872928,-0.6464088397790055,-0.23756906077348067,-0.44751381215469616,-0.2154696132596685,-0.30939226519337015,-0.06629834254143646,-0.5303867403314917,-0.11602209944751381,-0.6353591160220995,-0.10497237569060773,-0.4419889502762431,-0.08839779005524862,-0.32044198895027626,0.0718232044198895,-0.5027624309392266,0.09944751381215469,-0.6850828729281768,0.10497237569060773,-0.7900552486187845,0.09944751381215469,-0.9060773480662984
6,0.0,0.0,-0.21195652173913043,-0.06521739130434782,-0.42391304347826086,-0.22282608695652173,-0.5760869565217391,-0.33152173913043476,-0.7119565217391305,-0.3858695652173913,-0.30978260869565216,-0.5163043478260869,-0.3967391304347826,-0.7391304347826086,-0.44565217391304346,-0.8804347826086957,-0.4891304347826087,-1.0,-0.18478260869565216,-0.5380434782608695,-0.2391304347826087,-0.6358695652173914,-0.22282608695652173,-0.44021739130434784,-0.20108695652173914,-0.30434782608695654,-0.04891304347826087,-0.5217391304347826,-0.10326086956521739,-0.6358695652173914,-0.09239130434782608,-0.44565217391304346,-0.08152173913043478,-0.32065217391304346,0.08152173913043478,-0.4945652173913043,0.11413043478260869,-0.6793478260869565,0.11956521739130435,-0.782608695652174,0.11413043478260869,-0.9021739130434783
6,0.0,0.0,-0.21505376344086022,-0.06989247311827956,-0.42473118279569894,-0.23655913978494625,-0.5698924731182796,-0.3548387096774194,-0.6989247311827957,-0.41935483870967744,-0.3118279569892473,-0.5161290322580645,-0.3924731182795699,-0.7365591397849462,-0.44086021505376344,-0.8763440860215054,-0.4838709677419355,-1.0,-0.1881720430107527,-0.5376344086021505,-0.24193548387096775,-0.6290322580645161,-0.22580645161290322,-0.44086021505376344,-0.1989247311827957,-0.3010752688172043,-0.053763440860215055,-0.5268817204301075,-0.10215053763440861,-0.6290322580645161,-0.0967741935483871,-0.45161290322580644,-0.08602150537634409,-0.3225806451612903,0.08064516129032258,-0.5053763440860215,0.10215053763440861,-0.6881720430107527,0.10752688172043011,-0.7956989247311828,0.10215053763440861,-0.9086021505376344
6,0.0,0.0,-0.21195652173913043,-0.06521739130434782,-0.42391304347826086,-0.23369565217391305,-0.5706521739130435,-0.3532608695652174,-0.7119565217391305,-0.41847826086956524,-0.31521739130434784,-0.5163043478260869,-0.4076086956521739,-0.7391304347826086,-0.45652173913043476,-0.875,-0.4945652173913043,-1.0,-0.19021739130434784,-0.5380434782608695,-0.25,-0.6358695652173914,-0.22826086956521738,-0.44565217391304346,-0.20652173913043478,-0.30978260869565216,-0.059782608695652176,-0.532608695652174,-0.10869565217391304,-0.6358695652173914,-0.10326086956521739,-0.45108695652173914,-0.09239130434782608,-0.32608695652173914,0.07065217391304347,-0.5054347826086957,0.09782608695652174,-0.6902173913043478,0.10326086956521739,-0.7934782608695652,0.10869565217391304,-0.9130434782608695
6,0.0,0.0,-0.21195652173913043,-0.06521739130434782,-0.41847826086956524,-0.23369565217391305,-0.5652173913043478,-0.3532608695652174,-0.7010869565217391,-0.41847826086956524,-0.30978260869565216,-0.5163043478260869,-0.391304347826087,-0.7391304347826086,-0.44021739130434784,-0.875,-0.47282608695652173,-1.0,-0.18478260869565216,-0.5380434782608695,-0.24456521739130435,-0.6304347826086957,-0.22826086956521738,-0.44021739130434784,-0.20652173913043478,-0.30434782608695654,-0.05434782608695652,-0.532608695652174,-0.10326086956521739,-0.6304347826086957,-0.10326086956521739,-0.44565217391304346,-0.09239130434782608,-0.32065217391304346,0.08152173913043478,-0.5108695652173914,0.10326086956521739,-0.7010869565217391,0.10869565217391304,-0.8043478260869565,0.10326086956521739,-0.9184782608695652
6,0.0,0.0,-0.20967741935483872,-0.06989247311827956,-0.41397849462365593,-0.23118279569892472,-0.5645161290322581,-0.34946236559139787,-0.6989247311827957,-0.41935483870967744,-0.3118279569892473,-0.5161290322580645,-0.3924731182795699,-0.7311827956989247,-0.43548387096774194,-0.8709677419354839,-0.46236559139784944,-1.0,-0.1827956989247312,-0.5376344086021505,-0.23655913978494625,-0.6290322580645161,-0.22043010752688172,-0.44086021505376344,-0.1989247311827957,-0.3064516129032258,-0.04838709677419355,-0.5268817204301075,-0.0913978494623656,-0.6182795698924731,-0.0913978494623656,-0.44086021505376344,-0.08602150537634409,-0.3172043010752688,0.0913978494623656,-0.5053763440860215,0.10752688172043011,-0.6881720430107527,0.11827956989247312,-0.7956989247311828,0.11290322580645161,-0.9032258064516129
6,0.0,0.0,-0.20967741935483872,-0.06989247311827956,-0.41397849462365593,-0.23118279569892472,-0.5591397849462365,-0.3602150537634409,-0.6881720430107527,-0.42473118279569894,-0.3064516129032258,-0.5161290322580645,-0.3817204301075269,-0.7365591397849462,-0.42473118279569894,-0.8709677419354839,-0.45698924731182794,-1.0,-0.1774193548387097,-0.532258064516129,-0.22580645161290322,-0.6397849462365591,-0.21505376344086022,-0.44086021505376344,-0.1935483870967742,-0.3010752688172043,-0.043010752688172046,-0.521505376344086,-0.08602150537634409,-0.6290322580645161,-0.08064516129032258,-0.44623655913978494,-0.07526881720430108,-0.3172043010752688,0.0967741935483871,-0.489247311827957,0.11827956989247312,-0.6774193548387096,0.12365591397849462,-0.7795698924731183,0.11290322580645161,-0.8978494623655914
6,0.0,0.0,-0.20967741935483872,-0.06989247311827956,-0.40860215053763443,-0.23655913978494625,-0.5483870967741935,-0.3602150537634409,-0.6827956989247311,-0.43010752688172044,-0.3010752688172043,-0.5161290322580645,-0.3709677419354839,-0.7365591397849462,-0.41397849462365593,-0.8709677419354839,-0.44086021505376344,-1.0,-0.17204301075268819,-0.5376344086021505,-0.20967741935483872,-0.6344086021505376,-0.20430107526881722,-0.44086021505376344,-0.1881720430107527,-0.3064516129032258,-0.03763440860215054,-0.521505376344086,-0.06451612903225806,-0.6129032258064516,-0.06989247311827956,-0.43010752688172044,-0.06989247311827956,-0.3064516129032258,0.0967741935483871,-0.4838709677419355,0.12903225806451613,-0.6666666666666666,0.14516129032258066,-0.7795698924731183,0.15053763440860216,-0.8924731182795699
6,0.0,0.0,-0.19895287958115182,-0.06282722513089005,-0.387434554973822,-0.24083769633507854,-0.518324607329843,-0.3769633507853403,-0.643979057591623,-0.45549738219895286,-0.28272251308900526,-0.5026178010471204,-0.34554973821989526,-0.7277486910994765,-0.3769633507853403,-0.8691099476439791,-0.39790575916230364,-1.0,-0.15706806282722513,-0.518324607329843,-0.193717277486911,-0.612565445026178,-0.18848167539267016,-0.42408376963350786,-0.16753926701570682,-0.2879581151832461,-0.02617801047120419,-0.5026178010471204,-0.05235602094240838,-0.5916230366492147,-0.05759162303664921,-0.4083769633507853,-0.05759162303664921,-0.28272251308900526,0.09947643979057591,-0.46596858638743455,0.13089005235602094,-0.6387434554973822,0.14659685863874344,-0.743455497382199,0.14659685863874344,-0.8586387434554974
6,0.0,0.0,-0.193717277486911,-0.06806282722513089,-0.387434554973822,-0.24083769633507854,-0.518324607329843,-0.3717277486910995,-0.6492146596858639,-0.450261780104712,-0.2879581151832461,-0.5130890052356021,-0.3507853403141361,-0.7329842931937173,-0.387434554973822,-0.8691099476439791,-0.4083769633507853,-1.0,-0.16230366492146597,-0.5235602094240838,-0.19895287958115182,-0.6230366492146597,-0.18848167539267016,-0.4293193717277487,-0.17277486910994763,-0.2931937172774869,-0.031413612565445025,-0.5078534031413613,-0.05235602094240838,-0.5968586387434555,-0.05759162303664921,-0.41361256544502617,-0.06282722513089005,-0.2931937172774869,0.09947643979057591,-0.46596858638743455,0.13089005235602094,-0.6387434554973822,0.14136125654450263,-0.7382198952879581,0.14136125654450263,-0.8534031413612565
6,0.0,0.0,-0.19895287958115182,-0.07329842931937172,-0.387434554973822,-0.25654450261780104,-0.518324607329843,-0.39267015706806285,-0.6492146596858639,-0.4712041884816754,-0.2931937172774869,-0.5078534031413613,-0.3507853403141361,-0.7329842931937173,-0.387434554973822,-0.8691099476439791,-0.4031413612565445,-1.0,-0.16230366492146597,-0.518324607329843,-0.19895287958115182,-0.6178010471204188,-0.18848167539267016,-0.4293193717277487,-0.16753926701570682,-0.2931937172774869,-0.031413612565445025,-0.5026178010471204,-0.05235602094240838,-0.5916230366492147,-0.05759162303664921,-0.41361256544502617,-0.06282722513089005,-0.2931937172774869,0.09947643979057591,-0.46596858638743455,0.13612565445026178,-0.6387434554973822,0.1518324607329843,-0.7382198952879581,0.15706806282722513,-0.8429319371727748
6,0.0,0.0,-0.19689119170984457,-0.07772020725388601,-0.37823834196891193,-0.25906735751295334,-0.5025906735751295,-0.39896373056994816,-0.6321243523316062,-0.46632124352331605,-0.2694300518134715,-0.5025906735751295,-0.3316062176165803,-0.7305699481865285,-0.3626943005181347,-0.8704663212435233,-0.38860103626943004,-1.0,-0.14507772020725387,-0.5181347150259067,-0.18134715025906736,-0.6010362694300518,-0.17098445595854922,-0.41968911917098445,-0.15025906735751296,-0.29015544041450775,-0.02072538860103627,-0.5025906735751295,-0.046632124352331605,-0.5854922279792746,-0.05699481865284974,-0.40932642487046633,-0.05699481865284974,-0.29015544041450775,0.10362694300518134,-0.46632124352331605,0.13989637305699482,-0.6321243523316062,0.16062176165803108,-0.7305699481865285,0.17098445595854922,-0.8393782383419689
6,0.0,0.0,-0.193717277486911,-0.07853403141361257,-0.38219895287958117,-0.25654450261780104,-0.5078534031413613,-0.39267015706806285,-0.6387434554973822,-0.4712041884816754,-0.2774869109947644,-0.5026178010471204,-0.3403141361256545,-0.7277486910994765,-0.3717277486910995,-0.8691099476439791,-0.39267015706806285,-1.0,-0.14659685863874344,-0.518324607329843,-0.17801047120418848,-0.6073298429319371,-0.16753926701570682,-0.4293193717277487,-0.1518324607329843,-0.2879581151832461,-0.015706806282722512,-0.5026178010471204,-0.03664921465968586,-0.581151832460733,-0.041884816753926704,-0.4083769633507853,-0.04712041884816754,-0.28272251308900526,0.1099476439790576,-0.46596858638743455,0.14136125654450263,-0.6335078534031413,0.16230366492146597,-0.7277486910994765,0.17277486910994763,-0.837696335078534
6,0.0,0.0,-0.19895287958115182,-0.07329842931937172,-0.387434554973822,-0.25654450261780104,-0.518324607329843,-0.39267015706806285,-0.6492146596858639,-0.46596858638743455,-0.2774869109947644,-0.5026178010471204,-0.3403141361256545,-0.7277486910994765,-0.3717277486910995,-0.8691099476439791,-0.39790575916230364,-1.0,-0.1518324607329843,-0.518324607329843,-0.18848167539267016,-0.5968586387434555,-0.17801047120418848,-0.41361256544502617,-0.15706806282722513,-0.28272251308900526,-0.02617801047120419,-0.5026178010471204,-0.04712041884816754,-0.5863874345549738,-0.05235602094240838,-0.41361256544502617,-0.05759162303664921,-0.2931937172774869,0.10471204188481675,-0.46596858638743455,0.13612565445026178,-0.6335078534031413,0.1518324607329843,-0.7277486910994765,0.16230366492146597,-0.837696335078534
6,0.0,0.0,-0.19895287958115182,-0.06806282722513089,-0.387434554973822,-0.2513089005235602,-0.518324607329843,-0.387434554973822,-0.6492146596858639,-0.4607329842931937,-0.2774869109947644,-0.5026178010471204,-0.33507853403141363,-0.7277486910994765,-0.3717277486910995,-0.8691099476439791,-0.39790575916230364,-1.0,-0.1518324607329843,-0.5130890052356021,-0.18848167539267016,-0.6020942408376964,-0.18324607329842932,-0.42408376963350786,-0.15706806282722513,-0.2931937172774869,-0.02617801047120419,-0.4973821989528796,-0.04712041884816754,-0.5759162303664922,-0.06282722513089005,-0.39790575916230364,-0.06282722513089005,-0.28272251308900526,0.09947643979057591,-0.46596858638743455,0.13089005235602094,-0.6230366492146597,0.1518324607329843,-0.7120418848167539,0.15706806282722513,-0.8219895287958116
6,0.0,0.0,-0.2,-0.06842105263157895,-0.3894736842105263,-0.25263157894736843,-0.5210526315789473,-0.3894736842105263,-0.6473684210526316,-0.45789473684210524,-0.2736842105263158,-0.5157894736842106,-0.33157894736842103,-0.7368421052631579,-0.3684210526315789,-0.8736842105263158,-0.39473684210526316,-1.0,-0.14736842105263157,-0.5210526315789473,-0.18421052631578946,-0.6157894736842106,-0.17894736842105263,-0.43157894736842106,-0.15789473684210525,-0.3,-0.015789473684210527,-0.5,-0.04736842105263158,-0.5789473684210527,-0.05789473684210526,-0.4,-0.06315789473684211,-0.2894736842105263,0.11052631578947368,-0.46842105263157896,0.14210526315789473,-0.631578947368421,0.15789473684210525,-0.7210526315789474,0.16842105263157894,-0.8315789473684211
6,0.0,0.0,-0.20418848167539266,-0.06806282722513089,-0.39267015706806285,-0.2513089005235602,-0.518324607329843,-0.39267015706806285,-0.6492146596858639,-0.4607329842931937,-0.2774869109947644,-0.4973821989528796,-0.3403141361256545,-0.7225130890052356,-0.3717277486910995,-0.8691099476439791,-0.39790575916230364,-1.0,-0.15706806282722513,-0.5078534031413613,-0.193717277486911,-0.6073298429319371,-0.18324607329842932,-0.4293193717277487,-0.16230366492146597,-0.29842931937172773,-0.02617801047120419,-0.4973821989528796,-0.05759162303664921,-0.581151832460733,-0.06282722513089005,-0.4031413612565445,-0.06806282722513089,-0.2879581151832461,0.09947643979057591,-0.46596858638743455,0.13089005235602094,-0.6335078534031413,0.14659685863874344,-0.7225130890052356,0.1518324607329843,-0.8219895287958116
6,0.0,0.0,-0.19895287958115182,-0.07329842931937172,-0.387434554973822,-0.2617801047120419,-0.5130890052356021,-0.39790575916230364,-0.643979057591623,-0.46596858638743455,-0.27225130890052357,-0.4973821989528796,-0.3298429319371728,-0.7329842931937173,-0.3717277486910995,-0.8743455497382199,-0.39790575916230364,-1.0,-0.1518324607329843,-0.5078534031413613,-0.18848167539267016,-0.5968586387434555,-0.17277486910994763,-0.418848167539267,-0.14659685863874344,-0.2931937172774869,-0.020942408376963352,-0.49214659685863876,-0.04712041884816754,-0.5759162303664922,-0.05759162303664921,-0.39790575916230364,-0.05235602094240838,-0.28272251308900526,0.10471204188481675,-0.46596858638743455,0.13612565445026178,-0.6335078534031413,0.1518324607329843,-0.7172774869109948,0.15706806282722513,-0.8219895287958116
6,0.0,0.0,-0.20418848167539266,-0.06806282722513089,-0.39267015706806285,-0.25654450261780104,-0.5287958115183246,-0.39267015706806285,-0.6596858638743456,-0.4607329842931937,-0.28272251308900526,-0.4973821989528796,-0.34554973821989526,-0.7277486910994765,-0.38219895287958117,-0.8691099476439791,-0.4083769633507853,-1.0,-0.15706806282722513,-0.5130890052356021,-0.20418848167539266,-0.581151832460733,-0.193717277486911,-0.39790575916230364,-0.16753926701570682,-0.2774869109947644,-0.031413612565445025,-0.49214659685863876,-0.06282722513089005,-0.5602094240837696,-0.07329842931937172,-0.38219895287958117,-0.07329842931937172,-0.2670157068062827,0.09947643979057591,-0.4607329842931937,0.1256544502617801,-0.6335078534031413,0.14136125654450263,-0.7172774869109948,0.14659685863874344,-0.8219895287958116
6,0.0,0.0,-0.19895287958115182,-0.07329842931937172,-0.387434554973822,-0.25654450261780104,-0.5235602094240838,-0.387434554973822,-0.6544502617801047,-0.45549738219895286,-0.28272251308900526,-0.49214659685863876,-0.3403141361256545,-0.7277486910994765,-0.38219895287958117,-0.8691099476439791,-0.41361256544502617,-1.0,-0.15706806282722513,-0.5078534031413613,-0.19895287958115182,-0.5759162303664922,-0.18324607329842932,-0.4031413612565445,-0.1518324607329843,-0.28272251308900526,-0.02617801047120419,-0.49214659685863876,-0.05759162303664921,-0.5549738219895288,-0.06282722513089005,-0.38219895287958117,-0.06282722513089005,-0.27225130890052357,0.10471204188481675,-0.46596858638743455,0.13089005235602094,-0.6282722513089005,0.14659685863874344,-0.7068062827225131,0.1518324607329843,-0.806282722513089
6,0.0,0.0,-0.20634920634920634,-0.06878306878306878,-0.4021164021164021,-0.24338624338624337,-0.544973544973545,-0.37566137566137564,-0.6825396825396826,-0.4497354497354497,-0.30687830687830686,-0.48148148148148145,-0.36507936507936506,-0.7248677248677249,-0.4021164021164021,-0.8677248677248677,-0.42857142857142855,-1.0,-0.17989417989417988,-0.49206349206349204,-0.21693121693121692,-0.5767195767195767,-0.20105820105820105,-0.3968253968253968,-0.1693121693121693,-0.2698412698412698,-0.047619047619047616,-0.48148148148148145,-0.07407407407407407,-0.5555555555555556,-0.07407407407407407,-0.38095238095238093,-0.07407407407407407,-0.26455026455026454,0.08465608465608465,-0.455026455026455,0.1164021164021164,-0.6137566137566137,0.13756613756613756,-0.6984126984126984,0.13756613756613756,-0.798941798941799
6,0.0,0.0,-0.20526315789473684,-0.07368421052631578,-0.4,-0.24736842105263157,-0.5368421052631579,-0.37894736842105264,-0.6736842105263158,-0.45263157894736844,-0.3,-0.48947368421052634,-0.35789473684210527,-0.7263157894736842,-0.39473684210526316,-0.868421052631579,-0.4263157894736842,-1.0,-0.1736842105263158,-0.5,-0.21052631578947367,-0.5789473684210527,-0.19473684210526315,-0.4052631578947368,-0.16842105263157894,-0.2789473684210526,-0.042105263157894736,-0.4842105263157895,-0.06315789473684211,-0.5526315789473685,-0.06842105263157895,-0.37894736842105264,-0.06842105263157895,-0.2631578947368421,0.08421052631578947,-0.4473684210526316,0.12105263157894737,-0.6052631578947368,0.14210526315789473,-0.6947368421052632,0.14736842105263157,-0.8
6,0.0,0.0,-0.2074468085106383,-0.06914893617021277,-0.40425531914893614,-0.2553191489361702,-0.5425531914893617,-0.3829787234042553,-0.6808510638297872,-0.44680851063829785,-0.2978723404255319,-0.48936170212765956,-0.3670212765957447,-0.723404255319149,-0.4095744680851064,-0.8670212765957447,-0.44148936170212766,-1.0,-0.17553191489361702,-0.5,-0.22340425531914893,-0.5851063829787234,-0.20212765957446807,-0.40425531914893614,-0.1702127659574468,-0.28191489361702127,-0.047872340425531915,-0.48404255319148937,-0.07446808510638298,-0.5585106382978723,-0.07446808510638298,-0.3776595744680851,-0.07446808510638298,-0.26595744680851063,0.0797872340425532,-0.44680851063829785,0.10638297872340426,-0.6063829787234043,0.1276595744680851,-0.6968085106382979,0.13297872340425532,-0.8031914893617021
6,0.0,0.0,-0.19786096256684493,-0.06951871657754011,-0.39572192513368987,-0.25133689839572193,-0.5347593582887701,-0.37967914438502676,-0.6684491978609626,-0.44919786096256686,-0.2887700534759358,-0.5026737967914439,-0.3582887700534759,-0.732620320855615,-0.40106951871657753,-0.8716577540106952,-0.43315508021390375,-1.0,-0.1657754010695187,-0.5133689839572193,-0.21390374331550802,-0.5882352941176471,-0.20320855614973263,-0.4117647058823529,-0.1711229946524064,-0.2887700534759358,-0.0374331550802139,-0.49732620320855614,-0.06951871657754011,-0.5508021390374331,-0.0748663101604278,-0.37433155080213903,-0.08021390374331551,-0.2620320855614973,0.0855614973262032,-0.45989304812834225,0.12299465240641712,-0.6149732620320856,0.13903743315508021,-0.7058823529411765,0.1443850267379679,-0.8128342245989305
6,0.0,0.0,-0.21081081081081082,-0.07027027027027027,-0.41081081081081083,-0.25405405405405407,-0.5567567567567567,-0.3837837837837838,-0.6918918918918919,-0.4486486486486487,-0.3027027027027027,-0.5027027027027027,-0.3783783783783784,-0.7351351351351352,-0.42702702702702705,-0.8702702702702703,-0.4648648648648649,-1.0,-0.1783783783783784,-0.518918918918919,-0.22702702702702704,-0.6,-0.21081081081081082,-0.41081081081081083,-0.1837837837837838,-0.2810810810810811,-0.04864864864864865,-0.5027027027027027,-0.07567567567567568,-0.5675675675675675,-0.08108108108108109,-0.3837837837837838,-0.08108108108108109,-0.2702702702702703,0.08108108108108109,-0.4648648648648649,0.11351351351351352,-0.6270270270270271,0.12972972972972974,-0.7189189189189189,0.12972972972972974,-0.827027027027027
6,0.0,0.0,-0.20652173913043478,-0.07608695652173914,-0.41847826086956524,-0.2608695652173913,-0.5652173913043478,-0.3967391304347826,-0.7065217391304348,-0.45652173913043476,-0.30978260869565216,-0.5054347826086957,-0.3858695652173913,-0.7336956521739131,-0.43478260869565216,-0.8695652173913043,-0.47282608695652173,-1.0,-0.18478260869565216,-0.5217391304347826,-0.23369565217391305,-0.6141304347826086,-0.21739130434782608,-0.42934782608695654,-0.19021739130434784,-0.29347826086956524,-0.05434782608695652,-0.5054347826086957,-0.08695652173913043,-0.5760869565217391,-0.08695652173913043,-0.3967391304347826,-0.09239130434782608,-0.27717391304347827,0.07065217391304347,-0.47282608695652173,0.10326086956521739,-0.6358695652173914,0.11956521739130435,-0.7336956521739131,0.11956521739130435,-0.8478260869565217
6,0.0,0.0,-0.21666666666666667,-0.06111111111111111,-0.4388888888888889,-0.25,-0.5833333333333334,-0.3888888888888889,-0.7277777777777777,-0.45,-0.3333333333333333,-0.49444444444444446,-0.4222222222222222,-0.7277777777777777,-0.4777777777777778,-0.8611111111111112,-0.5166666666666667,-1.0,-0.20555555555555555,-0.5166666666666667,-0.25,-0.6222222222222222,-0.22777777777777777,-0.43333333333333335,-0.2,-0.3,-0.07222222222222222,-0.5,-0.10555555555555556,-0.5944444444444444,-0.10555555555555556,-0.40555555555555556,-0.1,-0.2777777777777778,0.06111111111111111,-0.4666666666666667,0.08333333333333333,-0.6388888888888888,0.1,-0.7444444444444445,0.1,-0.8666666666666667
6,0.0,0.0,-0.21468926553672316,-0.06779661016949153,-0.4350282485875706,-0.24858757062146894,-0.5875706214689266,-0.3785310734463277,-0.7288135593220338,-0.4406779661016949,-0.3333333333333333,-0.4971751412429379,-0.4293785310734463,-0.7231638418079096,-0.4915254237288136,-0.864406779661017,-0.5310734463276836,-1.0,-0.2033898305084746,-0.519774011299435,-0.24858757062146894,-0.6271186440677966,-0.22598870056497175,-0.4293785310734463,-0.1977401129943503,-0.2937853107344633,-0.06779661016949153,-0.5084745762711864,-0.096045197740113,-0.6045197740112994,-0.096045197740113,-0.423728813559322,-0.0903954802259887,-0.2994350282485876,0.07344632768361582,-0.480225988700565,0.096045197740113,-0.6610169491525424,0.10734463276836158,-0.7627118644067796,0.11299435028248588,-0.8813559322033898
6,0.0,0.0,-0.22033898305084745,-0.062146892655367235,-0.4406779661016949,-0.24858757062146894,-0.5932203389830508,-0.3785310734463277,-0.7344632768361582,-0.4406779661016949,-0.3389830508474576,-0.4971751412429379,-0.4350282485875706,-0.7231638418079096,-0.4971751412429379,-0.864406779661017,-0.5423728813559322,-1.0,-0.20903954802259886,-0.519774011299435,-0.2542372881355932,-0.6214689265536724,-0.23163841807909605,-0.4293785310734463,-0.2033898305084746,-0.2937853107344633,-0.06779661016949153,-0.5084745762711864,-0.1016949152542373,-0.5988700564971752,-0.096045197740113,-0.4180790960451977,-0.096045197740113,-0.2994350282485876,0.06779661016949153,-0.480225988700565,0.096045197740113,-0.6610169491525424,0.10734463276836158,-0.7627118644067796,0.10734463276836158,-0.8813559322033898
6,0.0,0.0,-0.21468926553672316,-0.062146892655367235,-0.4350282485875706,-0.23728813559322035,-0.5875706214689266,-0.3615819209039548,-0.7288135593220338,-0.423728813559322,-0.3333333333333333,-0.5028248587570622,-0.4293785310734463,-0.7288135593220338,-0.4915254237288136,-0.8700564971751412,-0.536723163841808,-1.0,-0.2033898305084746,-0.5254237288135594,-0.2542372881355932,-0.6214689265536724,-0.23163841807909605,-0.423728813559322,-0.2033898305084746,-0.288135593220339,-0.06779661016949153,-0.5141242937853108,-0.1016949152542373,-0.5988700564971752,-0.1016949152542373,-0.4124293785310734,-0.0903954802259887,-0.2937853107344633,0.06779661016949153,-0.480225988700565,0.0903954802259887,-0.6610169491525424,0.10734463276836158,-0.768361581920904,0.11299435028248588,-0.8870056497175142
6,0.0,0.0,-0.21468926553672316,-0.05649717514124294,-0.4350282485875706,-0.23163841807909605,-0.5932203389830508,-0.3446327683615819,-0.7344632768361582,-0.4011299435028249,-0.3333333333333333,-0.5141242937853108,-0.4293785310734463,-0.7344632768361582,-0.4971751412429379,-0.8700564971751412,-0.5423728813559322,-1.0,-0.1977401129943503,-0.5310734463276836,-0.23728813559322035,-0.6384180790960452,-0.23163841807909605,-0.4406779661016949,-0.20903954802259886,-0.2994350282485876,-0.062146892655367235,-0.5141242937853108,-0.0847457627118644,-0.5932203389830508,-0.0903954802259887,-0.4011299435028249,-0.0903954802259887,-0.2824858757062147,0.07909604519774012,-0.480225988700565,0.1016949152542373,-0.6610169491525424,0.11299435028248588,-0.768361581920904,0.11864406779661017,-0.8870056497175142
6,0.0,0.0,-0.21787709497206703,-0.061452513966480445,-0.43575418994413406,-0.2346368715083799,-0.5921787709497207,-0.35195530726256985,-0.7318435754189944,-0.4022346368715084,-0.33519553072625696,-0.5083798882681564,-0.4301675977653631,-0.7318435754189944,-0.5027932960893855,-0.8659217877094972,-0.547486033519553,-1.0,-0.2011173184357542,-0.5251396648044693,-0.24581005586592178,-0.6368715083798883,-0.22905027932960895,-0.441340782122905,-0.20670391061452514,-0.3016759776536313,-0.0670391061452514,-0.5139664804469274,-0.09497206703910614,-0.6089385474860335,-0.09497206703910614,-0.4245810055865922,-0.0893854748603352,-0.3016759776536313,0.0670391061452514,-0.48044692737430167,0.0893854748603352,-0.664804469273743,0.1005586592178771,-0.770949720670391,0.1005586592178771,-0.888268156424581
6,0.0,0.0,-0.21910112359550563,-0.05056179775280899,-0.4438202247191011,-0.21910112359550563,-0.601123595505618,-0.3202247191011236,-0.7528089887640449,-0.3707865168539326,-0.33707865168539325,-0.5056179775280899,-0.4438202247191011,-0.7303370786516854,-0.5056179775280899,-0.8707865168539326,-0.550561797752809,-1.0,-0.20224719101123595,-0.5224719101123596,-0.24719101123595505,-0.6404494382022472,-0.23595505617977527,-0.43820224719101125,-0.21348314606741572,-0.29213483146067415,-0.06741573033707865,-0.5056179775280899,-0.09550561797752809,-0.6067415730337079,-0.10112359550561797,-0.4101123595505618,-0.09550561797752809,-0.29213483146067415,0.07303370786516854,-0.47191011235955055,0.09550561797752809,-0.651685393258427,0.10112359550561797,-0.7584269662921348,0.10112359550561797,-0.8820224719101124
6,0.0,0.0,-0.21787709497206703,-0.05027932960893855,-0.441340782122905,-0.21787709497206703,-0.6033519553072626,-0.3240223463687151,-0.7430167597765364,-0.3687150837988827,-0.33519553072625696,-0.5027932960893855,-0.43575418994413406,-0.7262569832402235,-0.5027932960893855,-0.8659217877094972,-0.553072625698324,-1.0,-0.20670391061452514,-0.5251396648044693,-0.24581005586592178,-0.6480446927374302,-0.24022346368715083,-0.45251396648044695,-0.21787709497206703,-0.30726256983240224,-0.0670391061452514,-0.5139664804469274,-0.1005586592178771,-0.6145251396648045,-0.1005586592178771,-0.41899441340782123,-0.0893854748603352,-0.29608938547486036,0.0670391061452514,-0.4748603351955307,0.0893854748603352,-0.659217877094972,0.09497206703910614,-0.7653631284916201,0.09497206703910614,-0.888268156424581
6,0.0,0.0,-0.21348314606741572,-0.05056179775280899,-0.43820224719101125,-0.21910112359550563,-0.601123595505618,-0.3258426966292135,-0.7415730337078652,-0.37640449438202245,-0.33146067415730335,-0.5056179775280899,-0.43820224719101125,-0.7303370786516854,-0.5056179775280899,-0.8707865168539326,-0.550561797752809,-1.0,-0.20224719101123595,-0.5280898876404494,-0.24157303370786518,-0.6460674157303371,-0.2303370786516854,-0.449438202247191,-0.20786516853932585,-0.30337078651685395,-0.06179775280898876,-0.5168539325842697,-0.09550561797752809,-0.6123595505617978,-0.09550561797752809,-0.42134831460674155,-0.08426966292134831,-0.29775280898876405,0.07303370786516854,-0.48314606741573035,0.09550561797752809,-0.6629213483146067,0.10112359550561797,-0.7696629213483146,0.10112359550561797,-0.8876404494382022
6,0.0,0.0,-0.22598870056497175,-0.05084745762711865,-0.4463276836158192,-0.21468926553672316,-0.6045197740112994,-0.3220338983050847,-0.751412429378531,-0.3785310734463277,-0.3389830508474576,-0.5028248587570622,-0.4463276836158192,-0.7288135593220338,-0.519774011299435,-0.8700564971751412,-0.5649717514124294,-1.0,-0.20903954802259886,-0.5254237288135594,-0.2598870056497175,-0.632768361581921,-0.24858757062146894,-0.4350282485875706,-0.22033898305084745,-0.2937853107344633,-0.06779661016949153,-0.5141242937853108,-0.10734463276836158,-0.6045197740112994,-0.10734463276836158,-0.4124293785310734,-0.096045197740113,-0.2937853107344633,0.06779661016949153,-0.480225988700565,0.0903954802259887,-0.6666666666666666,0.096045197740113,-0.768361581920904,0.096045197740113,-0.8926553672316384
6,0.0,0.0,-0.21348314606741572,-0.056179775280898875,-0.43820224719101125,-0.2247191011235955,-0.601123595505618,-0.33146067415730335,-0.7471910112359551,-0.38202247191011235,-0.34269662921348315,-0.5056179775280899,-0.43820224719101125,-0.7247191011235955,-0.5056179775280899,-0.8651685393258427,-0.5449438202247191,-1.0,-0.20786516853932585,-0.5280898876404494,-0.24719101123595505,-0.6404494382022472,-0.23595505617977527,-0.449438202247191,-0.21348314606741572,-0.30337078651685395,-0.06741573033707865,-0.5168539325842697,-0.09550561797752809,-0.6067415730337079,-0.09550561797752809,-0.4157303370786517,-0.0898876404494382,-0.29213483146067415,0.07303370786516854,-0.48314606741573035,0.0898876404494382,-0.6629213483146067,0.10112359550561797,-0.7696629213483146,0.10674157303370786,-0.8876404494382022
6,0.0,0.0,-0.21787709497206703,-0.05027932960893855,-0.4301675977653631,-0.21787709497206703,-0.5921787709497207,-0.3240223463687151,-0.7318435754189944,-0.37988826815642457,-0.3240223463687151,-0.5083798882681564,-0.4245810055865922,-0.7262569832402235,-0.49162011173184356,-0.8659217877094972,-0.5363128491620112,-1.0,-0.19553072625698323,-0.5251396648044693,-0.24581005586592178,-0.6256983240223464,-0.2346368715083799,-0.4245810055865922,-0.20670391061452514,-0.2905027932960894,-0.061452513966480445,-0.5083798882681564,-0.09497206703910614,-0.5977653631284916,-0.1005586592178771,-0.40782122905027934,-0.0893854748603352,-0.2849162011173184,0.07262569832402235,-0.4748603351955307,0.09497206703910614,-0.6536312849162011,0.1005586592178771,-0.7597765363128491,0.1005586592178771,-0.88268156424581
6,0.0,0.0,-0.2122905027932961,-0.061452513966480445,-0.41899441340782123,-0.24022346368715083,-0.5698324022346368,-0.3743016759776536,-0.7039106145251397,-0.441340782122905,-0.31843575418994413,-0.5083798882681564,-0.41899441340782123,-0.7318435754189944,-0.48044692737430167,-0.8715083798882681,-0.5307262569832403,-1.0,-0.18435754189944134,-0.5251396648044693,-0.24022346368715083,-0.6201117318435754,-0.22346368715083798,-0.4245810055865922,-0.2011173184357542,-0.27932960893854747,-0.05027932960893855,-0.5083798882681564,-0.0893854748603352,-0.5977653631284916,-0.08379888268156424,-0.40782122905027934,-0.0782122905027933,-0.2849162011173184,0.08379888268156424,-0.4748603351955307,0.10614525139664804,-0.6536312849162011,0.11173184357541899,-0.7597765363128491,0.11173184357541899,-0.88268156424581
6,0.0,0.0,-0.20441988950276244,-0.06077348066298342,-0.4143646408839779,-0.24861878453038674,-0.5524861878453039,-0.3867403314917127,-0.6906077348066298,-0.46408839779005523,-0.32044198895027626,-0.5082872928176796,-0.4198895027624309,-0.7292817679558011,-0.48066298342541436,-0.8729281767955801,-0.5248618784530387,-1.0,-0.19337016574585636,-0.5248618784530387,-0.24861878453038674,-0.6243093922651933,-0.23204419889502761,-0.425414364640884,-0.19889502762430938,-0.281767955801105,-0.06077348066298342,-0.5138121546961326,-0.10497237569060773,-0.5966850828729282,-0.09944751381215469,-0.4088397790055249,-0.08287292817679558,-0.281767955801105,0.07734806629834254,-0.48066298342541436,0.09392265193370165,-0.6574585635359116,0.09944751381215469,-0.7679558011049724,0.10497237569060773,-0.8839779005524862
6,0.0,0.0,-0.20218579234972678,-0.06557377049180328,-0.4098360655737705,-0.25136612021857924,-0.546448087431694,-0.39344262295081966,-0.6830601092896175,-0.4644808743169399,-0.31693989071038253,-0.5027322404371585,-0.41530054644808745,-0.726775956284153,-0.47540983606557374,-0.8688524590163934,-0.5191256830601093,-1.0,-0.1912568306010929,-0.5191256830601093,-0.24043715846994534,-0.6229508196721312,-0.22404371584699453,-0.4262295081967213,-0.19672131147540983,-0.2896174863387978,-0.06557377049180328,-0.5081967213114754,-0.09836065573770492,-0.6010928961748634,-0.09289617486338798,-0.41530054644808745,-0.08196721311475409,-0.2896174863387978,0.07103825136612021,-0.47540983606557374,0.09289617486338798,-0.6502732240437158,0.10382513661202186,-0.7595628415300546,0.10382513661202186,-0.8743169398907104
6,0.0,0.0,-0.21666666666666667,-0.06666666666666667,-0.4166666666666667,-0.25555555555555554,-0.55,-0.40555555555555556,-0.6777777777777778,-0.49444444444444446,-0.3333333333333333,-0.49444444444444446,-0.43333333333333335,-0.7222222222222222,-0.4888888888888889,-0.8666666666666667,-0.5333333333333333,-1.0,-0.20555555555555555,-0.5166666666666667,-0.25555555555555554,-0.6111111111111112,-0.23333333333333334,-0.42777777777777776,-0.20555555555555555,-0.29444444444444445,-0.07222222222222222,-0.5055555555555555,-0.10555555555555556,-0.6055555555555555,-0.10555555555555556,-0.4166666666666667,-0.09444444444444444,-0.2833333333333333,0.06666666666666667,-0.4777777777777778,0.08888888888888889,-0.6611111111111111,0.09444444444444444,-0.7666666666666667,0.09444444444444444,-0.8833333333333333
6,0.0,0.0,-0.20994475138121546,-0.06629834254143646,-0.40331491712707185,-0.24861878453038674,-0.5359116022099447,-0.40331491712707185,-0.6629834254143646,-0.4972375690607735,-0.3314917127071823,-0.5027624309392266,-0.425414364640884,-0.7292817679558011,-0.48066298342541436,-0.8674033149171271,-0.5193370165745856,-1.0,-0.19889502762430938,-0.5248618784530387,-0.2430939226519337,-0.6187845303867403,-0.2265193370165746,-0.43646408839779005,-0.19337016574585636,-0.30386740331491713,-0.06629834254143646,-0.5082872928176796,-0.10497237569060773,-0.6077348066298343,-0.10497237569060773,-0.4198895027624309,-0.09392265193370165,-0.292817679558011,0.06629834254143646,-0.48066298342541436,0.09392265193370165,-0.6574585635359116,0.09944751381215469,-0.7679558011049724,0.09944751381215469,-0.8839779005524862
6,0.0,0.0,-0.20555555555555555,-0.06666666666666667,-0.40555555555555556,-0.25555555555555554,-0.5277777777777778,-0.4111111111111111,-0.6555555555555556,-0.5111111111111111,-0.31666666666666665,-0.5055555555555555,-0.4222222222222222,-0.7277777777777777,-0.48333333333333334,-0.8666666666666667,-0.5277777777777778,-1.0,-0.18888888888888888,-0.5222222222222223,-0.23333333333333334,-0.6277777777777778,-0.2222222222222222,-0.43333333333333335,-0.19444444444444445,-0.29444444444444445,-0.05555555555555555,-0.5055555555555555,-0.09444444444444444,-0.6,-0.1,-0.4166666666666667,-0.08888888888888889,-0.28888888888888886,0.07222222222222222,-0.4722222222222222,0.1,-0.6555555555555556,0.10555555555555556,-0.7666666666666667,0.1111111111111111,-0.8888888888888888
6,0.0,0.0,-0.2111111111111111,-0.06666666666666667,-0.4111111111111111,-0.25,-0.5333333333333333,-0.4,-0.6555555555555556,-0.5055555555555555,-0.32222222222222224,-0.5111111111111111,-0.4166666666666667,-0.7388888888888889,-0.4722222222222222,-0.8722222222222222,-0.5111111111111111,-1.0,-0.18888888888888888,-0.5333333333333333,-0.24444444444444444,-0.6277777777777778,-0.22777777777777777,-0.42777777777777776,-0.2,-0.28888888888888886,-0.06111111111111111,-0.5166666666666667,-0.10555555555555556,-0.6111111111111112,-0.10555555555555556,-0.4222222222222222,-0.09444444444444444,-0.29444444444444445,0.07222222222222222,-0.48333333333333334,0.09444444444444444,-0.6666666666666666,0.1,-0.7722222222222223,0.1,-0.8888888888888888
6,0.0,0.0,-0.2122905027932961,-0.0670391061452514,-0.4134078212290503,-0.24581005586592178,-0.5418994413407822,-0.39664804469273746,-0.664804469273743,-0.49162011173184356,-0.31843575418994413,-0.5027932960893855,-0.4245810055865922,-0.7262569832402235,-0.4860335195530726,-0.8659217877094972,-0.5251396648044693,-1.0,-0.18994413407821228,-0.5251396648044693,-0.24581005586592178,-0.6368715083798883,-0.2346368715083799,-0.43575418994413406,-0.20670391061452514,-0.2849162011173184,-0.061452513966480445,-0.5139664804469274,-0.10614525139664804,-0.6256983240223464,-0.1005586592178771,-0.4301675977653631,-0.08379888268156424,-0.29608938547486036,0.0670391061452514,-0.4860335195530726,0.0893854748603352,-0.664804469273743,0.1005586592178771,-0.770949720670391,0.10614525139664804,-0.888268156424581
6,0.0,0.0,-0.21468926553672316,-0.062146892655367235,-0.423728813559322,-0.24293785310734464,-0.5536723163841808,-0.3954802259887006,-0.672316384180791,-0.4971751412429379,-0.3220338983050847,-0.5028248587570622,-0.4293785310734463,-0.7288135593220338,-0.4858757062146893,-0.8700564971751412,-0.5310734463276836,-1.0,-0.1977401129943503,-0.5254237288135594,-0.24858757062146894,-0.6384180790960452,-0.23728813559322035,-0.4350282485875706,-0.20903954802259886,-0.288135593220339,-0.06779661016949153,-0.5141242937853108,-0.11299435028248588,-0.6271186440677966,-0.10734463276836158,-0.4350282485875706,-0.0847457627118644,-0.2994350282485876,0.06779661016949153,-0.4858757062146893,0.0903954802259887,-0.6610169491525424,0.1016949152542373,-0.7740112994350282,0.1016949152542373,-0.8926553672316384
6,0.0,0.0,-0.21468926553672316,-0.05649717514124294,-0.423728813559322,-0.24293785310734464,-0.559322033898305,-0.3898305084745763,-0.6836158192090396,-0.4858757062146893,-0.327683615819209,-0.4971751412429379,-0.423728813559322,-0.7288135593220338,-0.4858757062146893,-0.8700564971751412,-0.5310734463276836,-1.0,-0.1977401129943503,-0.5254237288135594,-0.24858757062146894,-0.6384180790960452,-0.23163841807909605,-0.4463276836158192,-0.1977401129943503,-0.2994350282485876,-0.06779661016949153,-0.5141242937853108,-0.10734463276836158,-0.6271186440677966,-0.1016949152542373,-0.4350282485875706,-0.0847457627118644,-0.2994350282485876,0.06779661016949153,-0.4858757062146893,0.0903954802259887,-0.6666666666666666,0.096045197740113,-0.7796610169491526,0.1016949152542373,-0.8983050847457628
6,0.0,0.0,-0.2159090909090909,-0.0625,-0.42045454545454547,-0.23863636363636365,-0.5511363636363636,-0.3806818181818182,-0.6704545454545454,-0.4772727272727273,-0.32386363636363635,-0.5113636363636364,-0.4147727272727273,-0.7329545454545454,-0.4715909090909091,-0.875,-0.5170454545454546,-1.0,-0.19318181818181818,-0.5340909090909091,-0.25,-0.625,-0.22727272727272727,-0.42613636363636365,-0.19886363636363635,-0.2897727272727273,-0.0625,-0.5227272727272727,-0.10227272727272728,-0.6136363636363636,-0.09659090909090909,-0.42045454545454547,-0.07954545454545454,-0.2840909090909091,0.07386363636363637,-0.48863636363636365,0.10227272727272728,-0.6761363636363636,0.11363636363636363,-0.7897727272727273,0.11931818181818182,-0.9090909090909091
6,0.0,0.0,-0.21468926553672316,-0.062146892655367235,-0.4180790960451977,-0.23728813559322035,-0.5423728813559322,-0.3728813559322034,-0.655367231638418,-0.4745762711864407,-0.3163841807909605,-0.5141242937853108,-0.4067796610169492,-0.7344632768361582,-0.4632768361581921,-0.8700564971751412,-0.5084745762711864,-1.0,-0.1864406779661017,-0.5310734463276836,-0.24293785310734464,-0.632768361581921,-0.22598870056497175,-0.4406779661016949,-0.1977401129943503,-0.2937853107344633,-0.05649717514124294,-0.519774011299435,-0.1016949152542373,-0.6214689265536724,-0.096045197740113,-0.423728813559322,-0.07909604519774012,-0.2937853107344633,0.07909604519774012,-0.4915254237288136,0.096045197740113,-0.672316384180791,0.10734463276836158,-0.7853107344632768,0.10734463276836158,-0.903954802259887
6,0.0,0.0,-0.21142857142857144,-0.05714285714285714,-0.41714285714285715,-0.2342857142857143,-0.5371428571428571,-0.37714285714285717,-0.6514285714285715,-0.48,-0.3142857142857143,-0.5028571428571429,-0.4057142857142857,-0.7257142857142858,-0.4685714285714286,-0.8685714285714285,-0.5085714285714286,-1.0,-0.18285714285714286,-0.5257142857142857,-0.2342857142857143,-0.64,-0.22285714285714286,-0.4514285714285714,-0.19428571428571428,-0.30857142857142855,-0.05714285714285714,-0.5142857142857142,-0.09714285714285714,-0.6285714285714286,-0.09142857142857143,-0.44,-0.08,-0.30857142857142855,0.08,-0.4857142857142857,0.10285714285714286,-0.6742857142857143,0.10857142857142857,-0.7828571428571428,0.11428571428571428,-0.9028571428571428
6,0.0,0.0,-0.2159090909090909,-0.0625,-0.4147727272727273,-0.22727272727272727,-0.5397727272727273,-0.36363636363636365,-0.6477272727272727,-0.4715909090909091,-0.32386363636363635,-0.5056818181818182,-0.4034090909090909,-0.7272727272727273,-0.4602272727272727,-0.8693181818181818,-0.5,-1.0,-0.19318181818181818,-0.5284090909090909,-0.23863636363636365,-0.6420454545454546,-0.22727272727272727,-0.44886363636363635,-0.20454545454545456,-0.30113636363636365,-0.056818181818181816,-0.5170454545454546,-0.09659090909090909,-0.6136363636363636,-0.10227272727272728,-0.42613636363636365,-0.09659090909090909,-0.30113636363636365,0.07386363636363637,-0.48295454545454547,0.09659090909090909,-0.6704545454545454,0.10227272727272728,-0.7784090909090909,0.10795454545454546,-0.8977272727272727
6,0.0,0.0,-0.21839080459770116,-0.06321839080459771,-0.43103448275862066,-0.22988505747126436,-0.5689655172413793,-0.3620689655172414,-0.6839080459770115,-0.4540229885057471,-0.3160919540229885,-0.5057471264367817,-0.40804597701149425,-0.7298850574712644,-0.46551724137931033,-0.867816091954023,-0.5114942528735632,-1.0,-0.1896551724137931,-0.5287356321839081,-0.2471264367816092,-0.6379310344827587,-0.23563218390804597,-0.4425287356321839,-0.20689655172413793,-0.3045977011494253,-0.05747126436781609,-0.5172413793103449,-0.10344827586206896,-0.6206896551724138,-0.10344827586206896,-0.43103448275862066,-0.09195402298850575,-0.2988505747126437,0.07471264367816093,-0.4827586206896552,0.09770114942528736,-0.6724137931034483,0.10919540229885058,-0.7816091954022989,0.11494252873563218,-0.9022988505747126
6,0.0,0.0,-0.22413793103448276,-0.06896551724137931,-0.4367816091954023,-0.23563218390804597,-0.5689655172413793,-0.367816091954023,-0.6839080459770115,-0.46551724137931033,-0.3218390804597701,-0.5172413793103449,-0.41379310344827586,-0.7298850574712644,-0.47126436781609193,-0.867816091954023,-0.5114942528735632,-1.0,-0.1896551724137931,-0.5344827586206896,-0.2471264367816092,-0.6494252873563219,-0.23563218390804597,-0.4540229885057471,-0.20689655172413793,-0.3103448275862069,-0.05747126436781609,-0.5229885057471264,-0.10344827586206896,-0.6264367816091954,-0.10344827586206896,-0.4367816091954023,-0.08620689655172414,-0.3045977011494253,0.07471264367816093,-0.4885057471264368,0.10344827586206896,-0.6724137931034483,0.10919540229885058,-0.7816091954022989,0.10919540229885058,-0.9022988505747126
6,0.0,0.0,-0.21839080459770116,-0.06321839080459771,-0.4367816091954023,-0.22988505747126436,-0.5862068965517241,-0.3563218390804598,-0.7068965517241379,-0.4425287356321839,-0.3275862068965517,-0.5114942528735632,-0.41379310344827586,-0.7298850574712644,-0.47126436781609193,-0.8735632183908046,-0.5057471264367817,-1.0,-0.19540229885057472,-0.5344827586206896,-0.25862068965517243,-0.632183908045977,-0.2413793103448276,-0.4367816091954023,-0.20689655172413793,-0.29310344827586204,-0.06321839080459771,-0.5229885057471264,-0.10344827586206896,-0.6091954022988506,-0.10344827586206896,-0.41954022988505746,-0.09770114942528736,-0.29310344827586204,0.07471264367816093,-0.4885057471264368,0.09770114942528736,-0.6724137931034483,0.10344827586206896,-0.7816091954022989,0.10919540229885058,-0.9022988505747126
6,0.0,0.0,-0.2222222222222222,-0.05263157894736842,-0.4444444444444444,-0.21637426900584794,-0.6023391812865497,-0.3333333333333333,-0.7309941520467836,-0.4152046783625731,-0.3333333333333333,-0.5146198830409356,-0.4093567251461988,-0.7309941520467836,-0.4678362573099415,-0.8713450292397661,-0.5029239766081871,-1.0,-0.19298245614035087,-0.5380116959064327,-0.24561403508771928,-0.6491228070175439,-0.23391812865497075,-0.4444444444444444,-0.2046783625730994,-0.2982456140350877,-0.05847953216374269,-0.5263157894736842,-0.0935672514619883,-0.6257309941520468,-0.0935672514619883,-0.4269005847953216,-0.08771929824561403,-0.2982456140350877,0.08187134502923976,-0.49122807017543857,0.09941520467836257,-0.6783625730994152,0.1111111111111111,-0.7894736842105263,0.1111111111111111,-0.9122807017543859
6,0.0,0.0,-0.2222222222222222,-0.05847953216374269,-0.4444444444444444,-0.23391812865497075,-0.5964912280701754,-0.3508771929824561,-0.7309941520467836,-0.4327485380116959,-0.3157894736842105,-0.5146198830409356,-0.40350877192982454,-0.7309941520467836,-0.4678362573099415,-0.8713450292397661,-0.5087719298245614,-1.0,-0.1871345029239766,-0.5380116959064327,-0.24561403508771928,-0.6432748538011696,-0.22807017543859648,-0.4444444444444444,-0.19883040935672514,-0.30409356725146197,-0.05263157894736842,-0.52046783625731,-0.0935672514619883,-0.6257309941520468,-0.08771929824561403,-0.4327485380116959,-0.07602339181286549,-0.30409356725146197,0.08187134502923976,-0.47953216374269003,0.09941520467836257,-0.6666666666666666,0.10526315789473684,-0.7719298245614035,0.1111111111111111,-0.9005847953216374
6,0.0,0.0,-0.21637426900584794,-0.05847953216374269,-0.43859649122807015,-0.22807017543859648,-0.5906432748538012,-0.3567251461988304,-0.7192982456140351,-0.43859649122807015,-0.32748538011695905,-0.5087719298245614,-0.4093567251461988,-0.7368421052631579,-0.4678362573099415,-0.8713450292397661,-0.5087719298245614,-1.0,-0.19883040935672514,-0.5263157894736842,-0.25146198830409355,-0.6491228070175439,-0.23391812865497075,-0.4502923976608187,-0.2046783625730994,-0.30994152046783624,-0.06432748538011696,-0.5146198830409356,-0.1111111111111111,-0.6432748538011696,-0.09941520467836257,-0.4502923976608187,-0.08187134502923976,-0.3216374269005848,0.07017543859649122,-0.47368421052631576,0.0935672514619883,-0.6608187134502924,0.09941520467836257,-0.7660818713450293,0.09941520467836257,-0.8947368421052632
6,0.0,0.0,-0.21052631578947367,-0.05847953216374269,-0.4327485380116959,-0.23976608187134502,-0.5789473684210527,-0.3742690058479532,-0.7134502923976608,-0.45614035087719296,-0.3157894736842105,-0.5146198830409356,-0.391812865497076,-0.7368421052631579,-0.4502923976608187,-0.8771929824561403,-0.49122807017543857,-1.0,-0.1871345029239766,-0.5380116959064327,-0.23976608187134502,-0.6491228070175439,-0.22807017543859648,-0.45614035087719296,-0.2046783625730994,-0.30994152046783624,-0.05263157894736842,-0.5263157894736842,-0.09941520467836257,-0.6432748538011696,-0.0935672514619883,-0.4502923976608187,-0.08771929824561403,-0.3157894736842105,0.07602339181286549,-0.49122807017543857,0.08771929824561403,-0.672514619883041,0.08771929824561403,-0.783625730994152,0.08771929824561403,-0.9064327485380117
6,0.0,0.0,-0.21511627906976744,-0.05813953488372093,-0.43023255813953487,-0.23837209302325582,-0.5813953488372093,-0.36627906976744184,-0.7151162790697675,-0.45348837209302323,-0.313953488372093,-0.5116279069767442,-0.3953488372093023,-0.7325581395348837,-0.45348837209302323,-0.872093023255814,-0.4941860465116279,-1.0,-0.18604651162790697,-0.5290697674418605,-0.23837209302325582,-0.6453488372093024,-0.22674418604651161,-0.4476744186046512,-0.20348837209302326,-0.3081395348837209,-0.05232558139534884,-0.5174418604651163,-0.09883720930232558,-0.6337209302325582,-0.09883720930232558,-0.4476744186046512,-0.0872093023255814,-0.313953488372093,0.0755813953488372,-0.48255813953488375,0.0872093023255814,-0.6627906976744186,0.0872093023255814,-0.7732558139534884,0.0872093023255814,-0.8953488372093024
6,0.0,0.0,-0.21637426900584794,-0.05847953216374269,-0.43859649122807015,-0.23976608187134502,-0.5847953216374269,-0.3742690058479532,-0.7134502923976608,-0.4619883040935672,-0.3216374269005848,-0.52046783625731,-0.39766081871345027,-0.7426900584795322,-0.45614035087719296,-0.8771929824561403,-0.5029239766081871,-1.0,-0.19298245614035087,-0.5380116959064327,-0.24561403508771928,-0.6491228070175439,-0.22807017543859648,-0.4502923976608187,-0.19883040935672514,-0.3157894736842105,-0.05847953216374269,-0.52046783625731,-0.09941520467836257,-0.6374269005847953,-0.09941520467836257,-0.4502923976608187,-0.08187134502923976,-0.3216374269005848,0.07602339181286549,-0.4853801169590643,0.07602339181286549,-0.672514619883041,0.07017543859649122,-0.783625730994152,0.06432748538011696,-0.9005847953216374
6,0.0,0.0,-0.21511627906976744,-0.05813953488372093,-0.436046511627907,-0.2441860465116279,-0.5755813953488372,-0.38372093023255816,-0.7034883720930233,-0.47093023255813954,-0.32558139534883723,-0.5116279069767442,-0.4069767441860465,-0.7383720930232558,-0.45930232558139533,-0.877906976744186,-0.5058139534883721,-1.0,-0.19767441860465115,-0.5348837209302325,-0.2558139534883721,-0.6453488372093024,-0.23837209302325582,-0.4418604651162791,-0.20930232558139536,-0.3023255813953488,-0.06976744186046512,-0.5290697674418605,-0.12790697674418605,-0.6395348837209303,-0.11627906976744186,-0.4476744186046512,-0.09302325581395349,-0.31976744186046513,0.06395348837209303,-0.5,0.05813953488372093,-0.6976744186046512,0.040697674418604654,-0.8081395348837209,0.023255813953488372,-0.9244186046511628
6,0.0,0.0,-0.21511627906976744,-0.05232558139534884,-0.436046511627907,-0.2441860465116279,-0.5755813953488372,-0.38953488372093026,-0.7034883720930233,-0.47674418604651164,-0.32558139534883723,-0.5232558139534884,-0.4011627906976744,-0.7441860465116279,-0.45348837209302323,-0.877906976744186,-0.4941860465116279,-1.0,-0.19767441860465115,-0.5406976744186046,-0.2558139534883721,-0.6511627906976745,-0.23255813953488372,-0.45348837209302323,-0.19767441860465115,-0.313953488372093,-0.06395348837209303,-0.5348837209302325,-0.11627906976744186,-0.6395348837209303,-0.10465116279069768,-0.4476744186046512,-0.08139534883720931,-0.31976744186046513,0.06395348837209303,-0.5116279069767442,0.046511627906976744,-0.7034883720930233,0.023255813953488372,-0.8197674418604651,-0.005813953488372093,-0.936046511627907
6,0.0,0.0,-0.21965317919075145,-0.057803468208092484,-0.43352601156069365,-0.24277456647398843,-0.5722543352601156,-0.3872832369942196,-0.6994219653179191,-0.4797687861271676,-0.32947976878612717,-0.5144508670520231,-0.41040462427745666,-0.7341040462427746,-0.4624277456647399,-0.8728323699421965,-0.5086705202312138,-1.0,-0.20809248554913296,-0.5317919075144508,-0.27167630057803466,-0.6358381502890174,-0.24277456647398843,-0.44508670520231214,-0.20809248554913296,-0.31213872832369943,-0.08092485549132948,-0.5260115606936416,-0.13872832369942195,-0.6416184971098265,-0.12138728323699421,-0.45664739884393063,-0.09826589595375723,-0.3236994219653179,0.05202312138728324,-0.5086705202312138,0.03468208092485549,-0.7052023121387283,0.011560693641618497,-0.815028901734104,-0.017341040462427744,-0.9248554913294798
6,0.0,0.0,-0.21052631578947367,-0.05847953216374269,-0.4327485380116959,-0.24561403508771928,-0.5730994152046783,-0.391812865497076,-0.695906432748538,-0.47953216374269003,-0.32748538011695905,-0.5321637426900585,-0.40350877192982454,-0.7485380116959064,-0.45614035087719296,-0.8830409356725146,-0.49122807017543857,-1.0,-0.19883040935672514,-0.5555555555555556,-0.25146198830409355,-0.6666666666666666,-0.22807017543859648,-0.4678362573099415,-0.19883040935672514,-0.3216374269005848,-0.07017543859649122,-0.5497076023391813,-0.11695906432748537,-0.6608187134502924,-0.09941520467836257,-0.4678362573099415,-0.08771929824561403,-0.3333333333333333,0.06432748538011696,-0.5263157894736842,0.04093567251461988,-0.7192982456140351,0.017543859649122806,-0.8245614035087719,-0.011695906432748537,-0.9415204678362573
6,0.0,0.0,-0.20930232558139536,-0.05813953488372093,-0.43023255813953487,-0.2441860465116279,-0.563953488372093,-0.38953488372093026,-0.6976744186046512,-0.47674418604651164,-0.3313953488372093,-0.5290697674418605,-0.4069767441860465,-0.7441860465116279,-0.45930232558139533,-0.877906976744186,-0.4941860465116279,-1.0,-0.20348837209302326,-0.5523255813953488,-0.2558139534883721,-0.6627906976744186,-0.22674418604651161,-0.45930232558139533,-0.19767441860465115,-0.313953488372093,-0.06976744186046512,-0.5465116279069767,-0.12209302325581395,-0.6627906976744186,-0.10465116279069768,-0.47093023255813954,-0.08139534883720931,-0.3372093023255814,0.06395348837209303,-0.5290697674418605,0.040697674418604654,-0.7209302325581395,0.011627906976744186,-0.8255813953488372,-0.011627906976744186,-0.9418604651162791
6,0.0,0.0,-0.2138728323699422,-0.06358381502890173,-0.42196531791907516,-0.24855491329479767,-0.5549132947976878,-0.3930635838150289,-0.6820809248554913,-0.47398843930635837,-0.3179190751445087,-0.5202312138728323,-0.3815028901734104,-0.7456647398843931,-0.4393063583815029,-0.8786127167630058,-0.4797687861271676,-1.0,-0.1907514450867052,-0.5433526011560693,-0.24855491329479767,-0.653179190751445,-0.21965317919075145,-0.4508670520231214,-0.18497109826589594,-0.3179190751445087,-0.057803468208092484,-0.5317919075144508,-0.10982658959537572,-0.6358381502890174,-0.09248554913294797,-0.4508670520231214,-0.07514450867052024,-0.32947976878612717,0.06936416184971098,-0.5028901734104047,0.057803468208092484,-0.6994219653179191,0.028901734104046242,-0.8092485549132948,0.005780346820809248,-0.930635838150289
6,0.0,0.0,-0.20689655172413793,-0.05747126436781609,-0.42528735632183906,-0.2471264367816092,-0.5574712643678161,-0.39080459770114945,-0.6839080459770115,-0.4827586206896552,-0.3275862068965517,-0.5229885057471264,-0.39080459770114945,-0.7471264367816092,-0.4425287356321839,-0.8793103448275862,-0.47701149425287354,-1.0,-0.19540229885057472,-0.5402298850574713,-0.2471264367816092,-0.6494252873563219,-0.21839080459770116,-0.4482758620689655,-0.1896551724137931,-0.3045977011494253,-0.06896551724137931,-0.5287356321839081,-0.10344827586206896,-0.632183908045977,-0.09195402298850575,-0.4482758620689655,-0.08045977011494253,-0.3218390804597701,0.06321839080459771,-0.5,0.04597701149425287,-0.6954022988505747,0.022988505747126436,-0.8103448275862069,0.0,-0.9252873563218391
6,0.0,0.0,-0.21264367816091953,-0.06896551724137931,-0.41954022988505746,-0.25862068965517243,-0.5517241379310345,-0.40229885057471265,-0.6781609195402298,-0.4942528735632184,-0.3218390804597701,-0.5287356321839081,-0.39080459770114945,-0.7471264367816092,-0.4367816091954023,-0.8793103448275862,-0.46551724137931033,-1.0,-0.19540229885057472,-0.5459770114942529,-0.2413793103448276,-0.6551724137931034,-0.22413793103448276,-0.47126436781609193,-0.20114942528735633,-0.3333333333333333,-0.06896551724137931,-0.5344827586206896,-0.10919540229885058,-0.6436781609195402,-0.10344827586206896,-0.45977011494252873,-0.08620689655172414,-0.3333333333333333,0.05747126436781609,-0.5114942528735632,0.034482758620689655,-0.7068965517241379,0.017241379310344827,-0.8160919540229885,-0.011494252873563218,-0.9310344827586207
6,0.0,0.0,-0.20454545454545456,-0.06818181818181818,-0.4090909090909091,-0.25,-0.5340909090909091,-0.3977272727272727,-0.6590909090909091,-0.4943181818181818,-0.3125,-0.5227272727272727,-0.375,-0.7443181818181818,-0.42045454545454547,-0.875,-0.44886363636363635,-1.0,-0.1875,-0.5397727272727273,-0.23295454545454544,-0.6420454545454546,-0.21022727272727273,-0.4431818181818182,-0.1875,-0.3068181818181818,-0.056818181818181816,-0.5340909090909091,-0.10227272727272728,-0.6420454545454546,-0.09090909090909091,-0.45454545454545453,-0.07954545454545454,-0.32954545454545453,0.06818181818181818,-0.5113636363636364,0.05113636363636364,-0.7045454545454546,0.028409090909090908,-0.8125,0.0,-0.9318181818181818
6,0.0,0.0,-0.2033898305084746,-0.062146892655367235,-0.4011299435028249,-0.24858757062146894,-0.519774011299435,-0.4011299435028249,-0.6440677966101694,-0.4971751412429379,-0.3107344632768362,-0.519774011299435,-0.3615819209039548,-0.7401129943502824,-0.4067796610169492,-0.8757062146892656,-0.4350282485875706,-1.0,-0.1864406779661017,-0.5310734463276836,-0.23163841807909605,-0.6384180790960452,-0.20903954802259886,-0.4406779661016949,-0.1807909604519774,-0.2994350282485876,-0.05649717514124294,-0.5254237288135594,-0.096045197740113,-0.6384180790960452,-0.0847457627118644,-0.4463276836158192,-0.06779661016949153,-0.3163841807909605,0.07344632768361582,-0.5028248587570622,0.05084745762711865,-0.7005649717514124,0.02824858757062147,-0.8135593220338984,-0.005649717514124294,-0.9322033898305084
6,0.0,0.0,-0.20903954802259886,-0.06779661016949153,-0.4067796610169492,-0.24858757062146894,-0.5254237288135594,-0.4011299435028249,-0.6497175141242938,-0.5028248587570622,-0.3163841807909605,-0.519774011299435,-0.3728813559322034,-0.7401129943502824,-0.4124293785310734,-0.8757062146892656,-0.4406779661016949,-1.0,-0.192090395480226,-0.536723163841808,-0.23163841807909605,-0.6384180790960452,-0.20903954802259886,-0.4463276836158192,-0.1864406779661017,-0.3050847457627119,-0.062146892655367235,-0.5254237288135594,-0.096045197740113,-0.6384180790960452,-0.07909604519774012,-0.4519774011299435,-0.07344632768361582,-0.3220338983050847,0.062146892655367235,-0.5084745762711864,0.04519774011299435,-0.7005649717514124,0.022598870056497175,-0.8135593220338984,-0.011299435028248588,-0.9322033898305084
6,0.0,0.0,-0.2033898305084746,-0.062146892655367235,-0.4067796610169492,-0.24858757062146894,-0.5254237288135594,-0.3954802259887006,-0.6440677966101694,-0.4915254237288136,-0.3220338983050847,-0.5141242937853108,-0.384180790960452,-0.7401129943502824,-0.4180790960451977,-0.8757062146892656,-0.4406779661016949,-1.0,-0.1977401129943503,-0.536723163841808,-0.23163841807909605,-0.6440677966101694,-0.20903954802259886,-0.4519774011299435,-0.1864406779661017,-0.3163841807909605,-0.06779661016949153,-0.5254237288135594,-0.1016949152542373,-0.6384180790960452,-0.0903954802259887,-0.4463276836158192,-0.07909604519774012,-0.3220338983050847,0.062146892655367235,-0.5084745762711864,0.05084745762711865,-0.6949152542372882,0.03389830508474576,-0.8022598870056498,0.005649717514124294,-0.9152542372881356
6,0.0,0.0,-0.20903954802259886,-0.07344632768361582,-0.4011299435028249,-0.2542372881355932,-0.5254237288135594,-0.4067796610169492,-0.6497175141242938,-0.5028248587570622,-0.3163841807909605,-0.5141242937853108,-0.3672316384180791,-0.7401129943502824,-0.4011299435028249,-0.8757062146892656,-0.4293785310734463,-1.0,-0.1864406779661017,-0.5310734463276836,-0.22598870056497175,-0.6384180790960452,-0.2033898305084746,-0.4576271186440678,-0.1751412429378531,-0.3163841807909605,-0.062146892655367235,-0.519774011299435,-0.0903954802259887,-0.632768361581921,-0.07909604519774012,-0.4463276836158192,-0.06779661016949153,-0.3163841807909605,0.06779661016949153,-0.4971751412429379,0.05649717514124294,-0.6836158192090396,0.03954802259887006,-0.7909604519774012,0.005649717514124294,-0.9096045197740112
