3,0.0,0.0,-0.2046783625730994,0.23391812865497075,-0.5380116959064327,0.42105263157894735,-0.783625730994152,0.5964912280701754,-0.9239766081871345,0.7719298245614035,-0.8070175438596491,0.1286549707602339,-1.0,0.07602339181286549,-0.7485380116959064,0.09941520467836257,-0.6257309941520468,0.1111111111111111,-0.7602339181286549,-0.07602339181286549,-0.8830409356725146,-0.11695906432748537,-0.5906432748538012,-0.04093567251461988,-0.5672514619883041,-0.017543859649122806,-0.672514619883041,-0.2631578947368421,-0.783625730994152,-0.30994152046783624,-0.5380116959064327,-0.21637426900584794,-0.5087719298245614,-0.18128654970760233,-0.5672514619883041,-0.43859649122807015,-0.7017543859649122,-0.49122807017543857,-0.52046783625731,-0.391812865497076,-0.4678362573099415,-0.34502923976608185
3,0.0,0.0,-0.21428571428571427,0.24404761904761904,-0.5535714285714286,0.44047619047619047,-0.7976190476190477,0.6309523809523809,-0.9404761904761905,0.8095238095238095,-0.8392857142857143,0.16666666666666666,-1.0,0.10119047619047619,-0.7321428571428571,0.11904761904761904,-0.6488095238095238,0.13690476190476192,-0.7976190476190477,-0.047619047619047616,-0.8928571428571429,-0.09523809523809523,-0.6011904761904762,-0.03571428571428571,-0.6071428571428571,0.0,-0.7202380952380952,-0.25,-0.7976190476190477,-0.2976190476190476,-0.5357142857142857,-0.21428571428571427,-0.5476190476190477,-0.17857142857142858,-0.6309523809523809,-0.44047619047619047,-0.7261904761904762,-0.4880952380952381,-0.5416666666666666,-0.39880952380952384,-0.5119047619047619,-0.34523809523809523
3,0.0,0.0,-0.21341463414634146,0.25,-0.5609756097560976,0.45121951219512196,-0.8109756097560976,0.6585365853658537,-0.9451219512195121,0.8475609756097561,-0.8780487804878049,0.16463414634146342,-1.0,0.10975609756097561,-0.725609756097561,0.12195121951219512,-0.6585365853658537,0.12804878048780488,-0.8414634146341463,-0.06707317073170732,-0.9085365853658537,-0.09146341463414634,-0.6036585365853658,-0.024390243902439025,-0.6219512195121951,-0.006097560975609756,-0.7560975609756098,-0.2804878048780488,-0.8048780487804879,-0.3048780487804878,-0.5365853658536586,-0.21951219512195122,-0.5548780487804879,-0.18902439024390244,-0.6524390243902439,-0.4695121951219512,-0.7134146341463414,-0.5060975609756098,-0.5304878048780488,-0.40853658536585363,-0.5182926829268293,-0.36585365853658536
3,0.0,0.0,-0.20496894409937888,0.2608695652173913,-0.5590062111801242,0.45962732919254656,-0.8012422360248447,0.6583850931677019,-0.9440993788819876,0.8509316770186336,-0.8695652173913043,0.17391304347826086,-1.0,0.09937888198757763,-0.7204968944099379,0.11801242236024845,-0.6521739130434783,0.13664596273291926,-0.8260869565217391,-0.055900621118012424,-0.906832298136646,-0.10559006211180125,-0.5962732919254659,-0.037267080745341616,-0.6024844720496895,-0.006211180124223602,-0.7453416149068323,-0.2670807453416149,-0.8012422360248447,-0.30434782608695654,-0.5279503105590062,-0.2236024844720497,-0.5341614906832298,-0.18012422360248448,-0.639751552795031,-0.45962732919254656,-0.7204968944099379,-0.5031055900621118,-0.5279503105590062,-0.40993788819875776,-0.4968944099378882,-0.35403726708074534
3,0.0,0.0,-0.22424242424242424,0.24848484848484848,-0.5696969696969697,0.45454545454545453,-0.8181818181818182,0.6484848484848484,-0.9575757575757575,0.8424242424242424,-0.8666666666666667,0.18181818181818182,-1.0,0.12121212121212122,-0.7272727272727273,0.13333333333333333,-0.6606060606060606,0.14545454545454545,-0.8303030303030303,-0.048484848484848485,-0.9151515151515152,-0.09696969696969697,-0.6060606060606061,-0.024242424242424242,-0.6181818181818182,0.012121212121212121,-0.7454545454545455,-0.2606060606060606,-0.8181818181818182,-0.3090909090909091,-0.5515151515151515,-0.21818181818181817,-0.5575757575757576,-0.17575757575757575,-0.6424242424242425,-0.4484848484848485,-0.7272727272727273,-0.509090909090909,-0.5454545454545454,-0.40606060606060607,-0.5212121212121212,-0.34545454545454546
3,0.0,0.0,-0.20958083832335328,0.23952095808383234,-0.562874251497006,0.437125748502994,-0.8023952095808383,0.6287425149700598,-0.9401197604790419,0.8143712574850299,-0.8502994011976048,0.16766467065868262,-1.0,0.08982035928143713,-0.7245508982035929,0.10778443113772455,-0.6467065868263473,0.1317365269461078,-0.8143712574850299,-0.059880239520958084,-0.8982035928143712,-0.11377245508982035,-0.5988023952095808,-0.05389221556886228,-0.5988023952095808,-0.005988023952095809,-0.7305389221556886,-0.2634730538922156,-0.7964071856287425,-0.31736526946107785,-0.5389221556886228,-0.23353293413173654,-0.5389221556886228,-0.18562874251497005,-0.6347305389221557,-0.4491017964071856,-0.7305389221556886,-0.5089820359281437,-0.5389221556886228,-0.41916167664670656,-0.5089820359281437,-0.3592814371257485
3,0.0,0.0,-0.20481927710843373,0.25301204819277107,-0.5542168674698795,0.4578313253012048,-0.8012048192771084,0.6506024096385542,-0.9397590361445783,0.8433734939759037,-0.8674698795180723,0.18674698795180722,-1.0,0.10843373493975904,-0.7228915662650602,0.12048192771084337,-0.6566265060240963,0.14457831325301204,-0.8373493975903614,-0.04216867469879518,-0.9036144578313253,-0.09036144578313253,-0.6024096385542169,-0.03614457831325301,-0.608433734939759,0.006024096385542169,-0.7530120481927711,-0.25301204819277107,-0.8132530120481928,-0.29518072289156627,-0.5481927710843374,-0.21686746987951808,-0.5481927710843374,-0.1746987951807229,-0.6566265060240963,-0.4397590361445783,-0.7349397590361446,-0.4939759036144578,-0.5421686746987951,-0.39759036144578314,-0.5180722891566265,-0.3373493975903614
3,0.0,0.0,-0.19393939393939394,0.2545454545454545,-0.5393939393939394,0.46060606060606063,-0.7878787878787878,0.6606060606060606,-0.9333333333333333,0.8424242424242424,-0.8545454545454545,0.17575757575757575,-1.0,0.10303030303030303,-0.7212121212121212,0.11515151515151516,-0.6363636363636364,0.13333333333333333,-0.8181818181818182,-0.048484848484848485,-0.8787878787878788,-0.09696969696969697,-0.5818181818181818,-0.04242424242424243,-0.5818181818181818,0.0,-0.7333333333333333,-0.2545454545454545,-0.793939393939394,-0.30303030303030304,-0.5272727272727272,-0.22424242424242424,-0.5212121212121212,-0.17575757575757575,-0.6303030303030303,-0.4484848484848485,-0.7212121212121212,-0.49696969696969695,-0.5272727272727272,-0.4,-0.4909090909090909,-0.34545454545454546
3,0.0,0.0,-0.21764705882352942,0.2647058823529412,-0.5352941176470588,0.4647058823529412,-0.7764705882352941,0.6470588235294118,-0.9117647058823529,0.8294117647058824,-0.8352941176470589,0.18823529411764706,-1.0,0.11764705882352941,-0.7352941176470589,0.12352941176470589,-0.6411764705882353,0.14705882352941177,-0.8,-0.029411764705882353,-0.9,-0.08235294117647059,-0.611764705882353,-0.029411764705882353,-0.5882352941176471,0.01764705882352941,-0.7176470588235294,-0.23529411764705882,-0.8117647058823529,-0.2823529411764706,-0.5588235294117647,-0.21176470588235294,-0.5294117647058824,-0.1588235294117647,-0.6176470588235294,-0.4176470588235294,-0.7352941176470589,-0.4764705882352941,-0.5529411764705883,-0.38823529411764707,-0.5058823529411764,-0.3235294117647059
3,0.0,0.0,-0.24175824175824176,0.24725274725274726,-0.521978021978022,0.45054945054945056,-0.7252747252747253,0.6318681318681318,-0.8406593406593407,0.7912087912087912,-0.8186813186813187,0.18681318681318682,-1.0,0.15384615384615385,-0.7692307692307693,0.14835164835164835,-0.6538461538461539,0.16483516483516483,-0.7857142857142857,0.0,-0.9120879120879121,-0.038461538461538464,-0.6483516483516484,-0.01098901098901099,-0.6043956043956044,0.02197802197802198,-0.7142857142857143,-0.1813186813186813,-0.8351648351648352,-0.22527472527472528,-0.6043956043956044,-0.17582417582417584,-0.5494505494505495,-0.13736263736263737,-0.6263736263736264,-0.34615384615384615,-0.7747252747252747,-0.4010989010989011,-0.6153846153846154,-0.32967032967032966,-0.5439560439560439,-0.27472527472527475
3,0.0,0.0,-0.18562874251497005,0.281437125748503,-0.46706586826347307,0.5209580838323353,-0.6646706586826348,0.7365269461077845,-0.7784431137724551,0.9221556886227545,-0.7964071856287425,0.2215568862275449,-1.0,0.17365269461077845,-0.7664670658682635,0.17365269461077845,-0.6227544910179641,0.19760479041916168,-0.7664670658682635,0.017964071856287425,-0.8802395209580839,-0.023952095808383235,-0.6047904191616766,0.011976047904191617,-0.5508982035928144,0.04790419161676647,-0.7005988023952096,-0.17964071856287425,-0.8203592814371258,-0.2215568862275449,-0.5748502994011976,-0.16766467065868262,-0.5089820359281437,-0.11976047904191617,-0.6107784431137725,-0.3592814371257485,-0.7604790419161677,-0.41317365269461076,-0.5868263473053892,-0.33532934131736525,-0.5089820359281437,-0.281437125748503
3,0.0,0.0,-0.19879518072289157,0.2891566265060241,-0.4759036144578313,0.5481927710843374,-0.6746987951807228,0.7771084337349398,-0.7771084337349398,0.9759036144578314,-0.8192771084337349,0.25301204819277107,-1.0,0.19879518072289157,-0.7530120481927711,0.1927710843373494,-0.6144578313253012,0.21084337349397592,-0.8012048192771084,0.04819277108433735,-0.9156626506024096,0.006024096385542169,-0.6385542168674698,0.030120481927710843,-0.5662650602409639,0.0783132530120482,-0.7409638554216867,-0.15060240963855423,-0.8493975903614458,-0.1927710843373494,-0.608433734939759,-0.14457831325301204,-0.536144578313253,-0.0963855421686747,-0.6506024096385542,-0.3313253012048193,-0.7891566265060241,-0.3855421686746988,-0.6144578313253012,-0.3132530120481928,-0.5301204819277109,-0.25301204819277107
3,0.0,0.0,-0.20625,0.30625,-0.475,0.56875,-0.675,0.79375,-0.78125,0.9875,-0.83125,0.2875,-1.0,0.25,-0.74375,0.225,-0.63125,0.23125,-0.83125,0.075,-0.94375,0.0375,-0.65,0.05625,-0.59375,0.09375,-0.76875,-0.1375,-0.8875,-0.18125,-0.63125,-0.1375,-0.5625,-0.0875,-0.68125,-0.325,-0.81875,-0.375,-0.6375,-0.30625,-0.55,-0.25
3,0.0,0.0,-0.18902439024390244,0.3170731707317073,-0.45121951219512196,0.5792682926829268,-0.6463414634146342,0.8048780487804879,-0.75,1.0,-0.774390243902439,0.31097560975609756,-0.9634146341463414,0.2682926829268293,-0.7317073170731707,0.23170731707317074,-0.5975609756097561,0.25,-0.774390243902439,0.0975609756097561,-0.9329268292682927,0.06097560975609756,-0.6646341463414634,0.06097560975609756,-0.5670731707317073,0.10365853658536585,-0.7378048780487805,-0.10365853658536585,-0.8841463414634146,-0.14634146341463414,-0.6463414634146342,-0.12195121951219512,-0.5365853658536586,-0.07317073170731707,-0.6585365853658537,-0.2926829268292683,-0.8170731707317073,-0.34146341463414637,-0.6463414634146342,-0.2865853658536585,-0.5487804878048781,-0.23170731707317074
3,0.0,0.0,-0.18181818181818182,0.3090909090909091,-0.4484848484848485,0.5757575757575758,-0.6484848484848484,0.8,-0.7454545454545455,1.0,-0.7818181818181819,0.3151515151515151,-0.9878787878787879,0.2787878787878788,-0.7636363636363637,0.24242424242424243,-0.6242424242424243,0.2545454545454545,-0.7878787878787878,0.10303030303030303,-0.9515151515151515,0.07272727272727272,-0.6848484848484848,0.07272727272727272,-0.5878787878787879,0.10909090909090909,-0.7454545454545455,-0.09696969696969697,-0.9030303030303031,-0.1393939393939394,-0.6666666666666666,-0.11515151515151516,-0.5636363636363636,-0.06060606060606061,-0.6787878787878788,-0.2787878787878788,-0.8424242424242424,-0.32727272727272727,-0.6727272727272727,-0.2727272727272727,-0.5757575757575758,-0.21818181818181817
3,0.0,0.0,-0.14705882352941177,0.3058823529411765,-0.38235294117647056,0.5764705882352941,-0.5529411764705883,0.8,-0.6352941176470588,1.0,-0.7235294117647059,0.3235294117647059,-0.9117647058823529,0.29411764705882354,-0.711764705882353,0.2529411764705882,-0.5705882352941176,0.2647058823529412,-0.7352941176470589,0.11764705882352941,-0.8823529411764706,0.08823529411764706,-0.6411764705882353,0.08235294117647059,-0.5352941176470588,0.11764705882352941,-0.7058823529411765,-0.07647058823529412,-0.8529411764705882,-0.10588235294117647,-0.6294117647058823,-0.09411764705882353,-0.5176470588235295,-0.047058823529411764,-0.6470588235294118,-0.2529411764705882,-0.8058823529411765,-0.28823529411764703,-0.6470588235294118,-0.2529411764705882,-0.5411764705882353,-0.20588235294117646
3,0.0,0.0,-0.1411764705882353,0.29411764705882354,-0.3764705882352941,0.5705882352941176,-0.5529411764705883,0.8058823529411765,-0.6352941176470588,1.0,-0.7411764705882353,0.3588235294117647,-0.9352941176470588,0.32941176470588235,-0.7058823529411765,0.2823529411764706,-0.5764705882352941,0.28823529411764703,-0.7588235294117647,0.1588235294117647,-0.9176470588235294,0.12941176470588237,-0.6411764705882353,0.11176470588235295,-0.5647058823529412,0.14705882352941177,-0.7411764705882353,-0.03529411764705882,-0.888235294117647,-0.07058823529411765,-0.6470588235294118,-0.06470588235294118,-0.5588235294117647,-0.023529411764705882,-0.6882352941176471,-0.21764705882352942,-0.8411764705882353,-0.24705882352941178,-0.6647058823529411,-0.21176470588235294,-0.5764705882352941,-0.17058823529411765
3,0.0,0.0,-0.11560693641618497,0.3063583815028902,-0.34104046242774566,0.5780346820809249,-0.5086705202312138,0.8092485549132948,-0.5838150289017341,1.0,-0.6820809248554913,0.35260115606936415,-0.884393063583815,0.3352601156069364,-0.6647398843930635,0.28901734104046245,-0.5260115606936416,0.28901734104046245,-0.7109826589595376,0.15606936416184972,-0.8670520231213873,0.13872832369942195,-0.6127167630057804,0.12138728323699421,-0.5144508670520231,0.14450867052023122,-0.6936416184971098,-0.03468208092485549,-0.8497109826589595,-0.057803468208092484,-0.6242774566473989,-0.057803468208092484,-0.5202312138728323,-0.017341040462427744,-0.6473988439306358,-0.20809248554913296,-0.7976878612716763,-0.23699421965317918,-0.6416184971098265,-0.2023121387283237,-0.5433526011560693,-0.15606936416184972
3,0.0,0.0,-0.12571428571428572,0.3028571428571429,-0.34285714285714286,0.5714285714285714,-0.5142857142857142,0.8057142857142857,-0.5885714285714285,1.0,-0.6971428571428572,0.37142857142857144,-0.8914285714285715,0.35428571428571426,-0.68,0.29714285714285715,-0.5428571428571428,0.29714285714285715,-0.72,0.17714285714285713,-0.88,0.16,-0.6228571428571429,0.13142857142857142,-0.5314285714285715,0.16,-0.7085714285714285,-0.011428571428571429,-0.8685714285714285,-0.02857142857142857,-0.64,-0.03428571428571429,-0.5371428571428571,0.0,-0.6628571428571428,-0.18857142857142858,-0.8285714285714286,-0.2057142857142857,-0.6628571428571428,-0.17714285714285713,-0.56,-0.14285714285714285
3,0.0,0.0,-0.11931818181818182,0.30113636363636365,-0.3352272727272727,0.5738636363636364,-0.5,0.8068181818181818,-0.5738636363636364,1.0,-0.6988636363636364,0.375,-0.875,0.36363636363636365,-0.6647727272727273,0.3125,-0.5340909090909091,0.3068181818181818,-0.7272727272727273,0.1875,-0.875,0.17613636363636365,-0.6136363636363636,0.14204545454545456,-0.5227272727272727,0.1590909090909091,-0.7159090909090909,0.0,-0.8579545454545454,-0.011363636363636364,-0.625,-0.022727272727272728,-0.5340909090909091,0.005681818181818182,-0.6761363636363636,-0.18181818181818182,-0.8238636363636364,-0.19318181818181818,-0.6534090909090909,-0.16477272727272727,-0.5625,-0.13068181818181818
3,0.0,0.0,-0.11428571428571428,0.29714285714285715,-0.3314285714285714,0.5657142857142857,-0.49714285714285716,0.8057142857142857,-0.5714285714285714,1.0,-0.6857142857142857,0.37714285714285717,-0.8857142857142857,0.3657142857142857,-0.6742857142857143,0.3142857142857143,-0.5428571428571428,0.3028571428571429,-0.7142857142857143,0.18857142857142858,-0.8685714285714285,0.17714285714285713,-0.6171428571428571,0.14285714285714285,-0.5314285714285715,0.1657142857142857,-0.7085714285714285,-0.005714285714285714,-0.8628571428571429,-0.017142857142857144,-0.6285714285714286,-0.022857142857142857,-0.5314285714285715,0.005714285714285714,-0.6685714285714286,-0.18285714285714286,-0.8285714285714286,-0.19428571428571428,-0.6571428571428571,-0.1657142857142857,-0.5542857142857143,-0.13142857142857142
3,0.0,0.0,-0.10734463276836158,0.2937853107344633,-0.3163841807909605,0.5649717514124294,-0.4745762711864407,0.8022598870056498,-0.536723163841808,1.0,-0.672316384180791,0.3728813559322034,-0.864406779661017,0.3728813559322034,-0.6666666666666666,0.3220338983050847,-0.5310734463276836,0.3050847457627119,-0.7062146892655368,0.1864406779661017,-0.8587570621468926,0.1751412429378531,-0.6101694915254238,0.14689265536723164,-0.5084745762711864,0.1638418079096045,-0.6949152542372882,0.0,-0.8418079096045198,-0.01694915254237288,-0.6214689265536724,-0.01694915254237288,-0.519774011299435,0.011299435028248588,-0.6610169491525424,-0.1751412429378531,-0.8135593220338984,-0.192090395480226,-0.655367231638418,-0.1638418079096045,-0.5536723163841808,-0.12429378531073447
3,0.0,0.0,-0.12,0.29714285714285715,-0.33714285714285713,0.5714285714285714,-0.49714285714285716,0.8057142857142857,-0.5657142857142857,1.0,-0.6914285714285714,0.38857142857142857,-0.8685714285714285,0.37714285714285717,-0.6628571428571428,0.3142857142857143,-0.5428571428571428,0.30857142857142855,-0.72,0.19428571428571428,-0.8571428571428571,0.17714285714285713,-0.6,0.14285714285714285,-0.52,0.17142857142857143,-0.7142857142857143,0.0,-0.8514285714285714,-0.022857142857142857,-0.6228571428571429,-0.02857142857142857,-0.5314285714285715,0.005714285714285714,-0.6742857142857143,-0.17714285714285713,-0.8228571428571428,-0.2057142857142857,-0.6628571428571428,-0.17142857142857143,-0.5657142857142857,-0.13142857142857142
3,0.0,0.0,-0.13450292397660818,0.30409356725146197,-0.3684210526315789,0.5730994152046783,-0.5321637426900585,0.8070175438596491,-0.6140350877192983,1.0,-0.7192982456140351,0.38011695906432746,-0.9122807017543859,0.3684210526315789,-0.7017543859649122,0.3157894736842105,-0.5672514619883041,0.30409356725146197,-0.7426900584795322,0.1871345029239766,-0.9005847953216374,0.16374269005847952,-0.631578947368421,0.14035087719298245,-0.5497076023391813,0.1695906432748538,-0.7309941520467836,-0.011695906432748537,-0.8830409356725146,-0.03508771929824561,-0.6491228070175439,-0.029239766081871343,-0.5555555555555556,0.005847953216374269,-0.6900584795321637,-0.19298245614035087,-0.8421052631578947,-0.21637426900584794,-0.6783625730994152,-0.18128654970760233,-0.5847953216374269,-0.14035087719298245
3,0.0,0.0,-0.14457831325301204,0.3072289156626506,-0.39156626506024095,0.5843373493975904,-0.5783132530120482,0.8072289156626506,-0.6626506024096386,1.0,-0.7469879518072289,0.3674698795180723,-0.9216867469879518,0.3493975903614458,-0.7168674698795181,0.30120481927710846,-0.5843373493975904,0.2891566265060241,-0.7710843373493976,0.1686746987951807,-0.9156626506024096,0.14457831325301204,-0.6385542168674698,0.12650602409638553,-0.5542168674698795,0.1566265060240964,-0.7530120481927711,-0.030120481927710843,-0.8975903614457831,-0.06626506024096386,-0.6566265060240963,-0.060240963855421686,-0.5662650602409639,-0.024096385542168676,-0.7048192771084337,-0.21686746987951808,-0.8493975903614458,-0.2469879518072289,-0.6807228915662651,-0.21084337349397592,-0.5963855421686747,-0.1686746987951807
3,0.0,0.0,-0.19875776397515527,0.2919254658385093,-0.5031055900621118,0.5217391304347826,-0.7267080745341615,0.7204968944099379,-0.84472049689441,0.9006211180124224,-0.8012422360248447,0.2484472049689441,-1.0,0.22981366459627328,-0.8012422360248447,0.2111801242236025,-0.6583850931677019,0.2111801242236025,-0.7888198757763976,0.043478260869565216,-0.9565217391304348,0.006211180124223602,-0.6956521739130435,0.037267080745341616,-0.5900621118012422,0.07453416149068323,-0.7391304347826086,-0.14906832298136646,-0.906832298136646,-0.19254658385093168,-0.6770186335403726,-0.14285714285714285,-0.577639751552795,-0.10559006211180125,-0.6645962732919255,-0.33540372670807456,-0.84472049689441,-0.38509316770186336,-0.6832298136645962,-0.32298136645962733,-0.5900621118012422,-0.2732919254658385
3,0.0,0.0,-0.18787878787878787,0.28484848484848485,-0.49696969696969695,0.49696969696969695,-0.7272727272727273,0.6848484848484848,-0.8545454545454545,0.8666666666666667,-0.806060606060606,0.24242424242424243,-1.0,0.18787878787878787,-0.7636363636363637,0.18181818181818182,-0.6424242424242425,0.19393939393939394,-0.7878787878787878,0.03636363636363636,-0.9454545454545454,-0.006060606060606061,-0.6606060606060606,0.024242424242424242,-0.6060606060606061,0.06060606060606061,-0.7272727272727273,-0.15757575757575756,-0.8727272727272727,-0.20606060606060606,-0.6242424242424243,-0.15757575757575756,-0.5696969696969697,-0.11515151515151516,-0.6484848484848484,-0.3393939393939394,-0.793939393939394,-0.3939393939393939,-0.6242424242424243,-0.3212121212121212,-0.5515151515151515,-0.2606060606060606
3,0.0,0.0,-0.18012422360248448,0.2795031055900621,-0.4968944099378882,0.4906832298136646,-0.7329192546583851,0.6770186335403726,-0.8633540372670807,0.8509316770186336,-0.8012422360248447,0.21739130434782608,-1.0,0.16149068322981366,-0.7453416149068323,0.16149068322981366,-0.6273291925465838,0.17391304347826086,-0.7701863354037267,0.006211180124223602,-0.9316770186335404,-0.037267080745341616,-0.6459627329192547,0.0,-0.5838509316770186,0.043478260869565216,-0.7080745341614907,-0.19254658385093168,-0.8571428571428571,-0.2422360248447205,-0.6024844720496895,-0.18633540372670807,-0.546583850931677,-0.14285714285714285,-0.6149068322981367,-0.37888198757763975,-0.7701863354037267,-0.42857142857142855,-0.5962732919254659,-0.35403726708074534,-0.5279503105590062,-0.2981366459627329
3,0.0,0.0,-0.2,0.2727272727272727,-0.5212121212121212,0.4727272727272727,-0.7696969696969697,0.6424242424242425,-0.9151515151515152,0.806060606060606,-0.8181818181818182,0.19393939393939394,-1.0,0.14545454545454545,-0.7575757575757576,0.1393939393939394,-0.6424242424242425,0.15151515151515152,-0.793939393939394,-0.012121212121212121,-0.9272727272727272,-0.05454545454545454,-0.6484848484848484,-0.012121212121212121,-0.6,0.030303030303030304,-0.7272727272727273,-0.21212121212121213,-0.8484848484848485,-0.2606060606060606,-0.6060606060606061,-0.19393939393939394,-0.5636363636363636,-0.15151515151515152,-0.6363636363636364,-0.3939393939393939,-0.7575757575757576,-0.4484848484848485,-0.5878787878787879,-0.36363636363636365,-0.5272727272727272,-0.30303030303030304
3,0.0,0.0,-0.19393939393939394,0.2606060606060606,-0.5212121212121212,0.46060606060606063,-0.7757575757575758,0.6181818181818182,-0.9212121212121213,0.7696969696969697,-0.8121212121212121,0.16363636363636364,-1.0,0.10303030303030303,-0.7515151515151515,0.11515151515151516,-0.6242424242424243,0.13333333333333333,-0.7696969696969697,-0.04242424242424243,-0.9151515151515152,-0.09090909090909091,-0.6424242424242425,-0.030303030303030304,-0.5878787878787879,0.006060606060606061,-0.696969696969697,-0.23636363636363636,-0.8242424242424242,-0.28484848484848485,-0.5878787878787879,-0.21212121212121213,-0.5454545454545454,-0.1696969696969697,-0.6,-0.4121212121212121,-0.7333333333333333,-0.4727272727272727,-0.5636363636363636,-0.38181818181818183,-0.503030303030303,-0.32727272727272727
3,0.0,0.0,-0.19760479041916168,0.25149700598802394,-0.5329341317365269,0.4431137724550898,-0.7904191616766467,0.6047904191616766,-0.9461077844311377,0.7544910179640718,-0.8323353293413174,0.1497005988023952,-1.0,0.08383233532934131,-0.7544910179640718,0.09580838323353294,-0.6407185628742516,0.11377245508982035,-0.7844311377245509,-0.059880239520958084,-0.9161676646706587,-0.11976047904191617,-0.6407185628742516,-0.041916167664670656,-0.5988023952095808,0.005988023952095809,-0.7005988023952096,-0.25149700598802394,-0.8143712574850299,-0.31137724550898205,-0.5808383233532934,-0.2275449101796407,-0.5449101796407185,-0.17365269461077845,-0.5988023952095808,-0.4251497005988024,-0.7125748502994012,-0.49101796407185627,-0.5449101796407185,-0.39520958083832336,-0.49700598802395207,-0.33532934131736525
3,0.0,0.0,-0.19642857142857142,0.24404761904761904,-0.5476190476190477,0.42857142857142855,-0.8154761904761905,0.5714285714285714,-0.9761904761904762,0.7202380952380952,-0.8273809523809523,0.125,-1.0,0.05357142857142857,-0.75,0.07738095238095238,-0.6369047619047619,0.10119047619047619,-0.7738095238095238,-0.07738095238095238,-0.9107142857142857,-0.14285714285714285,-0.6309523809523809,-0.05952380952380952,-0.5952380952380952,-0.017857142857142856,-0.6904761904761905,-0.26785714285714285,-0.8035714285714286,-0.3333333333333333,-0.5595238095238095,-0.23809523809523808,-0.5416666666666666,-0.19642857142857142,-0.5892857142857143,-0.44047619047619047,-0.7083333333333334,-0.5059523809523809,-0.5297619047619048,-0.40476190476190477,-0.48214285714285715,-0.35119047619047616
3,0.0,0.0,-0.21428571428571427,0.24404761904761904,-0.5535714285714286,0.4226190476190476,-0.8214285714285714,0.5714285714285714,-0.9821428571428571,0.7202380952380952,-0.8392857142857143,0.125,-1.0,0.05357142857142857,-0.7440476190476191,0.07738095238095238,-0.6428571428571429,0.09523809523809523,-0.7797619047619048,-0.07738095238095238,-0.8988095238095238,-0.14285714285714285,-0.6190476190476191,-0.05952380952380952,-0.6011904761904762,-0.017857142857142856,-0.6904761904761905,-0.26785714285714285,-0.8035714285714286,-0.3392857142857143,-0.5595238095238095,-0.24404761904761904,-0.5416666666666666,-0.20238095238095238,-0.5892857142857143,-0.44642857142857145,-0.7023809523809523,-0.5178571428571429,-0.5297619047619048,-0.4166666666666667,-0.4880952380952381,-0.35714285714285715
3,0.0,0.0,-0.21739130434782608,0.2360248447204969,-0.5590062111801242,0.42857142857142855,-0.8198757763975155,0.6149068322981367,-0.9875776397515528,0.7950310559006211,-0.8944099378881988,0.11801242236024845,-1.0,0.055900621118012424,-0.7267080745341615,0.08074534161490683,-0.6645962732919255,0.10559006211180125,-0.8260869565217391,-0.10559006211180125,-0.8757763975155279,-0.14906832298136646,-0.577639751552795,-0.07453416149068323,-0.6086956521739131,-0.031055900621118012,-0.7267080745341615,-0.30434782608695654,-0.7701863354037267,-0.35403726708074534,-0.5093167701863354,-0.2546583850931677,-0.5403726708074534,-0.20496894409937888,-0.6149068322981367,-0.4968944099378882,-0.6956521739130435,-0.5527950310559007,-0.5031055900621118,-0.453416149068323,-0.484472049689441,-0.39751552795031053
3,0.0,0.0,-0.22641509433962265,0.2578616352201258,-0.5660377358490566,0.4591194968553459,-0.8364779874213837,0.6477987421383647,-1.0,0.8301886792452831,-0.8930817610062893,0.1509433962264151,-0.9874213836477987,0.06918238993710692,-0.710691823899371,0.1069182389937107,-0.660377358490566,0.13836477987421383,-0.8301886792452831,-0.07547169811320754,-0.8679245283018868,-0.1320754716981132,-0.5849056603773585,-0.0440251572327044,-0.6226415094339622,-0.006289308176100629,-0.7295597484276729,-0.2830188679245283,-0.7735849056603774,-0.33962264150943394,-0.5220125786163522,-0.23270440251572327,-0.5534591194968553,-0.18867924528301888,-0.6226415094339622,-0.4716981132075472,-0.6981132075471698,-0.5345911949685535,-0.5157232704402516,-0.4276729559748428,-0.4968553459119497,-0.3710691823899371
3,0.0,0.0,-0.22727272727272727,0.2597402597402597,-0.577922077922078,0.4675324675324675,-0.8376623376623377,0.6623376623376623,-1.0,0.8636363636363636,-0.935064935064935,0.16883116883116883,-0.974025974025974,0.09090909090909091,-0.7077922077922078,0.11688311688311688,-0.6818181818181818,0.14285714285714285,-0.8896103896103896,-0.07142857142857142,-0.8701298701298701,-0.12337662337662338,-0.5844155844155844,-0.045454545454545456,-0.6428571428571429,-0.006493506493506494,-0.7857142857142857,-0.2987012987012987,-0.7792207792207793,-0.34415584415584416,-0.525974025974026,-0.24025974025974026,-0.577922077922078,-0.19480519480519481,-0.6688311688311688,-0.4935064935064935,-0.7077922077922078,-0.5454545454545454,-0.5194805194805194,-0.44155844155844154,-0.512987012987013,-0.38311688311688313
3,0.0,0.0,-0.2214765100671141,0.28187919463087246,-0.5704697986577181,0.5100671140939598,-0.8322147651006712,0.7114093959731543,-1.0,0.9194630872483222,-0.9798657718120806,0.19463087248322147,-0.9865771812080537,0.12751677852348994,-0.7181208053691275,0.15436241610738255,-0.7114093959731543,0.16778523489932887,-0.9261744966442953,-0.053691275167785234,-0.8791946308724832,-0.10067114093959731,-0.5838926174496645,-0.013422818791946308,-0.6510067114093959,0.020134228187919462,-0.8120805369127517,-0.28187919463087246,-0.785234899328859,-0.31543624161073824,-0.5234899328859061,-0.21476510067114093,-0.5771812080536913,-0.174496644295302,-0.6912751677852349,-0.48322147651006714,-0.7181208053691275,-0.5234899328859061,-0.5234899328859061,-0.4161073825503356,-0.5167785234899329,-0.3624161073825503
3,0.0,0.0,-0.2152777777777778,0.2986111111111111,-0.5694444444444444,0.5347222222222222,-0.8402777777777778,0.75,-1.0,0.9722222222222222,-0.9861111111111112,0.22916666666666666,-0.9930555555555556,0.14583333333333334,-0.7083333333333334,0.16666666666666666,-0.7083333333333334,0.19444444444444445,-0.9375,-0.034722222222222224,-0.8888888888888888,-0.09027777777777778,-0.5833333333333334,-0.013888888888888888,-0.6527777777777778,0.027777777777777776,-0.8263888888888888,-0.2777777777777778,-0.8055555555555556,-0.3194444444444444,-0.5277777777777778,-0.2222222222222222,-0.5833333333333334,-0.1736111111111111,-0.7013888888888888,-0.4930555555555556,-0.7291666666666666,-0.5347222222222222,-0.5277777777777778,-0.4305555555555556,-0.5208333333333334,-0.375
3,0.0,0.0,-0.19863013698630136,0.3013698630136986,-0.547945205479452,0.547945205479452,-0.8013698630136986,0.773972602739726,-0.9657534246575342,0.9863013698630136,-1.0,0.2534246575342466,-0.952054794520548,0.1780821917808219,-0.684931506849315,0.18493150684931506,-0.6917808219178082,0.2054794520547945,-0.9726027397260274,-0.00684931506849315,-0.863013698630137,-0.0547945205479452,-0.5684931506849316,0.0136986301369863,-0.636986301369863,0.0547945205479452,-0.863013698630137,-0.2465753424657534,-0.7808219178082192,-0.2876712328767123,-0.5136986301369864,-0.19863013698630136,-0.5753424657534246,-0.14383561643835616,-0.7397260273972602,-0.4657534246575342,-0.726027397260274,-0.4931506849315068,-0.5205479452054794,-0.3972602739726027,-0.5273972602739726,-0.3424657534246575
3,0.0,0.0,-0.18493150684931506,0.3013698630136986,-0.5342465753424658,0.547945205479452,-0.7808219178082192,0.7671232876712328,-0.9383561643835616,1.0,-0.9863013698630136,0.2602739726027397,-0.9383561643835616,0.19863013698630136,-0.6643835616438356,0.19863013698630136,-0.6643835616438356,0.21232876712328766,-0.9794520547945206,-0.00684931506849315,-0.8561643835616438,-0.0410958904109589,-0.5616438356164384,0.0136986301369863,-0.6232876712328768,0.04794520547945205,-0.8767123287671232,-0.2465753424657534,-0.773972602739726,-0.273972602739726,-0.5205479452054794,-0.1917808219178082,-0.5753424657534246,-0.15753424657534246,-0.7534246575342466,-0.4657534246575342,-0.7191780821917808,-0.4863013698630137,-0.5273972602739726,-0.3904109589041096,-0.5342465753424658,-0.3424657534246575
3,0.0,0.0,-0.18120805369127516,0.2953020134228188,-0.5100671140939598,0.5369127516778524,-0.738255033557047,0.7718120805369127,-0.8859060402684564,1.0,-0.9932885906040269,0.2684563758389262,-0.8859060402684564,0.21476510067114093,-0.6442953020134228,0.21476510067114093,-0.6711409395973155,0.22818791946308725,-0.9865771812080537,0.020134228187919462,-0.8187919463087249,-0.013422818791946308,-0.5436241610738255,0.040268456375838924,-0.6241610738255033,0.06711409395973154,-0.8859060402684564,-0.21476510067114093,-0.7516778523489933,-0.24161073825503357,-0.5100671140939598,-0.1610738255033557,-0.5838926174496645,-0.1342281879194631,-0.7651006711409396,-0.42953020134228187,-0.7114093959731543,-0.44966442953020136,-0.5234899328859061,-0.3624161073825503,-0.5436241610738255,-0.3221476510067114
3,0.0,0.0,-0.1625,0.29375,-0.4625,0.54375,-0.65625,0.775,-0.7625,1.0,-0.91875,0.30625,-0.8375,0.30625,-0.6125,0.275,-0.6125,0.25625,-0.9375,0.0875,-0.7875,0.1,-0.53125,0.1,-0.5875,0.10625,-0.86875,-0.125,-0.74375,-0.1125,-0.5125,-0.0875,-0.56875,-0.075,-0.7625,-0.33125,-0.7,-0.3125,-0.525,-0.2625,-0.5375,-0.25
3,0.0,0.0,-0.1419753086419753,0.29012345679012347,-0.42592592592592593,0.5493827160493827,-0.6172839506172839,0.7777777777777778,-0.7345679012345679,1.0,-0.8888888888888888,0.32098765432098764,-0.7777777777777778,0.32098765432098764,-0.5617283950617284,0.2777777777777778,-0.5740740740740741,0.25925925925925924,-0.9074074074074074,0.10493827160493827,-0.7283950617283951,0.1111111111111111,-0.49382716049382713,0.10493827160493827,-0.5617283950617284,0.1111111111111111,-0.8333333333333334,-0.11728395061728394,-0.691358024691358,-0.1111111111111111,-0.48148148148148145,-0.08641975308641975,-0.5493827160493827,-0.08024691358024691,-0.7345679012345679,-0.32098765432098764,-0.6481481481481481,-0.3148148148148148,-0.4876543209876543,-0.2654320987654321,-0.5185185185185185,-0.25308641975308643
3,0.0,0.0,-0.14285714285714285,0.2919254658385093,-0.43478260869565216,0.546583850931677,-0.6211180124223602,0.782608695652174,-0.7329192546583851,1.0,-0.8757763975155279,0.32919254658385094,-0.7888198757763976,0.3416149068322981,-0.577639751552795,0.2981366459627329,-0.5838509316770186,0.2670807453416149,-0.9006211180124224,0.11180124223602485,-0.7453416149068323,0.13664596273291926,-0.5031055900621118,0.12422360248447205,-0.5590062111801242,0.11801242236024845,-0.8385093167701864,-0.10559006211180125,-0.7080745341614907,-0.08695652173913043,-0.4906832298136646,-0.062111801242236024,-0.546583850931677,-0.062111801242236024,-0.7515527950310559,-0.3105590062111801,-0.6770186335403726,-0.2857142857142857,-0.5093167701863354,-0.2360248447204969,-0.5279503105590062,-0.2360248447204969
3,0.0,0.0,-0.14814814814814814,0.29012345679012347,-0.42592592592592593,0.5432098765432098,-0.6111111111111112,0.7839506172839507,-0.7160493827160493,1.0,-0.8641975308641975,0.3271604938271605,-0.7901234567901234,0.3395061728395062,-0.5740740740740741,0.2962962962962963,-0.5802469135802469,0.2716049382716049,-0.8950617283950617,0.11728395061728394,-0.7407407407407407,0.13580246913580246,-0.5,0.11728395061728394,-0.5555555555555556,0.11728395061728394,-0.8333333333333334,-0.10493827160493827,-0.7098765432098766,-0.08641975308641975,-0.49382716049382713,-0.06790123456790123,-0.5493827160493827,-0.06790123456790123,-0.7407407407407407,-0.30864197530864196,-0.6728395061728395,-0.29012345679012347,-0.5061728395061729,-0.24074074074074073,-0.5246913580246914,-0.2345679012345679
3,0.0,0.0,-0.1411042944785276,0.294478527607362,-0.3987730061349693,0.5521472392638037,-0.5766871165644172,0.7852760736196319,-0.6748466257668712,1.0,-0.8282208588957055,0.3374233128834356,-0.7852760736196319,0.3619631901840491,-0.5705521472392638,0.3128834355828221,-0.5644171779141104,0.2883435582822086,-0.8588957055214724,0.12883435582822086,-0.7300613496932515,0.15337423312883436,-0.49079754601226994,0.13496932515337423,-0.5337423312883436,0.12883435582822086,-0.803680981595092,-0.07975460122699386,-0.7055214723926381,-0.06134969325153374,-0.49079754601226994,-0.049079754601226995,-0.5276073619631901,-0.049079754601226995,-0.7177914110429447,-0.2822085889570552,-0.6748466257668712,-0.26380368098159507,-0.50920245398773,-0.22085889570552147,-0.5153374233128835,-0.2147239263803681
3,0.0,0.0,-0.13125,0.2875,-0.3875,0.55,-0.56875,0.78125,-0.66875,1.0,-0.84375,0.3375,-0.79375,0.35625,-0.575,0.30625,-0.56875,0.2875,-0.88125,0.13125,-0.7375,0.14375,-0.49375,0.11875,-0.54375,0.13125,-0.83125,-0.0875,-0.71875,-0.06875,-0.5,-0.0625,-0.54375,-0.05,-0.74375,-0.29375,-0.6875,-0.275,-0.525,-0.2375,-0.53125,-0.225
3,0.0,0.0,-0.12269938650306748,0.294478527607362,-0.3619631901840491,0.5521472392638037,-0.5398773006134969,0.7852760736196319,-0.6319018404907976,1.0,-0.7852760736196319,0.3496932515337423,-0.803680981595092,0.38650306748466257,-0.5828220858895705,0.32515337423312884,-0.5398773006134969,0.294478527607362,-0.8282208588957055,0.147239263803681,-0.7300613496932515,0.17791411042944785,-0.48466257668711654,0.1411042944785276,-0.5153374233128835,0.13496932515337423,-0.7914110429447853,-0.06134969325153374,-0.7177914110429447,-0.03680981595092025,-0.49079754601226994,-0.04294478527607362,-0.5214723926380368,-0.03680981595092025,-0.7177914110429447,-0.26380368098159507,-0.6809815950920245,-0.2331288343558282,-0.5153374233128835,-0.2085889570552147,-0.5153374233128835,-0.2085889570552147
3,0.0,0.0,-0.12804878048780488,0.2926829268292683,-0.3719512195121951,0.5609756097560976,-0.5426829268292683,0.7926829268292683,-0.6280487804878049,1.0,-0.7926829268292683,0.3597560975609756,-0.8170731707317073,0.39634146341463417,-0.5914634146341463,0.3353658536585366,-0.5548780487804879,0.3048780487804878,-0.8353658536585366,0.16463414634146342,-0.7439024390243902,0.18902439024390244,-0.5,0.1524390243902439,-0.5304878048780488,0.1524390243902439,-0.7926829268292683,-0.04878048780487805,-0.7317073170731707,-0.018292682926829267,-0.5060975609756098,-0.024390243902439025,-0.5365853658536586,-0.024390243902439025,-0.725609756097561,-0.25,-0.7073170731707317,-0.21951219512195122,-0.5426829268292683,-0.18902439024390244,-0.5426829268292683,-0.1951219512195122
3,0.0,0.0,-0.13580246913580246,0.2962962962962963,-0.38271604938271603,0.5555555555555556,-0.5493827160493827,0.7901234567901234,-0.6296296296296297,1.0,-0.8024691358024691,0.35185185185185186,-0.8395061728395061,0.4012345679012346,-0.6111111111111112,0.3395061728395062,-0.5617283950617284,0.30246913580246915,-0.8395061728395061,0.15432098765432098,-0.7777777777777778,0.19135802469135801,-0.5246913580246914,0.15432098765432098,-0.5370370370370371,0.14814814814814814,-0.8024691358024691,-0.05555555555555555,-0.7592592592592593,-0.024691358024691357,-0.5246913580246914,-0.024691358024691357,-0.5370370370370371,-0.030864197530864196,-0.7345679012345679,-0.25308641975308643,-0.7283950617283951,-0.2222222222222222,-0.5555555555555556,-0.19135802469135801,-0.5555555555555556,-0.19753086419753085
3,0.0,0.0,-0.12269938650306748,0.3006134969325153,-0.3619631901840491,0.5705521472392638,-0.5337423312883436,0.7975460122699386,-0.6012269938650306,1.0,-0.754601226993865,0.3558282208588957,-0.8404907975460123,0.3987730061349693,-0.6134969325153374,0.34355828220858897,-0.5521472392638037,0.3128834355828221,-0.7852760736196319,0.15950920245398773,-0.7852760736196319,0.19631901840490798,-0.5214723926380368,0.1656441717791411,-0.5337423312883436,0.15950920245398773,-0.754601226993865,-0.04294478527607362,-0.7668711656441718,-0.018404907975460124,-0.5276073619631901,-0.018404907975460124,-0.5337423312883436,-0.018404907975460124,-0.6932515337423313,-0.24539877300613497,-0.7423312883435583,-0.2147239263803681,-0.5644171779141104,-0.18404907975460122,-0.5460122699386503,-0.18404907975460122
3,0.0,0.0,-0.11801242236024845,0.2981366459627329,-0.34782608695652173,0.5714285714285714,-0.5093167701863354,0.7950310559006211,-0.5900621118012422,1.0,-0.7267080745341615,0.36024844720496896,-0.8322981366459627,0.40372670807453415,-0.6149068322981367,0.34782608695652173,-0.5527950310559007,0.3105590062111801,-0.7639751552795031,0.16770186335403728,-0.7950310559006211,0.20496894409937888,-0.5341614906832298,0.16149068322981366,-0.515527950310559,0.14906832298136646,-0.7453416149068323,-0.037267080745341616,-0.7763975155279503,-0.006211180124223602,-0.5341614906832298,-0.018633540372670808,-0.5279503105590062,-0.018633540372670808,-0.6956521739130435,-0.2360248447204969,-0.7515527950310559,-0.2111801242236025,-0.5714285714285714,-0.18012422360248448,-0.5403726708074534,-0.17391304347826086
3,0.0,0.0,-0.1165644171779141,0.3067484662576687,-0.3496932515337423,0.5766871165644172,-0.5153374233128835,0.7975460122699386,-0.588957055214724,1.0,-0.6993865030674846,0.36809815950920244,-0.852760736196319,0.4049079754601227,-0.6441717791411042,0.3496932515337423,-0.558282208588957,0.31901840490797545,-0.7361963190184049,0.17791411042944785,-0.8159509202453987,0.2085889570552147,-0.5644171779141104,0.17177914110429449,-0.5276073619631901,0.1656441717791411,-0.7239263803680982,-0.018404907975460124,-0.803680981595092,0.006134969325153374,-0.5644171779141104,-0.006134969325153374,-0.5337423312883436,-0.006134969325153374,-0.6809815950920245,-0.2147239263803681,-0.7607361963190185,-0.19631901840490798,-0.588957055214724,-0.1656441717791411,-0.5460122699386503,-0.15950920245398773
3,0.0,0.0,-0.11180124223602485,0.2981366459627329,-0.36645962732919257,0.5714285714285714,-0.546583850931677,0.7950310559006211,-0.6211180124223602,1.0,-0.7267080745341615,0.37888198757763975,-0.8633540372670807,0.40372670807453415,-0.6583850931677019,0.3416149068322981,-0.5714285714285714,0.3167701863354037,-0.7701863354037267,0.18633540372670807,-0.8509316770186336,0.20496894409937888,-0.5962732919254659,0.16770186335403728,-0.5527950310559007,0.16770186335403728,-0.7577639751552795,-0.012422360248447204,-0.8260869565217391,-0.006211180124223602,-0.5962732919254659,-0.018633540372670808,-0.5652173913043478,-0.006211180124223602,-0.7080745341614907,-0.2111801242236025,-0.7950310559006211,-0.2111801242236025,-0.6211180124223602,-0.18012422360248448,-0.5714285714285714,-0.15527950310559005
3,0.0,0.0,-0.10625,0.30625,-0.35625,0.575,-0.54375,0.79375,-0.6125,1.0,-0.7125,0.36875,-0.86875,0.4,-0.65,0.3375,-0.5625,0.3125,-0.75,0.18125,-0.85,0.2,-0.58125,0.1625,-0.54375,0.1625,-0.7375,-0.0125,-0.8375,0.0,-0.5875,-0.01875,-0.55625,-0.00625,-0.69375,-0.20625,-0.80625,-0.20625,-0.61875,-0.175,-0.56875,-0.15625
3,0.0,0.0,-0.11392405063291139,0.310126582278481,-0.37341772151898733,0.5822784810126582,-0.5569620253164557,0.7974683544303798,-0.6392405063291139,1.0,-0.7151898734177216,0.3670886075949367,-0.8860759493670886,0.3987341772151899,-0.6962025316455697,0.34177215189873417,-0.5822784810126582,0.31645569620253167,-0.7531645569620253,0.17721518987341772,-0.879746835443038,0.1962025316455696,-0.6329113924050633,0.15822784810126583,-0.5632911392405063,0.16455696202531644,-0.740506329113924,-0.02531645569620253,-0.8670886075949367,-0.0189873417721519,-0.6392405063291139,-0.02531645569620253,-0.5632911392405063,-0.006329113924050633,-0.689873417721519,-0.22151898734177214,-0.8227848101265823,-0.23417721518987342,-0.6582278481012658,-0.1962025316455696,-0.5822784810126582,-0.16455696202531644
3,0.0,0.0,-0.12658227848101267,0.3227848101265823,-0.36075949367088606,0.5886075949367089,-0.5443037974683544,0.7974683544303798,-0.620253164556962,1.0,-0.6962025316455697,0.37341772151898733,-0.8607594936708861,0.3924050632911392,-0.6835443037974683,0.34177215189873417,-0.5886075949367089,0.3227848101265823,-0.7341772151898734,0.18354430379746836,-0.8607594936708861,0.1962025316455696,-0.6265822784810127,0.15822784810126583,-0.5569620253164557,0.16455696202531644,-0.7278481012658228,-0.0189873417721519,-0.8544303797468354,-0.006329113924050633,-0.620253164556962,-0.012658227848101266,-0.5443037974683544,0.0,-0.6835443037974683,-0.21518987341772153,-0.8291139240506329,-0.2088607594936709,-0.6518987341772152,-0.17721518987341772,-0.5759493670886076,-0.1518987341772152
3,0.0,0.0,-0.12903225806451613,0.3225806451612903,-0.38064516129032255,0.5870967741935483,-0.567741935483871,0.8,-0.6451612903225806,1.0,-0.7096774193548387,0.36129032258064514,-0.9032258064516129,0.3870967741935484,-0.7096774193548387,0.3419354838709677,-0.5870967741935483,0.3161290322580645,-0.7419354838709677,0.16774193548387098,-0.896774193548387,0.1870967741935484,-0.6516129032258065,0.15483870967741936,-0.567741935483871,0.16129032258064516,-0.7290322580645161,-0.03225806451612903,-0.896774193548387,-0.025806451612903226,-0.6645161290322581,-0.01935483870967742,-0.567741935483871,0.0,-0.6774193548387096,-0.23225806451612904,-0.8580645161290322,-0.23870967741935484,-0.6903225806451613,-0.1935483870967742,-0.5935483870967742,-0.15483870967741936
3,0.0,0.0,-0.1518987341772152,0.3291139240506329,-0.3987341772151899,0.5949367088607594,-0.5759493670886076,0.8037974683544303,-0.6518987341772152,1.0,-0.7151898734177216,0.37341772151898733,-0.879746835443038,0.3924050632911392,-0.689873417721519,0.34177215189873417,-0.5886075949367089,0.3227848101265823,-0.7531645569620253,0.18354430379746836,-0.8734177215189873,0.1962025316455696,-0.6392405063291139,0.16455696202531644,-0.5632911392405063,0.17088607594936708,-0.740506329113924,-0.012658227848101266,-0.879746835443038,-0.006329113924050633,-0.6455696202531646,-0.006329113924050633,-0.5569620253164557,0.006329113924050633,-0.6962025316455697,-0.2088607594936709,-0.8544303797468354,-0.20253164556962025,-0.6772151898734177,-0.17088607594936708,-0.5886075949367089,-0.14556962025316456
3,0.0,0.0,-0.1568627450980392,0.3202614379084967,-0.40522875816993464,0.5947712418300654,-0.5882352941176471,0.803921568627451,-0.6601307189542484,1.0,-0.7254901960784313,0.33986928104575165,-0.9084967320261438,0.3660130718954248,-0.7450980392156863,0.32679738562091504,-0.6209150326797386,0.3006535947712418,-0.7516339869281046,0.1503267973856209,-0.9084967320261438,0.16339869281045752,-0.6928104575163399,0.1437908496732026,-0.5882352941176471,0.13725490196078433,-0.738562091503268,-0.0457516339869281,-0.9019607843137255,-0.05228758169934641,-0.6928104575163399,-0.0392156862745098,-0.5882352941176471,-0.0196078431372549,-0.6862745098039216,-0.24183006535947713,-0.8627450980392157,-0.2549019607843137,-0.7124183006535948,-0.20915032679738563,-0.6078431372549019,-0.16993464052287582
3,0.0,0.0,-0.1346153846153846,0.3269230769230769,-0.3717948717948718,0.5961538461538461,-0.5576923076923077,0.8012820512820513,-0.6410256410256411,1.0,-0.7051282051282052,0.3525641025641026,-0.8846153846153846,0.3717948717948718,-0.6858974358974359,0.3269230769230769,-0.5705128205128205,0.3076923076923077,-0.7307692307692307,0.16025641025641027,-0.8653846153846154,0.17307692307692307,-0.6217948717948718,0.14743589743589744,-0.5448717948717948,0.15384615384615385,-0.7243589743589743,-0.03205128205128205,-0.8589743589743589,-0.03205128205128205,-0.6217948717948718,-0.02564102564102564,-0.532051282051282,-0.01282051282051282,-0.6730769230769231,-0.23076923076923078,-0.8333333333333334,-0.23076923076923078,-0.6538461538461539,-0.19230769230769232,-0.5576923076923077,-0.16025641025641027
3,0.0,0.0,-0.1503267973856209,0.3202614379084967,-0.40522875816993464,0.5882352941176471,-0.5882352941176471,0.803921568627451,-0.6666666666666666,1.0,-0.7450980392156863,0.35294117647058826,-0.9150326797385621,0.3660130718954248,-0.7124183006535948,0.3202614379084967,-0.5947712418300654,0.3006535947712418,-0.7712418300653595,0.1568627450980392,-0.8954248366013072,0.16339869281045752,-0.6405228758169934,0.1437908496732026,-0.5686274509803921,0.1503267973856209,-0.7516339869281046,-0.0392156862745098,-0.8823529411764706,-0.0457516339869281,-0.6470588235294118,-0.032679738562091505,-0.5686274509803921,-0.013071895424836602,-0.6928104575163399,-0.23529411764705882,-0.8496732026143791,-0.24836601307189543,-0.6797385620915033,-0.20261437908496732,-0.5947712418300654,-0.16339869281045752
3,0.0,0.0,-0.14285714285714285,0.3181818181818182,-0.38961038961038963,0.5844155844155844,-0.5714285714285714,0.8051948051948052,-0.6493506493506493,1.0,-0.7207792207792207,0.35064935064935066,-0.922077922077922,0.35714285714285715,-0.7142857142857143,0.3181818181818182,-0.577922077922078,0.2987012987012987,-0.7467532467532467,0.15584415584415584,-0.8961038961038961,0.15584415584415584,-0.6428571428571429,0.13636363636363635,-0.538961038961039,0.14935064935064934,-0.7272727272727273,-0.03896103896103896,-0.8701298701298701,-0.045454545454545456,-0.6363636363636364,-0.03896103896103896,-0.5324675324675324,-0.012987012987012988,-0.6753246753246753,-0.23376623376623376,-0.8376623376623377,-0.24025974025974026,-0.6558441558441559,-0.2012987012987013,-0.5584415584415584,-0.16233766233766234
3,0.0,0.0,-0.1456953642384106,0.31788079470198677,-0.41721854304635764,0.5894039735099338,-0.609271523178808,0.8079470198675497,-0.695364238410596,1.0,-0.7549668874172185,0.3509933774834437,-0.9536423841059603,0.36423841059602646,-0.7218543046357616,0.31788079470198677,-0.5960264900662252,0.304635761589404,-0.7748344370860927,0.152317880794702,-0.9337748344370861,0.15894039735099338,-0.6556291390728477,0.1390728476821192,-0.5761589403973509,0.1456953642384106,-0.7549668874172185,-0.046357615894039736,-0.9006622516556292,-0.052980132450331126,-0.6556291390728477,-0.046357615894039736,-0.5761589403973509,-0.026490066225165563,-0.695364238410596,-0.24503311258278146,-0.847682119205298,-0.25165562913907286,-0.6688741721854304,-0.2119205298013245,-0.5960264900662252,-0.17880794701986755
3,0.0,0.0,-0.15333333333333332,0.31333333333333335,-0.42,0.58,-0.6133333333333333,0.8,-0.7066666666666667,1.0,-0.7533333333333333,0.3466666666666667,-0.9666666666666667,0.35333333333333333,-0.7466666666666667,0.31333333333333335,-0.6066666666666667,0.29333333333333333,-0.7666666666666667,0.14666666666666667,-0.94,0.14,-0.66,0.12666666666666668,-0.5733333333333334,0.14,-0.7466666666666667,-0.06,-0.9,-0.06666666666666667,-0.6533333333333333,-0.05333333333333334,-0.5733333333333334,-0.02666666666666667,-0.6933333333333334,-0.25333333333333335,-0.86,-0.26666666666666666,-0.68,-0.22,-0.5933333333333334,-0.18666666666666668
3,0.0,0.0,-0.1554054054054054,0.31756756756756754,-0.43243243243243246,0.581081081081081,-0.6283783783783784,0.8040540540540541,-0.7094594594594594,1.0,-0.7702702702702703,0.34459459459459457,-0.972972972972973,0.34459459459459457,-0.7364864864864865,0.30405405405405406,-0.6081081081081081,0.2905405405405405,-0.7837837837837838,0.14189189189189189,-0.9459459459459459,0.14189189189189189,-0.6554054054054054,0.12837837837837837,-0.5878378378378378,0.14189189189189189,-0.7567567567567568,-0.060810810810810814,-0.9121621621621622,-0.07432432432432433,-0.6486486486486487,-0.060810810810810814,-0.581081081081081,-0.033783783783783786,-0.7027027027027027,-0.25675675675675674,-0.8513513513513513,-0.27702702702702703,-0.668918918918919,-0.22972972972972974,-0.5945945945945946,-0.19594594594594594
3,0.0,0.0,-0.15753424657534246,0.3150684931506849,-0.4383561643835616,0.5821917808219178,-0.636986301369863,0.8013698630136986,-0.7328767123287672,1.0,-0.7876712328767124,0.3287671232876712,-0.9726027397260274,0.3356164383561644,-0.7465753424657534,0.2945205479452055,-0.6164383561643836,0.273972602739726,-0.8013698630136986,0.11643835616438356,-0.952054794520548,0.1232876712328767,-0.6712328767123288,0.11643835616438356,-0.589041095890411,0.1232876712328767,-0.7671232876712328,-0.08904109589041095,-0.910958904109589,-0.08904109589041095,-0.6575342465753424,-0.0684931506849315,-0.5821917808219178,-0.04794520547945205,-0.6986301369863014,-0.2876712328767123,-0.8561643835616438,-0.2945205479452055,-0.6712328767123288,-0.23972602739726026,-0.5821917808219178,-0.2054794520547945
3,0.0,0.0,-0.1506849315068493,0.3082191780821918,-0.4315068493150685,0.5753424657534246,-0.6301369863013698,0.8013698630136986,-0.726027397260274,1.0,-0.7876712328767124,0.3424657534246575,-0.9726027397260274,0.3356164383561644,-0.726027397260274,0.2945205479452055,-0.6095890410958904,0.273972602739726,-0.8013698630136986,0.13013698630136986,-0.9315068493150684,0.13013698630136986,-0.6438356164383562,0.1095890410958904,-0.589041095890411,0.1232876712328767,-0.7671232876712328,-0.07534246575342465,-0.8972602739726028,-0.08904109589041095,-0.636986301369863,-0.07534246575342465,-0.5753424657534246,-0.0547945205479452,-0.7054794520547946,-0.273972602739726,-0.8493150684931506,-0.2945205479452055,-0.6643835616438356,-0.2534246575342466,-0.5958904109589042,-0.2191780821917808
3,0.0,0.0,-0.16551724137931034,0.31724137931034485,-0.4482758620689655,0.5724137931034483,-0.6551724137931034,0.8,-0.7586206896551724,1.0,-0.8,0.3310344827586207,-1.0,0.3310344827586207,-0.7586206896551724,0.296551724137931,-0.6275862068965518,0.27586206896551724,-0.8206896551724138,0.11724137931034483,-0.9586206896551724,0.11724137931034483,-0.6758620689655173,0.1103448275862069,-0.6,0.11724137931034483,-0.7862068965517242,-0.0896551724137931,-0.9241379310344827,-0.09655172413793103,-0.6689655172413793,-0.08275862068965517,-0.6,-0.05517241379310345,-0.7241379310344828,-0.2896551724137931,-0.8827586206896552,-0.30344827586206896,-0.6896551724137931,-0.2482758620689655,-0.6,-0.2206896551724138
3,0.0,0.0,-0.1564625850340136,0.30612244897959184,-0.4557823129251701,0.564625850340136,-0.6530612244897959,0.7959183673469388,-0.7482993197278912,1.0,-0.8027210884353742,0.3401360544217687,-0.9727891156462585,0.3333333333333333,-0.7210884353741497,0.2857142857142857,-0.6054421768707483,0.272108843537415,-0.8163265306122449,0.1292517006802721,-0.9319727891156463,0.12244897959183673,-0.6394557823129252,0.10884353741496598,-0.5986394557823129,0.12244897959183673,-0.782312925170068,-0.08163265306122448,-0.891156462585034,-0.09523809523809523,-0.6326530612244898,-0.07482993197278912,-0.5850340136054422,-0.05442176870748299,-0.7142857142857143,-0.2789115646258503,-0.8503401360544217,-0.29931972789115646,-0.6598639455782312,-0.24489795918367346,-0.5918367346938775,-0.2108843537414966
3,0.0,0.0,-0.1643835616438356,0.3150684931506849,-0.4520547945205479,0.5821917808219178,-0.6506849315068494,0.8013698630136986,-0.7534246575342466,1.0,-0.7876712328767124,0.3219178082191781,-0.9863013698630136,0.3287671232876712,-0.7602739726027398,0.2876712328767123,-0.6232876712328768,0.273972602739726,-0.8082191780821918,0.1095890410958904,-0.958904109589041,0.11643835616438356,-0.678082191780822,0.10273972602739725,-0.5958904109589042,0.11643835616438356,-0.773972602739726,-0.0958904109589041,-0.9178082191780822,-0.0958904109589041,-0.6643835616438356,-0.0821917808219178,-0.589041095890411,-0.06164383561643835,-0.7123287671232876,-0.2945205479452055,-0.863013698630137,-0.2945205479452055,-0.6712328767123288,-0.2465753424657534,-0.5821917808219178,-0.2191780821917808
3,0.0,0.0,-0.17333333333333334,0.32,-0.47333333333333333,0.58,-0.6733333333333333,0.8,-0.7666666666666667,1.0,-0.7933333333333333,0.34,-0.98,0.3466666666666667,-0.7466666666666667,0.30666666666666664,-0.62,0.28,-0.8133333333333334,0.13333333333333333,-0.94,0.13333333333333333,-0.6666666666666666,0.12,-0.6066666666666667,0.12666666666666668,-0.78,-0.07333333333333333,-0.9066666666666666,-0.07333333333333333,-0.6533333333333333,-0.06666666666666667,-0.5933333333333334,-0.04666666666666667,-0.72,-0.26666666666666666,-0.8733333333333333,-0.2733333333333333,-0.6866666666666666,-0.23333333333333334,-0.6066666666666667,-0.20666666666666667
3,0.0,0.0,-0.17567567567567569,0.31756756756756754,-0.47297297297297297,0.5878378378378378,-0.6756756756756757,0.8040540540540541,-0.7837837837837838,1.0,-0.8243243243243243,0.33783783783783783,-0.9797297297297297,0.33783783783783783,-0.75,0.30405405405405406,-0.6418918918918919,0.27702702702702703,-0.8445945945945946,0.12837837837837837,-0.9391891891891891,0.12162162162162163,-0.668918918918919,0.11486486486486487,-0.6216216216216216,0.12162162162162163,-0.8108108108108109,-0.08108108108108109,-0.9121621621621622,-0.08783783783783784,-0.6621621621621622,-0.07432432432432433,-0.6148648648648649,-0.060810810810810814,-0.7432432432432432,-0.2905405405405405,-0.8716216216216216,-0.2972972972972973,-0.6756756756756757,-0.24324324324324326,-0.6148648648648649,-0.21621621621621623
3,0.0,0.0,-0.16891891891891891,0.3108108108108108,-0.4594594594594595,0.5743243243243243,-0.668918918918919,0.8040540540540541,-0.777027027027027,1.0,-0.8175675675675675,0.35135135135135137,-0.9594594594594594,0.35135135135135137,-0.7364864864864865,0.30405405405405406,-0.6351351351351351,0.28378378378378377,-0.8513513513513513,0.14189189189189189,-0.9256756756756757,0.12837837837837837,-0.6486486486486487,0.11486486486486487,-0.6081081081081081,0.12837837837837837,-0.8175675675675675,-0.08108108108108109,-0.8918918918918919,-0.08783783783783784,-0.6418918918918919,-0.08108108108108109,-0.6013513513513513,-0.060810810810810814,-0.7432432432432432,-0.2905405405405405,-0.8581081081081081,-0.30405405405405406,-0.668918918918919,-0.25675675675675674,-0.6081081081081081,-0.21621621621621623
3,0.0,0.0,-0.16666666666666666,0.30666666666666664,-0.46,0.5733333333333334,-0.6733333333333333,0.7933333333333333,-0.78,1.0,-0.84,0.34,-0.9466666666666667,0.32666666666666666,-0.7066666666666667,0.2866666666666667,-0.6266666666666667,0.2733333333333333,-0.8733333333333333,0.12,-0.9066666666666666,0.10666666666666667,-0.6266666666666667,0.10666666666666667,-0.6133333333333333,0.13333333333333333,-0.8333333333333334,-0.1,-0.8733333333333333,-0.11333333333333333,-0.62,-0.08666666666666667,-0.5933333333333334,-0.06,-0.7466666666666667,-0.30666666666666664,-0.8266666666666667,-0.32,-0.6333333333333333,-0.26,-0.5866666666666667,-0.22
3,0.0,0.0,-0.17647058823529413,0.3137254901960784,-0.49019607843137253,0.5816993464052288,-0.6993464052287581,0.7973856209150327,-0.803921568627451,1.0,-0.8627450980392157,0.3464052287581699,-0.9477124183006536,0.33986928104575165,-0.7124183006535948,0.3006535947712418,-0.6405228758169934,0.28104575163398693,-0.8954248366013072,0.13071895424836602,-0.8954248366013072,0.11764705882352941,-0.6274509803921569,0.11764705882352941,-0.6209150326797386,0.13071895424836602,-0.8496732026143791,-0.0915032679738562,-0.8562091503267973,-0.09803921568627451,-0.6143790849673203,-0.0784313725490196,-0.6078431372549019,-0.058823529411764705,-0.7712418300653595,-0.3006535947712418,-0.8235294117647058,-0.3006535947712418,-0.6339869281045751,-0.24836601307189543,-0.6013071895424836,-0.2222222222222222
3,0.0,0.0,-0.16339869281045752,0.3137254901960784,-0.477124183006536,0.5882352941176471,-0.6993464052287581,0.803921568627451,-0.8104575163398693,1.0,-0.8627450980392157,0.3464052287581699,-0.9673202614379085,0.35947712418300654,-0.7320261437908496,0.3137254901960784,-0.6405228758169934,0.28104575163398693,-0.9019607843137255,0.12418300653594772,-0.9150326797385621,0.13725490196078433,-0.6339869281045751,0.12418300653594772,-0.6013071895424836,0.13071895424836602,-0.8627450980392157,-0.09803921568627451,-0.869281045751634,-0.09803921568627451,-0.6143790849673203,-0.0784313725490196,-0.5947712418300654,-0.06535947712418301,-0.7843137254901961,-0.3137254901960784,-0.8235294117647058,-0.3006535947712418,-0.6274509803921569,-0.24836601307189543,-0.5947712418300654,-0.2222222222222222
3,0.0,0.0,-0.14935064935064934,0.3116883116883117,-0.4675324675324675,0.577922077922078,-0.6818181818181818,0.7922077922077922,-0.7987012987012987,1.0,-0.8896103896103896,0.33116883116883117,-0.9285714285714286,0.35064935064935066,-0.6883116883116883,0.3116883116883117,-0.6233766233766234,0.2792207792207792,-0.922077922077922,0.11038961038961038,-0.8701298701298701,0.12337662337662338,-0.6038961038961039,0.12337662337662338,-0.5974025974025974,0.12337662337662338,-0.8701298701298701,-0.11688311688311688,-0.8116883116883117,-0.1038961038961039,-0.5714285714285714,-0.07142857142857142,-0.5844155844155844,-0.06493506493506493,-0.7792207792207793,-0.33116883116883117,-0.7727272727272727,-0.3051948051948052,-0.5844155844155844,-0.24675324675324675,-0.5714285714285714,-0.22077922077922077
3,0.0,0.0,-0.17532467532467533,0.3051948051948052,-0.4935064935064935,0.564935064935065,-0.7077922077922078,0.7922077922077922,-0.8311688311688312,1.0,-0.9090909090909091,0.3181818181818182,-0.9415584415584416,0.36363636363636365,-0.7012987012987013,0.3246753246753247,-0.6493506493506493,0.2792207792207792,-0.9415584415584416,0.09740259740259741,-0.8831168831168831,0.13636363636363635,-0.6103896103896104,0.13636363636363635,-0.6233766233766234,0.12337662337662338,-0.8831168831168831,-0.12337662337662338,-0.8311688311688312,-0.09740259740259741,-0.5844155844155844,-0.06493506493506493,-0.6038961038961039,-0.06493506493506493,-0.7922077922077922,-0.33766233766233766,-0.7857142857142857,-0.3051948051948052,-0.5974025974025974,-0.24025974025974026,-0.5844155844155844,-0.22727272727272727
3,0.0,0.0,-0.1858974358974359,0.3141025641025641,-0.5064102564102564,0.5641025641025641,-0.717948717948718,0.7884615384615384,-0.8397435897435898,1.0,-0.9294871794871795,0.30128205128205127,-0.9230769230769231,0.38461538461538464,-0.6730769230769231,0.34615384615384615,-0.6410256410256411,0.28846153846153844,-0.9551282051282052,0.08333333333333333,-0.8589743589743589,0.16666666666666666,-0.5897435897435898,0.16666666666666666,-0.6153846153846154,0.1282051282051282,-0.8846153846153846,-0.1346153846153846,-0.8141025641025641,-0.07051282051282051,-0.5641025641025641,-0.03205128205128205,-0.5961538461538461,-0.057692307692307696,-0.782051282051282,-0.33974358974358976,-0.7628205128205128,-0.28205128205128205,-0.5769230769230769,-0.21794871794871795,-0.5769230769230769,-0.22435897435897437
3,0.0,0.0,-0.19480519480519481,0.3181818181818182,-0.5194805194805194,0.564935064935065,-0.7337662337662337,0.7857142857142857,-0.8636363636363636,1.0,-0.9675324675324676,0.2987012987012987,-0.9155844155844156,0.38311688311688313,-0.6753246753246753,0.33766233766233766,-0.6493506493506493,0.2792207792207792,-0.9935064935064936,0.07792207792207792,-0.8571428571428571,0.16233766233766234,-0.5974025974025974,0.15584415584415584,-0.6298701298701299,0.12337662337662338,-0.922077922077922,-0.14935064935064934,-0.8051948051948052,-0.07142857142857142,-0.5714285714285714,-0.045454545454545456,-0.6103896103896104,-0.07142857142857142,-0.8181818181818182,-0.35714285714285715,-0.7597402597402597,-0.2857142857142857,-0.577922077922078,-0.22727272727272727,-0.5844155844155844,-0.24675324675324675
3,0.0,0.0,-0.18471337579617833,0.3184713375796178,-0.5031847133757962,0.5732484076433121,-0.7197452229299363,0.7898089171974523,-0.8407643312101911,1.0,-0.9617834394904459,0.31210191082802546,-0.8726114649681529,0.3885350318471338,-0.6369426751592356,0.3375796178343949,-0.6369426751592356,0.28662420382165604,-0.9872611464968153,0.09554140127388536,-0.821656050955414,0.17834394904458598,-0.5732484076433121,0.1592356687898089,-0.6242038216560509,0.12738853503184713,-0.9171974522292994,-0.12738853503184713,-0.7770700636942676,-0.05732484076433121,-0.5477707006369427,-0.03821656050955414,-0.6050955414012739,-0.06369426751592357,-0.8089171974522293,-0.3375796178343949,-0.732484076433121,-0.27388535031847133,-0.5477707006369427,-0.2229299363057325,-0.5668789808917197,-0.24203821656050956
3,0.0,0.0,-0.18354430379746836,0.31645569620253167,-0.5,0.569620253164557,-0.7151898734177216,0.7911392405063291,-0.8417721518987342,1.0,-0.9556962025316456,0.3037974683544304,-0.8544303797468354,0.3860759493670886,-0.620253164556962,0.3227848101265823,-0.620253164556962,0.27848101265822783,-0.9873417721518988,0.08860759493670886,-0.810126582278481,0.17088607594936708,-0.5569620253164557,0.1518987341772152,-0.6075949367088608,0.12025316455696203,-0.9177215189873418,-0.13291139240506328,-0.7658227848101266,-0.06329113924050633,-0.5316455696202531,-0.04430379746835443,-0.5886075949367089,-0.06962025316455696,-0.8164556962025317,-0.34177215189873417,-0.7151898734177216,-0.2848101265822785,-0.5316455696202531,-0.22784810126582278,-0.5506329113924051,-0.23417721518987342
3,0.0,0.0,-0.1910828025477707,0.3184713375796178,-0.5159235668789809,0.5668789808917197,-0.7261146496815286,0.7898089171974523,-0.8535031847133758,1.0,-0.9681528662420382,0.28662420382165604,-0.8407643312101911,0.3821656050955414,-0.6114649681528662,0.3184713375796178,-0.6242038216560509,0.25477707006369427,-0.9872611464968153,0.06369426751592357,-0.8089171974522293,0.16560509554140126,-0.5605095541401274,0.1464968152866242,-0.6114649681528662,0.09554140127388536,-0.910828025477707,-0.15286624203821655,-0.7643312101910829,-0.07006369426751592,-0.535031847133758,-0.044585987261146494,-0.5923566878980892,-0.08280254777070063,-0.7961783439490446,-0.35668789808917195,-0.7197452229299363,-0.29936305732484075,-0.5414012738853503,-0.2356687898089172,-0.554140127388535,-0.25477707006369427
3,0.0,0.0,-0.1875,0.3375,-0.49375,0.58125,-0.70625,0.7875,-0.83125,1.0,-0.93125,0.3125,-0.8125,0.3875,-0.58125,0.325,-0.5875,0.275,-0.9625,0.09375,-0.7875,0.18125,-0.5375,0.1625,-0.58125,0.11875,-0.89375,-0.13125,-0.74375,-0.05,-0.5125,-0.03125,-0.5625,-0.0625,-0.78125,-0.33125,-0.6875,-0.26875,-0.5125,-0.2125,-0.525,-0.23125
3,0.0,0.0,-0.20125786163522014,0.3270440251572327,-0.5157232704402516,0.5723270440251572,-0.7295597484276729,0.7924528301886793,-0.8553459119496856,1.0,-0.9748427672955975,0.3018867924528302,-0.8490566037735849,0.4088050314465409,-0.6163522012578616,0.33962264150943394,-0.6163522012578616,0.27044025157232704,-1.0,0.08176100628930817,-0.8113207547169812,0.20125786163522014,-0.559748427672956,0.16981132075471697,-0.6037735849056604,0.11320754716981132,-0.9182389937106918,-0.13836477987421383,-0.7610062893081762,-0.03773584905660377,-0.5345911949685535,-0.018867924528301886,-0.5786163522012578,-0.06289308176100629,-0.8050314465408805,-0.33962264150943394,-0.7044025157232704,-0.27044025157232704,-0.5283018867924528,-0.20754716981132076,-0.5471698113207547,-0.23270440251572327
3,0.0,0.0,-0.2,0.33125,-0.5125,0.575,-0.71875,0.79375,-0.85,1.0,-0.95625,0.3,-0.84375,0.40625,-0.60625,0.3375,-0.60625,0.26875,-0.98125,0.08125,-0.80625,0.19375,-0.55625,0.16875,-0.6,0.1125,-0.90625,-0.1375,-0.75625,-0.04375,-0.525,-0.025,-0.575,-0.0625,-0.79375,-0.3375,-0.69375,-0.26875,-0.51875,-0.20625,-0.5375,-0.23125
3,0.0,0.0,-0.19375,0.325,-0.5125,0.575,-0.71875,0.79375,-0.84375,1.0,-0.95625,0.2875,-0.84375,0.4,-0.6125,0.3375,-0.60625,0.26875,-0.98125,0.06875,-0.8,0.1875,-0.55,0.1625,-0.59375,0.10625,-0.9,-0.14375,-0.75,-0.04375,-0.525,-0.025,-0.56875,-0.06875,-0.7875,-0.34375,-0.7,-0.2625,-0.525,-0.20625,-0.54375,-0.2375
3,0.0,0.0,-0.19375,0.325,-0.50625,0.575,-0.7125,0.7875,-0.8375,1.0,-0.95625,0.2875,-0.83125,0.4,-0.60625,0.3375,-0.6,0.26875,-0.975,0.0625,-0.79375,0.1875,-0.55,0.1625,-0.5875,0.10625,-0.9,-0.15,-0.75,-0.04375,-0.51875,-0.025,-0.5625,-0.06875,-0.78125,-0.35,-0.6875,-0.26875,-0.51875,-0.2125,-0.53125,-0.24375
3,0.0,0.0,-0.1949685534591195,0.3270440251572327,-0.5031446540880503,0.5786163522012578,-0.7044025157232704,0.7924528301886793,-0.8364779874213837,1.0,-0.9622641509433962,0.27672955974842767,-0.8238993710691824,0.39622641509433965,-0.5974842767295597,0.3333333333333333,-0.5974842767295597,0.2641509433962264,-0.9811320754716981,0.05660377358490566,-0.7861635220125787,0.18238993710691823,-0.5408805031446541,0.15723270440251572,-0.5786163522012578,0.10062893081761007,-0.89937106918239,-0.16352201257861634,-0.7358490566037735,-0.05660377358490566,-0.5094339622641509,-0.03773584905660377,-0.559748427672956,-0.08176100628930817,-0.779874213836478,-0.3584905660377358,-0.6792452830188679,-0.2830188679245283,-0.5031446540880503,-0.22641509433962265,-0.5220125786163522,-0.25157232704402516
3,0.0,0.0,-0.19254658385093168,0.32919254658385094,-0.4968944099378882,0.577639751552795,-0.7018633540372671,0.7950310559006211,-0.8322981366459627,1.0,-0.9503105590062112,0.2919254658385093,-0.8198757763975155,0.40372670807453415,-0.5962732919254659,0.33540372670807456,-0.5962732919254659,0.2670807453416149,-0.968944099378882,0.06832298136645963,-0.782608695652174,0.19254658385093168,-0.5403726708074534,0.16770186335403728,-0.5838509316770186,0.11180124223602485,-0.8944099378881988,-0.14906832298136646,-0.7329192546583851,-0.049689440993788817,-0.5031055900621118,-0.031055900621118012,-0.5590062111801242,-0.06832298136645963,-0.7763975155279503,-0.34782608695652173,-0.6770186335403726,-0.2732919254658385,-0.5093167701863354,-0.21739130434782608,-0.5279503105590062,-0.2422360248447205
3,0.0,0.0,-0.19254658385093168,0.32298136645962733,-0.5031055900621118,0.5714285714285714,-0.7080745341614907,0.7888198757763976,-0.8322981366459627,1.0,-0.9503105590062112,0.2857142857142857,-0.8260869565217391,0.39751552795031053,-0.6024844720496895,0.32919254658385094,-0.6086956521739131,0.2608695652173913,-0.968944099378882,0.062111801242236024,-0.7888198757763976,0.18012422360248448,-0.546583850931677,0.15527950310559005,-0.5900621118012422,0.09937888198757763,-0.8881987577639752,-0.15527950310559005,-0.7391304347826086,-0.055900621118012424,-0.515527950310559,-0.037267080745341616,-0.5652173913043478,-0.08074534161490683,-0.7763975155279503,-0.35403726708074534,-0.6832298136645962,-0.2795031055900621,-0.5093167701863354,-0.2236024844720497,-0.5279503105590062,-0.2484472049689441
3,0.0,0.0,-0.18125,0.325,-0.50625,0.58125,-0.7125,0.79375,-0.84375,1.0,-0.9625,0.29375,-0.84375,0.4125,-0.6,0.34375,-0.6,0.26875,-0.98125,0.075,-0.7875,0.19375,-0.54375,0.1625,-0.5875,0.10625,-0.89375,-0.15,-0.73125,-0.04375,-0.5125,-0.025,-0.5625,-0.075,-0.78125,-0.35,-0.675,-0.26875,-0.50625,-0.2125,-0.525,-0.24375
3,0.0,0.0,-0.19375,0.325,-0.5125,0.575,-0.725,0.79375,-0.85,1.0,-0.9625,0.275,-0.85,0.4,-0.60625,0.33125,-0.6,0.25625,-0.98125,0.05625,-0.8,0.1875,-0.55,0.15625,-0.5875,0.1,-0.9,-0.1625,-0.75,-0.05,-0.51875,-0.03125,-0.5625,-0.08125,-0.78125,-0.35625,-0.69375,-0.275,-0.51875,-0.2125,-0.5375,-0.24375
3,0.0,0.0,-0.19875776397515527,0.3167701863354037,-0.515527950310559,0.5652173913043478,-0.7267080745341615,0.782608695652174,-0.8571428571428571,0.9875776397515528,-0.9813664596273292,0.2857142857142857,-0.8385093167701864,0.38509316770186336,-0.6086956521739131,0.3167701863354037,-0.6273291925465838,0.2422360248447205,-1.0,0.06832298136645963,-0.7950310559006211,0.17391304347826086,-0.5527950310559007,0.14285714285714285,-0.6086956521739131,0.09316770186335403,-0.9130434782608695,-0.14906832298136646,-0.7453416149068323,-0.062111801242236024,-0.5279503105590062,-0.043478260869565216,-0.5900621118012422,-0.08695652173913043,-0.7950310559006211,-0.34782608695652173,-0.6894409937888198,-0.2857142857142857,-0.5217391304347826,-0.22981366459627328,-0.546583850931677,-0.2484472049689441
3,0.0,0.0,-0.18867924528301888,0.3081761006289308,-0.5094339622641509,0.559748427672956,-0.7232704402515723,0.7735849056603774,-0.8553459119496856,0.9811320754716981,-0.9811320754716981,0.2893081761006289,-0.8553459119496856,0.34591194968553457,-0.6163522012578616,0.2893081761006289,-0.6163522012578616,0.24528301886792453,-1.0,0.06289308176100629,-0.8050314465408805,0.12578616352201258,-0.5534591194968553,0.11949685534591195,-0.5974842767295597,0.09433962264150944,-0.9182389937106918,-0.15723270440251572,-0.7547169811320755,-0.1069182389937107,-0.5283018867924528,-0.07547169811320754,-0.5786163522012578,-0.09433962264150944,-0.7987421383647799,-0.36477987421383645,-0.710691823899371,-0.3270440251572327,-0.5345911949685535,-0.2578616352201258,-0.5408805031446541,-0.25157232704402516
3,0.0,0.0,-0.1858974358974359,0.30128205128205127,-0.5064102564102564,0.5576923076923077,-0.7243589743589743,0.7692307692307693,-0.8589743589743589,0.9743589743589743,-0.9871794871794872,0.27564102564102566,-0.8653846153846154,0.3269230769230769,-0.6346153846153846,0.28846153846153844,-0.6346153846153846,0.25,-1.0,0.05128205128205128,-0.8076923076923077,0.10256410256410256,-0.5576923076923077,0.10897435897435898,-0.6089743589743589,0.09615384615384616,-0.9166666666666666,-0.17307692307692307,-0.7564102564102564,-0.1282051282051282,-0.5256410256410257,-0.08974358974358974,-0.5769230769230769,-0.09615384615384616,-0.7884615384615384,-0.38461538461538464,-0.7115384615384616,-0.34615384615384615,-0.532051282051282,-0.27564102564102566,-0.5448717948717948,-0.2692307692307692
3,0.0,0.0,-0.1858974358974359,0.28846153846153844,-0.5064102564102564,0.5448717948717948,-0.717948717948718,0.7628205128205128,-0.8589743589743589,0.9743589743589743,-0.9807692307692307,0.28205128205128205,-0.8846153846153846,0.3141025641025641,-0.6410256410256411,0.27564102564102566,-0.6217948717948718,0.25,-1.0,0.057692307692307696,-0.8333333333333334,0.08974358974358974,-0.5641025641025641,0.09615384615384616,-0.6025641025641025,0.09615384615384616,-0.9166666666666666,-0.16666666666666666,-0.782051282051282,-0.14102564102564102,-0.5384615384615384,-0.10256410256410256,-0.5769230769230769,-0.09615384615384616,-0.7884615384615384,-0.3782051282051282,-0.7243589743589743,-0.36538461538461536,-0.5384615384615384,-0.28846153846153844,-0.5384615384615384,-0.2564102564102564
3,0.0,0.0,-0.17647058823529413,0.29411764705882354,-0.5098039215686274,0.5490196078431373,-0.7320261437908496,0.7712418300653595,-0.869281045751634,0.9803921568627451,-0.9869281045751634,0.2679738562091503,-0.9281045751633987,0.3006535947712418,-0.673202614379085,0.2679738562091503,-0.6405228758169934,0.24183006535947713,-1.0,0.032679738562091505,-0.8496732026143791,0.0718954248366013,-0.5751633986928104,0.08496732026143791,-0.6078431372549019,0.0784313725490196,-0.9150326797385621,-0.1895424836601307,-0.7843137254901961,-0.1568627450980392,-0.5424836601307189,-0.1111111111111111,-0.5816993464052288,-0.1111111111111111,-0.7908496732026143,-0.40522875816993464,-0.7254901960784313,-0.3790849673202614,-0.5424836601307189,-0.3006535947712418,-0.5490196078431373,-0.28104575163398693
3,0.0,0.0,-0.17880794701986755,0.304635761589404,-0.5165562913907285,0.5695364238410596,-0.7483443708609272,0.7880794701986755,-0.8874172185430463,0.9933774834437086,-0.9933774834437086,0.2847682119205298,-0.9337748344370861,0.2980132450331126,-0.6754966887417219,0.271523178807947,-0.6423841059602649,0.24503311258278146,-1.0,0.052980132450331126,-0.8675496688741722,0.06622516556291391,-0.5827814569536424,0.09271523178807947,-0.6158940397350994,0.09271523178807947,-0.9205298013245033,-0.17880794701986755,-0.7947019867549668,-0.16556291390728478,-0.543046357615894,-0.11258278145695365,-0.5894039735099338,-0.10596026490066225,-0.8013245033112583,-0.3973509933774834,-0.7483443708609272,-0.37748344370860926,-0.5562913907284768,-0.304635761589404,-0.5629139072847682,-0.2781456953642384
3,0.0,0.0,-0.16216216216216217,0.2905405405405405,-0.5,0.5608108108108109,-0.7364864864864865,0.7837837837837838,-0.8716216216216216,1.0,-0.9527027027027027,0.3108108108108108,-0.9459459459459459,0.2972972972972973,-0.6824324324324325,0.2702702702702703,-0.6148648648648649,0.25,-0.9662162162162162,0.06756756756756757,-0.8716216216216216,0.060810810810810814,-0.581081081081081,0.08108108108108109,-0.5878378378378378,0.0945945945945946,-0.8918918918918919,-0.17567567567567569,-0.7905405405405406,-0.16891891891891891,-0.5337837837837838,-0.12162162162162163,-0.5608108108108109,-0.10135135135135136,-0.7837837837837838,-0.39864864864864863,-0.7364864864864865,-0.38513513513513514,-0.5405405405405406,-0.3108108108108108,-0.5337837837837838,-0.27702702702702703
3,0.0,0.0,-0.1875,0.2847222222222222,-0.5277777777777778,0.5486111111111112,-0.7708333333333334,0.7777777777777778,-0.9166666666666666,0.9861111111111112,-0.9652777777777778,0.2916666666666667,-1.0,0.2777777777777778,-0.7291666666666666,0.2569444444444444,-0.6666666666666666,0.2361111111111111,-0.9652777777777778,0.04861111111111111,-0.9236111111111112,0.04861111111111111,-0.6180555555555556,0.06944444444444445,-0.625,0.08333333333333333,-0.8888888888888888,-0.1875,-0.8402777777777778,-0.19444444444444445,-0.5694444444444444,-0.14583333333333334,-0.5902777777777778,-0.125,-0.7777777777777778,-0.4166666666666667,-0.7847222222222222,-0.4166666666666667,-0.5763888888888888,-0.3402777777777778,-0.5625,-0.3055555555555556
3,0.0,0.0,-0.18055555555555555,0.2916666666666667,-0.5,0.5555555555555556,-0.7430555555555556,0.7916666666666666,-0.8888888888888888,1.0,-0.8958333333333334,0.3055555555555556,-0.9861111111111112,0.2708333333333333,-0.7222222222222222,0.25,-0.6458333333333334,0.24305555555555555,-0.8888888888888888,0.06944444444444445,-0.9027777777777778,0.041666666666666664,-0.6041666666666666,0.06944444444444445,-0.5972222222222222,0.09722222222222222,-0.8194444444444444,-0.1597222222222222,-0.8333333333333334,-0.1875,-0.5555555555555556,-0.1388888888888889,-0.5555555555555556,-0.10416666666666667,-0.7222222222222222,-0.3819444444444444,-0.7777777777777778,-0.4027777777777778,-0.5694444444444444,-0.3333333333333333,-0.5416666666666666,-0.2847222222222222
3,0.0,0.0,-0.1793103448275862,0.2827586206896552,-0.5103448275862069,0.5448275862068965,-0.7448275862068966,0.7793103448275862,-0.8758620689655172,0.9862068965517241,-0.896551724137931,0.2896551724137931,-1.0,0.27586206896551724,-0.7379310344827587,0.2482758620689655,-0.6551724137931034,0.23448275862068965,-0.903448275862069,0.05517241379310345,-0.9103448275862069,0.04827586206896552,-0.6137931034482759,0.06206896551724138,-0.6068965517241379,0.07586206896551724,-0.8344827586206897,-0.1724137931034483,-0.8344827586206897,-0.18620689655172415,-0.5724137931034483,-0.14482758620689656,-0.5724137931034483,-0.1103448275862069,-0.7379310344827587,-0.3931034482758621,-0.7793103448275862,-0.4068965517241379,-0.5793103448275863,-0.3310344827586207,-0.5517241379310345,-0.2827586206896552
3,0.0,0.0,-0.18620689655172415,0.2827586206896552,-0.5172413793103449,0.5448275862068965,-0.7517241379310344,0.7793103448275862,-0.8896551724137931,0.9862068965517241,-0.8758620689655172,0.2827586206896552,-1.0,0.25517241379310346,-0.7310344827586207,0.23448275862068965,-0.6551724137931034,0.22758620689655173,-0.8758620689655172,0.04827586206896552,-0.9103448275862069,0.034482758620689655,-0.6137931034482759,0.05517241379310345,-0.6068965517241379,0.07586206896551724,-0.8137931034482758,-0.1724137931034483,-0.8344827586206897,-0.19310344827586207,-0.5724137931034483,-0.14482758620689656,-0.5724137931034483,-0.11724137931034483,-0.7241379310344828,-0.38620689655172413,-0.7862068965517242,-0.4,-0.5862068965517241,-0.32413793103448274,-0.5586206896551724,-0.2896551724137931
3,0.0,0.0,-0.18055555555555555,0.2916666666666667,-0.5138888888888888,0.5555555555555556,-0.7569444444444444,0.7847222222222222,-0.8888888888888888,0.9930555555555556,-0.8680555555555556,0.2986111111111111,-1.0,0.2708333333333333,-0.7430555555555556,0.25,-0.6458333333333334,0.24305555555555555,-0.8680555555555556,0.06944444444444445,-0.9236111111111112,0.04861111111111111,-0.6319444444444444,0.0625,-0.6041666666666666,0.09027777777777778,-0.8125,-0.1527777777777778,-0.8541666666666666,-0.18055555555555555,-0.5902777777777778,-0.1388888888888889,-0.5763888888888888,-0.09722222222222222,-0.7222222222222222,-0.3680555555555556,-0.7986111111111112,-0.3958333333333333,-0.6041666666666666,-0.3263888888888889,-0.5694444444444444,-0.2708333333333333
3,0.0,0.0,-0.176056338028169,0.28169014084507044,-0.5,0.5492957746478874,-0.7464788732394366,0.7887323943661971,-0.8802816901408451,0.9929577464788732,-0.852112676056338,0.2887323943661972,-1.0,0.2605633802816901,-0.7394366197183099,0.23943661971830985,-0.6408450704225352,0.23943661971830985,-0.852112676056338,0.056338028169014086,-0.9295774647887324,0.04225352112676056,-0.6197183098591549,0.06338028169014084,-0.5985915492957746,0.08450704225352113,-0.7887323943661971,-0.16901408450704225,-0.852112676056338,-0.19718309859154928,-0.5845070422535211,-0.14788732394366197,-0.5704225352112676,-0.11267605633802817,-0.704225352112676,-0.38028169014084506,-0.7887323943661971,-0.4084507042253521,-0.5915492957746479,-0.33098591549295775,-0.5492957746478874,-0.2887323943661972
3,0.0,0.0,-0.176056338028169,0.2887323943661972,-0.5,0.5492957746478874,-0.7394366197183099,0.7676056338028169,-0.8661971830985915,0.9647887323943662,-0.852112676056338,0.29577464788732394,-1.0,0.2535211267605634,-0.7464788732394366,0.2323943661971831,-0.647887323943662,0.2323943661971831,-0.8450704225352113,0.06338028169014084,-0.9225352112676056,0.035211267605633804,-0.6267605633802817,0.04929577464788732,-0.6056338028169014,0.08450704225352113,-0.7816901408450704,-0.1619718309859155,-0.852112676056338,-0.19718309859154928,-0.5845070422535211,-0.14788732394366197,-0.5633802816901409,-0.1056338028169014,-0.6971830985915493,-0.3732394366197183,-0.7816901408450704,-0.4014084507042254,-0.5845070422535211,-0.33098591549295775,-0.5422535211267606,-0.2746478873239437
3,0.0,0.0,-0.18055555555555555,0.2777777777777778,-0.5,0.5208333333333334,-0.7361111111111112,0.7291666666666666,-0.8611111111111112,0.9305555555555556,-0.8402777777777778,0.2638888888888889,-1.0,0.2152777777777778,-0.75,0.19444444444444445,-0.6388888888888888,0.2013888888888889,-0.8194444444444444,0.027777777777777776,-0.9166666666666666,-0.013888888888888888,-0.6180555555555556,0.020833333333333332,-0.5902777777777778,0.0625,-0.7569444444444444,-0.1875,-0.8333333333333334,-0.2361111111111111,-0.5694444444444444,-0.18055555555555555,-0.5486111111111112,-0.13194444444444445,-0.6666666666666666,-0.3958333333333333,-0.7638888888888888,-0.4444444444444444,-0.5763888888888888,-0.3680555555555556,-0.5277777777777778,-0.3055555555555556
3,0.0,0.0,-0.1917808219178082,0.2808219178082192,-0.5136986301369864,0.5136986301369864,-0.7397260273972602,0.7191780821917808,-0.863013698630137,0.910958904109589,-0.821917808219178,0.2465753424657534,-1.0,0.1917808219178082,-0.7465753424657534,0.1780821917808219,-0.636986301369863,0.1917808219178082,-0.8082191780821918,0.02054794520547945,-0.9041095890410958,-0.02054794520547945,-0.6164383561643836,0.0136986301369863,-0.589041095890411,0.0547945205479452,-0.7397260273972602,-0.1917808219178082,-0.8287671232876712,-0.23972602739726026,-0.5821917808219178,-0.18493150684931506,-0.5547945205479452,-0.13013698630136986,-0.6438356164383562,-0.3904109589041096,-0.7602739726027398,-0.4452054794520548,-0.5821917808219178,-0.3698630136986301,-0.5342465753424658,-0.3082191780821918
3,0.0,0.0,-0.19727891156462585,0.2789115646258503,-0.5170068027210885,0.5034013605442177,-0.7619047619047619,0.7074829931972789,-0.8843537414965986,0.9047619047619048,-0.8163265306122449,0.25170068027210885,-1.0,0.19047619047619047,-0.7482993197278912,0.17687074829931973,-0.6394557823129252,0.19047619047619047,-0.8027210884353742,0.027210884353741496,-0.9183673469387755,-0.027210884353741496,-0.6258503401360545,0.013605442176870748,-0.5986394557823129,0.061224489795918366,-0.7414965986394558,-0.19047619047619047,-0.8435374149659864,-0.24489795918367346,-0.5918367346938775,-0.1836734693877551,-0.564625850340136,-0.1292517006802721,-0.6530612244897959,-0.38095238095238093,-0.782312925170068,-0.4489795918367347,-0.5986394557823129,-0.3741496598639456,-0.54421768707483,-0.30612244897959184
3,0.0,0.0,-0.1836734693877551,0.2789115646258503,-0.5034013605442177,0.4965986394557823,-0.7619047619047619,0.6938775510204082,-0.891156462585034,0.891156462585034,-0.8231292517006803,0.24489795918367346,-1.0,0.17006802721088435,-0.7414965986394558,0.16326530612244897,-0.6394557823129252,0.1836734693877551,-0.7891156462585034,0.02040816326530612,-0.9183673469387755,-0.04081632653061224,-0.6190476190476191,0.0,-0.5986394557823129,0.05442176870748299,-0.7278911564625851,-0.19047619047619047,-0.8435374149659864,-0.25170068027210885,-0.5850340136054422,-0.19047619047619047,-0.564625850340136,-0.1292517006802721,-0.6394557823129252,-0.38095238095238093,-0.7687074829931972,-0.4557823129251701,-0.5850340136054422,-0.38095238095238093,-0.5374149659863946,-0.3129251700680272
3,0.0,0.0,-0.1836734693877551,0.2653061224489796,-0.5170068027210885,0.4897959183673469,-0.7619047619047619,0.6870748299319728,-0.8979591836734694,0.8775510204081632,-0.8163265306122449,0.23129251700680273,-1.0,0.1564625850340136,-0.7482993197278912,0.1564625850340136,-0.6394557823129252,0.17006802721088435,-0.7959183673469388,0.0,-0.9115646258503401,-0.061224489795918366,-0.6122448979591837,-0.006802721088435374,-0.5918367346938775,0.04081632653061224,-0.7278911564625851,-0.2108843537414966,-0.8299319727891157,-0.272108843537415,-0.5714285714285714,-0.20408163265306123,-0.5578231292517006,-0.14965986394557823,-0.6394557823129252,-0.4013605442176871,-0.7619047619047619,-0.46938775510204084,-0.5782312925170068,-0.3877551020408163,-0.5306122448979592,-0.32653061224489793
3,0.0,0.0,-0.1888111888111888,0.2727272727272727,-0.5174825174825175,0.4965034965034965,-0.7762237762237763,0.6923076923076923,-0.916083916083916,0.8881118881118881,-0.8391608391608392,0.22377622377622378,-1.0,0.13986013986013987,-0.7342657342657343,0.14685314685314685,-0.6363636363636364,0.16783216783216784,-0.8111888111888111,-0.006993006993006993,-0.9090909090909091,-0.07692307692307693,-0.6013986013986014,-0.013986013986013986,-0.6013986013986014,0.04195804195804196,-0.7412587412587412,-0.21678321678321677,-0.8251748251748252,-0.2937062937062937,-0.5664335664335665,-0.2097902097902098,-0.5594405594405595,-0.14685314685314685,-0.6503496503496503,-0.4125874125874126,-0.7552447552447552,-0.48951048951048953,-0.5734265734265734,-0.40559440559440557,-0.5314685314685315,-0.3356643356643357
3,0.0,0.0,-0.1875,0.2638888888888889,-0.5208333333333334,0.4861111111111111,-0.7777777777777778,0.6805555555555556,-0.9166666666666666,0.875,-0.8263888888888888,0.2152777777777778,-1.0,0.1388888888888889,-0.7430555555555556,0.1388888888888889,-0.6388888888888888,0.1597222222222222,-0.7986111111111112,-0.006944444444444444,-0.9166666666666666,-0.0763888888888889,-0.6111111111111112,-0.020833333333333332,-0.5972222222222222,0.034722222222222224,-0.7291666666666666,-0.2222222222222222,-0.8263888888888888,-0.2916666666666667,-0.5694444444444444,-0.2152777777777778,-0.5625,-0.1527777777777778,-0.6458333333333334,-0.4097222222222222,-0.7569444444444444,-0.4930555555555556,-0.5694444444444444,-0.4097222222222222,-0.5277777777777778,-0.3402777777777778
3,0.0,0.0,-0.20422535211267606,0.2676056338028169,-0.5352112676056338,0.4859154929577465,-0.8028169014084507,0.676056338028169,-0.9507042253521126,0.8732394366197183,-0.8732394366197183,0.20422535211267606,-1.0,0.11971830985915492,-0.7253521126760564,0.1267605633802817,-0.6408450704225352,0.15492957746478872,-0.8380281690140845,-0.028169014084507043,-0.9084507042253521,-0.09859154929577464,-0.6056338028169014,-0.028169014084507043,-0.6126760563380281,0.02112676056338028,-0.7605633802816901,-0.23943661971830985,-0.8309859154929577,-0.30985915492957744,-0.5633802816901409,-0.22535211267605634,-0.5704225352112676,-0.1619718309859155,-0.6619718309859155,-0.4295774647887324,-0.7535211267605634,-0.5070422535211268,-0.5704225352112676,-0.4225352112676056,-0.5352112676056338,-0.352112676056338
3,0.0,0.0,-0.20714285714285716,0.2714285714285714,-0.5428571428571428,0.4857142857142857,-0.8142857142857143,0.6785714285714286,-0.9642857142857143,0.8714285714285714,-0.8714285714285714,0.19285714285714287,-1.0,0.1,-0.7357142857142858,0.11428571428571428,-0.65,0.14285714285714285,-0.8357142857142857,-0.03571428571428571,-0.9142857142857143,-0.11428571428571428,-0.6071428571428571,-0.04285714285714286,-0.6142857142857143,0.014285714285714285,-0.75,-0.25,-0.8285714285714286,-0.32857142857142857,-0.5714285714285714,-0.24285714285714285,-0.5714285714285714,-0.17142857142857143,-0.65,-0.4357142857142857,-0.75,-0.5285714285714286,-0.5642857142857143,-0.4357142857142857,-0.5285714285714286,-0.35714285714285715
3,0.0,0.0,-0.2097902097902098,0.2517482517482518,-0.5524475524475524,0.45454545454545453,-0.8181818181818182,0.6363636363636364,-0.965034965034965,0.8181818181818182,-0.8741258741258742,0.17482517482517482,-1.0,0.08391608391608392,-0.7342657342657343,0.0979020979020979,-0.6503496503496503,0.1258741258741259,-0.8321678321678322,-0.04895104895104895,-0.9090909090909091,-0.1258741258741259,-0.6013986013986014,-0.055944055944055944,-0.6153846153846154,0.0,-0.7482517482517482,-0.25874125874125875,-0.8181818181818182,-0.3356643356643357,-0.5664335664335665,-0.2517482517482518,-0.5664335664335665,-0.18181818181818182,-0.6433566433566433,-0.44755244755244755,-0.7412587412587412,-0.5314685314685315,-0.5594405594405595,-0.4405594405594406,-0.5244755244755245,-0.3706293706293706
3,0.0,0.0,-0.2198581560283688,0.2553191489361702,-0.5602836879432624,0.46099290780141844,-0.8297872340425532,0.6382978723404256,-0.9929078014184397,0.8226950354609929,-0.8794326241134752,0.1702127659574468,-1.0,0.07092198581560284,-0.7446808510638298,0.0851063829787234,-0.6666666666666666,0.11347517730496454,-0.8297872340425532,-0.06382978723404255,-0.9148936170212766,-0.14893617021276595,-0.6099290780141844,-0.07092198581560284,-0.624113475177305,-0.0070921985815602835,-0.7446808510638298,-0.2695035460992908,-0.8156028368794326,-0.3546099290780142,-0.5673758865248227,-0.2624113475177305,-0.574468085106383,-0.19148936170212766,-0.6382978723404256,-0.46099290780141844,-0.7375886524822695,-0.5460992907801419,-0.5531914893617021,-0.45390070921985815,-0.5177304964539007,-0.375886524822695
3,0.0,0.0,-0.2222222222222222,0.24305555555555555,-0.5625,0.4375,-0.8263888888888888,0.6111111111111112,-0.9861111111111112,0.7777777777777778,-0.875,0.1597222222222222,-1.0,0.05555555555555555,-0.7430555555555556,0.0763888888888889,-0.6597222222222222,0.1111111111111111,-0.8194444444444444,-0.06944444444444445,-0.9097222222222222,-0.1527777777777778,-0.6111111111111112,-0.06944444444444445,-0.6111111111111112,-0.013888888888888888,-0.7291666666666666,-0.2708333333333333,-0.8125,-0.3611111111111111,-0.5625,-0.2638888888888889,-0.5625,-0.1875,-0.6180555555555556,-0.4513888888888889,-0.7291666666666666,-0.5486111111111112,-0.5486111111111112,-0.4444444444444444,-0.5138888888888888,-0.3680555555555556
3,0.0,0.0,-0.22916666666666666,0.24305555555555555,-0.5625,0.4375,-0.8263888888888888,0.5972222222222222,-0.9861111111111112,0.7638888888888888,-0.8680555555555556,0.14583333333333334,-1.0,0.034722222222222224,-0.7361111111111112,0.0625,-0.6458333333333334,0.10416666666666667,-0.8055555555555556,-0.08333333333333333,-0.8958333333333334,-0.1736111111111111,-0.6041666666666666,-0.09027777777777778,-0.6041666666666666,-0.020833333333333332,-0.7152777777777778,-0.2847222222222222,-0.7986111111111112,-0.375,-0.5555555555555556,-0.2708333333333333,-0.5486111111111112,-0.2013888888888889,-0.6111111111111112,-0.4652777777777778,-0.7083333333333334,-0.5555555555555556,-0.5416666666666666,-0.4583333333333333,-0.5,-0.375
3,0.0,0.0,-0.22377622377622378,0.24475524475524477,-0.5664335664335665,0.4405594405594406,-0.8321678321678322,0.6083916083916084,-0.993006993006993,0.7762237762237763,-0.8601398601398601,0.13986013986013987,-1.0,0.03496503496503497,-0.7342657342657343,0.06293706293706294,-0.6503496503496503,0.0979020979020979,-0.8041958041958042,-0.08391608391608392,-0.9020979020979021,-0.17482517482517482,-0.6013986013986014,-0.09090909090909091,-0.6083916083916084,-0.027972027972027972,-0.7132867132867133,-0.2867132867132867,-0.7972027972027972,-0.3776223776223776,-0.5454545454545454,-0.2727272727272727,-0.5524475524475524,-0.20279720279720279,-0.6013986013986014,-0.46853146853146854,-0.7132867132867133,-0.5664335664335665,-0.5384615384615384,-0.46153846153846156,-0.5034965034965035,-0.3776223776223776
3,0.0,0.0,-0.22916666666666666,0.2569444444444444,-0.5694444444444444,0.4444444444444444,-0.8333333333333334,0.6111111111111112,-0.9930555555555556,0.7777777777777778,-0.875,0.1388888888888889,-1.0,0.020833333333333332,-0.7222222222222222,0.0625,-0.6458333333333334,0.11805555555555555,-0.8125,-0.08333333333333333,-0.8958333333333334,-0.1875,-0.5972222222222222,-0.09027777777777778,-0.6111111111111112,-0.020833333333333332,-0.7152777777777778,-0.2847222222222222,-0.7847222222222222,-0.375,-0.5347222222222222,-0.2708333333333333,-0.5486111111111112,-0.19444444444444445,-0.6111111111111112,-0.4583333333333333,-0.7013888888888888,-0.5555555555555556,-0.5277777777777778,-0.4583333333333333,-0.5,-0.375
3,0.0,0.0,-0.20833333333333334,0.2569444444444444,-0.5555555555555556,0.4513888888888889,-0.8125,0.6180555555555556,-0.9791666666666666,0.7916666666666666,-0.8611111111111112,0.1527777777777778,-1.0,0.034722222222222224,-0.7222222222222222,0.06944444444444445,-0.6319444444444444,0.11805555555555555,-0.7986111111111112,-0.0763888888888889,-0.8888888888888888,-0.16666666666666666,-0.5902777777777778,-0.09027777777777778,-0.5833333333333334,-0.013888888888888888,-0.7083333333333334,-0.2777777777777778,-0.7847222222222222,-0.3611111111111111,-0.5277777777777778,-0.2708333333333333,-0.5347222222222222,-0.19444444444444445,-0.6111111111111112,-0.4583333333333333,-0.7083333333333334,-0.5416666666666666,-0.5277777777777778,-0.4513888888888889,-0.4930555555555556,-0.3680555555555556
3,0.0,0.0,-0.20270270270270271,0.2972972972972973,-0.527027027027027,0.5067567567567568,-0.777027027027027,0.6959459459459459,-0.9054054054054054,0.8851351351351351,-0.8175675675675675,0.22297297297297297,-1.0,0.14864864864864866,-0.722972972972973,0.1554054054054054,-0.6216216216216216,0.19594594594594594,-0.7837837837837838,0.0,-0.8918918918918919,-0.060810810810810814,-0.5945945945945946,-0.013513513513513514,-0.581081081081081,0.0472972972972973,-0.7094594594594594,-0.21621621621621623,-0.8175675675675675,-0.2702702702702703,-0.5540540540540541,-0.20270270270270271,-0.5337837837837838,-0.14189189189189189,-0.6148648648648649,-0.41216216216216217,-0.7567567567567568,-0.47297297297297297,-0.5608108108108109,-0.39864864864864863,-0.5067567567567568,-0.32432432432432434
3,0.0,0.0,-0.1793103448275862,0.2827586206896552,-0.5103448275862069,0.5241379310344828,-0.7586206896551724,0.7241379310344828,-0.8896551724137931,0.9241379310344827,-0.8206896551724138,0.25517241379310346,-1.0,0.1724137931034483,-0.7241379310344828,0.1724137931034483,-0.6413793103448275,0.20689655172413793,-0.7862068965517242,0.020689655172413793,-0.896551724137931,-0.041379310344827586,-0.593103448275862,0.0,-0.593103448275862,0.06206896551724138,-0.7241379310344828,-0.19310344827586207,-0.8206896551724138,-0.25517241379310346,-0.5517241379310345,-0.18620689655172415,-0.5448275862068965,-0.12413793103448276,-0.6482758620689655,-0.38620689655172413,-0.7586206896551724,-0.45517241379310347,-0.5586206896551724,-0.3793103448275862,-0.5103448275862069,-0.3103448275862069
3,0.0,0.0,-0.18055555555555555,0.2638888888888889,-0.5138888888888888,0.5069444444444444,-0.75,0.7083333333333334,-0.875,0.9097222222222222,-0.8402777777777778,0.25,-1.0,0.1736111111111111,-0.7291666666666666,0.16666666666666666,-0.6458333333333334,0.19444444444444445,-0.8125,0.013888888888888888,-0.9236111111111112,-0.05555555555555555,-0.6111111111111112,-0.013888888888888888,-0.6041666666666666,0.041666666666666664,-0.75,-0.20833333333333334,-0.8333333333333334,-0.2638888888888889,-0.5625,-0.20833333333333334,-0.5625,-0.14583333333333334,-0.6666666666666666,-0.4027777777777778,-0.7569444444444444,-0.4652777777777778,-0.5625,-0.3958333333333333,-0.5208333333333334,-0.3194444444444444
3,0.0,0.0,-0.17142857142857143,0.29285714285714287,-0.4928571428571429,0.55,-0.7214285714285714,0.7785714285714286,-0.85,0.9857142857142858,-0.8428571428571429,0.2857142857142857,-1.0,0.21428571428571427,-0.7214285714285714,0.19285714285714287,-0.65,0.22142857142857142,-0.8214285714285714,0.04285714285714286,-0.9071428571428571,-0.014285714285714285,-0.5928571428571429,0.014285714285714285,-0.6,0.07857142857142857,-0.7642857142857142,-0.17857142857142858,-0.8357142857142857,-0.24285714285714285,-0.5571428571428572,-0.17857142857142858,-0.5571428571428572,-0.11428571428571428,-0.6785714285714286,-0.38571428571428573,-0.7785714285714286,-0.44285714285714284,-0.5714285714285714,-0.37142857142857144,-0.5357142857142857,-0.30714285714285716
3,0.0,0.0,-0.176056338028169,0.28169014084507044,-0.5,0.5352112676056338,-0.7253521126760564,0.7605633802816901,-0.852112676056338,0.971830985915493,-0.8380281690140845,0.2746478873239437,-1.0,0.22535211267605634,-0.7394366197183099,0.20422535211267606,-0.647887323943662,0.20422535211267606,-0.8309859154929577,0.04225352112676056,-0.9225352112676056,0.0,-0.6197183098591549,0.02112676056338028,-0.5915492957746479,0.056338028169014086,-0.7746478873239436,-0.18309859154929578,-0.852112676056338,-0.21830985915492956,-0.5845070422535211,-0.176056338028169,-0.5704225352112676,-0.13380281690140844,-0.6901408450704225,-0.3873239436619718,-0.795774647887324,-0.4295774647887324,-0.5985915492957746,-0.3591549295774648,-0.5492957746478874,-0.30985915492957744
3,0.0,0.0,-0.1736111111111111,0.2986111111111111,-0.4791666666666667,0.5625,-0.6944444444444444,0.7916666666666666,-0.8125,1.0,-0.8263888888888888,0.2986111111111111,-0.9861111111111112,0.25,-0.7222222222222222,0.22916666666666666,-0.6388888888888888,0.2361111111111111,-0.8194444444444444,0.0625,-0.9166666666666666,0.034722222222222224,-0.6180555555555556,0.04861111111111111,-0.5902777777777778,0.08333333333333333,-0.7638888888888888,-0.1597222222222222,-0.8611111111111112,-0.1875,-0.5902777777777778,-0.1527777777777778,-0.5625,-0.1111111111111111,-0.6875,-0.3611111111111111,-0.8194444444444444,-0.3958333333333333,-0.625,-0.3333333333333333,-0.5555555555555556,-0.2777777777777778
3,0.0,0.0,-0.14093959731543623,0.2953020134228188,-0.4161073825503356,0.5704697986577181,-0.610738255033557,0.7986577181208053,-0.7114093959731543,1.0,-0.7785234899328859,0.3288590604026846,-0.912751677852349,0.28187919463087246,-0.6577181208053692,0.2483221476510067,-0.5838926174496645,0.26174496644295303,-0.7785234899328859,0.10067114093959731,-0.8590604026845637,0.06711409395973154,-0.5637583892617449,0.0738255033557047,-0.5570469798657718,0.11409395973154363,-0.7315436241610739,-0.11409395973154363,-0.8120805369127517,-0.1476510067114094,-0.5503355704697986,-0.12080536912751678,-0.5302013422818792,-0.06711409395973154,-0.6644295302013423,-0.31543624161073824,-0.7718120805369127,-0.35570469798657717,-0.5704697986577181,-0.2953020134228188,-0.5234899328859061,-0.24161073825503357
3,0.0,0.0,-0.1503267973856209,0.3006535947712418,-0.41830065359477125,0.5686274509803921,-0.6013071895424836,0.7973856209150327,-0.7058823529411765,1.0,-0.7908496732026143,0.3660130718954248,-0.9084967320261438,0.3202614379084967,-0.6535947712418301,0.2679738562091503,-0.5882352941176471,0.28104575163398693,-0.8104575163398693,0.1437908496732026,-0.8562091503267973,0.10457516339869281,-0.5751633986928104,0.09803921568627451,-0.5751633986928104,0.1437908496732026,-0.7712418300653595,-0.0718954248366013,-0.8300653594771242,-0.10457516339869281,-0.5686274509803921,-0.0915032679738562,-0.5555555555555556,-0.0457516339869281,-0.7058823529411765,-0.2679738562091503,-0.7908496732026143,-0.30718954248366015,-0.5882352941176471,-0.26143790849673204,-0.5424836601307189,-0.20261437908496732
3,0.0,0.0,-0.12258064516129032,0.2903225806451613,-0.36774193548387096,0.5741935483870968,-0.5483870967741935,0.8064516129032258,-0.6451612903225806,1.0,-0.7483870967741936,0.3741935483870968,-0.864516129032258,0.34838709677419355,-0.6258064516129033,0.2838709677419355,-0.5548387096774193,0.2838709677419355,-0.7741935483870968,0.16129032258064516,-0.8193548387096774,0.12903225806451613,-0.5548387096774193,0.10967741935483871,-0.5419354838709678,0.15483870967741936,-0.7483870967741936,-0.05161290322580645,-0.8064516129032258,-0.08387096774193549,-0.5548387096774193,-0.07741935483870968,-0.535483870967742,-0.025806451612903226,-0.6903225806451613,-0.25161290322580643,-0.7870967741935484,-0.2838709677419355,-0.6,-0.24516129032258063,-0.5419354838709678,-0.1935483870967742
3,0.0,0.0,-0.1125,0.29375,-0.34375,0.575,-0.50625,0.80625,-0.5875,1.0,-0.7,0.375,-0.81875,0.35625,-0.6,0.29375,-0.51875,0.29375,-0.74375,0.16875,-0.7875,0.14375,-0.53125,0.11875,-0.5125,0.15625,-0.725,-0.0375,-0.78125,-0.0625,-0.54375,-0.05625,-0.51875,-0.01875,-0.675,-0.23125,-0.76875,-0.25,-0.5875,-0.21875,-0.525,-0.175
3,0.0,0.0,-0.1165644171779141,0.3006134969325153,-0.34355828220858897,0.5766871165644172,-0.50920245398773,0.803680981595092,-0.5828220858895705,1.0,-0.7116564417177914,0.39263803680981596,-0.8282208588957055,0.3803680981595092,-0.6012269938650306,0.31901840490797545,-0.5276073619631901,0.3067484662576687,-0.754601226993865,0.1901840490797546,-0.7914110429447853,0.17177914110429449,-0.5337423312883436,0.147239263803681,-0.5276073619631901,0.17791411042944785,-0.7361963190184049,-0.012269938650306749,-0.7791411042944786,-0.03680981595092025,-0.5398773006134969,-0.03067484662576687,-0.5214723926380368,0.006134969325153374,-0.6871165644171779,-0.2085889570552147,-0.7791411042944786,-0.2331288343558282,-0.5950920245398773,-0.19631901840490798,-0.5398773006134969,-0.15950920245398773
3,0.0,0.0,-0.11377245508982035,0.2934131736526946,-0.3473053892215569,0.5748502994011976,-0.5029940119760479,0.8083832335329342,-0.5748502994011976,1.0,-0.7425149700598802,0.40119760479041916,-0.8023952095808383,0.38922155688622756,-0.5688622754491018,0.32335329341317365,-0.5209580838323353,0.31137724550898205,-0.7964071856287425,0.20359281437125748,-0.7784431137724551,0.18562874251497005,-0.5149700598802395,0.15568862275449102,-0.5329341317365269,0.17964071856287425,-0.7784431137724551,0.0,-0.7604790419161677,-0.023952095808383235,-0.5209580838323353,-0.023952095808383235,-0.5329341317365269,0.005988023952095809,-0.7305389221556886,-0.19760479041916168,-0.7604790419161677,-0.20958083832335328,-0.5748502994011976,-0.17365269461077845,-0.5449101796407185,-0.1497005988023952
3,0.0,0.0,-0.10843373493975904,0.29518072289156627,-0.3433734939759036,0.5783132530120482,-0.5060240963855421,0.8072289156626506,-0.572289156626506,1.0,-0.7349397590361446,0.40963855421686746,-0.8072289156626506,0.4036144578313253,-0.5783132530120482,0.3313253012048193,-0.5180722891566265,0.3192771084337349,-0.7831325301204819,0.21686746987951808,-0.7771084337349398,0.1927710843373494,-0.5180722891566265,0.16265060240963855,-0.5240963855421686,0.18674698795180722,-0.7650602409638554,0.012048192771084338,-0.7710843373493976,-0.006024096385542169,-0.5301204819277109,-0.012048192771084338,-0.5240963855421686,0.018072289156626505,-0.7168674698795181,-0.1927710843373494,-0.7831325301204819,-0.20481927710843373,-0.5963855421686747,-0.1686746987951807,-0.5481927710843374,-0.13253012048192772
3,0.0,0.0,-0.11320754716981132,0.29559748427672955,-0.36477987421383645,0.5849056603773585,-0.5471698113207547,0.8113207547169812,-0.6352201257861635,1.0,-0.7484276729559748,0.3710691823899371,-0.8616352201257862,0.3836477987421384,-0.6415094339622641,0.3333333333333333,-0.5408805031446541,0.3018867924528302,-0.779874213836478,0.16981132075471697,-0.8176100628930818,0.16352201257861634,-0.559748427672956,0.13836477987421383,-0.5283018867924528,0.14465408805031446,-0.7610062893081762,-0.03773584905660377,-0.7924528301886793,-0.050314465408805034,-0.559748427672956,-0.0440251572327044,-0.5345911949685535,-0.012578616352201259,-0.7044025157232704,-0.2389937106918239,-0.779874213836478,-0.25157232704402516,-0.5911949685534591,-0.2138364779874214,-0.5408805031446541,-0.1761006289308176
3,0.0,0.0,-0.1320754716981132,0.3018867924528302,-0.39622641509433965,0.5849056603773585,-0.5849056603773585,0.8050314465408805,-0.6729559748427673,1.0,-0.7735849056603774,0.36477987421383645,-0.8805031446540881,0.37735849056603776,-0.660377358490566,0.3333333333333333,-0.5786163522012578,0.3081761006289308,-0.8176100628930818,0.15723270440251572,-0.8427672955974843,0.15723270440251572,-0.5786163522012578,0.14465408805031446,-0.5723270440251572,0.14465408805031446,-0.7861635220125787,-0.050314465408805034,-0.8113207547169812,-0.050314465408805034,-0.5723270440251572,-0.0440251572327044,-0.5786163522012578,-0.031446540880503145,-0.7358490566037735,-0.25157232704402516,-0.7924528301886793,-0.24528301886792453,-0.6037735849056604,-0.20754716981132076,-0.5849056603773585,-0.1949685534591195
3,0.0,0.0,-0.13580246913580246,0.29012345679012347,-0.4012345679012346,0.5740740740740741,-0.5864197530864198,0.8024691358024691,-0.6728395061728395,1.0,-0.7777777777777778,0.35802469135802467,-0.8765432098765432,0.37037037037037035,-0.654320987654321,0.3271604938271605,-0.5864197530864198,0.30246913580246915,-0.8148148148148148,0.15432098765432098,-0.8333333333333334,0.15432098765432098,-0.5679012345679012,0.1419753086419753,-0.5740740740740741,0.1419753086419753,-0.7901234567901234,-0.05555555555555555,-0.7901234567901234,-0.06172839506172839,-0.5617283950617284,-0.04938271604938271,-0.5802469135802469,-0.037037037037037035,-0.7345679012345679,-0.25308641975308643,-0.7716049382716049,-0.25308641975308643,-0.5925925925925926,-0.20987654320987653,-0.5802469135802469,-0.19753086419753085
3,0.0,0.0,-0.13496932515337423,0.2883435582822086,-0.39263803680981596,0.5644171779141104,-0.5766871165644172,0.7975460122699386,-0.6687116564417178,1.0,-0.7975460122699386,0.3496932515337423,-0.852760736196319,0.36809815950920244,-0.6257668711656442,0.32515337423312884,-0.5705521472392638,0.294478527607362,-0.8343558282208589,0.147239263803681,-0.8098159509202454,0.15337423312883436,-0.5521472392638037,0.147239263803681,-0.5644171779141104,0.147239263803681,-0.7975460122699386,-0.06134969325153374,-0.7668711656441718,-0.06134969325153374,-0.5398773006134969,-0.04294478527607362,-0.558282208588957,-0.03067484662576687,-0.7423312883435583,-0.25766871165644173,-0.7484662576687117,-0.24539877300613497,-0.5705521472392638,-0.19631901840490798,-0.558282208588957,-0.18404907975460122
3,0.0,0.0,-0.12962962962962962,0.29012345679012347,-0.3950617283950617,0.5555555555555556,-0.5740740740740741,0.7901234567901234,-0.6728395061728395,1.0,-0.8518518518518519,0.35185185185185186,-0.8148148148148148,0.35185185185185186,-0.5925925925925926,0.3148148148148148,-0.5740740740740741,0.2962962962962963,-0.8888888888888888,0.14814814814814814,-0.7777777777777778,0.1419753086419753,-0.5308641975308642,0.13580246913580246,-0.5679012345679012,0.14814814814814814,-0.845679012345679,-0.06172839506172839,-0.7469135802469136,-0.06790123456790123,-0.5185185185185185,-0.04938271604938271,-0.5617283950617284,-0.037037037037037035,-0.7716049382716049,-0.2654320987654321,-0.7283950617283951,-0.25308641975308643,-0.5555555555555556,-0.20987654320987653,-0.5555555555555556,-0.19135802469135801
3,0.0,0.0,-0.13125,0.29375,-0.4125,0.5625,-0.6,0.79375,-0.69375,1.0,-0.8625,0.35,-0.80625,0.34375,-0.58125,0.30625,-0.5875,0.29375,-0.9,0.14375,-0.78125,0.1375,-0.53125,0.1375,-0.58125,0.14375,-0.85,-0.06875,-0.7625,-0.06875,-0.53125,-0.05,-0.575,-0.0375,-0.76875,-0.26875,-0.75,-0.2625,-0.5625,-0.2125,-0.55625,-0.19375
3,0.0,0.0,-0.1346153846153846,0.2948717948717949,-0.42948717948717946,0.5576923076923077,-0.6217948717948718,0.7884615384615384,-0.7243589743589743,1.0,-0.8589743589743589,0.3525641025641026,-0.8461538461538461,0.33974358974358976,-0.6025641025641025,0.2948717948717949,-0.5833333333333334,0.28205128205128205,-0.8974358974358975,0.1346153846153846,-0.8141025641025641,0.12179487179487179,-0.5448717948717948,0.12179487179487179,-0.5833333333333334,0.1346153846153846,-0.8525641025641025,-0.08333333333333333,-0.7884615384615384,-0.09615384615384616,-0.5384615384615384,-0.07051282051282051,-0.5769230769230769,-0.04487179487179487,-0.7756410256410257,-0.2948717948717949,-0.7628205128205128,-0.30128205128205127,-0.5705128205128205,-0.25,-0.5705128205128205,-0.21794871794871795
3,0.0,0.0,-0.14102564102564102,0.3076923076923077,-0.4423076923076923,0.5705128205128205,-0.6346153846153846,0.7884615384615384,-0.7307692307692307,1.0,-0.8333333333333334,0.34615384615384615,-0.8525641025641025,0.34615384615384615,-0.6089743589743589,0.2948717948717949,-0.5769230769230769,0.2692307692307692,-0.8653846153846154,0.1282051282051282,-0.8076923076923077,0.1282051282051282,-0.5384615384615384,0.12179487179487179,-0.5769230769230769,0.1282051282051282,-0.8269230769230769,-0.08974358974358974,-0.782051282051282,-0.09615384615384616,-0.532051282051282,-0.07051282051282051,-0.5641025641025641,-0.05128205128205128,-0.75,-0.2948717948717949,-0.7564102564102564,-0.30128205128205127,-0.5641025641025641,-0.25,-0.5512820512820513,-0.21794871794871795
3,0.0,0.0,-0.1346153846153846,0.28846153846153844,-0.4423076923076923,0.5576923076923077,-0.6282051282051282,0.7884615384615384,-0.7307692307692307,1.0,-0.8653846153846154,0.33974358974358976,-0.8333333333333334,0.3269230769230769,-0.5897435897435898,0.28205128205128205,-0.5897435897435898,0.2692307692307692,-0.8974358974358975,0.12179487179487179,-0.7948717948717948,0.10897435897435898,-0.5256410256410257,0.10897435897435898,-0.5833333333333334,0.12179487179487179,-0.8461538461538461,-0.09615384615384616,-0.75,-0.10897435897435898,-0.5128205128205128,-0.08333333333333333,-0.5641025641025641,-0.057692307692307696,-0.7692307692307693,-0.30128205128205127,-0.7307692307692307,-0.3076923076923077,-0.5448717948717948,-0.2564102564102564,-0.5512820512820513,-0.22435897435897437
3,0.0,0.0,-0.1503267973856209,0.29411764705882354,-0.47058823529411764,0.5620915032679739,-0.6666666666666666,0.7908496732026143,-0.7712418300653595,1.0,-0.8823529411764706,0.3006535947712418,-0.8496732026143791,0.32679738562091504,-0.6078431372549019,0.27450980392156865,-0.5947712418300654,0.24836601307189543,-0.9150326797385621,0.08496732026143791,-0.8104575163398693,0.10457516339869281,-0.5424836601307189,0.10457516339869281,-0.5947712418300654,0.10457516339869281,-0.8627450980392157,-0.13071895424836602,-0.7712418300653595,-0.1111111111111111,-0.5294117647058824,-0.08496732026143791,-0.5816993464052288,-0.0784313725490196,-0.7777777777777778,-0.3333333333333333,-0.7450980392156863,-0.3202614379084967,-0.5555555555555556,-0.26143790849673204,-0.5620915032679739,-0.24183006535947713
3,0.0,0.0,-0.1437908496732026,0.29411764705882354,-0.45751633986928103,0.5555555555555556,-0.6601307189542484,0.7843137254901961,-0.7712418300653595,1.0,-0.8888888888888888,0.3006535947712418,-0.8235294117647058,0.30718954248366015,-0.5816993464052288,0.2679738562091503,-0.5882352941176471,0.2549019607843137,-0.9281045751633987,0.08496732026143791,-0.7843137254901961,0.0915032679738562,-0.5228758169934641,0.0915032679738562,-0.5882352941176471,0.10457516339869281,-0.869281045751634,-0.13725490196078433,-0.7516339869281046,-0.12418300653594772,-0.5228758169934641,-0.09803921568627451,-0.5816993464052288,-0.0784313725490196,-0.7843137254901961,-0.33986928104575165,-0.7189542483660131,-0.33986928104575165,-0.5424836601307189,-0.27450980392156865,-0.5555555555555556,-0.24183006535947713
3,0.0,0.0,-0.152317880794702,0.2980132450331126,-0.47019867549668876,0.5562913907284768,-0.6754966887417219,0.7814569536423841,-0.7947019867549668,1.0,-0.9006622516556292,0.2913907284768212,-0.847682119205298,0.304635761589404,-0.6026490066225165,0.26490066225165565,-0.5960264900662252,0.24503311258278146,-0.9403973509933775,0.0728476821192053,-0.8145695364238411,0.08609271523178808,-0.543046357615894,0.08609271523178808,-0.6026490066225165,0.09271523178807947,-0.8807947019867549,-0.1456953642384106,-0.7748344370860927,-0.13245033112582782,-0.5364238410596026,-0.10596026490066225,-0.5894039735099338,-0.09271523178807947,-0.7947019867549668,-0.3509933774834437,-0.7350993377483444,-0.3509933774834437,-0.5562913907284768,-0.2847682119205298,-0.5629139072847682,-0.25165562913907286
3,0.0,0.0,-0.1513157894736842,0.29605263157894735,-0.46710526315789475,0.5526315789473685,-0.6644736842105263,0.7763157894736842,-0.7828947368421053,1.0,-0.9078947368421053,0.2894736842105263,-0.8289473684210527,0.29605263157894735,-0.5855263157894737,0.2565789473684211,-0.5855263157894737,0.24342105263157895,-0.9407894736842105,0.06578947368421052,-0.7894736842105263,0.07894736842105263,-0.5263157894736842,0.07894736842105263,-0.5855263157894737,0.09210526315789473,-0.881578947368421,-0.1513157894736842,-0.75,-0.14473684210526316,-0.5131578947368421,-0.1118421052631579,-0.5723684210526315,-0.09210526315789473,-0.7894736842105263,-0.35526315789473684,-0.7171052631578947,-0.35526315789473684,-0.5394736842105263,-0.2894736842105263,-0.5460526315789473,-0.2565789473684211
3,0.0,0.0,-0.15894039735099338,0.2980132450331126,-0.4768211920529801,0.5562913907284768,-0.6821192052980133,0.7880794701986755,-0.8079470198675497,1.0,-0.9205298013245033,0.2913907284768212,-0.8543046357615894,0.2980132450331126,-0.609271523178808,0.2582781456953642,-0.5960264900662252,0.24503311258278146,-0.9536423841059603,0.06622516556291391,-0.8079470198675497,0.0728476821192053,-0.5364238410596026,0.07947019867549669,-0.5960264900662252,0.08609271523178808,-0.8940397350993378,-0.152317880794702,-0.7615894039735099,-0.1390728476821192,-0.5231788079470199,-0.10596026490066225,-0.5761589403973509,-0.09271523178807947,-0.7947019867549668,-0.3576158940397351,-0.7218543046357616,-0.3509933774834437,-0.543046357615894,-0.2847682119205298,-0.5496688741721855,-0.25165562913907286
3,0.0,0.0,-0.14285714285714285,0.2987012987012987,-0.45454545454545453,0.551948051948052,-0.6558441558441559,0.7727272727272727,-0.7792207792207793,1.0,-0.8961038961038961,0.2922077922077922,-0.8051948051948052,0.2987012987012987,-0.5714285714285714,0.2597402597402597,-0.564935064935065,0.24025974025974026,-0.9285714285714286,0.07142857142857142,-0.7662337662337663,0.07792207792207792,-0.5064935064935064,0.07792207792207792,-0.564935064935065,0.09090909090909091,-0.8701298701298701,-0.14935064935064934,-0.7207792207792207,-0.13636363636363635,-0.4935064935064935,-0.1038961038961039,-0.551948051948052,-0.08441558441558442,-0.7727272727272727,-0.35064935064935066,-0.6883116883116883,-0.35064935064935066,-0.5064935064935064,-0.2792207792207792,-0.525974025974026,-0.24675324675324675
3,0.0,0.0,-0.16556291390728478,0.2980132450331126,-0.48344370860927155,0.5496688741721855,-0.6821192052980133,0.7748344370860927,-0.8079470198675497,1.0,-0.9139072847682119,0.2847682119205298,-0.8211920529801324,0.2913907284768212,-0.5827814569536424,0.25165562913907286,-0.5761589403973509,0.23178807947019867,-0.9536423841059603,0.059602649006622516,-0.7814569536423841,0.06622516556291391,-0.5165562913907285,0.0728476821192053,-0.5761589403973509,0.07947019867549669,-0.8874172185430463,-0.16556291390728478,-0.7350993377483444,-0.152317880794702,-0.5033112582781457,-0.11920529801324503,-0.5562913907284768,-0.09933774834437085,-0.7880794701986755,-0.36423841059602646,-0.695364238410596,-0.36423841059602646,-0.5165562913907285,-0.2913907284768212,-0.5298013245033113,-0.2582781456953642
3,0.0,0.0,-0.16447368421052633,0.2894736842105263,-0.4868421052631579,0.5460526315789473,-0.6907894736842105,0.7763157894736842,-0.8157894736842105,1.0,-0.9276315789473685,0.27631578947368424,-0.8355263157894737,0.3026315789473684,-0.5986842105263158,0.2565789473684211,-0.5921052631578947,0.23026315789473684,-0.9539473684210527,0.05263157894736842,-0.7894736842105263,0.07894736842105263,-0.5197368421052632,0.07894736842105263,-0.5855263157894737,0.07894736842105263,-0.881578947368421,-0.17105263157894737,-0.7368421052631579,-0.1513157894736842,-0.5,-0.1118421052631579,-0.5657894736842105,-0.10526315789473684,-0.7763157894736842,-0.375,-0.6973684210526315,-0.3618421052631579,-0.5197368421052632,-0.29605263157894735,-0.5328947368421053,-0.26973684210526316
3,0.0,0.0,-0.15894039735099338,0.2980132450331126,-0.48344370860927155,0.5496688741721855,-0.6887417218543046,0.7814569536423841,-0.8211920529801324,1.0,-0.9271523178807947,0.271523178807947,-0.8344370860927153,0.2913907284768212,-0.5894039735099338,0.25165562913907286,-0.5827814569536424,0.23178807947019867,-0.9602649006622517,0.046357615894039736,-0.7880794701986755,0.059602649006622516,-0.5165562913907285,0.0728476821192053,-0.5827814569536424,0.0728476821192053,-0.8874172185430463,-0.17880794701986755,-0.7350993377483444,-0.15894039735099338,-0.5033112582781457,-0.11920529801324503,-0.5562913907284768,-0.10596026490066225,-0.7748344370860927,-0.37748344370860926,-0.6887417218543046,-0.3708609271523179,-0.5099337748344371,-0.2980132450331126,-0.5231788079470199,-0.26490066225165565
3,0.0,0.0,-0.1437908496732026,0.29411764705882354,-0.46405228758169936,0.5490196078431373,-0.6666666666666666,0.7777777777777778,-0.7908496732026143,1.0,-0.9019607843137255,0.28104575163398693,-0.7908496732026143,0.29411764705882354,-0.5555555555555556,0.2549019607843137,-0.5490196078431373,0.24183006535947713,-0.934640522875817,0.058823529411764705,-0.7450980392156863,0.06535947712418301,-0.48366013071895425,0.06535947712418301,-0.5424836601307189,0.0784313725490196,-0.869281045751634,-0.16339869281045752,-0.7058823529411765,-0.1568627450980392,-0.47058823529411764,-0.12418300653594772,-0.5228758169934641,-0.10457516339869281,-0.7647058823529411,-0.37254901960784315,-0.6666666666666666,-0.3660130718954248,-0.49019607843137253,-0.3006535947712418,-0.5032679738562091,-0.2679738562091503
3,0.0,0.0,-0.16556291390728478,0.2913907284768212,-0.4900662251655629,0.5496688741721855,-0.695364238410596,0.7748344370860927,-0.8278145695364238,1.0,-0.9271523178807947,0.2781456953642384,-0.847682119205298,0.2847682119205298,-0.5960264900662252,0.24503311258278146,-0.5695364238410596,0.2251655629139073,-0.9536423841059603,0.046357615894039736,-0.7880794701986755,0.052980132450331126,-0.5165562913907285,0.059602649006622516,-0.5695364238410596,0.0728476821192053,-0.8807947019867549,-0.18543046357615894,-0.7417218543046358,-0.17880794701986755,-0.4966887417218543,-0.1390728476821192,-0.5496688741721855,-0.11258278145695365,-0.7682119205298014,-0.39072847682119205,-0.695364238410596,-0.39072847682119205,-0.5099337748344371,-0.32450331125827814,-0.5165562913907285,-0.2781456953642384
3,0.0,0.0,-0.14743589743589744,0.2948717948717949,-0.46794871794871795,0.5448717948717948,-0.6730769230769231,0.7756410256410257,-0.8076923076923077,1.0,-0.9038461538461539,0.2692307692307692,-0.7948717948717948,0.28846153846153844,-0.5576923076923077,0.25,-0.5641025641025641,0.23076923076923078,-0.9230769230769231,0.04487179487179487,-0.7435897435897436,0.0641025641025641,-0.4807692307692308,0.07051282051282051,-0.5512820512820513,0.07692307692307693,-0.8461538461538461,-0.17307692307692307,-0.6987179487179487,-0.16025641025641027,-0.46794871794871795,-0.12179487179487179,-0.5256410256410257,-0.10897435897435898,-0.7371794871794872,-0.3782051282051282,-0.6474358974358975,-0.3717948717948718,-0.47435897435897434,-0.30128205128205127,-0.4935897435897436,-0.2692307692307692
3,0.0,0.0,-0.17105263157894737,0.2894736842105263,-0.5,0.5460526315789473,-0.7105263157894737,0.7828947368421053,-0.8486842105263158,1.0,-0.9342105263157895,0.2631578947368421,-0.8355263157894737,0.28289473684210525,-0.5986842105263158,0.25,-0.5921052631578947,0.23026315789473684,-0.9605263157894737,0.03289473684210526,-0.7763157894736842,0.05921052631578947,-0.5197368421052632,0.07236842105263158,-0.5789473684210527,0.07236842105263158,-0.8881578947368421,-0.19078947368421054,-0.7302631578947368,-0.16447368421052633,-0.5,-0.125,-0.5526315789473685,-0.11842105263157894,-0.7763157894736842,-0.39473684210526316,-0.6842105263157895,-0.3815789473684211,-0.506578947368421,-0.3092105263157895,-0.5197368421052632,-0.27631578947368424
3,0.0,0.0,-0.1830065359477124,0.29411764705882354,-0.5359477124183006,0.5490196078431373,-0.7581699346405228,0.7777777777777778,-0.8888888888888888,1.0,-0.954248366013072,0.2679738562091503,-0.9019607843137255,0.28104575163398693,-0.6470588235294118,0.24836601307189543,-0.6535947712418301,0.22875816993464052,-0.9607843137254902,0.032679738562091505,-0.8235294117647058,0.05228758169934641,-0.5490196078431373,0.058823529411764705,-0.6078431372549019,0.06535947712418301,-0.8758169934640523,-0.1895424836601307,-0.7712418300653595,-0.17647058823529413,-0.5228758169934641,-0.13725490196078433,-0.5751633986928104,-0.13071895424836602,-0.7712418300653595,-0.40522875816993464,-0.7254901960784313,-0.39215686274509803,-0.5294117647058824,-0.32679738562091504,-0.5294117647058824,-0.3006535947712418
3,0.0,0.0,-0.17763157894736842,0.2894736842105263,-0.5197368421052632,0.5460526315789473,-0.75,0.7828947368421053,-0.875,1.0,-0.9473684210526315,0.27631578947368424,-0.9078947368421053,0.2894736842105263,-0.6513157894736842,0.2631578947368421,-0.618421052631579,0.23684210526315788,-0.9539473684210527,0.03289473684210526,-0.8223684210526315,0.06578947368421052,-0.5526315789473685,0.07894736842105263,-0.5855263157894737,0.07236842105263158,-0.875,-0.19736842105263158,-0.756578947368421,-0.17763157894736842,-0.5197368421052632,-0.13157894736842105,-0.5657894736842105,-0.11842105263157894,-0.7631578947368421,-0.4144736842105263,-0.7039473684210527,-0.3881578947368421,-0.5263157894736842,-0.3223684210526316,-0.5460526315789473,-0.3026315789473684
3,0.0,0.0,-0.16560509554140126,0.2929936305732484,-0.4968152866242038,0.5477707006369427,-0.7197452229299363,0.7834394904458599,-0.8598726114649682,1.0,-0.9490445859872612,0.2929936305732484,-0.8598726114649682,0.3057324840764331,-0.6178343949044586,0.267515923566879,-0.6242038216560509,0.24203821656050956,-0.9490445859872612,0.05732484076433121,-0.821656050955414,0.08280254777070063,-0.554140127388535,0.08280254777070063,-0.5859872611464968,0.07006369426751592,-0.8535031847133758,-0.16560509554140126,-0.7579617834394905,-0.1464968152866242,-0.5159235668789809,-0.11464968152866242,-0.554140127388535,-0.11464968152866242,-0.732484076433121,-0.3821656050955414,-0.7070063694267515,-0.36942675159235666,-0.5159235668789809,-0.3057324840764331,-0.5095541401273885,-0.2929936305732484
3,0.0,0.0,-0.16883116883116883,0.3051948051948052,-0.5,0.577922077922078,-0.7467532467532467,0.7987012987012987,-0.8831168831168831,1.0,-0.9285714285714286,0.2987012987012987,-0.935064935064935,0.2857142857142857,-0.6753246753246753,0.2727272727272727,-0.6298701298701299,0.2662337662337662,-0.9285714285714286,0.06493506493506493,-0.8701298701298701,0.06493506493506493,-0.5844155844155844,0.08441558441558442,-0.5974025974025974,0.09740259740259741,-0.8571428571428571,-0.16883116883116883,-0.7987012987012987,-0.16883116883116883,-0.5454545454545454,-0.12337662337662338,-0.5714285714285714,-0.1038961038961039,-0.7532467532467533,-0.38311688311688313,-0.7337662337662337,-0.37662337662337664,-0.538961038961039,-0.3116883116883117,-0.538961038961039,-0.2792207792207792
3,0.0,0.0,-0.1987179487179487,0.28846153846153844,-0.5384615384615384,0.5448717948717948,-0.7692307692307693,0.7692307692307693,-0.9038461538461539,0.9743589743589743,-0.9551282051282052,0.26282051282051283,-1.0,0.2948717948717949,-0.7371794871794872,0.2692307692307692,-0.6794871794871795,0.24358974358974358,-0.9423076923076923,0.03205128205128205,-0.9038461538461539,0.07051282051282051,-0.6217948717948718,0.07692307692307693,-0.6217948717948718,0.0641025641025641,-0.8525641025641025,-0.19230769230769232,-0.8397435897435898,-0.16666666666666666,-0.5769230769230769,-0.1282051282051282,-0.5897435897435898,-0.1282051282051282,-0.7371794871794872,-0.41025641025641024,-0.782051282051282,-0.3974358974358974,-0.5769230769230769,-0.32051282051282054,-0.5448717948717948,-0.3076923076923077
3,0.0,0.0,-0.19745222929936307,0.28662420382165604,-0.535031847133758,0.554140127388535,-0.7643312101910829,0.7707006369426752,-0.8853503184713376,0.9745222929936306,-0.9235668789808917,0.27388535031847133,-1.0,0.29936305732484075,-0.7579617834394905,0.2802547770700637,-0.6496815286624203,0.25477707006369427,-0.9363057324840764,0.050955414012738856,-0.9426751592356688,0.07643312101910828,-0.6560509554140127,0.08280254777070063,-0.6178343949044586,0.07643312101910828,-0.8789808917197452,-0.16560509554140126,-0.8535031847133758,-0.1464968152866242,-0.6050955414012739,-0.10828025477707007,-0.5923566878980892,-0.10828025477707007,-0.7770700636942676,-0.36942675159235666,-0.7834394904458599,-0.3503184713375796,-0.5859872611464968,-0.2802547770700637,-0.5668789808917197,-0.2611464968152866
3,0.0,0.0,-0.18012422360248448,0.2857142857142857,-0.5217391304347826,0.546583850931677,-0.7391304347826086,0.782608695652174,-0.8571428571428571,1.0,-0.8509316770186336,0.2981366459627329,-0.9875776397515528,0.3105590062111801,-0.7267080745341615,0.2732919254658385,-0.639751552795031,0.2546583850931677,-0.8571428571428571,0.07453416149068323,-0.9130434782608695,0.08695652173913043,-0.6211180124223602,0.08695652173913043,-0.6149068322981367,0.08695652173913043,-0.7950310559006211,-0.14285714285714285,-0.8571428571428571,-0.14906832298136646,-0.5962732919254659,-0.11801242236024845,-0.5838509316770186,-0.10559006211180125,-0.6956521739130435,-0.35403726708074534,-0.7763975155279503,-0.37888198757763975,-0.5900621118012422,-0.3105590062111801,-0.5527950310559007,-0.2732919254658385
3,0.0,0.0,-0.19875776397515527,0.2732919254658385,-0.5031055900621118,0.5279503105590062,-0.6956521739130435,0.7453416149068323,-0.7888198757763976,0.9440993788819876,-0.8695652173913043,0.2857142857142857,-1.0,0.2919254658385093,-0.7577639751552795,0.2732919254658385,-0.6521739130434783,0.2670807453416149,-0.8757763975155279,0.07453416149068323,-0.9440993788819876,0.07453416149068323,-0.6583850931677019,0.08695652173913043,-0.6273291925465838,0.09316770186335403,-0.8260869565217391,-0.13664596273291926,-0.8819875776397516,-0.14906832298136646,-0.6211180124223602,-0.11180124223602485,-0.5900621118012422,-0.09937888198757763,-0.7329192546583851,-0.33540372670807456,-0.8012422360248447,-0.34782608695652173,-0.6024844720496895,-0.2857142857142857,-0.5652173913043478,-0.2608695652173913
3,0.0,0.0,-0.1746987951807229,0.27710843373493976,-0.4879518072289157,0.5301204819277109,-0.6987951807228916,0.7469879518072289,-0.8072289156626506,0.9397590361445783,-0.8975903614457831,0.28313253012048195,-1.0,0.30120481927710846,-0.7228915662650602,0.28313253012048195,-0.6746987951807228,0.25301204819277107,-0.891566265060241,0.06626506024096386,-0.9337349397590361,0.0783132530120482,-0.6325301204819277,0.09036144578313253,-0.6325301204819277,0.0783132530120482,-0.8253012048192772,-0.15060240963855423,-0.8554216867469879,-0.15060240963855423,-0.5963855421686747,-0.10843373493975904,-0.5963855421686747,-0.1144578313253012,-0.7349397590361446,-0.35542168674698793,-0.7951807228915663,-0.3674698795180723,-0.5963855421686747,-0.29518072289156627,-0.5662650602409639,-0.27710843373493976
3,0.0,0.0,-0.18023255813953487,0.26744186046511625,-0.45930232558139533,0.5174418604651163,-0.6453488372093024,0.7267441860465116,-0.7558139534883721,0.9069767441860465,-0.872093023255814,0.3081395348837209,-1.0,0.32558139534883723,-0.7558139534883721,0.29651162790697677,-0.6569767441860465,0.27906976744186046,-0.8837209302325582,0.09883720930232558,-0.9244186046511628,0.11046511627906977,-0.6453488372093024,0.10465116279069768,-0.6104651162790697,0.10465116279069768,-0.8255813953488372,-0.11046511627906977,-0.8546511627906976,-0.11046511627906977,-0.5988372093023255,-0.0872093023255814,-0.5813953488372093,-0.08139534883720931,-0.7383720930232558,-0.3081395348837209,-0.7906976744186046,-0.31976744186046513,-0.5988372093023255,-0.2616279069767442,-0.5523255813953488,-0.23837209302325582
3,0.0,0.0,-0.14792899408284024,0.28402366863905326,-0.46153846153846156,0.5384615384615384,-0.6804733727810651,0.7514792899408284,-0.7869822485207101,0.9349112426035503,-0.863905325443787,0.3136094674556213,-1.0,0.3431952662721893,-0.727810650887574,0.3136094674556213,-0.6863905325443787,0.2958579881656805,-0.8757396449704142,0.10059171597633136,-0.9467455621301775,0.11242603550295859,-0.650887573964497,0.1242603550295858,-0.6627218934911243,0.11834319526627218,-0.8165680473372781,-0.11834319526627218,-0.8875739644970414,-0.11834319526627218,-0.6153846153846154,-0.08284023668639054,-0.6153846153846154,-0.07692307692307693,-0.7337278106508875,-0.3254437869822485,-0.8284023668639053,-0.3431952662721893,-0.6272189349112426,-0.28402366863905326,-0.5857988165680473,-0.2603550295857988
3,0.0,0.0,-0.1746987951807229,0.3072289156626506,-0.45180722891566266,0.5662650602409639,-0.6445783132530121,0.7891566265060241,-0.7530120481927711,0.9759036144578314,-0.9036144578313253,0.35542168674698793,-1.0,0.3855421686746988,-0.7469879518072289,0.3493975903614458,-0.7168674698795181,0.3253012048192771,-0.927710843373494,0.13855421686746988,-0.963855421686747,0.1686746987951807,-0.6807228915662651,0.16265060240963855,-0.6867469879518072,0.15060240963855423,-0.8734939759036144,-0.08433734939759036,-0.9096385542168675,-0.06626506024096386,-0.6445783132530121,-0.04216867469879518,-0.6445783132530121,-0.03614457831325301,-0.7831325301204819,-0.29518072289156627,-0.8614457831325302,-0.28313253012048195,-0.6566265060240963,-0.22289156626506024,-0.6144578313253012,-0.21686746987951808
3,0.0,0.0,-0.15568862275449102,0.31736526946107785,-0.4491017964071856,0.5868263473053892,-0.6526946107784432,0.8083832335329342,-0.7604790419161677,1.0,-0.8982035928143712,0.38922155688622756,-0.9700598802395209,0.41916167664670656,-0.6946107784431138,0.3712574850299401,-0.6766467065868264,0.3532934131736527,-0.9281437125748503,0.16167664670658682,-0.9580838323353293,0.17365269461077845,-0.6467065868263473,0.16766467065868262,-0.6646706586826348,0.16766467065868262,-0.874251497005988,-0.0718562874251497,-0.9101796407185628,-0.0658682634730539,-0.6227544910179641,-0.03592814371257485,-0.6227544910179641,-0.029940119760479042,-0.7844311377245509,-0.2874251497005988,-0.8562874251497006,-0.2934131736526946,-0.6407185628742516,-0.23353293413173654,-0.6047904191616766,-0.20958083832335328
3,0.0,0.0,-0.13529411764705881,0.31176470588235294,-0.40588235294117647,0.5882352941176471,-0.5941176470588235,0.8117647058823529,-0.7058823529411765,1.0,-0.8117647058823529,0.40588235294117647,-0.9941176470588236,0.5058823529411764,-0.7705882352941177,0.45294117647058824,-0.6294117647058823,0.4,-0.8470588235294118,0.18823529411764706,-0.9470588235294117,0.2411764705882353,-0.6647058823529411,0.21176470588235294,-0.5941176470588235,0.18235294117647058,-0.8176470588235294,-0.041176470588235294,-0.9058823529411765,-0.01764705882352941,-0.6352941176470588,-0.0058823529411764705,-0.5764705882352941,-0.011764705882352941,-0.7470588235294118,-0.2647058823529412,-0.8588235294117647,-0.27647058823529413,-0.6647058823529411,-0.20588235294117646,-0.5823529411764706,-0.18235294117647058
3,0.0,0.0,-0.15606936416184972,0.31213872832369943,-0.4161849710982659,0.5895953757225434,-0.6127167630057804,0.815028901734104,-0.7167630057803468,1.0,-0.8265895953757225,0.3815028901734104,-0.953757225433526,0.4508670520231214,-0.7052023121387283,0.3872832369942196,-0.6473988439306358,0.3352601156069364,-0.8497109826589595,0.1676300578034682,-0.9248554913294798,0.2138728323699422,-0.6358381502890174,0.19653179190751446,-0.630057803468208,0.1676300578034682,-0.8092485549132948,-0.05202312138728324,-0.884393063583815,-0.023121387283236993,-0.6184971098265896,-0.005780346820809248,-0.6069364161849711,-0.023121387283236993,-0.7398843930635838,-0.26011560693641617,-0.8265895953757225,-0.2543352601156069,-0.6358381502890174,-0.1907514450867052,-0.5895953757225434,-0.18497109826589594
3,0.0,0.0,-0.15294117647058825,0.3058823529411765,-0.4117647058823529,0.5823529411764706,-0.5941176470588235,0.8176470588235294,-0.6941176470588235,1.0,-0.8294117647058824,0.37058823529411766,-0.9764705882352941,0.4294117647058823,-0.7235294117647059,0.37058823529411766,-0.6294117647058823,0.32941176470588235,-0.8529411764705882,0.1588235294117647,-0.9235294117647059,0.18823529411764706,-0.6294117647058823,0.16470588235294117,-0.6176470588235294,0.15294117647058825,-0.8058823529411765,-0.07058823529411765,-0.8823529411764706,-0.052941176470588235,-0.611764705882353,-0.041176470588235294,-0.5941176470588235,-0.041176470588235294,-0.7294117647058823,-0.2823529411764706,-0.8294117647058824,-0.2823529411764706,-0.6294117647058823,-0.2235294117647059,-0.5823529411764706,-0.21176470588235294
3,0.0,0.0,-0.16666666666666666,0.3045977011494253,-0.41954022988505746,0.5804597701149425,-0.5977011494252874,0.8218390804597702,-0.6954022988505747,1.0,-0.8448275862068966,0.3505747126436782,-0.9482758620689655,0.39080459770114945,-0.7126436781609196,0.3448275862068966,-0.6436781609195402,0.3103448275862069,-0.8620689655172413,0.13793103448275862,-0.9022988505747126,0.16666666666666666,-0.6264367816091954,0.16091954022988506,-0.6206896551724138,0.14942528735632185,-0.8045977011494253,-0.07471264367816093,-0.8563218390804598,-0.06321839080459771,-0.603448275862069,-0.034482758620689655,-0.5919540229885057,-0.034482758620689655,-0.7241379310344828,-0.27586206896551724,-0.8045977011494253,-0.27586206896551724,-0.6206896551724138,-0.20689655172413793,-0.5747126436781609,-0.20114942528735633
3,0.0,0.0,-0.16071428571428573,0.31547619047619047,-0.4226190476190476,0.5952380952380952,-0.5952380952380952,0.8273809523809523,-0.7083333333333334,1.0,-0.8809523809523809,0.3630952380952381,-0.9642857142857143,0.39880952380952384,-0.7023809523809523,0.35119047619047616,-0.6369047619047619,0.31547619047619047,-0.9047619047619048,0.13690476190476192,-0.9107142857142857,0.16666666666666666,-0.6130952380952381,0.1488095238095238,-0.6190476190476191,0.13690476190476192,-0.8452380952380952,-0.08928571428571429,-0.8571428571428571,-0.07142857142857142,-0.5892857142857143,-0.05357142857142857,-0.5952380952380952,-0.05357142857142857,-0.75,-0.2916666666666667,-0.7916666666666666,-0.2857142857142857,-0.5952380952380952,-0.2261904761904762,-0.5714285714285714,-0.22023809523809523
3,0.0,0.0,-0.16363636363636364,0.3151515151515151,-0.42424242424242425,0.593939393939394,-0.6181818181818182,0.8181818181818182,-0.7272727272727273,1.0,-0.8666666666666667,0.3333333333333333,-0.9636363636363636,0.36363636363636365,-0.7151515151515152,0.32727272727272727,-0.6666666666666666,0.30303030303030304,-0.8848484848484849,0.11515151515151516,-0.9090909090909091,0.1393939393939394,-0.6242424242424243,0.1393939393939394,-0.6363636363636364,0.12727272727272726,-0.8303030303030303,-0.10909090909090909,-0.8727272727272727,-0.09696969696969697,-0.6121212121212121,-0.06666666666666667,-0.6121212121212121,-0.06666666666666667,-0.7393939393939394,-0.3151515151515151,-0.8121212121212121,-0.3151515151515151,-0.6242424242424243,-0.24848484848484848,-0.593939393939394,-0.23636363636363636
3,0.0,0.0,-0.15853658536585366,0.3048780487804878,-0.43902439024390244,0.573170731707317,-0.6280487804878049,0.8048780487804879,-0.725609756097561,1.0,-0.8109756097560976,0.3231707317073171,-0.9817073170731707,0.3597560975609756,-0.7378048780487805,0.3231707317073171,-0.6402439024390244,0.29878048780487804,-0.8292682926829268,0.10365853658536585,-0.9451219512195121,0.13414634146341464,-0.6585365853658537,0.13414634146341464,-0.6158536585365854,0.12804878048780488,-0.7865853658536586,-0.11585365853658537,-0.9024390243902439,-0.10365853658536585,-0.6341463414634146,-0.07317073170731707,-0.5792682926829268,-0.06707317073170732,-0.7073170731707317,-0.32926829268292684,-0.8475609756097561,-0.3353658536585366,-0.6524390243902439,-0.2682926829268293,-0.5853658536585366,-0.23780487804878048
3,0.0,0.0,-0.1165644171779141,0.2822085889570552,-0.4171779141104294,0.558282208588957,-0.6257668711656442,0.7914110429447853,-0.754601226993865,1.0,-0.852760736196319,0.3067484662576687,-0.8957055214723927,0.3312883435582822,-0.6196319018404908,0.294478527607362,-0.558282208588957,0.25766871165644173,-0.8711656441717791,0.0736196319018405,-0.8220858895705522,0.10429447852760736,-0.5276073619631901,0.1165644171779141,-0.5521472392638037,0.10429447852760736,-0.8098159509202454,-0.15950920245398773,-0.7730061349693251,-0.13496932515337423,-0.5030674846625767,-0.09202453987730061,-0.5276073619631901,-0.08588957055214724,-0.7116564417177914,-0.37423312883435583,-0.7300613496932515,-0.36809815950920244,-0.5337423312883436,-0.2883435582822086,-0.50920245398773,-0.25766871165644173
3,0.0,0.0,-0.1875,0.29375,-0.475,0.56875,-0.6875,0.8,-0.83125,1.0,-0.9125,0.3,-0.95,0.31875,-0.69375,0.2875,-0.65,0.2625,-0.91875,0.0625,-0.86875,0.09375,-0.5875,0.1,-0.61875,0.09375,-0.85,-0.16875,-0.8125,-0.15,-0.5625,-0.10625,-0.5875,-0.1,-0.75625,-0.38125,-0.78125,-0.38125,-0.59375,-0.3125,-0.575,-0.2875
3,0.0,0.0,-0.19135802469135801,0.2962962962962963,-0.5,0.5555555555555556,-0.7098765432098766,0.7901234567901234,-0.845679012345679,1.0,-0.9259259259259259,0.29012345679012347,-0.9506172839506173,0.3148148148148148,-0.691358024691358,0.2839506172839506,-0.6481481481481481,0.25925925925925924,-0.9320987654320988,0.05555555555555555,-0.8827160493827161,0.08641975308641975,-0.5925925925925926,0.09876543209876543,-0.6172839506172839,0.09259259259259259,-0.8580246913580247,-0.1728395061728395,-0.8209876543209876,-0.14814814814814814,-0.5555555555555556,-0.10493827160493827,-0.5802469135802469,-0.10493827160493827,-0.7592592592592593,-0.3888888888888889,-0.7839506172839507,-0.3765432098765432,-0.5864197530864198,-0.30246913580246915,-0.5679012345679012,-0.2839506172839506
3,0.0,0.0,-0.17682926829268292,0.29878048780487804,-0.49390243902439024,0.5609756097560976,-0.7073170731707317,0.7865853658536586,-0.8414634146341463,1.0,-0.9512195121951219,0.2926829268292683,-0.9024390243902439,0.3231707317073171,-0.6463414634146342,0.2865853658536585,-0.6280487804878049,0.25609756097560976,-0.9573170731707317,0.054878048780487805,-0.8414634146341463,0.10365853658536585,-0.5670731707317073,0.10365853658536585,-0.6036585365853658,0.09146341463414634,-0.8780487804878049,-0.17682926829268292,-0.7804878048780488,-0.1402439024390244,-0.524390243902439,-0.10365853658536585,-0.5609756097560976,-0.10365853658536585,-0.7621951219512195,-0.3902439024390244,-0.7378048780487805,-0.36585365853658536,-0.5426829268292683,-0.29878048780487804,-0.5365853658536586,-0.2804878048780488
3,0.0,0.0,-0.1686746987951807,0.29518072289156627,-0.4819277108433735,0.5542168674698795,-0.6987951807228916,0.7951807228915663,-0.8373493975903614,1.0,-0.927710843373494,0.2710843373493976,-0.8614457831325302,0.3253012048192771,-0.6144578313253012,0.28313253012048195,-0.5903614457831325,0.23493975903614459,-0.9337349397590361,0.03614457831325301,-0.8072289156626506,0.10240963855421686,-0.5301204819277109,0.10240963855421686,-0.5602409638554217,0.0783132530120482,-0.8493975903614458,-0.18674698795180722,-0.7469879518072289,-0.13253012048192772,-0.5,-0.0963855421686747,-0.536144578313253,-0.10843373493975904,-0.7409638554216867,-0.39156626506024095,-0.7108433734939759,-0.3614457831325301,-0.5240963855421686,-0.29518072289156627,-0.5180722891566265,-0.2891566265060241
3,0.0,0.0,-0.1901840490797546,0.3006134969325153,-0.5030674846625767,0.558282208588957,-0.7116564417177914,0.7914110429447853,-0.8588957055214724,1.0,-0.9631901840490797,0.25766871165644173,-0.8711656441717791,0.3312883435582822,-0.6196319018404908,0.2822085889570552,-0.6012269938650306,0.2392638036809816,-0.9693251533742331,0.018404907975460124,-0.7914110429447853,0.10429447852760736,-0.5276073619631901,0.09202453987730061,-0.5644171779141104,0.06748466257668712,-0.8834355828220859,-0.2085889570552147,-0.7361963190184049,-0.13496932515337423,-0.5030674846625767,-0.11042944785276074,-0.5460122699386503,-0.12269938650306748,-0.7668711656441718,-0.4110429447852761,-0.6871165644171779,-0.37423312883435583,-0.50920245398773,-0.3128834355828221,-0.5153374233128835,-0.3128834355828221
3,0.0,0.0,-0.1728395061728395,0.29012345679012347,-0.49382716049382713,0.5555555555555556,-0.7222222222222222,0.7839506172839507,-0.8703703703703703,1.0,-0.9444444444444444,0.25308641975308643,-0.8518518518518519,0.3271604938271605,-0.6049382716049383,0.29012345679012347,-0.5555555555555556,0.2345679012345679,-0.9629629629629629,0.006172839506172839,-0.7716049382716049,0.09259259259259259,-0.5123456790123457,0.09259259259259259,-0.5308641975308642,0.05555555555555555,-0.8827160493827161,-0.2222222222222222,-0.6975308641975309,-0.14814814814814814,-0.47530864197530864,-0.1111111111111111,-0.5123456790123457,-0.12962962962962962,-0.7716049382716049,-0.43209876543209874,-0.6604938271604939,-0.38271604938271603,-0.4876543209876543,-0.3148148148148148,-0.5,-0.3148148148148148
3,0.0,0.0,-0.17177914110429449,0.3006134969325153,-0.49693251533742333,0.5644171779141104,-0.7116564417177914,0.7914110429447853,-0.8588957055214724,1.0,-0.9631901840490797,0.2392638036809816,-0.8282208588957055,0.3374233128834356,-0.588957055214724,0.3006134969325153,-0.558282208588957,0.25153374233128833,-0.9815950920245399,0.012269938650306749,-0.7484662576687117,0.10429447852760736,-0.49693251533742333,0.09815950920245399,-0.5214723926380368,0.06748466257668712,-0.8957055214723927,-0.2085889570552147,-0.6932515337423313,-0.13496932515337423,-0.4723926380368098,-0.10429447852760736,-0.50920245398773,-0.12269938650306748,-0.7668711656441718,-0.4171779141104294,-0.6441717791411042,-0.37423312883435583,-0.4723926380368098,-0.3067484662576687,-0.48466257668711654,-0.294478527607362
3,0.0,0.0,-0.1728395061728395,0.30246913580246915,-0.5,0.5617283950617284,-0.7222222222222222,0.7901234567901234,-0.8765432098765432,1.0,-0.9753086419753086,0.2345679012345679,-0.8148148148148148,0.3333333333333333,-0.5802469135802469,0.30246913580246915,-0.5555555555555556,0.24691358024691357,-0.9814814814814815,0.0,-0.7345679012345679,0.09876543209876543,-0.4876543209876543,0.09876543209876543,-0.5246913580246914,0.05555555555555555,-0.8950617283950617,-0.22839506172839505,-0.6666666666666666,-0.13580246913580246,-0.4506172839506173,-0.10493827160493827,-0.5061728395061729,-0.12962962962962962,-0.7654320987654321,-0.43209876543209874,-0.6234567901234568,-0.37037037037037035,-0.4567901234567901,-0.30246913580246915,-0.48148148148148145,-0.30246913580246915
3,0.0,0.0,-0.14285714285714285,0.30434782608695654,-0.45962732919254656,0.5652173913043478,-0.6770186335403726,0.7888198757763976,-0.8322981366459627,1.0,-0.9440993788819876,0.2236024844720497,-0.7453416149068323,0.30434782608695654,-0.515527950310559,0.2795031055900621,-0.4968944099378882,0.2360248447204969,-0.9503105590062112,-0.024844720496894408,-0.6770186335403726,0.07453416149068323,-0.43478260869565216,0.08695652173913043,-0.4658385093167702,0.055900621118012424,-0.8571428571428571,-0.2484472049689441,-0.6086956521739131,-0.15527950310559005,-0.39751552795031053,-0.11180124223602485,-0.43478260869565216,-0.13043478260869565,-0.7267080745341615,-0.453416149068323,-0.5652173913043478,-0.391304347826087,-0.39751552795031053,-0.3105590062111801,-0.40372670807453415,-0.2919254658385093
3,0.0,0.0,-0.15757575757575756,0.296969696969697,-0.4727272727272727,0.5515151515151515,-0.6848484848484848,0.7757575757575758,-0.8424242424242424,1.0,-0.9636363636363636,0.22424242424242424,-0.7454545454545455,0.3151515151515151,-0.5272727272727272,0.28484848484848485,-0.5212121212121212,0.23636363636363636,-0.9757575757575757,-0.012121212121212121,-0.6787878787878788,0.07878787878787878,-0.4484848484848485,0.09696969696969697,-0.4909090909090909,0.06060606060606061,-0.8787878787878788,-0.23030303030303031,-0.6121212121212121,-0.15151515151515152,-0.40606060606060607,-0.10303030303030303,-0.45454545454545453,-0.12121212121212122,-0.7454545454545455,-0.42424242424242425,-0.5515151515151515,-0.38181818181818183,-0.3878787878787879,-0.296969696969697,-0.40606060606060607,-0.2787878787878788
3,0.0,0.0,-0.16049382716049382,0.2839506172839506,-0.47530864197530864,0.5432098765432098,-0.691358024691358,0.7716049382716049,-0.8518518518518519,1.0,-0.9814814814814815,0.19753086419753085,-0.7407407407407407,0.3148148148148148,-0.5185185185185185,0.2962962962962963,-0.5246913580246914,0.22839506172839505,-0.9814814814814815,-0.04938271604938271,-0.6604938271604939,0.08024691358024691,-0.43209876543209874,0.09259259259259259,-0.47530864197530864,0.04938271604938271,-0.8765432098765432,-0.2777777777777778,-0.5864197530864198,-0.16049382716049382,-0.3950617283950617,-0.1111111111111111,-0.4444444444444444,-0.13580246913580246,-0.7345679012345679,-0.47530864197530864,-0.5308641975308642,-0.3950617283950617,-0.3765432098765432,-0.30246913580246915,-0.3950617283950617,-0.29012345679012347
3,0.0,0.0,-0.15337423312883436,0.294478527607362,-0.4723926380368098,0.5521472392638037,-0.6871165644171779,0.7791411042944786,-0.852760736196319,1.0,-0.9693251533742331,0.22085889570552147,-0.7361963190184049,0.3128834355828221,-0.5214723926380368,0.2883435582822086,-0.5276073619631901,0.2392638036809816,-0.9754601226993865,-0.024539877300613498,-0.656441717791411,0.0736196319018405,-0.4294478527607362,0.09815950920245399,-0.4785276073619632,0.06748466257668712,-0.8834355828220859,-0.24539877300613497,-0.588957055214724,-0.15950920245398773,-0.38650306748466257,-0.10429447852760736,-0.4294478527607362,-0.11042944785276074,-0.7423312883435583,-0.43558282208588955,-0.5276073619631901,-0.3803680981595092,-0.3619631901840491,-0.2883435582822086,-0.36809815950920244,-0.25766871165644173
3,0.0,0.0,-0.14634146341463414,0.2865853658536585,-0.4573170731707317,0.5426829268292683,-0.6707317073170732,0.774390243902439,-0.8353658536585366,1.0,-0.9634146341463414,0.21341463414634146,-0.7073170731707317,0.31097560975609756,-0.4878048780487805,0.2926829268292683,-0.5060975609756098,0.24390243902439024,-0.9634146341463414,-0.036585365853658534,-0.6219512195121951,0.07317073170731707,-0.4024390243902439,0.10365853658536585,-0.4573170731707317,0.06707317073170732,-0.8658536585365854,-0.2621951219512195,-0.5487804878048781,-0.15853658536585366,-0.3597560975609756,-0.10365853658536585,-0.42073170731707316,-0.11585365853658537,-0.7195121951219512,-0.4573170731707317,-0.49390243902439024,-0.38414634146341464,-0.3353658536585366,-0.2865853658536585,-0.35365853658536583,-0.2621951219512195
3,0.0,0.0,-0.15432098765432098,0.29012345679012347,-0.4691358024691358,0.5493827160493827,-0.6851851851851852,0.7777777777777778,-0.8518518518518519,1.0,-0.9753086419753086,0.19753086419753085,-0.7222222222222222,0.2962962962962963,-0.5,0.2839506172839506,-0.5,0.22839506172839505,-0.9753086419753086,-0.06172839506172839,-0.6419753086419753,0.06172839506172839,-0.4074074074074074,0.09259259259259259,-0.4506172839506173,0.06172839506172839,-0.8703703703703703,-0.2839506172839506,-0.5555555555555556,-0.16666666666666666,-0.35802469135802467,-0.10493827160493827,-0.4012345679012346,-0.1111111111111111,-0.7283950617283951,-0.4691358024691358,-0.4876543209876543,-0.3888888888888889,-0.32098765432098764,-0.29012345679012347,-0.3333333333333333,-0.25925925925925924
3,0.0,0.0,-0.15151515151515152,0.28484848484848485,-0.45454545454545453,0.5393939393939394,-0.6666666666666666,0.7696969696969697,-0.8242424242424242,1.0,-0.9515151515151515,0.19393939393939394,-0.6909090909090909,0.30303030303030304,-0.4727272727272727,0.2909090909090909,-0.4909090909090909,0.23636363636363636,-0.9515151515151515,-0.06060606060606061,-0.6060606060606061,0.06666666666666667,-0.38181818181818183,0.09696969696969697,-0.43636363636363634,0.06666666666666667,-0.8424242424242424,-0.2787878787878788,-0.5333333333333333,-0.16363636363636364,-0.3393939393939394,-0.10303030303030303,-0.3878787878787879,-0.12121212121212122,-0.696969696969697,-0.4666666666666667,-0.46060606060606063,-0.38181818181818183,-0.296969696969697,-0.28484848484848485,-0.3090909090909091,-0.2545454545454545
3,0.0,0.0,-0.14814814814814814,0.29012345679012347,-0.4567901234567901,0.5493827160493827,-0.6728395061728395,0.7777777777777778,-0.845679012345679,1.0,-0.9629629629629629,0.19753086419753085,-0.6975308641975309,0.29012345679012347,-0.48148148148148145,0.2839506172839506,-0.4876543209876543,0.2345679012345679,-0.9629629629629629,-0.06172839506172839,-0.6111111111111112,0.05555555555555555,-0.38271604938271603,0.09259259259259259,-0.4382716049382716,0.06172839506172839,-0.8580246913580247,-0.29012345679012347,-0.5370370370370371,-0.17901234567901234,-0.3395061728395062,-0.11728395061728394,-0.3888888888888889,-0.12962962962962962,-0.7098765432098766,-0.48148148148148145,-0.46296296296296297,-0.4074074074074074,-0.2962962962962963,-0.30246913580246915,-0.3148148148148148,-0.2777777777777778
3,0.0,0.0,-0.14634146341463414,0.2865853658536585,-0.4451219512195122,0.5487804878048781,-0.6585365853658537,0.774390243902439,-0.8353658536585366,1.0,-0.9512195121951219,0.1951219512195122,-0.676829268292683,0.3048780487804878,-0.4573170731707317,0.2926829268292683,-0.4695121951219512,0.23170731707317074,-0.9451219512195121,-0.054878048780487805,-0.5914634146341463,0.06707317073170732,-0.3719512195121951,0.0975609756097561,-0.42073170731707316,0.054878048780487805,-0.8414634146341463,-0.2804878048780488,-0.5121951219512195,-0.16463414634146342,-0.3231707317073171,-0.10975609756097561,-0.3780487804878049,-0.13414634146341464,-0.6951219512195121,-0.47560975609756095,-0.4451219512195122,-0.38414634146341464,-0.2804878048780488,-0.2926829268292683,-0.3048780487804878,-0.2804878048780488
3,0.0,0.0,-0.1411042944785276,0.294478527607362,-0.44785276073619634,0.5521472392638037,-0.6687116564417178,0.7791411042944786,-0.8404907975460123,1.0,-0.950920245398773,0.20245398773006135,-0.6932515337423313,0.3128834355828221,-0.4723926380368098,0.294478527607362,-0.4785276073619632,0.2392638036809816,-0.950920245398773,-0.049079754601226995,-0.6012269938650306,0.06748466257668712,-0.37423312883435583,0.09815950920245399,-0.4294478527607362,0.05521472392638037,-0.8404907975460123,-0.27607361963190186,-0.5276073619631901,-0.15950920245398773,-0.3312883435582822,-0.10429447852760736,-0.39263803680981596,-0.12883435582822086,-0.6932515337423313,-0.4723926380368098,-0.4601226993865031,-0.39263803680981596,-0.294478527607362,-0.294478527607362,-0.32515337423312884,-0.27607361963190186
3,0.0,0.0,-0.1524390243902439,0.2865853658536585,-0.45121951219512196,0.5487804878048781,-0.6646341463414634,0.774390243902439,-0.8353658536585366,1.0,-0.9512195121951219,0.20121951219512196,-0.7012195121951219,0.31097560975609756,-0.47560975609756095,0.29878048780487804,-0.4695121951219512,0.23780487804878048,-0.9451219512195121,-0.04878048780487805,-0.6036585365853658,0.07317073170731707,-0.3780487804878049,0.0975609756097561,-0.4268292682926829,0.04878048780487805,-0.8414634146341463,-0.27439024390243905,-0.524390243902439,-0.15853658536585366,-0.3353658536585366,-0.10975609756097561,-0.3902439024390244,-0.1402439024390244,-0.6951219512195121,-0.4695121951219512,-0.4573170731707317,-0.38414634146341464,-0.3048780487804878,-0.29878048780487804,-0.3353658536585366,-0.2926829268292683
3,0.0,0.0,-0.15432098765432098,0.29012345679012347,-0.46296296296296297,0.5555555555555556,-0.6790123456790124,0.7777777777777778,-0.8518518518518519,1.0,-0.9506172839506173,0.2037037037037037,-0.7283950617283951,0.30864197530864196,-0.49382716049382713,0.30246913580246915,-0.47530864197530864,0.24691358024691357,-0.9567901234567902,-0.04938271604938271,-0.6296296296296297,0.06790123456790123,-0.3888888888888889,0.09876543209876543,-0.41975308641975306,0.05555555555555555,-0.8518518518518519,-0.2777777777777778,-0.5370370370370371,-0.16666666666666666,-0.3395061728395062,-0.1111111111111111,-0.3888888888888889,-0.13580246913580246,-0.7098765432098766,-0.4691358024691358,-0.46296296296296297,-0.3888888888888889,-0.2962962962962963,-0.2962962962962963,-0.32098765432098764,-0.2777777777777778
3,0.0,0.0,-0.15950920245398773,0.294478527607362,-0.4662576687116564,0.558282208588957,-0.6809815950920245,0.7852760736196319,-0.852760736196319,1.0,-0.950920245398773,0.2085889570552147,-0.7423312883435583,0.31901840490797545,-0.50920245398773,0.3067484662576687,-0.4785276073619632,0.24539877300613497,-0.950920245398773,-0.04294478527607362,-0.6503067484662577,0.0736196319018405,-0.4110429447852761,0.10429447852760736,-0.43558282208588955,0.05521472392638037,-0.8466257668711656,-0.26993865030674846,-0.558282208588957,-0.15950920245398773,-0.3558282208588957,-0.10429447852760736,-0.3987730061349693,-0.13496932515337423,-0.6993865030674846,-0.4662576687116564,-0.48466257668711654,-0.38650306748466257,-0.31901840490797545,-0.294478527607362,-0.3374233128834356,-0.2883435582822086
3,0.0,0.0,-0.16455696202531644,0.2974683544303797,-0.4873417721518987,0.5632911392405063,-0.7088607594936709,0.7848101265822784,-0.8860759493670886,1.0,-0.9810126582278481,0.1962025316455696,-0.7784810126582279,0.2974683544303797,-0.5253164556962026,0.2911392405063291,-0.4810126582278481,0.23417721518987342,-0.9810126582278481,-0.06329113924050633,-0.6835443037974683,0.05063291139240506,-0.43037974683544306,0.08227848101265822,-0.4430379746835443,0.04430379746835443,-0.879746835443038,-0.2911392405063291,-0.5886075949367089,-0.18354430379746836,-0.379746835443038,-0.12658227848101267,-0.4177215189873418,-0.1518987341772152,-0.7341772151898734,-0.4936708860759494,-0.5189873417721519,-0.4177215189873418,-0.34810126582278483,-0.3291139240506329,-0.3670886075949367,-0.310126582278481
3,0.0,0.0,-0.18064516129032257,0.2838709677419355,-0.5225806451612903,0.535483870967742,-0.7483870967741936,0.7677419354838709,-0.9161290322580645,0.9870967741935484,-0.9870967741935484,0.2064516129032258,-0.8129032258064516,0.2645161290322581,-0.5741935483870968,0.24516129032258063,-0.5419354838709678,0.2064516129032258,-1.0,-0.05161290322580645,-0.7354838709677419,0.0064516129032258064,-0.4774193548387097,0.04516129032258064,-0.5161290322580645,0.025806451612903226,-0.896774193548387,-0.2838709677419355,-0.6516129032258065,-0.23225806451612904,-0.4258064516129032,-0.16129032258064516,-0.4645161290322581,-0.16774193548387098,-0.7548387096774194,-0.49032258064516127,-0.5870967741935483,-0.45806451612903226,-0.4129032258064516,-0.36129032258064514,-0.41935483870967744,-0.33548387096774196
3,0.0,0.0,-0.18181818181818182,0.2987012987012987,-0.525974025974026,0.5454545454545454,-0.7597402597402597,0.7792207792207793,-0.9285714285714286,1.0,-0.9805194805194806,0.21428571428571427,-0.8246753246753247,0.2662337662337662,-0.577922077922078,0.24675324675324675,-0.5454545454545454,0.2077922077922078,-0.987012987012987,-0.032467532467532464,-0.7402597402597403,0.01948051948051948,-0.4805194805194805,0.045454545454545456,-0.5064935064935064,0.032467532467532464,-0.8896103896103896,-0.2662337662337662,-0.6688311688311688,-0.22077922077922077,-0.42857142857142855,-0.16233766233766234,-0.4675324675324675,-0.16883116883116883,-0.7532467532467533,-0.474025974025974,-0.6103896103896104,-0.45454545454545453,-0.42857142857142855,-0.36363636363636365,-0.42207792207792205,-0.33766233766233766
3,0.0,0.0,-0.18181818181818182,0.2922077922077922,-0.525974025974026,0.538961038961039,-0.7597402597402597,0.7727272727272727,-0.922077922077922,1.0,-0.974025974025974,0.22077922077922077,-0.8311688311688312,0.2597402597402597,-0.5909090909090909,0.23376623376623376,-0.564935064935065,0.2012987012987013,-0.987012987012987,-0.025974025974025976,-0.7532467532467533,0.012987012987012988,-0.487012987012987,0.03896103896103896,-0.538961038961039,0.032467532467532464,-0.8961038961038961,-0.2597402597402597,-0.6818181818181818,-0.22727272727272727,-0.44155844155844154,-0.16883116883116883,-0.4935064935064935,-0.16233766233766234,-0.7597402597402597,-0.461038961038961,-0.6233766233766234,-0.45454545454545453,-0.43506493506493504,-0.37012987012987014,-0.44155844155844154,-0.33766233766233766
3,0.0,0.0,-0.18666666666666668,0.29333333333333333,-0.5333333333333333,0.5333333333333333,-0.7666666666666667,0.7666666666666667,-0.9333333333333333,1.0,-0.9866666666666667,0.22666666666666666,-0.86,0.24666666666666667,-0.6,0.22666666666666666,-0.5666666666666667,0.2,-1.0,-0.03333333333333333,-0.78,0.0,-0.5066666666666667,0.02666666666666667,-0.5466666666666666,0.02666666666666667,-0.9,-0.26666666666666666,-0.7133333333333334,-0.24666666666666667,-0.4666666666666667,-0.18,-0.5066666666666667,-0.16666666666666666,-0.76,-0.48,-0.64,-0.47333333333333333,-0.4533333333333333,-0.38666666666666666,-0.46,-0.3466666666666667
3,0.0,0.0,-0.19205298013245034,0.2913907284768212,-0.543046357615894,0.5231788079470199,-0.7748344370860927,0.7615894039735099,-0.9337748344370861,1.0,-0.9933774834437086,0.2185430463576159,-0.8609271523178808,0.23841059602649006,-0.609271523178808,0.2185430463576159,-0.6026490066225165,0.2052980132450331,-1.0,-0.033112582781456956,-0.7814569536423841,0.0,-0.5099337748344371,0.033112582781456956,-0.5761589403973509,0.033112582781456956,-0.8940397350993378,-0.271523178807947,-0.7152317880794702,-0.23841059602649006,-0.4768211920529801,-0.17880794701986755,-0.5298013245033113,-0.17218543046357615,-0.7549668874172185,-0.4768211920529801,-0.6490066225165563,-0.47019867549668876,-0.47019867549668876,-0.37748344370860926,-0.4768211920529801,-0.3509933774834437
3,0.0,0.0,-0.17333333333333334,0.2866666666666667,-0.5266666666666666,0.5266666666666666,-0.76,0.7666666666666667,-0.92,1.0,-0.9733333333333334,0.24,-0.86,0.24666666666666667,-0.6066666666666667,0.23333333333333334,-0.6066666666666667,0.21333333333333335,-0.9866666666666667,-0.013333333333333334,-0.7866666666666666,0.0,-0.5133333333333333,0.04,-0.5866666666666667,0.04666666666666667,-0.8933333333333333,-0.25333333333333335,-0.7133333333333334,-0.23333333333333334,-0.47333333333333333,-0.16666666666666666,-0.54,-0.15333333333333332,-0.76,-0.46,-0.64,-0.4533333333333333,-0.46,-0.36666666666666664,-0.4866666666666667,-0.32666666666666666
3,0.0,0.0,-0.21476510067114093,0.2751677852348993,-0.5637583892617449,0.5234899328859061,-0.7986577181208053,0.7516778523489933,-0.9328859060402684,0.9865771812080537,-1.0,0.2684563758389262,-0.959731543624161,0.2348993288590604,-0.6845637583892618,0.2214765100671141,-0.6711409395973155,0.2214765100671141,-0.9932885906040269,0.013422818791946308,-0.87248322147651,0.0,-0.5771812080536913,0.03355704697986577,-0.6375838926174496,0.053691275167785234,-0.8993288590604027,-0.2214765100671141,-0.8053691275167785,-0.22818791946308725,-0.5436241610738255,-0.174496644295302,-0.5973154362416108,-0.14093959731543623,-0.785234899328859,-0.436241610738255,-0.7583892617449665,-0.44966442953020136,-0.5570469798657718,-0.3691275167785235,-0.5637583892617449,-0.3221476510067114
3,0.0,0.0,-0.1958041958041958,0.27972027972027974,-0.5384615384615384,0.5314685314685315,-0.7762237762237763,0.7692307692307693,-0.916083916083916,1.0,-0.972027972027972,0.26573426573426573,-0.965034965034965,0.23776223776223776,-0.6923076923076923,0.23076923076923078,-0.6643356643356644,0.23076923076923078,-0.958041958041958,0.013986013986013986,-0.8741258741258742,0.0,-0.5734265734265734,0.04195804195804196,-0.6223776223776224,0.06293706293706294,-0.8671328671328671,-0.23076923076923078,-0.7902097902097902,-0.23776223776223776,-0.5314685314685315,-0.17482517482517482,-0.5804195804195804,-0.14685314685314685,-0.7552447552447552,-0.45454545454545453,-0.7342657342657343,-0.46153846153846156,-0.5384615384615384,-0.3776223776223776,-0.5454545454545454,-0.34265734265734266
3,0.0,0.0,-0.2,0.2785714285714286,-0.5428571428571428,0.5285714285714286,-0.7857142857142857,0.7714285714285715,-0.9285714285714286,1.0,-0.9714285714285714,0.2785714285714286,-0.9857142857142858,0.2357142857142857,-0.7,0.22142857142857142,-0.6714285714285714,0.22857142857142856,-0.9642857142857143,0.014285714285714285,-0.8928571428571429,0.0,-0.5857142857142857,0.03571428571428571,-0.6357142857142857,0.06428571428571428,-0.8714285714285714,-0.22857142857142856,-0.8142857142857143,-0.24285714285714285,-0.5428571428571428,-0.17857142857142858,-0.5928571428571429,-0.14285714285714285,-0.7642857142857142,-0.45,-0.7571428571428571,-0.4642857142857143,-0.5571428571428572,-0.38571428571428573,-0.5642857142857143,-0.34285714285714286
3,0.0,0.0,-0.19148936170212766,0.28368794326241137,-0.524822695035461,0.5460992907801419,-0.7730496453900709,0.7872340425531915,-0.9219858156028369,1.0,-0.9290780141843972,0.2765957446808511,-0.9787234042553191,0.24113475177304963,-0.7021276595744681,0.22695035460992907,-0.6595744680851063,0.23404255319148937,-0.9219858156028369,0.02127659574468085,-0.8794326241134752,0.0070921985815602835,-0.5815602836879432,0.0425531914893617,-0.6099290780141844,0.07092198581560284,-0.8439716312056738,-0.2127659574468085,-0.8014184397163121,-0.23404255319148937,-0.5390070921985816,-0.1773049645390071,-0.5673758865248227,-0.14184397163120568,-0.7375886524822695,-0.4397163120567376,-0.75177304964539,-0.45390070921985815,-0.5531914893617021,-0.375886524822695,-0.5460992907801419,-0.3333333333333333
3,0.0,0.0,-0.19285714285714287,0.2785714285714286,-0.5285714285714286,0.5428571428571428,-0.7642857142857142,0.7857142857142857,-0.9071428571428571,1.0,-0.9142857142857143,0.2714285714285714,-0.9928571428571429,0.22857142857142856,-0.7071428571428572,0.21428571428571427,-0.6428571428571429,0.22142857142857142,-0.8928571428571429,0.02142857142857143,-0.8928571428571429,0.0,-0.5857142857142857,0.03571428571428571,-0.6,0.06428571428571428,-0.8142857142857143,-0.21428571428571427,-0.8214285714285714,-0.22857142857142856,-0.55,-0.17857142857142858,-0.5642857142857143,-0.14285714285714285,-0.7142857142857143,-0.4357142857142857,-0.7714285714285715,-0.45,-0.5714285714285714,-0.37857142857142856,-0.55,-0.32857142857142857
3,0.0,0.0,-0.18571428571428572,0.2785714285714286,-0.5285714285714286,0.5285714285714286,-0.7785714285714286,0.7714285714285715,-0.9285714285714286,0.9857142857142858,-0.9428571428571428,0.2785714285714286,-1.0,0.2357142857142857,-0.7142857142857143,0.21428571428571427,-0.6642857142857143,0.22142857142857142,-0.9357142857142857,0.02857142857142857,-0.9071428571428571,-0.007142857142857143,-0.6,0.02857142857142857,-0.6428571428571429,0.06428571428571428,-0.8571428571428571,-0.21428571428571427,-0.8285714285714286,-0.24285714285714285,-0.5571428571428572,-0.17857142857142858,-0.6071428571428571,-0.1357142857142857,-0.7571428571428571,-0.4357142857142857,-0.7857142857142857,-0.4642857142857143,-0.5785714285714286,-0.37857142857142856,-0.5714285714285714,-0.32142857142857145
3,0.0,0.0,-0.17985611510791366,0.28776978417266186,-0.5179856115107914,0.5467625899280576,-0.7697841726618705,0.7769784172661871,-0.9136690647482014,0.9928057553956835,-0.9136690647482014,0.2805755395683453,-1.0,0.23741007194244604,-0.7122302158273381,0.2302158273381295,-0.6546762589928058,0.2446043165467626,-0.9064748201438849,0.02877697841726619,-0.8992805755395683,0.0,-0.5827338129496403,0.04316546762589928,-0.6115107913669064,0.07913669064748201,-0.8345323741007195,-0.2014388489208633,-0.8273381294964028,-0.2302158273381295,-0.5467625899280576,-0.16546762589928057,-0.5755395683453237,-0.1223021582733813,-0.7338129496402878,-0.4244604316546763,-0.7697841726618705,-0.4460431654676259,-0.5683453237410072,-0.3669064748201439,-0.5539568345323741,-0.31654676258992803
3,0.0,0.0,-0.18439716312056736,0.2765957446808511,-0.524822695035461,0.524822695035461,-0.7730496453900709,0.7659574468085106,-0.9219858156028369,0.9716312056737588,-0.900709219858156,0.2624113475177305,-1.0,0.22695035460992907,-0.723404255319149,0.2198581560283688,-0.6666666666666666,0.22695035460992907,-0.8936170212765957,0.02127659574468085,-0.9078014184397163,0.0,-0.6028368794326241,0.03546099290780142,-0.624113475177305,0.06382978723404255,-0.8226950354609929,-0.2127659574468085,-0.8297872340425532,-0.22695035460992907,-0.5602836879432624,-0.1702127659574468,-0.5886524822695035,-0.14184397163120568,-0.7304964539007093,-0.425531914893617,-0.7801418439716312,-0.4397163120567376,-0.5815602836879432,-0.3617021276595745,-0.5602836879432624,-0.3262411347517731
3,0.0,0.0,-0.18248175182481752,0.2846715328467153,-0.5109489051094891,0.5401459854014599,-0.7591240875912408,0.781021897810219,-0.9051094890510949,0.9927007299270073,-0.9197080291970803,0.27007299270072993,-1.0,0.22627737226277372,-0.7153284671532847,0.2116788321167883,-0.656934306569343,0.22627737226277372,-0.9124087591240876,0.021897810218978103,-0.9051094890510949,-0.0072992700729927005,-0.5912408759124088,0.029197080291970802,-0.6131386861313869,0.06569343065693431,-0.8321167883211679,-0.2116788321167883,-0.8248175182481752,-0.23357664233576642,-0.5547445255474452,-0.18248175182481752,-0.5766423357664233,-0.1386861313868613,-0.7372262773722628,-0.4306569343065693,-0.7737226277372263,-0.45255474452554745,-0.5693430656934306,-0.3722627737226277,-0.5547445255474452,-0.3284671532846715
3,0.0,0.0,-0.17985611510791366,0.28776978417266186,-0.5107913669064749,0.5323741007194245,-0.7553956834532374,0.762589928057554,-0.8992805755395683,0.9784172661870504,-0.8705035971223022,0.2805755395683453,-1.0,0.2302158273381295,-0.7266187050359713,0.2158273381294964,-0.6546762589928058,0.22302158273381295,-0.8633093525179856,0.02877697841726619,-0.9136690647482014,0.0,-0.5971223021582733,0.02158273381294964,-0.60431654676259,0.05755395683453238,-0.7985611510791367,-0.2014388489208633,-0.8273381294964028,-0.2302158273381295,-0.5539568345323741,-0.17985611510791366,-0.5683453237410072,-0.1366906474820144,-0.7122302158273381,-0.4172661870503597,-0.7769784172661871,-0.4460431654676259,-0.5755395683453237,-0.37410071942446044,-0.5467625899280576,-0.3237410071942446
3,0.0,0.0,-0.18382352941176472,0.3014705882352941,-0.5073529411764706,0.5661764705882353,-0.7426470588235294,0.7941176470588235,-0.8897058823529411,1.0,-0.8602941176470589,0.27941176470588236,-0.9926470588235294,0.2426470588235294,-0.7132352941176471,0.22058823529411764,-0.6397058823529411,0.22794117647058823,-0.8529411764705882,0.03676470588235294,-0.9044117647058824,0.014705882352941176,-0.5882352941176471,0.03676470588235294,-0.5882352941176471,0.0661764705882353,-0.7867647058823529,-0.19852941176470587,-0.8382352941176471,-0.22058823529411764,-0.5661764705882353,-0.16911764705882354,-0.5588235294117647,-0.1323529411764706,-0.6985294117647058,-0.4117647058823529,-0.7867647058823529,-0.4338235294117647,-0.5808823529411765,-0.36764705882352944,-0.5441176470588235,-0.3235294117647059
3,0.0,0.0,-0.2,0.2785714285714286,-0.5214285714285715,0.5357142857142857,-0.7571428571428571,0.7642857142857142,-0.8857142857142857,0.9785714285714285,-0.85,0.2714285714285714,-1.0,0.2357142857142857,-0.7214285714285714,0.20714285714285716,-0.6357142857142857,0.21428571428571427,-0.8428571428571429,0.03571428571428571,-0.9214285714285714,0.007142857142857143,-0.6071428571428571,0.02857142857142857,-0.6071428571428571,0.07142857142857142,-0.7785714285714286,-0.19285714285714287,-0.85,-0.22142857142857142,-0.5785714285714286,-0.17142857142857143,-0.5785714285714286,-0.12142857142857143,-0.7,-0.4,-0.7928571428571428,-0.4357142857142857,-0.6,-0.36428571428571427,-0.5571428571428572,-0.3
3,0.0,0.0,-0.17391304347826086,0.2826086956521739,-0.5144927536231884,0.5362318840579711,-0.7536231884057971,0.7608695652173914,-0.8840579710144928,0.9710144927536232,-0.855072463768116,0.2753623188405797,-1.0,0.2318840579710145,-0.7246376811594203,0.21014492753623187,-0.644927536231884,0.21739130434782608,-0.8478260869565217,0.028985507246376812,-0.9347826086956522,0.0,-0.6086956521739131,0.028985507246376812,-0.6014492753623188,0.06521739130434782,-0.7898550724637681,-0.1956521739130435,-0.8478260869565217,-0.2318840579710145,-0.5652173913043478,-0.17391304347826086,-0.5652173913043478,-0.13043478260869565,-0.7028985507246377,-0.41304347826086957,-0.782608695652174,-0.4420289855072464,-0.572463768115942,-0.3695652173913043,-0.5434782608695652,-0.3115942028985507
3,0.0,0.0,-0.18840579710144928,0.2826086956521739,-0.5144927536231884,0.5434782608695652,-0.7608695652173914,0.7681159420289855,-0.8913043478260869,0.9855072463768116,-0.8695652173913043,0.2753623188405797,-1.0,0.2391304347826087,-0.7318840579710145,0.21014492753623187,-0.6594202898550725,0.21014492753623187,-0.8695652173913043,0.036231884057971016,-0.927536231884058,0.007246376811594203,-0.6159420289855072,0.028985507246376812,-0.6159420289855072,0.06521739130434782,-0.8115942028985508,-0.18840579710144928,-0.855072463768116,-0.21739130434782608,-0.5797101449275363,-0.16666666666666666,-0.5869565217391305,-0.13043478260869565,-0.7246376811594203,-0.39855072463768115,-0.8043478260869565,-0.427536231884058,-0.6014492753623188,-0.35507246376811596,-0.572463768115942,-0.30434782608695654
3,0.0,0.0,-0.17647058823529413,0.3014705882352941,-0.5,0.5588235294117647,-0.7426470588235294,0.7867647058823529,-0.8823529411764706,1.0,-0.8602941176470589,0.3014705882352941,-1.0,0.25,-0.7279411764705882,0.22794117647058823,-0.6470588235294118,0.23529411764705882,-0.8529411764705882,0.058823529411764705,-0.9338235294117647,0.014705882352941176,-0.6176470588235294,0.03676470588235294,-0.6029411764705882,0.08823529411764706,-0.7941176470588235,-0.17647058823529413,-0.8529411764705882,-0.20588235294117646,-0.5735294117647058,-0.16176470588235295,-0.5735294117647058,-0.11029411764705882,-0.7132352941176471,-0.38235294117647056,-0.7867647058823529,-0.4264705882352941,-0.5882352941176471,-0.35294117647058826,-0.5514705882352942,-0.2867647058823529
3,0.0,0.0,-0.17647058823529413,0.2867647058823529,-0.5073529411764706,0.5441176470588235,-0.7426470588235294,0.7720588235294118,-0.8823529411764706,0.9852941176470589,-0.8529411764705882,0.2867647058823529,-1.0,0.23529411764705882,-0.7352941176470589,0.22058823529411764,-0.6470588235294118,0.22794117647058823,-0.8529411764705882,0.04411764705882353,-0.9411764705882353,0.007352941176470588,-0.6176470588235294,0.03676470588235294,-0.6029411764705882,0.07352941176470588,-0.7941176470588235,-0.18382352941176472,-0.8602941176470589,-0.22794117647058823,-0.5808823529411765,-0.16911764705882354,-0.5808823529411765,-0.11764705882352941,-0.7058823529411765,-0.39705882352941174,-0.7941176470588235,-0.4411764705882353,-0.5955882352941176,-0.3602941176470588,-0.5588235294117647,-0.3014705882352941
3,0.0,0.0,-0.18248175182481752,0.291970802919708,-0.49635036496350365,0.5401459854014599,-0.7372262773722628,0.7664233576642335,-0.8613138686131386,0.9781021897810219,-0.8540145985401459,0.26277372262773724,-1.0,0.21897810218978103,-0.7299270072992701,0.2116788321167883,-0.656934306569343,0.21897810218978103,-0.8321167883211679,0.029197080291970802,-0.9124087591240876,0.0,-0.6058394160583942,0.029197080291970802,-0.6058394160583942,0.06569343065693431,-0.7664233576642335,-0.1897810218978102,-0.8467153284671532,-0.22627737226277372,-0.5693430656934306,-0.1678832116788321,-0.5693430656934306,-0.12408759124087591,-0.6861313868613139,-0.39416058394160586,-0.7956204379562044,-0.4306569343065693,-0.5912408759124088,-0.35036496350364965,-0.5474452554744526,-0.29927007299270075
3,0.0,0.0,-0.1956521739130435,0.2898550724637681,-0.5144927536231884,0.5434782608695652,-0.7463768115942029,0.7681159420289855,-0.8768115942028986,0.9855072463768116,-0.8695652173913043,0.2826086956521739,-1.0,0.2391304347826087,-0.7246376811594203,0.21739130434782608,-0.6594202898550725,0.2318840579710145,-0.8623188405797102,0.043478260869565216,-0.9347826086956522,0.007246376811594203,-0.6231884057971014,0.036231884057971016,-0.6304347826086957,0.07971014492753623,-0.7971014492753623,-0.17391304347826086,-0.855072463768116,-0.21739130434782608,-0.5869565217391305,-0.15942028985507245,-0.5942028985507246,-0.10869565217391304,-0.717391304347826,-0.37681159420289856,-0.8115942028985508,-0.427536231884058,-0.6086956521739131,-0.34782608695652173,-0.5797101449275363,-0.2898550724637681
3,0.0,0.0,-0.18115942028985507,0.2898550724637681,-0.4927536231884058,0.5434782608695652,-0.7318840579710145,0.7608695652173914,-0.855072463768116,0.9710144927536232,-0.8333333333333334,0.26811594202898553,-1.0,0.21739130434782608,-0.7318840579710145,0.2028985507246377,-0.6376811594202898,0.2246376811594203,-0.8115942028985508,0.036231884057971016,-0.9202898550724637,0.0,-0.6086956521739131,0.028985507246376812,-0.5942028985507246,0.07246376811594203,-0.7463768115942029,-0.18115942028985507,-0.8478260869565217,-0.2246376811594203,-0.572463768115942,-0.16666666666666666,-0.5579710144927537,-0.11594202898550725,-0.6666666666666666,-0.38405797101449274,-0.7898550724637681,-0.43478260869565216,-0.5869565217391305,-0.35507246376811596,-0.5362318840579711,-0.2971014492753623
3,0.0,0.0,-0.18248175182481752,0.291970802919708,-0.5109489051094891,0.5474452554744526,-0.7445255474452555,0.7664233576642335,-0.8686131386861314,0.9781021897810219,-0.8613138686131386,0.2773722627737226,-1.0,0.21897810218978103,-0.7299270072992701,0.20437956204379562,-0.635036496350365,0.21897810218978103,-0.8467153284671532,0.043795620437956206,-0.9343065693430657,0.0,-0.6204379562043796,0.029197080291970802,-0.6058394160583942,0.06569343065693431,-0.7883211678832117,-0.18248175182481752,-0.8686131386861314,-0.22627737226277372,-0.5912408759124088,-0.17518248175182483,-0.5766423357664233,-0.12408759124087591,-0.708029197080292,-0.38686131386861317,-0.8102189781021898,-0.43795620437956206,-0.6058394160583942,-0.36496350364963503,-0.5547445255474452,-0.29927007299270075
3,0.0,0.0,-0.1897810218978102,0.291970802919708,-0.5036496350364964,0.5474452554744526,-0.7299270072992701,0.7737226277372263,-0.8540145985401459,0.9854014598540146,-0.8686131386861314,0.2846715328467153,-1.0,0.21897810218978103,-0.7226277372262774,0.20437956204379562,-0.635036496350365,0.22627737226277372,-0.8540145985401459,0.051094890510948905,-0.927007299270073,0.0,-0.6131386861313869,0.0364963503649635,-0.5985401459854015,0.08029197080291971,-0.7883211678832117,-0.17518248175182483,-0.8540145985401459,-0.21897810218978103,-0.5766423357664233,-0.16058394160583941,-0.5693430656934306,-0.10948905109489052,-0.7007299270072993,-0.3722627737226277,-0.7956204379562044,-0.4233576642335766,-0.5912408759124088,-0.34306569343065696,-0.5474452554744526,-0.2846715328467153
3,0.0,0.0,-0.18055555555555555,0.2847222222222222,-0.4861111111111111,0.5416666666666666,-0.7083333333333334,0.7708333333333334,-0.8194444444444444,0.9722222222222222,-0.8263888888888888,0.2777777777777778,-1.0,0.25,-0.75,0.24305555555555555,-0.6319444444444444,0.24305555555555555,-0.8125,0.06944444444444445,-0.9097222222222222,0.034722222222222224,-0.6180555555555556,0.05555555555555555,-0.5972222222222222,0.09027777777777778,-0.7569444444444444,-0.1388888888888889,-0.8402777777777778,-0.18055555555555555,-0.5763888888888888,-0.13194444444444445,-0.5555555555555556,-0.09722222222222222,-0.6805555555555556,-0.3402777777777778,-0.7986111111111112,-0.375,-0.5972222222222222,-0.3055555555555556,-0.5416666666666666,-0.2638888888888889
3,0.0,0.0,-0.17482517482517482,0.2867132867132867,-0.46853146853146854,0.5524475524475524,-0.6923076923076923,0.7762237762237763,-0.8111888111888111,0.965034965034965,-0.8251748251748252,0.2937062937062937,-1.0,0.26573426573426573,-0.7342657342657343,0.23776223776223776,-0.6293706293706294,0.23776223776223776,-0.8251748251748252,0.07692307692307693,-0.916083916083916,0.04895104895104895,-0.6083916083916084,0.06293706293706294,-0.5874125874125874,0.0979020979020979,-0.7762237762237763,-0.13286713286713286,-0.8531468531468531,-0.17482517482517482,-0.5804195804195804,-0.1258741258741259,-0.5524475524475524,-0.09090909090909091,-0.7062937062937062,-0.32867132867132864,-0.7902097902097902,-0.36363636363636365,-0.5874125874125874,-0.3006993006993007,-0.5384615384615384,-0.2517482517482518
3,0.0,0.0,-0.176056338028169,0.29577464788732394,-0.4647887323943662,0.5633802816901409,-0.6971830985915493,0.795774647887324,-0.8169014084507042,0.9929577464788732,-0.8380281690140845,0.28169014084507044,-1.0,0.2605633802816901,-0.7323943661971831,0.23943661971830985,-0.6338028169014085,0.23943661971830985,-0.8380281690140845,0.06338028169014084,-0.9154929577464789,0.04225352112676056,-0.6126760563380281,0.06338028169014084,-0.5985915492957746,0.09154929577464789,-0.7816901408450704,-0.14084507042253522,-0.852112676056338,-0.176056338028169,-0.5845070422535211,-0.1267605633802817,-0.5704225352112676,-0.09859154929577464,-0.704225352112676,-0.3380281690140845,-0.7887323943661971,-0.3732394366197183,-0.5915492957746479,-0.3028169014084507,-0.5492957746478874,-0.2605633802816901
3,0.0,0.0,-0.1875,0.3055555555555556,-0.4722222222222222,0.5763888888888888,-0.7013888888888888,0.8055555555555556,-0.8125,1.0,-0.8611111111111112,0.3194444444444444,-1.0,0.2777777777777778,-0.7291666666666666,0.2569444444444444,-0.6527777777777778,0.2708333333333333,-0.8541666666666666,0.10416666666666667,-0.9305555555555556,0.06944444444444445,-0.625,0.09027777777777778,-0.625,0.11805555555555555,-0.7986111111111112,-0.1111111111111111,-0.8680555555555556,-0.14583333333333334,-0.5972222222222222,-0.10416666666666667,-0.5763888888888888,-0.06944444444444445,-0.7222222222222222,-0.3055555555555556,-0.8194444444444444,-0.3402777777777778,-0.6111111111111112,-0.2708333333333333,-0.5625,-0.2361111111111111
3,0.0,0.0,-0.18181818181818182,0.3076923076923077,-0.46153846153846156,0.5734265734265734,-0.6853146853146853,0.8041958041958042,-0.7902097902097902,1.0,-0.8601398601398601,0.3146853146853147,-0.993006993006993,0.3006993006993007,-0.7272727272727273,0.2937062937062937,-0.6573426573426573,0.2937062937062937,-0.8531468531468531,0.0979020979020979,-0.9440559440559441,0.08391608391608392,-0.6363636363636364,0.11188811188811189,-0.6363636363636364,0.13286713286713286,-0.7972027972027972,-0.11188811188811189,-0.8881118881118881,-0.13286713286713286,-0.6083916083916084,-0.08391608391608392,-0.6013986013986014,-0.06293706293706294,-0.7202797202797203,-0.3076923076923077,-0.8321678321678322,-0.3356643356643357,-0.6223776223776224,-0.25874125874125875,-0.5874125874125874,-0.23776223776223776
3,0.0,0.0,-0.2,0.31724137931034485,-0.4827586206896552,0.5793103448275863,-0.7034482758620689,0.8,-0.8068965517241379,1.0,-0.8758620689655172,0.33793103448275863,-0.993103448275862,0.3103448275862069,-0.7310344827586207,0.2896551724137931,-0.6896551724137931,0.2896551724137931,-0.8758620689655172,0.11724137931034483,-0.9517241379310345,0.09655172413793103,-0.6482758620689655,0.11724137931034483,-0.6551724137931034,0.13793103448275862,-0.8206896551724138,-0.09655172413793103,-0.896551724137931,-0.11724137931034483,-0.6206896551724138,-0.07586206896551724,-0.6068965517241379,-0.05517241379310345,-0.7379310344827587,-0.296551724137931,-0.8551724137931035,-0.32413793103448274,-0.6551724137931034,-0.25517241379310346,-0.6,-0.2206896551724138
3,0.0,0.0,-0.18620689655172415,0.3103448275862069,-0.46206896551724136,0.5793103448275863,-0.6827586206896552,0.8,-0.7931034482758621,1.0,-0.8551724137931035,0.35172413793103446,-0.9793103448275862,0.32413793103448274,-0.7241379310344828,0.2896551724137931,-0.6689655172413793,0.296551724137931,-0.8620689655172413,0.1310344827586207,-0.9448275862068966,0.10344827586206896,-0.6413793103448275,0.11724137931034483,-0.6413793103448275,0.14482758620689656,-0.8068965517241379,-0.08275862068965517,-0.8896551724137931,-0.1103448275862069,-0.6137931034482759,-0.07586206896551724,-0.6,-0.04827586206896552,-0.7379310344827587,-0.2827586206896552,-0.8413793103448276,-0.31724137931034485,-0.6344827586206897,-0.2482758620689655,-0.5862068965517241,-0.21379310344827587
3,0.0,0.0,-0.19310344827586207,0.3103448275862069,-0.47586206896551725,0.5724137931034483,-0.6896551724137931,0.7931034482758621,-0.7862068965517242,0.993103448275862,-0.8620689655172413,0.32413793103448274,-1.0,0.3103448275862069,-0.7448275862068966,0.2896551724137931,-0.6689655172413793,0.2896551724137931,-0.8620689655172413,0.1103448275862069,-0.9586206896551724,0.09655172413793103,-0.6620689655172414,0.11724137931034483,-0.6413793103448275,0.13793103448275862,-0.8068965517241379,-0.10344827586206896,-0.9103448275862069,-0.12413793103448276,-0.6413793103448275,-0.07586206896551724,-0.6,-0.04827586206896552,-0.7310344827586207,-0.30344827586206896,-0.8620689655172413,-0.3310344827586207,-0.6689655172413793,-0.25517241379310346,-0.6,-0.21379310344827587
3,0.0,0.0,-0.2,0.32413793103448274,-0.4689655172413793,0.5793103448275863,-0.6827586206896552,0.7931034482758621,-0.7862068965517242,1.0,-0.8551724137931035,0.3448275862068966,-0.993103448275862,0.32413793103448274,-0.7586206896551724,0.296551724137931,-0.6758620689655173,0.296551724137931,-0.8620689655172413,0.1310344827586207,-0.9586206896551724,0.10344827586206896,-0.6758620689655173,0.11724137931034483,-0.6413793103448275,0.13793103448275862,-0.8137931034482758,-0.08275862068965517,-0.903448275862069,-0.1103448275862069,-0.6413793103448275,-0.06896551724137931,-0.593103448275862,-0.041379310344827586,-0.7310344827586207,-0.2896551724137931,-0.8758620689655172,-0.32413793103448274,-0.6827586206896552,-0.2482758620689655,-0.6068965517241379,-0.20689655172413793
3,0.0,0.0,-0.1917808219178082,0.3150684931506849,-0.4452054794520548,0.5753424657534246,-0.6506849315068494,0.7945205479452054,-0.7534246575342466,1.0,-0.8493150684931506,0.3424657534246575,-0.958904109589041,0.3082191780821918,-0.726027397260274,0.2876712328767123,-0.6575342465753424,0.3013698630136986,-0.8561643835616438,0.1232876712328767,-0.9315068493150684,0.0958904109589041,-0.6506849315068494,0.11643835616438356,-0.6232876712328768,0.14383561643835616,-0.8013698630136986,-0.08904109589041095,-0.8835616438356164,-0.1095890410958904,-0.6301369863013698,-0.0684931506849315,-0.5821917808219178,-0.0410958904109589,-0.7191780821917808,-0.2876712328767123,-0.8561643835616438,-0.3219178082191781,-0.6643835616438356,-0.2534246575342466,-0.589041095890411,-0.2054794520547945
3,0.0,0.0,-0.16339869281045752,0.3137254901960784,-0.40522875816993464,0.5882352941176471,-0.5882352941176471,0.803921568627451,-0.673202614379085,1.0,-0.7777777777777778,0.37254901960784315,-0.9019607843137255,0.3333333333333333,-0.6862745098039216,0.3137254901960784,-0.6078431372549019,0.32679738562091504,-0.7908496732026143,0.16339869281045752,-0.8888888888888888,0.13071895424836602,-0.6339869281045751,0.1437908496732026,-0.5947712418300654,0.16993464052287582,-0.7581699346405228,-0.0457516339869281,-0.8431372549019608,-0.0784313725490196,-0.6013071895424836,-0.0457516339869281,-0.5555555555555556,-0.006535947712418301,-0.6862745098039216,-0.24183006535947713,-0.8169934640522876,-0.27450980392156865,-0.6274509803921569,-0.2222222222222222,-0.5620915032679739,-0.17647058823529413
3,0.0,0.0,-0.15789473684210525,0.3157894736842105,-0.39473684210526316,0.5789473684210527,-0.5855263157894737,0.8026315789473685,-0.6710526315789473,1.0,-0.7763157894736842,0.3684210526315789,-0.9078947368421053,0.34868421052631576,-0.6776315789473685,0.3223684210526316,-0.5986842105263158,0.3157894736842105,-0.7960526315789473,0.15789473684210525,-0.8881578947368421,0.14473684210526316,-0.6118421052631579,0.14473684210526316,-0.5723684210526315,0.16447368421052633,-0.7631578947368421,-0.046052631578947366,-0.8552631578947368,-0.07236842105263158,-0.5986842105263158,-0.046052631578947366,-0.5592105263157895,-0.019736842105263157,-0.6973684210526315,-0.25,-0.8223684210526315,-0.26973684210526316,-0.631578947368421,-0.21710526315789475,-0.5657894736842105,-0.18421052631578946
3,0.0,0.0,-0.16339869281045752,0.3202614379084967,-0.39869281045751637,0.5816993464052288,-0.5882352941176471,0.7973856209150327,-0.673202614379085,1.0,-0.7712418300653595,0.3790849673202614,-0.8888888888888888,0.3660130718954248,-0.6666666666666666,0.32679738562091504,-0.5947712418300654,0.3202614379084967,-0.7908496732026143,0.16993464052287582,-0.8888888888888888,0.1568627450980392,-0.6143790849673203,0.1503267973856209,-0.5751633986928104,0.16993464052287582,-0.7647058823529411,-0.0392156862745098,-0.8562091503267973,-0.058823529411764705,-0.6013071895424836,-0.0392156862745098,-0.5555555555555556,-0.013071895424836602,-0.6993464052287581,-0.24183006535947713,-0.8235294117647058,-0.2679738562091503,-0.6339869281045751,-0.20915032679738563,-0.5686274509803921,-0.17647058823529413
3,0.0,0.0,-0.12337662337662338,0.2987012987012987,-0.35064935064935066,0.577922077922078,-0.5194805194805194,0.8051948051948052,-0.5974025974025974,1.0,-0.7142857142857143,0.35714285714285715,-0.8636363636363636,0.33116883116883117,-0.6493506493506493,0.3051948051948052,-0.5584415584415584,0.3051948051948052,-0.7337662337662337,0.15584415584415584,-0.8441558441558441,0.12987012987012986,-0.5714285714285714,0.12987012987012986,-0.5324675324675324,0.16233766233766234,-0.7142857142857143,-0.045454545454545456,-0.8116883116883117,-0.07792207792207792,-0.564935064935065,-0.05194805194805195,-0.525974025974026,-0.01948051948051948,-0.6623376623376623,-0.24025974025974026,-0.7857142857142857,-0.2662337662337662,-0.5974025974025974,-0.22077922077922077,-0.525974025974026,-0.18181818181818182
3,0.0,0.0,-0.1282051282051282,0.2948717948717949,-0.3525641025641026,0.5705128205128205,-0.5192307692307693,0.8012820512820513,-0.5961538461538461,1.0,-0.7435897435897436,0.36538461538461536,-0.8589743589743589,0.3525641025641026,-0.6282051282051282,0.3141025641025641,-0.5576923076923077,0.30128205128205127,-0.7692307692307693,0.16666666666666666,-0.8525641025641025,0.14743589743589744,-0.5705128205128205,0.14102564102564102,-0.5576923076923077,0.16025641025641027,-0.75,-0.03205128205128205,-0.8205128205128205,-0.057692307692307696,-0.5705128205128205,-0.038461538461538464,-0.5576923076923077,-0.01282051282051282,-0.6987179487179487,-0.22435897435897437,-0.7948717948717948,-0.24358974358974358,-0.6025641025641025,-0.1987179487179487,-0.5448717948717948,-0.16666666666666666
3,0.0,0.0,-0.12658227848101267,0.2911392405063291,-0.34810126582278483,0.569620253164557,-0.5063291139240507,0.8037974683544303,-0.5759493670886076,1.0,-0.7088607594936709,0.35443037974683544,-0.8227848101265823,0.35443037974683544,-0.6139240506329114,0.310126582278481,-0.5443037974683544,0.3037974683544304,-0.7531645569620253,0.17088607594936708,-0.8164556962025317,0.15822784810126583,-0.5632911392405063,0.14556962025316456,-0.5506329113924051,0.16455696202531644,-0.740506329113924,-0.02531645569620253,-0.7974683544303798,-0.04430379746835443,-0.5569620253164557,-0.0379746835443038,-0.5443037974683544,-0.006329113924050633,-0.6962025316455697,-0.2088607594936709,-0.7721518987341772,-0.22784810126582278,-0.5886075949367089,-0.189873417721519,-0.5443037974683544,-0.16455696202531644
3,0.0,0.0,-0.11801242236024845,0.2857142857142857,-0.34782608695652173,0.5652173913043478,-0.5031055900621118,0.8012422360248447,-0.5714285714285714,1.0,-0.7204968944099379,0.36645962732919257,-0.7950310559006211,0.391304347826087,-0.577639751552795,0.33540372670807456,-0.5279503105590062,0.3105590062111801,-0.7701863354037267,0.18012422360248448,-0.8012422360248447,0.18633540372670807,-0.546583850931677,0.16149068322981366,-0.546583850931677,0.16770186335403728,-0.7515527950310559,-0.012422360248447204,-0.7888198757763976,-0.018633540372670808,-0.5527950310559007,-0.012422360248447204,-0.546583850931677,0.006211180124223602,-0.6956521739130435,-0.19875776397515527,-0.7639751552795031,-0.20496894409937888,-0.5838509316770186,-0.16770186335403728,-0.546583850931677,-0.14285714285714285
3,0.0,0.0,-0.13414634146341464,0.29878048780487804,-0.35365853658536583,0.573170731707317,-0.5060975609756098,0.8048780487804879,-0.573170731707317,1.0,-0.725609756097561,0.36585365853658536,-0.8109756097560976,0.3902439024390244,-0.5914634146341463,0.3353658536585366,-0.5487804878048781,0.3170731707317073,-0.7682926829268293,0.18292682926829268,-0.7987804878048781,0.20121951219512196,-0.5487804878048781,0.17073170731707318,-0.5548780487804879,0.17682926829268292,-0.75,0.0,-0.7926829268292683,0.0,-0.5609756097560976,0.0,-0.5609756097560976,0.012195121951219513,-0.7073170731707317,-0.18292682926829268,-0.774390243902439,-0.18292682926829268,-0.5914634146341463,-0.1402439024390244,-0.5487804878048781,-0.12195121951219512
3,0.0,0.0,-0.13580246913580246,0.30246913580246915,-0.35185185185185186,0.5740740740740741,-0.5123456790123457,0.8024691358024691,-0.5802469135802469,1.0,-0.691358024691358,0.35802469135802467,-0.8209876543209876,0.4012345679012346,-0.6111111111111112,0.345679012345679,-0.5432098765432098,0.3148148148148148,-0.7283950617283951,0.1728395061728395,-0.8209876543209876,0.2037037037037037,-0.5679012345679012,0.16666666666666666,-0.5432098765432098,0.16666666666666666,-0.7222222222222222,-0.012345679012345678,-0.8148148148148148,0.0,-0.5802469135802469,-0.006172839506172839,-0.5555555555555556,-0.006172839506172839,-0.691358024691358,-0.2037037037037037,-0.7962962962962963,-0.19135802469135801,-0.6111111111111112,-0.15432098765432098,-0.5617283950617284,-0.1419753086419753
3,0.0,0.0,-0.1165644171779141,0.294478527607362,-0.32515337423312884,0.5705521472392638,-0.4723926380368098,0.803680981595092,-0.5460122699386503,1.0,-0.6993865030674846,0.3619631901840491,-0.7975460122699386,0.39263803680981596,-0.5766871165644172,0.3312883435582822,-0.5214723926380368,0.3128834355828221,-0.7484662576687117,0.18404907975460122,-0.7791411042944786,0.20245398773006135,-0.5337423312883436,0.1656441717791411,-0.5337423312883436,0.17177914110429449,-0.7361963190184049,-0.006134969325153374,-0.7730061349693251,0.006134969325153374,-0.5460122699386503,-0.006134969325153374,-0.5398773006134969,0.006134969325153374,-0.6871165644171779,-0.1901840490797546,-0.7607361963190185,-0.18404907975460122,-0.5766871165644172,-0.15337423312883436,-0.5398773006134969,-0.13496932515337423
3,0.0,0.0,-0.10909090909090909,0.30303030303030304,-0.3151515151515151,0.5818181818181818,-0.4666666666666667,0.806060606060606,-0.5333333333333333,1.0,-0.6666666666666666,0.38181818181818183,-0.7878787878787878,0.4121212121212121,-0.5818181818181818,0.3515151515151515,-0.503030303030303,0.3333333333333333,-0.7272727272727273,0.2,-0.7696969696969697,0.21212121212121213,-0.5272727272727272,0.1696969696969697,-0.509090909090909,0.18181818181818182,-0.7272727272727273,0.006060606060606061,-0.7636363636363637,0.012121212121212121,-0.5393939393939394,-0.006060606060606061,-0.5333333333333333,0.006060606060606061,-0.696969696969697,-0.17575757575757575,-0.7515151515151515,-0.17575757575757575,-0.5757575757575758,-0.15151515151515152,-0.5454545454545454,-0.1393939393939394
3,0.0,0.0,-0.0963855421686747,0.3072289156626506,-0.3072289156626506,0.5843373493975904,-0.4578313253012048,0.8012048192771084,-0.5240963855421686,1.0,-0.6746987951807228,0.39759036144578314,-0.7590361445783133,0.41566265060240964,-0.5602409638554217,0.35542168674698793,-0.4879518072289157,0.3313253012048193,-0.7469879518072289,0.21686746987951808,-0.7590361445783133,0.22289156626506024,-0.5120481927710844,0.18072289156626506,-0.4939759036144578,0.18674698795180722,-0.7469879518072289,0.024096385542168676,-0.7530120481927711,0.024096385542168676,-0.5240963855421686,0.006024096385542169,-0.5240963855421686,0.018072289156626505,-0.7108433734939759,-0.1686746987951807,-0.7349397590361446,-0.16265060240963855,-0.5602409638554217,-0.14457831325301204,-0.536144578313253,-0.12650602409638553
3,0.0,0.0,-0.09036144578313253,0.30120481927710846,-0.3072289156626506,0.5843373493975904,-0.463855421686747,0.8072289156626506,-0.5301204819277109,1.0,-0.6746987951807228,0.39156626506024095,-0.7650602409638554,0.42771084337349397,-0.5602409638554217,0.3614457831325301,-0.4879518072289157,0.3313253012048193,-0.7469879518072289,0.21084337349397592,-0.7650602409638554,0.22289156626506024,-0.5180722891566265,0.18072289156626506,-0.5060240963855421,0.18674698795180722,-0.7469879518072289,0.018072289156626505,-0.7530120481927711,0.018072289156626505,-0.5301204819277109,0.0,-0.5240963855421686,0.018072289156626505,-0.7108433734939759,-0.1686746987951807,-0.7469879518072289,-0.16265060240963855,-0.572289156626506,-0.14457831325301204,-0.5421686746987951,-0.12650602409638553
3,0.0,0.0,-0.10303030303030303,0.3151515151515151,-0.3333333333333333,0.593939393939394,-0.49696969696969695,0.806060606060606,-0.5575757575757576,1.0,-0.696969696969697,0.3878787878787879,-0.8,0.4303030303030303,-0.593939393939394,0.36363636363636365,-0.5212121212121212,0.3333333333333333,-0.7575757575757576,0.20606060606060606,-0.793939393939394,0.23636363636363636,-0.5454545454545454,0.18787878787878787,-0.5272727272727272,0.18181818181818182,-0.7575757575757576,0.012121212121212121,-0.7818181818181819,0.024242424242424242,-0.5575757575757576,0.006060606060606061,-0.5515151515151515,0.012121212121212121,-0.7212121212121212,-0.17575757575757575,-0.7636363636363637,-0.16363636363636364,-0.593939393939394,-0.1393939393939394,-0.5636363636363636,-0.12727272727272726
3,0.0,0.0,-0.10303030303030303,0.3151515151515151,-0.3393939393939394,0.593939393939394,-0.503030303030303,0.8,-0.5696969696969697,1.0,-0.703030303030303,0.3939393939393939,-0.8,0.43636363636363634,-0.5818181818181818,0.3575757575757576,-0.5272727272727272,0.3393939393939394,-0.7636363636363637,0.21212121212121213,-0.8,0.24242424242424243,-0.5393939393939394,0.18181818181818182,-0.5333333333333333,0.18787878787878787,-0.7696969696969697,0.012121212121212121,-0.793939393939394,0.03636363636363636,-0.5575757575757576,0.012121212121212121,-0.5515151515151515,0.012121212121212121,-0.7333333333333333,-0.17575757575757575,-0.7636363636363637,-0.15151515151515152,-0.5878787878787879,-0.13333333333333333,-0.5696969696969697,-0.13333333333333333
3,0.0,0.0,-0.10429447852760736,0.3067484662576687,-0.3312883435582822,0.5828220858895705,-0.49079754601226994,0.803680981595092,-0.5644171779141104,1.0,-0.7116564417177914,0.3987730061349693,-0.7975460122699386,0.4294478527607362,-0.5950920245398773,0.3619631901840491,-0.5153374233128835,0.3312883435582822,-0.7791411042944786,0.2085889570552147,-0.7852760736196319,0.22699386503067484,-0.5337423312883436,0.18404907975460122,-0.5153374233128835,0.18404907975460122,-0.7730061349693251,0.012269938650306749,-0.7791411042944786,0.018404907975460124,-0.5521472392638037,0.006134969325153374,-0.5398773006134969,0.012269938650306749,-0.7361963190184049,-0.18404907975460122,-0.7668711656441718,-0.17177914110429449,-0.588957055214724,-0.147239263803681,-0.5644171779141104,-0.12883435582822086
3,0.0,0.0,-0.11180124223602485,0.30434782608695654,-0.34782608695652173,0.577639751552795,-0.515527950310559,0.8012422360248447,-0.5900621118012422,1.0,-0.7142857142857143,0.38509316770186336,-0.8198757763975155,0.422360248447205,-0.6149068322981367,0.35403726708074534,-0.5341614906832298,0.3167701863354037,-0.7763975155279503,0.19875776397515527,-0.8012422360248447,0.21739130434782608,-0.5527950310559007,0.16770186335403728,-0.5279503105590062,0.17391304347826086,-0.7701863354037267,0.0,-0.8012422360248447,0.006211180124223602,-0.5714285714285714,-0.006211180124223602,-0.5527950310559007,0.0,-0.7267080745341615,-0.19875776397515527,-0.7950310559006211,-0.19254658385093168,-0.6149068322981367,-0.16149068322981366,-0.5714285714285714,-0.13664596273291926
3,0.0,0.0,-0.10759493670886076,0.3037974683544304,-0.35443037974683544,0.5822784810126582,-0.5316455696202531,0.7974683544303798,-0.6139240506329114,1.0,-0.7088607594936709,0.3860759493670886,-0.8417721518987342,0.4240506329113924,-0.6329113924050633,0.35443037974683544,-0.5443037974683544,0.3291139240506329,-0.759493670886076,0.1962025316455696,-0.8227848101265823,0.2088607594936709,-0.5569620253164557,0.16455696202531644,-0.5316455696202531,0.17088607594936708,-0.759493670886076,-0.006329113924050633,-0.8037974683544303,-0.006329113924050633,-0.569620253164557,-0.0189873417721519,-0.5443037974683544,-0.006329113924050633,-0.7278481012658228,-0.2088607594936709,-0.8037974683544303,-0.20253164556962025,-0.620253164556962,-0.18354430379746836,-0.5759493670886076,-0.15822784810126583
3,0.0,0.0,-0.11764705882352941,0.30718954248366015,-0.38562091503267976,0.5882352941176471,-0.5816993464052288,0.8104575163398693,-0.6666666666666666,1.0,-0.7189542483660131,0.35947712418300654,-0.8627450980392157,0.39215686274509803,-0.6339869281045751,0.33986928104575165,-0.5555555555555556,0.30718954248366015,-0.7581699346405228,0.1503267973856209,-0.8431372549019608,0.17647058823529413,-0.5686274509803921,0.1503267973856209,-0.5620915032679739,0.1503267973856209,-0.738562091503268,-0.058823529411764705,-0.8366013071895425,-0.0392156862745098,-0.5816993464052288,-0.032679738562091505,-0.5686274509803921,-0.026143790849673203,-0.6928104575163399,-0.26143790849673204,-0.8235294117647058,-0.2549019607843137,-0.6274509803921569,-0.21568627450980393,-0.5751633986928104,-0.19607843137254902
3,0.0,0.0,-0.14473684210526316,0.3026315789473684,-0.4144736842105263,0.5789473684210527,-0.6118421052631579,0.8026315789473685,-0.7039473684210527,1.0,-0.756578947368421,0.3618421052631579,-0.881578947368421,0.375,-0.6578947368421053,0.3157894736842105,-0.5723684210526315,0.2894736842105263,-0.7960526315789473,0.1513157894736842,-0.8618421052631579,0.1513157894736842,-0.5789473684210527,0.13157894736842105,-0.5592105263157895,0.13815789473684212,-0.7697368421052632,-0.06578947368421052,-0.8355263157894737,-0.07236842105263158,-0.5789473684210527,-0.05921052631578947,-0.5657894736842105,-0.039473684210526314,-0.7171052631578947,-0.26973684210526316,-0.8092105263157895,-0.28289473684210525,-0.618421052631579,-0.24342105263157895,-0.5789473684210527,-0.21052631578947367
3,0.0,0.0,-0.1342281879194631,0.2953020134228188,-0.4228187919463087,0.5704697986577181,-0.6308724832214765,0.7986577181208053,-0.7315436241610739,1.0,-0.7718120805369127,0.3422818791946309,-0.8993288590604027,0.348993288590604,-0.6644295302013423,0.2953020134228188,-0.5838926174496645,0.2751677852348993,-0.7986577181208053,0.12751677852348994,-0.87248322147651,0.12751677852348994,-0.5838926174496645,0.11409395973154363,-0.5771812080536913,0.12080536912751678,-0.7718120805369127,-0.087248322147651,-0.8456375838926175,-0.10067114093959731,-0.5771812080536913,-0.08053691275167785,-0.5704697986577181,-0.06040268456375839,-0.7114093959731543,-0.2953020134228188,-0.7986577181208053,-0.3087248322147651,-0.6040268456375839,-0.26174496644295303,-0.5704697986577181,-0.22818791946308725
3,0.0,0.0,-0.15436241610738255,0.30201342281879195,-0.42953020134228187,0.5704697986577181,-0.6442953020134228,0.7919463087248322,-0.7449664429530202,1.0,-0.7919463087248322,0.3422818791946309,-0.912751677852349,0.33557046979865773,-0.6778523489932886,0.28859060402684567,-0.5973154362416108,0.28187919463087246,-0.825503355704698,0.1342281879194631,-0.87248322147651,0.12751677852348994,-0.5973154362416108,0.10738255033557047,-0.5704697986577181,0.12751677852348994,-0.7986577181208053,-0.08053691275167785,-0.8456375838926175,-0.09395973154362416,-0.5906040268456376,-0.087248322147651,-0.5704697986577181,-0.053691275167785234,-0.7315436241610739,-0.28859060402684567,-0.8187919463087249,-0.30201342281879195,-0.6241610738255033,-0.26174496644295303,-0.5771812080536913,-0.2214765100671141
3,0.0,0.0,-0.1643835616438356,0.2945205479452055,-0.4589041095890411,0.5684931506849316,-0.678082191780822,0.8013698630136986,-0.7876712328767124,1.0,-0.815068493150685,0.3287671232876712,-0.952054794520548,0.3287671232876712,-0.7054794520547946,0.2808219178082192,-0.6164383561643836,0.2671232876712329,-0.8356164383561644,0.1095890410958904,-0.910958904109589,0.10273972602739725,-0.6095890410958904,0.10273972602739725,-0.6027397260273972,0.1232876712328767,-0.7945205479452054,-0.1095890410958904,-0.8698630136986302,-0.1232876712328767,-0.5958904109589042,-0.0958904109589041,-0.589041095890411,-0.0684931506849315,-0.726027397260274,-0.3150684931506849,-0.8287671232876712,-0.3356164383561644,-0.6232876712328768,-0.2808219178082192,-0.5821917808219178,-0.23972602739726026
3,0.0,0.0,-0.17857142857142858,0.29285714285714287,-0.4928571428571429,0.5714285714285714,-0.7214285714285714,0.8,-0.8428571428571429,1.0,-0.8571428571428571,0.32857142857142857,-1.0,0.3142857142857143,-0.7357142857142858,0.2714285714285714,-0.65,0.2642857142857143,-0.8785714285714286,0.09285714285714286,-0.95,0.07857142857142857,-0.6357142857142857,0.08571428571428572,-0.6357142857142857,0.11428571428571428,-0.8285714285714286,-0.1357142857142857,-0.9,-0.15714285714285714,-0.6214285714285714,-0.12142857142857143,-0.6142857142857143,-0.08571428571428572,-0.75,-0.35,-0.8428571428571429,-0.37857142857142856,-0.6357142857142857,-0.32142857142857145,-0.6,-0.2785714285714286
3,0.0,0.0,-0.15602836879432624,0.2907801418439716,-0.475177304964539,0.5390070921985816,-0.7163120567375887,0.7446808510638298,-0.8439716312056738,0.9361702127659575,-0.8297872340425532,0.2978723404255319,-1.0,0.2695035460992908,-0.7304964539007093,0.2553191489361702,-0.6170212765957447,0.24822695035460993,-0.8226950354609929,0.05673758865248227,-0.9432624113475178,0.03546099290780142,-0.6312056737588653,0.06382978723404255,-0.6028368794326241,0.09219858156028368,-0.7659574468085106,-0.1702127659574468,-0.8723404255319149,-0.19858156028368795,-0.5957446808510638,-0.14184397163120568,-0.5815602836879432,-0.10638297872340426,-0.6808510638297872,-0.375886524822695,-0.8014184397163121,-0.41843971631205673,-0.6028368794326241,-0.3404255319148936,-0.5531914893617021,-0.2907801418439716
3,0.0,0.0,-0.17687074829931973,0.272108843537415,-0.4965986394557823,0.5170068027210885,-0.7346938775510204,0.7142857142857143,-0.8639455782312925,0.8979591836734694,-0.8299319727891157,0.272108843537415,-1.0,0.23809523809523808,-0.7278911564625851,0.22448979591836735,-0.6394557823129252,0.22448979591836735,-0.8095238095238095,0.04081632653061224,-0.9251700680272109,0.006802721088435374,-0.6122448979591837,0.05442176870748299,-0.6190476190476191,0.08163265306122448,-0.7482993197278912,-0.17006802721088435,-0.8571428571428571,-0.2108843537414966,-0.5850340136054422,-0.14965986394557823,-0.5918367346938775,-0.12244897959183673,-0.6802721088435374,-0.3741496598639456,-0.7891156462585034,-0.41496598639455784,-0.5850340136054422,-0.3401360544217687,-0.5578231292517006,-0.30612244897959184
3,0.0,0.0,-0.1891891891891892,0.27702702702702703,-0.5202702702702703,0.5067567567567568,-0.7567567567567568,0.6959459459459459,-0.8783783783783784,0.8783783783783784,-0.8175675675675675,0.24324324324324326,-1.0,0.20945945945945946,-0.7432432432432432,0.20945945945945946,-0.6283783783783784,0.20945945945945946,-0.7905405405405406,0.02027027027027027,-0.9324324324324325,-0.013513513513513514,-0.6351351351351351,0.033783783783783786,-0.6013513513513513,0.060810810810810814,-0.7297297297297297,-0.1891891891891892,-0.8581081081081081,-0.22972972972972974,-0.6013513513513513,-0.16891891891891891,-0.581081081081081,-0.13513513513513514,-0.6486486486486487,-0.38513513513513514,-0.7837837837837838,-0.43243243243243246,-0.5945945945945946,-0.35135135135135137,-0.5472972972972973,-0.31756756756756754
3,0.0,0.0,-0.1836734693877551,0.2789115646258503,-0.5170068027210885,0.5102040816326531,-0.7619047619047619,0.6938775510204082,-0.891156462585034,0.891156462585034,-0.8367346938775511,0.24489795918367346,-1.0,0.19727891156462585,-0.7482993197278912,0.19047619047619047,-0.6462585034013606,0.20408163265306123,-0.8299319727891157,0.02040816326530612,-0.9251700680272109,-0.02040816326530612,-0.6326530612244898,0.013605442176870748,-0.5986394557823129,0.05442176870748299,-0.7755102040816326,-0.19047619047619047,-0.8435374149659864,-0.23129251700680273,-0.5850340136054422,-0.17687074829931973,-0.564625850340136,-0.1292517006802721,-0.6870748299319728,-0.3877551020408163,-0.782312925170068,-0.43537414965986393,-0.5918367346938775,-0.36054421768707484,-0.54421768707483,-0.29931972789115646
3,0.0,0.0,-0.1793103448275862,0.2827586206896552,-0.5172413793103449,0.5241379310344828,-0.7586206896551724,0.7172413793103448,-0.8896551724137931,0.903448275862069,-0.8137931034482758,0.2413793103448276,-1.0,0.2,-0.7310344827586207,0.19310344827586207,-0.6206896551724138,0.20689655172413793,-0.7862068965517242,0.013793103448275862,-0.9310344827586207,-0.027586206896551724,-0.6206896551724138,0.020689655172413793,-0.593103448275862,0.05517241379310345,-0.7241379310344828,-0.2,-0.8482758620689655,-0.2482758620689655,-0.5793103448275863,-0.1793103448275862,-0.5655172413793104,-0.13793103448275862,-0.6413793103448275,-0.3931034482758621,-0.7724137931034483,-0.4482758620689655,-0.5724137931034483,-0.36551724137931035,-0.5241379310344828,-0.31724137931034485
3,0.0,0.0,-0.1780821917808219,0.273972602739726,-0.5205479452054794,0.5068493150684932,-0.7671232876712328,0.7054794520547946,-0.9041095890410958,0.8904109589041096,-0.8287671232876712,0.22602739726027396,-1.0,0.1917808219178082,-0.7328767123287672,0.1917808219178082,-0.6232876712328768,0.1917808219178082,-0.8013698630136986,0.0,-0.9246575342465754,-0.03424657534246575,-0.6164383561643836,0.0136986301369863,-0.5958904109589042,0.0410958904109589,-0.7328767123287672,-0.21232876712328766,-0.8424657534246576,-0.2534246575342466,-0.5753424657534246,-0.18493150684931506,-0.5684931506849316,-0.1506849315068493,-0.6438356164383562,-0.410958904109589,-0.7602739726027398,-0.4520547945205479,-0.5684931506849316,-0.3698630136986301,-0.5273972602739726,-0.3356164383561644
3,0.0,0.0,-0.1875,0.2638888888888889,-0.5277777777777778,0.4861111111111111,-0.7777777777777778,0.6875,-0.9305555555555556,0.8819444444444444,-0.8472222222222222,0.20833333333333334,-1.0,0.16666666666666666,-0.7291666666666666,0.16666666666666666,-0.6319444444444444,0.1736111111111111,-0.8125,-0.020833333333333332,-0.9375,-0.0625,-0.625,-0.013888888888888888,-0.5972222222222222,0.020833333333333332,-0.7361111111111112,-0.24305555555555555,-0.8541666666666666,-0.2847222222222222,-0.5833333333333334,-0.2152777777777778,-0.5625,-0.18055555555555555,-0.6388888888888888,-0.4375,-0.7708333333333334,-0.4861111111111111,-0.5833333333333334,-0.4097222222222222,-0.5347222222222222,-0.3611111111111111
3,0.0,0.0,-0.20666666666666667,0.25333333333333335,-0.54,0.4533333333333333,-0.7866666666666666,0.64,-0.9333333333333333,0.8066666666666666,-0.8066666666666666,0.19333333333333333,-1.0,0.13333333333333333,-0.74,0.13333333333333333,-0.64,0.14666666666666667,-0.78,-0.03333333333333333,-0.9133333333333333,-0.08,-0.62,-0.02666666666666667,-0.5933333333333334,0.013333333333333334,-0.7066666666666667,-0.24,-0.82,-0.2866666666666667,-0.56,-0.21333333333333335,-0.5533333333333333,-0.17333333333333334,-0.6266666666666667,-0.4266666666666667,-0.7466666666666667,-0.4866666666666667,-0.56,-0.4,-0.52,-0.3466666666666667
3,0.0,0.0,-0.19863013698630136,0.2534246575342466,-0.547945205479452,0.4726027397260274,-0.8013698630136986,0.6712328767123288,-0.958904109589041,0.8493150684931506,-0.8493150684931506,0.18493150684931506,-1.0,0.136986301369863,-0.7191780821917808,0.1506849315068493,-0.6438356164383562,0.15753424657534246,-0.8082191780821918,-0.0410958904109589,-0.910958904109589,-0.0821917808219178,-0.6095890410958904,-0.0136986301369863,-0.6095890410958904,0.0136986301369863,-0.7328767123287672,-0.2465753424657534,-0.8082191780821918,-0.2945205479452055,-0.547945205479452,-0.2054794520547945,-0.5616438356164384,-0.17123287671232876,-0.636986301369863,-0.4383561643835616,-0.7397260273972602,-0.4863013698630137,-0.547945205479452,-0.3972602739726027,-0.5136986301369864,-0.3493150684931507
3,0.0,0.0,-0.1958041958041958,0.25874125874125875,-0.5454545454545454,0.4755244755244755,-0.8041958041958042,0.6783216783216783,-0.958041958041958,0.8671328671328671,-0.8881118881118881,0.1888111888111888,-1.0,0.13286713286713286,-0.7272727272727273,0.13986013986013987,-0.6503496503496503,0.16083916083916083,-0.8601398601398601,-0.04195804195804196,-0.9090909090909091,-0.08391608391608392,-0.6013986013986014,-0.027972027972027972,-0.6083916083916084,0.013986013986013986,-0.7762237762237763,-0.25874125874125875,-0.8111888111888111,-0.3006993006993007,-0.5454545454545454,-0.22377622377622378,-0.5664335664335665,-0.17482517482517482,-0.6783216783216783,-0.46153846153846156,-0.7412587412587412,-0.5034965034965035,-0.5454545454545454,-0.4125874125874126,-0.5244755244755245,-0.35664335664335667
3,0.0,0.0,-0.2054794520547945,0.2602739726027397,-0.547945205479452,0.4726027397260274,-0.8013698630136986,0.6643835616438356,-0.9452054794520548,0.8493150684931506,-0.8493150684931506,0.17123287671232876,-1.0,0.1232876712328767,-0.7191780821917808,0.14383561643835616,-0.6301369863013698,0.1506849315068493,-0.8082191780821918,-0.0547945205479452,-0.8972602739726028,-0.08904109589041095,-0.6027397260273972,-0.02054794520547945,-0.6027397260273972,0.00684931506849315,-0.7328767123287672,-0.2602739726027397,-0.8013698630136986,-0.3013698630136986,-0.541095890410959,-0.21232876712328766,-0.547945205479452,-0.1780821917808219,-0.636986301369863,-0.4520547945205479,-0.7328767123287672,-0.5,-0.541095890410959,-0.4041095890410959,-0.5068493150684932,-0.3493150684931507
3,0.0,0.0,-0.19727891156462585,0.2585034013605442,-0.5510204081632653,0.46938775510204084,-0.8095238095238095,0.6666666666666666,-0.9523809523809523,0.8571428571428571,-0.8571428571428571,0.1836734693877551,-1.0,0.1360544217687075,-0.7142857142857143,0.1564625850340136,-0.6394557823129252,0.1564625850340136,-0.8231292517006803,-0.04081632653061224,-0.891156462585034,-0.07482993197278912,-0.5850340136054422,-0.013605442176870748,-0.6122448979591837,0.006802721088435374,-0.7482993197278912,-0.25170068027210885,-0.8027210884353742,-0.2925170068027211,-0.5374149659863946,-0.20408163265306123,-0.564625850340136,-0.17687074829931973,-0.6530612244897959,-0.4489795918367347,-0.7346938775510204,-0.4965986394557823,-0.5374149659863946,-0.4013605442176871,-0.5170068027210885,-0.3469387755102041
3,0.0,0.0,-0.20863309352517986,0.28776978417266186,-0.5755395683453237,0.5251798561151079,-0.8345323741007195,0.7410071942446043,-0.9856115107913669,0.9496402877697842,-0.9496402877697842,0.2302158273381295,-1.0,0.17266187050359713,-0.7122302158273381,0.18705035971223022,-0.6762589928057554,0.2014388489208633,-0.920863309352518,-0.014388489208633094,-0.8992805755395683,-0.050359712230215826,-0.5971223021582733,0.014388489208633094,-0.6474820143884892,0.050359712230215826,-0.8345323741007195,-0.23741007194244604,-0.8201438848920863,-0.2805755395683453,-0.5539568345323741,-0.17985611510791366,-0.5899280575539568,-0.1366906474820144,-0.7194244604316546,-0.43884892086330934,-0.7553956834532374,-0.48201438848920863,-0.5611510791366906,-0.381294964028777,-0.5539568345323741,-0.3237410071942446
3,0.0,0.0,-0.1925925925925926,0.2962962962962963,-0.5481481481481482,0.5481481481481482,-0.8,0.7703703703703704,-0.9555555555555556,0.9925925925925926,-0.9259259259259259,0.23703703703703705,-1.0,0.21481481481481482,-0.7185185185185186,0.21481481481481482,-0.674074074074074,0.21481481481481482,-0.9185185185185185,-0.014814814814814815,-0.8962962962962963,-0.022222222222222223,-0.5925925925925926,0.022222222222222223,-0.6222222222222222,0.044444444444444446,-0.837037037037037,-0.24444444444444444,-0.8222222222222222,-0.2518518518518518,-0.5481481481481482,-0.18518518518518517,-0.5777777777777777,-0.15555555555555556,-0.725925925925926,-0.4666666666666667,-0.7555555555555555,-0.4740740740740741,-0.5555555555555556,-0.3851851851851852,-0.5407407407407407,-0.34814814814814815
3,0.0,0.0,-0.19117647058823528,0.3014705882352941,-0.5367647058823529,0.5588235294117647,-0.7867647058823529,0.7794117647058824,-0.9264705882352942,0.9926470588235294,-0.9632352941176471,0.25735294117647056,-1.0,0.23529411764705882,-0.7279411764705882,0.22794117647058823,-0.6838235294117647,0.22794117647058823,-0.9632352941176471,0.007352941176470588,-0.9044117647058824,0.0,-0.6029411764705882,0.04411764705882353,-0.6323529411764706,0.0661764705882353,-0.875,-0.22794117647058823,-0.8235294117647058,-0.23529411764705882,-0.5588235294117647,-0.16911764705882354,-0.5882352941176471,-0.1323529411764706,-0.7647058823529411,-0.4411764705882353,-0.7647058823529411,-0.4485294117647059,-0.5661764705882353,-0.3602941176470588,-0.5588235294117647,-0.3161764705882353
3,0.0,0.0,-0.16326530612244897,0.2925170068027211,-0.4965986394557823,0.5578231292517006,-0.7142857142857143,0.7891156462585034,-0.8435374149659864,1.0,-0.9115646258503401,0.29931972789115646,-0.9251700680272109,0.2925170068027211,-0.6598639455782312,0.272108843537415,-0.6190476190476191,0.2653061224489796,-0.9319727891156463,0.061224489795918366,-0.8503401360544217,0.06802721088435375,-0.5714285714285714,0.08163265306122448,-0.5850340136054422,0.09523809523809523,-0.8639455782312925,-0.17006802721088435,-0.782312925170068,-0.16326530612244897,-0.5306122448979592,-0.11564625850340136,-0.5510204081632653,-0.08843537414965986,-0.7551020408163265,-0.38095238095238093,-0.7278911564625851,-0.36054421768707484,-0.54421768707483,-0.29931972789115646,-0.54421768707483,-0.2789115646258503
3,0.0,0.0,-0.14864864864864866,0.2972972972972973,-0.46621621621621623,0.5608108108108109,-0.6891891891891891,0.7905405405405406,-0.8175675675675675,1.0,-0.8918918918918919,0.2972972972972973,-0.9054054054054054,0.31756756756756754,-0.6486486486486487,0.28378378378378377,-0.6081081081081081,0.25,-0.9054054054054054,0.07432432432432433,-0.8378378378378378,0.0945945945945946,-0.5608108108108109,0.10135135135135136,-0.581081081081081,0.0945945945945946,-0.8378378378378378,-0.14864864864864866,-0.777027027027027,-0.13513513513513514,-0.5337837837837838,-0.10135135135135136,-0.5608108108108109,-0.0945945945945946,-0.75,-0.3581081081081081,-0.7297297297297297,-0.3310810810810811,-0.5472972972972973,-0.27702702702702703,-0.5472972972972973,-0.2702702702702703
3,0.0,0.0,-0.1780821917808219,0.3013698630136986,-0.5,0.5616438356164384,-0.7191780821917808,0.7876712328767124,-0.8493150684931506,1.0,-0.9315068493150684,0.2945205479452055,-0.9246575342465754,0.3219178082191781,-0.6643835616438356,0.2876712328767123,-0.6301369863013698,0.2534246575342466,-0.952054794520548,0.0684931506849315,-0.8493150684931506,0.0958904109589041,-0.5684931506849316,0.10273972602739725,-0.5958904109589042,0.0958904109589041,-0.8835616438356164,-0.15753424657534246,-0.7945205479452054,-0.13013698630136986,-0.547945205479452,-0.10273972602739725,-0.5753424657534246,-0.10273972602739725,-0.7808219178082192,-0.363013698630137,-0.7465753424657534,-0.3356164383561644,-0.5616438356164384,-0.2808219178082192,-0.5684931506849316,-0.2808219178082192
3,0.0,0.0,-0.174496644295302,0.3087248322147651,-0.4899328859060403,0.5570469798657718,-0.7114093959731543,0.7785234899328859,-0.8322147651006712,1.0,-0.9328859060402684,0.2751677852348993,-0.912751677852349,0.3288590604026846,-0.6711409395973155,0.28859060402684567,-0.6442953020134228,0.2483221476510067,-0.9530201342281879,0.053691275167785234,-0.8456375838926175,0.10067114093959731,-0.5771812080536913,0.10067114093959731,-0.6040268456375839,0.087248322147651,-0.8791946308724832,-0.16778523489932887,-0.785234899328859,-0.12751677852348994,-0.5503355704697986,-0.09395973154362416,-0.5838926174496645,-0.10067114093959731,-0.7718120805369127,-0.37583892617449666,-0.7315436241610739,-0.3288590604026846,-0.5570469798657718,-0.2684563758389262,-0.5637583892617449,-0.2751677852348993
3,0.0,0.0,-0.18493150684931506,0.3013698630136986,-0.5,0.5547945205479452,-0.7123287671232876,0.7808219178082192,-0.8356164383561644,1.0,-0.9452054794520548,0.2671232876712329,-0.9246575342465754,0.3150684931506849,-0.678082191780822,0.2808219178082192,-0.6438356164383562,0.2465753424657534,-0.9726027397260274,0.04794520547945205,-0.8493150684931506,0.0958904109589041,-0.5821917808219178,0.0958904109589041,-0.6095890410958904,0.0821917808219178,-0.8972602739726028,-0.17123287671232876,-0.7945205479452054,-0.13013698630136986,-0.5547945205479452,-0.10273972602739725,-0.5958904109589042,-0.1095890410958904,-0.7876712328767124,-0.3835616438356164,-0.7397260273972602,-0.3356164383561644,-0.5684931506849316,-0.2808219178082192,-0.5753424657534246,-0.2876712328767123
3,0.0,0.0,-0.17567567567567569,0.30405405405405406,-0.49324324324324326,0.5608108108108109,-0.7094594594594594,0.7837837837837838,-0.831081081081081,1.0,-0.9324324324324325,0.28378378378378377,-0.9256756756756757,0.33783783783783783,-0.6824324324324325,0.2972972972972973,-0.6283783783783784,0.25,-0.9594594594594594,0.060810810810810814,-0.8513513513513513,0.11486486486486487,-0.5743243243243243,0.11486486486486487,-0.5945945945945946,0.0945945945945946,-0.8918918918918919,-0.16216216216216217,-0.7905405405405406,-0.11486486486486487,-0.5472972972972973,-0.08783783783783784,-0.5743243243243243,-0.10135135135135136,-0.7905405405405406,-0.3716216216216216,-0.75,-0.31756756756756754,-0.5675675675675675,-0.2635135135135135,-0.5608108108108109,-0.2702702702702703
3,0.0,0.0,-0.16666666666666666,0.3,-0.4866666666666667,0.5533333333333333,-0.7066666666666667,0.78,-0.8266666666666667,1.0,-0.9333333333333333,0.30666666666666664,-0.8933333333333333,0.32666666666666666,-0.6533333333333333,0.2866666666666667,-0.6333333333333333,0.26,-0.96,0.08666666666666667,-0.8266666666666667,0.10666666666666667,-0.5666666666666667,0.11333333333333333,-0.6133333333333333,0.11333333333333333,-0.8933333333333333,-0.14,-0.78,-0.12,-0.54,-0.08666666666666667,-0.5866666666666667,-0.08666666666666667,-0.7933333333333333,-0.35333333333333333,-0.7333333333333333,-0.32,-0.56,-0.26,-0.5666666666666667,-0.26666666666666666
3,0.0,0.0,-0.14473684210526316,0.29605263157894735,-0.4605263157894737,0.5526315789473685,-0.6776315789473685,0.7763157894736842,-0.8026315789473685,1.0,-0.9078947368421053,0.3092105263157895,-0.8552631578947368,0.32894736842105265,-0.625,0.2894736842105263,-0.6118421052631579,0.2631578947368421,-0.9342105263157895,0.09210526315789473,-0.7960526315789473,0.1118421052631579,-0.5328947368421053,0.11842105263157894,-0.5855263157894737,0.1118421052631579,-0.8618421052631579,-0.13157894736842105,-0.743421052631579,-0.11842105263157894,-0.5131578947368421,-0.08552631578947369,-0.5657894736842105,-0.07894736842105263,-0.7631578947368421,-0.34210526315789475,-0.7039473684210527,-0.3157894736842105,-0.5328947368421053,-0.2631578947368421,-0.5460526315789473,-0.2565789473684211
3,0.0,0.0,-0.15436241610738255,0.3087248322147651,-0.4697986577181208,0.5637583892617449,-0.6912751677852349,0.785234899328859,-0.8187919463087249,1.0,-0.9463087248322147,0.31543624161073824,-0.8657718120805369,0.3288590604026846,-0.6308724832214765,0.28859060402684567,-0.6241610738255033,0.2684563758389262,-0.9731543624161074,0.09395973154362416,-0.8053691275167785,0.10738255033557047,-0.5436241610738255,0.11409395973154363,-0.5973154362416108,0.12080536912751678,-0.8993288590604027,-0.1342281879194631,-0.7583892617449665,-0.12080536912751678,-0.5234899328859061,-0.087248322147651,-0.5771812080536913,-0.08053691275167785,-0.7986577181208053,-0.348993288590604,-0.7248322147651006,-0.3288590604026846,-0.5436241610738255,-0.2684563758389262,-0.5570469798657718,-0.2550335570469799
3,0.0,0.0,-0.16216216216216217,0.2972972972972973,-0.4864864864864865,0.5472972972972973,-0.7094594594594594,0.777027027027027,-0.831081081081081,1.0,-0.9594594594594594,0.30405405405405406,-0.8986486486486487,0.32432432432432434,-0.6486486486486487,0.2905405405405405,-0.6351351351351351,0.25675675675675674,-0.9797297297297297,0.07432432432432433,-0.831081081081081,0.0945945945945946,-0.5608108108108109,0.10810810810810811,-0.6148648648648649,0.10135135135135136,-0.8986486486486487,-0.1554054054054054,-0.777027027027027,-0.13513513513513514,-0.5405405405405406,-0.0945945945945946,-0.5878378378378378,-0.0945945945945946,-0.7972972972972973,-0.3716216216216216,-0.7432432432432432,-0.35135135135135137,-0.5540540540540541,-0.28378378378378377,-0.5608108108108109,-0.2702702702702703
3,0.0,0.0,-0.1610738255033557,0.30201342281879195,-0.47651006711409394,0.5503355704697986,-0.6912751677852349,0.7785234899328859,-0.8120805369127517,1.0,-0.9395973154362416,0.30201342281879195,-0.8791946308724832,0.3221476510067114,-0.6375838926174496,0.28859060402684567,-0.6241610738255033,0.2550335570469799,-0.9530201342281879,0.08053691275167785,-0.8120805369127517,0.10067114093959731,-0.5436241610738255,0.10738255033557047,-0.5973154362416108,0.10738255033557047,-0.8791946308724832,-0.1476510067114094,-0.7583892617449665,-0.1342281879194631,-0.5234899328859061,-0.09395973154362416,-0.5704697986577181,-0.09395973154362416,-0.7718120805369127,-0.3691275167785235,-0.7248322147651006,-0.3422818791946309,-0.5436241610738255,-0.2751677852348993,-0.5503355704697986,-0.2684563758389262
3,0.0,0.0,-0.15753424657534246,0.3013698630136986,-0.4794520547945205,0.5547945205479452,-0.6986301369863014,0.773972602739726,-0.8287671232876712,0.9931506849315068,-0.9726027397260274,0.3082191780821918,-0.8767123287671232,0.3082191780821918,-0.6438356164383562,0.2808219178082192,-0.6301369863013698,0.2602739726027397,-1.0,0.0821917808219178,-0.815068493150685,0.08904109589041095,-0.547945205479452,0.0958904109589041,-0.6027397260273972,0.10273972602739725,-0.9246575342465754,-0.1506849315068493,-0.7671232876712328,-0.14383561643835616,-0.5273972602739726,-0.10273972602739725,-0.5753424657534246,-0.08904109589041095,-0.8082191780821918,-0.363013698630137,-0.7328767123287672,-0.3493150684931507,-0.547945205479452,-0.2808219178082192,-0.5547945205479452,-0.2534246575342466
3,0.0,0.0,-0.16901408450704225,0.2887323943661972,-0.4859154929577465,0.5492957746478874,-0.704225352112676,0.7816901408450704,-0.8380281690140845,1.0,-0.9366197183098591,0.2887323943661972,-0.9366197183098591,0.30985915492957744,-0.676056338028169,0.2746478873239437,-0.6197183098591549,0.24647887323943662,-0.9577464788732394,0.06338028169014084,-0.8591549295774648,0.08450704225352113,-0.5774647887323944,0.09154929577464789,-0.5774647887323944,0.09154929577464789,-0.8873239436619719,-0.1619718309859155,-0.795774647887324,-0.14084507042253522,-0.5422535211267606,-0.1056338028169014,-0.5704225352112676,-0.1056338028169014,-0.7887323943661971,-0.38028169014084506,-0.7535211267605634,-0.34507042253521125,-0.5633802816901409,-0.2887323943661972,-0.5633802816901409,-0.28169014084507044
3,0.0,0.0,-0.18181818181818182,0.2937062937062937,-0.4965034965034965,0.5524475524475524,-0.7272727272727273,0.7832167832167832,-0.8601398601398601,1.0,-0.9090909090909091,0.2867132867132867,-0.965034965034965,0.3146853146853147,-0.7132867132867133,0.27972027972027974,-0.6503496503496503,0.2517482517482518,-0.9300699300699301,0.06293706293706294,-0.8671328671328671,0.09090909090909091,-0.5874125874125874,0.08391608391608392,-0.5874125874125874,0.08391608391608392,-0.8671328671328671,-0.16083916083916083,-0.8111888111888111,-0.13986013986013987,-0.5524475524475524,-0.11188811188811189,-0.5664335664335665,-0.1048951048951049,-0.7692307692307693,-0.3776223776223776,-0.7692307692307693,-0.34265734265734266,-0.5734265734265734,-0.2937062937062937,-0.5664335664335665,-0.2867132867132867
3,0.0,0.0,-0.1702127659574468,0.2978723404255319,-0.48936170212765956,0.5673758865248227,-0.7304964539007093,0.7872340425531915,-0.8581560283687943,1.0,-0.8652482269503546,0.2907801418439716,-1.0,0.3049645390070922,-0.7446808510638298,0.2765957446808511,-0.6382978723404256,0.2553191489361702,-0.8723404255319149,0.06382978723404255,-0.9219858156028369,0.07092198581560284,-0.6170212765957447,0.07801418439716312,-0.5815602836879432,0.0851063829787234,-0.8156028368794326,-0.15602836879432624,-0.8439716312056738,-0.15602836879432624,-0.574468085106383,-0.12056737588652482,-0.5602836879432624,-0.10638297872340426,-0.7304964539007093,-0.375886524822695,-0.7872340425531915,-0.3617021276595745,-0.5886524822695035,-0.3049645390070922,-0.5602836879432624,-0.2907801418439716
3,0.0,0.0,-0.16312056737588654,0.3049645390070922,-0.5106382978723404,0.5673758865248227,-0.75177304964539,0.7872340425531915,-0.8794326241134752,1.0,-0.8794326241134752,0.3120567375886525,-1.0,0.2978723404255319,-0.723404255319149,0.2695035460992908,-0.6453900709219859,0.2553191489361702,-0.8865248226950354,0.07092198581560284,-0.9432624113475178,0.07092198581560284,-0.6312056737588653,0.07801418439716312,-0.6028368794326241,0.0851063829787234,-0.8226950354609929,-0.16312056737588654,-0.8652482269503546,-0.1702127659574468,-0.5886524822695035,-0.1276595744680851,-0.574468085106383,-0.11347517730496454,-0.7304964539007093,-0.375886524822695,-0.8014184397163121,-0.3829787234042553,-0.5957446808510638,-0.3191489361702128,-0.5673758865248227,-0.28368794326241137
3,0.0,0.0,-0.17687074829931973,0.2925170068027211,-0.5170068027210885,0.54421768707483,-0.7619047619047619,0.7619047619047619,-0.891156462585034,0.9591836734693877,-0.891156462585034,0.2857142857142857,-1.0,0.2857142857142857,-0.7278911564625851,0.2585034013605442,-0.6666666666666666,0.24489795918367346,-0.9047619047619048,0.061224489795918366,-0.9251700680272109,0.061224489795918366,-0.6190476190476191,0.07482993197278912,-0.6326530612244898,0.08163265306122448,-0.8435374149659864,-0.16326530612244897,-0.8571428571428571,-0.16326530612244897,-0.5918367346938775,-0.12244897959183673,-0.6054421768707483,-0.10884353741496598,-0.7551020408163265,-0.3741496598639456,-0.7959183673469388,-0.3741496598639456,-0.5986394557823129,-0.30612244897959184,-0.5850340136054422,-0.2789115646258503
3,0.0,0.0,-0.19014084507042253,0.29577464788732394,-0.5070422535211268,0.5563380281690141,-0.7464788732394366,0.7746478873239436,-0.8732394366197183,0.9788732394366197,-0.8591549295774648,0.28169014084507044,-1.0,0.2746478873239437,-0.7535211267605634,0.24647887323943662,-0.6619718309859155,0.23943661971830985,-0.8591549295774648,0.056338028169014086,-0.9295774647887324,0.056338028169014086,-0.6338028169014085,0.056338028169014086,-0.6126760563380281,0.07746478873239436,-0.8098591549295775,-0.1619718309859155,-0.8661971830985915,-0.16901408450704225,-0.6056338028169014,-0.14084507042253522,-0.5845070422535211,-0.11971830985915492,-0.7183098591549296,-0.3732394366197183,-0.8098591549295775,-0.38028169014084506,-0.6126760563380281,-0.323943661971831,-0.5704225352112676,-0.29577464788732394
3,0.0,0.0,-0.1875,0.2916666666666667,-0.5069444444444444,0.5486111111111112,-0.75,0.7638888888888888,-0.875,0.9513888888888888,-0.8194444444444444,0.2638888888888889,-1.0,0.2708333333333333,-0.7361111111111112,0.2569444444444444,-0.6388888888888888,0.25,-0.8263888888888888,0.04861111111111111,-0.9375,0.05555555555555555,-0.6319444444444444,0.06944444444444445,-0.6041666666666666,0.08333333333333333,-0.7708333333333334,-0.1597222222222222,-0.8888888888888888,-0.16666666666666666,-0.6111111111111112,-0.125,-0.5763888888888888,-0.10416666666666667,-0.6875,-0.3541666666666667,-0.8055555555555556,-0.3680555555555556,-0.6041666666666666,-0.2916666666666667,-0.5486111111111112,-0.2569444444444444
3,0.0,0.0,-0.18055555555555555,0.2847222222222222,-0.4791666666666667,0.5347222222222222,-0.7152777777777778,0.7430555555555556,-0.8541666666666666,0.9236111111111112,-0.8125,0.2708333333333333,-1.0,0.25,-0.7430555555555556,0.22916666666666666,-0.6180555555555556,0.22916666666666666,-0.8055555555555556,0.05555555555555555,-0.9166666666666666,0.041666666666666664,-0.6180555555555556,0.05555555555555555,-0.5694444444444444,0.08333333333333333,-0.75,-0.1527777777777778,-0.8680555555555556,-0.18055555555555555,-0.5972222222222222,-0.1388888888888889,-0.5416666666666666,-0.09722222222222222,-0.6666666666666666,-0.3541666666666667,-0.7916666666666666,-0.3888888888888889,-0.6041666666666666,-0.3194444444444444,-0.5416666666666666,-0.2569444444444444
3,0.0,0.0,-0.18181818181818182,0.2867132867132867,-0.5034965034965035,0.5384615384615384,-0.7412587412587412,0.7412587412587412,-0.8671328671328671,0.9370629370629371,-0.8321678321678322,0.2517482517482518,-1.0,0.24475524475524477,-0.7272727272727273,0.22377622377622378,-0.6223776223776224,0.21678321678321677,-0.8251748251748252,0.03496503496503497,-0.916083916083916,0.027972027972027972,-0.6153846153846154,0.04895104895104895,-0.5874125874125874,0.06293706293706294,-0.7622377622377622,-0.17482517482517482,-0.8531468531468531,-0.1888111888111888,-0.5804195804195804,-0.13986013986013987,-0.5524475524475524,-0.11188811188811189,-0.6713286713286714,-0.3776223776223776,-0.7832167832167832,-0.3916083916083916,-0.5804195804195804,-0.3146853146853147,-0.5314685314685315,-0.2727272727272727
3,0.0,0.0,-0.1917808219178082,0.2945205479452055,-0.5136986301369864,0.5273972602739726,-0.7465753424657534,0.7328767123287672,-0.8698630136986302,0.9246575342465754,-0.8493150684931506,0.2534246575342466,-1.0,0.23972602739726026,-0.7397260273972602,0.2191780821917808,-0.6301369863013698,0.21232876712328766,-0.8493150684931506,0.03424657534246575,-0.9178082191780822,0.03424657534246575,-0.6232876712328768,0.0547945205479452,-0.6095890410958904,0.0684931506849315,-0.7808219178082192,-0.17123287671232876,-0.8561643835616438,-0.18493150684931506,-0.589041095890411,-0.13013698630136986,-0.5684931506849316,-0.1095890410958904,-0.6917808219178082,-0.3698630136986301,-0.7808219178082192,-0.3835616438356164,-0.5958904109589042,-0.3013698630136986,-0.547945205479452,-0.2602739726027397
3,0.0,0.0,-0.19444444444444445,0.2916666666666667,-0.5277777777777778,0.5347222222222222,-0.7638888888888888,0.7361111111111112,-0.8819444444444444,0.9375,-0.8680555555555556,0.2569444444444444,-1.0,0.2361111111111111,-0.7361111111111112,0.2222222222222222,-0.6458333333333334,0.2152777777777778,-0.8680555555555556,0.034722222222222224,-0.9305555555555556,0.020833333333333332,-0.6388888888888888,0.05555555555555555,-0.6319444444444444,0.06944444444444445,-0.8055555555555556,-0.18055555555555555,-0.8611111111111112,-0.19444444444444445,-0.5972222222222222,-0.1388888888888889,-0.5972222222222222,-0.11805555555555555,-0.7152777777777778,-0.3819444444444444,-0.7916666666666666,-0.4027777777777778,-0.6041666666666666,-0.3194444444444444,-0.5694444444444444,-0.2847222222222222
3,0.0,0.0,-0.1888111888111888,0.3006993006993007,-0.5104895104895105,0.5454545454545454,-0.7482517482517482,0.7412587412587412,-0.8671328671328671,0.9370629370629371,-0.8251748251748252,0.26573426573426573,-1.0,0.23776223776223776,-0.7342657342657343,0.22377622377622378,-0.6293706293706294,0.21678321678321677,-0.8181818181818182,0.04895104895104895,-0.9300699300699301,0.027972027972027972,-0.6363636363636364,0.04895104895104895,-0.5944055944055944,0.06993006993006994,-0.7622377622377622,-0.16083916083916083,-0.8671328671328671,-0.18181818181818182,-0.6013986013986014,-0.13286713286713286,-0.5594405594405595,-0.1048951048951049,-0.6783216783216783,-0.35664335664335667,-0.7972027972027972,-0.38461538461538464,-0.5944055944055944,-0.3076923076923077,-0.5384615384615384,-0.25874125874125875
3,0.0,0.0,-0.2,0.2896551724137931,-0.503448275862069,0.5172413793103449,-0.7379310344827587,0.7103448275862069,-0.8551724137931035,0.896551724137931,-0.8137931034482758,0.25517241379310346,-1.0,0.22758620689655173,-0.7517241379310344,0.20689655172413793,-0.6275862068965518,0.20689655172413793,-0.8137931034482758,0.041379310344827586,-0.9310344827586207,0.020689655172413793,-0.6482758620689655,0.041379310344827586,-0.6068965517241379,0.06206896551724138,-0.7586206896551724,-0.1724137931034483,-0.8758620689655172,-0.19310344827586207,-0.6137931034482759,-0.14482758620689656,-0.5724137931034483,-0.11724137931034483,-0.6758620689655173,-0.3586206896551724,-0.8068965517241379,-0.3931034482758621,-0.6206896551724138,-0.32413793103448274,-0.5586206896551724,-0.2827586206896552
3,0.0,0.0,-0.1888111888111888,0.2937062937062937,-0.5104895104895105,0.5244755244755245,-0.7412587412587412,0.7202797202797203,-0.8601398601398601,0.916083916083916,-0.8181818181818182,0.25874125874125875,-1.0,0.22377622377622378,-0.7412587412587412,0.2097902097902098,-0.6293706293706294,0.2097902097902098,-0.8181818181818182,0.04195804195804196,-0.9300699300699301,0.006993006993006993,-0.6293706293706294,0.03496503496503497,-0.6013986013986014,0.055944055944055944,-0.7622377622377622,-0.17482517482517482,-0.8671328671328671,-0.2097902097902098,-0.6013986013986014,-0.15384615384615385,-0.5734265734265734,-0.1258741258741259,-0.6783216783216783,-0.3706293706293706,-0.7972027972027972,-0.4125874125874126,-0.6083916083916084,-0.3356643356643357,-0.5594405594405595,-0.2937062937062937
3,0.0,0.0,-0.18620689655172415,0.2896551724137931,-0.503448275862069,0.5241379310344828,-0.7448275862068966,0.7172413793103448,-0.8758620689655172,0.903448275862069,-0.8,0.2620689655172414,-1.0,0.23448275862068965,-0.7379310344827587,0.2206896551724138,-0.6275862068965518,0.2206896551724138,-0.8,0.04827586206896552,-0.9241379310344827,0.027586206896551724,-0.6275862068965518,0.04827586206896552,-0.6,0.07586206896551724,-0.7517241379310344,-0.15862068965517243,-0.8689655172413793,-0.18620689655172415,-0.6,-0.13793103448275862,-0.5724137931034483,-0.1103448275862069,-0.6758620689655173,-0.3448275862068966,-0.8,-0.38620689655172413,-0.6068965517241379,-0.3103448275862069,-0.5517241379310345,-0.2689655172413793
3,0.0,0.0,-0.1875,0.2847222222222222,-0.5069444444444444,0.5069444444444444,-0.75,0.6944444444444444,-0.8680555555555556,0.875,-0.8194444444444444,0.2569444444444444,-1.0,0.2222222222222222,-0.7361111111111112,0.2013888888888889,-0.625,0.20833333333333334,-0.8125,0.034722222222222224,-0.9236111111111112,0.006944444444444444,-0.6319444444444444,0.034722222222222224,-0.6111111111111112,0.06944444444444445,-0.75,-0.1736111111111111,-0.875,-0.20833333333333334,-0.6111111111111112,-0.1527777777777778,-0.5833333333333334,-0.125,-0.6666666666666666,-0.3680555555555556,-0.7986111111111112,-0.4097222222222222,-0.6111111111111112,-0.3333333333333333,-0.5625,-0.2916666666666667
3,0.0,0.0,-0.18181818181818182,0.27972027972027974,-0.5174825174825175,0.5104895104895105,-0.7482517482517482,0.6993006993006993,-0.8741258741258742,0.8811188811188811,-0.8181818181818182,0.23776223776223776,-1.0,0.20279720279720279,-0.7342657342657343,0.1958041958041958,-0.6223776223776224,0.20279720279720279,-0.8041958041958042,0.027972027972027972,-0.9300699300699301,-0.006993006993006993,-0.6223776223776224,0.027972027972027972,-0.6013986013986014,0.06293706293706294,-0.7412587412587412,-0.18181818181818182,-0.8601398601398601,-0.21678321678321677,-0.5944055944055944,-0.16783216783216784,-0.5804195804195804,-0.13286713286713286,-0.6573426573426573,-0.3706293706293706,-0.7762237762237763,-0.4125874125874126,-0.5874125874125874,-0.34265734265734266,-0.5454545454545454,-0.3006993006993007
3,0.0,0.0,-0.18439716312056736,0.2765957446808511,-0.5177304964539007,0.5035460992907801,-0.75177304964539,0.7021276595744681,-0.8865248226950354,0.8936170212765957,-0.8368794326241135,0.24113475177304963,-1.0,0.19148936170212766,-0.7446808510638298,0.18439716312056736,-0.624113475177305,0.19148936170212766,-0.8226950354609929,0.02127659574468085,-0.9219858156028369,-0.014184397163120567,-0.6312056737588653,0.014184397163120567,-0.5886524822695035,0.04964539007092199,-0.7588652482269503,-0.19148936170212766,-0.8581560283687943,-0.22695035460992907,-0.6028368794326241,-0.1773049645390071,-0.5673758865248227,-0.1347517730496454,-0.6666666666666666,-0.3829787234042553,-0.7872340425531915,-0.4326241134751773,-0.6028368794326241,-0.3546099290780142,-0.5460992907801419,-0.2978723404255319
3,0.0,0.0,-0.1958041958041958,0.2727272727272727,-0.5244755244755245,0.5034965034965035,-0.7762237762237763,0.6993006993006993,-0.9090909090909091,0.8881118881118881,-0.8391608391608392,0.22377622377622378,-1.0,0.18181818181818182,-0.7342657342657343,0.18181818181818182,-0.6293706293706294,0.1888111888111888,-0.8111888111888111,0.006993006993006993,-0.9370629370629371,-0.027972027972027972,-0.6293706293706294,0.013986013986013986,-0.6083916083916084,0.04895104895104895,-0.7412587412587412,-0.20279720279720279,-0.8601398601398601,-0.23776223776223776,-0.5944055944055944,-0.18181818181818182,-0.5734265734265734,-0.14685314685314685,-0.6503496503496503,-0.3916083916083916,-0.7762237762237763,-0.43356643356643354,-0.5944055944055944,-0.35664335664335667,-0.5454545454545454,-0.32167832167832167
3,0.0,0.0,-0.19014084507042253,0.2746478873239437,-0.5211267605633803,0.5,-0.7676056338028169,0.704225352112676,-0.9084507042253521,0.8873239436619719,-0.8309859154929577,0.22535211267605634,-1.0,0.176056338028169,-0.7323943661971831,0.176056338028169,-0.6267605633802817,0.18309859154929578,-0.8098591549295775,0.0,-0.9436619718309859,-0.035211267605633804,-0.6267605633802817,0.014084507042253521,-0.6056338028169014,0.04225352112676056,-0.7464788732394366,-0.20422535211267606,-0.8591549295774648,-0.2535211267605634,-0.5915492957746479,-0.18309859154929578,-0.5774647887323944,-0.14788732394366197,-0.6549295774647887,-0.39436619718309857,-0.7816901408450704,-0.44366197183098594,-0.5845070422535211,-0.36619718309859156,-0.5352112676056338,-0.31690140845070425
3,0.0,0.0,-0.20422535211267606,0.2676056338028169,-0.528169014084507,0.5,-0.7746478873239436,0.704225352112676,-0.9154929577464789,0.8873239436619719,-0.8450704225352113,0.2112676056338028,-1.0,0.176056338028169,-0.7464788732394366,0.176056338028169,-0.6408450704225352,0.176056338028169,-0.8309859154929577,-0.007042253521126761,-0.9295774647887324,-0.035211267605633804,-0.6338028169014085,0.007042253521126761,-0.6126760563380281,0.028169014084507043,-0.7676056338028169,-0.2112676056338028,-0.852112676056338,-0.24647887323943662,-0.5985915492957746,-0.18309859154929578,-0.5774647887323944,-0.15492957746478872,-0.676056338028169,-0.4014084507042254,-0.795774647887324,-0.43661971830985913,-0.6056338028169014,-0.3591549295774648,-0.5492957746478874,-0.30985915492957744
3,0.0,0.0,-0.17857142857142858,0.2642857142857143,-0.5071428571428571,0.5,-0.7571428571428571,0.7071428571428572,-0.8928571428571429,0.9,-0.8428571428571429,0.22142857142857142,-1.0,0.19285714285714287,-0.7357142857142858,0.18571428571428572,-0.6357142857142857,0.18571428571428572,-0.8285714285714286,-0.007142857142857143,-0.9357142857142857,-0.03571428571428571,-0.6214285714285714,0.0,-0.6,0.02857142857142857,-0.7714285714285715,-0.22142857142857142,-0.8357142857142857,-0.2571428571428571,-0.5642857142857143,-0.19285714285714287,-0.5571428571428572,-0.15,-0.6857142857142857,-0.4142857142857143,-0.7785714285714286,-0.45714285714285713,-0.5785714285714286,-0.37142857142857144,-0.5357142857142857,-0.32142857142857145
3,0.0,0.0,-0.17857142857142858,0.2642857142857143,-0.5071428571428571,0.5,-0.7428571428571429,0.7071428571428572,-0.8857142857142857,0.9071428571428571,-0.8428571428571429,0.22857142857142856,-1.0,0.19285714285714287,-0.7357142857142858,0.19285714285714287,-0.6357142857142857,0.19285714285714287,-0.8285714285714286,0.0,-0.9285714285714286,-0.02857142857142857,-0.6214285714285714,0.014285714285714285,-0.6,0.03571428571428571,-0.7642857142857142,-0.21428571428571427,-0.8357142857142857,-0.25,-0.5714285714285714,-0.18571428571428572,-0.5642857142857143,-0.15714285714285714,-0.6785714285714286,-0.4142857142857143,-0.7642857142857142,-0.45,-0.5714285714285714,-0.37142857142857144,-0.5357142857142857,-0.32142857142857145
3,0.0,0.0,-0.18248175182481752,0.27007299270072993,-0.5109489051094891,0.5036496350364964,-0.7591240875912408,0.708029197080292,-0.8978102189781022,0.9124087591240876,-0.8832116788321168,0.22627737226277372,-1.0,0.18248175182481752,-0.7299270072992701,0.17518248175182483,-0.6423357664233577,0.18248175182481752,-0.8686131386861314,-0.0072992700729927005,-0.9197080291970803,-0.043795620437956206,-0.6058394160583942,-0.0072992700729927005,-0.5985401459854015,0.029197080291970802,-0.8029197080291971,-0.23357664233576642,-0.8321167883211679,-0.26277372262773724,-0.5620437956204379,-0.20437956204379562,-0.5620437956204379,-0.16058394160583941,-0.708029197080292,-0.4306569343065693,-0.7664233576642335,-0.4744525547445255,-0.5693430656934306,-0.38686131386861317,-0.5328467153284672,-0.3357664233576642
3,0.0,0.0,-0.21014492753623187,0.2826086956521739,-0.5289855072463768,0.5289855072463768,-0.7681159420289855,0.7391304347826086,-0.9057971014492754,0.9420289855072463,-0.8768115942028986,0.2246376811594203,-1.0,0.2028985507246377,-0.7246376811594203,0.2028985507246377,-0.6521739130434783,0.2028985507246377,-0.855072463768116,-0.007246376811594203,-0.9057971014492754,-0.021739130434782608,-0.6159420289855072,0.021739130434782608,-0.6231884057971014,0.050724637681159424,-0.782608695652174,-0.21739130434782608,-0.8405797101449275,-0.2463768115942029,-0.572463768115942,-0.17391304347826086,-0.5797101449275363,-0.14492753623188406,-0.6884057971014492,-0.42028985507246375,-0.7898550724637681,-0.45652173913043476,-0.5942028985507246,-0.3695652173913043,-0.5507246376811594,-0.3333333333333333
3,0.0,0.0,-0.2,0.2814814814814815,-0.5259259259259259,0.5333333333333333,-0.762962962962963,0.7703703703703704,-0.8888888888888888,1.0,-0.9111111111111111,0.24444444444444444,-1.0,0.1925925925925926,-0.7111111111111111,0.2074074074074074,-0.6666666666666666,0.21481481481481482,-0.8962962962962963,0.0,-0.9111111111111111,-0.037037037037037035,-0.6074074074074074,0.02962962962962963,-0.6518518518518519,0.06666666666666667,-0.8148148148148148,-0.2222222222222222,-0.8296296296296296,-0.25925925925925924,-0.562962962962963,-0.17037037037037037,-0.5925925925925926,-0.13333333333333333,-0.7111111111111111,-0.4222222222222222,-0.7777777777777778,-0.4666666666666667,-0.5777777777777777,-0.37037037037037035,-0.5555555555555556,-0.32592592592592595
3,0.0,0.0,-0.1956521739130435,0.2826086956521739,-0.5144927536231884,0.5289855072463768,-0.7318840579710145,0.7681159420289855,-0.855072463768116,1.0,-0.9202898550724637,0.2463768115942029,-0.9565217391304348,0.21014492753623187,-0.6884057971014492,0.2028985507246377,-0.6521739130434783,0.2028985507246377,-0.9130434782608695,0.007246376811594203,-0.8840579710144928,-0.021739130434782608,-0.5869565217391305,0.028985507246376812,-0.6304347826086957,0.050724637681159424,-0.8333333333333334,-0.21739130434782608,-0.8043478260869565,-0.2463768115942029,-0.5434782608695652,-0.17391304347826086,-0.5869565217391305,-0.13768115942028986,-0.7246376811594203,-0.42028985507246375,-0.7536231884057971,-0.45652173913043476,-0.5579710144927537,-0.36231884057971014,-0.5507246376811594,-0.30434782608695654
3,0.0,0.0,-0.18705035971223022,0.28776978417266186,-0.5179856115107914,0.539568345323741,-0.7338129496402878,0.7769784172661871,-0.8489208633093526,1.0,-0.9640287769784173,0.23741007194244604,-0.920863309352518,0.19424460431654678,-0.6690647482014388,0.20863309352517986,-0.6762589928057554,0.2158273381294964,-0.9568345323741008,0.0,-0.8489208633093526,-0.02877697841726619,-0.5755395683453237,0.03597122302158273,-0.6330935251798561,0.06474820143884892,-0.8633093525179856,-0.22302158273381295,-0.7769784172661871,-0.2446043165467626,-0.5323741007194245,-0.15827338129496402,-0.5827338129496403,-0.12949640287769784,-0.7410071942446043,-0.4244604316546763,-0.7338129496402878,-0.4460431654676259,-0.5467625899280576,-0.34532374100719426,-0.539568345323741,-0.302158273381295
3,0.0,0.0,-0.16783216783216784,0.2867132867132867,-0.4825174825174825,0.5384615384615384,-0.6923076923076923,0.7762237762237763,-0.8111888111888111,1.0,-0.916083916083916,0.24475524475524477,-0.8881118881118881,0.2097902097902098,-0.6433566433566433,0.20279720279720279,-0.6433566433566433,0.2097902097902098,-0.9090909090909091,0.013986013986013986,-0.8251748251748252,-0.013986013986013986,-0.5524475524475524,0.03496503496503497,-0.6083916083916084,0.055944055944055944,-0.8251748251748252,-0.2097902097902098,-0.7552447552447552,-0.23076923076923078,-0.5104895104895105,-0.16083916083916083,-0.5664335664335665,-0.1258741258741259,-0.7132867132867133,-0.40559440559440557,-0.7132867132867133,-0.4405594405594406,-0.5314685314685315,-0.34965034965034963,-0.5244755244755245,-0.2937062937062937
3,0.0,0.0,-0.1619718309859155,0.28169014084507044,-0.47183098591549294,0.5352112676056338,-0.676056338028169,0.7746478873239436,-0.795774647887324,1.0,-0.9084507042253521,0.23943661971830985,-0.8802816901408451,0.20422535211267606,-0.6267605633802817,0.20422535211267606,-0.6126760563380281,0.20422535211267606,-0.9014084507042254,0.007042253521126761,-0.8028169014084507,-0.014084507042253521,-0.528169014084507,0.035211267605633804,-0.5845070422535211,0.056338028169014086,-0.8169014084507042,-0.2112676056338028,-0.7323943661971831,-0.2323943661971831,-0.49295774647887325,-0.1619718309859155,-0.5422535211267606,-0.13380281690140844,-0.7112676056338029,-0.4154929577464789,-0.6901408450704225,-0.43661971830985913,-0.5070422535211268,-0.34507042253521125,-0.5070422535211268,-0.3028169014084507
3,0.0,0.0,-0.1793103448275862,0.2827586206896552,-0.47586206896551725,0.5310344827586206,-0.6689655172413793,0.7655172413793103,-0.7724137931034483,1.0,-0.903448275862069,0.2620689655172414,-0.8758620689655172,0.20689655172413793,-0.6206896551724138,0.2,-0.6068965517241379,0.21379310344827587,-0.903448275862069,0.020689655172413793,-0.8137931034482758,-0.013793103448275862,-0.5379310344827586,0.034482758620689655,-0.5793103448275863,0.06206896551724138,-0.8206896551724138,-0.20689655172413793,-0.7517241379310344,-0.23448275862068965,-0.503448275862069,-0.15862068965517243,-0.5379310344827586,-0.12413793103448276,-0.7034482758620689,-0.4,-0.7172413793103448,-0.43448275862068964,-0.5241379310344828,-0.3448275862068966,-0.503448275862069,-0.296551724137931
3,0.0,0.0,-0.17006802721088435,0.2789115646258503,-0.46258503401360546,0.5306122448979592,-0.6530612244897959,0.7687074829931972,-0.7482993197278912,1.0,-0.8503401360544217,0.25170068027210885,-0.8707482993197279,0.2108843537414966,-0.6258503401360545,0.20408163265306123,-0.6054421768707483,0.2108843537414966,-0.8639455782312925,0.02040816326530612,-0.8163265306122449,-0.006802721088435374,-0.54421768707483,0.04081632653061224,-0.5850340136054422,0.061224489795918366,-0.7959183673469388,-0.20408163265306123,-0.7482993197278912,-0.22448979591836735,-0.5102040816326531,-0.1564625850340136,-0.5510204081632653,-0.1292517006802721,-0.7006802721088435,-0.4013605442176871,-0.7006802721088435,-0.4217687074829932,-0.5170068027210885,-0.3401360544217687,-0.5102040816326531,-0.29931972789115646
3,0.0,0.0,-0.16216216216216217,0.27702702702702703,-0.4391891891891892,0.527027027027027,-0.6283783783783784,0.7702702702702703,-0.7162162162162162,1.0,-0.8581081081081081,0.25675675675675674,-0.8648648648648649,0.21621621621621623,-0.6216216216216216,0.20945945945945946,-0.6013513513513513,0.21621621621621623,-0.8581081081081081,0.02702702702702703,-0.8040540540540541,0.0,-0.527027027027027,0.033783783783783786,-0.581081081081081,0.06756756756756757,-0.7905405405405406,-0.1891891891891892,-0.7364864864864865,-0.20945945945945946,-0.5,-0.1554054054054054,-0.5405405405405406,-0.11486486486486487,-0.7027027027027027,-0.3918918918918919,-0.6891891891891891,-0.41216216216216217,-0.5067567567567568,-0.3310810810810811,-0.5067567567567568,-0.28378378378378377
3,0.0,0.0,-0.1554054054054054,0.27702702702702703,-0.43243243243243246,0.5337837837837838,-0.6216216216216216,0.777027027027027,-0.7162162162162162,1.0,-0.8513513513513513,0.25,-0.8783783783783784,0.21621621621621623,-0.6216216216216216,0.20945945945945946,-0.5945945945945946,0.21621621621621623,-0.8513513513513513,0.02702702702702703,-0.8108108108108109,0.006756756756756757,-0.527027027027027,0.04054054054054054,-0.5675675675675675,0.06756756756756757,-0.7837837837837838,-0.1891891891891892,-0.7432432432432432,-0.20945945945945946,-0.49324324324324326,-0.14864864864864866,-0.5337837837837838,-0.11486486486486487,-0.6891891891891891,-0.3918918918918919,-0.6891891891891891,-0.40540540540540543,-0.5067567567567568,-0.32432432432432434,-0.5067567567567568,-0.28378378378378377
3,0.0,0.0,-0.14093959731543623,0.28187919463087246,-0.4161073825503356,0.5369127516778524,-0.5973154362416108,0.7785234899328859,-0.6912751677852349,1.0,-0.8590604026845637,0.2550335570469799,-0.8456375838926175,0.21476510067114093,-0.5906040268456376,0.2080536912751678,-0.5771812080536913,0.21476510067114093,-0.8590604026845637,0.020134228187919462,-0.785234899328859,0.006711409395973154,-0.5100671140939598,0.040268456375838924,-0.5570469798657718,0.06711409395973154,-0.785234899328859,-0.20134228187919462,-0.7181208053691275,-0.2080536912751678,-0.47651006711409394,-0.1476510067114094,-0.5302013422818792,-0.12080536912751678,-0.6912751677852349,-0.40268456375838924,-0.6644295302013423,-0.40939597315436244,-0.48322147651006714,-0.3288590604026846,-0.4899328859060403,-0.2953020134228188
3,0.0,0.0,-0.14666666666666667,0.28,-0.42,0.5333333333333333,-0.6066666666666667,0.7733333333333333,-0.7,1.0,-0.84,0.24666666666666667,-0.8466666666666667,0.21333333333333335,-0.6,0.21333333333333335,-0.5733333333333334,0.20666666666666667,-0.8466666666666667,0.013333333333333334,-0.7866666666666666,0.0,-0.5133333333333333,0.04,-0.56,0.05333333333333334,-0.78,-0.20666666666666667,-0.72,-0.21333333333333335,-0.48,-0.15333333333333332,-0.5333333333333333,-0.13333333333333333,-0.68,-0.4066666666666667,-0.66,-0.42,-0.48,-0.3333333333333333,-0.4866666666666667,-0.3
3,0.0,0.0,-0.1780821917808219,0.2808219178082192,-0.4657534246575342,0.5342465753424658,-0.6643835616438356,0.7808219178082192,-0.7534246575342466,1.0,-0.8835616438356164,0.23972602739726026,-0.8972602739726028,0.2054794520547945,-0.6506849315068494,0.2054794520547945,-0.636986301369863,0.2191780821917808,-0.8835616438356164,0.02054794520547945,-0.8356164383561644,0.0,-0.5616438356164384,0.0410958904109589,-0.6095890410958904,0.0547945205479452,-0.8082191780821918,-0.19863013698630136,-0.7808219178082192,-0.2191780821917808,-0.541095890410959,-0.15753424657534246,-0.5753424657534246,-0.13013698630136986,-0.7054794520547946,-0.4041095890410959,-0.726027397260274,-0.4246575342465753,-0.541095890410959,-0.3424657534246575,-0.5273972602739726,-0.3082191780821918
3,0.0,0.0,-0.1958041958041958,0.2867132867132867,-0.48951048951048953,0.5524475524475524,-0.7062937062937062,0.7902097902097902,-0.8181818181818182,1.0,-0.9090909090909091,0.23776223776223776,-0.958041958041958,0.2097902097902098,-0.6923076923076923,0.2097902097902098,-0.6573426573426573,0.21678321678321677,-0.9020979020979021,0.013986013986013986,-0.8811188811188811,0.0,-0.5944055944055944,0.03496503496503497,-0.6293706293706294,0.055944055944055944,-0.8321678321678322,-0.20279720279720279,-0.8251748251748252,-0.21678321678321677,-0.5664335664335665,-0.16083916083916083,-0.5944055944055944,-0.13286713286713286,-0.7272727272727273,-0.40559440559440557,-0.7692307692307693,-0.4195804195804196,-0.5734265734265734,-0.34265734265734266,-0.5524475524475524,-0.3076923076923077
3,0.0,0.0,-0.19718309859154928,0.2887323943661972,-0.5211267605633803,0.5352112676056338,-0.7605633802816901,0.7394366197183099,-0.8943661971830986,0.9436619718309859,-0.8450704225352113,0.24647887323943662,-1.0,0.22535211267605634,-0.7323943661971831,0.2112676056338028,-0.647887323943662,0.2112676056338028,-0.8380281690140845,0.014084507042253521,-0.9154929577464789,0.0,-0.6267605633802817,0.028169014084507043,-0.6197183098591549,0.04929577464788732,-0.7746478873239436,-0.20422535211267606,-0.8450704225352113,-0.22535211267605634,-0.5915492957746479,-0.176056338028169,-0.5845070422535211,-0.14788732394366197,-0.6830985915492958,-0.4154929577464789,-0.7816901408450704,-0.43661971830985913,-0.5915492957746479,-0.3732394366197183,-0.5563380281690141,-0.33098591549295775
3,0.0,0.0,-0.20422535211267606,0.2676056338028169,-0.5422535211267606,0.5070422535211268,-0.7887323943661971,0.7112676056338029,-0.9225352112676056,0.9014084507042254,-0.8380281690140845,0.2323943661971831,-1.0,0.22535211267605634,-0.7464788732394366,0.21830985915492956,-0.6549295774647887,0.20422535211267606,-0.8309859154929577,0.007042253521126761,-0.9225352112676056,0.0,-0.6338028169014085,0.028169014084507043,-0.6126760563380281,0.04225352112676056,-0.7676056338028169,-0.2112676056338028,-0.8450704225352113,-0.22535211267605634,-0.5915492957746479,-0.176056338028169,-0.5774647887323944,-0.1619718309859155,-0.676056338028169,-0.4225352112676056,-0.7816901408450704,-0.43661971830985913,-0.5985915492957746,-0.3591549295774648,-0.5563380281690141,-0.33098591549295775
3,0.0,0.0,-0.2013888888888889,0.2708333333333333,-0.5555555555555556,0.4861111111111111,-0.8194444444444444,0.6736111111111112,-0.9583333333333334,0.875,-0.8611111111111112,0.2222222222222222,-1.0,0.2152777777777778,-0.7569444444444444,0.19444444444444445,-0.6597222222222222,0.18055555555555555,-0.8541666666666666,0.0,-0.9166666666666666,-0.006944444444444444,-0.625,0.013888888888888888,-0.5902777777777778,0.027777777777777776,-0.7847222222222222,-0.2152777777777778,-0.8402777777777778,-0.22916666666666666,-0.5833333333333334,-0.18055555555555555,-0.5625,-0.1597222222222222,-0.6875,-0.4236111111111111,-0.7777777777777778,-0.4375,-0.5972222222222222,-0.3680555555555556,-0.5625,-0.3333333333333333
3,0.0,0.0,-0.20689655172413793,0.25517241379310346,-0.5655172413793104,0.4689655172413793,-0.8344827586206897,0.6344827586206897,-0.9793103448275862,0.8137931034482758,-0.8620689655172413,0.22758620689655173,-1.0,0.2206896551724138,-0.7655172413793103,0.19310344827586207,-0.6620689655172414,0.18620689655172415,-0.8482758620689655,0.0,-0.9379310344827586,-0.006896551724137931,-0.6551724137931034,0.006896551724137931,-0.6137931034482759,0.027586206896551724,-0.7862068965517242,-0.21379310344827587,-0.8482758620689655,-0.22758620689655173,-0.593103448275862,-0.1793103448275862,-0.5655172413793104,-0.15862068965517243,-0.696551724137931,-0.41379310344827586,-0.8,-0.43448275862068964,-0.6137931034482759,-0.36551724137931035,-0.5655172413793104,-0.32413793103448274
3,0.0,0.0,-0.20279720279720279,0.2727272727272727,-0.5594405594405595,0.4755244755244755,-0.8391608391608392,0.6293706293706294,-0.993006993006993,0.7972027972027972,-0.8461538461538461,0.21678321678321677,-1.0,0.20279720279720279,-0.7482517482517482,0.1958041958041958,-0.6503496503496503,0.1958041958041958,-0.8251748251748252,-0.006993006993006993,-0.9370629370629371,-0.02097902097902098,-0.6363636363636364,0.013986013986013986,-0.6013986013986014,0.027972027972027972,-0.7552447552447552,-0.21678321678321677,-0.8601398601398601,-0.24475524475524477,-0.5944055944055944,-0.1888111888111888,-0.5524475524475524,-0.16083916083916083,-0.6573426573426573,-0.4195804195804196,-0.7902097902097902,-0.45454545454545453,-0.5944055944055944,-0.3776223776223776,-0.5384615384615384,-0.32867132867132864
3,0.0,0.0,-0.19014084507042253,0.2746478873239437,-0.5633802816901409,0.4788732394366197,-0.8450704225352113,0.6126760563380281,-0.9929577464788732,0.7816901408450704,-0.8380281690140845,0.2323943661971831,-1.0,0.19718309859154928,-0.7394366197183099,0.19014084507042253,-0.6338028169014085,0.19718309859154928,-0.8169014084507042,0.007042253521126761,-0.9366197183098591,-0.028169014084507043,-0.6267605633802817,0.014084507042253521,-0.5915492957746479,0.04225352112676056,-0.7464788732394366,-0.20422535211267606,-0.8661971830985915,-0.2535211267605634,-0.5845070422535211,-0.19014084507042253,-0.5492957746478874,-0.14788732394366197,-0.6549295774647887,-0.4084507042253521,-0.7816901408450704,-0.45774647887323944,-0.5845070422535211,-0.3732394366197183,-0.528169014084507,-0.31690140845070425
3,0.0,0.0,-0.20689655172413793,0.27586206896551724,-0.5586206896551724,0.45517241379310347,-0.8275862068965517,0.593103448275862,-0.9655172413793104,0.7586206896551724,-0.8137931034482758,0.22758620689655173,-1.0,0.19310344827586207,-0.7379310344827587,0.1724137931034483,-0.6275862068965518,0.1793103448275862,-0.7931034482758621,0.006896551724137931,-0.9172413793103448,-0.027586206896551724,-0.6206896551724138,0.0,-0.593103448275862,0.041379310344827586,-0.7310344827586207,-0.20689655172413793,-0.8689655172413793,-0.2482758620689655,-0.5862068965517241,-0.19310344827586207,-0.5448275862068965,-0.14482758620689656,-0.6413793103448275,-0.3931034482758621,-0.7793103448275862,-0.45517241379310347,-0.5862068965517241,-0.3793103448275862,-0.5310344827586206,-0.31724137931034485
3,0.0,0.0,-0.1917808219178082,0.2671232876712329,-0.5342465753424658,0.4520547945205479,-0.8082191780821918,0.5753424657534246,-0.958904109589041,0.7054794520547946,-0.8082191780821918,0.2191780821917808,-1.0,0.1917808219178082,-0.7534246575342466,0.1780821917808219,-0.6232876712328768,0.18493150684931506,-0.7876712328767124,0.0,-0.910958904109589,-0.0273972602739726,-0.6232876712328768,0.00684931506849315,-0.5753424657534246,0.0410958904109589,-0.7191780821917808,-0.2054794520547945,-0.8493150684931506,-0.2465753424657534,-0.5753424657534246,-0.18493150684931506,-0.5205479452054794,-0.136986301369863,-0.6301369863013698,-0.3972602739726027,-0.7602739726027398,-0.4452054794520548,-0.5684931506849316,-0.363013698630137,-0.5136986301369864,-0.3082191780821918
3,0.0,0.0,-0.2,0.2689655172413793,-0.5586206896551724,0.45517241379310347,-0.8413793103448276,0.5862068965517241,-0.993103448275862,0.7379310344827587,-0.8344827586206897,0.23448275862068965,-1.0,0.20689655172413793,-0.7517241379310344,0.1793103448275862,-0.6275862068965518,0.1793103448275862,-0.8206896551724138,0.013793103448275862,-0.9379310344827586,-0.013793103448275862,-0.6413793103448275,0.013793103448275862,-0.593103448275862,0.04827586206896552,-0.7517241379310344,-0.2,-0.8758620689655172,-0.2413793103448276,-0.6,-0.18620689655172415,-0.5379310344827586,-0.1310344827586207,-0.6551724137931034,-0.3931034482758621,-0.7793103448275862,-0.4482758620689655,-0.593103448275862,-0.36551724137931035,-0.5310344827586206,-0.296551724137931
3,0.0,0.0,-0.19047619047619047,0.272108843537415,-0.5374149659863946,0.4557823129251701,-0.8163265306122449,0.5850340136054422,-0.9659863945578231,0.7346938775510204,-0.8231292517006803,0.23129251700680273,-1.0,0.21768707482993196,-0.7551020408163265,0.19047619047619047,-0.6258503401360545,0.1836734693877551,-0.8163265306122449,0.013605442176870748,-0.9319727891156463,-0.006802721088435374,-0.6394557823129252,0.02040816326530612,-0.5918367346938775,0.05442176870748299,-0.7482993197278912,-0.19047619047619047,-0.8639455782312925,-0.23129251700680273,-0.5918367346938775,-0.17006802721088435,-0.5374149659863946,-0.12244897959183673,-0.6598639455782312,-0.38095238095238093,-0.7755102040816326,-0.43537414965986393,-0.5850340136054422,-0.35374149659863946,-0.5306122448979592,-0.2857142857142857
3,0.0,0.0,-0.18493150684931506,0.2671232876712329,-0.5273972602739726,0.4657534246575342,-0.8013698630136986,0.6164383561643836,-0.952054794520548,0.7808219178082192,-0.8082191780821918,0.23972602739726026,-1.0,0.22602739726027396,-0.7602739726027398,0.1917808219178082,-0.6301369863013698,0.1917808219178082,-0.8082191780821918,0.0273972602739726,-0.9383561643835616,0.00684931506849315,-0.6506849315068494,0.0273972602739726,-0.5958904109589042,0.06164383561643835,-0.7465753424657534,-0.18493150684931506,-0.8835616438356164,-0.2191780821917808,-0.6164383561643836,-0.17123287671232876,-0.541095890410959,-0.11643835616438356,-0.6575342465753424,-0.3835616438356164,-0.7808219178082192,-0.4246575342465753,-0.6027397260273972,-0.3493150684931507,-0.5342465753424658,-0.2808219178082192
3,0.0,0.0,-0.1917808219178082,0.273972602739726,-0.5205479452054794,0.4863013698630137,-0.773972602739726,0.6575342465753424,-0.910958904109589,0.8287671232876712,-0.8082191780821918,0.2602739726027397,-1.0,0.2465753424657534,-0.7602739726027398,0.2191780821917808,-0.636986301369863,0.21232876712328766,-0.8082191780821918,0.0410958904109589,-0.9246575342465754,0.0273972602739726,-0.636986301369863,0.0410958904109589,-0.5958904109589042,0.07534246575342465,-0.7534246575342466,-0.17123287671232876,-0.8698630136986302,-0.2054794520547945,-0.6095890410958904,-0.15753424657534246,-0.5616438356164384,-0.11643835616438356,-0.6643835616438356,-0.3698630136986301,-0.7876712328767124,-0.4041095890410959,-0.5958904109589042,-0.3356164383561644,-0.5342465753424658,-0.273972602739726
3,0.0,0.0,-0.1891891891891892,0.2702702702702703,-0.5405405405405406,0.4864864864864865,-0.7905405405405406,0.6756756756756757,-0.9054054054054054,0.8581081081081081,-0.8108108108108109,0.24324324324324326,-1.0,0.22972972972972974,-0.7567567567567568,0.19594594594594594,-0.6216216216216216,0.1891891891891892,-0.8040540540540541,0.02702702702702703,-0.9256756756756757,0.013513513513513514,-0.6418918918918919,0.02702702702702703,-0.5878378378378378,0.060810810810810814,-0.7432432432432432,-0.18243243243243243,-0.8716216216216216,-0.21621621621621623,-0.6148648648648649,-0.16891891891891891,-0.5608108108108109,-0.12837837837837837,-0.6554054054054054,-0.3716216216216216,-0.7837837837837838,-0.4189189189189189,-0.6013513513513513,-0.34459459459459457,-0.5337837837837838,-0.28378378378378377
3,0.0,0.0,-0.19863013698630136,0.2876712328767123,-0.5342465753424658,0.5136986301369864,-0.773972602739726,0.7123287671232876,-0.8972602739726028,0.9041095890410958,-0.8356164383561644,0.2602739726027397,-1.0,0.22602739726027396,-0.7465753424657534,0.19863013698630136,-0.636986301369863,0.19863013698630136,-0.8287671232876712,0.03424657534246575,-0.9315068493150684,0.00684931506849315,-0.636986301369863,0.0273972602739726,-0.6095890410958904,0.0547945205479452,-0.7671232876712328,-0.1780821917808219,-0.863013698630137,-0.2191780821917808,-0.6027397260273972,-0.17123287671232876,-0.5753424657534246,-0.13013698630136986,-0.684931506849315,-0.3767123287671233,-0.7945205479452054,-0.4246575342465753,-0.6027397260273972,-0.3561643835616438,-0.5547945205479452,-0.3013698630136986
3,0.0,0.0,-0.1888111888111888,0.2937062937062937,-0.48951048951048953,0.5384615384615384,-0.7202797202797203,0.7552447552447552,-0.8461538461538461,0.958041958041958,-0.8251748251748252,0.24475524475524477,-1.0,0.21678321678321677,-0.7622377622377622,0.20279720279720279,-0.6363636363636364,0.2097902097902098,-0.8111888111888111,0.02097902097902098,-0.9440559440559441,0.0,-0.6573426573426573,0.027972027972027972,-0.5944055944055944,0.055944055944055944,-0.7482517482517482,-0.1958041958041958,-0.8811188811188811,-0.22377622377622378,-0.6153846153846154,-0.16783216783216784,-0.5594405594405595,-0.11888111888111888,-0.6503496503496503,-0.3986013986013986,-0.8041958041958042,-0.4405594405594406,-0.6083916083916084,-0.35664335664335667,-0.5314685314685315,-0.2867132867132867
3,0.0,0.0,-0.20833333333333334,0.2916666666666667,-0.5138888888888888,0.5486111111111112,-0.7361111111111112,0.7847222222222222,-0.8680555555555556,0.9930555555555556,-0.8680555555555556,0.25,-1.0,0.2222222222222222,-0.7569444444444444,0.2152777777777778,-0.6527777777777778,0.2013888888888889,-0.8680555555555556,0.013888888888888888,-0.9444444444444444,0.0,-0.6527777777777778,0.034722222222222224,-0.625,0.04861111111111111,-0.8125,-0.2013888888888889,-0.875,-0.2222222222222222,-0.625,-0.16666666666666666,-0.6041666666666666,-0.1388888888888889,-0.7222222222222222,-0.3958333333333333,-0.8194444444444444,-0.4236111111111111,-0.6319444444444444,-0.3402777777777778,-0.5763888888888888,-0.2916666666666667
3,0.0,0.0,-0.19047619047619047,0.2857142857142857,-0.4897959183673469,0.5510204081632653,-0.7074829931972789,0.782312925170068,-0.8231292517006803,1.0,-0.8367346938775511,0.2653061224489796,-0.9931972789115646,0.23809523809523808,-0.7346938775510204,0.21768707482993196,-0.6394557823129252,0.2108843537414966,-0.8299319727891157,0.027210884353741496,-0.9251700680272109,0.013605442176870748,-0.6326530612244898,0.034013605442176874,-0.6190476190476191,0.047619047619047616,-0.782312925170068,-0.19047619047619047,-0.8503401360544217,-0.2108843537414966,-0.5986394557823129,-0.17006802721088435,-0.5850340136054422,-0.1360544217687075,-0.7006802721088435,-0.3945578231292517,-0.8027210884353742,-0.42857142857142855,-0.6054421768707483,-0.35374149659863946,-0.5578231292517006,-0.29931972789115646
3,0.0,0.0,-0.18620689655172415,0.296551724137931,-0.4896551724137931,0.5517241379310345,-0.7034482758620689,0.7862068965517242,-0.8206896551724138,1.0,-0.8413793103448276,0.25517241379310346,-0.993103448275862,0.23448275862068965,-0.7379310344827587,0.22758620689655173,-0.6344827586206897,0.2206896551724138,-0.8344827586206897,0.027586206896551724,-0.9172413793103448,0.006896551724137931,-0.6206896551724138,0.041379310344827586,-0.6,0.05517241379310345,-0.7724137931034483,-0.19310344827586207,-0.8344827586206897,-0.21379310344827587,-0.5793103448275863,-0.15172413793103448,-0.5655172413793104,-0.1310344827586207,-0.6896551724137931,-0.4,-0.7862068965517242,-0.4206896551724138,-0.593103448275862,-0.3448275862068966,-0.5448275862068965,-0.3103448275862069
3,0.0,0.0,-0.2,0.2896551724137931,-0.503448275862069,0.5517241379310345,-0.7172413793103448,0.7862068965517242,-0.8275862068965517,1.0,-0.8482758620689655,0.2482758620689655,-0.993103448275862,0.22758620689655173,-0.7310344827586207,0.2206896551724138,-0.6344827586206897,0.21379310344827587,-0.8482758620689655,0.013793103448275862,-0.9172413793103448,0.006896551724137931,-0.6275862068965518,0.041379310344827586,-0.6137931034482759,0.04827586206896552,-0.7862068965517242,-0.21379310344827587,-0.8413793103448276,-0.2206896551724138,-0.5862068965517241,-0.16551724137931034,-0.5862068965517241,-0.15172413793103448,-0.696551724137931,-0.4206896551724138,-0.7931034482758621,-0.4413793103448276,-0.6,-0.3586206896551724,-0.5586206896551724,-0.32413793103448274
3,0.0,0.0,-0.1875,0.2847222222222222,-0.4791666666666667,0.5416666666666666,-0.6944444444444444,0.7777777777777778,-0.7916666666666666,1.0,-0.8541666666666666,0.2361111111111111,-0.9652777777777778,0.2222222222222222,-0.6944444444444444,0.20833333333333334,-0.6111111111111112,0.19444444444444445,-0.8541666666666666,-0.006944444444444444,-0.8819444444444444,-0.006944444444444444,-0.5902777777777778,0.027777777777777776,-0.5972222222222222,0.041666666666666664,-0.7847222222222222,-0.22916666666666666,-0.8055555555555556,-0.2361111111111111,-0.5555555555555556,-0.18055555555555555,-0.5625,-0.1597222222222222,-0.6875,-0.4375,-0.7638888888888888,-0.4583333333333333,-0.5694444444444444,-0.375,-0.5277777777777778,-0.3333333333333333
3,0.0,0.0,-0.1736111111111111,0.2847222222222222,-0.4722222222222222,0.5416666666666666,-0.6805555555555556,0.7777777777777778,-0.7708333333333334,1.0,-0.8819444444444444,0.2361111111111111,-0.9375,0.2222222222222222,-0.6805555555555556,0.20833333333333334,-0.6111111111111112,0.19444444444444445,-0.875,-0.006944444444444444,-0.8611111111111112,-0.006944444444444444,-0.5763888888888888,0.027777777777777776,-0.5902777777777778,0.034722222222222224,-0.7986111111111112,-0.22916666666666666,-0.7916666666666666,-0.2361111111111111,-0.5416666666666666,-0.18055555555555555,-0.5555555555555556,-0.1527777777777778,-0.6875,-0.4375,-0.7430555555555556,-0.4652777777777778,-0.5486111111111112,-0.3819444444444444,-0.5138888888888888,-0.3333333333333333
3,0.0,0.0,-0.17123287671232876,0.2876712328767123,-0.4520547945205479,0.541095890410959,-0.6506849315068494,0.7808219178082192,-0.7602739726027398,1.0,-0.8904109589041096,0.2328767123287671,-0.8904109589041096,0.19863013698630136,-0.636986301369863,0.19863013698630136,-0.6095890410958904,0.19863013698630136,-0.8767123287671232,-0.00684931506849315,-0.821917808219178,-0.02054794520547945,-0.541095890410959,0.02054794520547945,-0.5753424657534246,0.04794520547945205,-0.7945205479452054,-0.2328767123287671,-0.7534246575342466,-0.23972602739726026,-0.5,-0.1780821917808219,-0.5342465753424658,-0.1506849315068493,-0.684931506849315,-0.4383561643835616,-0.7123287671232876,-0.4589041095890411,-0.5136986301369864,-0.3767123287671233,-0.4931506849315068,-0.3287671232876712
3,0.0,0.0,-0.18055555555555555,0.2777777777777778,-0.4722222222222222,0.5347222222222222,-0.6736111111111112,0.7777777777777778,-0.7777777777777778,1.0,-0.9027777777777778,0.2361111111111111,-0.9097222222222222,0.19444444444444445,-0.6458333333333334,0.19444444444444445,-0.6111111111111112,0.20833333333333334,-0.8958333333333334,-0.013888888888888888,-0.8541666666666666,-0.034722222222222224,-0.5555555555555556,0.013888888888888888,-0.5902777777777778,0.041666666666666664,-0.8055555555555556,-0.24305555555555555,-0.7847222222222222,-0.2638888888888889,-0.5277777777777778,-0.19444444444444445,-0.5486111111111112,-0.1597222222222222,-0.6944444444444444,-0.4513888888888889,-0.7291666666666666,-0.4791666666666667,-0.5347222222222222,-0.3888888888888889,-0.5069444444444444,-0.3333333333333333
3,0.0,0.0,-0.16551724137931034,0.27586206896551724,-0.46206896551724136,0.5241379310344828,-0.6689655172413793,0.7655172413793103,-0.7724137931034483,1.0,-0.8758620689655172,0.2413793103448276,-0.896551724137931,0.1724137931034483,-0.6206896551724138,0.1793103448275862,-0.6,0.19310344827586207,-0.8689655172413793,-0.006896551724137931,-0.8344827586206897,-0.04827586206896552,-0.5379310344827586,0.006896551724137931,-0.593103448275862,0.041379310344827586,-0.7862068965517242,-0.23448275862068965,-0.7724137931034483,-0.27586206896551724,-0.5103448275862069,-0.2,-0.5517241379310345,-0.15172413793103448,-0.6896551724137931,-0.43448275862068964,-0.7103448275862069,-0.4827586206896552,-0.5172413793103449,-0.38620689655172413,-0.503448275862069,-0.32413793103448274
3,0.0,0.0,-0.1643835616438356,0.273972602739726,-0.4657534246575342,0.5205479452054794,-0.6712328767123288,0.7602739726027398,-0.7671232876712328,1.0,-0.8493150684931506,0.2328767123287671,-0.9178082191780822,0.17123287671232876,-0.636986301369863,0.1780821917808219,-0.589041095890411,0.1917808219178082,-0.8356164383561644,-0.0136986301369863,-0.8424657534246576,-0.04794520547945205,-0.541095890410959,0.0136986301369863,-0.5821917808219178,0.0410958904109589,-0.7602739726027398,-0.2328767123287671,-0.773972602739726,-0.273972602739726,-0.5136986301369864,-0.1917808219178082,-0.547945205479452,-0.1506849315068493,-0.6575342465753424,-0.4315068493150685,-0.7054794520547946,-0.4794520547945205,-0.5136986301369864,-0.3835616438356164,-0.5,-0.3219178082191781
3,0.0,0.0,-0.1724137931034483,0.2689655172413793,-0.4689655172413793,0.5103448275862069,-0.6689655172413793,0.7586206896551724,-0.7586206896551724,1.0,-0.8620689655172413,0.2206896551724138,-0.9241379310344827,0.15862068965517243,-0.6413793103448275,0.16551724137931034,-0.6068965517241379,0.18620689655172415,-0.8482758620689655,-0.020689655172413793,-0.8482758620689655,-0.06206896551724138,-0.5448275862068965,0.0,-0.593103448275862,0.027586206896551724,-0.7655172413793103,-0.2413793103448276,-0.7793103448275862,-0.2827586206896552,-0.5172413793103449,-0.2,-0.5586206896551724,-0.16551724137931034,-0.6620689655172414,-0.4413793103448276,-0.7034482758620689,-0.4896551724137931,-0.5103448275862069,-0.3931034482758621,-0.496551724137931,-0.33793103448275863
3,0.0,0.0,-0.1643835616438356,0.273972602739726,-0.4657534246575342,0.5136986301369864,-0.6643835616438356,0.7602739726027398,-0.7602739726027398,1.0,-0.8356164383561644,0.21232876712328766,-0.9383561643835616,0.15753424657534246,-0.6575342465753424,0.15753424657534246,-0.5958904109589042,0.1643835616438356,-0.821917808219178,-0.0273972602739726,-0.8561643835616438,-0.0547945205479452,-0.5616438356164384,-0.00684931506849315,-0.5753424657534246,0.02054794520547945,-0.7397260273972602,-0.2465753424657534,-0.7808219178082192,-0.2808219178082192,-0.5273972602739726,-0.2054794520547945,-0.547945205479452,-0.17123287671232876,-0.636986301369863,-0.4383561643835616,-0.7054794520547946,-0.4931506849315068,-0.5136986301369864,-0.4041095890410959,-0.4863013698630137,-0.3424657534246575
3,0.0,0.0,-0.1724137931034483,0.2689655172413793,-0.45517241379310347,0.5172413793103449,-0.6551724137931034,0.7586206896551724,-0.7448275862068966,1.0,-0.8344827586206897,0.2206896551724138,-0.9517241379310345,0.15862068965517243,-0.6689655172413793,0.15862068965517243,-0.6,0.16551724137931034,-0.8275862068965517,-0.027586206896551724,-0.8758620689655172,-0.05517241379310345,-0.5724137931034483,-0.013793103448275862,-0.5862068965517241,0.013793103448275862,-0.7517241379310344,-0.2482758620689655,-0.8,-0.2827586206896552,-0.5379310344827586,-0.21379310344827587,-0.5517241379310345,-0.1793103448275862,-0.6551724137931034,-0.4413793103448276,-0.7310344827586207,-0.496551724137931,-0.5310344827586206,-0.4068965517241379,-0.496551724137931,-0.3448275862068966
3,0.0,0.0,-0.16891891891891891,0.2702702702702703,-0.4527027027027027,0.5135135135135135,-0.6418918918918919,0.7635135135135135,-0.722972972972973,1.0,-0.831081081081081,0.22972972972972974,-0.9256756756756757,0.16891891891891891,-0.6486486486486487,0.16216216216216217,-0.6013513513513513,0.16891891891891891,-0.8243243243243243,-0.013513513513513514,-0.8581081081081081,-0.0472972972972973,-0.5608108108108109,0.0,-0.5878378378378378,0.02702702702702703,-0.75,-0.22972972972972974,-0.7905405405405406,-0.2635135135135135,-0.527027027027027,-0.20270270270270271,-0.5472972972972973,-0.16216216216216217,-0.6554054054054054,-0.43243243243243246,-0.7162162162162162,-0.47297297297297297,-0.527027027027027,-0.38513513513513514,-0.49324324324324326,-0.3310810810810811
3,0.0,0.0,-0.1793103448275862,0.27586206896551724,-0.4689655172413793,0.5172413793103449,-0.6689655172413793,0.7586206896551724,-0.7586206896551724,1.0,-0.8482758620689655,0.20689655172413793,-0.9241379310344827,0.15172413793103448,-0.6482758620689655,0.15862068965517243,-0.6,0.1724137931034483,-0.8206896551724138,-0.027586206896551724,-0.8551724137931035,-0.06206896551724138,-0.5586206896551724,-0.006896551724137931,-0.5862068965517241,0.013793103448275862,-0.7448275862068966,-0.2482758620689655,-0.7793103448275862,-0.2827586206896552,-0.5241379310344828,-0.20689655172413793,-0.5517241379310345,-0.1724137931034483,-0.6482758620689655,-0.4482758620689655,-0.7103448275862069,-0.496551724137931,-0.5241379310344828,-0.4,-0.496551724137931,-0.33793103448275863
3,0.0,0.0,-0.1724137931034483,0.2689655172413793,-0.46206896551724136,0.5103448275862069,-0.6482758620689655,0.7655172413793103,-0.7379310344827587,1.0,-0.8620689655172413,0.20689655172413793,-0.8758620689655172,0.16551724137931034,-0.6137931034482759,0.1793103448275862,-0.5862068965517241,0.18620689655172415,-0.8551724137931035,-0.034482758620689655,-0.7931034482758621,-0.05517241379310345,-0.5172413793103449,0.006896551724137931,-0.5586206896551724,0.027586206896551724,-0.7655172413793103,-0.25517241379310346,-0.7241379310344828,-0.2689655172413793,-0.4827586206896552,-0.19310344827586207,-0.5241379310344828,-0.16551724137931034,-0.6620689655172414,-0.45517241379310347,-0.6689655172413793,-0.4827586206896552,-0.4896551724137931,-0.38620689655172413,-0.47586206896551725,-0.3310344827586207
3,0.0,0.0,-0.1780821917808219,0.273972602739726,-0.4657534246575342,0.5205479452054794,-0.6506849315068494,0.7602739726027398,-0.7328767123287672,1.0,-0.8835616438356164,0.21232876712328766,-0.863013698630137,0.1780821917808219,-0.6095890410958904,0.18493150684931506,-0.589041095890411,0.1917808219178082,-0.8767123287671232,-0.0273972602739726,-0.7808219178082192,-0.0410958904109589,-0.5136986301369864,0.0136986301369863,-0.5616438356164384,0.03424657534246575,-0.7945205479452054,-0.23972602739726026,-0.7191780821917808,-0.2465753424657534,-0.4863013698630137,-0.18493150684931506,-0.5273972602739726,-0.1506849315068493,-0.684931506849315,-0.4383561643835616,-0.678082191780822,-0.4589041095890411,-0.5,-0.3698630136986301,-0.4931506849315068,-0.3150684931506849
3,0.0,0.0,-0.18243243243243243,0.27702702702702703,-0.46621621621621623,0.5202702702702703,-0.6486486486486487,0.7635135135135135,-0.7364864864864865,1.0,-0.8513513513513513,0.21621621621621623,-0.8648648648648649,0.16891891891891891,-0.6081081081081081,0.18243243243243243,-0.5945945945945946,0.1891891891891892,-0.8445945945945946,-0.02027027027027027,-0.7905405405405406,-0.033783783783783786,-0.5135135135135135,0.013513513513513514,-0.5675675675675675,0.033783783783783786,-0.7635135135135135,-0.24324324324324326,-0.722972972972973,-0.25,-0.4864864864864865,-0.18243243243243243,-0.5337837837837838,-0.1554054054054054,-0.668918918918919,-0.4391891891891892,-0.668918918918919,-0.4594594594594595,-0.49324324324324326,-0.36486486486486486,-0.4864864864864865,-0.32432432432432434
3,0.0,0.0,-0.18493150684931506,0.2808219178082192,-0.4657534246575342,0.5273972602739726,-0.6575342465753424,0.7602739726027398,-0.7465753424657534,1.0,-0.8767123287671232,0.22602739726027396,-0.8835616438356164,0.17123287671232876,-0.6232876712328768,0.1780821917808219,-0.5958904109589042,0.2054794520547945,-0.863013698630137,-0.00684931506849315,-0.8082191780821918,-0.03424657534246575,-0.5342465753424658,0.0136986301369863,-0.5753424657534246,0.04794520547945205,-0.7876712328767124,-0.22602739726027396,-0.7397260273972602,-0.2465753424657534,-0.5,-0.18493150684931506,-0.541095890410959,-0.14383561643835616,-0.684931506849315,-0.4246575342465753,-0.6986301369863014,-0.4589041095890411,-0.5205479452054794,-0.3767123287671233,-0.5068493150684932,-0.3150684931506849
3,0.0,0.0,-0.18493150684931506,0.273972602739726,-0.4726027397260274,0.5273972602739726,-0.6712328767123288,0.7671232876712328,-0.7808219178082192,1.0,-0.8972602739726028,0.2191780821917808,-0.8767123287671232,0.1643835616438356,-0.6232876712328768,0.1780821917808219,-0.6232876712328768,0.19863013698630136,-0.8835616438356164,-0.02054794520547945,-0.8082191780821918,-0.04794520547945205,-0.5273972602739726,0.00684931506849315,-0.589041095890411,0.0410958904109589,-0.7945205479452054,-0.23972602739726026,-0.7397260273972602,-0.2671232876712329,-0.5,-0.1917808219178082,-0.547945205479452,-0.1506849315068493,-0.684931506849315,-0.4383561643835616,-0.6917808219178082,-0.4726027397260274,-0.5136986301369864,-0.3835616438356164,-0.5068493150684932,-0.3287671232876712
3,0.0,0.0,-0.20422535211267606,0.28169014084507044,-0.5,0.5211267605633803,-0.704225352112676,0.7605633802816901,-0.795774647887324,1.0,-0.9366197183098591,0.21830985915492956,-0.9154929577464789,0.16901408450704225,-0.6549295774647887,0.18309859154929578,-0.6408450704225352,0.20422535211267606,-0.9225352112676056,-0.02112676056338028,-0.8309859154929577,-0.04225352112676056,-0.5563380281690141,0.007042253521126761,-0.6056338028169014,0.04929577464788732,-0.8309859154929577,-0.24647887323943662,-0.7676056338028169,-0.2605633802816901,-0.528169014084507,-0.19718309859154928,-0.5633802816901409,-0.15492957746478872,-0.7112676056338029,-0.4507042253521127,-0.7253521126760564,-0.4859154929577465,-0.5422535211267606,-0.39436619718309857,-0.528169014084507,-0.3380281690140845
3,0.0,0.0,-0.19858156028368795,0.28368794326241137,-0.5035460992907801,0.5319148936170213,-0.7163120567375887,0.7730496453900709,-0.8226950354609929,1.0,-0.9219858156028369,0.23404255319148937,-0.8936170212765957,0.18439716312056736,-0.6453900709219859,0.19858156028368795,-0.6382978723404256,0.2127659574468085,-0.9148936170212766,-0.02127659574468085,-0.8297872340425532,-0.03546099290780142,-0.5602836879432624,0.014184397163120567,-0.6099290780141844,0.0425531914893617,-0.8297872340425532,-0.24822695035460993,-0.7588652482269503,-0.2624113475177305,-0.524822695035461,-0.19148936170212766,-0.5602836879432624,-0.16312056737588654,-0.7092198581560284,-0.45390070921985815,-0.7092198581560284,-0.48226950354609927,-0.524822695035461,-0.3971631205673759,-0.5177304964539007,-0.3475177304964539
3,0.0,0.0,-0.21897810218978103,0.291970802919708,-0.5401459854014599,0.5328467153284672,-0.7591240875912408,0.7664233576642335,-0.8832116788321168,1.0,-0.9343065693430657,0.23357664233576642,-0.9708029197080292,0.18248175182481752,-0.7007299270072993,0.1897810218978102,-0.656934306569343,0.19708029197080293,-0.9124087591240876,-0.014598540145985401,-0.8759124087591241,-0.0364963503649635,-0.5912408759124088,0.0072992700729927005,-0.6204379562043796,0.043795620437956206,-0.8248175182481752,-0.24817518248175183,-0.8175182481751825,-0.26277372262773724,-0.5620437956204379,-0.20437956204379562,-0.583941605839416,-0.1678832116788321,-0.708029197080292,-0.45985401459854014,-0.7737226277372263,-0.49635036496350365,-0.583941605839416,-0.40875912408759124,-0.5547445255474452,-0.35036496350364965
3,0.0,0.0,-0.20863309352517986,0.28776978417266186,-0.539568345323741,0.5251798561151079,-0.7697841726618705,0.7482014388489209,-0.9064748201438849,0.9568345323741008,-0.8561151079136691,0.2302158273381295,-1.0,0.2014388489208633,-0.7410071942446043,0.19424460431654678,-0.6546762589928058,0.19424460431654678,-0.8345323741007195,-0.007194244604316547,-0.9064748201438849,-0.02877697841726619,-0.6115107913669064,0.0,-0.5899280575539568,0.02877697841726619,-0.762589928057554,-0.23741007194244604,-0.841726618705036,-0.2589928057553957,-0.5755395683453237,-0.20863309352517986,-0.5611510791366906,-0.17266187050359713,-0.6618705035971223,-0.4460431654676259,-0.7913669064748201,-0.4892086330935252,-0.5899280575539568,-0.41007194244604317,-0.539568345323741,-0.3597122302158273
3,0.0,0.0,-0.2152777777777778,0.2777777777777778,-0.5486111111111112,0.5069444444444444,-0.7847222222222222,0.7013888888888888,-0.9236111111111112,0.8958333333333334,-0.8263888888888888,0.2222222222222222,-1.0,0.2013888888888889,-0.75,0.1875,-0.6597222222222222,0.18055555555555555,-0.8055555555555556,-0.006944444444444444,-0.9097222222222222,-0.020833333333333332,-0.625,0.006944444444444444,-0.5972222222222222,0.020833333333333332,-0.7361111111111112,-0.2222222222222222,-0.8472222222222222,-0.25,-0.5902777777777778,-0.19444444444444445,-0.5625,-0.16666666666666666,-0.6458333333333334,-0.4236111111111111,-0.7847222222222222,-0.4722222222222222,-0.5972222222222222,-0.3888888888888889,-0.5416666666666666,-0.3402777777777778
3,0.0,0.0,-0.21379310344827587,0.27586206896551724,-0.5655172413793104,0.4896551724137931,-0.8137931034482758,0.6758620689655173,-0.9517241379310345,0.8689655172413793,-0.8275862068965517,0.2206896551724138,-1.0,0.19310344827586207,-0.7586206896551724,0.1793103448275862,-0.6620689655172414,0.1724137931034483,-0.8137931034482758,-0.013793103448275862,-0.9241379310344827,-0.027586206896551724,-0.6344827586206897,-0.006896551724137931,-0.6,0.013793103448275862,-0.7517241379310344,-0.23448275862068965,-0.8620689655172413,-0.25517241379310346,-0.6,-0.20689655172413793,-0.5724137931034483,-0.1793103448275862,-0.6620689655172414,-0.43448275862068964,-0.8,-0.4689655172413793,-0.6137931034482759,-0.4,-0.5586206896551724,-0.3586206896551724
3,0.0,0.0,-0.22727272727272727,0.2662337662337662,-0.564935064935065,0.45454545454545453,-0.7987012987012987,0.6103896103896104,-0.9155844155844156,0.7662337662337663,-0.8376623376623377,0.21428571428571427,-1.0,0.17532467532467533,-0.7402597402597403,0.16883116883116883,-0.6493506493506493,0.18831168831168832,-0.8051948051948052,0.0,-0.922077922077922,-0.025974025974025976,-0.6298701298701299,0.006493506493506494,-0.6168831168831169,0.03896103896103896,-0.7402597402597403,-0.2077922077922078,-0.8636363636363636,-0.24025974025974026,-0.5909090909090909,-0.18181818181818182,-0.564935064935065,-0.14935064935064934,-0.6558441558441559,-0.3961038961038961,-0.7857142857142857,-0.44805194805194803,-0.5909090909090909,-0.37012987012987014,-0.538961038961039,-0.3181818181818182
3,0.0,0.0,-0.21232876712328766,0.2808219178082192,-0.547945205479452,0.4931506849315068,-0.7876712328767124,0.6575342465753424,-0.910958904109589,0.8287671232876712,-0.8082191780821918,0.22602739726027396,-1.0,0.1917808219178082,-0.7465753424657534,0.17123287671232876,-0.6232876712328768,0.17123287671232876,-0.7876712328767124,0.0,-0.8972602739726028,-0.0273972602739726,-0.6095890410958904,0.0,-0.5684931506849316,0.0410958904109589,-0.726027397260274,-0.21232876712328766,-0.8493150684931506,-0.2534246575342466,-0.5821917808219178,-0.19863013698630136,-0.5273972602739726,-0.1506849315068493,-0.636986301369863,-0.4041095890410959,-0.773972602739726,-0.4657534246575342,-0.5821917808219178,-0.3835616438356164,-0.5136986301369864,-0.3150684931506849
3,0.0,0.0,-0.21232876712328766,0.2808219178082192,-0.5616438356164384,0.4931506849315068,-0.815068493150685,0.6643835616438356,-0.9383561643835616,0.8561643835616438,-0.8561643835616438,0.23972602739726026,-1.0,0.18493150684931506,-0.7191780821917808,0.17123287671232876,-0.6506849315068494,0.1917808219178082,-0.8424657534246576,0.00684931506849315,-0.910958904109589,-0.0273972602739726,-0.6095890410958904,0.0,-0.6164383561643836,0.04794520547945205,-0.773972602739726,-0.21232876712328766,-0.8561643835616438,-0.2534246575342466,-0.5821917808219178,-0.19863013698630136,-0.5684931506849316,-0.1506849315068493,-0.678082191780822,-0.410958904109589,-0.7808219178082192,-0.4794520547945205,-0.589041095890411,-0.3972602739726027,-0.541095890410959,-0.3287671232876712
3,0.0,0.0,-0.20833333333333334,0.2916666666666667,-0.5416666666666666,0.5,-0.7916666666666666,0.6805555555555556,-0.9236111111111112,0.8611111111111112,-0.8055555555555556,0.2361111111111111,-1.0,0.20833333333333334,-0.75,0.1736111111111111,-0.6319444444444444,0.1736111111111111,-0.7916666666666666,0.013888888888888888,-0.9166666666666666,-0.020833333333333332,-0.6180555555555556,0.0,-0.5763888888888888,0.041666666666666664,-0.7361111111111112,-0.20833333333333334,-0.8611111111111112,-0.25,-0.5902777777777778,-0.19444444444444445,-0.5347222222222222,-0.1388888888888889,-0.6458333333333334,-0.4097222222222222,-0.7847222222222222,-0.4652777777777778,-0.5902777777777778,-0.3888888888888889,-0.5208333333333334,-0.3125
3,0.0,0.0,-0.20408163265306123,0.2857142857142857,-0.5510204081632653,0.4965986394557823,-0.7959183673469388,0.6938775510204082,-0.9115646258503401,0.9047619047619048,-0.8639455782312925,0.25170068027210885,-1.0,0.19727891156462585,-0.7142857142857143,0.17687074829931973,-0.6462585034013606,0.19727891156462585,-0.8503401360544217,0.02040816326530612,-0.9047619047619048,-0.02040816326530612,-0.5986394557823129,0.013605442176870748,-0.6190476190476191,0.061224489795918366,-0.7755102040816326,-0.20408163265306123,-0.8435374149659864,-0.25170068027210885,-0.5782312925170068,-0.19047619047619047,-0.5714285714285714,-0.1360544217687075,-0.6802721088435374,-0.4013605442176871,-0.7755102040816326,-0.46258503401360546,-0.5850340136054422,-0.38095238095238093,-0.5374149659863946,-0.3129251700680272
3,0.0,0.0,-0.19718309859154928,0.2887323943661972,-0.5352112676056338,0.528169014084507,-0.7605633802816901,0.7394366197183099,-0.8802816901408451,0.9577464788732394,-0.8732394366197183,0.2535211267605634,-1.0,0.19014084507042253,-0.704225352112676,0.18309859154929578,-0.6338028169014085,0.20422535211267606,-0.852112676056338,0.014084507042253521,-0.9084507042253521,-0.035211267605633804,-0.5915492957746479,0.014084507042253521,-0.6056338028169014,0.06338028169014084,-0.7746478873239436,-0.21830985915492956,-0.8450704225352113,-0.2676056338028169,-0.5633802816901409,-0.19014084507042253,-0.5563380281690141,-0.13380281690140844,-0.6690140845070423,-0.4225352112676056,-0.7746478873239436,-0.4859154929577465,-0.5774647887323944,-0.3873239436619718,-0.5211267605633803,-0.30985915492957744
3,0.0,0.0,-0.2054794520547945,0.3013698630136986,-0.5342465753424658,0.5342465753424658,-0.7602739726027398,0.7465753424657534,-0.8767123287671232,0.9657534246575342,-0.8424657534246576,0.2602739726027397,-1.0,0.2054794520547945,-0.7123287671232876,0.19863013698630136,-0.6438356164383562,0.21232876712328766,-0.8287671232876712,0.02054794520547945,-0.9246575342465754,-0.0136986301369863,-0.6095890410958904,0.03424657534246575,-0.6301369863013698,0.06164383561643835,-0.773972602739726,-0.19863013698630136,-0.863013698630137,-0.23972602739726026,-0.5821917808219178,-0.1780821917808219,-0.589041095890411,-0.136986301369863,-0.6917808219178082,-0.3972602739726027,-0.7876712328767124,-0.4589041095890411,-0.589041095890411,-0.3698630136986301,-0.5547945205479452,-0.3150684931506849
3,0.0,0.0,-0.2013888888888889,0.2916666666666667,-0.5208333333333334,0.5347222222222222,-0.7430555555555556,0.7638888888888888,-0.8611111111111112,0.9861111111111112,-0.8402777777777778,0.24305555555555555,-1.0,0.19444444444444445,-0.7152777777777778,0.19444444444444445,-0.6388888888888888,0.2013888888888889,-0.8263888888888888,0.006944444444444444,-0.9305555555555556,-0.020833333333333332,-0.6111111111111112,0.020833333333333332,-0.6111111111111112,0.04861111111111111,-0.7569444444444444,-0.20833333333333334,-0.8680555555555556,-0.25,-0.5902777777777778,-0.18055555555555555,-0.5763888888888888,-0.14583333333333334,-0.6736111111111112,-0.4097222222222222,-0.7986111111111112,-0.4652777777777778,-0.5972222222222222,-0.375,-0.5416666666666666,-0.3125
3,0.0,0.0,-0.2,0.2896551724137931,-0.5172413793103449,0.5379310344827586,-0.7310344827586207,0.7724137931034483,-0.8482758620689655,1.0,-0.8275862068965517,0.2413793103448276,-0.993103448275862,0.20689655172413793,-0.7172413793103448,0.2,-0.6344827586206897,0.2,-0.8137931034482758,0.006896551724137931,-0.9310344827586207,-0.013793103448275862,-0.6137931034482759,0.027586206896551724,-0.6137931034482759,0.04827586206896552,-0.7517241379310344,-0.21379310344827587,-0.8689655172413793,-0.2482758620689655,-0.593103448275862,-0.1793103448275862,-0.5862068965517241,-0.15172413793103448,-0.6689655172413793,-0.41379310344827586,-0.7931034482758621,-0.4689655172413793,-0.593103448275862,-0.3793103448275862,-0.5448275862068965,-0.31724137931034485
3,0.0,0.0,-0.19863013698630136,0.273972602739726,-0.5068493150684932,0.5205479452054794,-0.7191780821917808,0.773972602739726,-0.8356164383561644,1.0,-0.8287671232876712,0.2191780821917808,-0.9931506849315068,0.18493150684931506,-0.726027397260274,0.18493150684931506,-0.636986301369863,0.18493150684931506,-0.815068493150685,-0.00684931506849315,-0.9315068493150684,-0.0273972602739726,-0.6232876712328768,0.0136986301369863,-0.6095890410958904,0.03424657534246575,-0.7534246575342466,-0.22602739726027396,-0.863013698630137,-0.2465753424657534,-0.6027397260273972,-0.1780821917808219,-0.589041095890411,-0.1506849315068493,-0.6712328767123288,-0.410958904109589,-0.8082191780821918,-0.4589041095890411,-0.6164383561643836,-0.3698630136986301,-0.5547945205479452,-0.3082191780821918
3,0.0,0.0,-0.18791946308724833,0.28187919463087246,-0.47651006711409394,0.5369127516778524,-0.6845637583892618,0.7785234899328859,-0.785234899328859,1.0,-0.8120805369127517,0.2348993288590604,-0.9261744966442953,0.19463087248322147,-0.6711409395973155,0.18791946308724833,-0.5973154362416108,0.18791946308724833,-0.8053691275167785,0.0,-0.87248322147651,-0.013422818791946308,-0.5771812080536913,0.020134228187919462,-0.5838926174496645,0.040268456375838924,-0.738255033557047,-0.2080536912751678,-0.8053691275167785,-0.2348993288590604,-0.5570469798657718,-0.174496644295302,-0.5570469798657718,-0.14093959731543623,-0.6510067114093959,-0.40268456375838924,-0.7516778523489933,-0.44966442953020136,-0.5704697986577181,-0.3624161073825503,-0.5234899328859061,-0.2953020134228188
3,0.0,0.0,-0.20408163265306123,0.2857142857142857,-0.4897959183673469,0.5306122448979592,-0.6938775510204082,0.7755102040816326,-0.8027210884353742,1.0,-0.8435374149659864,0.21768707482993196,-0.9659863945578231,0.1836734693877551,-0.7074829931972789,0.17687074829931973,-0.6258503401360545,0.17006802721088435,-0.8367346938775511,-0.013605442176870748,-0.891156462585034,-0.027210884353741496,-0.5918367346938775,0.013605442176870748,-0.5918367346938775,0.013605442176870748,-0.7755102040816326,-0.22448979591836735,-0.8299319727891157,-0.24489795918367346,-0.5782312925170068,-0.17687074829931973,-0.5714285714285714,-0.16326530612244897,-0.6802721088435374,-0.41496598639455784,-0.782312925170068,-0.4489795918367347,-0.5918367346938775,-0.36054421768707484,-0.54421768707483,-0.3129251700680272
3,0.0,0.0,-0.19594594594594594,0.27702702702702703,-0.4797297297297297,0.527027027027027,-0.6824324324324325,0.777027027027027,-0.777027027027027,1.0,-0.8175675675675675,0.22972972972972974,-0.9459459459459459,0.20945945945945946,-0.6959459459459459,0.19594594594594594,-0.6081081081081081,0.1891891891891892,-0.8108108108108109,0.0,-0.8851351351351351,0.0,-0.5945945945945946,0.02027027027027027,-0.5945945945945946,0.02702702702702703,-0.7567567567567568,-0.21621621621621623,-0.8108108108108109,-0.22297297297297297,-0.5608108108108109,-0.17567567567567569,-0.5675675675675675,-0.16216216216216217,-0.668918918918919,-0.41216216216216217,-0.75,-0.4391891891891892,-0.5675675675675675,-0.35135135135135137,-0.5337837837837838,-0.3108108108108108
3,0.0,0.0,-0.17006802721088435,0.272108843537415,-0.4489795918367347,0.5306122448979592,-0.6462585034013606,0.7755102040816326,-0.7551020408163265,1.0,-0.8095238095238095,0.25170068027210885,-0.9455782312925171,0.21768707482993196,-0.6870748299319728,0.19727891156462585,-0.5986394557823129,0.19047619047619047,-0.8095238095238095,0.013605442176870748,-0.8707482993197279,0.0,-0.5782312925170068,0.02040816326530612,-0.5782312925170068,0.034013605442176874,-0.7551020408163265,-0.2108843537414966,-0.8027210884353742,-0.22448979591836735,-0.5510204081632653,-0.17687074829931973,-0.5578231292517006,-0.14285714285714285,-0.673469387755102,-0.40816326530612246,-0.7551020408163265,-0.4421768707482993,-0.5714285714285714,-0.36054421768707484,-0.5238095238095238,-0.30612244897959184
3,0.0,0.0,-0.16216216216216217,0.28378378378378377,-0.44594594594594594,0.5405405405405406,-0.6351351351351351,0.7837837837837838,-0.7297297297297297,1.0,-0.7972972972972973,0.2635135135135135,-0.9391891891891891,0.22297297297297297,-0.6891891891891891,0.20270270270270271,-0.5878378378378378,0.19594594594594594,-0.7905405405405406,0.02702702702702703,-0.8716216216216216,0.006756756756756757,-0.581081081081081,0.02702702702702703,-0.5540540540540541,0.0472972972972973,-0.7297297297297297,-0.20270270270270271,-0.7972972972972973,-0.22297297297297297,-0.5472972972972973,-0.16891891891891891,-0.527027027027027,-0.13513513513513514,-0.6486486486486487,-0.40540540540540543,-0.7432432432432432,-0.4391891891891892,-0.5540540540540541,-0.3581081081081081,-0.5,-0.30405405405405406
3,0.0,0.0,-0.1736111111111111,0.2777777777777778,-0.4652777777777778,0.5347222222222222,-0.6597222222222222,0.7777777777777778,-0.7569444444444444,1.0,-0.8263888888888888,0.25,-0.9722222222222222,0.2222222222222222,-0.7083333333333334,0.2152777777777778,-0.6041666666666666,0.20833333333333334,-0.8125,0.006944444444444444,-0.9027777777777778,-0.006944444444444444,-0.6041666666666666,0.034722222222222224,-0.5694444444444444,0.04861111111111111,-0.75,-0.2152777777777778,-0.8333333333333334,-0.2361111111111111,-0.5694444444444444,-0.1736111111111111,-0.5486111111111112,-0.1527777777777778,-0.6527777777777778,-0.4166666666666667,-0.7708333333333334,-0.4583333333333333,-0.5763888888888888,-0.3680555555555556,-0.5138888888888888,-0.3263888888888889
3,0.0,0.0,-0.1888111888111888,0.27972027972027974,-0.4825174825174825,0.5384615384615384,-0.6783216783216783,0.7762237762237763,-0.7692307692307693,1.0,-0.8531468531468531,0.2517482517482518,-0.986013986013986,0.21678321678321677,-0.7202797202797203,0.2097902097902098,-0.6293706293706294,0.20279720279720279,-0.8391608391608392,0.006993006993006993,-0.9020979020979021,-0.006993006993006993,-0.6153846153846154,0.027972027972027972,-0.6013986013986014,0.04895104895104895,-0.7762237762237763,-0.21678321678321677,-0.8321678321678322,-0.23776223776223776,-0.5734265734265734,-0.18181818181818182,-0.5664335664335665,-0.15384615384615385,-0.6783216783216783,-0.42657342657342656,-0.7762237762237763,-0.46153846153846156,-0.5804195804195804,-0.3776223776223776,-0.5314685314685315,-0.32867132867132864
3,0.0,0.0,-0.19858156028368795,0.28368794326241137,-0.49645390070921985,0.5319148936170213,-0.7092198581560284,0.7730496453900709,-0.7943262411347518,1.0,-0.900709219858156,0.24113475177304963,-0.950354609929078,0.19148936170212766,-0.6808510638297872,0.19148936170212766,-0.6382978723404256,0.20567375886524822,-0.8865248226950354,0.0,-0.8794326241134752,-0.028368794326241134,-0.5886524822695035,0.014184397163120567,-0.6170212765957447,0.0425531914893617,-0.8085106382978723,-0.23404255319148937,-0.8226950354609929,-0.2553191489361702,-0.5673758865248227,-0.19148936170212766,-0.5815602836879432,-0.15602836879432624,-0.6950354609929078,-0.4397163120567376,-0.7730496453900709,-0.48226950354609927,-0.5815602836879432,-0.3971631205673759,-0.5460992907801419,-0.3404255319148936
3,0.0,0.0,-0.1888111888111888,0.27972027972027974,-0.48951048951048953,0.5244755244755245,-0.6993006993006993,0.7692307692307693,-0.7832167832167832,1.0,-0.9090909090909091,0.24475524475524477,-0.9020979020979021,0.1888111888111888,-0.6503496503496503,0.1888111888111888,-0.6293706293706294,0.2097902097902098,-0.9020979020979021,0.0,-0.8461538461538461,-0.03496503496503497,-0.5664335664335665,0.02097902097902098,-0.6013986013986014,0.055944055944055944,-0.8111888111888111,-0.22377622377622378,-0.7902097902097902,-0.2517482517482518,-0.5384615384615384,-0.18181818181818182,-0.5594405594405595,-0.14685314685314685,-0.6993006993006993,-0.42657342657342656,-0.7412587412587412,-0.46853146853146854,-0.5524475524475524,-0.3776223776223776,-0.5244755244755245,-0.32167832167832167
3,0.0,0.0,-0.1875,0.2708333333333333,-0.4930555555555556,0.5138888888888888,-0.7013888888888888,0.7638888888888888,-0.8055555555555556,1.0,-0.9097222222222222,0.22916666666666666,-0.9166666666666666,0.18055555555555555,-0.6527777777777778,0.18055555555555555,-0.6180555555555556,0.1875,-0.9027777777777778,-0.006944444444444444,-0.8472222222222222,-0.04861111111111111,-0.5625,0.013888888888888888,-0.5972222222222222,0.034722222222222224,-0.8125,-0.22916666666666666,-0.7777777777777778,-0.2708333333333333,-0.5277777777777778,-0.1875,-0.5625,-0.1527777777777778,-0.6944444444444444,-0.4305555555555556,-0.7361111111111112,-0.4791666666666667,-0.5486111111111112,-0.3819444444444444,-0.5208333333333334,-0.3194444444444444
3,0.0,0.0,-0.19718309859154928,0.28169014084507044,-0.5070422535211268,0.5140845070422535,-0.7183098591549296,0.7605633802816901,-0.823943661971831,1.0,-0.9014084507042254,0.22535211267605634,-0.9507042253521126,0.1619718309859155,-0.676056338028169,0.16901408450704225,-0.6338028169014085,0.176056338028169,-0.8802816901408451,-0.014084507042253521,-0.8661971830985915,-0.056338028169014086,-0.5774647887323944,0.007042253521126761,-0.6197183098591549,0.035211267605633804,-0.7887323943661971,-0.23943661971830985,-0.8028169014084507,-0.28169014084507044,-0.5492957746478874,-0.19718309859154928,-0.5774647887323944,-0.1619718309859155,-0.6830985915492958,-0.4295774647887324,-0.7535211267605634,-0.49295774647887325,-0.5563380281690141,-0.39436619718309857,-0.528169014084507,-0.33098591549295775
3,0.0,0.0,-0.2,0.2714285714285714,-0.5142857142857142,0.5142857142857142,-0.7357142857142858,0.7571428571428571,-0.85,1.0,-0.9,0.20714285714285716,-0.9785714285714285,0.14285714285714285,-0.6928571428571428,0.15714285714285714,-0.65,0.17142857142857143,-0.8714285714285714,-0.02857142857142857,-0.8785714285714286,-0.07142857142857142,-0.5785714285714286,-0.007142857142857143,-0.6285714285714286,0.02142857142857143,-0.7785714285714286,-0.25,-0.8071428571428572,-0.29285714285714287,-0.55,-0.20714285714285716,-0.5857142857142857,-0.17142857142857143,-0.6785714285714286,-0.45,-0.75,-0.5071428571428571,-0.5571428571428572,-0.4,-0.5357142857142857,-0.34285714285714286
3,0.0,0.0,-0.18705035971223022,0.2733812949640288,-0.49640287769784175,0.5179856115107914,-0.7266187050359713,0.762589928057554,-0.8489208633093526,1.0,-0.8776978417266187,0.20863309352517986,-0.9424460431654677,0.14388489208633093,-0.6690647482014388,0.15827338129496402,-0.6258992805755396,0.17266187050359713,-0.8489208633093526,-0.02877697841726619,-0.8561151079136691,-0.07194244604316546,-0.5611510791366906,-0.007194244604316547,-0.6115107913669064,0.02158273381294964,-0.762589928057554,-0.2517985611510791,-0.7913669064748201,-0.302158273381295,-0.5323741007194245,-0.20863309352517986,-0.5611510791366906,-0.16546762589928057,-0.6618705035971223,-0.45323741007194246,-0.7338129496402878,-0.5107913669064749,-0.539568345323741,-0.41007194244604317,-0.5107913669064749,-0.35251798561151076
3,0.0,0.0,-0.21014492753623187,0.2826086956521739,-0.5362318840579711,0.5144927536231884,-0.7608695652173914,0.7536231884057971,-0.8768115942028986,1.0,-0.8695652173913043,0.2028985507246377,-0.9855072463768116,0.13768115942028986,-0.6884057971014492,0.15942028985507245,-0.644927536231884,0.17391304347826086,-0.8405797101449275,-0.043478260869565216,-0.8913043478260869,-0.07246376811594203,-0.5797101449275363,-0.007246376811594203,-0.6304347826086957,0.021739130434782608,-0.7608695652173914,-0.26811594202898553,-0.8260869565217391,-0.30434782608695654,-0.5579710144927537,-0.21014492753623187,-0.5869565217391305,-0.18115942028985507,-0.6594202898550725,-0.463768115942029,-0.7536231884057971,-0.5217391304347826,-0.5579710144927537,-0.41304347826086957,-0.5217391304347826,-0.36231884057971014
3,0.0,0.0,-0.2116788321167883,0.27007299270072993,-0.5328467153284672,0.5109489051094891,-0.7737226277372263,0.7445255474452555,-0.9051094890510949,0.9781021897810219,-0.8759124087591241,0.1897810218978102,-1.0,0.13138686131386862,-0.708029197080292,0.145985401459854,-0.6496350364963503,0.15328467153284672,-0.8467153284671532,-0.051094890510948905,-0.9051094890510949,-0.08029197080291971,-0.5912408759124088,-0.0072992700729927005,-0.635036496350365,0.0072992700729927005,-0.7664233576642335,-0.27007299270072993,-0.8248175182481752,-0.30656934306569344,-0.5620437956204379,-0.21897810218978103,-0.583941605839416,-0.1897810218978102,-0.6642335766423357,-0.46715328467153283,-0.7591240875912408,-0.5182481751824818,-0.5620437956204379,-0.41605839416058393,-0.5255474452554745,-0.36496350364963503
3,0.0,0.0,-0.21481481481481482,0.2740740740740741,-0.5407407407407407,0.5111111111111111,-0.7851851851851852,0.7555555555555555,-0.9111111111111111,1.0,-0.8962962962962963,0.1925925925925926,-0.9925925925925926,0.1259259259259259,-0.6962962962962963,0.14814814814814814,-0.6592592592592592,0.16296296296296298,-0.8592592592592593,-0.05925925925925926,-0.8962962962962963,-0.08888888888888889,-0.5925925925925926,-0.022222222222222223,-0.6444444444444445,0.007407407407407408,-0.7703703703703704,-0.2814814814814815,-0.8222222222222222,-0.3111111111111111,-0.5555555555555556,-0.22962962962962963,-0.6,-0.2,-0.674074074074074,-0.48148148148148145,-0.7407407407407407,-0.5259259259259259,-0.5407407407407407,-0.42962962962962964,-0.5259259259259259,-0.37777777777777777
3,0.0,0.0,-0.2222222222222222,0.2740740740740741,-0.5481481481481482,0.4962962962962963,-0.7925925925925926,0.7333333333333333,-0.9185185185185185,0.9777777777777777,-0.8888888888888888,0.17777777777777778,-1.0,0.1111111111111111,-0.6962962962962963,0.13333333333333333,-0.6518518518518519,0.14814814814814814,-0.8518518518518519,-0.06666666666666667,-0.8962962962962963,-0.1037037037037037,-0.5851851851851851,-0.02962962962962963,-0.6370370370370371,0.0,-0.762962962962963,-0.28888888888888886,-0.8222222222222222,-0.32592592592592595,-0.5555555555555556,-0.23703703703703705,-0.5851851851851851,-0.2074074074074074,-0.6592592592592592,-0.48148148148148145,-0.7407407407407407,-0.5481481481481482,-0.5481481481481482,-0.43703703703703706,-0.5259259259259259,-0.3851851851851852
3,0.0,0.0,-0.22388059701492538,0.27611940298507465,-0.5597014925373134,0.5074626865671642,-0.8059701492537313,0.746268656716418,-0.9253731343283582,0.9850746268656716,-0.9104477611940298,0.1791044776119403,-1.0,0.11194029850746269,-0.7089552238805971,0.13432835820895522,-0.6567164179104478,0.14925373134328357,-0.8731343283582089,-0.06716417910447761,-0.9029850746268657,-0.09701492537313433,-0.5895522388059702,-0.022388059701492536,-0.6417910447761194,0.0,-0.7835820895522388,-0.291044776119403,-0.8208955223880597,-0.3283582089552239,-0.5522388059701493,-0.23134328358208955,-0.582089552238806,-0.20149253731343283,-0.6716417910447762,-0.48507462686567165,-0.7388059701492538,-0.5373134328358209,-0.5447761194029851,-0.43283582089552236,-0.5223880597014925,-0.373134328358209
3,0.0,0.0,-0.22388059701492538,0.26865671641791045,-0.5522388059701493,0.5,-0.7910447761194029,0.7388059701492538,-0.917910447761194,0.9776119402985075,-0.8656716417910447,0.17164179104477612,-1.0,0.11194029850746269,-0.7014925373134329,0.13432835820895522,-0.6492537313432836,0.1417910447761194,-0.8283582089552238,-0.07462686567164178,-0.9029850746268657,-0.09701492537313433,-0.5895522388059702,-0.03731343283582089,-0.6268656716417911,-0.014925373134328358,-0.7388059701492538,-0.291044776119403,-0.8134328358208955,-0.3283582089552239,-0.5447761194029851,-0.2462686567164179,-0.5671641791044776,-0.21641791044776118,-0.6417910447761194,-0.48507462686567165,-0.7313432835820896,-0.5373134328358209,-0.5373134328358209,-0.44029850746268656,-0.5,-0.3880597014925373
3,0.0,0.0,-0.22388059701492538,0.2835820895522388,-0.5522388059701493,0.5149253731343284,-0.7910447761194029,0.753731343283582,-0.917910447761194,0.9925373134328358,-0.917910447761194,0.19402985074626866,-1.0,0.13432835820895522,-0.7014925373134329,0.15671641791044777,-0.6716417910447762,0.1791044776119403,-0.8731343283582089,-0.05223880597014925,-0.9029850746268657,-0.08208955223880597,-0.5895522388059702,-0.007462686567164179,-0.6417910447761194,0.014925373134328358,-0.7761194029850746,-0.27611940298507465,-0.8134328358208955,-0.30597014925373134,-0.5447761194029851,-0.21641791044776118,-0.582089552238806,-0.1865671641791045,-0.6716417910447762,-0.4701492537313433,-0.7313432835820896,-0.5149253731343284,-0.5298507462686567,-0.41044776119402987,-0.5149253731343284,-0.3656716417910448
3,0.0,0.0,-0.23880597014925373,0.27611940298507465,-0.5746268656716418,0.5074626865671642,-0.8059701492537313,0.746268656716418,-0.9253731343283582,0.9850746268656716,-0.9029850746268657,0.1865671641791045,-1.0,0.12686567164179105,-0.7089552238805971,0.14925373134328357,-0.664179104477612,0.16417910447761194,-0.8582089552238806,-0.05970149253731343,-0.9104477611940298,-0.08955223880597014,-0.6044776119402985,-0.022388059701492536,-0.6417910447761194,0.007462686567164179,-0.7611940298507462,-0.2835820895522388,-0.8208955223880597,-0.3208955223880597,-0.5597014925373134,-0.23880597014925373,-0.582089552238806,-0.20149253731343283,-0.6567164179104478,-0.48507462686567165,-0.7388059701492538,-0.5447761194029851,-0.5522388059701493,-0.43283582089552236,-0.5223880597014925,-0.373134328358209
3,0.0,0.0,-0.23529411764705882,0.2647058823529412,-0.5661764705882353,0.49264705882352944,-0.8014705882352942,0.7279411764705882,-0.9191176470588235,0.9632352941176471,-0.9411764705882353,0.17647058823529413,-1.0,0.11029411764705882,-0.7058823529411765,0.1323529411764706,-0.6691176470588235,0.15441176470588236,-0.8970588235294118,-0.058823529411764705,-0.8970588235294118,-0.09558823529411764,-0.5955882352941176,-0.03676470588235294,-0.6397058823529411,0.0,-0.7941176470588235,-0.27941176470588236,-0.8161764705882353,-0.3161764705882353,-0.5588235294117647,-0.2426470588235294,-0.5808823529411765,-0.20588235294117646,-0.6764705882352942,-0.47794117647058826,-0.75,-0.5294117647058824,-0.5588235294117647,-0.4338235294117647,-0.5294117647058824,-0.38235294117647056
3,0.0,0.0,-0.22794117647058823,0.27941176470588236,-0.5588235294117647,0.5,-0.7941176470588235,0.7352941176470589,-0.9044117647058824,0.9705882352941176,-0.9191176470588235,0.19117647058823528,-1.0,0.125,-0.7132352941176471,0.13970588235294118,-0.6544117647058824,0.16176470588235295,-0.8823529411764706,-0.051470588235294115,-0.9044117647058824,-0.08823529411764706,-0.6029411764705882,-0.029411764705882353,-0.6176470588235294,0.007352941176470588,-0.7794117647058824,-0.27205882352941174,-0.8308823529411765,-0.3161764705882353,-0.5661764705882353,-0.2426470588235294,-0.5588235294117647,-0.19852941176470587,-0.6544117647058824,-0.47794117647058826,-0.75,-0.5367647058823529,-0.5588235294117647,-0.4411764705882353,-0.5147058823529411,-0.38235294117647056
3,0.0,0.0,-0.24087591240875914,0.27007299270072993,-0.5693430656934306,0.5036496350364964,-0.7956204379562044,0.7372262773722628,-0.9051094890510949,0.9708029197080292,-0.9343065693430657,0.1897810218978102,-1.0,0.12408759124087591,-0.7153284671532847,0.1386861313868613,-0.6861313868613139,0.15328467153284672,-0.8978102189781022,-0.051094890510948905,-0.9051094890510949,-0.08759124087591241,-0.6131386861313869,-0.029197080291970802,-0.6496350364963503,0.0,-0.8029197080291971,-0.2773722627737226,-0.8321167883211679,-0.30656934306569344,-0.5766423357664233,-0.23357664233576642,-0.5912408759124088,-0.19708029197080293,-0.6861313868613139,-0.4744525547445255,-0.7591240875912408,-0.5255474452554745,-0.5693430656934306,-0.4306569343065693,-0.5401459854014599,-0.3722627737226277
3,0.0,0.0,-0.2302158273381295,0.2805755395683453,-0.5539568345323741,0.5179856115107914,-0.7697841726618705,0.7482014388489209,-0.8848920863309353,0.9712230215827338,-0.8920863309352518,0.19424460431654678,-1.0,0.1366906474820144,-0.7266187050359713,0.1510791366906475,-0.6546762589928058,0.17266187050359713,-0.8561151079136691,-0.03597122302158273,-0.8992805755395683,-0.07194244604316546,-0.6115107913669064,-0.014388489208633094,-0.6187050359712231,0.014388489208633094,-0.762589928057554,-0.2517985611510791,-0.8273381294964028,-0.28776978417266186,-0.5755395683453237,-0.22302158273381295,-0.5683453237410072,-0.18705035971223022,-0.6474820143884892,-0.4460431654676259,-0.7697841726618705,-0.5035971223021583,-0.5755395683453237,-0.41007194244604317,-0.5251798561151079,-0.35251798561151076
3,0.0,0.0,-0.22142857142857142,0.2857142857142857,-0.5285714285714286,0.5214285714285715,-0.7571428571428571,0.7571428571428571,-0.8714285714285714,0.9857142857142858,-0.8642857142857143,0.20714285714285716,-1.0,0.15714285714285714,-0.7285714285714285,0.17142857142857143,-0.65,0.18571428571428572,-0.8357142857142857,-0.02142857142857143,-0.9,-0.05,-0.6071428571428571,-0.007142857142857143,-0.6142857142857143,0.02142857142857143,-0.7571428571428571,-0.2357142857142857,-0.8428571428571429,-0.2714285714285714,-0.5785714285714286,-0.20714285714285716,-0.5714285714285714,-0.17142857142857143,-0.6642857142857143,-0.4357142857142857,-0.7857142857142857,-0.4785714285714286,-0.5857142857142857,-0.39285714285714285,-0.5357142857142857,-0.34285714285714286
3,0.0,0.0,-0.21428571428571427,0.2857142857142857,-0.5285714285714286,0.5285714285714286,-0.7428571428571429,0.7642857142857142,-0.8571428571428571,1.0,-0.85,0.22142857142857142,-1.0,0.18571428571428572,-0.7357142857142858,0.18571428571428572,-0.6571428571428571,0.18571428571428572,-0.8285714285714286,-0.007142857142857143,-0.9142857142857143,-0.02857142857142857,-0.6214285714285714,0.007142857142857143,-0.6142857142857143,0.02142857142857143,-0.7571428571428571,-0.22857142857142856,-0.8642857142857143,-0.2571428571428571,-0.6,-0.2,-0.5785714285714286,-0.17142857142857143,-0.6571428571428571,-0.4357142857142857,-0.7928571428571428,-0.4714285714285714,-0.6,-0.38571428571428573,-0.5357142857142857,-0.3357142857142857
3,0.0,0.0,-0.20833333333333334,0.2847222222222222,-0.5,0.5416666666666666,-0.7013888888888888,0.7777777777777778,-0.8055555555555556,1.0,-0.8333333333333334,0.22916666666666666,-0.9513888888888888,0.20833333333333334,-0.7013888888888888,0.2013888888888889,-0.6180555555555556,0.19444444444444445,-0.8194444444444444,0.006944444444444444,-0.8819444444444444,-0.006944444444444444,-0.6041666666666666,0.013888888888888888,-0.5763888888888888,0.027777777777777776,-0.7569444444444444,-0.20833333333333334,-0.8402777777777778,-0.2222222222222222,-0.5833333333333334,-0.1736111111111111,-0.5486111111111112,-0.1527777777777778,-0.6597222222222222,-0.4027777777777778,-0.7916666666666666,-0.4305555555555556,-0.5972222222222222,-0.3472222222222222,-0.5277777777777778,-0.2986111111111111
3,0.0,0.0,-0.19444444444444445,0.2847222222222222,-0.4930555555555556,0.5416666666666666,-0.6944444444444444,0.7777777777777778,-0.7916666666666666,1.0,-0.8263888888888888,0.25,-0.9652777777777778,0.2152777777777778,-0.7152777777777778,0.20833333333333334,-0.6180555555555556,0.2152777777777778,-0.8125,0.027777777777777776,-0.9027777777777778,0.013888888888888888,-0.6111111111111112,0.034722222222222224,-0.5833333333333334,0.05555555555555555,-0.7430555555555556,-0.18055555555555555,-0.8541666666666666,-0.2013888888888889,-0.5902777777777778,-0.16666666666666666,-0.5555555555555556,-0.13194444444444445,-0.6527777777777778,-0.3819444444444444,-0.7847222222222222,-0.4236111111111111,-0.5902777777777778,-0.3472222222222222,-0.5347222222222222,-0.2916666666666667
3,0.0,0.0,-0.1917808219178082,0.2945205479452055,-0.4863013698630137,0.547945205479452,-0.6917808219178082,0.7808219178082192,-0.7876712328767124,1.0,-0.815068493150685,0.2671232876712329,-0.9726027397260274,0.22602739726027396,-0.7123287671232876,0.2054794520547945,-0.6164383561643836,0.2191780821917808,-0.8013698630136986,0.04794520547945205,-0.9041095890410958,0.0273972602739726,-0.6232876712328768,0.0410958904109589,-0.5958904109589042,0.0684931506849315,-0.7465753424657534,-0.1643835616438356,-0.863013698630137,-0.1917808219178082,-0.6027397260273972,-0.1506849315068493,-0.5684931506849316,-0.11643835616438356,-0.6575342465753424,-0.3561643835616438,-0.7945205479452054,-0.3972602739726027,-0.6095890410958904,-0.3287671232876712,-0.547945205479452,-0.273972602739726
3,0.0,0.0,-0.20134228187919462,0.2953020134228188,-0.48322147651006714,0.5503355704697986,-0.6778523489932886,0.785234899328859,-0.7651006711409396,1.0,-0.8053691275167785,0.2684563758389262,-0.959731543624161,0.24161073825503357,-0.697986577181208,0.21476510067114093,-0.6040268456375839,0.22818791946308725,-0.7986577181208053,0.053691275167785234,-0.8926174496644296,0.040268456375838924,-0.610738255033557,0.04697986577181208,-0.5838926174496645,0.0738255033557047,-0.7449664429530202,-0.15436241610738255,-0.8590604026845637,-0.174496644295302,-0.6040268456375839,-0.14093959731543623,-0.5570469798657718,-0.10738255033557047,-0.6644295302013423,-0.3422818791946309,-0.7919463087248322,-0.37583892617449666,-0.6040268456375839,-0.3087248322147651,-0.5436241610738255,-0.26174496644295303
3,0.0,0.0,-0.18791946308724833,0.2953020134228188,-0.47651006711409394,0.5503355704697986,-0.6644295302013423,0.785234899328859,-0.7449664429530202,1.0,-0.8120805369127517,0.28187919463087246,-0.9530201342281879,0.2483221476510067,-0.697986577181208,0.2214765100671141,-0.6040268456375839,0.22818791946308725,-0.8053691275167785,0.06040268456375839,-0.8859060402684564,0.04697986577181208,-0.6040268456375839,0.053691275167785234,-0.5838926174496645,0.08053691275167785,-0.7516778523489933,-0.1476510067114094,-0.8456375838926175,-0.1610738255033557,-0.5838926174496645,-0.1342281879194631,-0.5503355704697986,-0.10067114093959731,-0.6644295302013423,-0.3422818791946309,-0.785234899328859,-0.37583892617449666,-0.5906040268456376,-0.3087248322147651,-0.5369127516778524,-0.26174496644295303
3,0.0,0.0,-0.17880794701986755,0.2980132450331126,-0.4503311258278146,0.5562913907284768,-0.6357615894039735,0.7814569536423841,-0.7218543046357616,1.0,-0.7947019867549668,0.2847682119205298,-0.9271523178807947,0.2582781456953642,-0.6754966887417219,0.2251655629139073,-0.5827814569536424,0.2251655629139073,-0.7947019867549668,0.06622516556291391,-0.8609271523178808,0.052980132450331126,-0.5894039735099338,0.059602649006622516,-0.5629139072847682,0.07947019867549669,-0.7417218543046358,-0.1390728476821192,-0.8278145695364238,-0.152317880794702,-0.5761589403973509,-0.12582781456953643,-0.5364238410596026,-0.09271523178807947,-0.6622516556291391,-0.33774834437086093,-0.7814569536423841,-0.36423841059602646,-0.5960264900662252,-0.2980132450331126,-0.5298013245033113,-0.25165562913907286
3,0.0,0.0,-0.17419354838709677,0.3032258064516129,-0.44516129032258067,0.5548387096774193,-0.632258064516129,0.7870967741935484,-0.7161290322580646,1.0,-0.7741935483870968,0.2838709677419355,-0.9161290322580645,0.2709677419354839,-0.6645161290322581,0.23870967741935484,-0.5806451612903226,0.23225806451612904,-0.7806451612903226,0.07741935483870968,-0.8580645161290322,0.07741935483870968,-0.5806451612903226,0.07096774193548387,-0.567741935483871,0.08387096774193549,-0.7419354838709677,-0.12903225806451613,-0.8258064516129032,-0.12903225806451613,-0.5741935483870968,-0.1032258064516129,-0.5419354838709678,-0.08387096774193549,-0.6709677419354839,-0.3161290322580645,-0.7677419354838709,-0.33548387096774196,-0.5806451612903226,-0.2709677419354839,-0.5290322580645161,-0.23225806451612904
3,0.0,0.0,-0.19078947368421054,0.3026315789473684,-0.45394736842105265,0.5592105263157895,-0.631578947368421,0.7894736842105263,-0.7105263157894737,1.0,-0.7631578947368421,0.27631578947368424,-0.9342105263157895,0.2631578947368421,-0.6973684210526315,0.23026315789473684,-0.5855263157894737,0.23026315789473684,-0.7697368421052632,0.06578947368421052,-0.881578947368421,0.05921052631578947,-0.6118421052631579,0.06578947368421052,-0.5592105263157895,0.07894736842105263,-0.7236842105263158,-0.14473684210526316,-0.8486842105263158,-0.15789473684210525,-0.5986842105263158,-0.11842105263157894,-0.5328947368421053,-0.09210526315789473,-0.6513157894736842,-0.3355263157894737,-0.7828947368421053,-0.3618421052631579,-0.5986842105263158,-0.2894736842105263,-0.5263157894736842,-0.24342105263157895
3,0.0,0.0,-0.1830065359477124,0.29411764705882354,-0.45751633986928103,0.5555555555555556,-0.6405228758169934,0.7908496732026143,-0.7254901960784313,1.0,-0.7843137254901961,0.2875816993464052,-0.9411764705882353,0.27450980392156865,-0.6928104575163399,0.24183006535947713,-0.5947712418300654,0.23529411764705882,-0.7973856209150327,0.0718954248366013,-0.8823529411764706,0.06535947712418301,-0.6078431372549019,0.0718954248366013,-0.5816993464052288,0.08496732026143791,-0.7516339869281046,-0.13725490196078433,-0.8431372549019608,-0.1503267973856209,-0.5947712418300654,-0.11764705882352941,-0.5620915032679739,-0.0915032679738562,-0.6797385620915033,-0.3333333333333333,-0.7908496732026143,-0.35947712418300654,-0.6013071895424836,-0.29411764705882354,-0.5424836601307189,-0.24836601307189543
3,0.0,0.0,-0.1870967741935484,0.3032258064516129,-0.4645161290322581,0.5612903225806452,-0.6451612903225806,0.7935483870967742,-0.7225806451612903,1.0,-0.7741935483870968,0.2903225806451613,-0.9354838709677419,0.27741935483870966,-0.6967741935483871,0.24516129032258063,-0.6,0.23870967741935484,-0.7935483870967742,0.08387096774193549,-0.8838709677419355,0.07741935483870968,-0.6064516129032258,0.07741935483870968,-0.5870967741935483,0.09032258064516129,-0.7483870967741936,-0.12258064516129032,-0.8451612903225807,-0.13548387096774195,-0.5935483870967742,-0.10967741935483871,-0.567741935483871,-0.08387096774193549,-0.6774193548387096,-0.3161290322580645,-0.8,-0.34838709677419355,-0.6129032258064516,-0.2838709677419355,-0.5548387096774193,-0.23870967741935484
3,0.0,0.0,-0.18,0.3,-0.44666666666666666,0.5666666666666667,-0.64,0.8,-0.7333333333333333,1.0,-0.7733333333333333,0.29333333333333333,-0.9466666666666667,0.2733333333333333,-0.7,0.24666666666666667,-0.5866666666666667,0.24,-0.78,0.07333333333333333,-0.88,0.06666666666666667,-0.5933333333333334,0.07333333333333333,-0.56,0.08666666666666667,-0.74,-0.14,-0.8466666666666667,-0.15333333333333332,-0.58,-0.12,-0.5466666666666666,-0.09333333333333334,-0.6666666666666666,-0.34,-0.7933333333333333,-0.36666666666666664,-0.5933333333333334,-0.29333333333333333,-0.5266666666666666,-0.25333333333333335
3,0.0,0.0,-0.1891891891891892,0.2905405405405405,-0.4797297297297297,0.5540540540540541,-0.668918918918919,0.7972972972972973,-0.7702702702702703,1.0,-0.8175675675675675,0.2702702702702703,-0.9932432432432432,0.2635135135135135,-0.7364864864864865,0.24324324324324326,-0.6216216216216216,0.23648648648648649,-0.8108108108108109,0.05405405405405406,-0.9459459459459459,0.0472972972972973,-0.6486486486486487,0.06756756756756757,-0.6148648648648649,0.08108108108108109,-0.7567567567567568,-0.1554054054054054,-0.8918918918918919,-0.17567567567567569,-0.6283783783783784,-0.13513513513513514,-0.5945945945945946,-0.10810810810810811,-0.6756756756756757,-0.35135135135135137,-0.8108108108108109,-0.3783783783783784,-0.6216216216216216,-0.3108108108108108,-0.5675675675675675,-0.2702702702702703
3,0.0,0.0,-0.19727891156462585,0.29931972789115646,-0.5034013605442177,0.5578231292517006,-0.7142857142857143,0.7891156462585034,-0.8095238095238095,1.0,-0.8639455782312925,0.272108843537415,-0.9863945578231292,0.25170068027210885,-0.7210884353741497,0.23129251700680273,-0.6394557823129252,0.23129251700680273,-0.8639455782312925,0.047619047619047616,-0.9387755102040817,0.04081632653061224,-0.6394557823129252,0.061224489795918366,-0.6326530612244898,0.07482993197278912,-0.8027210884353742,-0.17006802721088435,-0.891156462585034,-0.1836734693877551,-0.6258503401360545,-0.14285714285714285,-0.6122448979591837,-0.11564625850340136,-0.7074829931972789,-0.3673469387755102,-0.8163265306122449,-0.3945578231292517,-0.6258503401360545,-0.3197278911564626,-0.5782312925170068,-0.2789115646258503
3,0.0,0.0,-0.20270270270270271,0.2905405405405405,-0.5,0.5472972972972973,-0.7094594594594594,0.7837837837837838,-0.8243243243243243,1.0,-0.8513513513513513,0.2635135135135135,-0.9797297297297297,0.23648648648648649,-0.722972972972973,0.22297297297297297,-0.6418918918918919,0.22297297297297297,-0.8513513513513513,0.04054054054054054,-0.9391891891891891,0.02027027027027027,-0.6351351351351351,0.05405405405405406,-0.6216216216216216,0.06756756756756757,-0.7837837837837838,-0.17567567567567569,-0.8851351351351351,-0.20270270270270271,-0.6148648648648649,-0.1554054054054054,-0.5945945945945946,-0.12837837837837837,-0.6891891891891891,-0.3716216216216216,-0.8040540540540541,-0.41216216216216217,-0.6081081081081081,-0.33783783783783783,-0.5608108108108109,-0.2905405405405405
3,0.0,0.0,-0.21768707482993196,0.2925170068027211,-0.5170068027210885,0.54421768707483,-0.7346938775510204,0.7755102040816326,-0.8435374149659864,0.9931972789115646,-0.8367346938775511,0.24489795918367346,-1.0,0.22448979591836735,-0.7551020408163265,0.2108843537414966,-0.6530612244897959,0.20408163265306123,-0.8367346938775511,0.02040816326530612,-0.9251700680272109,0.013605442176870748,-0.6394557823129252,0.04081632653061224,-0.6190476190476191,0.04081632653061224,-0.782312925170068,-0.19727891156462585,-0.8775510204081632,-0.20408163265306123,-0.6190476190476191,-0.14965986394557823,-0.5986394557823129,-0.1360544217687075,-0.7006802721088435,-0.3945578231292517,-0.8299319727891157,-0.41496598639455784,-0.6394557823129252,-0.3333333333333333,-0.5782312925170068,-0.2925170068027211
3,0.0,0.0,-0.19727891156462585,0.2857142857142857,-0.5170068027210885,0.5374149659863946,-0.7346938775510204,0.7619047619047619,-0.8435374149659864,0.9727891156462585,-0.8367346938775511,0.25170068027210885,-1.0,0.21768707482993196,-0.7482993197278912,0.20408163265306123,-0.6394557823129252,0.19727891156462585,-0.8299319727891157,0.02040816326530612,-0.9387755102040817,0.0,-0.6462585034013606,0.02040816326530612,-0.6122448979591837,0.034013605442176874,-0.7755102040816326,-0.20408163265306123,-0.8639455782312925,-0.22448979591836735,-0.6054421768707483,-0.17687074829931973,-0.5782312925170068,-0.14965986394557823,-0.6870748299319728,-0.40816326530612246,-0.7959183673469388,-0.43537414965986393,-0.6054421768707483,-0.36054421768707484,-0.5510204081632653,-0.3129251700680272
3,0.0,0.0,-0.20270270270270271,0.2702702702702703,-0.5202702702702703,0.5135135135135135,-0.7364864864864865,0.7364864864864865,-0.8581081081081081,0.9459459459459459,-0.8513513513513513,0.22297297297297297,-1.0,0.20945945945945946,-0.7432432432432432,0.20270270270270271,-0.6418918918918919,0.1891891891891892,-0.8378378378378378,0.0,-0.9256756756756757,-0.006756756756756757,-0.6351351351351351,0.02702702702702703,-0.6081081081081081,0.02702702702702703,-0.7702702702702703,-0.21621621621621623,-0.8513513513513513,-0.22972972972972974,-0.5945945945945946,-0.16891891891891891,-0.5743243243243243,-0.1554054054054054,-0.6756756756756757,-0.41216216216216217,-0.7905405405405406,-0.43243243243243246,-0.5945945945945946,-0.35135135135135137,-0.5472972972972973,-0.31756756756756754
3,0.0,0.0,-0.20945945945945946,0.27702702702702703,-0.5337837837837838,0.5067567567567568,-0.75,0.7297297297297297,-0.8648648648648649,0.9391891891891891,-0.8513513513513513,0.21621621621621623,-1.0,0.1891891891891892,-0.7364864864864865,0.1891891891891892,-0.6418918918918919,0.18243243243243243,-0.8378378378378378,-0.013513513513513514,-0.918918918918919,-0.02027027027027027,-0.6283783783783784,0.02027027027027027,-0.6216216216216216,0.02702702702702703,-0.7635135135135135,-0.22297297297297297,-0.8445945945945946,-0.23648648648648649,-0.5878378378378378,-0.17567567567567569,-0.581081081081081,-0.16216216216216217,-0.668918918918919,-0.4189189189189189,-0.777027027027027,-0.44594594594594594,-0.581081081081081,-0.3581081081081081,-0.5405405405405406,-0.3310810810810811
3,0.0,0.0,-0.19310344827586207,0.2827586206896552,-0.5241379310344828,0.5172413793103449,-0.7448275862068966,0.7379310344827587,-0.8620689655172413,0.9517241379310345,-0.8413793103448276,0.2206896551724138,-1.0,0.19310344827586207,-0.7310344827586207,0.19310344827586207,-0.6344827586206897,0.18620689655172415,-0.8275862068965517,-0.013793103448275862,-0.9103448275862069,-0.020689655172413793,-0.6137931034482759,0.020689655172413793,-0.6068965517241379,0.027586206896551724,-0.7586206896551724,-0.22758620689655173,-0.8344827586206897,-0.2482758620689655,-0.5724137931034483,-0.1793103448275862,-0.5655172413793104,-0.16551724137931034,-0.6551724137931034,-0.43448275862068964,-0.7724137931034483,-0.4689655172413793,-0.5724137931034483,-0.3793103448275862,-0.5310344827586206,-0.33793103448275863
3,0.0,0.0,-0.2054794520547945,0.2671232876712329,-0.5342465753424658,0.4931506849315068,-0.7602739726027398,0.7123287671232876,-0.8835616438356164,0.9246575342465754,-0.8698630136986302,0.2054794520547945,-1.0,0.1780821917808219,-0.7328767123287672,0.1780821917808219,-0.636986301369863,0.17123287671232876,-0.8493150684931506,-0.0273972602739726,-0.910958904109589,-0.03424657534246575,-0.6164383561643836,0.0136986301369863,-0.6164383561643836,0.02054794520547945,-0.773972602739726,-0.23972602739726026,-0.8287671232876712,-0.2534246575342466,-0.5684931506849316,-0.18493150684931506,-0.5753424657534246,-0.1643835616438356,-0.6712328767123288,-0.4383561643835616,-0.7671232876712328,-0.4657534246575342,-0.5684931506849316,-0.3767123287671233,-0.5273972602739726,-0.3424657534246575
3,0.0,0.0,-0.2152777777777778,0.2638888888888889,-0.5555555555555556,0.4861111111111111,-0.7916666666666666,0.7013888888888888,-0.9097222222222222,0.9166666666666666,-0.8958333333333334,0.19444444444444445,-1.0,0.1597222222222222,-0.7222222222222222,0.16666666666666666,-0.6527777777777778,0.1597222222222222,-0.875,-0.041666666666666664,-0.9166666666666666,-0.05555555555555555,-0.6180555555555556,-0.006944444444444444,-0.6319444444444444,0.006944444444444444,-0.7847222222222222,-0.2569444444444444,-0.8333333333333334,-0.2847222222222222,-0.5763888888888888,-0.20833333333333334,-0.5902777777777778,-0.1875,-0.6805555555555556,-0.4583333333333333,-0.7638888888888888,-0.4930555555555556,-0.5763888888888888,-0.4027777777777778,-0.5416666666666666,-0.3680555555555556
3,0.0,0.0,-0.21897810218978103,0.2773722627737226,-0.5693430656934306,0.5036496350364964,-0.8102189781021898,0.7299270072992701,-0.9343065693430657,0.9635036496350365,-0.948905109489051,0.1897810218978102,-1.0,0.1386861313868613,-0.7153284671532847,0.15328467153284672,-0.6715328467153284,0.15328467153284672,-0.9197080291970803,-0.058394160583941604,-0.9051094890510949,-0.08759124087591241,-0.6058394160583942,-0.021897810218978103,-0.6496350364963503,0.0,-0.8248175182481752,-0.2846715328467153,-0.8321167883211679,-0.31386861313868614,-0.5693430656934306,-0.22627737226277372,-0.6058394160583942,-0.19708029197080293,-0.708029197080292,-0.48905109489051096,-0.7591240875912408,-0.5401459854014599,-0.5693430656934306,-0.43795620437956206,-0.5547445255474452,-0.3795620437956204
3,0.0,0.0,-0.22377622377622378,0.26573426573426573,-0.5594405594405595,0.4755244755244755,-0.7972027972027972,0.6853146853146853,-0.916083916083916,0.9020979020979021,-0.8881118881118881,0.17482517482517482,-1.0,0.11188811188811189,-0.7202797202797203,0.13286713286713286,-0.6573426573426573,0.13986013986013987,-0.8461538461538461,-0.055944055944055944,-0.8951048951048951,-0.09090909090909091,-0.5944055944055944,-0.027972027972027972,-0.6223776223776224,0.0,-0.7552447552447552,-0.2727272727272727,-0.8111888111888111,-0.3076923076923077,-0.5524475524475524,-0.22377622377622378,-0.5734265734265734,-0.1888111888111888,-0.6433566433566433,-0.46153846153846156,-0.7412587412587412,-0.5244755244755245,-0.5524475524475524,-0.4195804195804196,-0.5174825174825175,-0.36363636363636365
3,0.0,0.0,-0.22302158273381295,0.2733812949640288,-0.5683453237410072,0.4892086330935252,-0.8129496402877698,0.7050359712230215,-0.935251798561151,0.9280575539568345,-0.9136690647482014,0.17985611510791366,-1.0,0.1223021582733813,-0.7266187050359713,0.1366906474820144,-0.6690647482014388,0.14388489208633093,-0.8705035971223022,-0.05755395683453238,-0.8992805755395683,-0.09352517985611511,-0.60431654676259,-0.02877697841726619,-0.6330935251798561,-0.007194244604316547,-0.7769784172661871,-0.2805755395683453,-0.8201438848920863,-0.3237410071942446,-0.5611510791366906,-0.2302158273381295,-0.5827338129496403,-0.19424460431654678,-0.6618705035971223,-0.4748201438848921,-0.7482014388489209,-0.539568345323741,-0.5539568345323741,-0.4316546762589928,-0.5251798561151079,-0.37410071942446044
3,0.0,0.0,-0.22142857142857142,0.2642857142857143,-0.5642857142857143,0.4714285714285714,-0.8142857142857143,0.6785714285714286,-0.9285714285714286,0.9,-0.8928571428571429,0.17142857142857143,-1.0,0.1,-0.7071428571428572,0.12142857142857143,-0.65,0.1357142857142857,-0.85,-0.07142857142857142,-0.8928571428571429,-0.10714285714285714,-0.5928571428571429,-0.03571428571428571,-0.6214285714285714,-0.007142857142857143,-0.7571428571428571,-0.2857142857142857,-0.8071428571428572,-0.32857142857142857,-0.55,-0.2357142857142857,-0.5714285714285714,-0.2,-0.65,-0.4785714285714286,-0.7357142857142858,-0.5428571428571428,-0.5428571428571428,-0.4357142857142857,-0.5142857142857142,-0.37857142857142856
3,0.0,0.0,-0.22302158273381295,0.2589928057553957,-0.5755395683453237,0.4676258992805755,-0.8273381294964028,0.6834532374100719,-0.9496402877697842,0.9064748201438849,-0.8848920863309353,0.17266187050359713,-1.0,0.1079136690647482,-0.7194244604316546,0.1223021582733813,-0.6618705035971223,0.12949640287769784,-0.8489208633093526,-0.06474820143884892,-0.9064748201438849,-0.1079136690647482,-0.60431654676259,-0.04316546762589928,-0.6330935251798561,-0.014388489208633094,-0.762589928057554,-0.28776978417266186,-0.8201438848920863,-0.3381294964028777,-0.5611510791366906,-0.2446043165467626,-0.5827338129496403,-0.2014388489208633,-0.6546762589928058,-0.48201438848920863,-0.7482014388489209,-0.5467625899280576,-0.5539568345323741,-0.4460431654676259,-0.5251798561151079,-0.381294964028777
3,0.0,0.0,-0.22695035460992907,0.2624113475177305,-0.574468085106383,0.46808510638297873,-0.8226950354609929,0.6808510638297872,-0.9574468085106383,0.900709219858156,-0.8652482269503546,0.15602836879432624,-1.0,0.09929078014184398,-0.7092198581560284,0.12056737588652482,-0.6524822695035462,0.1276595744680851,-0.8156028368794326,-0.07801418439716312,-0.900709219858156,-0.11347517730496454,-0.6028368794326241,-0.03546099290780142,-0.624113475177305,-0.014184397163120567,-0.723404255319149,-0.2907801418439716,-0.8085106382978723,-0.3262411347517731,-0.5460992907801419,-0.23404255319148937,-0.5673758865248227,-0.20567375886524822,-0.624113475177305,-0.48226950354609927,-0.723404255319149,-0.5390070921985816,-0.5319148936170213,-0.4326241134751773,-0.5035460992907801,-0.3829787234042553
3,0.0,0.0,-0.22302158273381295,0.26618705035971224,-0.5611510791366906,0.4748201438848921,-0.8129496402877698,0.6906474820143885,-0.9424460431654677,0.9136690647482014,-0.8848920863309353,0.15827338129496402,-1.0,0.10071942446043165,-0.7050359712230215,0.1223021582733813,-0.6474820143884892,0.1366906474820144,-0.8345323741007195,-0.07913669064748201,-0.8848920863309353,-0.1079136690647482,-0.5755395683453237,-0.03597122302158273,-0.60431654676259,-0.007194244604316547,-0.7410071942446043,-0.28776978417266186,-0.7913669064748201,-0.3237410071942446,-0.5251798561151079,-0.23741007194244604,-0.5467625899280576,-0.2014388489208633,-0.6258992805755396,-0.48201438848920863,-0.7050359712230215,-0.5323741007194245,-0.5107913669064749,-0.4244604316546763,-0.48201438848920863,-0.37410071942446044
3,0.0,0.0,-0.22302158273381295,0.2589928057553957,-0.5755395683453237,0.4748201438848921,-0.8201438848920863,0.6906474820143885,-0.9424460431654677,0.9064748201438849,-0.9280575539568345,0.16546762589928057,-1.0,0.1079136690647482,-0.7122302158273381,0.1223021582733813,-0.6618705035971223,0.1366906474820144,-0.8848920863309353,-0.07194244604316546,-0.8848920863309353,-0.10071942446043165,-0.5827338129496403,-0.03597122302158273,-0.6187050359712231,-0.007194244604316547,-0.7769784172661871,-0.2949640287769784,-0.7841726618705036,-0.3237410071942446,-0.5323741007194245,-0.23741007194244604,-0.5611510791366906,-0.20863309352517986,-0.6546762589928058,-0.49640287769784175,-0.697841726618705,-0.5323741007194245,-0.5107913669064749,-0.4316546762589928,-0.4892086330935252,-0.381294964028777
3,0.0,0.0,-0.23776223776223776,0.2517482517482518,-0.5734265734265734,0.46153846153846156,-0.8111888111888111,0.6783216783216783,-0.9370629370629371,0.8951048951048951,-0.9020979020979021,0.16083916083916083,-1.0,0.11188811188811189,-0.7202797202797203,0.1258741258741259,-0.6713286713286714,0.13986013986013987,-0.8601398601398601,-0.06993006993006994,-0.9020979020979021,-0.08391608391608392,-0.6013986013986014,-0.027972027972027972,-0.6293706293706294,0.0,-0.7622377622377622,-0.27972027972027974,-0.8111888111888111,-0.3076923076923077,-0.5454545454545454,-0.23076923076923078,-0.5594405594405595,-0.20279720279720279,-0.6503496503496503,-0.4755244755244755,-0.7272727272727273,-0.5104895104895105,-0.5314685314685315,-0.4195804195804196,-0.5104895104895105,-0.38461538461538464
3,0.0,0.0,-0.21428571428571427,0.2642857142857143,-0.5428571428571428,0.4857142857142857,-0.7928571428571428,0.6928571428571428,-0.9285714285714286,0.9142857142857143,-0.8785714285714286,0.17142857142857143,-1.0,0.12142857142857143,-0.7214285714285714,0.1357142857142857,-0.6428571428571429,0.14285714285714285,-0.8357142857142857,-0.06428571428571428,-0.8928571428571429,-0.09285714285714286,-0.5928571428571429,-0.03571428571428571,-0.5928571428571429,-0.007142857142857143,-0.7428571428571429,-0.2785714285714286,-0.8142857142857143,-0.3142857142857143,-0.5428571428571428,-0.2357142857142857,-0.5357142857142857,-0.2,-0.6285714285714286,-0.4785714285714286,-0.7285714285714285,-0.5285714285714286,-0.5357142857142857,-0.4357142857142857,-0.4928571428571429,-0.38571428571428573
3,0.0,0.0,-0.21678321678321677,0.2517482517482518,-0.5314685314685315,0.46853146853146854,-0.7692307692307693,0.6853146853146853,-0.9020979020979021,0.9020979020979021,-0.8391608391608392,0.17482517482517482,-1.0,0.13286713286713286,-0.7342657342657343,0.13286713286713286,-0.6363636363636364,0.14685314685314685,-0.8041958041958042,-0.04895104895104895,-0.8811188811188811,-0.07692307692307693,-0.5944055944055944,-0.03496503496503497,-0.5734265734265734,-0.006993006993006993,-0.7202797202797203,-0.26573426573426573,-0.8041958041958042,-0.2937062937062937,-0.5454545454545454,-0.23076923076923078,-0.5244755244755245,-0.1958041958041958,-0.6083916083916084,-0.46153846153846156,-0.7272727272727273,-0.5104895104895105,-0.5384615384615384,-0.42657342657342656,-0.48951048951048953,-0.3706293706293706
3,0.0,0.0,-0.21379310344827587,0.25517241379310346,-0.5448275862068965,0.4689655172413793,-0.7862068965517242,0.6896551724137931,-0.9241379310344827,0.8896551724137931,-0.8344827586206897,0.16551724137931034,-1.0,0.13793103448275862,-0.7379310344827587,0.14482758620689656,-0.6413793103448275,0.14482758620689656,-0.8,-0.05517241379310345,-0.896551724137931,-0.06896551724137931,-0.6068965517241379,-0.020689655172413793,-0.593103448275862,-0.006896551724137931,-0.7172413793103448,-0.2620689655172414,-0.8275862068965517,-0.2827586206896552,-0.5655172413793104,-0.2206896551724138,-0.5448275862068965,-0.19310344827586207,-0.6137931034482759,-0.45517241379310347,-0.7379310344827587,-0.496551724137931,-0.5517241379310345,-0.4068965517241379,-0.503448275862069,-0.3586206896551724
3,0.0,0.0,-0.21428571428571427,0.2714285714285714,-0.55,0.5,-0.7928571428571428,0.7214285714285714,-0.9214285714285714,0.9357142857142857,-0.8857142857142857,0.18571428571428572,-1.0,0.15,-0.7357142857142858,0.15,-0.6571428571428571,0.15,-0.8571428571428571,-0.05,-0.9285714285714286,-0.06428571428571428,-0.6214285714285714,-0.02142857142857143,-0.6071428571428571,-0.007142857142857143,-0.7714285714285715,-0.2642857142857143,-0.85,-0.29285714285714287,-0.5785714285714286,-0.22857142857142856,-0.5571428571428572,-0.19285714285714287,-0.65,-0.4642857142857143,-0.7642857142857142,-0.5071428571428571,-0.5642857142857143,-0.4142857142857143,-0.5214285714285715,-0.36428571428571427
3,0.0,0.0,-0.22602739726027396,0.2671232876712329,-0.541095890410959,0.4794520547945205,-0.773972602739726,0.6917808219178082,-0.8835616438356164,0.8904109589041096,-0.8356164383561644,0.1780821917808219,-1.0,0.14383561643835616,-0.7534246575342466,0.1506849315068493,-0.6575342465753424,0.1506849315068493,-0.815068493150685,-0.03424657534246575,-0.9246575342465754,-0.06164383561643835,-0.636986301369863,-0.02054794520547945,-0.6027397260273972,0.0,-0.7397260273972602,-0.2465753424657534,-0.8493150684931506,-0.2808219178082192,-0.5958904109589042,-0.21232876712328766,-0.5547945205479452,-0.1780821917808219,-0.6301369863013698,-0.4315068493150685,-0.773972602739726,-0.4794520547945205,-0.589041095890411,-0.3904109589041096,-0.5273972602739726,-0.3356164383561644
3,0.0,0.0,-0.20833333333333334,0.2708333333333333,-0.5208333333333334,0.4930555555555556,-0.7569444444444444,0.7013888888888888,-0.8680555555555556,0.9097222222222222,-0.8402777777777778,0.2013888888888889,-1.0,0.14583333333333334,-0.7361111111111112,0.1597222222222222,-0.6388888888888888,0.16666666666666666,-0.8125,-0.020833333333333332,-0.9236111111111112,-0.05555555555555555,-0.6319444444444444,-0.006944444444444444,-0.5972222222222222,0.020833333333333332,-0.7361111111111112,-0.2361111111111111,-0.8541666666666666,-0.2708333333333333,-0.5902777777777778,-0.2013888888888889,-0.5486111111111112,-0.16666666666666666,-0.6319444444444444,-0.4236111111111111,-0.7777777777777778,-0.4791666666666667,-0.5902777777777778,-0.3819444444444444,-0.5208333333333334,-0.3263888888888889
3,0.0,0.0,-0.2108843537414966,0.2857142857142857,-0.5374149659863946,0.5102040816326531,-0.7551020408163265,0.7210884353741497,-0.8503401360544217,0.9387755102040817,-0.8435374149659864,0.2108843537414966,-1.0,0.17006802721088435,-0.7346938775510204,0.17006802721088435,-0.6394557823129252,0.17687074829931973,-0.8231292517006803,-0.006802721088435374,-0.9047619047619048,-0.034013605442176874,-0.6258503401360545,0.0,-0.6054421768707483,0.027210884353741496,-0.7414965986394558,-0.21768707482993196,-0.8435374149659864,-0.25170068027210885,-0.5850340136054422,-0.19047619047619047,-0.54421768707483,-0.14965986394557823,-0.6326530612244898,-0.41496598639455784,-0.7619047619047619,-0.46258503401360546,-0.5714285714285714,-0.3741496598639456,-0.5170068027210885,-0.3129251700680272
3,0.0,0.0,-0.2108843537414966,0.2925170068027211,-0.5238095238095238,0.5306122448979592,-0.7414965986394558,0.7482993197278912,-0.8367346938775511,0.9591836734693877,-0.8435374149659864,0.22448979591836735,-1.0,0.19727891156462585,-0.7551020408163265,0.19047619047619047,-0.6598639455782312,0.19727891156462585,-0.8299319727891157,0.006802721088435374,-0.9183673469387755,-0.006802721088435374,-0.6462585034013606,0.02040816326530612,-0.6122448979591837,0.04081632653061224,-0.7551020408163265,-0.20408163265306123,-0.8639455782312925,-0.22448979591836735,-0.6054421768707483,-0.17687074829931973,-0.5510204081632653,-0.1360544217687075,-0.6462585034013606,-0.3945578231292517,-0.7755102040816326,-0.43537414965986393,-0.5918367346938775,-0.35374149659863946,-0.5170068027210885,-0.30612244897959184
3,0.0,0.0,-0.20666666666666667,0.29333333333333333,-0.5066666666666667,0.5333333333333333,-0.72,0.7533333333333333,-0.8133333333333334,0.96,-0.8466666666666667,0.23333333333333334,-1.0,0.21333333333333335,-0.7533333333333333,0.2,-0.66,0.20666666666666667,-0.8466666666666667,0.02,-0.9266666666666666,0.006666666666666667,-0.6533333333333333,0.02666666666666667,-0.62,0.05333333333333334,-0.78,-0.18666666666666668,-0.8666666666666667,-0.20666666666666667,-0.6066666666666667,-0.16,-0.5666666666666667,-0.12666666666666668,-0.68,-0.37333333333333335,-0.78,-0.4066666666666667,-0.5933333333333334,-0.32666666666666666,-0.5333333333333333,-0.2866666666666667
3,0.0,0.0,-0.20270270270270271,0.2905405405405405,-0.5067567567567568,0.5405405405405406,-0.7162162162162162,0.7567567567567568,-0.8040540540540541,0.9662162162162162,-0.831081081081081,0.24324324324324326,-1.0,0.22972972972972974,-0.7567567567567568,0.21621621621621623,-0.668918918918919,0.21621621621621623,-0.8378378378378378,0.033783783783783786,-0.9459459459459459,0.02027027027027027,-0.6621621621621622,0.04054054054054054,-0.6283783783783784,0.060810810810810814,-0.777027027027027,-0.18243243243243243,-0.8851351351351351,-0.20270270270270271,-0.6216216216216216,-0.1554054054054054,-0.5878378378378378,-0.12837837837837837,-0.6891891891891891,-0.3783783783783784,-0.8040540540540541,-0.40540540540540543,-0.6081081081081081,-0.3310810810810811,-0.5472972972972973,-0.2905405405405405
3,0.0,0.0,-0.21476510067114093,0.2953020134228188,-0.5100671140939598,0.5436241610738255,-0.7046979865771812,0.7718120805369127,-0.7919463087248322,0.9865771812080537,-0.825503355704698,0.2550335570469799,-1.0,0.2483221476510067,-0.7583892617449665,0.22818791946308725,-0.6711409395973155,0.22818791946308725,-0.825503355704698,0.04697986577181208,-0.9463087248322147,0.040268456375838924,-0.6644295302013423,0.053691275167785234,-0.6308724832214765,0.06711409395973154,-0.7718120805369127,-0.1610738255033557,-0.8859060402684564,-0.174496644295302,-0.6241610738255033,-0.1342281879194631,-0.5838926174496645,-0.11409395973154363,-0.6845637583892618,-0.35570469798657717,-0.8187919463087249,-0.3825503355704698,-0.6241610738255033,-0.3087248322147651,-0.5570469798657718,-0.2684563758389262
3,0.0,0.0,-0.20666666666666667,0.29333333333333333,-0.5066666666666667,0.5466666666666666,-0.7066666666666667,0.7733333333333333,-0.7866666666666666,0.9733333333333334,-0.8133333333333334,0.24666666666666667,-1.0,0.24,-0.76,0.22666666666666666,-0.6466666666666666,0.22666666666666666,-0.8133333333333334,0.04,-0.9466666666666667,0.04,-0.6733333333333333,0.05333333333333334,-0.6133333333333333,0.06666666666666667,-0.76,-0.16666666666666666,-0.8866666666666667,-0.18,-0.64,-0.14,-0.5733333333333334,-0.11333333333333333,-0.6733333333333333,-0.36,-0.8133333333333334,-0.38,-0.6333333333333333,-0.30666666666666664,-0.5533333333333333,-0.26
3,0.0,0.0,-0.22297297297297297,0.2972972972972973,-0.5337837837837838,0.5540540540540541,-0.7364864864864865,0.7905405405405406,-0.8175675675675675,1.0,-0.8513513513513513,0.2635135135135135,-1.0,0.2702702702702703,-0.7567567567567568,0.24324324324324326,-0.668918918918919,0.22972972972972974,-0.8648648648648649,0.0472972972972973,-0.9594594594594594,0.05405405405405406,-0.6756756756756757,0.060810810810810814,-0.6351351351351351,0.06756756756756757,-0.8040540540540541,-0.16891891891891891,-0.8986486486486487,-0.17567567567567569,-0.6418918918918919,-0.13513513513513514,-0.6013513513513513,-0.11486486486486487,-0.7027027027027027,-0.3716216216216216,-0.831081081081081,-0.3918918918918919,-0.6418918918918919,-0.31756756756756754,-0.581081081081081,-0.28378378378378377
3,0.0,0.0,-0.22666666666666666,0.29333333333333333,-0.5266666666666666,0.54,-0.7266666666666667,0.76,-0.8133333333333334,0.9733333333333334,-0.8266666666666667,0.23333333333333334,-1.0,0.24666666666666667,-0.7666666666666667,0.22666666666666666,-0.66,0.22,-0.8333333333333334,0.03333333333333333,-0.96,0.04,-0.6866666666666666,0.05333333333333334,-0.6266666666666667,0.06,-0.78,-0.17333333333333334,-0.9066666666666666,-0.18,-0.66,-0.14,-0.6,-0.12,-0.6866666666666666,-0.36666666666666664,-0.8333333333333334,-0.38666666666666666,-0.6466666666666666,-0.30666666666666664,-0.5733333333333334,-0.2733333333333333
3,0.0,0.0,-0.21476510067114093,0.2953020134228188,-0.5234899328859061,0.5436241610738255,-0.7315436241610739,0.7718120805369127,-0.8187919463087249,0.9865771812080537,-0.8322147651006712,0.2550335570469799,-1.0,0.24161073825503357,-0.7516778523489933,0.21476510067114093,-0.6442953020134228,0.21476510067114093,-0.8389261744966443,0.03355704697986577,-0.9530201342281879,0.03355704697986577,-0.6644295302013423,0.040268456375838924,-0.6241610738255033,0.06040268456375839,-0.7785234899328859,-0.18120805369127516,-0.8993288590604027,-0.19463087248322147,-0.6308724832214765,-0.1476510067114094,-0.5838926174496645,-0.12080536912751678,-0.6912751677852349,-0.37583892617449666,-0.8187919463087249,-0.40268456375838924,-0.6308724832214765,-0.3288590604026846,-0.5637583892617449,-0.28859060402684567
3,0.0,0.0,-0.20666666666666667,0.3,-0.52,0.54,-0.7333333333333333,0.7666666666666667,-0.82,0.98,-0.8133333333333334,0.25333333333333335,-1.0,0.23333333333333334,-0.7533333333333333,0.21333333333333335,-0.6266666666666667,0.21333333333333335,-0.8066666666666666,0.04,-0.9466666666666667,0.02666666666666667,-0.66,0.04,-0.6066666666666667,0.06,-0.7466666666666667,-0.16666666666666666,-0.8866666666666667,-0.19333333333333333,-0.6333333333333333,-0.14666666666666667,-0.58,-0.12,-0.6666666666666666,-0.36,-0.8066666666666666,-0.3933333333333333,-0.62,-0.32,-0.5533333333333333,-0.28
3,0.0,0.0,-0.2,0.2866666666666667,-0.5266666666666666,0.5333333333333333,-0.7333333333333333,0.7533333333333333,-0.8333333333333334,0.96,-0.8266666666666667,0.24,-1.0,0.22,-0.7466666666666667,0.20666666666666667,-0.62,0.20666666666666667,-0.82,0.02,-0.9266666666666666,0.006666666666666667,-0.64,0.04,-0.6,0.05333333333333334,-0.7533333333333333,-0.19333333333333333,-0.8733333333333333,-0.21333333333333335,-0.6133333333333333,-0.16,-0.5666666666666667,-0.13333333333333333,-0.6533333333333333,-0.38666666666666666,-0.7866666666666666,-0.42,-0.6,-0.34,-0.5333333333333333,-0.29333333333333333
3,0.0,0.0,-0.2,0.2733333333333333,-0.5266666666666666,0.52,-0.7533333333333333,0.7466666666666667,-0.86,0.9466666666666667,-0.8466666666666667,0.22,-1.0,0.2,-0.7333333333333333,0.19333333333333333,-0.6333333333333333,0.19333333333333333,-0.82,0.0,-0.94,-0.006666666666666667,-0.6333333333333333,0.02666666666666667,-0.6133333333333333,0.04,-0.7466666666666667,-0.21333333333333335,-0.88,-0.23333333333333334,-0.6066666666666667,-0.17333333333333334,-0.5733333333333334,-0.14666666666666667,-0.6466666666666666,-0.4066666666666667,-0.7866666666666666,-0.44,-0.5933333333333334,-0.36,-0.54,-0.31333333333333335
3,0.0,0.0,-0.2119205298013245,0.271523178807947,-0.5364238410596026,0.4966887417218543,-0.7549668874172185,0.7086092715231788,-0.8807947019867549,0.8940397350993378,-0.847682119205298,0.18543046357615894,-1.0,0.17218543046357615,-0.7549668874172185,0.17880794701986755,-0.6490066225165563,0.17218543046357615,-0.8278145695364238,-0.026490066225165563,-0.9403973509933775,-0.033112582781456956,-0.6423841059602649,0.006622516556291391,-0.609271523178808,0.019867549668874173,-0.7483443708609272,-0.23178807947019867,-0.8741721854304636,-0.25165562913907286,-0.609271523178808,-0.19205298013245034,-0.5827814569536424,-0.17218543046357615,-0.6423841059602649,-0.423841059602649,-0.7814569536423841,-0.45695364238410596,-0.5960264900662252,-0.36423841059602646,-0.543046357615894,-0.32450331125827814
3,0.0,0.0,-0.2119205298013245,0.26490066225165565,-0.5496688741721855,0.48344370860927155,-0.7814569536423841,0.695364238410596,-0.9072847682119205,0.8874172185430463,-0.8609271523178808,0.17880794701986755,-1.0,0.15894039735099338,-0.7483443708609272,0.16556291390728478,-0.6490066225165563,0.15894039735099338,-0.8410596026490066,-0.039735099337748346,-0.9470198675496688,-0.046357615894039736,-0.6423841059602649,-0.006622516556291391,-0.6158940397350994,0.0,-0.7682119205298014,-0.24503311258278146,-0.8675496688741722,-0.2582781456953642,-0.5960264900662252,-0.1986754966887417,-0.5761589403973509,-0.17880794701986755,-0.6688741721854304,-0.4304635761589404,-0.7814569536423841,-0.45695364238410596,-0.5894039735099338,-0.3708609271523179,-0.543046357615894,-0.33774834437086093
3,0.0,0.0,-0.21333333333333335,0.26,-0.5533333333333333,0.47333333333333333,-0.7866666666666666,0.68,-0.9066666666666666,0.88,-0.84,0.17333333333333334,-1.0,0.14666666666666667,-0.7466666666666667,0.14666666666666667,-0.64,0.14,-0.82,-0.04666666666666667,-0.9266666666666666,-0.06666666666666667,-0.64,-0.02666666666666667,-0.5933333333333334,-0.02,-0.74,-0.25333333333333335,-0.84,-0.28,-0.58,-0.21333333333333335,-0.5533333333333333,-0.19333333333333333,-0.64,-0.44,-0.7533333333333333,-0.48,-0.5666666666666667,-0.3933333333333333,-0.5133333333333333,-0.34
3,0.0,0.0,-0.21333333333333335,0.26,-0.5533333333333333,0.47333333333333333,-0.7933333333333333,0.6666666666666666,-0.92,0.8666666666666667,-0.8466666666666667,0.18,-1.0,0.14,-0.74,0.14,-0.6333333333333333,0.14666666666666667,-0.8133333333333334,-0.04666666666666667,-0.9333333333333333,-0.07333333333333333,-0.6333333333333333,-0.02,-0.6066666666666667,-0.006666666666666667,-0.7333333333333333,-0.26,-0.8466666666666667,-0.29333333333333333,-0.58,-0.22,-0.56,-0.18666666666666668,-0.6333333333333333,-0.44666666666666666,-0.7466666666666667,-0.49333333333333335,-0.56,-0.4066666666666667,-0.5133333333333333,-0.35333333333333333
3,0.0,0.0,-0.2012987012987013,0.2532467532467532,-0.5454545454545454,0.461038961038961,-0.7857142857142857,0.6493506493506493,-0.9155844155844156,0.8376623376623377,-0.8181818181818182,0.16233766233766234,-1.0,0.12987012987012986,-0.7467532467532467,0.14285714285714285,-0.6428571428571429,0.13636363636363635,-0.7857142857142857,-0.05194805194805195,-0.922077922077922,-0.07142857142857142,-0.6298701298701299,-0.01948051948051948,-0.5909090909090909,-0.012987012987012988,-0.7142857142857143,-0.24675324675324675,-0.8311688311688312,-0.2727272727272727,-0.5714285714285714,-0.2012987012987013,-0.551948051948052,-0.18181818181818182,-0.6168831168831169,-0.43506493506493504,-0.7467532467532467,-0.4805194805194805,-0.5584415584415584,-0.38311688311688313,-0.5064935064935064,-0.33766233766233766
3,0.0,0.0,-0.21052631578947367,0.2565789473684211,-0.5460526315789473,0.46710526315789475,-0.7894736842105263,0.6644736842105263,-0.9276315789473685,0.8618421052631579,-0.8223684210526315,0.16447368421052633,-1.0,0.125,-0.7368421052631579,0.13815789473684212,-0.6381578947368421,0.13815789473684212,-0.7960526315789473,-0.05263157894736842,-0.9078947368421053,-0.07894736842105263,-0.618421052631579,-0.02631578947368421,-0.6052631578947368,-0.006578947368421052,-0.7171052631578947,-0.2565789473684211,-0.8289473684210527,-0.2894736842105263,-0.5723684210526315,-0.21710526315789475,-0.5592105263157895,-0.19078947368421054,-0.618421052631579,-0.4407894736842105,-0.743421052631579,-0.4868421052631579,-0.5526315789473685,-0.39473684210526316,-0.506578947368421,-0.34868421052631576
3,0.0,0.0,-0.21428571428571427,0.24675324675324675,-0.551948051948052,0.44805194805194803,-0.7857142857142857,0.6428571428571429,-0.9090909090909091,0.8376623376623377,-0.8311688311688312,0.14935064935064934,-1.0,0.11038961038961038,-0.7402597402597403,0.12987012987012986,-0.6428571428571429,0.12987012987012986,-0.8051948051948052,-0.06493506493506493,-0.9090909090909091,-0.09090909090909091,-0.6233766233766234,-0.025974025974025976,-0.6103896103896104,-0.012987012987012988,-0.7207792207792207,-0.2662337662337662,-0.8181818181818182,-0.2987012987012987,-0.564935064935065,-0.21428571428571427,-0.5584415584415584,-0.19480519480519481,-0.6168831168831169,-0.44805194805194803,-0.7402597402597403,-0.4935064935064935,-0.551948051948052,-0.3961038961038961,-0.5064935064935064,-0.35064935064935066
3,0.0,0.0,-0.21476510067114093,0.2550335570469799,-0.5503355704697986,0.4563758389261745,-0.7919463087248322,0.6644295302013423,-0.9328859060402684,0.8657718120805369,-0.8590604026845637,0.15436241610738255,-1.0,0.11409395973154363,-0.7315436241610739,0.1342281879194631,-0.6510067114093959,0.12751677852348994,-0.825503355704698,-0.0738255033557047,-0.912751677852349,-0.09395973154362416,-0.6241610738255033,-0.026845637583892617,-0.6174496644295302,-0.013422818791946308,-0.7315436241610739,-0.2751677852348993,-0.8187919463087249,-0.3087248322147651,-0.5637583892617449,-0.2214765100671141,-0.5637583892617449,-0.19463087248322147,-0.6241610738255033,-0.46308724832214765,-0.738255033557047,-0.5100671140939598,-0.5503355704697986,-0.40939597315436244,-0.5100671140939598,-0.3624161073825503
3,0.0,0.0,-0.22297297297297297,0.25,-0.5743243243243243,0.4527027027027027,-0.8243243243243243,0.6486486486486487,-0.9459459459459459,0.8513513513513513,-0.8783783783783784,0.13513513513513514,-1.0,0.0945945945945946,-0.7364864864864865,0.11486486486486487,-0.668918918918919,0.11486486486486487,-0.831081081081081,-0.08783783783783784,-0.9054054054054054,-0.10810810810810811,-0.6148648648648649,-0.033783783783783786,-0.6283783783783784,-0.02027027027027027,-0.7364864864864865,-0.2905405405405405,-0.8108108108108109,-0.32432432432432434,-0.5540540540540541,-0.22297297297297297,-0.5608108108108109,-0.20270270270270271,-0.6216216216216216,-0.4797297297297297,-0.7297297297297297,-0.527027027027027,-0.5405405405405406,-0.4189189189189189,-0.5067567567567568,-0.3783783783783784
3,0.0,0.0,-0.22916666666666666,0.2638888888888889,-0.5625,0.4861111111111111,-0.8125,0.6944444444444444,-0.9583333333333334,0.9027777777777778,-0.8888888888888888,0.1597222222222222,-1.0,0.11805555555555555,-0.7083333333333334,0.14583333333333334,-0.6527777777777778,0.1527777777777778,-0.8263888888888888,-0.06944444444444445,-0.8958333333333334,-0.09027777777777778,-0.5972222222222222,-0.020833333333333332,-0.6180555555555556,0.0,-0.7291666666666666,-0.2777777777777778,-0.8055555555555556,-0.2986111111111111,-0.5347222222222222,-0.2152777777777778,-0.5555555555555556,-0.1875,-0.625,-0.4722222222222222,-0.7222222222222222,-0.5069444444444444,-0.5277777777777778,-0.4097222222222222,-0.5,-0.375
3,0.0,0.0,-0.21428571428571427,0.2642857142857143,-0.5571428571428572,0.4785714285714286,-0.8142857142857143,0.6928571428571428,-0.9642857142857143,0.9142857142857143,-0.8857142857142857,0.16428571428571428,-1.0,0.1,-0.7071428571428572,0.12142857142857143,-0.6428571428571429,0.1357142857142857,-0.8357142857142857,-0.08571428571428572,-0.8928571428571429,-0.11428571428571428,-0.5857142857142857,-0.03571428571428571,-0.6214285714285714,-0.014285714285714285,-0.7428571428571429,-0.3,-0.7928571428571428,-0.3357142857142857,-0.5214285714285715,-0.2357142857142857,-0.5571428571428572,-0.20714285714285716,-0.6357142857142857,-0.5,-0.7,-0.5428571428571428,-0.5071428571428571,-0.4357142857142857,-0.4928571428571429,-0.37857142857142856
3,0.0,0.0,-0.21897810218978103,0.2773722627737226,-0.5620437956204379,0.48905109489051096,-0.8248175182481752,0.708029197080292,-0.9708029197080292,0.9343065693430657,-0.9343065693430657,0.15328467153284672,-1.0,0.10218978102189781,-0.708029197080292,0.12408759124087591,-0.656934306569343,0.13138686131386862,-0.8905109489051095,-0.0948905109489051,-0.8832116788321168,-0.11678832116788321,-0.5766423357664233,-0.043795620437956206,-0.6131386861313869,-0.021897810218978103,-0.781021897810219,-0.31386861313868614,-0.781021897810219,-0.3357664233576642,-0.5182481751824818,-0.24817518248175183,-0.5620437956204379,-0.2116788321167883,-0.656934306569343,-0.5182481751824818,-0.7007299270072993,-0.5547445255474452,-0.5036496350364964,-0.44525547445255476,-0.49635036496350365,-0.38686131386861317
3,0.0,0.0,-0.2302158273381295,0.26618705035971224,-0.5755395683453237,0.48201438848920863,-0.8273381294964028,0.697841726618705,-0.9640287769784173,0.9280575539568345,-0.935251798561151,0.1510791366906475,-1.0,0.11510791366906475,-0.7122302158273381,0.12949640287769784,-0.6690647482014388,0.12949640287769784,-0.8992805755395683,-0.08633093525179857,-0.8848920863309353,-0.10071942446043165,-0.5827338129496403,-0.03597122302158273,-0.6258992805755396,-0.014388489208633094,-0.7913669064748201,-0.30935251798561153,-0.7985611510791367,-0.3237410071942446,-0.5323741007194245,-0.23741007194244604,-0.5683453237410072,-0.2158273381294964,-0.6618705035971223,-0.5035971223021583,-0.7122302158273381,-0.5323741007194245,-0.5251798561151079,-0.4316546762589928,-0.5035971223021583,-0.381294964028777
3,0.0,0.0,-0.22142857142857142,0.2642857142857143,-0.5642857142857143,0.4857142857142857,-0.8071428571428572,0.7,-0.9357142857142857,0.9214285714285714,-0.9142857142857143,0.17142857142857143,-1.0,0.11428571428571428,-0.7071428571428572,0.1357142857142857,-0.65,0.15,-0.8714285714285714,-0.07142857142857142,-0.8928571428571429,-0.09285714285714286,-0.5857142857142857,-0.02857142857142857,-0.6142857142857143,0.0,-0.7714285714285715,-0.29285714285714287,-0.7928571428571428,-0.3142857142857143,-0.5285714285714286,-0.22857142857142856,-0.5571428571428572,-0.2,-0.65,-0.4857142857142857,-0.7071428571428572,-0.5214285714285715,-0.5071428571428571,-0.42142857142857143,-0.4928571428571429,-0.37857142857142856
3,0.0,0.0,-0.2318840579710145,0.2753623188405797,-0.5652173913043478,0.5,-0.8115942028985508,0.717391304347826,-0.9420289855072463,0.9420289855072463,-0.927536231884058,0.18115942028985507,-1.0,0.13768115942028986,-0.717391304347826,0.14492753623188406,-0.6594202898550725,0.15217391304347827,-0.8985507246376812,-0.06521739130434782,-0.8913043478260869,-0.07971014492753623,-0.5869565217391305,-0.021739130434782608,-0.6086956521739131,0.0,-0.7971014492753623,-0.2898550724637681,-0.8043478260869565,-0.3115942028985507,-0.5362318840579711,-0.2318840579710145,-0.5507246376811594,-0.1956521739130435,-0.6739130434782609,-0.4927536231884058,-0.7246376811594203,-0.5217391304347826,-0.5289855072463768,-0.42028985507246375,-0.5,-0.3695652173913043
3,0.0,0.0,-0.2112676056338028,0.2676056338028169,-0.5492957746478874,0.4859154929577465,-0.7887323943661971,0.704225352112676,-0.9154929577464789,0.9225352112676056,-0.9014084507042254,0.18309859154929578,-1.0,0.14788732394366197,-0.7183098591549296,0.14788732394366197,-0.647887323943662,0.14788732394366197,-0.8732394366197183,-0.056338028169014086,-0.8943661971830986,-0.07042253521126761,-0.5915492957746479,-0.02112676056338028,-0.5915492957746479,0.0,-0.7816901408450704,-0.2746478873239437,-0.8028169014084507,-0.29577464788732394,-0.5352112676056338,-0.21830985915492956,-0.5352112676056338,-0.18309859154929578,-0.6619718309859155,-0.4788732394366197,-0.7183098591549296,-0.5070422535211268,-0.5211267605633803,-0.4084507042253521,-0.5,-0.3591549295774648
3,0.0,0.0,-0.2222222222222222,0.2569444444444444,-0.5486111111111112,0.4722222222222222,-0.7847222222222222,0.6805555555555556,-0.9166666666666666,0.9027777777777778,-0.8888888888888888,0.16666666666666666,-1.0,0.1388888888888889,-0.7291666666666666,0.1388888888888889,-0.6458333333333334,0.14583333333333334,-0.8680555555555556,-0.0625,-0.8888888888888888,-0.06944444444444445,-0.5972222222222222,-0.027777777777777776,-0.5902777777777778,-0.006944444444444444,-0.7777777777777778,-0.2777777777777778,-0.8125,-0.2916666666666667,-0.5555555555555556,-0.2222222222222222,-0.5416666666666666,-0.19444444444444445,-0.6597222222222222,-0.4791666666666667,-0.7361111111111112,-0.5,-0.5416666666666666,-0.4166666666666667,-0.5069444444444444,-0.3680555555555556
3,0.0,0.0,-0.22377622377622378,0.27972027972027974,-0.5454545454545454,0.5034965034965035,-0.7902097902097902,0.7132867132867133,-0.9230769230769231,0.9300699300699301,-0.8671328671328671,0.1888111888111888,-1.0,0.14685314685314685,-0.7272727272727273,0.15384615384615385,-0.6573426573426573,0.16083916083916083,-0.8321678321678322,-0.04195804195804196,-0.8951048951048951,-0.06993006993006994,-0.6083916083916084,-0.013986013986013986,-0.6013986013986014,0.006993006993006993,-0.7482517482517482,-0.26573426573426573,-0.8181818181818182,-0.2937062937062937,-0.5594405594405595,-0.21678321678321677,-0.5454545454545454,-0.1888111888111888,-0.6293706293706294,-0.46153846153846156,-0.7412587412587412,-0.5034965034965035,-0.5454545454545454,-0.4125874125874126,-0.5034965034965035,-0.35664335664335667
3,0.0,0.0,-0.22448979591836735,0.2653061224489796,-0.5510204081632653,0.4897959183673469,-0.782312925170068,0.7074829931972789,-0.9115646258503401,0.9115646258503401,-0.8435374149659864,0.17687074829931973,-1.0,0.14965986394557823,-0.7346938775510204,0.1564625850340136,-0.6394557823129252,0.1564625850340136,-0.8163265306122449,-0.047619047619047616,-0.891156462585034,-0.05442176870748299,-0.6054421768707483,-0.013605442176870748,-0.5782312925170068,0.0,-0.7346938775510204,-0.25170068027210885,-0.8163265306122449,-0.272108843537415,-0.564625850340136,-0.20408163265306123,-0.5306122448979592,-0.1836734693877551,-0.6258503401360545,-0.4489795918367347,-0.7414965986394558,-0.48299319727891155,-0.5578231292517006,-0.3877551020408163,-0.5034013605442177,-0.3401360544217687
3,0.0,0.0,-0.21232876712328766,0.2602739726027397,-0.541095890410959,0.4931506849315068,-0.773972602739726,0.7123287671232876,-0.9041095890410958,0.9315068493150684,-0.8424657534246576,0.1917808219178082,-1.0,0.17123287671232876,-0.7397260273972602,0.1643835616438356,-0.6438356164383562,0.15753424657534246,-0.815068493150685,-0.0410958904109589,-0.9041095890410958,-0.04794520547945205,-0.6095890410958904,-0.0136986301369863,-0.589041095890411,0.0,-0.7397260273972602,-0.2534246575342466,-0.8287671232876712,-0.2671232876712329,-0.5616438356164384,-0.21232876712328766,-0.541095890410959,-0.1917808219178082,-0.636986301369863,-0.4589041095890411,-0.7397260273972602,-0.4794520547945205,-0.547945205479452,-0.3972602739726027,-0.5068493150684932,-0.363013698630137
3,0.0,0.0,-0.22448979591836735,0.2653061224489796,-0.5578231292517006,0.4897959183673469,-0.7891156462585034,0.7142857142857143,-0.9115646258503401,0.9183673469387755,-0.8435374149659864,0.19047619047619047,-1.0,0.17006802721088435,-0.7414965986394558,0.17006802721088435,-0.6598639455782312,0.17006802721088435,-0.8231292517006803,-0.027210884353741496,-0.9183673469387755,-0.034013605442176874,-0.6258503401360545,0.0,-0.6054421768707483,0.006802721088435374,-0.7551020408163265,-0.24489795918367346,-0.8435374149659864,-0.25170068027210885,-0.5782312925170068,-0.19727891156462585,-0.5578231292517006,-0.17687074829931973,-0.6530612244897959,-0.4421768707482993,-0.7551020408163265,-0.4557823129251701,-0.564625850340136,-0.3741496598639456,-0.5170068027210885,-0.3401360544217687
3,0.0,0.0,-0.22,0.26,-0.5466666666666666,0.48,-0.78,0.6866666666666666,-0.9066666666666666,0.8866666666666667,-0.8333333333333334,0.18,-1.0,0.16,-0.7666666666666667,0.16,-0.6666666666666666,0.16,-0.8066666666666666,-0.03333333333333333,-0.9266666666666666,-0.04,-0.64,-0.006666666666666667,-0.6,0.0,-0.74,-0.24,-0.8533333333333334,-0.25333333333333335,-0.6,-0.2,-0.56,-0.18,-0.64,-0.43333333333333335,-0.7666666666666667,-0.46,-0.5866666666666667,-0.38,-0.5333333333333333,-0.34
3,0.0,0.0,-0.21232876712328766,0.2671232876712329,-0.5342465753424658,0.4931506849315068,-0.7671232876712328,0.7054794520547946,-0.8767123287671232,0.9178082191780822,-0.8356164383561644,0.1917808219178082,-1.0,0.1643835616438356,-0.7671232876712328,0.1643835616438356,-0.6506849315068494,0.1643835616438356,-0.815068493150685,-0.0273972602739726,-0.9246575342465754,-0.04794520547945205,-0.636986301369863,-0.0136986301369863,-0.5821917808219178,0.00684931506849315,-0.7397260273972602,-0.2328767123287671,-0.8561643835616438,-0.2602739726027397,-0.589041095890411,-0.2054794520547945,-0.547945205479452,-0.17123287671232876,-0.6438356164383562,-0.4315068493150685,-0.773972602739726,-0.4657534246575342,-0.5821917808219178,-0.3835616438356164,-0.5205479452054794,-0.3356164383561644
3,0.0,0.0,-0.21476510067114093,0.2751677852348993,-0.5503355704697986,0.5033557046979866,-0.7718120805369127,0.7114093959731543,-0.8926174496644296,0.912751677852349,-0.8389261744966443,0.19463087248322147,-1.0,0.174496644295302,-0.7516778523489933,0.16778523489932887,-0.6577181208053692,0.16778523489932887,-0.825503355704698,-0.026845637583892617,-0.9261744966442953,-0.040268456375838924,-0.6375838926174496,-0.006711409395973154,-0.6040268456375839,0.013422818791946308,-0.7516778523489933,-0.2348993288590604,-0.8523489932885906,-0.2550335570469799,-0.5906040268456376,-0.20134228187919462,-0.5637583892617449,-0.174496644295302,-0.6510067114093959,-0.436241610738255,-0.7651006711409396,-0.4563758389261745,-0.5704697986577181,-0.3825503355704698,-0.5234899328859061,-0.3422818791946309
3,0.0,0.0,-0.2222222222222222,0.27450980392156865,-0.5424836601307189,0.49019607843137253,-0.7647058823529411,0.6993464052287581,-0.8758169934640523,0.9084967320261438,-0.8104575163398693,0.20261437908496732,-1.0,0.16339869281045752,-0.7581699346405228,0.16339869281045752,-0.6405228758169934,0.17647058823529413,-0.7908496732026143,-0.006535947712418301,-0.9150326797385621,-0.032679738562091505,-0.6274509803921569,0.0,-0.5882352941176471,0.032679738562091505,-0.7254901960784313,-0.21568627450980393,-0.8562091503267973,-0.23529411764705882,-0.5947712418300654,-0.1830065359477124,-0.5424836601307189,-0.1437908496732026,-0.6274509803921569,-0.39869281045751637,-0.7647058823529411,-0.43790849673202614,-0.5816993464052288,-0.35947712418300654,-0.5163398692810458,-0.3006535947712418
3,0.0,0.0,-0.1986754966887417,0.2847682119205298,-0.5298013245033113,0.5099337748344371,-0.7549668874172185,0.7218543046357616,-0.8543046357615894,0.9337748344370861,-0.8079470198675497,0.2185430463576159,-1.0,0.17880794701986755,-0.7350993377483444,0.17218543046357615,-0.6291390728476821,0.18543046357615894,-0.7880794701986755,0.0,-0.9072847682119205,-0.026490066225165563,-0.6158940397350994,0.006622516556291391,-0.5827814569536424,0.039735099337748346,-0.7152317880794702,-0.2185430463576159,-0.847682119205298,-0.24503311258278146,-0.5761589403973509,-0.18543046357615894,-0.5298013245033113,-0.152317880794702,-0.6158940397350994,-0.4105960264900662,-0.7483443708609272,-0.45695364238410596,-0.5629139072847682,-0.3708609271523179,-0.4966887417218543,-0.31788079470198677
3,0.0,0.0,-0.21428571428571427,0.2922077922077922,-0.5324675324675324,0.512987012987013,-0.7402597402597403,0.7142857142857143,-0.8376623376623377,0.922077922077922,-0.8116883116883117,0.2077922077922078,-1.0,0.18181818181818182,-0.7532467532467533,0.17532467532467533,-0.6298701298701299,0.18181818181818182,-0.7922077922077922,0.0,-0.9090909090909091,-0.01948051948051948,-0.6363636363636364,0.012987012987012988,-0.5714285714285714,0.03896103896103896,-0.7207792207792207,-0.2077922077922078,-0.8571428571428571,-0.23376623376623376,-0.6038961038961039,-0.17532467532467533,-0.5324675324675324,-0.12987012987012986,-0.6168831168831169,-0.38961038961038963,-0.7532467532467533,-0.43506493506493504,-0.577922077922078,-0.34415584415584416,-0.5,-0.2857142857142857
3,0.0,0.0,-0.2119205298013245,0.2913907284768212,-0.5165562913907285,0.5231788079470199,-0.7483443708609272,0.7417218543046358,-0.8609271523178808,0.9536423841059603,-0.8278145695364238,0.2251655629139073,-1.0,0.2052980132450331,-0.7549668874172185,0.18543046357615894,-0.6556291390728477,0.19205298013245034,-0.8079470198675497,0.006622516556291391,-0.9337748344370861,0.0,-0.6490066225165563,0.019867549668874173,-0.609271523178808,0.046357615894039736,-0.7483443708609272,-0.2052980132450331,-0.8741721854304636,-0.2251655629139073,-0.6158940397350994,-0.17218543046357615,-0.5695364238410596,-0.1390728476821192,-0.6490066225165563,-0.40397350993377484,-0.7814569536423841,-0.4304635761589404,-0.5960264900662252,-0.3509933774834437,-0.5298013245033113,-0.2980132450331126
3,0.0,0.0,-0.2077922077922078,0.2922077922077922,-0.525974025974026,0.5194805194805194,-0.7402597402597403,0.7207792207792207,-0.8441558441558441,0.935064935064935,-0.8051948051948052,0.22077922077922077,-1.0,0.2077922077922078,-0.7662337662337663,0.19480519480519481,-0.6363636363636364,0.19480519480519481,-0.7987012987012987,0.006493506493506494,-0.9415584415584416,0.006493506493506494,-0.6623376623376623,0.025974025974025976,-0.5909090909090909,0.03896103896103896,-0.7402597402597403,-0.19480519480519481,-0.8896103896103896,-0.2012987012987013,-0.6298701298701299,-0.15584415584415584,-0.5584415584415584,-0.12987012987012986,-0.6493506493506493,-0.38311688311688313,-0.7922077922077922,-0.4025974025974026,-0.6103896103896104,-0.3246753246753247,-0.5324675324675324,-0.2857142857142857
3,0.0,0.0,-0.20394736842105263,0.29605263157894735,-0.5328947368421053,0.5263157894736842,-0.743421052631579,0.7302631578947368,-0.8421052631578947,0.9407894736842105,-0.8157894736842105,0.2236842105263158,-1.0,0.21710526315789475,-0.75,0.19736842105263158,-0.6381578947368421,0.19078947368421054,-0.8092105263157895,0.013157894736842105,-0.9342105263157895,0.013157894736842105,-0.6513157894736842,0.02631578947368421,-0.5986842105263158,0.039473684210526314,-0.75,-0.19736842105263158,-0.8881578947368421,-0.21052631578947367,-0.625,-0.16447368421052633,-0.5723684210526315,-0.13815789473684212,-0.6578947368421053,-0.3881578947368421,-0.7960526315789473,-0.4144736842105263,-0.6118421052631579,-0.3355263157894737,-0.5394736842105263,-0.2894736842105263
3,0.0,0.0,-0.20915032679738563,0.2875816993464052,-0.5424836601307189,0.5163398692810458,-0.7581699346405228,0.7320261437908496,-0.8562091503267973,0.9411764705882353,-0.8300653594771242,0.2222222222222222,-1.0,0.20261437908496732,-0.738562091503268,0.19607843137254902,-0.6339869281045751,0.1895424836601307,-0.8235294117647058,0.006535947712418301,-0.9281045751633987,-0.006535947712418301,-0.6339869281045751,0.026143790849673203,-0.6078431372549019,0.0457516339869281,-0.7581699346405228,-0.20261437908496732,-0.869281045751634,-0.2222222222222222,-0.6078431372549019,-0.16993464052287582,-0.5751633986928104,-0.1437908496732026,-0.6601307189542484,-0.39215686274509803,-0.7712418300653595,-0.42483660130718953,-0.5816993464052288,-0.33986928104575165,-0.5294117647058824,-0.3006535947712418
3,0.0,0.0,-0.21019108280254778,0.27388535031847133,-0.535031847133758,0.4968152866242038,-0.7515923566878981,0.6942675159235668,-0.8535031847133758,0.89171974522293,-0.821656050955414,0.21656050955414013,-1.0,0.1910828025477707,-0.7515923566878981,0.18471337579617833,-0.643312101910828,0.1910828025477707,-0.8089171974522293,0.006369426751592357,-0.9235668789808917,-0.012738853503184714,-0.6369426751592356,0.01910828025477707,-0.6050955414012739,0.03821656050955414,-0.7452229299363057,-0.19745222929936307,-0.8662420382165605,-0.2229299363057325,-0.6114649681528662,-0.17197452229299362,-0.5732484076433121,-0.1464968152866242,-0.6496815286624203,-0.3885350318471338,-0.7707006369426752,-0.42038216560509556,-0.5859872611464968,-0.34394904458598724,-0.535031847133758,-0.29936305732484075
3,0.0,0.0,-0.22,0.28,-0.5466666666666666,0.5066666666666667,-0.7733333333333333,0.7133333333333334,-0.8866666666666667,0.92,-0.8666666666666667,0.19333333333333333,-1.0,0.18666666666666668,-0.76,0.18666666666666668,-0.6533333333333333,0.18,-0.8533333333333334,-0.02666666666666667,-0.9333333333333333,-0.02666666666666667,-0.6466666666666666,0.013333333333333334,-0.6066666666666667,0.02,-0.78,-0.23333333333333334,-0.8733333333333333,-0.24666666666666667,-0.6133333333333333,-0.18,-0.58,-0.16666666666666666,-0.6733333333333333,-0.4266666666666667,-0.7933333333333333,-0.4533333333333333,-0.6066666666666667,-0.36666666666666664,-0.5466666666666666,-0.31333333333333335
3,0.0,0.0,-0.22077922077922077,0.2597402597402597,-0.551948051948052,0.4805194805194805,-0.7792207792207793,0.6883116883116883,-0.8961038961038961,0.8766233766233766,-0.8571428571428571,0.17532467532467533,-1.0,0.16233766233766234,-0.7597402597402597,0.16883116883116883,-0.6623376623376623,0.15584415584415584,-0.8376623376623377,-0.03896103896103896,-0.9155844155844156,-0.03896103896103896,-0.6298701298701299,0.0,-0.6103896103896104,0.0,-0.7662337662337663,-0.24025974025974026,-0.8441558441558441,-0.2532467532467532,-0.5974025974025974,-0.18831168831168832,-0.5844155844155844,-0.18181818181818182,-0.6623376623376623,-0.42857142857142855,-0.7662337662337663,-0.44805194805194803,-0.5844155844155844,-0.36363636363636365,-0.5454545454545454,-0.33766233766233766
3,0.0,0.0,-0.22077922077922077,0.2532467532467532,-0.551948051948052,0.4675324675324675,-0.7857142857142857,0.6753246753246753,-0.922077922077922,0.8571428571428571,-0.8441558441558441,0.17532467532467533,-1.0,0.14935064935064934,-0.7597402597402597,0.15584415584415584,-0.6558441558441559,0.14935064935064934,-0.8181818181818182,-0.03896103896103896,-0.922077922077922,-0.05844155844155844,-0.6428571428571429,-0.006493506493506494,-0.6103896103896104,-0.006493506493506494,-0.7467532467532467,-0.24675324675324675,-0.8376623376623377,-0.2662337662337662,-0.5909090909090909,-0.19480519480519481,-0.5714285714285714,-0.18181818181818182,-0.6428571428571429,-0.43506493506493504,-0.7662337662337663,-0.4675324675324675,-0.5844155844155844,-0.37662337662337664,-0.5324675324675324,-0.33766233766233766
3,0.0,0.0,-0.19607843137254902,0.26143790849673204,-0.5359477124183006,0.477124183006536,-0.7647058823529411,0.6797385620915033,-0.8888888888888888,0.8758169934640523,-0.8431372549019608,0.17647058823529413,-1.0,0.16339869281045752,-0.738562091503268,0.16993464052287582,-0.6405228758169934,0.1568627450980392,-0.8235294117647058,-0.0457516339869281,-0.9019607843137255,-0.0457516339869281,-0.6143790849673203,0.0,-0.6078431372549019,0.0,-0.738562091503268,-0.2549019607843137,-0.8169934640522876,-0.2679738562091503,-0.5555555555555556,-0.19607843137254902,-0.5555555555555556,-0.1830065359477124,-0.6339869281045751,-0.45098039215686275,-0.7320261437908496,-0.47058823529411764,-0.5359477124183006,-0.38562091503267976,-0.5032679738562091,-0.35294117647058826
3,0.0,0.0,-0.20666666666666667,0.26,-0.54,0.4866666666666667,-0.7866666666666666,0.6933333333333334,-0.9266666666666666,0.8933333333333333,-0.8666666666666667,0.16666666666666666,-1.0,0.15333333333333332,-0.74,0.16666666666666666,-0.6533333333333333,0.15333333333333332,-0.8333333333333334,-0.05333333333333334,-0.9,-0.06,-0.6133333333333333,0.0,-0.6133333333333333,0.0,-0.7466666666666667,-0.26,-0.82,-0.28,-0.56,-0.19333333333333333,-0.56,-0.18,-0.6333333333333333,-0.4533333333333333,-0.7533333333333333,-0.4866666666666667,-0.56,-0.38666666666666666,-0.5133333333333333,-0.3466666666666667
3,0.0,0.0,-0.2119205298013245,0.26490066225165565,-0.5496688741721855,0.4768211920529801,-0.7947019867549668,0.6887417218543046,-0.9337748344370861,0.8940397350993378,-0.8675496688741722,0.17880794701986755,-1.0,0.152317880794702,-0.7284768211920529,0.16556291390728478,-0.6490066225165563,0.15894039735099338,-0.8344370860927153,-0.046357615894039736,-0.9072847682119205,-0.052980132450331126,-0.6158940397350994,0.006622516556291391,-0.6225165562913907,0.006622516556291391,-0.7483443708609272,-0.26490066225165565,-0.8211920529801324,-0.2847682119205298,-0.5562913907284768,-0.1986754966887417,-0.5695364238410596,-0.18543046357615894,-0.6357615894039735,-0.46357615894039733,-0.7417218543046358,-0.4900662251655629,-0.543046357615894,-0.3973509933774834,-0.5099337748344371,-0.36423841059602646
3,0.0,0.0,-0.21710526315789475,0.25,-0.5592105263157895,0.4605263157894737,-0.8026315789473685,0.6644736842105263,-0.9407894736842105,0.8618421052631579,-0.8881578947368421,0.17105263157894737,-1.0,0.13157894736842105,-0.7368421052631579,0.1513157894736842,-0.6644736842105263,0.14473684210526316,-0.8552631578947368,-0.05263157894736842,-0.9013157894736842,-0.07236842105263158,-0.6118421052631579,-0.006578947368421052,-0.625,0.006578947368421052,-0.7631578947368421,-0.2631578947368421,-0.8223684210526315,-0.2894736842105263,-0.5657894736842105,-0.20394736842105263,-0.5723684210526315,-0.17763157894736842,-0.6513157894736842,-0.45394736842105265,-0.756578947368421,-0.5,-0.5592105263157895,-0.40131578947368424,-0.5197368421052632,-0.35526315789473684
3,0.0,0.0,-0.21621621621621623,0.2635135135135135,-0.5675675675675675,0.47297297297297297,-0.8175675675675675,0.6756756756756757,-0.9594594594594594,0.8851351351351351,-0.9121621621621622,0.16216216216216217,-1.0,0.12837837837837837,-0.7297297297297297,0.14189189189189189,-0.668918918918919,0.14189189189189189,-0.8783783783783784,-0.06756756756756757,-0.8918918918918919,-0.08108108108108109,-0.6013513513513513,-0.013513513513513514,-0.6351351351351351,0.0,-0.7702702702702703,-0.28378378378378377,-0.8108108108108109,-0.3108108108108108,-0.5540540540540541,-0.21621621621621623,-0.581081081081081,-0.19594594594594594,-0.6486486486486487,-0.4864864864864865,-0.7364864864864865,-0.527027027027027,-0.5472972972972973,-0.4189189189189189,-0.5202702702702703,-0.3716216216216216
3,0.0,0.0,-0.2191780821917808,0.2534246575342466,-0.5684931506849316,0.4520547945205479,-0.8287671232876712,0.6506849315068494,-0.9726027397260274,0.8561643835616438,-0.8835616438356164,0.14383561643835616,-1.0,0.10273972602739725,-0.7123287671232876,0.1232876712328767,-0.6506849315068494,0.11643835616438356,-0.8424657534246576,-0.08904109589041095,-0.8972602739726028,-0.1095890410958904,-0.5958904109589042,-0.03424657534246575,-0.6095890410958904,-0.0273972602739726,-0.7465753424657534,-0.3082191780821918,-0.815068493150685,-0.3356164383561644,-0.541095890410959,-0.2328767123287671,-0.547945205479452,-0.2054794520547945,-0.6301369863013698,-0.5,-0.7328767123287672,-0.547945205479452,-0.541095890410959,-0.4383561643835616,-0.5,-0.3835616438356164
3,0.0,0.0,-0.2222222222222222,0.2708333333333333,-0.5833333333333334,0.4791666666666667,-0.8472222222222222,0.6805555555555556,-0.9930555555555556,0.8958333333333334,-0.8888888888888888,0.16666666666666666,-1.0,0.125,-0.7222222222222222,0.1388888888888889,-0.6597222222222222,0.1388888888888889,-0.8541666666666666,-0.0763888888888889,-0.9027777777777778,-0.09722222222222222,-0.6041666666666666,-0.027777777777777776,-0.6319444444444444,-0.006944444444444444,-0.7638888888888888,-0.2986111111111111,-0.8125,-0.3263888888888889,-0.5416666666666666,-0.22916666666666666,-0.5694444444444444,-0.2013888888888889,-0.6527777777777778,-0.5,-0.7222222222222222,-0.5486111111111112,-0.5277777777777778,-0.4375,-0.5,-0.3819444444444444
3,0.0,0.0,-0.23129251700680273,0.2653061224489796,-0.5782312925170068,0.46258503401360546,-0.8367346938775511,0.6598639455782312,-0.9863945578231292,0.8707482993197279,-0.8775510204081632,0.14285714285714285,-1.0,0.09523809523809523,-0.7142857142857143,0.12244897959183673,-0.6666666666666666,0.12244897959183673,-0.8367346938775511,-0.09523809523809523,-0.8979591836734694,-0.11564625850340136,-0.6054421768707483,-0.034013605442176874,-0.6326530612244898,-0.02040816326530612,-0.7414965986394558,-0.30612244897959184,-0.8095238095238095,-0.3333333333333333,-0.54421768707483,-0.23129251700680273,-0.564625850340136,-0.20408163265306123,-0.6326530612244898,-0.4965986394557823,-0.7210884353741497,-0.54421768707483,-0.5306122448979592,-0.42857142857142855,-0.5034013605442177,-0.38095238095238093
3,0.0,0.0,-0.22535211267605634,0.2676056338028169,-0.5845070422535211,0.4788732394366197,-0.852112676056338,0.6830985915492958,-1.0,0.9084507042253521,-0.8943661971830986,0.14788732394366197,-1.0,0.09859154929577464,-0.7112676056338029,0.1267605633802817,-0.6690140845070423,0.1267605633802817,-0.8591549295774648,-0.09859154929577464,-0.9014084507042254,-0.11267605633802817,-0.5915492957746479,-0.035211267605633804,-0.6338028169014085,-0.014084507042253521,-0.7676056338028169,-0.31690140845070425,-0.8098591549295775,-0.34507042253521125,-0.5352112676056338,-0.23943661971830985,-0.5704225352112676,-0.20422535211267606,-0.647887323943662,-0.5140845070422535,-0.7112676056338029,-0.5633802816901409,-0.5140845070422535,-0.4507042253521127,-0.49295774647887325,-0.3873239436619718
3,0.0,0.0,-0.23076923076923078,0.25874125874125875,-0.5874125874125874,0.45454545454545453,-0.8531468531468531,0.6573426573426573,-1.0,0.8811188811188811,-0.9090909090909091,0.13286713286713286,-1.0,0.09090909090909091,-0.7062937062937062,0.11188811188811189,-0.6643356643356644,0.11188811188811189,-0.8671328671328671,-0.11188811188811189,-0.9020979020979021,-0.1258741258741259,-0.5944055944055944,-0.04895104895104895,-0.6293706293706294,-0.027972027972027972,-0.7622377622377622,-0.32167832167832167,-0.8041958041958042,-0.35664335664335667,-0.5314685314685315,-0.24475524475524477,-0.5664335664335665,-0.21678321678321677,-0.6433566433566433,-0.5174825174825175,-0.7062937062937062,-0.5664335664335665,-0.5104895104895105,-0.44755244755244755,-0.48951048951048953,-0.3916083916083916
3,0.0,0.0,-0.22916666666666666,0.2569444444444444,-0.5902777777777778,0.4513888888888889,-0.8541666666666666,0.6527777777777778,-1.0,0.875,-0.8819444444444444,0.1388888888888889,-1.0,0.08333333333333333,-0.7083333333333334,0.1111111111111111,-0.6527777777777778,0.11805555555555555,-0.8402777777777778,-0.10416666666666667,-0.9027777777777778,-0.13194444444444445,-0.5902777777777778,-0.04861111111111111,-0.6319444444444444,-0.027777777777777776,-0.7430555555555556,-0.3194444444444444,-0.7986111111111112,-0.3541666666666667,-0.5347222222222222,-0.25,-0.5694444444444444,-0.2222222222222222,-0.6388888888888888,-0.5138888888888888,-0.6944444444444444,-0.5625,-0.5,-0.4444444444444444,-0.4930555555555556,-0.3958333333333333
