7,0.0,0.0,-0.1712707182320442,-0.09392265193370165,-0.30386740331491713,-0.2430939226519337,-0.3812154696132597,-0.3867403314917127,-0.44751381215469616,-0.5303867403314917,-0.292817679558011,-0.47513812154696133,-0.3867403314917127,-0.6685082872928176,-0.43646408839779005,-0.7845303867403315,-0.4696132596685083,-0.8950276243093923,-0.19889502762430938,-0.5082872928176796,-0.292817679558011,-0.7348066298342542,-0.3425414364640884,-0.8784530386740331,-0.3756906077348066,-1.0,-0.09392265193370165,-0.4861878453038674,-0.11602209944751381,-0.7071823204419889,-0.11602209944751381,-0.8342541436464088,-0.11602209944751381,-0.9502762430939227,0.011049723756906077,-0.43646408839779005,0.0055248618784530384,-0.6022099447513812,0.0055248618784530384,-0.712707182320442,-0.0055248618784530384,-0.8121546961325967
7,0.0,0.0,-0.1793478260869565,-0.09782608695652174,-0.30434782608695654,-0.25,-0.3804347826086957,-0.3967391304347826,-0.44565217391304346,-0.532608695652174,-0.29347826086956524,-0.46195652173913043,-0.391304347826087,-0.657608695652174,-0.44565217391304346,-0.7771739130434783,-0.4782608695652174,-0.8804347826086957,-0.20108695652173914,-0.4945652173913043,-0.29347826086956524,-0.7282608695652174,-0.33695652173913043,-0.875,-0.3695652173913043,-1.0,-0.10326086956521739,-0.4782608695652174,-0.125,-0.7010869565217391,-0.11413043478260869,-0.8315217391304348,-0.10869565217391304,-0.9456521739130435,0.005434782608695652,-0.42934782608695654,0.005434782608695652,-0.592391304347826,0.005434782608695652,-0.7010869565217391,0.0,-0.8043478260869565
7,0.0,0.0,-0.18478260869565216,-0.09239130434782608,-0.30978260869565216,-0.24456521739130435,-0.3858695652173913,-0.391304347826087,-0.45652173913043476,-0.5271739130434783,-0.29347826086956524,-0.46195652173913043,-0.391304347826087,-0.657608695652174,-0.44021739130434784,-0.7771739130434783,-0.47282608695652173,-0.8858695652173914,-0.20108695652173914,-0.4945652173913043,-0.29347826086956524,-0.7228260869565217,-0.3423913043478261,-0.8695652173913043,-0.375,-1.0,-0.10326086956521739,-0.483695652173913,-0.125,-0.7010869565217391,-0.11956521739130435,-0.8260869565217391,-0.11413043478260869,-0.9402173913043478,0.0,-0.43478260869565216,0.0,-0.6032608695652174,0.0,-0.7119565217391305,-0.010869565217391304,-0.8097826086956522
7,0.0,0.0,-0.1813186813186813,-0.09340659340659341,-0.3076923076923077,-0.24725274725274726,-0.38461538461538464,-0.3956043956043956,-0.45604395604395603,-0.532967032967033,-0.2967032967032967,-0.46703296703296704,-0.3956043956043956,-0.6648351648351648,-0.45054945054945056,-0.7802197802197802,-0.4835164835164835,-0.8901098901098901,-0.2032967032967033,-0.4945054945054945,-0.2967032967032967,-0.7252747252747253,-0.34615384615384615,-0.8736263736263736,-0.3791208791208791,-1.0,-0.0989010989010989,-0.47802197802197804,-0.12637362637362637,-0.6978021978021978,-0.11538461538461539,-0.8351648351648352,-0.10989010989010989,-0.9505494505494505,0.01098901098901099,-0.42857142857142855,0.005494505494505495,-0.5989010989010989,0.005494505494505495,-0.7142857142857143,-0.005494505494505495,-0.8131868131868132
7,0.0,0.0,-0.17486338797814208,-0.08196721311475409,-0.3114754098360656,-0.22950819672131148,-0.39344262295081966,-0.3770491803278688,-0.4644808743169399,-0.5136612021857924,-0.30601092896174864,-0.45901639344262296,-0.4098360655737705,-0.6612021857923497,-0.4644808743169399,-0.7759562841530054,-0.4972677595628415,-0.8852459016393442,-0.21311475409836064,-0.4972677595628415,-0.30601092896174864,-0.726775956284153,-0.3551912568306011,-0.8743169398907104,-0.39344262295081966,-1.0,-0.1092896174863388,-0.48633879781420764,-0.13114754098360656,-0.7049180327868853,-0.13114754098360656,-0.8415300546448088,-0.12568306010928962,-0.9672131147540983,0.00546448087431694,-0.4371584699453552,-0.00546448087431694,-0.6065573770491803,-0.00546448087431694,-0.7213114754098361,-0.01092896174863388,-0.825136612021858
7,0.0,0.0,-0.18579234972677597,-0.07650273224043716,-0.31693989071038253,-0.22950819672131148,-0.39344262295081966,-0.37158469945355194,-0.46994535519125685,-0.5081967213114754,-0.3005464480874317,-0.45901639344262296,-0.40437158469945356,-0.6557377049180327,-0.45901639344262296,-0.7704918032786885,-0.4972677595628415,-0.8743169398907104,-0.20765027322404372,-0.4972677595628415,-0.30601092896174864,-0.726775956284153,-0.36065573770491804,-0.8743169398907104,-0.40437158469945356,-1.0,-0.10382513661202186,-0.4918032786885246,-0.13114754098360656,-0.7213114754098361,-0.13114754098360656,-0.8579234972677595,-0.13114754098360656,-0.9781420765027322,0.00546448087431694,-0.44808743169398907,-0.00546448087431694,-0.6284153005464481,-0.01092896174863388,-0.7431693989071039,-0.02185792349726776,-0.8469945355191257
7,0.0,0.0,-0.18478260869565216,-0.08152173913043478,-0.32065217391304346,-0.23369565217391305,-0.40217391304347827,-0.3804347826086957,-0.4782608695652174,-0.5163043478260869,-0.30978260869565216,-0.47282608695652173,-0.41847826086956524,-0.6739130434782609,-0.4673913043478261,-0.7934782608695652,-0.5,-0.9021739130434783,-0.21739130434782608,-0.5054347826086957,-0.31521739130434784,-0.7336956521739131,-0.375,-0.8804347826086957,-0.41304347826086957,-1.0,-0.10869565217391304,-0.4945652173913043,-0.14130434782608695,-0.7119565217391305,-0.14673913043478262,-0.8532608695652174,-0.14673913043478262,-0.9728260869565217,0.0,-0.44021739130434784,-0.010869565217391304,-0.6195652173913043,-0.016304347826086956,-0.7336956521739131,-0.03260869565217391,-0.8369565217391305
7,0.0,0.0,-0.1881720430107527,-0.06989247311827956,-0.3225806451612903,-0.22580645161290322,-0.3978494623655914,-0.3763440860215054,-0.4838709677419355,-0.510752688172043,-0.3064516129032258,-0.46774193548387094,-0.41397849462365593,-0.6666666666666666,-0.46774193548387094,-0.7795698924731183,-0.5053763440860215,-0.8870967741935484,-0.21505376344086022,-0.5161290322580645,-0.3172043010752688,-0.7365591397849462,-0.3817204301075269,-0.8763440860215054,-0.42473118279569894,-1.0,-0.10215053763440861,-0.5053763440860215,-0.13440860215053763,-0.7258064516129032,-0.13978494623655913,-0.8655913978494624,-0.14516129032258066,-0.989247311827957,0.010752688172043012,-0.46236559139784944,-0.005376344086021506,-0.6397849462365591,-0.021505376344086023,-0.7580645161290323,-0.043010752688172046,-0.8602150537634409
7,0.0,0.0,-0.18716577540106952,-0.06951871657754011,-0.3315508021390374,-0.22459893048128343,-0.41711229946524064,-0.37433155080213903,-0.5026737967914439,-0.5026737967914439,-0.32620320855614976,-0.46524064171123,-0.43315508021390375,-0.6524064171122995,-0.48663101604278075,-0.7647058823529411,-0.5294117647058824,-0.8716577540106952,-0.23529411764705882,-0.5133689839572193,-0.33689839572192515,-0.732620320855615,-0.40106951871657753,-0.8716577540106952,-0.44919786096256686,-0.9893048128342246,-0.12834224598930483,-0.5133689839572193,-0.15508021390374332,-0.7379679144385026,-0.15508021390374332,-0.8770053475935828,-0.15508021390374332,-1.0,-0.016042780748663103,-0.47058823529411764,-0.026737967914438502,-0.6470588235294118,-0.03208556149732621,-0.7593582887700535,-0.0481283422459893,-0.8556149732620321
7,0.0,0.0,-0.18085106382978725,-0.06914893617021277,-0.32978723404255317,-0.22340425531914893,-0.4148936170212766,-0.3723404255319149,-0.5053191489361702,-0.5,-0.32978723404255317,-0.46808510638297873,-0.44148936170212766,-0.6595744680851063,-0.4946808510638298,-0.7712765957446809,-0.5319148936170213,-0.8776595744680851,-0.2393617021276596,-0.5212765957446809,-0.35638297872340424,-0.7393617021276596,-0.42021276595744683,-0.8776595744680851,-0.46808510638297873,-0.9946808510638298,-0.13297872340425532,-0.526595744680851,-0.16489361702127658,-0.7446808510638298,-0.16489361702127658,-0.8829787234042553,-0.16489361702127658,-1.0,-0.010638297872340425,-0.48404255319148937,-0.026595744680851064,-0.6595744680851063,-0.031914893617021274,-0.7712765957446809,-0.047872340425531915,-0.8723404255319149
7,0.0,0.0,-0.17801047120418848,-0.07853403141361257,-0.31413612565445026,-0.23036649214659685,-0.4031413612565445,-0.3717277486910995,-0.4869109947643979,-0.4973821989528796,-0.31413612565445026,-0.4816753926701571,-0.418848167539267,-0.6649214659685864,-0.47643979057591623,-0.774869109947644,-0.518324607329843,-0.8743455497382199,-0.225130890052356,-0.5235602094240838,-0.3298429319371728,-0.7329842931937173,-0.39267015706806285,-0.8691099476439791,-0.4397905759162304,-0.9842931937172775,-0.11518324607329843,-0.5130890052356021,-0.1518324607329843,-0.7382198952879581,-0.1518324607329843,-0.8795811518324608,-0.15706806282722513,-1.0,0.0,-0.46596858638743455,0.005235602094240838,-0.6387434554973822,0.005235602094240838,-0.7486910994764397,-0.010471204188481676,-0.8481675392670157
7,0.0,0.0,-0.17708333333333334,-0.078125,-0.3177083333333333,-0.22916666666666666,-0.4010416666666667,-0.3697916666666667,-0.4791666666666667,-0.4895833333333333,-0.3177083333333333,-0.46875,-0.4322916666666667,-0.6510416666666666,-0.484375,-0.7604166666666666,-0.5208333333333334,-0.859375,-0.22916666666666666,-0.515625,-0.34375,-0.7291666666666666,-0.4010416666666667,-0.8645833333333334,-0.4427083333333333,-0.9791666666666666,-0.11979166666666667,-0.5208333333333334,-0.16145833333333334,-0.734375,-0.171875,-0.875,-0.18229166666666666,-1.0,0.0,-0.4791666666666667,0.005208333333333333,-0.6458333333333334,0.005208333333333333,-0.7552083333333334,-0.010416666666666666,-0.8541666666666666
7,0.0,0.0,-0.18229166666666666,-0.06770833333333333,-0.3229166666666667,-0.21354166666666666,-0.4010416666666667,-0.3541666666666667,-0.484375,-0.484375,-0.3229166666666667,-0.46875,-0.4322916666666667,-0.6510416666666666,-0.484375,-0.7604166666666666,-0.515625,-0.8645833333333334,-0.22916666666666666,-0.5208333333333334,-0.3385416666666667,-0.734375,-0.3958333333333333,-0.8645833333333334,-0.4427083333333333,-0.984375,-0.11979166666666667,-0.5260416666666666,-0.15104166666666666,-0.7395833333333334,-0.15104166666666666,-0.8802083333333334,-0.16145833333333334,-1.0,-0.005208333333333333,-0.484375,0.0,-0.65625,-0.005208333333333333,-0.765625,-0.020833333333333332,-0.8697916666666666
7,0.0,0.0,-0.18229166666666666,-0.07291666666666667,-0.3229166666666667,-0.21875,-0.40625,-0.3645833333333333,-0.4895833333333333,-0.4895833333333333,-0.3229166666666667,-0.4739583333333333,-0.4322916666666667,-0.65625,-0.4895833333333333,-0.7604166666666666,-0.53125,-0.8645833333333334,-0.22916666666666666,-0.5260416666666666,-0.3385416666666667,-0.7291666666666666,-0.40625,-0.8645833333333334,-0.453125,-0.984375,-0.11979166666666667,-0.5260416666666666,-0.15625,-0.7395833333333334,-0.16145833333333334,-0.875,-0.171875,-1.0,-0.005208333333333333,-0.4895833333333333,-0.005208333333333333,-0.65625,-0.010416666666666666,-0.7708333333333334,-0.026041666666666668,-0.875
7,0.0,0.0,-0.17277486910994763,-0.06282722513089005,-0.3193717277486911,-0.2094240837696335,-0.39790575916230364,-0.35602094240837695,-0.4869109947643979,-0.4816753926701571,-0.32460732984293195,-0.47643979057591623,-0.43455497382198954,-0.6596858638743456,-0.49214659685863876,-0.7643979057591623,-0.5340314136125655,-0.8691099476439791,-0.23036649214659685,-0.5235602094240838,-0.3403141361256545,-0.7329842931937173,-0.4031413612565445,-0.8691099476439791,-0.44502617801047123,-0.9842931937172775,-0.12041884816753927,-0.5235602094240838,-0.15706806282722513,-0.743455497382199,-0.16230366492146597,-0.8795811518324608,-0.16753926701570682,-1.0,0.005235602094240838,-0.4816753926701571,0.005235602094240838,-0.6544502617801047,0.0,-0.7696335078534031,-0.015706806282722512,-0.8691099476439791
7,0.0,0.0,-0.18324607329842932,-0.05759162303664921,-0.32460732984293195,-0.20418848167539266,-0.4083769633507853,-0.34554973821989526,-0.4973821989528796,-0.4712041884816754,-0.33507853403141363,-0.4607329842931937,-0.450261780104712,-0.643979057591623,-0.5078534031413613,-0.7486910994764397,-0.5549738219895288,-0.8481675392670157,-0.24083769633507854,-0.5130890052356021,-0.35602094240837695,-0.7225130890052356,-0.42408376963350786,-0.8534031413612565,-0.4712041884816754,-0.9738219895287958,-0.13612565445026178,-0.518324607329843,-0.16753926701570682,-0.7382198952879581,-0.17277486910994763,-0.8795811518324608,-0.18324607329842932,-1.0,-0.015706806282722512,-0.4816753926701571,-0.015706806282722512,-0.6544502617801047,-0.015706806282722512,-0.7696335078534031,-0.031413612565445025,-0.8743455497382199
7,0.0,0.0,-0.18518518518518517,-0.06349206349206349,-0.3333333333333333,-0.20105820105820105,-0.41798941798941797,-0.3439153439153439,-0.5026455026455027,-0.4656084656084656,-0.3492063492063492,-0.4603174603174603,-0.4656084656084656,-0.6402116402116402,-0.5238095238095238,-0.746031746031746,-0.5714285714285714,-0.8465608465608465,-0.25925925925925924,-0.5185185185185185,-0.37037037037037035,-0.7248677248677249,-0.43915343915343913,-0.8571428571428571,-0.49206349206349204,-0.9735449735449735,-0.14814814814814814,-0.5185185185185185,-0.18518518518518517,-0.7407407407407407,-0.19047619047619047,-0.8783068783068783,-0.20105820105820105,-1.0,-0.031746031746031744,-0.48148148148148145,-0.031746031746031744,-0.656084656084656,-0.037037037037037035,-0.7671957671957672,-0.047619047619047616,-0.8677248677248677
7,0.0,0.0,-0.18518518518518517,-0.05291005291005291,-0.3386243386243386,-0.18518518518518517,-0.42857142857142855,-0.32275132275132273,-0.5132275132275133,-0.4497354497354497,-0.35978835978835977,-0.4444444444444444,-0.48148148148148145,-0.6243386243386243,-0.544973544973545,-0.7301587301587301,-0.5873015873015873,-0.8306878306878307,-0.26455026455026454,-0.5026455026455027,-0.3915343915343915,-0.7142857142857143,-0.4603174603174603,-0.8465608465608465,-0.5132275132275133,-0.9576719576719577,-0.15873015873015872,-0.5132275132275133,-0.20105820105820105,-0.7354497354497355,-0.21164021164021163,-0.8783068783068783,-0.2222222222222222,-1.0,-0.037037037037037035,-0.48148148148148145,-0.047619047619047616,-0.656084656084656,-0.05291005291005291,-0.7671957671957672,-0.06878306878306878,-0.8677248677248677
7,0.0,0.0,-0.1945945945945946,-0.043243243243243246,-0.3567567567567568,-0.1783783783783784,-0.4486486486486487,-0.32972972972972975,-0.5459459459459459,-0.4486486486486487,-0.3783783783783784,-0.43783783783783786,-0.5081081081081081,-0.6216216216216216,-0.5837837837837838,-0.7297297297297297,-0.6324324324324324,-0.827027027027027,-0.2864864864864865,-0.5027027027027027,-0.42162162162162165,-0.7135135135135136,-0.4972972972972973,-0.8486486486486486,-0.5567567567567567,-0.9621621621621622,-0.17297297297297298,-0.518918918918919,-0.22702702702702704,-0.7405405405405405,-0.24864864864864866,-0.8810810810810811,-0.2648648648648649,-1.0,-0.05405405405405406,-0.4918918918918919,-0.07027027027027027,-0.6648648648648648,-0.08648648648648649,-0.7837837837837838,-0.10270270270270271,-0.8810810810810811
7,0.0,0.0,-0.1891891891891892,-0.043243243243243246,-0.35135135135135137,-0.16756756756756758,-0.4486486486486487,-0.3081081081081081,-0.5405405405405406,-0.42702702702702705,-0.3945945945945946,-0.43243243243243246,-0.5243243243243243,-0.6108108108108108,-0.5945945945945946,-0.7135135135135136,-0.6486486486486487,-0.8108108108108109,-0.3027027027027027,-0.4972972972972973,-0.43243243243243246,-0.7081081081081081,-0.5081081081081081,-0.8378378378378378,-0.5675675675675675,-0.9513513513513514,-0.1891891891891892,-0.5081081081081081,-0.24324324324324326,-0.7351351351351352,-0.2594594594594595,-0.8810810810810811,-0.2864864864864865,-1.0,-0.06486486486486487,-0.4756756756756757,-0.08108108108108109,-0.654054054054054,-0.0972972972972973,-0.7675675675675676,-0.12432432432432433,-0.8702702702702703
7,0.0,0.0,-0.1989247311827957,-0.043010752688172046,-0.3602150537634409,-0.17204301075268819,-0.45161290322580644,-0.3172043010752688,-0.5483870967741935,-0.43548387096774194,-0.3870967741935484,-0.43010752688172044,-0.521505376344086,-0.6129032258064516,-0.5860215053763441,-0.7258064516129032,-0.6344086021505376,-0.8225806451612904,-0.2956989247311828,-0.4946236559139785,-0.43548387096774194,-0.7096774193548387,-0.510752688172043,-0.8440860215053764,-0.5645161290322581,-0.956989247311828,-0.1881720430107527,-0.5053763440860215,-0.24193548387096775,-0.7365591397849462,-0.26344086021505375,-0.8763440860215054,-0.27956989247311825,-1.0,-0.05913978494623656,-0.478494623655914,-0.08064516129032258,-0.6559139784946236,-0.10215053763440861,-0.7634408602150538,-0.12365591397849462,-0.8602150537634409
7,0.0,0.0,-0.1881720430107527,-0.043010752688172046,-0.3548387096774194,-0.1774193548387097,-0.44623655913978494,-0.3225806451612903,-0.5376344086021505,-0.44086021505376344,-0.3817204301075269,-0.43548387096774194,-0.5053763440860215,-0.6236559139784946,-0.5698924731182796,-0.7365591397849462,-0.6129032258064516,-0.8387096774193549,-0.2903225806451613,-0.5,-0.41935483870967744,-0.7150537634408602,-0.489247311827957,-0.8548387096774194,-0.5376344086021505,-0.967741935483871,-0.1774193548387097,-0.5161290322580645,-0.24193548387096775,-0.7365591397849462,-0.26881720430107525,-0.8817204301075269,-0.2903225806451613,-1.0,-0.053763440860215055,-0.489247311827957,-0.07526881720430108,-0.6612903225806451,-0.0967741935483871,-0.7795698924731183,-0.11827956989247312,-0.8763440860215054
7,0.0,0.0,-0.19672131147540983,-0.04371584699453552,-0.366120218579235,-0.18579234972677597,-0.45901639344262296,-0.3333333333333333,-0.5519125683060109,-0.45901639344262296,-0.39344262295081966,-0.453551912568306,-0.5081967213114754,-0.6338797814207651,-0.5683060109289617,-0.7486338797814208,-0.6174863387978142,-0.8524590163934426,-0.30601092896174864,-0.5136612021857924,-0.4262295081967213,-0.726775956284153,-0.4918032786885246,-0.8633879781420765,-0.546448087431694,-0.9836065573770492,-0.1912568306010929,-0.5191256830601093,-0.26229508196721313,-0.7431693989071039,-0.28415300546448086,-0.8797814207650273,-0.3114754098360656,-1.0,-0.060109289617486336,-0.4918032786885246,-0.08743169398907104,-0.6666666666666666,-0.10382513661202186,-0.7814207650273224,-0.13114754098360656,-0.8797814207650273
7,0.0,0.0,-0.18579234972677597,-0.0546448087431694,-0.34972677595628415,-0.20218579234972678,-0.4426229508196721,-0.34972677595628415,-0.5355191256830601,-0.46994535519125685,-0.366120218579235,-0.46994535519125685,-0.48633879781420764,-0.6612021857923497,-0.5519125683060109,-0.7759562841530054,-0.5901639344262295,-0.8797814207650273,-0.2786885245901639,-0.5191256830601093,-0.40437158469945356,-0.7431693989071039,-0.46994535519125685,-0.8797814207650273,-0.5136612021857924,-0.994535519125683,-0.16939890710382513,-0.5245901639344263,-0.2185792349726776,-0.7431693989071039,-0.23497267759562843,-0.8852459016393442,-0.2459016393442623,-1.0,-0.03825136612021858,-0.48633879781420764,-0.060109289617486336,-0.6666666666666666,-0.07103825136612021,-0.7759562841530054,-0.09836065573770492,-0.8743169398907104
7,0.0,0.0,-0.1956521739130435,-0.05434782608695652,-0.3532608695652174,-0.20108695652173914,-0.44021739130434784,-0.34782608695652173,-0.5380434782608695,-0.4782608695652174,-0.375,-0.4673913043478261,-0.4891304347826087,-0.6630434782608695,-0.5489130434782609,-0.7771739130434783,-0.592391304347826,-0.8858695652173914,-0.2826086956521739,-0.5163043478260869,-0.40217391304347827,-0.7391304347826086,-0.47282608695652173,-0.8804347826086957,-0.5217391304347826,-1.0,-0.17391304347826086,-0.5217391304347826,-0.21739130434782608,-0.7445652173913043,-0.22826086956521738,-0.8804347826086957,-0.2391304347826087,-0.9945652173913043,-0.04891304347826087,-0.483695652173913,-0.059782608695652176,-0.6630434782608695,-0.07065217391304347,-0.7771739130434783,-0.09239130434782608,-0.8804347826086957
7,0.0,0.0,-0.18478260869565216,-0.059782608695652176,-0.34782608695652173,-0.20652173913043478,-0.44021739130434784,-0.34782608695652173,-0.532608695652174,-0.47282608695652173,-0.3641304347826087,-0.47282608695652173,-0.483695652173913,-0.6630434782608695,-0.5434782608695652,-0.7771739130434783,-0.5815217391304348,-0.8858695652173914,-0.27717391304347827,-0.5217391304347826,-0.3967391304347826,-0.7391304347826086,-0.46195652173913043,-0.8804347826086957,-0.5108695652173914,-1.0,-0.16847826086956522,-0.5217391304347826,-0.21195652173913043,-0.7391304347826086,-0.21739130434782608,-0.875,-0.22826086956521738,-0.9891304347826086,-0.043478260869565216,-0.483695652173913,-0.059782608695652176,-0.657608695652174,-0.07065217391304347,-0.7663043478260869,-0.08695652173913043,-0.8641304347826086
7,0.0,0.0,-0.1912568306010929,-0.06557377049180328,-0.3551912568306011,-0.2185792349726776,-0.4426229508196721,-0.37158469945355194,-0.5409836065573771,-0.4972677595628415,-0.366120218579235,-0.4808743169398907,-0.4808743169398907,-0.6721311475409836,-0.5519125683060109,-0.7868852459016393,-0.6010928961748634,-0.8907103825136612,-0.2786885245901639,-0.5300546448087432,-0.3989071038251366,-0.7486338797814208,-0.46994535519125685,-0.8852459016393442,-0.5245901639344263,-1.0,-0.16939890710382513,-0.5300546448087432,-0.22404371584699453,-0.7486338797814208,-0.24043715846994534,-0.8852459016393442,-0.2568306010928962,-1.0,-0.04371584699453552,-0.48633879781420764,-0.060109289617486336,-0.6666666666666666,-0.07103825136612021,-0.7868852459016393,-0.09289617486338798,-0.8907103825136612
7,0.0,0.0,-0.1978021978021978,-0.06593406593406594,-0.35714285714285715,-0.2087912087912088,-0.45054945054945056,-0.3626373626373626,-0.5439560439560439,-0.489010989010989,-0.37362637362637363,-0.46703296703296704,-0.4945054945054945,-0.6593406593406593,-0.554945054945055,-0.7747252747252747,-0.5989010989010989,-0.8791208791208791,-0.2802197802197802,-0.5164835164835165,-0.4010989010989011,-0.7417582417582418,-0.46703296703296704,-0.8791208791208791,-0.5164835164835165,-1.0,-0.17032967032967034,-0.521978021978022,-0.21428571428571427,-0.7417582417582418,-0.21978021978021978,-0.8791208791208791,-0.22527472527472528,-0.9945054945054945,-0.04395604395604396,-0.4835164835164835,-0.054945054945054944,-0.6593406593406593,-0.06043956043956044,-0.7747252747252747,-0.07692307692307693,-0.8791208791208791
7,0.0,0.0,-0.1978021978021978,-0.07142857142857142,-0.35714285714285715,-0.21978021978021978,-0.44505494505494503,-0.36813186813186816,-0.5384615384615384,-0.4945054945054945,-0.3626373626373626,-0.47802197802197804,-0.47802197802197804,-0.6703296703296703,-0.5384615384615384,-0.7912087912087912,-0.5879120879120879,-0.8956043956043956,-0.27472527472527475,-0.521978021978022,-0.3901098901098901,-0.7417582417582418,-0.46153846153846156,-0.8791208791208791,-0.5164835164835165,-1.0,-0.16483516483516483,-0.521978021978022,-0.21978021978021978,-0.7417582417582418,-0.24175824175824176,-0.8736263736263736,-0.25824175824175827,-0.9945054945054945,-0.038461538461538464,-0.47802197802197804,-0.054945054945054944,-0.6593406593406593,-0.07142857142857142,-0.7747252747252747,-0.08791208791208792,-0.8736263736263736
7,0.0,0.0,-0.1912568306010929,-0.06557377049180328,-0.3442622950819672,-0.21311475409836064,-0.43169398907103823,-0.36065573770491804,-0.5245901639344263,-0.4918032786885246,-0.3551912568306011,-0.47540983606557374,-0.46994535519125685,-0.6666666666666666,-0.5300546448087432,-0.7814207650273224,-0.5737704918032787,-0.8907103825136612,-0.2677595628415301,-0.5191256830601093,-0.3879781420765027,-0.7431693989071039,-0.453551912568306,-0.8797814207650273,-0.5027322404371585,-1.0,-0.15300546448087432,-0.5136612021857924,-0.19672131147540983,-0.7377049180327869,-0.19672131147540983,-0.8743169398907104,-0.20218579234972678,-0.994535519125683,-0.0273224043715847,-0.46994535519125685,-0.04371584699453552,-0.644808743169399,-0.04918032786885246,-0.7595628415300546,-0.060109289617486336,-0.8633879781420765
7,0.0,0.0,-0.18579234972677597,-0.06557377049180328,-0.3442622950819672,-0.2185792349726776,-0.4262295081967213,-0.366120218579235,-0.5191256830601093,-0.4918032786885246,-0.34972677595628415,-0.4808743169398907,-0.4644808743169399,-0.6721311475409836,-0.5245901639344263,-0.7868852459016393,-0.5683060109289617,-0.8907103825136612,-0.26229508196721313,-0.5300546448087432,-0.3770491803278688,-0.7486338797814208,-0.4426229508196721,-0.8852459016393442,-0.4972677595628415,-1.0,-0.15300546448087432,-0.5300546448087432,-0.19672131147540983,-0.7486338797814208,-0.20218579234972678,-0.8852459016393442,-0.20765027322404372,-1.0,-0.0273224043715847,-0.48633879781420764,-0.03825136612021858,-0.6612021857923497,-0.04918032786885246,-0.7704918032786885,-0.06557377049180328,-0.8688524590163934
7,0.0,0.0,-0.19021739130434784,-0.07608695652173914,-0.33695652173913043,-0.22282608695652173,-0.42391304347826086,-0.3641304347826087,-0.5108695652173914,-0.4891304347826087,-0.34782608695652173,-0.4782608695652174,-0.46195652173913043,-0.6684782608695652,-0.5163043478260869,-0.782608695652174,-0.5543478260869565,-0.8858695652173914,-0.2554347826086957,-0.5217391304347826,-0.375,-0.7391304347826086,-0.44021739130434784,-0.875,-0.483695652173913,-0.9945652173913043,-0.14673913043478262,-0.5217391304347826,-0.19021739130434784,-0.7391304347826086,-0.20108695652173914,-0.875,-0.20652173913043478,-1.0,-0.021739130434782608,-0.483695652173913,-0.03260869565217391,-0.657608695652174,-0.03804347826086957,-0.7717391304347826,-0.05434782608695652,-0.875
7,0.0,0.0,-0.19021739130434784,-0.06521739130434782,-0.3423913043478261,-0.21739130434782608,-0.42934782608695654,-0.358695652173913,-0.5217391304347826,-0.4891304347826087,-0.3532608695652174,-0.47282608695652173,-0.4673913043478261,-0.6630434782608695,-0.5271739130434783,-0.7717391304347826,-0.5706521739130435,-0.8804347826086957,-0.266304347826087,-0.5271739130434783,-0.3804347826086957,-0.7391304347826086,-0.44565217391304346,-0.875,-0.5,-0.9891304347826086,-0.15217391304347827,-0.5271739130434783,-0.19021739130434784,-0.7445652173913043,-0.1956521739130435,-0.8804347826086957,-0.20108695652173914,-1.0,-0.03260869565217391,-0.4891304347826087,-0.03804347826086957,-0.6630434782608695,-0.043478260869565216,-0.7717391304347826,-0.05434782608695652,-0.875
7,0.0,0.0,-0.1956521739130435,-0.06521739130434782,-0.3423913043478261,-0.21739130434782608,-0.42934782608695654,-0.3641304347826087,-0.5217391304347826,-0.483695652173913,-0.3532608695652174,-0.4782608695652174,-0.47282608695652173,-0.657608695652174,-0.532608695652174,-0.7663043478260869,-0.5706521739130435,-0.8695652173913043,-0.2608695652173913,-0.532608695652174,-0.3804347826086957,-0.7391304347826086,-0.44565217391304346,-0.875,-0.4891304347826087,-0.9891304347826086,-0.15217391304347827,-0.532608695652174,-0.19021739130434784,-0.7445652173913043,-0.19021739130434784,-0.8804347826086957,-0.20108695652173914,-1.0,-0.03260869565217391,-0.4945652173913043,-0.03804347826086957,-0.6630434782608695,-0.03804347826086957,-0.7663043478260869,-0.04891304347826087,-0.8641304347826086
7,0.0,0.0,-0.1891891891891892,-0.05945945945945946,-0.34054054054054056,-0.20540540540540542,-0.43243243243243246,-0.35135135135135137,-0.5243243243243243,-0.4756756756756757,-0.35135135135135137,-0.4702702702702703,-0.4648648648648649,-0.654054054054054,-0.5243243243243243,-0.7621621621621621,-0.5675675675675675,-0.8648648648648649,-0.2594594594594595,-0.5297297297297298,-0.3783783783783784,-0.7405405405405405,-0.44324324324324327,-0.8702702702702703,-0.4864864864864865,-0.9891891891891892,-0.15135135135135136,-0.5351351351351351,-0.1837837837837838,-0.7513513513513513,-0.1945945945945946,-0.8864864864864865,-0.20540540540540542,-1.0,-0.032432432432432434,-0.5027027027027027,-0.032432432432432434,-0.6756756756756757,-0.03783783783783784,-0.7783783783783784,-0.04864864864864865,-0.8756756756756757
7,0.0,0.0,-0.19148936170212766,-0.06914893617021277,-0.3351063829787234,-0.2127659574468085,-0.425531914893617,-0.35106382978723405,-0.5159574468085106,-0.4734042553191489,-0.3351063829787234,-0.46808510638297873,-0.44680851063829785,-0.648936170212766,-0.5053191489361702,-0.7553191489361702,-0.5478723404255319,-0.8563829787234043,-0.24468085106382978,-0.5212765957446809,-0.3617021276595745,-0.7287234042553191,-0.425531914893617,-0.8617021276595744,-0.4734042553191489,-0.973404255319149,-0.13829787234042554,-0.526595744680851,-0.17553191489361702,-0.7393617021276596,-0.18085106382978725,-0.8776595744680851,-0.19680851063829788,-1.0,-0.02127659574468085,-0.4946808510638298,-0.026595744680851064,-0.6595744680851063,-0.03723404255319149,-0.7659574468085106,-0.05319148936170213,-0.8617021276595744
7,0.0,0.0,-0.18716577540106952,-0.0748663101604278,-0.3315508021390374,-0.22459893048128343,-0.41711229946524064,-0.36363636363636365,-0.5080213903743316,-0.48128342245989303,-0.32620320855614976,-0.48663101604278075,-0.42780748663101603,-0.6684491978609626,-0.48663101604278075,-0.7754010695187166,-0.5294117647058824,-0.8716577540106952,-0.23529411764705882,-0.5347593582887701,-0.35294117647058826,-0.7379679144385026,-0.4117647058823529,-0.8663101604278075,-0.45989304812834225,-0.983957219251337,-0.13368983957219252,-0.5294117647058824,-0.1657754010695187,-0.7433155080213903,-0.1711229946524064,-0.8770053475935828,-0.18181818181818182,-1.0,-0.016042780748663103,-0.48663101604278075,-0.0213903743315508,-0.6631016042780749,-0.026737967914438502,-0.7700534759358288,-0.0427807486631016,-0.8716577540106952
7,0.0,0.0,-0.17647058823529413,-0.06417112299465241,-0.32085561497326204,-0.20855614973262032,-0.4117647058823529,-0.35294117647058826,-0.5080213903743316,-0.47593582887700536,-0.32620320855614976,-0.47593582887700536,-0.4385026737967914,-0.6577540106951871,-0.5026737967914439,-0.7593582887700535,-0.5401069518716578,-0.8663101604278075,-0.23529411764705882,-0.5294117647058824,-0.35294117647058826,-0.7379679144385026,-0.41711229946524064,-0.8663101604278075,-0.46524064171123,-0.9786096256684492,-0.12834224598930483,-0.5294117647058824,-0.1711229946524064,-0.7433155080213903,-0.17647058823529413,-0.8770053475935828,-0.18181818181818182,-1.0,-0.0106951871657754,-0.48663101604278075,-0.0213903743315508,-0.6577540106951871,-0.03208556149732621,-0.7647058823529411,-0.0481283422459893,-0.8663101604278075
7,0.0,0.0,-0.1881720430107527,-0.06451612903225806,-0.3279569892473118,-0.20967741935483872,-0.41935483870967744,-0.34946236559139787,-0.510752688172043,-0.4731182795698925,-0.3333333333333333,-0.4731182795698925,-0.44623655913978494,-0.6612903225806451,-0.5053763440860215,-0.7688172043010753,-0.5376344086021505,-0.8709677419354839,-0.24193548387096775,-0.5268817204301075,-0.3602150537634409,-0.7365591397849462,-0.41935483870967744,-0.8655913978494624,-0.46236559139784944,-0.989247311827957,-0.13440860215053763,-0.532258064516129,-0.17204301075268819,-0.7419354838709677,-0.17204301075268819,-0.8817204301075269,-0.1774193548387097,-1.0,-0.021505376344086023,-0.4946236559139785,-0.021505376344086023,-0.6612903225806451,-0.026881720430107527,-0.7634408602150538,-0.043010752688172046,-0.8602150537634409
7,0.0,0.0,-0.17647058823529413,-0.06951871657754011,-0.32620320855614976,-0.21390374331550802,-0.4117647058823529,-0.3582887700534759,-0.49732620320855614,-0.48128342245989303,-0.32085561497326204,-0.48128342245989303,-0.42780748663101603,-0.6684491978609626,-0.48128342245989303,-0.7754010695187166,-0.5187165775401069,-0.8770053475935828,-0.23529411764705882,-0.5294117647058824,-0.35294117647058826,-0.7379679144385026,-0.41711229946524064,-0.8716577540106952,-0.45989304812834225,-0.9893048128342246,-0.12834224598930483,-0.5294117647058824,-0.1657754010695187,-0.7486631016042781,-0.1711229946524064,-0.8823529411764706,-0.17647058823529413,-1.0,-0.016042780748663103,-0.48663101604278075,-0.0213903743315508,-0.6631016042780749,-0.026737967914438502,-0.7754010695187166,-0.0427807486631016,-0.8770053475935828
7,0.0,0.0,-0.1827956989247312,-0.07526881720430108,-0.3279569892473118,-0.22580645161290322,-0.41935483870967744,-0.3655913978494624,-0.5,-0.489247311827957,-0.3279569892473118,-0.4838709677419355,-0.44623655913978494,-0.6666666666666666,-0.5053763440860215,-0.7741935483870968,-0.543010752688172,-0.8763440860215054,-0.24193548387096775,-0.5376344086021505,-0.3548387096774194,-0.7419354838709677,-0.41935483870967744,-0.8763440860215054,-0.46236559139784944,-0.9946236559139785,-0.12903225806451613,-0.5376344086021505,-0.16666666666666666,-0.7526881720430108,-0.17204301075268819,-0.8817204301075269,-0.1774193548387097,-1.0,-0.010752688172043012,-0.5,-0.016129032258064516,-0.6720430107526881,-0.021505376344086023,-0.7795698924731183,-0.03763440860215054,-0.8763440860215054
7,0.0,0.0,-0.18181818181818182,-0.0748663101604278,-0.32085561497326204,-0.22459893048128343,-0.40641711229946526,-0.3689839572192513,-0.49732620320855614,-0.4919786096256685,-0.32085561497326204,-0.48128342245989303,-0.42780748663101603,-0.6684491978609626,-0.48663101604278075,-0.7807486631016043,-0.5240641711229946,-0.8823529411764706,-0.22994652406417113,-0.5294117647058824,-0.33689839572192515,-0.7433155080213903,-0.40106951871657753,-0.8770053475935828,-0.44919786096256686,-1.0,-0.12299465240641712,-0.5240641711229946,-0.15508021390374332,-0.7433155080213903,-0.16042780748663102,-0.8770053475935828,-0.1711229946524064,-1.0,-0.0053475935828877,-0.48128342245989303,-0.0106951871657754,-0.6524064171122995,-0.016042780748663103,-0.7647058823529411,-0.0374331550802139,-0.8663101604278075
7,0.0,0.0,-0.1827956989247312,-0.06451612903225806,-0.3279569892473118,-0.21505376344086022,-0.41397849462365593,-0.3548387096774194,-0.5,-0.4838709677419355,-0.3279569892473118,-0.478494623655914,-0.44086021505376344,-0.6559139784946236,-0.5,-0.7688172043010753,-0.5376344086021505,-0.8709677419354839,-0.23655913978494625,-0.532258064516129,-0.34946236559139787,-0.7365591397849462,-0.41397849462365593,-0.8709677419354839,-0.45698924731182794,-0.989247311827957,-0.13440860215053763,-0.543010752688172,-0.16129032258064516,-0.7526881720430108,-0.16666666666666666,-0.8817204301075269,-0.17204301075268819,-1.0,-0.016129032258064516,-0.510752688172043,-0.021505376344086023,-0.6774193548387096,-0.03225806451612903,-0.7795698924731183,-0.04838709677419355,-0.8763440860215054
7,0.0,0.0,-0.18716577540106952,-0.06951871657754011,-0.3315508021390374,-0.21390374331550802,-0.41711229946524064,-0.3582887700534759,-0.5026737967914439,-0.48128342245989303,-0.3315508021390374,-0.47593582887700536,-0.44385026737967914,-0.6631016042780749,-0.5026737967914439,-0.7700534759358288,-0.5454545454545454,-0.8716577540106952,-0.24064171122994651,-0.5347593582887701,-0.35294117647058826,-0.7379679144385026,-0.4117647058823529,-0.8663101604278075,-0.45989304812834225,-0.9893048128342246,-0.13368983957219252,-0.5401069518716578,-0.1657754010695187,-0.7486631016042781,-0.1711229946524064,-0.8823529411764706,-0.18181818181818182,-1.0,-0.0213903743315508,-0.5080213903743316,-0.026737967914438502,-0.6737967914438503,-0.03208556149732621,-0.7754010695187166,-0.053475935828877004,-0.8716577540106952
7,0.0,0.0,-0.18181818181818182,-0.06417112299465241,-0.3315508021390374,-0.21390374331550802,-0.4117647058823529,-0.3582887700534759,-0.5026737967914439,-0.48663101604278075,-0.3315508021390374,-0.48128342245989303,-0.43315508021390375,-0.6631016042780749,-0.48663101604278075,-0.7700534759358288,-0.5294117647058824,-0.8770053475935828,-0.24064171122994651,-0.5294117647058824,-0.34759358288770054,-0.7379679144385026,-0.4117647058823529,-0.8663101604278075,-0.45989304812834225,-0.983957219251337,-0.13368983957219252,-0.5294117647058824,-0.1657754010695187,-0.7433155080213903,-0.1711229946524064,-0.8823529411764706,-0.18181818181818182,-1.0,-0.0213903743315508,-0.48663101604278075,-0.0213903743315508,-0.6577540106951871,-0.026737967914438502,-0.7647058823529411,-0.0427807486631016,-0.8663101604278075
7,0.0,0.0,-0.18716577540106952,-0.06951871657754011,-0.32620320855614976,-0.2192513368983957,-0.4117647058823529,-0.3582887700534759,-0.4919786096256685,-0.48663101604278075,-0.32085561497326204,-0.48128342245989303,-0.42780748663101603,-0.6631016042780749,-0.48128342245989303,-0.7700534759358288,-0.5187165775401069,-0.8716577540106952,-0.22994652406417113,-0.5294117647058824,-0.33689839572192515,-0.7379679144385026,-0.40106951871657753,-0.8663101604278075,-0.44385026737967914,-0.983957219251337,-0.12299465240641712,-0.5347593582887701,-0.15508021390374332,-0.7433155080213903,-0.15508021390374332,-0.8823529411764706,-0.16042780748663102,-1.0,-0.0053475935828877,-0.4919786096256685,-0.0106951871657754,-0.6577540106951871,-0.016042780748663103,-0.7647058823529411,-0.03208556149732621,-0.8663101604278075
7,0.0,0.0,-0.1891891891891892,-0.07027027027027027,-0.33513513513513515,-0.22162162162162163,-0.41621621621621624,-0.3675675675675676,-0.4972972972972973,-0.4972972972972973,-0.32972972972972975,-0.4864864864864865,-0.43783783783783786,-0.6756756756756757,-0.4918918918918919,-0.7837837837837838,-0.5297297297297298,-0.8864864864864865,-0.23243243243243245,-0.5405405405405406,-0.33513513513513515,-0.7513513513513513,-0.3945945945945946,-0.8864864864864865,-0.43783783783783786,-1.0,-0.12432432432432433,-0.5405405405405406,-0.15135135135135136,-0.7567567567567568,-0.15135135135135136,-0.8864864864864865,-0.15675675675675677,-1.0,-0.005405405405405406,-0.5027027027027027,-0.010810810810810811,-0.6702702702702703,-0.010810810810810811,-0.7783783783783784,-0.02702702702702703,-0.8702702702702703
7,0.0,0.0,-0.19148936170212766,-0.06914893617021277,-0.32978723404255317,-0.21808510638297873,-0.4095744680851064,-0.3617021276595745,-0.48936170212765956,-0.4946808510638298,-0.3191489361702128,-0.4787234042553192,-0.425531914893617,-0.6595744680851063,-0.4787234042553192,-0.7659574468085106,-0.5159574468085106,-0.8723404255319149,-0.22340425531914893,-0.5319148936170213,-0.324468085106383,-0.7446808510638298,-0.3882978723404255,-0.8776595744680851,-0.4308510638297872,-0.9946808510638298,-0.11702127659574468,-0.5372340425531915,-0.14361702127659576,-0.75,-0.14361702127659576,-0.8829787234042553,-0.14893617021276595,-1.0,0.0,-0.5,0.0,-0.6648936170212766,-0.005319148936170213,-0.7712765957446809,-0.02127659574468085,-0.8617021276595744
7,0.0,0.0,-0.18518518518518517,-0.07407407407407407,-0.328042328042328,-0.2222222222222222,-0.4074074074074074,-0.36507936507936506,-0.48148148148148145,-0.4973544973544973,-0.31216931216931215,-0.48677248677248675,-0.4126984126984127,-0.671957671957672,-0.4603174603174603,-0.783068783068783,-0.4973544973544973,-0.8888888888888888,-0.21693121693121692,-0.5396825396825397,-0.31216931216931215,-0.746031746031746,-0.37037037037037035,-0.8835978835978836,-0.4126984126984127,-1.0,-0.1111111111111111,-0.5343915343915344,-0.12698412698412698,-0.746031746031746,-0.12698412698412698,-0.8783068783068783,-0.13227513227513227,-1.0,0.005291005291005291,-0.49206349206349204,0.010582010582010581,-0.6507936507936508,0.005291005291005291,-0.7566137566137566,-0.010582010582010581,-0.8465608465608465
7,0.0,0.0,-0.19047619047619047,-0.07407407407407407,-0.3333333333333333,-0.2222222222222222,-0.4126984126984127,-0.36507936507936506,-0.48677248677248675,-0.4973544973544973,-0.31746031746031744,-0.48677248677248675,-0.41798941798941797,-0.671957671957672,-0.4656084656084656,-0.783068783068783,-0.5026455026455027,-0.8888888888888888,-0.2222222222222222,-0.5396825396825397,-0.31746031746031744,-0.7513227513227513,-0.37566137566137564,-0.8835978835978836,-0.41798941798941797,-1.0,-0.1111111111111111,-0.5343915343915344,-0.12698412698412698,-0.746031746031746,-0.12698412698412698,-0.8783068783068783,-0.13227513227513227,-0.9947089947089947,0.0,-0.49206349206349204,0.010582010582010581,-0.6507936507936508,0.005291005291005291,-0.7513227513227513,-0.015873015873015872,-0.8412698412698413
7,0.0,0.0,-0.18421052631578946,-0.07368421052631578,-0.32105263157894737,-0.22631578947368422,-0.4,-0.3684210526315789,-0.47368421052631576,-0.49473684210526314,-0.3,-0.48947368421052634,-0.4,-0.6736842105263158,-0.45263157894736844,-0.7842105263157895,-0.48947368421052634,-0.8842105263157894,-0.20526315789473684,-0.5368421052631579,-0.30526315789473685,-0.7526315789473684,-0.3631578947368421,-0.8842105263157894,-0.4052631578947368,-1.0,-0.1,-0.5368421052631579,-0.12105263157894737,-0.7473684210526316,-0.12105263157894737,-0.8842105263157894,-0.12631578947368421,-0.9947368421052631,0.010526315789473684,-0.48947368421052634,0.015789473684210527,-0.6526315789473685,0.010526315789473684,-0.7578947368421053,-0.005263157894736842,-0.8526315789473684
7,0.0,0.0,-0.17894736842105263,-0.06842105263157895,-0.3157894736842105,-0.22105263157894736,-0.3894736842105263,-0.3684210526315789,-0.47368421052631576,-0.49473684210526314,-0.30526315789473685,-0.4842105263157895,-0.4,-0.6684210526315789,-0.4473684210526316,-0.7789473684210526,-0.4789473684210526,-0.8789473684210526,-0.21052631578947367,-0.5368421052631579,-0.3,-0.7473684210526316,-0.3526315789473684,-0.8789473684210526,-0.39473684210526316,-0.9947368421052631,-0.10526315789473684,-0.5368421052631579,-0.12105263157894737,-0.7473684210526316,-0.12105263157894737,-0.8842105263157894,-0.12105263157894737,-1.0,0.010526315789473684,-0.49473684210526314,0.021052631578947368,-0.6578947368421053,0.015789473684210527,-0.7631578947368421,0.0,-0.8526315789473684
7,0.0,0.0,-0.18229166666666666,-0.07291666666666667,-0.3177083333333333,-0.22395833333333334,-0.3854166666666667,-0.3697916666666667,-0.4583333333333333,-0.4947916666666667,-0.2916666666666667,-0.484375,-0.3802083333333333,-0.671875,-0.4322916666666667,-0.7864583333333334,-0.4635416666666667,-0.8854166666666666,-0.19791666666666666,-0.53125,-0.28125,-0.7447916666666666,-0.328125,-0.8802083333333334,-0.3645833333333333,-1.0,-0.09375,-0.53125,-0.109375,-0.7447916666666666,-0.10416666666666667,-0.875,-0.109375,-0.984375,0.015625,-0.4895833333333333,0.026041666666666668,-0.6510416666666666,0.026041666666666668,-0.7552083333333334,0.005208333333333333,-0.84375
7,0.0,0.0,-0.17616580310880828,-0.07253886010362694,-0.30569948186528495,-0.22797927461139897,-0.3626943005181347,-0.37823834196891193,-0.43523316062176165,-0.5025906735751295,-0.27979274611398963,-0.48704663212435234,-0.3626943005181347,-0.6735751295336787,-0.40414507772020725,-0.7875647668393783,-0.42487046632124353,-0.8911917098445595,-0.18652849740932642,-0.533678756476684,-0.26424870466321243,-0.7512953367875648,-0.30569948186528495,-0.8860103626943006,-0.33678756476683935,-1.0,-0.08290155440414508,-0.5284974093264249,-0.07772020725388601,-0.7357512953367875,-0.06217616580310881,-0.8704663212435233,-0.05181347150259067,-0.9844559585492227,0.025906735751295335,-0.48704663212435234,0.04145077720207254,-0.6528497409326425,0.046632124352331605,-0.7564766839378239,0.03626943005181347,-0.8497409326424871
7,0.0,0.0,-0.17435897435897435,-0.07692307692307693,-0.2923076923076923,-0.23076923076923078,-0.35384615384615387,-0.37948717948717947,-0.4153846153846154,-0.5076923076923077,-0.2512820512820513,-0.48717948717948717,-0.3282051282051282,-0.6717948717948717,-0.3641025641025641,-0.7846153846153846,-0.38461538461538464,-0.8923076923076924,-0.15897435897435896,-0.5333333333333333,-0.23076923076923078,-0.7487179487179487,-0.26666666666666666,-0.882051282051282,-0.29743589743589743,-1.0,-0.05641025641025641,-0.5333333333333333,-0.035897435897435895,-0.7333333333333333,-0.015384615384615385,-0.8615384615384616,-0.010256410256410256,-0.9794871794871794,0.046153846153846156,-0.48717948717948717,0.07179487179487179,-0.6512820512820513,0.08205128205128205,-0.7487179487179487,0.07692307692307693,-0.8358974358974359
7,0.0,0.0,-0.17435897435897435,-0.07179487179487179,-0.2923076923076923,-0.22564102564102564,-0.35384615384615387,-0.37435897435897436,-0.4153846153846154,-0.5076923076923077,-0.2564102564102564,-0.47692307692307695,-0.3333333333333333,-0.6666666666666666,-0.3641025641025641,-0.7794871794871795,-0.38461538461538464,-0.882051282051282,-0.15897435897435896,-0.5333333333333333,-0.22564102564102564,-0.7487179487179487,-0.26666666666666666,-0.882051282051282,-0.29743589743589743,-1.0,-0.05641025641025641,-0.5282051282051282,-0.041025641025641026,-0.7384615384615385,-0.020512820512820513,-0.8666666666666667,-0.010256410256410256,-0.9743589743589743,0.046153846153846156,-0.48717948717948717,0.07179487179487179,-0.6461538461538462,0.08205128205128205,-0.7435897435897436,0.07179487179487179,-0.8307692307692308
7,0.0,0.0,-0.1794871794871795,-0.07179487179487179,-0.30256410256410254,-0.22564102564102564,-0.3641025641025641,-0.37435897435897436,-0.4307692307692308,-0.5076923076923077,-0.26666666666666666,-0.48205128205128206,-0.3487179487179487,-0.6717948717948717,-0.38974358974358975,-0.7846153846153846,-0.4153846153846154,-0.8871794871794871,-0.16923076923076924,-0.5333333333333333,-0.24102564102564103,-0.7435897435897436,-0.28205128205128205,-0.882051282051282,-0.3230769230769231,-1.0,-0.06666666666666667,-0.5333333333333333,-0.05128205128205128,-0.7384615384615385,-0.03076923076923077,-0.8717948717948718,-0.02564102564102564,-0.9794871794871794,0.041025641025641026,-0.49743589743589745,0.06153846153846154,-0.6512820512820513,0.07179487179487179,-0.7487179487179487,0.06153846153846154,-0.8358974358974359
7,0.0,0.0,-0.18041237113402062,-0.07216494845360824,-0.30412371134020616,-0.22164948453608246,-0.36597938144329895,-0.3711340206185567,-0.4329896907216495,-0.5,-0.27835051546391754,-0.4793814432989691,-0.3556701030927835,-0.6701030927835051,-0.39690721649484534,-0.7835051546391752,-0.422680412371134,-0.8865979381443299,-0.18041237113402062,-0.5309278350515464,-0.25257731958762886,-0.7474226804123711,-0.29896907216494845,-0.8865979381443299,-0.33505154639175255,-1.0,-0.07216494845360824,-0.5360824742268041,-0.07731958762886598,-0.7474226804123711,-0.06701030927835051,-0.8814432989690721,-0.06701030927835051,-0.9896907216494846,0.03608247422680412,-0.5,0.05670103092783505,-0.6597938144329897,0.05670103092783505,-0.7628865979381443,0.04639175257731959,-0.8505154639175257
7,0.0,0.0,-0.17435897435897435,-0.06666666666666667,-0.3076923076923077,-0.2153846153846154,-0.37435897435897436,-0.3641025641025641,-0.4461538461538462,-0.49743589743589745,-0.2923076923076923,-0.4717948717948718,-0.36923076923076925,-0.6666666666666666,-0.41025641025641024,-0.7846153846153846,-0.4307692307692308,-0.8923076923076924,-0.18974358974358974,-0.5282051282051282,-0.26666666666666666,-0.7435897435897436,-0.3076923076923077,-0.882051282051282,-0.3487179487179487,-1.0,-0.08205128205128205,-0.5384615384615384,-0.08717948717948718,-0.7487179487179487,-0.07692307692307693,-0.8769230769230769,-0.07692307692307693,-0.9897435897435898,0.03076923076923077,-0.49743589743589745,0.05128205128205128,-0.6564102564102564,0.05128205128205128,-0.7589743589743589,0.035897435897435895,-0.841025641025641
7,0.0,0.0,-0.17676767676767677,-0.06565656565656566,-0.30303030303030304,-0.20707070707070707,-0.3686868686868687,-0.35858585858585856,-0.4393939393939394,-0.4898989898989899,-0.2828282828282828,-0.46464646464646464,-0.3686868686868687,-0.6616161616161617,-0.41414141414141414,-0.7777777777777778,-0.4393939393939394,-0.8787878787878788,-0.18686868686868688,-0.5202020202020202,-0.2676767676767677,-0.7373737373737373,-0.31313131313131315,-0.8787878787878788,-0.35353535353535354,-1.0,-0.07575757575757576,-0.5252525252525253,-0.08585858585858586,-0.7424242424242424,-0.07575757575757576,-0.8787878787878788,-0.0707070707070707,-0.98989898989899,0.03535353535353535,-0.4898989898989899,0.050505050505050504,-0.6565656565656566,0.050505050505050504,-0.7626262626262627,0.04040404040404041,-0.8484848484848485
7,0.0,0.0,-0.17412935323383086,-0.05970149253731343,-0.3034825870646766,-0.20398009950248755,-0.373134328358209,-0.3482587064676617,-0.44776119402985076,-0.48258706467661694,-0.2835820895522388,-0.472636815920398,-0.3880597014925373,-0.6666666666666666,-0.43781094527363185,-0.7761194029850746,-0.472636815920398,-0.8805970149253731,-0.18407960199004975,-0.527363184079602,-0.27860696517412936,-0.7412935323383084,-0.3383084577114428,-0.8756218905472637,-0.3880597014925373,-1.0,-0.07960199004975124,-0.527363184079602,-0.0945273631840796,-0.7412935323383084,-0.08955223880597014,-0.8805970149253731,-0.08955223880597014,-1.0,0.029850746268656716,-0.48756218905472637,0.03980099502487562,-0.6517412935323383,0.03980099502487562,-0.7562189054726368,0.029850746268656716,-0.8507462686567164
7,0.0,0.0,-0.17647058823529413,-0.06372549019607843,-0.30392156862745096,-0.2107843137254902,-0.37254901960784315,-0.3627450980392157,-0.44607843137254904,-0.4852941176470588,-0.27941176470588236,-0.47549019607843135,-0.37745098039215685,-0.6666666666666666,-0.4264705882352941,-0.7745098039215687,-0.45588235294117646,-0.8774509803921569,-0.18137254901960784,-0.5294117647058824,-0.27450980392156865,-0.7401960784313726,-0.3284313725490196,-0.8725490196078431,-0.37745098039215685,-0.9901960784313726,-0.0784313725490196,-0.5343137254901961,-0.09313725490196079,-0.75,-0.09313725490196079,-0.8823529411764706,-0.09313725490196079,-1.0,0.03431372549019608,-0.5,0.04411764705882353,-0.6617647058823529,0.049019607843137254,-0.7647058823529411,0.0392156862745098,-0.8578431372549019
7,0.0,0.0,-0.17647058823529413,-0.06372549019607843,-0.3088235294117647,-0.2107843137254902,-0.38235294117647056,-0.35784313725490197,-0.45588235294117646,-0.4852941176470588,-0.28921568627450983,-0.47549019607843135,-0.39215686274509803,-0.6666666666666666,-0.44607843137254904,-0.7794117647058824,-0.4803921568627451,-0.8774509803921569,-0.19607843137254902,-0.5245098039215687,-0.28431372549019607,-0.7401960784313726,-0.3431372549019608,-0.8774509803921569,-0.39215686274509803,-0.9950980392156863,-0.09803921568627451,-0.5245098039215687,-0.11274509803921569,-0.7450980392156863,-0.10294117647058823,-0.8823529411764706,-0.10294117647058823,-1.0,0.00980392156862745,-0.4803921568627451,0.024509803921568627,-0.6470588235294118,0.029411764705882353,-0.7549019607843137,0.029411764705882353,-0.8529411764705882
7,0.0,0.0,-0.1715686274509804,-0.06372549019607843,-0.3088235294117647,-0.20588235294117646,-0.3872549019607843,-0.35294117647058826,-0.46568627450980393,-0.4852941176470588,-0.30392156862745096,-0.47058823529411764,-0.4068627450980392,-0.6666666666666666,-0.45588235294117646,-0.7794117647058824,-0.4852941176470588,-0.8872549019607843,-0.2107843137254902,-0.5245098039215687,-0.3088235294117647,-0.7401960784313726,-0.3627450980392157,-0.8774509803921569,-0.4068627450980392,-1.0,-0.10784313725490197,-0.5245098039215687,-0.12254901960784313,-0.7450980392156863,-0.11274509803921569,-0.8823529411764706,-0.11274509803921569,-1.0,0.0,-0.4803921568627451,0.014705882352941176,-0.6519607843137255,0.024509803921568627,-0.7598039215686274,0.0196078431372549,-0.8627450980392157
7,0.0,0.0,-0.17391304347826086,-0.07246376811594203,-0.30917874396135264,-0.21739130434782608,-0.3864734299516908,-0.36231884057971014,-0.463768115942029,-0.4927536231884058,-0.2946859903381642,-0.4782608695652174,-0.391304347826087,-0.6618357487922706,-0.4396135265700483,-0.7729468599033816,-0.47342995169082125,-0.8792270531400966,-0.2028985507246377,-0.5265700483091788,-0.2995169082125604,-0.7391304347826086,-0.357487922705314,-0.8792270531400966,-0.40096618357487923,-1.0,-0.10628019323671498,-0.5217391304347826,-0.1111111111111111,-0.7391304347826086,-0.10628019323671498,-0.8792270531400966,-0.10628019323671498,-0.9951690821256038,0.0,-0.47342995169082125,0.01932367149758454,-0.642512077294686,0.024154589371980676,-0.7536231884057971,0.01932367149758454,-0.8502415458937198
7,0.0,0.0,-0.17391304347826086,-0.07246376811594203,-0.30917874396135264,-0.21739130434782608,-0.3864734299516908,-0.36231884057971014,-0.45893719806763283,-0.4927536231884058,-0.2995169082125604,-0.4830917874396135,-0.3961352657004831,-0.6714975845410628,-0.4492753623188406,-0.782608695652174,-0.4782608695652174,-0.8888888888888888,-0.20772946859903382,-0.5265700483091788,-0.30434782608695654,-0.7439613526570048,-0.36231884057971014,-0.8792270531400966,-0.40096618357487923,-1.0,-0.10628019323671498,-0.5217391304347826,-0.11594202898550725,-0.7439613526570048,-0.1111111111111111,-0.8792270531400966,-0.1111111111111111,-0.9951690821256038,0.0,-0.4782608695652174,0.014492753623188406,-0.6473429951690821,0.024154589371980676,-0.7536231884057971,0.01932367149758454,-0.855072463768116
7,0.0,0.0,-0.178743961352657,-0.07246376811594203,-0.3188405797101449,-0.21256038647342995,-0.40096618357487923,-0.357487922705314,-0.4782608695652174,-0.4927536231884058,-0.3140096618357488,-0.4782608695652174,-0.41545893719806765,-0.6666666666666666,-0.463768115942029,-0.7777777777777778,-0.4975845410628019,-0.8792270531400966,-0.2222222222222222,-0.5265700483091788,-0.3140096618357488,-0.7391304347826086,-0.3719806763285024,-0.8792270531400966,-0.4106280193236715,-1.0,-0.12077294685990338,-0.5217391304347826,-0.13526570048309178,-0.7391304347826086,-0.12560386473429952,-0.8743961352657005,-0.12560386473429952,-0.9951690821256038,-0.014492753623188406,-0.47342995169082125,0.0,-0.642512077294686,0.00966183574879227,-0.7536231884057971,0.00966183574879227,-0.8502415458937198
7,0.0,0.0,-0.18840579710144928,-0.07246376811594203,-0.3285024154589372,-0.21256038647342995,-0.4057971014492754,-0.357487922705314,-0.4830917874396135,-0.4927536231884058,-0.3188405797101449,-0.47342995169082125,-0.42028985507246375,-0.6666666666666666,-0.47342995169082125,-0.7777777777777778,-0.5072463768115942,-0.8840579710144928,-0.2318840579710145,-0.5217391304347826,-0.32367149758454106,-0.7439613526570048,-0.38164251207729466,-0.8792270531400966,-0.4251207729468599,-1.0,-0.13043478260869565,-0.5169082125603864,-0.14009661835748793,-0.7391304347826086,-0.13526570048309178,-0.8792270531400966,-0.13043478260869565,-0.9903381642512077,-0.01932367149758454,-0.47342995169082125,-0.004830917874396135,-0.6473429951690821,0.0,-0.7536231884057971,0.0,-0.855072463768116
7,0.0,0.0,-0.18357487922705315,-0.07246376811594203,-0.32367149758454106,-0.21256038647342995,-0.40096618357487923,-0.357487922705314,-0.4782608695652174,-0.48792270531400966,-0.3140096618357488,-0.47342995169082125,-0.41545893719806765,-0.6666666666666666,-0.463768115942029,-0.7777777777777778,-0.5024154589371981,-0.8792270531400966,-0.22705314009661837,-0.5217391304347826,-0.32367149758454106,-0.7439613526570048,-0.38164251207729466,-0.8792270531400966,-0.4251207729468599,-1.0,-0.12560386473429952,-0.5169082125603864,-0.14009661835748793,-0.7391304347826086,-0.12560386473429952,-0.8743961352657005,-0.12077294685990338,-0.9903381642512077,-0.014492753623188406,-0.47342995169082125,-0.004830917874396135,-0.642512077294686,0.004830917874396135,-0.7536231884057971,0.004830917874396135,-0.855072463768116
7,0.0,0.0,-0.178743961352657,-0.06763285024154589,-0.32367149758454106,-0.20772946859903382,-0.4057971014492754,-0.3526570048309179,-0.4830917874396135,-0.48792270531400966,-0.3188405797101449,-0.47342995169082125,-0.42028985507246375,-0.6618357487922706,-0.47342995169082125,-0.7729468599033816,-0.5072463768115942,-0.8792270531400966,-0.22705314009661837,-0.5217391304347826,-0.32367149758454106,-0.7439613526570048,-0.3864734299516908,-0.8792270531400966,-0.42995169082125606,-1.0,-0.12560386473429952,-0.5169082125603864,-0.14492753623188406,-0.7439613526570048,-0.13526570048309178,-0.8792270531400966,-0.13043478260869565,-0.9951690821256038,-0.01932367149758454,-0.47342995169082125,-0.00966183574879227,-0.6473429951690821,0.0,-0.7536231884057971,-0.004830917874396135,-0.855072463768116
7,0.0,0.0,-0.17307692307692307,-0.07211538461538461,-0.3125,-0.21634615384615385,-0.3894230769230769,-0.3605769230769231,-0.46634615384615385,-0.4951923076923077,-0.3076923076923077,-0.4807692307692308,-0.40865384615384615,-0.6682692307692307,-0.46153846153846156,-0.7788461538461539,-0.5,-0.8846153846153846,-0.22115384615384615,-0.5240384615384616,-0.32211538461538464,-0.7403846153846154,-0.38461538461538464,-0.8798076923076923,-0.42788461538461536,-1.0,-0.125,-0.5144230769230769,-0.13942307692307693,-0.7403846153846154,-0.1346153846153846,-0.8798076923076923,-0.12980769230769232,-0.9951923076923077,-0.014423076923076924,-0.46153846153846156,-0.009615384615384616,-0.6346153846153846,-0.009615384615384616,-0.7451923076923077,-0.014423076923076924,-0.8509615384615384
7,0.0,0.0,-0.1796116504854369,-0.07281553398058252,-0.3155339805825243,-0.21359223300970873,-0.3883495145631068,-0.3592233009708738,-0.4563106796116505,-0.49029126213592233,-0.3155339805825243,-0.48058252427184467,-0.4174757281553398,-0.6747572815533981,-0.46601941747572817,-0.7864077669902912,-0.5,-0.8883495145631068,-0.22815533980582525,-0.529126213592233,-0.32524271844660196,-0.7475728155339806,-0.3786407766990291,-0.883495145631068,-0.4174757281553398,-1.0,-0.12135922330097088,-0.5242718446601942,-0.1407766990291262,-0.7475728155339806,-0.13106796116504854,-0.8786407766990292,-0.1262135922330097,-0.9951456310679612,-0.014563106796116505,-0.47572815533980584,-0.0048543689320388345,-0.6456310679611651,0.0,-0.7524271844660194,-0.0048543689320388345,-0.8495145631067961
7,0.0,0.0,-0.17560975609756097,-0.06829268292682927,-0.3121951219512195,-0.2048780487804878,-0.3853658536585366,-0.3463414634146341,-0.44878048780487806,-0.48292682926829267,-0.32195121951219513,-0.47804878048780486,-0.424390243902439,-0.6731707317073171,-0.47804878048780486,-0.7804878048780488,-0.5121951219512195,-0.8829268292682927,-0.23414634146341465,-0.526829268292683,-0.34146341463414637,-0.7463414634146341,-0.4,-0.8780487804878049,-0.43902439024390244,-1.0,-0.13170731707317074,-0.5219512195121951,-0.15121951219512195,-0.7414634146341463,-0.14146341463414633,-0.8731707317073171,-0.13658536585365855,-0.9902439024390244,-0.024390243902439025,-0.47317073170731705,-0.014634146341463415,-0.6439024390243903,-0.00975609756097561,-0.7463414634146341,-0.00975609756097561,-0.848780487804878
7,0.0,0.0,-0.1782178217821782,-0.06435643564356436,-0.3118811881188119,-0.20297029702970298,-0.3811881188118812,-0.3415841584158416,-0.4405940594059406,-0.4752475247524752,-0.3316831683168317,-0.4801980198019802,-0.43564356435643564,-0.6683168316831684,-0.4900990099009901,-0.7821782178217822,-0.5247524752475248,-0.8861386138613861,-0.2524752475247525,-0.5297029702970297,-0.3564356435643564,-0.7475247524752475,-0.4158415841584158,-0.8811881188118812,-0.46534653465346537,-1.0,-0.1485148514851485,-0.5297029702970297,-0.17326732673267325,-0.7524752475247525,-0.16831683168316833,-0.8811881188118812,-0.17326732673267325,-0.995049504950495,-0.039603960396039604,-0.48514851485148514,-0.0297029702970297,-0.6534653465346535,-0.0297029702970297,-0.7673267326732673,-0.034653465346534656,-0.8663366336633663
7,0.0,0.0,-0.17326732673267325,-0.06435643564356436,-0.3069306930693069,-0.20297029702970298,-0.3811881188118812,-0.3415841584158416,-0.4405940594059406,-0.47029702970297027,-0.33663366336633666,-0.4801980198019802,-0.43564356435643564,-0.6633663366336634,-0.4900990099009901,-0.7772277227722773,-0.5297029702970297,-0.8811881188118812,-0.2524752475247525,-0.5247524752475248,-0.3564356435643564,-0.7425742574257426,-0.4207920792079208,-0.8811881188118812,-0.47029702970297027,-1.0,-0.15346534653465346,-0.5247524752475248,-0.17326732673267325,-0.7524752475247525,-0.17326732673267325,-0.8861386138613861,-0.17326732673267325,-1.0,-0.039603960396039604,-0.4801980198019802,-0.0297029702970297,-0.6534653465346535,-0.0297029702970297,-0.7623762376237624,-0.034653465346534656,-0.8613861386138614
7,0.0,0.0,-0.16831683168316833,-0.0594059405940594,-0.297029702970297,-0.18811881188118812,-0.3613861386138614,-0.3217821782178218,-0.40594059405940597,-0.4405940594059406,-0.33663366336633666,-0.4801980198019802,-0.43564356435643564,-0.6633663366336634,-0.4900990099009901,-0.7722772277227723,-0.5297029702970297,-0.8762376237623762,-0.2524752475247525,-0.5247524752475248,-0.3564356435643564,-0.7475247524752475,-0.4207920792079208,-0.8811881188118812,-0.46534653465346537,-1.0,-0.1485148514851485,-0.5247524752475248,-0.17326732673267325,-0.7475247524752475,-0.16831683168316833,-0.8811881188118812,-0.16831683168316833,-0.995049504950495,-0.039603960396039604,-0.4752475247524752,-0.0297029702970297,-0.6534653465346535,-0.0297029702970297,-0.7623762376237624,-0.039603960396039604,-0.8613861386138614
7,0.0,0.0,-0.16336633663366337,-0.0594059405940594,-0.29207920792079206,-0.18811881188118812,-0.3465346534653465,-0.3217821782178218,-0.3811881188118812,-0.4504950495049505,-0.33663366336633666,-0.4801980198019802,-0.4405940594059406,-0.6683168316831684,-0.49504950495049505,-0.7772277227722773,-0.5346534653465347,-0.8811881188118812,-0.2524752475247525,-0.5297029702970297,-0.3564356435643564,-0.7475247524752475,-0.4207920792079208,-0.8811881188118812,-0.46534653465346537,-0.995049504950495,-0.1485148514851485,-0.5247524752475248,-0.17326732673267325,-0.7524752475247525,-0.17326732673267325,-0.8811881188118812,-0.17326732673267325,-1.0,-0.039603960396039604,-0.4801980198019802,-0.034653465346534656,-0.6534653465346535,-0.0297029702970297,-0.7673267326732673,-0.034653465346534656,-0.8663366336633663
7,0.0,0.0,-0.165,-0.06,-0.3,-0.195,-0.365,-0.33,-0.425,-0.45,-0.345,-0.485,-0.45,-0.675,-0.505,-0.785,-0.545,-0.885,-0.26,-0.53,-0.375,-0.745,-0.44,-0.88,-0.485,-1.0,-0.16,-0.53,-0.185,-0.755,-0.185,-0.885,-0.185,-1.0,-0.045,-0.49,-0.05,-0.665,-0.05,-0.775,-0.06,-0.88
7,0.0,0.0,-0.17412935323383086,-0.05970149253731343,-0.31840796019900497,-0.19900497512437812,-0.40298507462686567,-0.34328358208955223,-0.4975124378109453,-0.4626865671641791,-0.3482587064676617,-0.47761194029850745,-0.4577114427860697,-0.6666666666666666,-0.5174129353233831,-0.7761194029850746,-0.5522388059701493,-0.8805970149253731,-0.263681592039801,-0.527363184079602,-0.3781094527363184,-0.746268656716418,-0.4427860696517413,-0.8805970149253731,-0.48756218905472637,-0.9950248756218906,-0.16417910447761194,-0.527363184079602,-0.19402985074626866,-0.7512437810945274,-0.19402985074626866,-0.8855721393034826,-0.19900497512437812,-1.0,-0.05472636815920398,-0.48756218905472637,-0.05472636815920398,-0.6616915422885572,-0.05472636815920398,-0.7711442786069652,-0.06965174129353234,-0.8756218905472637
7,0.0,0.0,-0.17733990147783252,-0.059113300492610835,-0.33004926108374383,-0.2019704433497537,-0.42857142857142855,-0.3399014778325123,-0.541871921182266,-0.4433497536945813,-0.3448275862068966,-0.46798029556650245,-0.458128078817734,-0.6551724137931034,-0.5172413793103449,-0.7684729064039408,-0.5615763546798029,-0.8719211822660099,-0.26108374384236455,-0.5221674876847291,-0.37438423645320196,-0.7389162561576355,-0.43842364532019706,-0.8768472906403941,-0.49261083743842365,-0.9901477832512315,-0.1625615763546798,-0.5221674876847291,-0.2019704433497537,-0.7487684729064039,-0.20689655172413793,-0.8817733990147784,-0.21182266009852216,-1.0,-0.04926108374384237,-0.4827586206896552,-0.054187192118226604,-0.6600985221674877,-0.059113300492610835,-0.7684729064039408,-0.06896551724137931,-0.8719211822660099
7,0.0,0.0,-0.18226600985221675,-0.059113300492610835,-0.33004926108374383,-0.2019704433497537,-0.42857142857142855,-0.3399014778325123,-0.541871921182266,-0.4433497536945813,-0.3497536945812808,-0.4729064039408867,-0.4630541871921182,-0.6600985221674877,-0.5221674876847291,-0.7684729064039408,-0.5615763546798029,-0.8768472906403941,-0.26108374384236455,-0.5221674876847291,-0.37438423645320196,-0.7389162561576355,-0.4433497536945813,-0.8768472906403941,-0.49261083743842365,-0.9950738916256158,-0.1625615763546798,-0.5221674876847291,-0.2019704433497537,-0.7487684729064039,-0.2019704433497537,-0.8866995073891626,-0.21182266009852216,-1.0,-0.04926108374384237,-0.4827586206896552,-0.054187192118226604,-0.6600985221674877,-0.059113300492610835,-0.7684729064039408,-0.06403940886699508,-0.8719211822660099
7,0.0,0.0,-0.18407960199004975,-0.05970149253731343,-0.3383084577114428,-0.19900497512437812,-0.44776119402985076,-0.3383084577114428,-0.5671641791044776,-0.43283582089552236,-0.3482587064676617,-0.46766169154228854,-0.4577114427860697,-0.6567164179104478,-0.5124378109452736,-0.7661691542288557,-0.5572139303482587,-0.8756218905472637,-0.263681592039801,-0.5223880597014925,-0.3781094527363184,-0.7412935323383084,-0.4427860696517413,-0.8756218905472637,-0.4925373134328358,-0.9950248756218906,-0.16417910447761194,-0.5223880597014925,-0.19900497512437812,-0.746268656716418,-0.19900497512437812,-0.8805970149253731,-0.20398009950248755,-1.0,-0.04975124378109453,-0.48258706467661694,-0.05472636815920398,-0.6616915422885572,-0.05472636815920398,-0.7711442786069652,-0.06467661691542288,-0.8706467661691543
7,0.0,0.0,-0.18407960199004975,-0.05970149253731343,-0.34328358208955223,-0.19402985074626866,-0.4626865671641791,-0.3283582089552239,-0.5870646766169154,-0.417910447761194,-0.34328358208955223,-0.472636815920398,-0.4577114427860697,-0.6616915422885572,-0.5174129353233831,-0.7711442786069652,-0.5572139303482587,-0.8805970149253731,-0.25870646766169153,-0.5223880597014925,-0.3781094527363184,-0.7412935323383084,-0.43781094527363185,-0.8756218905472637,-0.48756218905472637,-0.9950248756218906,-0.15422885572139303,-0.527363184079602,-0.19402985074626866,-0.746268656716418,-0.19900497512437812,-0.8855721393034826,-0.19900497512437812,-1.0,-0.03980099502487562,-0.48756218905472637,-0.04975124378109453,-0.6666666666666666,-0.05472636815920398,-0.7761194029850746,-0.06467661691542288,-0.8706467661691543
7,0.0,0.0,-0.1890547263681592,-0.05472636815920398,-0.3582089552238806,-0.18407960199004975,-0.48756218905472637,-0.29850746268656714,-0.6218905472636815,-0.3681592039800995,-0.3482587064676617,-0.46766169154228854,-0.46766169154228854,-0.6567164179104478,-0.5223880597014925,-0.7661691542288557,-0.5621890547263682,-0.8756218905472637,-0.263681592039801,-0.5223880597014925,-0.38308457711442784,-0.7412935323383084,-0.4427860696517413,-0.8756218905472637,-0.48756218905472637,-0.9900497512437811,-0.15920398009950248,-0.527363184079602,-0.19402985074626866,-0.7512437810945274,-0.19900497512437812,-0.8905472636815921,-0.20398009950248755,-1.0,-0.04477611940298507,-0.48756218905472637,-0.05472636815920398,-0.6616915422885572,-0.05472636815920398,-0.7711442786069652,-0.06467661691542288,-0.8656716417910447
7,0.0,0.0,-0.195,-0.055,-0.37,-0.185,-0.5,-0.305,-0.64,-0.375,-0.365,-0.46,-0.48,-0.65,-0.54,-0.765,-0.585,-0.87,-0.28,-0.515,-0.4,-0.735,-0.465,-0.87,-0.515,-0.985,-0.175,-0.52,-0.215,-0.745,-0.23,-0.885,-0.24,-1.0,-0.055,-0.485,-0.07,-0.66,-0.08,-0.77,-0.095,-0.87
7,0.0,0.0,-0.19597989949748743,-0.05527638190954774,-0.37185929648241206,-0.19597989949748743,-0.5025125628140703,-0.3165829145728643,-0.6432160804020101,-0.3768844221105528,-0.36180904522613067,-0.4623115577889447,-0.4723618090452261,-0.6532663316582915,-0.5276381909547738,-0.7638190954773869,-0.5728643216080402,-0.8743718592964824,-0.27638190954773867,-0.5175879396984925,-0.3969849246231156,-0.7336683417085427,-0.4623115577889447,-0.8693467336683417,-0.5175879396984925,-0.9849246231155779,-0.1658291457286432,-0.5226130653266332,-0.20100502512562815,-0.7437185929648241,-0.21105527638190955,-0.8844221105527639,-0.22110552763819097,-1.0,-0.04522613065326633,-0.4824120603015075,-0.06532663316582915,-0.6582914572864321,-0.07035175879396985,-0.7688442211055276,-0.08542713567839195,-0.864321608040201
7,0.0,0.0,-0.19597989949748743,-0.05527638190954774,-0.37185929648241206,-0.19095477386934673,-0.507537688442211,-0.31155778894472363,-0.6432160804020101,-0.3768844221105528,-0.36683417085427134,-0.457286432160804,-0.47738693467336685,-0.6482412060301508,-0.5376884422110553,-0.7638190954773869,-0.5778894472361809,-0.8693467336683417,-0.27638190954773867,-0.5175879396984925,-0.4020100502512563,-0.7336683417085427,-0.46733668341708545,-0.8693467336683417,-0.5175879396984925,-0.9849246231155779,-0.1708542713567839,-0.5226130653266332,-0.20603015075376885,-0.7437185929648241,-0.21608040201005024,-0.8844221105527639,-0.22613065326633167,-1.0,-0.05025125628140704,-0.4824120603015075,-0.07035175879396985,-0.6582914572864321,-0.07537688442211055,-0.7688442211055276,-0.09045226130653267,-0.864321608040201
7,0.0,0.0,-0.19402985074626866,-0.05472636815920398,-0.36318407960199006,-0.1890547263681592,-0.4925373134328358,-0.32338308457711445,-0.6268656716417911,-0.3880597014925373,-0.3482587064676617,-0.4577114427860697,-0.4626865671641791,-0.6417910447761194,-0.5223880597014925,-0.7562189054726368,-0.5671641791044776,-0.8656716417910447,-0.26865671641791045,-0.5124378109452736,-0.3880597014925373,-0.7313432835820896,-0.4527363184079602,-0.8656716417910447,-0.5074626865671642,-0.9800995024875622,-0.15920398009950248,-0.5174129353233831,-0.19402985074626866,-0.7412935323383084,-0.20398009950248755,-0.8805970149253731,-0.21393034825870647,-1.0,-0.04477611940298507,-0.47761194029850745,-0.05970149253731343,-0.6517412935323383,-0.06965174129353234,-0.7611940298507462,-0.07960199004975124,-0.8557213930348259
7,0.0,0.0,-0.19696969696969696,-0.050505050505050504,-0.37373737373737376,-0.18686868686868688,-0.5050505050505051,-0.31313131313131315,-0.6414141414141414,-0.3838383838383838,-0.37373737373737376,-0.45454545454545453,-0.4898989898989899,-0.6414141414141414,-0.5505050505050505,-0.7525252525252525,-0.5959595959595959,-0.8585858585858586,-0.2828282828282828,-0.51010101010101,-0.40404040404040403,-0.7272727272727273,-0.47474747474747475,-0.8636363636363636,-0.5252525252525253,-0.9797979797979798,-0.17676767676767677,-0.5202020202020202,-0.21717171717171718,-0.7424242424242424,-0.22727272727272727,-0.8838383838383839,-0.23737373737373738,-1.0,-0.05555555555555555,-0.4797979797979798,-0.0707070707070707,-0.6565656565656566,-0.08080808080808081,-0.7676767676767676,-0.10101010101010101,-0.8686868686868687
7,0.0,0.0,-0.19796954314720813,-0.050761421319796954,-0.3756345177664975,-0.18274111675126903,-0.5076142131979695,-0.3147208121827411,-0.6395939086294417,-0.38071065989847713,-0.37055837563451777,-0.45685279187817257,-0.49238578680203043,-0.6446700507614214,-0.5482233502538071,-0.7563451776649747,-0.5888324873096447,-0.8578680203045685,-0.28426395939086296,-0.5126903553299492,-0.41116751269035534,-0.7309644670050761,-0.47715736040609136,-0.8629441624365483,-0.5228426395939086,-0.9796954314720813,-0.17258883248730963,-0.5228426395939086,-0.2233502538071066,-0.7461928934010152,-0.22842639593908629,-0.8883248730964467,-0.23857868020304568,-1.0,-0.050761421319796954,-0.49238578680203043,-0.07106598984771574,-0.6649746192893401,-0.08121827411167512,-0.7715736040609137,-0.10152284263959391,-0.868020304568528
7,0.0,0.0,-0.20408163265306123,-0.05612244897959184,-0.37755102040816324,-0.19387755102040816,-0.5051020408163265,-0.3163265306122449,-0.6377551020408163,-0.3826530612244898,-0.37244897959183676,-0.45918367346938777,-0.4846938775510204,-0.6479591836734694,-0.5459183673469388,-0.7602040816326531,-0.5918367346938775,-0.8673469387755102,-0.28061224489795916,-0.5102040816326531,-0.4030612244897959,-0.7295918367346939,-0.4744897959183674,-0.8673469387755102,-0.5255102040816326,-0.9846938775510204,-0.17346938775510204,-0.5204081632653061,-0.22448979591836735,-0.7448979591836735,-0.23469387755102042,-0.8826530612244898,-0.25,-1.0,-0.05612244897959184,-0.4846938775510204,-0.07142857142857142,-0.6581632653061225,-0.08673469387755102,-0.7704081632653061,-0.10714285714285714,-0.8673469387755102
7,0.0,0.0,-0.19387755102040816,-0.05102040816326531,-0.37244897959183676,-0.18877551020408162,-0.5,-0.3112244897959184,-0.6326530612244898,-0.3826530612244898,-0.37755102040816324,-0.45408163265306123,-0.4897959183673469,-0.6428571428571429,-0.5510204081632653,-0.75,-0.5918367346938775,-0.8520408163265306,-0.2857142857142857,-0.5153061224489796,-0.413265306122449,-0.7244897959183674,-0.47959183673469385,-0.8622448979591837,-0.5357142857142857,-0.9744897959183674,-0.17857142857142858,-0.5204081632653061,-0.22959183673469388,-0.7448979591836735,-0.23979591836734693,-0.8826530612244898,-0.25,-1.0,-0.05612244897959184,-0.4897959183673469,-0.07653061224489796,-0.6632653061224489,-0.09183673469387756,-0.7755102040816326,-0.11224489795918367,-0.8724489795918368
7,0.0,0.0,-0.19689119170984457,-0.04145077720207254,-0.37823834196891193,-0.17616580310880828,-0.5077720207253886,-0.30569948186528495,-0.6424870466321243,-0.37823834196891193,-0.38860103626943004,-0.45077720207253885,-0.5129533678756477,-0.6373056994818653,-0.5751295336787565,-0.7512953367875648,-0.6217616580310881,-0.8549222797927462,-0.3005181347150259,-0.5077720207253886,-0.43523316062176165,-0.7253886010362695,-0.5077720207253886,-0.8601036269430051,-0.5595854922279793,-0.9740932642487047,-0.19170984455958548,-0.5181347150259067,-0.24352331606217617,-0.7409326424870466,-0.25906735751295334,-0.8808290155440415,-0.27461139896373055,-1.0,-0.06735751295336788,-0.48186528497409326,-0.08808290155440414,-0.6580310880829016,-0.10362694300518134,-0.7668393782383419,-0.12953367875647667,-0.8704663212435233
7,0.0,0.0,-0.20207253886010362,-0.04145077720207254,-0.38341968911917096,-0.17616580310880828,-0.5077720207253886,-0.30569948186528495,-0.6424870466321243,-0.38341968911917096,-0.39378238341968913,-0.45077720207253885,-0.5181347150259067,-0.6373056994818653,-0.5803108808290155,-0.7512953367875648,-0.6269430051813472,-0.8549222797927462,-0.30569948186528495,-0.5129533678756477,-0.44041450777202074,-0.7253886010362695,-0.5129533678756477,-0.8601036269430051,-0.5699481865284974,-0.9740932642487047,-0.19689119170984457,-0.5181347150259067,-0.24352331606217617,-0.7409326424870466,-0.25906735751295334,-0.8808290155440415,-0.27461139896373055,-1.0,-0.06735751295336788,-0.48186528497409326,-0.09326424870466321,-0.6580310880829016,-0.11398963730569948,-0.772020725388601,-0.13471502590673576,-0.8704663212435233
7,0.0,0.0,-0.20725388601036268,-0.04145077720207254,-0.38860103626943004,-0.17616580310880828,-0.5181347150259067,-0.30569948186528495,-0.6528497409326425,-0.38341968911917096,-0.39378238341968913,-0.44041450777202074,-0.5284974093264249,-0.6217616580310881,-0.5958549222797928,-0.7305699481865285,-0.6528497409326425,-0.8341968911917098,-0.31088082901554404,-0.5025906735751295,-0.45077720207253885,-0.7150259067357513,-0.533678756476684,-0.8497409326424871,-0.6010362694300518,-0.9637305699481865,-0.20207253886010362,-0.5181347150259067,-0.2694300518134715,-0.7409326424870466,-0.29015544041450775,-0.8860103626943006,-0.31088082901554404,-1.0,-0.08290155440414508,-0.49222797927461137,-0.11398963730569948,-0.6735751295336787,-0.13989637305699482,-0.7875647668393783,-0.16580310880829016,-0.8860103626943006
7,0.0,0.0,-0.20833333333333334,-0.041666666666666664,-0.390625,-0.17708333333333334,-0.5208333333333334,-0.3072916666666667,-0.65625,-0.3854166666666667,-0.4010416666666667,-0.4375,-0.53125,-0.6145833333333334,-0.5989583333333334,-0.7239583333333334,-0.65625,-0.8229166666666666,-0.3177083333333333,-0.5,-0.4583333333333333,-0.7083333333333334,-0.5364583333333334,-0.84375,-0.6041666666666666,-0.9583333333333334,-0.20833333333333334,-0.5104166666666666,-0.2760416666666667,-0.7395833333333334,-0.296875,-0.8802083333333334,-0.3125,-1.0,-0.08854166666666667,-0.484375,-0.11458333333333333,-0.6666666666666666,-0.13541666666666666,-0.78125,-0.16145833333333334,-0.8854166666666666
7,0.0,0.0,-0.19791666666666666,-0.041666666666666664,-0.3802083333333333,-0.18229166666666666,-0.5052083333333334,-0.3125,-0.640625,-0.390625,-0.3958333333333333,-0.4479166666666667,-0.5260416666666666,-0.625,-0.59375,-0.734375,-0.6510416666666666,-0.8333333333333334,-0.3125,-0.5052083333333334,-0.4479166666666667,-0.7135416666666666,-0.5260416666666666,-0.8489583333333334,-0.5833333333333334,-0.9583333333333334,-0.203125,-0.5104166666666666,-0.2604166666666667,-0.734375,-0.2708333333333333,-0.8802083333333334,-0.2864583333333333,-1.0,-0.078125,-0.4791666666666667,-0.109375,-0.65625,-0.125,-0.7708333333333334,-0.14583333333333334,-0.8697916666666666
7,0.0,0.0,-0.203125,-0.046875,-0.3854166666666667,-0.18229166666666666,-0.5104166666666666,-0.3125,-0.6458333333333334,-0.390625,-0.390625,-0.4479166666666667,-0.5208333333333334,-0.625,-0.5885416666666666,-0.734375,-0.640625,-0.8333333333333334,-0.3072916666666667,-0.5052083333333334,-0.4479166666666667,-0.7135416666666666,-0.5208333333333334,-0.8489583333333334,-0.5833333333333334,-0.9635416666666666,-0.19791666666666666,-0.5104166666666666,-0.2604166666666667,-0.734375,-0.2760416666666667,-0.8802083333333334,-0.296875,-1.0,-0.078125,-0.4791666666666667,-0.10416666666666667,-0.65625,-0.125,-0.7708333333333334,-0.14583333333333334,-0.8697916666666666
7,0.0,0.0,-0.20207253886010362,-0.046632124352331605,-0.38341968911917096,-0.18134715025906736,-0.5077720207253886,-0.3160621761658031,-0.6373056994818653,-0.39896373056994816,-0.38860103626943004,-0.44559585492227977,-0.5129533678756477,-0.6269430051813472,-0.5854922279792746,-0.7357512953367875,-0.6424870466321243,-0.8393782383419689,-0.30569948186528495,-0.5077720207253886,-0.44041450777202074,-0.7150259067357513,-0.5181347150259067,-0.8497409326424871,-0.5803108808290155,-0.9689119170984456,-0.19689119170984457,-0.5129533678756477,-0.2538860103626943,-0.7357512953367875,-0.26424870466321243,-0.8756476683937824,-0.27979274611398963,-1.0,-0.07772020725388601,-0.48186528497409326,-0.10880829015544041,-0.6580310880829016,-0.12435233160621761,-0.7668393782383419,-0.14507772020725387,-0.8704663212435233
7,0.0,0.0,-0.203125,-0.046875,-0.3854166666666667,-0.18229166666666666,-0.5104166666666666,-0.3177083333333333,-0.640625,-0.4010416666666667,-0.390625,-0.4479166666666667,-0.515625,-0.6302083333333334,-0.5885416666666666,-0.7395833333333334,-0.6458333333333334,-0.84375,-0.3072916666666667,-0.5052083333333334,-0.4427083333333333,-0.71875,-0.5208333333333334,-0.8541666666666666,-0.5833333333333334,-0.9739583333333334,-0.19791666666666666,-0.515625,-0.25,-0.734375,-0.2708333333333333,-0.8802083333333334,-0.2864583333333333,-1.0,-0.078125,-0.484375,-0.10416666666666667,-0.6614583333333334,-0.11979166666666667,-0.7708333333333334,-0.14583333333333334,-0.875
7,0.0,0.0,-0.21164021164021163,-0.037037037037037035,-0.3968253968253968,-0.1746031746031746,-0.5291005291005291,-0.31216931216931215,-0.6666666666666666,-0.3968253968253968,-0.4126984126984127,-0.43915343915343913,-0.5396825396825397,-0.6349206349206349,-0.6084656084656085,-0.7513227513227513,-0.6613756613756614,-0.8571428571428571,-0.32275132275132273,-0.5026455026455027,-0.455026455026455,-0.7248677248677249,-0.5291005291005291,-0.8624338624338624,-0.5873015873015873,-0.9788359788359788,-0.21164021164021163,-0.5079365079365079,-0.26455026455026454,-0.7354497354497355,-0.2804232804232804,-0.8783068783068783,-0.30158730158730157,-1.0,-0.08994708994708994,-0.47619047619047616,-0.1111111111111111,-0.656084656084656,-0.12698412698412698,-0.7671957671957672,-0.14814814814814814,-0.8677248677248677
7,0.0,0.0,-0.20833333333333334,-0.046875,-0.3802083333333333,-0.17708333333333334,-0.5052083333333334,-0.3125,-0.640625,-0.3958333333333333,-0.390625,-0.4427083333333333,-0.5052083333333334,-0.6354166666666666,-0.5677083333333334,-0.75,-0.6197916666666666,-0.859375,-0.3072916666666667,-0.5052083333333334,-0.4322916666666667,-0.71875,-0.5052083333333334,-0.8541666666666666,-0.5625,-0.9739583333333334,-0.19791666666666666,-0.5104166666666666,-0.24479166666666666,-0.7395833333333334,-0.2552083333333333,-0.8802083333333334,-0.265625,-1.0,-0.078125,-0.4739583333333333,-0.09895833333333333,-0.65625,-0.11458333333333333,-0.765625,-0.13020833333333334,-0.8645833333333334
7,0.0,0.0,-0.203125,-0.052083333333333336,-0.375,-0.18229166666666666,-0.5,-0.3177083333333333,-0.6302083333333334,-0.4010416666666667,-0.3802083333333333,-0.4427083333333333,-0.4895833333333333,-0.640625,-0.5520833333333334,-0.7604166666666666,-0.59375,-0.8697916666666666,-0.296875,-0.5,-0.421875,-0.71875,-0.4895833333333333,-0.859375,-0.5416666666666666,-0.9791666666666666,-0.1875,-0.5052083333333334,-0.234375,-0.7291666666666666,-0.25,-0.875,-0.265625,-1.0,-0.0625,-0.4739583333333333,-0.08854166666666667,-0.6510416666666666,-0.10416666666666667,-0.765625,-0.125,-0.8645833333333334
7,0.0,0.0,-0.20207253886010362,-0.05699481865284974,-0.36787564766839376,-0.19170984455958548,-0.49222797927461137,-0.32124352331606215,-0.6269430051813472,-0.40414507772020725,-0.37823834196891193,-0.46113989637305697,-0.48704663212435234,-0.6528497409326425,-0.5440414507772021,-0.7668393782383419,-0.5854922279792746,-0.8756476683937824,-0.29015544041450775,-0.5129533678756477,-0.40932642487046633,-0.7253886010362695,-0.48186528497409326,-0.8652849740932642,-0.533678756476684,-0.9792746113989638,-0.18652849740932642,-0.5181347150259067,-0.23316062176165803,-0.7409326424870466,-0.23834196891191708,-0.8808290155440415,-0.24870466321243523,-1.0,-0.06735751295336788,-0.47668393782383417,-0.08808290155440414,-0.6528497409326425,-0.10362694300518134,-0.7616580310880829,-0.12435233160621761,-0.8601036269430051
7,0.0,0.0,-0.20526315789473684,-0.05263157894736842,-0.37894736842105264,-0.18947368421052632,-0.49473684210526314,-0.3263157894736842,-0.6210526315789474,-0.42105263157894735,-0.39473684210526316,-0.4473684210526316,-0.5157894736842106,-0.6421052631578947,-0.5736842105263158,-0.7526315789473684,-0.6210526315789474,-0.8631578947368421,-0.30526315789473685,-0.5052631578947369,-0.43157894736842106,-0.7263157894736842,-0.5,-0.8631578947368421,-0.5526315789473685,-0.9842105263157894,-0.19473684210526315,-0.5105263157894737,-0.25263157894736843,-0.7368421052631579,-0.2631578947368421,-0.8789473684210526,-0.2789473684210526,-1.0,-0.07368421052631578,-0.4789473684210526,-0.09473684210526316,-0.6526315789473685,-0.11052631578947368,-0.7684210526315789,-0.13157894736842105,-0.868421052631579
7,0.0,0.0,-0.20105820105820105,-0.047619047619047616,-0.37566137566137564,-0.19047619047619047,-0.4973544973544973,-0.32275132275132273,-0.6243386243386243,-0.42328042328042326,-0.3915343915343915,-0.455026455026455,-0.5132275132275133,-0.6455026455026455,-0.5767195767195767,-0.7619047619047619,-0.6243386243386243,-0.8677248677248677,-0.30687830687830686,-0.5079365079365079,-0.43386243386243384,-0.7301587301587301,-0.5079365079365079,-0.8677248677248677,-0.5608465608465608,-0.9894179894179894,-0.19576719576719576,-0.5132275132275133,-0.25396825396825395,-0.7407407407407407,-0.26455026455026454,-0.8835978835978836,-0.2804232804232804,-1.0,-0.07407407407407407,-0.48148148148148145,-0.10052910052910052,-0.6613756613756614,-0.1111111111111111,-0.7724867724867724,-0.12698412698412698,-0.873015873015873
7,0.0,0.0,-0.20526315789473684,-0.05263157894736842,-0.3736842105263158,-0.18947368421052632,-0.4842105263157895,-0.3368421052631579,-0.6052631578947368,-0.4473684210526316,-0.39473684210526316,-0.4473684210526316,-0.5157894736842106,-0.6421052631578947,-0.5736842105263158,-0.7631578947368421,-0.6210526315789474,-0.8736842105263158,-0.3105263157894737,-0.5052631578947369,-0.4368421052631579,-0.7263157894736842,-0.5052631578947369,-0.8631578947368421,-0.5578947368421052,-0.9842105263157894,-0.2,-0.5105263157894737,-0.24736842105263157,-0.7368421052631579,-0.2631578947368421,-0.8789473684210526,-0.2736842105263158,-1.0,-0.07894736842105263,-0.4789473684210526,-0.10526315789473684,-0.6578947368421053,-0.11578947368421053,-0.7736842105263158,-0.1368421052631579,-0.8736842105263158
7,0.0,0.0,-0.193717277486911,-0.05235602094240838,-0.3612565445026178,-0.20418848167539266,-0.4607329842931937,-0.3507853403141361,-0.5706806282722513,-0.46596858638743455,-0.38219895287958117,-0.4607329842931937,-0.5026178010471204,-0.6492146596858639,-0.5654450261780105,-0.7643979057591623,-0.6178010471204188,-0.8691099476439791,-0.2931937172774869,-0.5130890052356021,-0.42408376963350786,-0.7277486910994765,-0.4973821989528796,-0.8638743455497382,-0.5497382198952879,-0.9842931937172775,-0.18848167539267016,-0.5130890052356021,-0.24607329842931938,-0.743455497382199,-0.25654450261780104,-0.8795811518324608,-0.27225130890052357,-1.0,-0.06806282722513089,-0.4816753926701571,-0.09424083769633508,-0.6596858638743456,-0.1099476439790576,-0.7696335078534031,-0.13089005235602094,-0.8691099476439791
7,0.0,0.0,-0.20418848167539266,-0.05235602094240838,-0.36649214659685864,-0.193717277486911,-0.4712041884816754,-0.3403141361256545,-0.5706806282722513,-0.46596858638743455,-0.39267015706806285,-0.450261780104712,-0.5130890052356021,-0.643979057591623,-0.5759162303664922,-0.7591623036649214,-0.6282722513089005,-0.8638743455497382,-0.3089005235602094,-0.5078534031413613,-0.43455497382198954,-0.7225130890052356,-0.5078534031413613,-0.8638743455497382,-0.5654450261780105,-0.9842931937172775,-0.19895287958115182,-0.5130890052356021,-0.2513089005235602,-0.7382198952879581,-0.2670157068062827,-0.8795811518324608,-0.28272251308900526,-1.0,-0.07853403141361257,-0.4816753926701571,-0.09947643979057591,-0.6544502617801047,-0.11518324607329843,-0.7696335078534031,-0.13612565445026178,-0.8691099476439791
7,0.0,0.0,-0.193717277486911,-0.05235602094240838,-0.3612565445026178,-0.193717277486911,-0.4607329842931937,-0.3403141361256545,-0.5654450261780105,-0.46596858638743455,-0.39267015706806285,-0.45549738219895286,-0.518324607329843,-0.643979057591623,-0.581151832460733,-0.7591623036649214,-0.6230366492146597,-0.8638743455497382,-0.3089005235602094,-0.5130890052356021,-0.43455497382198954,-0.7277486910994765,-0.5078534031413613,-0.8638743455497382,-0.5602094240837696,-0.9842931937172775,-0.19895287958115182,-0.5235602094240838,-0.25654450261780104,-0.743455497382199,-0.2670157068062827,-0.8795811518324608,-0.28272251308900526,-1.0,-0.07853403141361257,-0.4869109947643979,-0.10471204188481675,-0.6596858638743456,-0.12041884816753927,-0.7696335078534031,-0.14136125654450263,-0.8691099476439791
7,0.0,0.0,-0.2,-0.05263157894736842,-0.3684210526315789,-0.19473684210526315,-0.46842105263157896,-0.34210526315789475,-0.5684210526315789,-0.47368421052631576,-0.39473684210526316,-0.45789473684210524,-0.5157894736842106,-0.6473684210526316,-0.5789473684210527,-0.7578947368421053,-0.6263157894736842,-0.8631578947368421,-0.30526315789473685,-0.5105263157894737,-0.4263157894736842,-0.7315789473684211,-0.5,-0.868421052631579,-0.5526315789473685,-0.9894736842105263,-0.2,-0.5210526315789473,-0.24736842105263157,-0.7473684210526316,-0.26842105263157895,-0.8842105263157894,-0.28421052631578947,-1.0,-0.07894736842105263,-0.4842105263157895,-0.1,-0.6578947368421053,-0.11578947368421053,-0.7684210526315789,-0.1368421052631579,-0.868421052631579
7,0.0,0.0,-0.193717277486911,-0.05235602094240838,-0.3612565445026178,-0.193717277486911,-0.4607329842931937,-0.3403141361256545,-0.5602094240837696,-0.4712041884816754,-0.387434554973822,-0.4607329842931937,-0.5078534031413613,-0.6492146596858639,-0.5706806282722513,-0.7591623036649214,-0.6178010471204188,-0.8638743455497382,-0.29842931937172773,-0.5130890052356021,-0.418848167539267,-0.7277486910994765,-0.49214659685863876,-0.8638743455497382,-0.5497382198952879,-0.9842931937172775,-0.193717277486911,-0.518324607329843,-0.24083769633507854,-0.743455497382199,-0.2617801047120419,-0.8795811518324608,-0.2774869109947644,-1.0,-0.07329842931937172,-0.4816753926701571,-0.09424083769633508,-0.6544502617801047,-0.1099476439790576,-0.7643979057591623,-0.13089005235602094,-0.8638743455497382
7,0.0,0.0,-0.19170984455958548,-0.05181347150259067,-0.35751295336787564,-0.19170984455958548,-0.46113989637305697,-0.33678756476683935,-0.5647668393782384,-0.46113989637305697,-0.38860103626943004,-0.45077720207253885,-0.5129533678756477,-0.6373056994818653,-0.5751295336787565,-0.7461139896373057,-0.6269430051813472,-0.8497409326424871,-0.3005181347150259,-0.5129533678756477,-0.43005181347150256,-0.7202072538860104,-0.5025906735751295,-0.8601036269430051,-0.5544041450777202,-0.9792746113989638,-0.19689119170984457,-0.5181347150259067,-0.24870466321243523,-0.7357512953367875,-0.26424870466321243,-0.8756476683937824,-0.27979274611398963,-1.0,-0.07772020725388601,-0.48704663212435234,-0.10362694300518134,-0.6632124352331606,-0.11398963730569948,-0.772020725388601,-0.13989637305699482,-0.8704663212435233
7,0.0,0.0,-0.19072164948453607,-0.05154639175257732,-0.35051546391752575,-0.19072164948453607,-0.4484536082474227,-0.33505154639175255,-0.5463917525773195,-0.4587628865979381,-0.3865979381443299,-0.4536082474226804,-0.5051546391752577,-0.6443298969072165,-0.5670103092783505,-0.7577319587628866,-0.6082474226804123,-0.8608247422680413,-0.29896907216494845,-0.5103092783505154,-0.4175257731958763,-0.7268041237113402,-0.4896907216494845,-0.8608247422680413,-0.5412371134020618,-0.979381443298969,-0.19072164948453607,-0.520618556701031,-0.2422680412371134,-0.7422680412371134,-0.25773195876288657,-0.8814432989690721,-0.27835051546391754,-1.0,-0.07216494845360824,-0.4845360824742268,-0.09278350515463918,-0.6597938144329897,-0.10309278350515463,-0.7680412371134021,-0.12886597938144329,-0.865979381443299
7,0.0,0.0,-0.1989795918367347,-0.04591836734693878,-0.3622448979591837,-0.1836734693877551,-0.4642857142857143,-0.33163265306122447,-0.5612244897959183,-0.45408163265306123,-0.3826530612244898,-0.4387755102040816,-0.5051020408163265,-0.6275510204081632,-0.5714285714285714,-0.7346938775510204,-0.6122448979591837,-0.8367346938775511,-0.29591836734693877,-0.5,-0.41836734693877553,-0.7193877551020408,-0.4897959183673469,-0.8571428571428571,-0.5408163265306123,-0.9744897959183674,-0.18877551020408162,-0.5102040816326531,-0.25,-0.7397959183673469,-0.2653061224489796,-0.8775510204081632,-0.2857142857142857,-1.0,-0.07142857142857142,-0.47959183673469385,-0.09693877551020408,-0.6581632653061225,-0.11224489795918367,-0.7755102040816326,-0.1326530612244898,-0.8775510204081632
7,0.0,0.0,-0.19289340101522842,-0.050761421319796954,-0.3604060913705584,-0.18781725888324874,-0.45685279187817257,-0.3350253807106599,-0.5532994923857868,-0.45685279187817257,-0.3756345177664975,-0.4517766497461929,-0.49746192893401014,-0.6294416243654822,-0.5583756345177665,-0.7411167512690355,-0.6040609137055838,-0.8426395939086294,-0.2893401015228426,-0.5076142131979695,-0.41624365482233505,-0.7208121827411168,-0.4873096446700508,-0.8578680203045685,-0.5380710659898477,-0.9746192893401016,-0.18781725888324874,-0.5177664974619289,-0.23857868020304568,-0.7360406091370558,-0.25380710659898476,-0.8781725888324873,-0.26903553299492383,-1.0,-0.06598984771573604,-0.48223350253807107,-0.09137055837563451,-0.6598984771573604,-0.1065989847715736,-0.7715736040609137,-0.1319796954314721,-0.868020304568528
7,0.0,0.0,-0.195,-0.045,-0.355,-0.18,-0.455,-0.315,-0.55,-0.435,-0.365,-0.44,-0.485,-0.63,-0.545,-0.74,-0.585,-0.845,-0.28,-0.495,-0.4,-0.71,-0.47,-0.85,-0.525,-0.97,-0.18,-0.505,-0.23,-0.73,-0.25,-0.875,-0.27,-1.0,-0.06,-0.47,-0.085,-0.65,-0.1,-0.76,-0.125,-0.86
7,0.0,0.0,-0.19289340101522842,-0.04060913705583756,-0.36548223350253806,-0.16751269035532995,-0.47715736040609136,-0.30456852791878175,-0.583756345177665,-0.41624365482233505,-0.37055837563451777,-0.4467005076142132,-0.49238578680203043,-0.6345177664974619,-0.5532994923857868,-0.7461928934010152,-0.5989847715736041,-0.8527918781725888,-0.2893401015228426,-0.5025380710659898,-0.40609137055837563,-0.7208121827411168,-0.47715736040609136,-0.8527918781725888,-0.5279187817258884,-0.9695431472081218,-0.18274111675126903,-0.5126903553299492,-0.23857868020304568,-0.7360406091370558,-0.25888324873096447,-0.8781725888324873,-0.27918781725888325,-1.0,-0.06598984771573604,-0.48223350253807107,-0.09644670050761421,-0.6598984771573604,-0.116751269035533,-0.7715736040609137,-0.14720812182741116,-0.868020304568528
7,0.0,0.0,-0.19289340101522842,-0.04568527918781726,-0.36548223350253806,-0.17258883248730963,-0.4720812182741117,-0.3096446700507614,-0.5786802030456852,-0.4263959390862944,-0.37055837563451777,-0.4517766497461929,-0.48223350253807107,-0.6345177664974619,-0.5482233502538071,-0.751269035532995,-0.5939086294416244,-0.8527918781725888,-0.28426395939086296,-0.5025380710659898,-0.40609137055837563,-0.7208121827411168,-0.47715736040609136,-0.8578680203045685,-0.5329949238578681,-0.9746192893401016,-0.17766497461928935,-0.5076142131979695,-0.233502538071066,-0.7309644670050761,-0.24873096446700507,-0.8730964467005076,-0.26903553299492383,-1.0,-0.06091370558375635,-0.47715736040609136,-0.09137055837563451,-0.649746192893401,-0.1116751269035533,-0.7614213197969543,-0.14213197969543148,-0.8629441624365483
7,0.0,0.0,-0.19597989949748743,-0.05025125628140704,-0.37185929648241206,-0.18090452261306533,-0.48743718592964824,-0.3015075376884422,-0.5979899497487438,-0.4020100502512563,-0.36180904522613067,-0.44221105527638194,-0.4723618090452261,-0.6331658291457286,-0.5376884422110553,-0.7437185929648241,-0.5829145728643216,-0.8492462311557789,-0.27638190954773867,-0.49246231155778897,-0.3969849246231156,-0.7185929648241206,-0.4623115577889447,-0.8592964824120602,-0.5125628140703518,-0.9748743718592965,-0.1708542713567839,-0.5025125628140703,-0.22613065326633167,-0.7286432160804021,-0.23618090452261306,-0.8743718592964824,-0.25125628140703515,-1.0,-0.05527638190954774,-0.46733668341708545,-0.08040201005025126,-0.6432160804020101,-0.09547738693467336,-0.7537688442211056,-0.12060301507537688,-0.8542713567839196
7,0.0,0.0,-0.195,-0.05,-0.375,-0.175,-0.51,-0.27,-0.635,-0.33,-0.34,-0.445,-0.445,-0.635,-0.5,-0.75,-0.545,-0.855,-0.25,-0.495,-0.36,-0.725,-0.425,-0.865,-0.47,-0.98,-0.145,-0.505,-0.19,-0.735,-0.21,-0.88,-0.225,-1.0,-0.025,-0.47,-0.055,-0.645,-0.07,-0.76,-0.085,-0.855
7,0.0,0.0,-0.20304568527918782,-0.04060913705583756,-0.38578680203045684,-0.15736040609137056,-0.5279187817258884,-0.25380710659898476,-0.6598984771573604,-0.3147208121827411,-0.34517766497461927,-0.45685279187817257,-0.4517766497461929,-0.6548223350253807,-0.5076142131979695,-0.7766497461928934,-0.5532994923857868,-0.8883248730964467,-0.25380710659898476,-0.5076142131979695,-0.3604060913705584,-0.7309644670050761,-0.4213197969543147,-0.8730964467005076,-0.4720812182741117,-0.9898477157360406,-0.14213197969543148,-0.5076142131979695,-0.18274111675126903,-0.7360406091370558,-0.20304568527918782,-0.883248730964467,-0.2233502538071066,-1.0,-0.025380710659898477,-0.467005076142132,-0.050761421319796954,-0.6446700507614214,-0.06598984771573604,-0.7614213197969543,-0.08121827411167512,-0.8578680203045685
7,0.0,0.0,-0.19696969696969696,-0.050505050505050504,-0.3838383838383838,-0.16161616161616163,-0.5252525252525253,-0.2474747474747475,-0.6616161616161617,-0.30303030303030304,-0.3333333333333333,-0.46464646464646464,-0.43434343434343436,-0.6666666666666666,-0.4898989898989899,-0.7929292929292929,-0.5303030303030303,-0.9040404040404041,-0.24242424242424243,-0.5151515151515151,-0.3484848484848485,-0.7373737373737373,-0.41414141414141414,-0.8787878787878788,-0.4595959595959596,-0.9949494949494949,-0.13131313131313133,-0.5151515151515151,-0.1717171717171717,-0.7373737373737373,-0.18686868686868688,-0.8838383838383839,-0.20202020202020202,-1.0,-0.010101010101010102,-0.47474747474747475,-0.03535353535353535,-0.6565656565656566,-0.045454545454545456,-0.7727272727272727,-0.05555555555555555,-0.8686868686868687
7,0.0,0.0,-0.20100502512562815,-0.04522613065326633,-0.3869346733668342,-0.16080402010050251,-0.5376884422110553,-0.24623115577889448,-0.6683417085427136,-0.3015075376884422,-0.3316582914572864,-0.46733668341708545,-0.44221105527638194,-0.6733668341708543,-0.49748743718592964,-0.7939698492462312,-0.5376884422110553,-0.9045226130653267,-0.24120603015075376,-0.5175879396984925,-0.35175879396984927,-0.7437185929648241,-0.4120603015075377,-0.8844221105527639,-0.457286432160804,-1.0,-0.12562814070351758,-0.5226130653266332,-0.16080402010050251,-0.7386934673366834,-0.17587939698492464,-0.8793969849246231,-0.19095477386934673,-0.9849246231155779,-0.005025125628140704,-0.47738693467336685,-0.035175879396984924,-0.6582914572864321,-0.05025125628140704,-0.7688442211055276,-0.07035175879396985,-0.8592964824120602
7,0.0,0.0,-0.20398009950248755,-0.04477611940298507,-0.3880597014925373,-0.16417910447761194,-0.5323383084577115,-0.24875621890547264,-0.6666666666666666,-0.3034825870646766,-0.3333333333333333,-0.46766169154228854,-0.43781094527363185,-0.6766169154228856,-0.4925373134328358,-0.7960199004975125,-0.5373134328358209,-0.9054726368159204,-0.23880597014925373,-0.5124378109452736,-0.35323383084577115,-0.746268656716418,-0.4129353233830846,-0.8855721393034826,-0.4626865671641791,-1.0,-0.12935323383084577,-0.5124378109452736,-0.1691542288557214,-0.736318407960199,-0.18407960199004975,-0.8756218905472637,-0.19900497512437812,-0.9850746268656716,-0.009950248756218905,-0.46766169154228854,-0.03980099502487562,-0.6517412935323383,-0.05472636815920398,-0.7611940298507462,-0.06965174129353234,-0.8557213930348259
7,0.0,0.0,-0.19704433497536947,-0.054187192118226604,-0.3842364532019704,-0.1724137931034483,-0.5270935960591133,-0.26108374384236455,-0.6650246305418719,-0.31527093596059114,-0.3251231527093596,-0.47783251231527096,-0.4236453201970443,-0.6798029556650246,-0.47783251231527096,-0.7980295566502463,-0.5123152709359606,-0.9064039408866995,-0.2315270935960591,-0.5221674876847291,-0.3448275862068966,-0.7438423645320197,-0.4039408866995074,-0.8817733990147784,-0.4482758620689655,-1.0,-0.12315270935960591,-0.5221674876847291,-0.15763546798029557,-0.7438423645320197,-0.1625615763546798,-0.8768472906403941,-0.16748768472906403,-0.9852216748768473,-0.0049261083743842365,-0.4827586206896552,-0.024630541871921183,-0.6600985221674877,-0.034482758620689655,-0.7684729064039408,-0.04926108374384237,-0.8620689655172413
7,0.0,0.0,-0.1971153846153846,-0.07211538461538461,-0.36538461538461536,-0.20673076923076922,-0.5,-0.2980769230769231,-0.6201923076923077,-0.3557692307692308,-0.2932692307692308,-0.49038461538461536,-0.38461538461538464,-0.6826923076923077,-0.4326923076923077,-0.7932692307692307,-0.46634615384615385,-0.8942307692307693,-0.20192307692307693,-0.5288461538461539,-0.2932692307692308,-0.75,-0.34615384615384615,-0.8846153846153846,-0.3942307692307692,-1.0,-0.09615384615384616,-0.5240384615384616,-0.11057692307692307,-0.7451923076923077,-0.1201923076923077,-0.8798076923076923,-0.1346153846153846,-0.9903846153846154,0.014423076923076924,-0.47596153846153844,0.02403846153846154,-0.6490384615384616,0.019230769230769232,-0.7596153846153846,0.004807692307692308,-0.8557692307692307
7,0.0,0.0,-0.19138755980861244,-0.06698564593301436,-0.35406698564593303,-0.20095693779904306,-0.4880382775119617,-0.2966507177033493,-0.6076555023923444,-0.3588516746411483,-0.2822966507177033,-0.49282296650717705,-0.37320574162679426,-0.6842105263157895,-0.42105263157894735,-0.7990430622009569,-0.45933014354066987,-0.8995215311004785,-0.19617224880382775,-0.5311004784688995,-0.2822966507177033,-0.7559808612440191,-0.3349282296650718,-0.8899521531100478,-0.37320574162679426,-1.0,-0.09090909090909091,-0.5263157894736842,-0.10526315789473684,-0.7416267942583732,-0.10526315789473684,-0.8755980861244019,-0.11483253588516747,-0.9808612440191388,0.019138755980861243,-0.47368421052631576,0.023923444976076555,-0.645933014354067,0.023923444976076555,-0.7511961722488039,0.019138755980861243,-0.84688995215311
7,0.0,0.0,-0.19047619047619047,-0.06666666666666667,-0.3523809523809524,-0.19523809523809524,-0.48095238095238096,-0.2904761904761905,-0.6,-0.36666666666666664,-0.28095238095238095,-0.49047619047619045,-0.3619047619047619,-0.6904761904761905,-0.40476190476190477,-0.8095238095238095,-0.43333333333333335,-0.919047619047619,-0.19047619047619047,-0.5285714285714286,-0.2761904761904762,-0.7476190476190476,-0.3238095238095238,-0.8857142857142857,-0.36666666666666664,-1.0,-0.09047619047619047,-0.5238095238095238,-0.10476190476190476,-0.7380952380952381,-0.10476190476190476,-0.8714285714285714,-0.10952380952380952,-0.9809523809523809,0.01904761904761905,-0.47619047619047616,0.01904761904761905,-0.6428571428571429,0.01904761904761905,-0.7523809523809524,0.009523809523809525,-0.8476190476190476
7,0.0,0.0,-0.19138755980861244,-0.06698564593301436,-0.35406698564593303,-0.19138755980861244,-0.4880382775119617,-0.2822966507177033,-0.6076555023923444,-0.3492822966507177,-0.27751196172248804,-0.48325358851674644,-0.3588516746411483,-0.6842105263157895,-0.40669856459330145,-0.7990430622009569,-0.4354066985645933,-0.9043062200956937,-0.18660287081339713,-0.5263157894736842,-0.2679425837320574,-0.7511961722488039,-0.32057416267942584,-0.8899521531100478,-0.3588516746411483,-1.0,-0.0861244019138756,-0.5167464114832536,-0.09569377990430622,-0.7368421052631579,-0.09569377990430622,-0.8708133971291866,-0.10047846889952153,-0.9808612440191388,0.023923444976076555,-0.4688995215311005,0.028708133971291867,-0.6363636363636364,0.03349282296650718,-0.7464114832535885,0.028708133971291867,-0.8421052631578947
7,0.0,0.0,-0.19230769230769232,-0.0625,-0.3557692307692308,-0.19230769230769232,-0.49038461538461536,-0.28365384615384615,-0.6105769230769231,-0.3557692307692308,-0.27884615384615385,-0.4855769230769231,-0.36538461538461536,-0.6826923076923077,-0.40865384615384615,-0.7980769230769231,-0.4423076923076923,-0.9038461538461539,-0.1875,-0.5240384615384616,-0.27403846153846156,-0.75,-0.3269230769230769,-0.8894230769230769,-0.36538461538461536,-1.0,-0.08653846153846154,-0.5192307692307693,-0.09615384615384616,-0.7403846153846154,-0.09615384615384616,-0.875,-0.10096153846153846,-0.9807692307692307,0.02403846153846154,-0.47115384615384615,0.028846153846153848,-0.6442307692307693,0.03365384615384615,-0.7596153846153846,0.028846153846153848,-0.8557692307692307
7,0.0,0.0,-0.19047619047619047,-0.06666666666666667,-0.35714285714285715,-0.2,-0.49047619047619045,-0.2904761904761905,-0.6142857142857143,-0.3523809523809524,-0.2714285714285714,-0.4857142857142857,-0.3619047619047619,-0.6761904761904762,-0.4142857142857143,-0.7904761904761904,-0.4523809523809524,-0.8904761904761904,-0.18095238095238095,-0.5285714285714286,-0.26666666666666666,-0.7476190476190476,-0.319047619047619,-0.8857142857142857,-0.3619047619047619,-1.0,-0.08095238095238096,-0.5190476190476191,-0.09047619047619047,-0.7380952380952381,-0.09047619047619047,-0.8714285714285714,-0.09523809523809523,-0.9809523809523809,0.02857142857142857,-0.4714285714285714,0.03333333333333333,-0.6476190476190476,0.0380952380952381,-0.7571428571428571,0.03333333333333333,-0.8571428571428571
7,0.0,0.0,-0.1895734597156398,-0.07109004739336493,-0.3459715639810427,-0.2037914691943128,-0.47393364928909953,-0.3033175355450237,-0.5924170616113744,-0.3696682464454976,-0.27014218009478674,-0.4881516587677725,-0.35545023696682465,-0.6872037914691943,-0.3981042654028436,-0.8009478672985783,-0.4312796208530806,-0.9052132701421801,-0.18009478672985782,-0.5260663507109005,-0.26066350710900477,-0.7488151658767772,-0.3127962085308057,-0.8862559241706162,-0.35071090047393366,-1.0,-0.08056872037914692,-0.5165876777251185,-0.09004739336492891,-0.7345971563981043,-0.09004739336492891,-0.8672985781990521,-0.0947867298578199,-0.976303317535545,0.02843601895734597,-0.46919431279620855,0.03317535545023697,-0.6350710900473934,0.03317535545023697,-0.7440758293838863,0.02843601895734597,-0.8388625592417062
7,0.0,0.0,-0.18867924528301888,-0.07075471698113207,-0.35377358490566035,-0.20754716981132076,-0.47641509433962265,-0.30660377358490565,-0.5990566037735849,-0.37735849056603776,-0.2783018867924528,-0.4811320754716981,-0.3584905660377358,-0.6792452830188679,-0.4009433962264151,-0.7971698113207547,-0.42924528301886794,-0.9056603773584906,-0.18867924528301888,-0.5188679245283019,-0.2641509433962264,-0.7452830188679245,-0.3113207547169811,-0.8867924528301887,-0.35377358490566035,-1.0,-0.08490566037735849,-0.5094339622641509,-0.09433962264150944,-0.7311320754716981,-0.09905660377358491,-0.8632075471698113,-0.10377358490566038,-0.9716981132075472,0.02358490566037736,-0.45754716981132076,0.02830188679245283,-0.6273584905660378,0.0330188679245283,-0.7358490566037735,0.02358490566037736,-0.8349056603773585
7,0.0,0.0,-0.19047619047619047,-0.07142857142857142,-0.3523809523809524,-0.20952380952380953,-0.47619047619047616,-0.3142857142857143,-0.6,-0.38571428571428573,-0.2857142857142857,-0.49047619047619045,-0.36666666666666664,-0.6857142857142857,-0.40476190476190477,-0.8047619047619048,-0.43333333333333335,-0.9095238095238095,-0.19523809523809524,-0.5285714285714286,-0.2714285714285714,-0.7523809523809524,-0.319047619047619,-0.8904761904761904,-0.3523809523809524,-1.0,-0.09047619047619047,-0.5142857142857142,-0.09523809523809523,-0.7333333333333333,-0.09523809523809523,-0.861904761904762,-0.09523809523809523,-0.9714285714285714,0.014285714285714285,-0.46190476190476193,0.023809523809523808,-0.6285714285714286,0.02857142857142857,-0.7333333333333333,0.01904761904761905,-0.8285714285714286
7,0.0,0.0,-0.19047619047619047,-0.06666666666666667,-0.34285714285714286,-0.21428571428571427,-0.45714285714285713,-0.3380952380952381,-0.5761904761904761,-0.4238095238095238,-0.2857142857142857,-0.4857142857142857,-0.36666666666666664,-0.680952380952381,-0.4095238095238095,-0.8,-0.4380952380952381,-0.9095238095238095,-0.19523809523809524,-0.5238095238095238,-0.2761904761904762,-0.7476190476190476,-0.3238095238095238,-0.8857142857142857,-0.3619047619047619,-1.0,-0.09523809523809523,-0.5095238095238095,-0.10476190476190476,-0.7285714285714285,-0.1,-0.8571428571428571,-0.1,-0.9666666666666667,0.009523809523809525,-0.45714285714285713,0.01904761904761905,-0.6238095238095238,0.023809523809523808,-0.7285714285714285,0.01904761904761905,-0.8238095238095238
7,0.0,0.0,-0.18571428571428572,-0.07142857142857142,-0.3380952380952381,-0.21428571428571427,-0.4523809523809524,-0.34285714285714286,-0.5714285714285714,-0.4238095238095238,-0.28095238095238095,-0.4857142857142857,-0.35714285714285715,-0.6857142857142857,-0.4,-0.8,-0.43333333333333335,-0.9095238095238095,-0.19047619047619047,-0.5238095238095238,-0.2714285714285714,-0.7476190476190476,-0.319047619047619,-0.8857142857142857,-0.35714285714285715,-1.0,-0.09047619047619047,-0.5142857142857142,-0.09523809523809523,-0.7285714285714285,-0.09047619047619047,-0.861904761904762,-0.09047619047619047,-0.9666666666666667,0.014285714285714285,-0.45714285714285713,0.01904761904761905,-0.6238095238095238,0.023809523809523808,-0.7285714285714285,0.01904761904761905,-0.8238095238095238
7,0.0,0.0,-0.1875,-0.0625,-0.33653846153846156,-0.20673076923076922,-0.4423076923076923,-0.34615384615384615,-0.5528846153846154,-0.4567307692307692,-0.2932692307692308,-0.47596153846153844,-0.38461538461538464,-0.6682692307692307,-0.42788461538461536,-0.7836538461538461,-0.4567307692307692,-0.8894230769230769,-0.20192307692307693,-0.5192307692307693,-0.2932692307692308,-0.75,-0.34134615384615385,-0.8846153846153846,-0.3701923076923077,-1.0,-0.10096153846153846,-0.5144230769230769,-0.11057692307692307,-0.7307692307692307,-0.10576923076923077,-0.8605769230769231,-0.10096153846153846,-0.9711538461538461,0.009615384615384616,-0.46634615384615385,0.014423076923076924,-0.6346153846153846,0.019230769230769232,-0.7403846153846154,0.014423076923076924,-0.8317307692307693
7,0.0,0.0,-0.18181818181818182,-0.07655502392344497,-0.32057416267942584,-0.22488038277511962,-0.4019138755980861,-0.3684210526315789,-0.49760765550239233,-0.4880382775119617,-0.291866028708134,-0.4784688995215311,-0.37799043062200954,-0.6746411483253588,-0.4258373205741627,-0.7894736842105263,-0.45454545454545453,-0.8995215311004785,-0.20095693779904306,-0.5215311004784688,-0.291866028708134,-0.7464114832535885,-0.3397129186602871,-0.8851674641148325,-0.37320574162679426,-1.0,-0.10047846889952153,-0.5119617224880383,-0.11961722488038277,-0.7320574162679426,-0.10526315789473684,-0.861244019138756,-0.10047846889952153,-0.9712918660287081,0.009569377990430622,-0.46411483253588515,0.014354066985645933,-0.631578947368421,0.019138755980861243,-0.7416267942583732,0.014354066985645933,-0.8373205741626795
7,0.0,0.0,-0.18269230769230768,-0.07692307692307693,-0.32211538461538464,-0.22596153846153846,-0.40384615384615385,-0.3701923076923077,-0.4855769230769231,-0.4951923076923077,-0.2980769230769231,-0.4807692307692308,-0.3942307692307692,-0.6778846153846154,-0.4375,-0.7932692307692307,-0.46634615384615385,-0.8942307692307693,-0.20673076923076922,-0.5240384615384616,-0.2980769230769231,-0.75,-0.35096153846153844,-0.8846153846153846,-0.3798076923076923,-1.0,-0.10576923076923077,-0.5144230769230769,-0.125,-0.7355769230769231,-0.11538461538461539,-0.8653846153846154,-0.11057692307692307,-0.9759615384615384,0.004807692307692308,-0.46634615384615385,0.014423076923076924,-0.6298076923076923,0.019230769230769232,-0.7355769230769231,0.014423076923076924,-0.8317307692307693
7,0.0,0.0,-0.18269230769230768,-0.07211538461538461,-0.32211538461538464,-0.22115384615384615,-0.40384615384615385,-0.3701923076923077,-0.4807692307692308,-0.5,-0.3076923076923077,-0.47596153846153844,-0.40865384615384615,-0.6682692307692307,-0.4567307692307692,-0.7836538461538461,-0.49038461538461536,-0.8846153846153846,-0.21634615384615385,-0.5192307692307693,-0.3076923076923077,-0.7451923076923077,-0.3557692307692308,-0.8846153846153846,-0.3894230769230769,-1.0,-0.11538461538461539,-0.5144230769230769,-0.12980769230769232,-0.7355769230769231,-0.125,-0.8653846153846154,-0.1201923076923077,-0.9759615384615384,-0.004807692307692308,-0.46634615384615385,0.004807692307692308,-0.6394230769230769,0.014423076923076924,-0.7451923076923077,0.009615384615384616,-0.8413461538461539
7,0.0,0.0,-0.17703349282296652,-0.07655502392344497,-0.3157894736842105,-0.22966507177033493,-0.39712918660287083,-0.37799043062200954,-0.4688995215311005,-0.5119617224880383,-0.3014354066985646,-0.48325358851674644,-0.3923444976076555,-0.6746411483253588,-0.4354066985645933,-0.7894736842105263,-0.46411483253588515,-0.8947368421052632,-0.21052631578947367,-0.5215311004784688,-0.3014354066985646,-0.7416267942583732,-0.35406698564593303,-0.8803827751196173,-0.3875598086124402,-1.0,-0.11004784688995216,-0.5119617224880383,-0.1291866028708134,-0.7320574162679426,-0.12440191387559808,-0.861244019138756,-0.11961722488038277,-0.9712918660287081,0.0,-0.4688995215311005,0.004784688995215311,-0.6363636363636364,0.009569377990430622,-0.7368421052631579,0.004784688995215311,-0.8373205741626795
7,0.0,0.0,-0.18181818181818182,-0.07655502392344497,-0.3253588516746411,-0.22966507177033493,-0.4019138755980861,-0.37320574162679426,-0.46411483253588515,-0.507177033492823,-0.31100478468899523,-0.48325358851674644,-0.40669856459330145,-0.6794258373205742,-0.44976076555023925,-0.7894736842105263,-0.4784688995215311,-0.8947368421052632,-0.22009569377990432,-0.5215311004784688,-0.31100478468899523,-0.7464114832535885,-0.3588516746411483,-0.8803827751196173,-0.3923444976076555,-1.0,-0.11961722488038277,-0.5119617224880383,-0.1339712918660287,-0.7320574162679426,-0.1291866028708134,-0.861244019138756,-0.12440191387559808,-0.9760765550239234,-0.009569377990430622,-0.46411483253588515,-0.004784688995215311,-0.631578947368421,-0.004784688995215311,-0.7416267942583732,-0.009569377990430622,-0.8373205741626795
7,0.0,0.0,-0.18269230769230768,-0.07211538461538461,-0.3269230769230769,-0.22596153846153846,-0.40384615384615385,-0.3701923076923077,-0.46634615384615385,-0.5048076923076923,-0.3125,-0.4855769230769231,-0.40384615384615385,-0.6778846153846154,-0.44711538461538464,-0.7932692307692307,-0.47596153846153844,-0.8942307692307693,-0.22115384615384615,-0.5240384615384616,-0.3076923076923077,-0.7451923076923077,-0.3605769230769231,-0.8846153846153846,-0.3942307692307692,-1.0,-0.1201923076923077,-0.5144230769230769,-0.13942307692307693,-0.7307692307692307,-0.1346153846153846,-0.8605769230769231,-0.12980769230769232,-0.9711538461538461,-0.014423076923076924,-0.46153846153846156,-0.004807692307692308,-0.6346153846153846,-0.004807692307692308,-0.7403846153846154,-0.009615384615384616,-0.8413461538461539
7,0.0,0.0,-0.17307692307692307,-0.07211538461538461,-0.3125,-0.22596153846153846,-0.38461538461538464,-0.375,-0.4519230769230769,-0.5096153846153846,-0.2980769230769231,-0.4855769230769231,-0.38461538461538464,-0.6826923076923077,-0.42788461538461536,-0.7932692307692307,-0.4567307692307692,-0.8990384615384616,-0.21153846153846154,-0.5240384615384616,-0.2980769230769231,-0.7451923076923077,-0.35096153846153844,-0.8846153846153846,-0.3798076923076923,-1.0,-0.11057692307692307,-0.5144230769230769,-0.12980769230769232,-0.7307692307692307,-0.125,-0.8605769230769231,-0.1201923076923077,-0.9663461538461539,-0.004807692307692308,-0.46153846153846156,0.004807692307692308,-0.6346153846153846,0.009615384615384616,-0.7403846153846154,0.004807692307692308,-0.8413461538461539
7,0.0,0.0,-0.1778846153846154,-0.07692307692307693,-0.3125,-0.23557692307692307,-0.3894230769230769,-0.3798076923076923,-0.4567307692307692,-0.5144230769230769,-0.30288461538461536,-0.49038461538461536,-0.3942307692307692,-0.6826923076923077,-0.4423076923076923,-0.7932692307692307,-0.47596153846153844,-0.8942307692307693,-0.21153846153846154,-0.5288461538461539,-0.2980769230769231,-0.7451923076923077,-0.3557692307692308,-0.8846153846153846,-0.3942307692307692,-1.0,-0.11538461538461539,-0.5144230769230769,-0.125,-0.7307692307692307,-0.125,-0.8605769230769231,-0.125,-0.9759615384615384,-0.009615384615384616,-0.46153846153846156,0.0,-0.6298076923076923,0.004807692307692308,-0.7403846153846154,-0.004807692307692308,-0.8413461538461539
7,0.0,0.0,-0.17307692307692307,-0.07692307692307693,-0.3076923076923077,-0.23076923076923078,-0.38461538461538464,-0.375,-0.4423076923076923,-0.5096153846153846,-0.28846153846153844,-0.49038461538461536,-0.375,-0.6826923076923077,-0.4182692307692308,-0.7932692307692307,-0.4519230769230769,-0.8942307692307693,-0.20192307692307693,-0.5288461538461539,-0.28846153846153844,-0.7451923076923077,-0.34134615384615385,-0.8798076923076923,-0.375,-1.0,-0.10576923076923077,-0.5144230769230769,-0.1201923076923077,-0.7307692307692307,-0.11057692307692307,-0.8605769230769231,-0.11057692307692307,-0.9711538461538461,0.0,-0.46153846153846156,0.009615384615384616,-0.6298076923076923,0.014423076923076924,-0.7355769230769231,0.009615384615384616,-0.8317307692307693
7,0.0,0.0,-0.16826923076923078,-0.08173076923076923,-0.30288461538461536,-0.23557692307692307,-0.375,-0.38461538461538464,-0.4375,-0.5192307692307693,-0.28846153846153844,-0.49038461538461536,-0.375,-0.6826923076923077,-0.4182692307692308,-0.7932692307692307,-0.4423076923076923,-0.8942307692307693,-0.20192307692307693,-0.5240384615384616,-0.28846153846153844,-0.7451923076923077,-0.33653846153846156,-0.8846153846153846,-0.36538461538461536,-1.0,-0.10576923076923077,-0.5144230769230769,-0.1201923076923077,-0.7307692307692307,-0.11057692307692307,-0.8557692307692307,-0.11057692307692307,-0.9663461538461539,0.0,-0.46634615384615385,0.009615384615384616,-0.6346153846153846,0.019230769230769232,-0.7403846153846154,0.019230769230769232,-0.8365384615384616
7,0.0,0.0,-0.17391304347826086,-0.0821256038647343,-0.30434782608695654,-0.23671497584541062,-0.37681159420289856,-0.38164251207729466,-0.43478260869565216,-0.5169082125603864,-0.2898550724637681,-0.48792270531400966,-0.3719806763285024,-0.6811594202898551,-0.41545893719806765,-0.7922705314009661,-0.4444444444444444,-0.8985507246376812,-0.19806763285024154,-0.5217391304347826,-0.28019323671497587,-0.7439613526570048,-0.3333333333333333,-0.8792270531400966,-0.3671497584541063,-1.0,-0.10144927536231885,-0.5120772946859904,-0.1111111111111111,-0.7294685990338164,-0.10628019323671498,-0.8599033816425121,-0.10628019323671498,-0.9710144927536232,0.004830917874396135,-0.45893719806763283,0.014492753623188406,-0.6328502415458938,0.01932367149758454,-0.7439613526570048,0.014492753623188406,-0.8405797101449275
7,0.0,0.0,-0.17391304347826086,-0.0821256038647343,-0.2995169082125604,-0.24154589371980675,-0.3719806763285024,-0.38164251207729466,-0.42995169082125606,-0.5169082125603864,-0.28502415458937197,-0.4927536231884058,-0.3671497584541063,-0.6859903381642513,-0.4106280193236715,-0.7971014492753623,-0.4396135265700483,-0.8985507246376812,-0.1932367149758454,-0.5265700483091788,-0.2753623188405797,-0.748792270531401,-0.3285024154589372,-0.8840579710144928,-0.36231884057971014,-1.0,-0.09178743961352658,-0.5120772946859904,-0.10628019323671498,-0.7294685990338164,-0.10144927536231885,-0.8599033816425121,-0.10144927536231885,-0.9710144927536232,0.014492753623188406,-0.45893719806763283,0.01932367149758454,-0.6328502415458938,0.028985507246376812,-0.7391304347826086,0.024154589371980676,-0.8405797101449275
7,0.0,0.0,-0.17307692307692307,-0.07692307692307693,-0.3125,-0.23076923076923078,-0.38461538461538464,-0.375,-0.4423076923076923,-0.5144230769230769,-0.2932692307692308,-0.4855769230769231,-0.3798076923076923,-0.6875,-0.42788461538461536,-0.7980769230769231,-0.4567307692307692,-0.9038461538461539,-0.20673076923076922,-0.5240384615384616,-0.2932692307692308,-0.7403846153846154,-0.34134615384615385,-0.8798076923076923,-0.375,-1.0,-0.10576923076923077,-0.5096153846153846,-0.1201923076923077,-0.7211538461538461,-0.11057692307692307,-0.8509615384615384,-0.11057692307692307,-0.9615384615384616,0.0,-0.46153846153846156,0.004807692307692308,-0.6298076923076923,0.009615384615384616,-0.7403846153846154,0.004807692307692308,-0.8365384615384616
7,0.0,0.0,-0.17391304347826086,-0.07729468599033816,-0.30434782608695654,-0.2318840579710145,-0.3719806763285024,-0.38164251207729466,-0.43478260869565216,-0.5217391304347826,-0.2898550724637681,-0.4830917874396135,-0.37681159420289856,-0.6763285024154589,-0.4251207729468599,-0.7874396135265701,-0.45410628019323673,-0.8888888888888888,-0.19806763285024154,-0.5217391304347826,-0.2898550724637681,-0.7439613526570048,-0.33816425120772947,-0.8792270531400966,-0.37681159420289856,-1.0,-0.10144927536231885,-0.5120772946859904,-0.1111111111111111,-0.7246376811594203,-0.10144927536231885,-0.855072463768116,-0.0966183574879227,-0.966183574879227,0.004830917874396135,-0.463768115942029,0.014492753623188406,-0.6328502415458938,0.01932367149758454,-0.7342995169082126,0.014492753623188406,-0.8357487922705314
7,0.0,0.0,-0.17475728155339806,-0.07766990291262135,-0.3155339805825243,-0.22815533980582525,-0.3883495145631068,-0.3737864077669903,-0.441747572815534,-0.5145631067961165,-0.30097087378640774,-0.47572815533980584,-0.3932038834951456,-0.6747572815533981,-0.441747572815534,-0.7864077669902912,-0.47572815533980584,-0.8932038834951457,-0.21359223300970873,-0.5145631067961165,-0.3058252427184466,-0.7378640776699029,-0.35436893203883496,-0.8786407766990292,-0.3932038834951456,-1.0,-0.11165048543689321,-0.5048543689320388,-0.1262135922330097,-0.7184466019417476,-0.12135922330097088,-0.8446601941747572,-0.11650485436893204,-0.9563106796116505,-0.0048543689320388345,-0.46116504854368934,0.0,-0.6310679611650486,0.0048543689320388345,-0.7378640776699029,0.0048543689320388345,-0.8349514563106796
7,0.0,0.0,-0.17391304347826086,-0.0821256038647343,-0.30434782608695654,-0.23671497584541062,-0.37681159420289856,-0.38164251207729466,-0.4396135265700483,-0.5217391304347826,-0.2946859903381642,-0.4830917874396135,-0.3864734299516908,-0.6763285024154589,-0.43478260869565216,-0.782608695652174,-0.46859903381642515,-0.8888888888888888,-0.20772946859903382,-0.5265700483091788,-0.2946859903381642,-0.7439613526570048,-0.34782608695652173,-0.8792270531400966,-0.3864734299516908,-1.0,-0.10628019323671498,-0.5120772946859904,-0.12077294685990338,-0.7294685990338164,-0.11594202898550725,-0.8599033816425121,-0.1111111111111111,-0.9758454106280193,-0.004830917874396135,-0.463768115942029,0.0,-0.6328502415458938,0.004830917874396135,-0.7391304347826086,0.0,-0.8357487922705314
7,0.0,0.0,-0.17475728155339806,-0.0825242718446602,-0.3106796116504854,-0.23786407766990292,-0.3786407766990291,-0.38349514563106796,-0.4320388349514563,-0.5242718446601942,-0.2961165048543689,-0.49029126213592233,-0.3786407766990291,-0.6796116504854369,-0.42718446601941745,-0.7912621359223301,-0.4563106796116505,-0.8932038834951457,-0.20388349514563106,-0.5242718446601942,-0.28640776699029125,-0.7427184466019418,-0.33980582524271846,-0.8786407766990292,-0.36893203883495146,-1.0,-0.10679611650485436,-0.5145631067961165,-0.12135922330097088,-0.7281553398058253,-0.11165048543689321,-0.8592233009708737,-0.10194174757281553,-0.9757281553398058,0.0,-0.46601941747572817,0.0048543689320388345,-0.6310679611650486,0.009708737864077669,-0.7378640776699029,0.0048543689320388345,-0.8398058252427184
7,0.0,0.0,-0.16990291262135923,-0.0825242718446602,-0.3058252427184466,-0.23786407766990292,-0.3737864077669903,-0.38349514563106796,-0.4320388349514563,-0.5242718446601942,-0.2912621359223301,-0.4854368932038835,-0.3786407766990291,-0.6747572815533981,-0.4223300970873786,-0.7864077669902912,-0.4563106796116505,-0.8932038834951457,-0.19902912621359223,-0.5242718446601942,-0.28640776699029125,-0.7427184466019418,-0.33980582524271846,-0.8786407766990292,-0.3737864077669903,-1.0,-0.10194174757281553,-0.5145631067961165,-0.11650485436893204,-0.7281553398058253,-0.10194174757281553,-0.8592233009708737,-0.0970873786407767,-0.9757281553398058,0.0048543689320388345,-0.46116504854368934,0.009708737864077669,-0.6310679611650486,0.014563106796116505,-0.7378640776699029,0.009708737864077669,-0.8398058252427184
7,0.0,0.0,-0.16666666666666666,-0.08571428571428572,-0.2857142857142857,-0.24285714285714285,-0.3476190476190476,-0.38571428571428573,-0.4,-0.5190476190476191,-0.2571428571428571,-0.49047619047619045,-0.3333333333333333,-0.6857142857142857,-0.37142857142857144,-0.8,-0.4,-0.9047619047619048,-0.1761904761904762,-0.5238095238095238,-0.24285714285714285,-0.7428571428571429,-0.28095238095238095,-0.8809523809523809,-0.3142857142857143,-1.0,-0.08095238095238096,-0.5047619047619047,-0.08095238095238096,-0.7238095238095238,-0.06190476190476191,-0.8571428571428571,-0.05714285714285714,-0.9714285714285714,0.014285714285714285,-0.44761904761904764,0.03333333333333333,-0.6095238095238096,0.04285714285714286,-0.719047619047619,0.047619047619047616,-0.819047619047619
7,0.0,0.0,-0.16587677725118483,-0.09004739336492891,-0.2843601895734597,-0.24170616113744076,-0.3459715639810427,-0.38388625592417064,-0.3933649289099526,-0.5213270142180095,-0.25118483412322273,-0.4976303317535545,-0.3175355450236967,-0.6872037914691943,-0.35545023696682465,-0.8009478672985783,-0.38388625592417064,-0.9052132701421801,-0.16587677725118483,-0.5260663507109005,-0.22274881516587677,-0.7440758293838863,-0.26540284360189575,-0.8815165876777251,-0.2938388625592417,-1.0,-0.07582938388625593,-0.5118483412322274,-0.061611374407582936,-0.7251184834123223,-0.04739336492890995,-0.8578199052132701,-0.037914691943127965,-0.9715639810426541,0.018957345971563982,-0.4549763033175355,0.04739336492890995,-0.6161137440758294,0.061611374407582936,-0.7203791469194313,0.06635071090047394,-0.8199052132701422
7,0.0,0.0,-0.16587677725118483,-0.09004739336492891,-0.2843601895734597,-0.25118483412322273,-0.3459715639810427,-0.3933649289099526,-0.3933649289099526,-0.5308056872037915,-0.25118483412322273,-0.4928909952606635,-0.3222748815165877,-0.6872037914691943,-0.36018957345971564,-0.8009478672985783,-0.38388625592417064,-0.9052132701421801,-0.16587677725118483,-0.5260663507109005,-0.21800947867298578,-0.7440758293838863,-0.2559241706161137,-0.8815165876777251,-0.2843601895734597,-1.0,-0.07109004739336493,-0.5118483412322274,-0.061611374407582936,-0.7251184834123223,-0.04265402843601896,-0.8578199052132701,-0.03317535545023697,-0.9715639810426541,0.02843601895734597,-0.4549763033175355,0.05687203791469194,-0.6161137440758294,0.07109004739336493,-0.7203791469194313,0.07582938388625593,-0.8151658767772512
7,0.0,0.0,-0.1619047619047619,-0.08095238095238096,-0.2904761904761905,-0.23809523809523808,-0.35714285714285715,-0.38571428571428573,-0.4,-0.5285714285714286,-0.2523809523809524,-0.49523809523809526,-0.3238095238095238,-0.6904761904761905,-0.3619047619047619,-0.8047619047619048,-0.3904761904761905,-0.9095238095238095,-0.1619047619047619,-0.5285714285714286,-0.21904761904761905,-0.7476190476190476,-0.2523809523809524,-0.8809523809523809,-0.28095238095238095,-1.0,-0.07142857142857142,-0.5095238095238095,-0.06190476190476191,-0.7238095238095238,-0.047619047619047616,-0.8571428571428571,-0.03333333333333333,-0.9714285714285714,0.023809523809523808,-0.4523809523809524,0.05238095238095238,-0.6142857142857143,0.06666666666666667,-0.7238095238095238,0.0761904761904762,-0.819047619047619
7,0.0,0.0,-0.16587677725118483,-0.08530805687203792,-0.2843601895734597,-0.23696682464454977,-0.35071090047393366,-0.38388625592417064,-0.4028436018957346,-0.5165876777251185,-0.2559241706161137,-0.4928909952606635,-0.32701421800947866,-0.6872037914691943,-0.36018957345971564,-0.7962085308056872,-0.38388625592417064,-0.9004739336492891,-0.16113744075829384,-0.5260663507109005,-0.22274881516587677,-0.7488151658767772,-0.26066350710900477,-0.8815165876777251,-0.2890995260663507,-1.0,-0.06635071090047394,-0.5118483412322274,-0.05687203791469194,-0.7251184834123223,-0.037914691943127965,-0.8625592417061612,-0.023696682464454975,-0.981042654028436,0.02843601895734597,-0.4549763033175355,0.052132701421800945,-0.6161137440758294,0.07109004739336493,-0.7203791469194313,0.07109004739336493,-0.8199052132701422
7,0.0,0.0,-0.1650943396226415,-0.08490566037735849,-0.28773584905660377,-0.24528301886792453,-0.3490566037735849,-0.3867924528301887,-0.4009433962264151,-0.5235849056603774,-0.25471698113207547,-0.49056603773584906,-0.32547169811320753,-0.6839622641509434,-0.3584905660377358,-0.7971698113207547,-0.3867924528301887,-0.9009433962264151,-0.1650943396226415,-0.5235849056603774,-0.22169811320754718,-0.7452830188679245,-0.25471698113207547,-0.8820754716981132,-0.28773584905660377,-1.0,-0.07075471698113207,-0.5094339622641509,-0.06132075471698113,-0.7264150943396226,-0.04245283018867924,-0.8584905660377359,-0.0330188679245283,-0.9811320754716981,0.02358490566037736,-0.4528301886792453,0.05188679245283019,-0.6179245283018868,0.07075471698113207,-0.7264150943396226,0.07547169811320754,-0.8254716981132075
7,0.0,0.0,-0.16901408450704225,-0.07981220657276995,-0.29577464788732394,-0.2347417840375587,-0.3615023474178404,-0.38028169014084506,-0.40375586854460094,-0.5211267605633803,-0.2676056338028169,-0.4835680751173709,-0.3380281690140845,-0.676056338028169,-0.3755868544600939,-0.7934272300469484,-0.39906103286384975,-0.8967136150234741,-0.17370892018779344,-0.5211267605633803,-0.2347417840375587,-0.7417840375586855,-0.27230046948356806,-0.8826291079812206,-0.3051643192488263,-1.0,-0.07981220657276995,-0.5070422535211268,-0.07981220657276995,-0.7230046948356808,-0.06103286384976526,-0.8591549295774648,-0.051643192488262914,-0.9765258215962441,0.018779342723004695,-0.4507042253521127,0.03755868544600939,-0.6197183098591549,0.056338028169014086,-0.7276995305164319,0.06103286384976526,-0.8262910798122066
7,0.0,0.0,-0.17061611374407584,-0.08530805687203792,-0.3033175355450237,-0.23696682464454977,-0.3696682464454976,-0.3886255924170616,-0.41232227488151657,-0.5308056872037915,-0.27488151658767773,-0.4881516587677725,-0.3459715639810427,-0.6872037914691943,-0.3886255924170616,-0.8009478672985783,-0.41706161137440756,-0.9052132701421801,-0.18009478672985782,-0.5260663507109005,-0.24170616113744076,-0.7488151658767772,-0.2796208530805687,-0.8815165876777251,-0.3127962085308057,-1.0,-0.08530805687203792,-0.5165876777251185,-0.09004739336492891,-0.7298578199052133,-0.08530805687203792,-0.8625592417061612,-0.08056872037914692,-0.981042654028436,0.009478672985781991,-0.46445497630331756,0.02843601895734597,-0.6255924170616114,0.04265402843601896,-0.7345971563981043,0.04739336492890995,-0.8341232227488151
7,0.0,0.0,-0.17061611374407584,-0.08530805687203792,-0.2985781990521327,-0.24170616113744076,-0.36018957345971564,-0.3886255924170616,-0.41232227488151657,-0.5260663507109005,-0.27014218009478674,-0.4928909952606635,-0.3459715639810427,-0.6872037914691943,-0.3886255924170616,-0.8009478672985783,-0.41232227488151657,-0.9052132701421801,-0.18009478672985782,-0.5260663507109005,-0.24170616113744076,-0.7488151658767772,-0.2843601895734597,-0.8815165876777251,-0.3175355450236967,-1.0,-0.08530805687203792,-0.5118483412322274,-0.08530805687203792,-0.7251184834123223,-0.07109004739336493,-0.8578199052132701,-0.06635071090047394,-0.9715639810426541,0.014218009478672985,-0.4549763033175355,0.03317535545023697,-0.6208530805687204,0.04265402843601896,-0.7298578199052133,0.04739336492890995,-0.8293838862559242
7,0.0,0.0,-0.1650943396226415,-0.08490566037735849,-0.29245283018867924,-0.24056603773584906,-0.3584905660377358,-0.38207547169811323,-0.4056603773584906,-0.5188679245283019,-0.2641509433962264,-0.4858490566037736,-0.33962264150943394,-0.6792452830188679,-0.38207547169811323,-0.7924528301886793,-0.41037735849056606,-0.8962264150943396,-0.17452830188679244,-0.5235849056603774,-0.24056603773584906,-0.7452830188679245,-0.2830188679245283,-0.8820754716981132,-0.3160377358490566,-1.0,-0.08018867924528301,-0.5094339622641509,-0.08490566037735849,-0.7216981132075472,-0.07547169811320754,-0.8584905660377359,-0.07075471698113207,-0.9716981132075472,0.018867924528301886,-0.4528301886792453,0.0330188679245283,-0.6226415094339622,0.04245283018867924,-0.7311320754716981,0.04716981132075472,-0.8301886792452831
7,0.0,0.0,-0.17061611374407584,-0.08056872037914692,-0.2938388625592417,-0.23222748815165878,-0.36018957345971564,-0.3744075829383886,-0.41232227488151657,-0.5118483412322274,-0.27014218009478674,-0.4834123222748815,-0.35071090047393366,-0.6729857819905213,-0.3933649289099526,-0.7867298578199052,-0.41706161137440756,-0.8862559241706162,-0.18009478672985782,-0.5213270142180095,-0.2559241706161137,-0.7393364928909952,-0.2985781990521327,-0.8767772511848341,-0.33175355450236965,-1.0,-0.08530805687203792,-0.5071090047393365,-0.09004739336492891,-0.7203791469194313,-0.08056872037914692,-0.8530805687203792,-0.07582938388625593,-0.966824644549763,0.014218009478672985,-0.4549763033175355,0.02843601895734597,-0.6255924170616114,0.037914691943127965,-0.7345971563981043,0.03317535545023697,-0.8341232227488151
7,0.0,0.0,-0.1650943396226415,-0.07547169811320754,-0.2971698113207547,-0.23113207547169812,-0.36792452830188677,-0.37735849056603776,-0.419811320754717,-0.5141509433962265,-0.2830188679245283,-0.4811320754716981,-0.36792452830188677,-0.6792452830188679,-0.41509433962264153,-0.7924528301886793,-0.44339622641509435,-0.8962264150943396,-0.18867924528301888,-0.5188679245283019,-0.2641509433962264,-0.7452830188679245,-0.30660377358490565,-0.8820754716981132,-0.33962264150943394,-1.0,-0.08962264150943396,-0.5094339622641509,-0.09905660377358491,-0.7264150943396226,-0.09433962264150944,-0.8584905660377359,-0.08962264150943396,-0.9716981132075472,0.009433962264150943,-0.46226415094339623,0.018867924528301886,-0.6273584905660378,0.02358490566037736,-0.7311320754716981,0.018867924528301886,-0.8301886792452831
7,0.0,0.0,-0.16901408450704225,-0.07981220657276995,-0.29577464788732394,-0.2300469483568075,-0.36619718309859156,-0.37089201877934275,-0.41784037558685444,-0.5070422535211268,-0.28169014084507044,-0.48826291079812206,-0.352112676056338,-0.6807511737089202,-0.39436619718309857,-0.7981220657276995,-0.41784037558685444,-0.9014084507042254,-0.19248826291079812,-0.5211267605633803,-0.26291079812206575,-0.7417840375586855,-0.3051643192488263,-0.8779342723004695,-0.3333333333333333,-1.0,-0.09859154929577464,-0.5117370892018779,-0.107981220657277,-0.7230046948356808,-0.09859154929577464,-0.8544600938967136,-0.0892018779342723,-0.9671361502347418,0.004694835680751174,-0.4647887323943662,0.009389671361502348,-0.6291079812206573,0.018779342723004695,-0.7323943661971831,0.018779342723004695,-0.8309859154929577
7,0.0,0.0,-0.16822429906542055,-0.07476635514018691,-0.3037383177570093,-0.22429906542056074,-0.37383177570093457,-0.3691588785046729,-0.4252336448598131,-0.5093457943925234,-0.2850467289719626,-0.4766355140186916,-0.3644859813084112,-0.6728971962616822,-0.411214953271028,-0.7897196261682243,-0.4392523364485981,-0.897196261682243,-0.19626168224299065,-0.5186915887850467,-0.2757009345794392,-0.7383177570093458,-0.32242990654205606,-0.8785046728971962,-0.35046728971962615,-1.0,-0.09813084112149532,-0.5093457943925234,-0.11214953271028037,-0.7242990654205608,-0.102803738317757,-0.8551401869158879,-0.09345794392523364,-0.9766355140186916,0.004672897196261682,-0.45794392523364486,0.004672897196261682,-0.6261682242990654,0.009345794392523364,-0.7336448598130841,0.004672897196261682,-0.8317757009345794
7,0.0,0.0,-0.17370892018779344,-0.07981220657276995,-0.30985915492957744,-0.22535211267605634,-0.3755868544600939,-0.3755868544600939,-0.431924882629108,-0.5070422535211268,-0.29107981220657275,-0.47417840375586856,-0.3755868544600939,-0.676056338028169,-0.41784037558685444,-0.7887323943661971,-0.4460093896713615,-0.8967136150234741,-0.20187793427230047,-0.5117370892018779,-0.28169014084507044,-0.7370892018779343,-0.3286384976525822,-0.8779342723004695,-0.3615023474178404,-1.0,-0.10328638497652583,-0.5070422535211268,-0.12206572769953052,-0.7230046948356808,-0.11737089201877934,-0.8497652582159625,-0.11737089201877934,-0.9624413145539906,0.0,-0.4647887323943662,0.0,-0.6291079812206573,0.004694835680751174,-0.7370892018779343,0.0,-0.8309859154929577
7,0.0,0.0,-0.17370892018779344,-0.07981220657276995,-0.3004694835680751,-0.2300469483568075,-0.37089201877934275,-0.37089201877934275,-0.431924882629108,-0.5023474178403756,-0.29107981220657275,-0.4788732394366197,-0.3755868544600939,-0.6713615023474179,-0.41784037558685444,-0.7887323943661971,-0.4460093896713615,-0.892018779342723,-0.20187793427230047,-0.5211267605633803,-0.28169014084507044,-0.7417840375586855,-0.323943661971831,-0.8779342723004695,-0.3568075117370892,-1.0,-0.10328638497652583,-0.5117370892018779,-0.11737089201877934,-0.7230046948356808,-0.11267605633802817,-0.8544600938967136,-0.107981220657277,-0.971830985915493,0.004694835680751174,-0.4647887323943662,0.004694835680751174,-0.6338028169014085,0.004694835680751174,-0.7370892018779343,0.004694835680751174,-0.8356807511737089
7,0.0,0.0,-0.17674418604651163,-0.07441860465116279,-0.30697674418604654,-0.22325581395348837,-0.3767441860465116,-0.3674418604651163,-0.4325581395348837,-0.5069767441860465,-0.2837209302325581,-0.4744186046511628,-0.37209302325581395,-0.6697674418604651,-0.4186046511627907,-0.786046511627907,-0.44651162790697674,-0.8883720930232558,-0.19534883720930232,-0.5162790697674419,-0.2837209302325581,-0.7395348837209302,-0.33488372093023255,-0.8744186046511628,-0.3674418604651163,-1.0,-0.09767441860465116,-0.5116279069767442,-0.12093023255813953,-0.7255813953488373,-0.11627906976744186,-0.8558139534883721,-0.11162790697674418,-0.9674418604651163,0.004651162790697674,-0.46511627906976744,0.0,-0.6325581395348837,0.0,-0.7348837209302326,-0.009302325581395349,-0.827906976744186
7,0.0,0.0,-0.17289719626168223,-0.07476635514018691,-0.308411214953271,-0.21962616822429906,-0.37850467289719625,-0.3691588785046729,-0.4392523364485981,-0.5,-0.2850467289719626,-0.4766355140186916,-0.37383177570093457,-0.6682242990654206,-0.4205607476635514,-0.780373831775701,-0.4485981308411215,-0.883177570093458,-0.19626168224299065,-0.5186915887850467,-0.2803738317757009,-0.7429906542056075,-0.32710280373831774,-0.883177570093458,-0.3598130841121495,-1.0,-0.09813084112149532,-0.5186915887850467,-0.12149532710280374,-0.7289719626168224,-0.12149532710280374,-0.8598130841121495,-0.12149532710280374,-0.9719626168224299,0.009345794392523364,-0.4766355140186916,0.004672897196261682,-0.6401869158878505,0.0,-0.7476635514018691,0.0,-0.8411214953271028
7,0.0,0.0,-0.18055555555555555,-0.06944444444444445,-0.3194444444444444,-0.21296296296296297,-0.39814814814814814,-0.35185185185185186,-0.4722222222222222,-0.48148148148148145,-0.2962962962962963,-0.4722222222222222,-0.38425925925925924,-0.6620370370370371,-0.4305555555555556,-0.7777777777777778,-0.4583333333333333,-0.8842592592592593,-0.2037037037037037,-0.5185185185185185,-0.28703703703703703,-0.7407407407407407,-0.3333333333333333,-0.8796296296296297,-0.36574074074074076,-1.0,-0.10648148148148148,-0.5138888888888888,-0.12962962962962962,-0.7222222222222222,-0.12962962962962962,-0.8518518518518519,-0.12962962962962962,-0.9629629629629629,0.0,-0.4722222222222222,-0.004629629629629629,-0.6342592592592593,-0.004629629629629629,-0.7407407407407407,-0.013888888888888888,-0.8287037037037037
7,0.0,0.0,-0.17511520737327188,-0.06912442396313365,-0.31336405529953915,-0.2119815668202765,-0.4009216589861751,-0.3456221198156682,-0.4976958525345622,-0.45622119815668205,-0.28110599078341014,-0.4700460829493088,-0.3686635944700461,-0.663594470046083,-0.41935483870967744,-0.7788018433179723,-0.4470046082949309,-0.8894009216589862,-0.19815668202764977,-0.511520737327189,-0.2903225806451613,-0.7419354838709677,-0.34101382488479265,-0.880184331797235,-0.3778801843317972,-1.0,-0.0967741935483871,-0.5069124423963134,-0.11981566820276497,-0.7235023041474654,-0.11981566820276497,-0.8571428571428571,-0.11981566820276497,-0.9723502304147466,0.009216589861751152,-0.4608294930875576,0.004608294930875576,-0.631336405529954,0.004608294930875576,-0.7327188940092166,0.0,-0.8248847926267281
7,0.0,0.0,-0.17889908256880735,-0.06422018348623854,-0.3256880733944954,-0.2018348623853211,-0.42201834862385323,-0.3211009174311927,-0.5275229357798165,-0.41284403669724773,-0.2889908256880734,-0.46788990825688076,-0.37155963302752293,-0.6697247706422018,-0.41284403669724773,-0.7889908256880734,-0.44036697247706424,-0.8990825688073395,-0.2018348623853211,-0.5091743119266054,-0.28440366972477066,-0.7385321100917431,-0.3302752293577982,-0.8807339449541285,-0.3623853211009174,-1.0,-0.10091743119266056,-0.5045871559633027,-0.12385321100917432,-0.7201834862385321,-0.12385321100917432,-0.8532110091743119,-0.12385321100917432,-0.9587155963302753,0.009174311926605505,-0.45871559633027525,0.009174311926605505,-0.6238532110091743,0.0045871559633027525,-0.7293577981651376,-0.0045871559633027525,-0.8211009174311926
7,0.0,0.0,-0.1834862385321101,-0.06422018348623854,-0.3302752293577982,-0.19724770642201836,-0.43119266055045874,-0.3119266055045872,-0.536697247706422,-0.39908256880733944,-0.29357798165137616,-0.463302752293578,-0.3761467889908257,-0.6651376146788991,-0.41743119266055045,-0.7844036697247706,-0.44495412844036697,-0.8944954128440367,-0.2018348623853211,-0.5091743119266054,-0.2889908256880734,-0.7339449541284404,-0.3348623853211009,-0.8761467889908257,-0.3669724770642202,-1.0,-0.10091743119266056,-0.5045871559633027,-0.12385321100917432,-0.7201834862385321,-0.12385321100917432,-0.8440366972477065,-0.12385321100917432,-0.9541284403669725,0.0045871559633027525,-0.463302752293578,0.0,-0.6284403669724771,0.0,-0.7293577981651376,-0.009174311926605505,-0.8211009174311926
7,0.0,0.0,-0.18518518518518517,-0.06018518518518518,-0.3333333333333333,-0.18981481481481483,-0.4351851851851852,-0.3055555555555556,-0.5462962962962963,-0.39351851851851855,-0.30092592592592593,-0.4675925925925926,-0.37962962962962965,-0.6712962962962963,-0.42592592592592593,-0.7916666666666666,-0.4537037037037037,-0.9027777777777778,-0.20833333333333334,-0.5092592592592593,-0.2916666666666667,-0.7407407407407407,-0.33796296296296297,-0.8842592592592593,-0.37037037037037035,-1.0,-0.10648148148148148,-0.5046296296296297,-0.13425925925925927,-0.7222222222222222,-0.13425925925925927,-0.8518518518518519,-0.1388888888888889,-0.9583333333333334,0.0,-0.46296296296296297,-0.004629629629629629,-0.6296296296296297,-0.004629629629629629,-0.7361111111111112,-0.009259259259259259,-0.8287037037037037
7,0.0,0.0,-0.17511520737327188,-0.06451612903225806,-0.3225806451612903,-0.1935483870967742,-0.41935483870967744,-0.30414746543778803,-0.5299539170506913,-0.3870967741935484,-0.2903225806451613,-0.46543778801843316,-0.37327188940092165,-0.6682027649769585,-0.41935483870967744,-0.7926267281105991,-0.4423963133640553,-0.9032258064516129,-0.20276497695852536,-0.5069124423963134,-0.28110599078341014,-0.7419354838709677,-0.3271889400921659,-0.8847926267281107,-0.3548387096774194,-1.0,-0.0967741935483871,-0.5023041474654378,-0.12442396313364056,-0.7188940092165899,-0.12903225806451613,-0.8525345622119815,-0.12903225806451613,-0.9631336405529954,0.013824884792626729,-0.45622119815668205,0.009216589861751152,-0.6221198156682027,0.004608294930875576,-0.728110599078341,0.0,-0.8202764976958525
7,0.0,0.0,-0.17972350230414746,-0.06451612903225806,-0.3225806451612903,-0.1889400921658986,-0.42857142857142855,-0.2995391705069124,-0.5345622119815668,-0.391705069124424,-0.29493087557603687,-0.46543778801843316,-0.3824884792626728,-0.6682027649769585,-0.42857142857142855,-0.7926267281105991,-0.45622119815668205,-0.9032258064516129,-0.2073732718894009,-0.5069124423963134,-0.2995391705069124,-0.7373271889400922,-0.35023041474654376,-0.880184331797235,-0.3824884792626728,-1.0,-0.11059907834101383,-0.5023041474654378,-0.1336405529953917,-0.7188940092165899,-0.1336405529953917,-0.8525345622119815,-0.1336405529953917,-0.9631336405529954,0.0,-0.4608294930875576,-0.004608294930875576,-0.6267281105990783,-0.004608294930875576,-0.7327188940092166,-0.013824884792626729,-0.8294930875576036
7,0.0,0.0,-0.17972350230414746,-0.06451612903225806,-0.3225806451612903,-0.19815668202764977,-0.4147465437788018,-0.3225806451612903,-0.5207373271889401,-0.41013824884792627,-0.29493087557603687,-0.46543778801843316,-0.3824884792626728,-0.6682027649769585,-0.42857142857142855,-0.7880184331797235,-0.45622119815668205,-0.8986175115207373,-0.2073732718894009,-0.511520737327189,-0.29493087557603687,-0.7419354838709677,-0.34101382488479265,-0.8847926267281107,-0.3686635944700461,-1.0,-0.10599078341013825,-0.5069124423963134,-0.1336405529953917,-0.7235023041474654,-0.12903225806451613,-0.8571428571428571,-0.12442396313364056,-0.9631336405529954,0.004608294930875576,-0.46543778801843316,-0.004608294930875576,-0.631336405529954,-0.004608294930875576,-0.7373271889400922,-0.013824884792626729,-0.8248847926267281
7,0.0,0.0,-0.1743119266055046,-0.06880733944954129,-0.3119266055045872,-0.20642201834862386,-0.3944954128440367,-0.3348623853211009,-0.4954128440366973,-0.42660550458715596,-0.29357798165137616,-0.4724770642201835,-0.3761467889908257,-0.6788990825688074,-0.41743119266055045,-0.7981651376146789,-0.44495412844036697,-0.9128440366972477,-0.20642201834862386,-0.5137614678899083,-0.2889908256880734,-0.7431192660550459,-0.3348623853211009,-0.8853211009174312,-0.3669724770642202,-1.0,-0.11009174311926606,-0.5137614678899083,-0.13302752293577982,-0.7293577981651376,-0.13302752293577982,-0.8623853211009175,-0.13302752293577982,-0.9678899082568807,-0.0045871559633027525,-0.4724770642201835,-0.0045871559633027525,-0.6376146788990825,-0.009174311926605505,-0.7431192660550459,-0.013761467889908258,-0.8348623853211009
7,0.0,0.0,-0.17511520737327188,-0.06912442396313365,-0.31336405529953915,-0.2073732718894009,-0.39631336405529954,-0.33640552995391704,-0.4838709677419355,-0.4470046082949309,-0.2995391705069124,-0.4700460829493088,-0.3870967741935484,-0.663594470046083,-0.43317972350230416,-0.7788018433179723,-0.46543778801843316,-0.8894009216589862,-0.2119815668202765,-0.5207373271889401,-0.30414746543778803,-0.7373271889400922,-0.35944700460829493,-0.8755760368663594,-0.39631336405529954,-1.0,-0.1152073732718894,-0.5207373271889401,-0.1382488479262673,-0.728110599078341,-0.1382488479262673,-0.8617511520737328,-0.1382488479262673,-0.9723502304147466,-0.009216589861751152,-0.4792626728110599,-0.013824884792626729,-0.6451612903225806,-0.018433179723502304,-0.7465437788018433,-0.027649769585253458,-0.8387096774193549
7,0.0,0.0,-0.1712962962962963,-0.06481481481481481,-0.3055555555555556,-0.19907407407407407,-0.38425925925925924,-0.3333333333333333,-0.4722222222222222,-0.44907407407407407,-0.30092592592592593,-0.4675925925925926,-0.3888888888888889,-0.6620370370370371,-0.4351851851851852,-0.7777777777777778,-0.46296296296296297,-0.8888888888888888,-0.21296296296296297,-0.5138888888888888,-0.3055555555555556,-0.7361111111111112,-0.35648148148148145,-0.875,-0.39351851851851855,-1.0,-0.12037037037037036,-0.5138888888888888,-0.14351851851851852,-0.7268518518518519,-0.14814814814814814,-0.8564814814814815,-0.14814814814814814,-0.9722222222222222,-0.013888888888888888,-0.47685185185185186,-0.023148148148148147,-0.6388888888888888,-0.027777777777777776,-0.7453703703703703,-0.041666666666666664,-0.8425925925925926
7,0.0,0.0,-0.16972477064220184,-0.06422018348623854,-0.2981651376146789,-0.19724770642201836,-0.37155963302752293,-0.3302752293577982,-0.44495412844036697,-0.44495412844036697,-0.30275229357798167,-0.46788990825688076,-0.38990825688073394,-0.6651376146788991,-0.43119266055045874,-0.7844036697247706,-0.45871559633027525,-0.8944954128440367,-0.21559633027522937,-0.5137614678899083,-0.3073394495412844,-0.7339449541284404,-0.3577981651376147,-0.8761467889908257,-0.3944954128440367,-1.0,-0.11926605504587157,-0.5091743119266054,-0.14220183486238533,-0.7201834862385321,-0.14220183486238533,-0.8532110091743119,-0.14678899082568808,-0.9678899082568807,-0.013761467889908258,-0.463302752293578,-0.01834862385321101,-0.6238532110091743,-0.022935779816513763,-0.7293577981651376,-0.03669724770642202,-0.8256880733944955
7,0.0,0.0,-0.17050691244239632,-0.06451612903225806,-0.30414746543778803,-0.20276497695852536,-0.3778801843317972,-0.33640552995391704,-0.4470046082949309,-0.45161290322580644,-0.30414746543778803,-0.4608294930875576,-0.4009216589861751,-0.6543778801843319,-0.4470046082949309,-0.7695852534562212,-0.4792626728110599,-0.8755760368663594,-0.22119815668202766,-0.511520737327189,-0.3087557603686636,-0.7327188940092166,-0.3640552995391705,-0.8755760368663594,-0.4009216589861751,-1.0,-0.12442396313364056,-0.5069124423963134,-0.14746543778801843,-0.7188940092165899,-0.14746543778801843,-0.8525345622119815,-0.15207373271889402,-0.967741935483871,-0.018433179723502304,-0.46543778801843316,-0.027649769585253458,-0.631336405529954,-0.027649769585253458,-0.7373271889400922,-0.041474654377880185,-0.8341013824884793
7,0.0,0.0,-0.17050691244239632,-0.06912442396313365,-0.30414746543778803,-0.2073732718894009,-0.37327188940092165,-0.34101382488479265,-0.4423963133640553,-0.4608294930875576,-0.30414746543778803,-0.47465437788018433,-0.391705069124424,-0.663594470046083,-0.4377880184331797,-0.7788018433179723,-0.46543778801843316,-0.8847926267281107,-0.22119815668202766,-0.5161290322580645,-0.3087557603686636,-0.7373271889400922,-0.3640552995391705,-0.8755760368663594,-0.4009216589861751,-1.0,-0.12442396313364056,-0.511520737327189,-0.14285714285714285,-0.7235023041474654,-0.14746543778801843,-0.8525345622119815,-0.14746543778801843,-0.9631336405529954,-0.018433179723502304,-0.4700460829493088,-0.02304147465437788,-0.6359447004608295,-0.027649769585253458,-0.7373271889400922,-0.041474654377880185,-0.8341013824884793
7,0.0,0.0,-0.16972477064220184,-0.06880733944954129,-0.2981651376146789,-0.2018348623853211,-0.3669724770642202,-0.3302752293577982,-0.43577981651376146,-0.4541284403669725,-0.30275229357798167,-0.47706422018348627,-0.38990825688073394,-0.6697247706422018,-0.43577981651376146,-0.7844036697247706,-0.46788990825688076,-0.8899082568807339,-0.21559633027522937,-0.518348623853211,-0.3073394495412844,-0.7339449541284404,-0.3577981651376147,-0.8761467889908257,-0.3944954128440367,-1.0,-0.11926605504587157,-0.5091743119266054,-0.14220183486238533,-0.7201834862385321,-0.14678899082568808,-0.8486238532110092,-0.14678899082568808,-0.9587155963302753,-0.013761467889908258,-0.463302752293578,-0.01834862385321101,-0.6284403669724771,-0.027522935779816515,-0.7293577981651376,-0.03669724770642202,-0.8256880733944955
7,0.0,0.0,-0.17592592592592593,-0.06944444444444445,-0.3101851851851852,-0.2037037037037037,-0.37962962962962965,-0.33796296296296297,-0.44907407407407407,-0.46296296296296297,-0.3148148148148148,-0.47685185185185186,-0.4074074074074074,-0.6712962962962963,-0.44907407407407407,-0.7824074074074074,-0.48148148148148145,-0.8888888888888888,-0.22685185185185186,-0.5231481481481481,-0.3194444444444444,-0.7407407407407407,-0.375,-0.875,-0.41203703703703703,-1.0,-0.12962962962962962,-0.5231481481481481,-0.1527777777777778,-0.7268518518518519,-0.1527777777777778,-0.8564814814814815,-0.1574074074074074,-0.9722222222222222,-0.027777777777777776,-0.47685185185185186,-0.027777777777777776,-0.6388888888888888,-0.032407407407407406,-0.7407407407407407,-0.046296296296296294,-0.8379629629629629
7,0.0,0.0,-0.18055555555555555,-0.06481481481481481,-0.3194444444444444,-0.20833333333333334,-0.3888888888888889,-0.3472222222222222,-0.44907407407407407,-0.4722222222222222,-0.3194444444444444,-0.4722222222222222,-0.4027777777777778,-0.6712962962962963,-0.44907407407407407,-0.7916666666666666,-0.48148148148148145,-0.8981481481481481,-0.23148148148148148,-0.5185185185185185,-0.3148148148148148,-0.7361111111111112,-0.36574074074074076,-0.875,-0.4027777777777778,-1.0,-0.13425925925925927,-0.5138888888888888,-0.16203703703703703,-0.7222222222222222,-0.16203703703703703,-0.8472222222222222,-0.16666666666666666,-0.9629629629629629,-0.027777777777777776,-0.4722222222222222,-0.032407407407407406,-0.6342592592592593,-0.037037037037037035,-0.7407407407407407,-0.05092592592592592,-0.8379629629629629
7,0.0,0.0,-0.17674418604651163,-0.06511627906976744,-0.3116279069767442,-0.2,-0.3813953488372093,-0.33488372093023255,-0.4511627906976744,-0.4558139534883721,-0.31627906976744186,-0.4697674418604651,-0.40930232558139534,-0.6697674418604651,-0.4511627906976744,-0.786046511627907,-0.4790697674418605,-0.8930232558139535,-0.22790697674418606,-0.5116279069767442,-0.3209302325581395,-0.7348837209302326,-0.3767441860465116,-0.8790697674418605,-0.413953488372093,-1.0,-0.13023255813953488,-0.5116279069767442,-0.15348837209302327,-0.7209302325581395,-0.15348837209302327,-0.8511627906976744,-0.15813953488372093,-0.9674418604651163,-0.023255813953488372,-0.4697674418604651,-0.027906976744186046,-0.6325581395348837,-0.03255813953488372,-0.7348837209302326,-0.046511627906976744,-0.8325581395348837
7,0.0,0.0,-0.17592592592592593,-0.06481481481481481,-0.3148148148148148,-0.2037037037037037,-0.37962962962962965,-0.3472222222222222,-0.44907407407407407,-0.4722222222222222,-0.3148148148148148,-0.4675925925925926,-0.4027777777777778,-0.6574074074074074,-0.4537037037037037,-0.7731481481481481,-0.4861111111111111,-0.8796296296296297,-0.22685185185185186,-0.5138888888888888,-0.3148148148148148,-0.7361111111111112,-0.37037037037037035,-0.875,-0.4074074074074074,-1.0,-0.12962962962962962,-0.5092592592592593,-0.1574074074074074,-0.7222222222222222,-0.16203703703703703,-0.8564814814814815,-0.16666666666666666,-0.9722222222222222,-0.023148148148148147,-0.4675925925925926,-0.032407407407407406,-0.6342592592592593,-0.041666666666666664,-0.7361111111111112,-0.05092592592592592,-0.8333333333333334
7,0.0,0.0,-0.16972477064220184,-0.06880733944954129,-0.30275229357798167,-0.21100917431192662,-0.3669724770642202,-0.3486238532110092,-0.44036697247706424,-0.4724770642201835,-0.3119266055045872,-0.4724770642201835,-0.4036697247706422,-0.6697247706422018,-0.44495412844036697,-0.7844036697247706,-0.4724770642201835,-0.8944954128440367,-0.22018348623853212,-0.518348623853211,-0.3119266055045872,-0.7385321100917431,-0.3623853211009174,-0.8761467889908257,-0.3944954128440367,-1.0,-0.12385321100917432,-0.5091743119266054,-0.15137614678899083,-0.7201834862385321,-0.1559633027522936,-0.8486238532110092,-0.1559633027522936,-0.963302752293578,-0.01834862385321101,-0.46788990825688076,-0.027522935779816515,-0.6330275229357798,-0.03211009174311927,-0.7385321100917431,-0.045871559633027525,-0.8348623853211009
7,0.0,0.0,-0.18055555555555555,-0.06944444444444445,-0.3148148148148148,-0.21296296296296297,-0.37962962962962965,-0.35648148148148145,-0.44907407407407407,-0.4861111111111111,-0.3148148148148148,-0.4675925925925926,-0.4027777777777778,-0.6666666666666666,-0.44907407407407407,-0.7824074074074074,-0.4722222222222222,-0.8888888888888888,-0.23148148148148148,-0.5138888888888888,-0.3194444444444444,-0.7314814814814815,-0.375,-0.875,-0.41203703703703703,-1.0,-0.13425925925925927,-0.5092592592592593,-0.1574074074074074,-0.7222222222222222,-0.1574074074074074,-0.8518518518518519,-0.1574074074074074,-0.9675925925925926,-0.027777777777777776,-0.4722222222222222,-0.037037037037037035,-0.6388888888888888,-0.041666666666666664,-0.7407407407407407,-0.05092592592592592,-0.8379629629629629
7,0.0,0.0,-0.18055555555555555,-0.07407407407407407,-0.3101851851851852,-0.2175925925925926,-0.375,-0.35648148148148145,-0.4444444444444444,-0.48148148148148145,-0.3148148148148148,-0.48148148148148145,-0.39814814814814814,-0.6759259259259259,-0.4444444444444444,-0.7962962962962963,-0.4722222222222222,-0.9027777777777778,-0.22685185185185186,-0.5185185185185185,-0.3148148148148148,-0.7407407407407407,-0.36574074074074076,-0.875,-0.4027777777777778,-1.0,-0.12962962962962962,-0.5138888888888888,-0.1527777777777778,-0.7222222222222222,-0.1574074074074074,-0.8518518518518519,-0.16203703703703703,-0.9629629629629629,-0.027777777777777776,-0.46296296296296297,-0.032407407407407406,-0.6296296296296297,-0.041666666666666664,-0.7314814814814815,-0.05555555555555555,-0.8287037037037037
7,0.0,0.0,-0.17370892018779344,-0.06103286384976526,-0.3145539906103286,-0.20187793427230047,-0.38497652582159625,-0.3474178403755869,-0.4507042253521127,-0.4788732394366197,-0.323943661971831,-0.4647887323943662,-0.41784037558685444,-0.6619718309859155,-0.460093896713615,-0.7793427230046949,-0.4835680751173709,-0.892018779342723,-0.2347417840375587,-0.5117370892018779,-0.323943661971831,-0.7370892018779343,-0.3755868544600939,-0.8779342723004695,-0.40375586854460094,-1.0,-0.13615023474178403,-0.5070422535211268,-0.1643192488262911,-0.7183098591549296,-0.1643192488262911,-0.8497652582159625,-0.16901408450704225,-0.9624413145539906,-0.028169014084507043,-0.4694835680751174,-0.03286384976525822,-0.6384976525821596,-0.04225352112676056,-0.7417840375586855,-0.051643192488262914,-0.8403755868544601
7,0.0,0.0,-0.1895734597156398,-0.061611374407582936,-0.32701421800947866,-0.20853080568720378,-0.3933649289099526,-0.35545023696682465,-0.46919431279620855,-0.4834123222748815,-0.33175355450236965,-0.47393364928909953,-0.4265402843601896,-0.6682464454976303,-0.47393364928909953,-0.7867298578199052,-0.5023696682464455,-0.8957345971563981,-0.24170616113744076,-0.5165876777251185,-0.3412322274881517,-0.7345971563981043,-0.3981042654028436,-0.8767772511848341,-0.43601895734597157,-1.0,-0.14218009478672985,-0.5071090047393365,-0.17061611374407584,-0.7203791469194313,-0.17535545023696683,-0.8530805687203792,-0.17535545023696683,-0.966824644549763,-0.03317535545023697,-0.46445497630331756,-0.04265402843601896,-0.6350710900473934,-0.04739336492890995,-0.7393364928909952,-0.061611374407582936,-0.8388625592417062
7,0.0,0.0,-0.19138755980861244,-0.06220095693779904,-0.3349282296650718,-0.21052631578947367,-0.40669856459330145,-0.3588516746411483,-0.48325358851674644,-0.4880382775119617,-0.3349282296650718,-0.47368421052631576,-0.4354066985645933,-0.6746411483253588,-0.4784688995215311,-0.7942583732057417,-0.5023923444976076,-0.9043062200956937,-0.24880382775119617,-0.5167464114832536,-0.3444976076555024,-0.7416267942583732,-0.39712918660287083,-0.8803827751196173,-0.430622009569378,-1.0,-0.14354066985645933,-0.5119617224880383,-0.1722488038277512,-0.722488038277512,-0.18181818181818182,-0.84688995215311,-0.18660287081339713,-0.9617224880382775,-0.03349282296650718,-0.4688995215311005,-0.04784688995215311,-0.6363636363636364,-0.05263157894736842,-0.7416267942583732,-0.07177033492822966,-0.8373205741626795
7,0.0,0.0,-0.1875,-0.0673076923076923,-0.3317307692307692,-0.21634615384615385,-0.40384615384615385,-0.3701923076923077,-0.4855769230769231,-0.5,-0.3269230769230769,-0.47596153846153844,-0.4182692307692308,-0.6730769230769231,-0.46153846153846156,-0.7932692307692307,-0.49038461538461536,-0.9038461538461539,-0.2403846153846154,-0.5144230769230769,-0.3317307692307692,-0.7403846153846154,-0.38461538461538464,-0.8798076923076923,-0.4182692307692308,-1.0,-0.13942307692307693,-0.5144230769230769,-0.17307692307692307,-0.7259615384615384,-0.1778846153846154,-0.8557692307692307,-0.18269230769230768,-0.9663461538461539,-0.028846153846153848,-0.47115384615384615,-0.038461538461538464,-0.6442307692307693,-0.04326923076923077,-0.75,-0.052884615384615384,-0.8461538461538461
7,0.0,0.0,-0.1848341232227488,-0.07109004739336493,-0.3222748815165877,-0.22748815165876776,-0.3933649289099526,-0.3791469194312796,-0.4881516587677725,-0.4976303317535545,-0.3127962085308057,-0.4786729857819905,-0.4075829383886256,-0.6682464454976303,-0.45023696682464454,-0.7867298578199052,-0.4786729857819905,-0.8909952606635071,-0.22748815165876776,-0.5213270142180095,-0.3175355450236967,-0.7393364928909952,-0.3696682464454976,-0.8767772511848341,-0.4075829383886256,-1.0,-0.12796208530805686,-0.5118483412322274,-0.16113744075829384,-0.7251184834123223,-0.16113744075829384,-0.8578199052132701,-0.16587677725118483,-0.976303317535545,-0.023696682464454975,-0.46919431279620855,-0.03317535545023697,-0.6350710900473934,-0.037914691943127965,-0.7440758293838863,-0.052132701421800945,-0.8388625592417062
7,0.0,0.0,-0.18269230769230768,-0.0673076923076923,-0.3269230769230769,-0.22596153846153846,-0.41346153846153844,-0.3798076923076923,-0.5192307692307693,-0.4855769230769231,-0.3269230769230769,-0.47596153846153844,-0.4182692307692308,-0.6586538461538461,-0.46153846153846156,-0.7692307692307693,-0.49038461538461536,-0.8798076923076923,-0.23557692307692307,-0.5192307692307693,-0.3269230769230769,-0.7403846153846154,-0.375,-0.8798076923076923,-0.40865384615384615,-1.0,-0.12980769230769232,-0.5192307692307693,-0.16346153846153846,-0.7355769230769231,-0.16346153846153846,-0.8701923076923077,-0.16346153846153846,-0.9855769230769231,-0.02403846153846154,-0.4807692307692308,-0.03365384615384615,-0.6538461538461539,-0.038461538461538464,-0.7644230769230769,-0.04807692307692308,-0.8653846153846154
7,0.0,0.0,-0.18840579710144928,-0.06763285024154589,-0.3333333333333333,-0.2318840579710145,-0.42028985507246375,-0.3864734299516908,-0.5314009661835749,-0.4927536231884058,-0.3188405797101449,-0.4782608695652174,-0.41545893719806765,-0.6714975845410628,-0.45893719806763283,-0.782608695652174,-0.48792270531400966,-0.8888888888888888,-0.2318840579710145,-0.5217391304347826,-0.3285024154589372,-0.7439613526570048,-0.37681159420289856,-0.8792270531400966,-0.4106280193236715,-1.0,-0.12560386473429952,-0.5217391304347826,-0.15942028985507245,-0.7342995169082126,-0.15942028985507245,-0.8695652173913043,-0.15942028985507245,-0.9806763285024155,-0.014492753623188406,-0.47342995169082125,-0.024154589371980676,-0.6473429951690821,-0.028985507246376812,-0.7584541062801933,-0.043478260869565216,-0.855072463768116
7,0.0,0.0,-0.18932038834951456,-0.06310679611650485,-0.33495145631067963,-0.22330097087378642,-0.42718446601941745,-0.3737864077669903,-0.5388349514563107,-0.48058252427184467,-0.32524271844660196,-0.470873786407767,-0.4223300970873786,-0.6650485436893204,-0.470873786407767,-0.7766990291262136,-0.5,-0.883495145631068,-0.23300970873786409,-0.5194174757281553,-0.3300970873786408,-0.7378640776699029,-0.3737864077669903,-0.8786407766990292,-0.4077669902912621,-1.0,-0.13106796116504854,-0.5145631067961165,-0.1650485436893204,-0.7281553398058253,-0.1650485436893204,-0.8640776699029126,-0.1650485436893204,-0.9854368932038835,-0.014563106796116505,-0.47572815533980584,-0.024271844660194174,-0.6456310679611651,-0.02912621359223301,-0.7524271844660194,-0.043689320388349516,-0.8543689320388349
7,0.0,0.0,-0.1932367149758454,-0.06763285024154589,-0.34299516908212563,-0.21739130434782608,-0.4444444444444444,-0.36231884057971014,-0.5555555555555556,-0.47342995169082125,-0.32367149758454106,-0.47342995169082125,-0.4251207729468599,-0.6618357487922706,-0.46859903381642515,-0.7777777777777778,-0.4975845410628019,-0.8840579710144928,-0.2318840579710145,-0.5169082125603864,-0.3285024154589372,-0.7294685990338164,-0.38164251207729466,-0.8695652173913043,-0.4106280193236715,-1.0,-0.12560386473429952,-0.5120772946859904,-0.15942028985507245,-0.7198067632850241,-0.1642512077294686,-0.8502415458937198,-0.1642512077294686,-0.9710144927536232,-0.014492753623188406,-0.46859903381642515,-0.024154589371980676,-0.6328502415458938,-0.033816425120772944,-0.7391304347826086,-0.04830917874396135,-0.8357487922705314
7,0.0,0.0,-0.20098039215686275,-0.06862745098039216,-0.35784313725490197,-0.21568627450980393,-0.47058823529411764,-0.3480392156862745,-0.5833333333333334,-0.45588235294117646,-0.3333333333333333,-0.47549019607843135,-0.4264705882352941,-0.6666666666666666,-0.47058823529411764,-0.7843137254901961,-0.4950980392156863,-0.8921568627450981,-0.23529411764705882,-0.5245098039215687,-0.3333333333333333,-0.7401960784313726,-0.38235294117647056,-0.8823529411764706,-0.4117647058823529,-1.0,-0.12745098039215685,-0.5196078431372549,-0.1568627450980392,-0.7352941176470589,-0.1568627450980392,-0.8676470588235294,-0.16176470588235295,-0.9852941176470589,-0.00980392156862745,-0.47549019607843135,-0.014705882352941176,-0.6421568627450981,-0.024509803921568627,-0.75,-0.04411764705882353,-0.8431372549019608
7,0.0,0.0,-0.1951219512195122,-0.06341463414634146,-0.36097560975609755,-0.2048780487804878,-0.47804878048780486,-0.32682926829268294,-0.5951219512195122,-0.4097560975609756,-0.32682926829268294,-0.47317073170731705,-0.4146341463414634,-0.6682926829268293,-0.4585365853658537,-0.7804878048780488,-0.4878048780487805,-0.8926829268292683,-0.22926829268292684,-0.5170731707317073,-0.3121951219512195,-0.7414634146341463,-0.35121951219512193,-0.8780487804878049,-0.3804878048780488,-1.0,-0.11707317073170732,-0.5073170731707317,-0.14634146341463414,-0.7268292682926829,-0.15609756097560976,-0.8634146341463415,-0.16097560975609757,-0.9804878048780488,0.0,-0.4585365853658537,-0.01951219512195122,-0.6292682926829268,-0.02926829268292683,-0.7365853658536585,-0.04390243902439024,-0.8341463414634146
7,0.0,0.0,-0.1941747572815534,-0.06310679611650485,-0.3640776699029126,-0.20388349514563106,-0.48058252427184467,-0.32524271844660196,-0.6019417475728155,-0.39805825242718446,-0.32524271844660196,-0.470873786407767,-0.4174757281553398,-0.6699029126213593,-0.4563106796116505,-0.7864077669902912,-0.4854368932038835,-0.8980582524271845,-0.22815533980582525,-0.5145631067961165,-0.3155339805825243,-0.7378640776699029,-0.35436893203883496,-0.883495145631068,-0.3737864077669903,-1.0,-0.11650485436893204,-0.5097087378640777,-0.14563106796116504,-0.7281553398058253,-0.15048543689320387,-0.8640776699029126,-0.1553398058252427,-0.9805825242718447,0.0,-0.46601941747572817,-0.014563106796116505,-0.6359223300970874,-0.02912621359223301,-0.7427184466019418,-0.038834951456310676,-0.8398058252427184
7,0.0,0.0,-0.19902912621359223,-0.06310679611650485,-0.35436893203883496,-0.2087378640776699,-0.46601941747572817,-0.3300970873786408,-0.5776699029126213,-0.4223300970873786,-0.3155339805825243,-0.470873786407767,-0.4029126213592233,-0.6650485436893204,-0.44660194174757284,-0.7864077669902912,-0.47572815533980584,-0.8980582524271845,-0.21844660194174756,-0.5194174757281553,-0.2961165048543689,-0.7378640776699029,-0.33495145631067963,-0.8786407766990292,-0.3640776699029126,-1.0,-0.10679611650485436,-0.5145631067961165,-0.13106796116504854,-0.7233009708737864,-0.13592233009708737,-0.8592233009708737,-0.14563106796116504,-0.9757281553398058,0.009708737864077669,-0.470873786407767,-0.009708737864077669,-0.6359223300970874,-0.019417475728155338,-0.7427184466019418,-0.038834951456310676,-0.8398058252427184
7,0.0,0.0,-0.2,-0.05853658536585366,-0.36097560975609755,-0.2,-0.4585365853658537,-0.33658536585365856,-0.5609756097560976,-0.43902439024390244,-0.32195121951219513,-0.4634146341463415,-0.4146341463414634,-0.6634146341463415,-0.45365853658536587,-0.7853658536585366,-0.48292682926829267,-0.8926829268292683,-0.22926829268292684,-0.5121951219512195,-0.32195121951219513,-0.7365853658536585,-0.36585365853658536,-0.8780487804878049,-0.4,-1.0,-0.12195121951219512,-0.5073170731707317,-0.14634146341463414,-0.7268292682926829,-0.15121951219512195,-0.8634146341463415,-0.15121951219512195,-0.9804878048780488,-0.004878048780487805,-0.4634146341463415,-0.024390243902439025,-0.6341463414634146,-0.03414634146341464,-0.7414634146341463,-0.04878048780487805,-0.8390243902439024
7,0.0,0.0,-0.19607843137254902,-0.058823529411764705,-0.35294117647058826,-0.20098039215686275,-0.45098039215686275,-0.3431372549019608,-0.5392156862745098,-0.46078431372549017,-0.3284313725490196,-0.46568627450980393,-0.4215686274509804,-0.6666666666666666,-0.46078431372549017,-0.7892156862745098,-0.4852941176470588,-0.8970588235294118,-0.23529411764705882,-0.5147058823529411,-0.3333333333333333,-0.7401960784313726,-0.37745098039215685,-0.8823529411764706,-0.4117647058823529,-1.0,-0.12745098039215685,-0.5147058823529411,-0.16666666666666666,-0.7352941176470589,-0.1715686274509804,-0.8725490196078431,-0.17647058823529413,-0.9950980392156863,-0.014705882352941176,-0.47549019607843135,-0.03431372549019608,-0.6470588235294118,-0.049019607843137254,-0.7549019607843137,-0.06862745098039216,-0.8529411764705882
7,0.0,0.0,-0.18627450980392157,-0.058823529411764705,-0.3382352941176471,-0.19607843137254902,-0.4264705882352941,-0.3333333333333333,-0.5098039215686274,-0.45588235294117646,-0.3284313725490196,-0.46568627450980393,-0.4215686274509804,-0.6715686274509803,-0.46078431372549017,-0.7892156862745098,-0.4852941176470588,-0.8970588235294118,-0.23529411764705882,-0.5147058823529411,-0.3284313725490196,-0.7401960784313726,-0.37745098039215685,-0.8774509803921569,-0.4117647058823529,-1.0,-0.12745098039215685,-0.5147058823529411,-0.16176470588235295,-0.7303921568627451,-0.16666666666666666,-0.8676470588235294,-0.16666666666666666,-0.9901960784313726,-0.00980392156862745,-0.47058823529411764,-0.024509803921568627,-0.6421568627450981,-0.0392156862745098,-0.75,-0.05392156862745098,-0.8480392156862745
7,0.0,0.0,-0.18446601941747573,-0.05825242718446602,-0.32524271844660196,-0.19902912621359223,-0.4077669902912621,-0.33980582524271846,-0.47572815533980584,-0.46116504854368934,-0.3155339805825243,-0.470873786407767,-0.4077669902912621,-0.6747572815533981,-0.44660194174757284,-0.7961165048543689,-0.47572815533980584,-0.9029126213592233,-0.22330097087378642,-0.5145631067961165,-0.3155339805825243,-0.7427184466019418,-0.36893203883495146,-0.8786407766990292,-0.4029126213592233,-1.0,-0.12135922330097088,-0.5097087378640777,-0.1553398058252427,-0.7281553398058253,-0.16019417475728157,-0.8689320388349514,-0.16990291262135923,-0.9854368932038835,-0.009708737864077669,-0.470873786407767,-0.024271844660194174,-0.6359223300970874,-0.038834951456310676,-0.7475728155339806,-0.05825242718446602,-0.8446601941747572
7,0.0,0.0,-0.18048780487804877,-0.06341463414634146,-0.32195121951219513,-0.2097560975609756,-0.3951219512195122,-0.35121951219512193,-0.45365853658536587,-0.47317073170731705,-0.3121951219512195,-0.47317073170731705,-0.40487804878048783,-0.6731707317073171,-0.44878048780487806,-0.7902439024390244,-0.47804878048780486,-0.8926829268292683,-0.21951219512195122,-0.5170731707317073,-0.3121951219512195,-0.7463414634146341,-0.36097560975609755,-0.8829268292682927,-0.3902439024390244,-1.0,-0.11707317073170732,-0.5170731707317073,-0.15121951219512195,-0.7317073170731707,-0.15609756097560976,-0.8682926829268293,-0.16585365853658537,-0.9804878048780488,-0.004878048780487805,-0.47317073170731705,-0.014634146341463415,-0.6439024390243903,-0.02926829268292683,-0.751219512195122,-0.04390243902439024,-0.8536585365853658
7,0.0,0.0,-0.18048780487804877,-0.05853658536585366,-0.32195121951219513,-0.2,-0.3902439024390244,-0.33658536585365856,-0.44390243902439025,-0.4634146341463415,-0.3170731707317073,-0.47804878048780486,-0.4,-0.6731707317073171,-0.44390243902439025,-0.7902439024390244,-0.47317073170731705,-0.8926829268292683,-0.22439024390243903,-0.5219512195121951,-0.3121951219512195,-0.7414634146341463,-0.36585365853658536,-0.8780487804878049,-0.4,-1.0,-0.12195121951219512,-0.5170731707317073,-0.15121951219512195,-0.7317073170731707,-0.15609756097560976,-0.8634146341463415,-0.16585365853658537,-0.975609756097561,-0.00975609756097561,-0.47317073170731705,-0.01951219512195122,-0.6439024390243903,-0.02926829268292683,-0.7463414634146341,-0.04878048780487805,-0.848780487804878
7,0.0,0.0,-0.178743961352657,-0.057971014492753624,-0.3140096618357488,-0.2028985507246377,-0.3864734299516908,-0.34299516908212563,-0.4396135265700483,-0.46859903381642515,-0.30917874396135264,-0.47342995169082125,-0.40096618357487923,-0.6666666666666666,-0.4444444444444444,-0.782608695652174,-0.47342995169082125,-0.8888888888888888,-0.21739130434782608,-0.5169082125603864,-0.30917874396135264,-0.7391304347826086,-0.357487922705314,-0.8792270531400966,-0.391304347826087,-1.0,-0.11594202898550725,-0.5120772946859904,-0.1497584541062802,-0.7246376811594203,-0.15942028985507245,-0.855072463768116,-0.16908212560386474,-0.9710144927536232,-0.004830917874396135,-0.463768115942029,-0.014492753623188406,-0.6328502415458938,-0.028985507246376812,-0.7391304347826086,-0.04830917874396135,-0.8405797101449275
7,0.0,0.0,-0.1796116504854369,-0.05825242718446602,-0.3155339805825243,-0.19902912621359223,-0.3786407766990291,-0.3446601941747573,-0.4320388349514563,-0.470873786407767,-0.3106796116504854,-0.46601941747572817,-0.39805825242718446,-0.6699029126213593,-0.441747572815534,-0.7864077669902912,-0.46601941747572817,-0.8932038834951457,-0.21844660194174756,-0.5097087378640777,-0.3058252427184466,-0.7378640776699029,-0.3592233009708738,-0.8786407766990292,-0.3932038834951456,-1.0,-0.11650485436893204,-0.5048543689320388,-0.14563106796116504,-0.7184466019417476,-0.1553398058252427,-0.8495145631067961,-0.1650485436893204,-0.9611650485436893,-0.0048543689320388345,-0.46601941747572817,-0.014563106796116505,-0.6359223300970874,-0.02912621359223301,-0.7427184466019418,-0.043689320388349516,-0.8398058252427184
7,0.0,0.0,-0.17391304347826086,-0.057971014492753624,-0.30917874396135264,-0.2028985507246377,-0.38164251207729466,-0.34299516908212563,-0.4251207729468599,-0.47342995169082125,-0.30917874396135264,-0.47342995169082125,-0.391304347826087,-0.6714975845410628,-0.43478260869565216,-0.7922705314009661,-0.463768115942029,-0.8985507246376812,-0.21739130434782608,-0.5120772946859904,-0.30434782608695654,-0.7391304347826086,-0.357487922705314,-0.8792270531400966,-0.3961352657004831,-1.0,-0.1111111111111111,-0.5072463768115942,-0.14492753623188406,-0.7198067632850241,-0.1497584541062802,-0.8502415458937198,-0.15458937198067632,-0.961352657004831,0.0,-0.463768115942029,-0.014492753623188406,-0.6328502415458938,-0.024154589371980676,-0.7391304347826086,-0.03864734299516908,-0.8357487922705314
7,0.0,0.0,-0.17703349282296652,-0.06698564593301436,-0.3062200956937799,-0.21052631578947367,-0.3684210526315789,-0.3492822966507177,-0.42105263157894735,-0.4784688995215311,-0.3014354066985646,-0.4688995215311005,-0.3827751196172249,-0.6746411483253588,-0.430622009569378,-0.7894736842105263,-0.45933014354066987,-0.8995215311004785,-0.215311004784689,-0.5119617224880383,-0.3014354066985646,-0.7368421052631579,-0.35406698564593303,-0.8803827751196173,-0.3923444976076555,-1.0,-0.11483253588516747,-0.507177033492823,-0.14832535885167464,-0.7177033492822966,-0.15789473684210525,-0.8421052631578947,-0.1674641148325359,-0.9521531100478469,-0.004784688995215311,-0.46411483253588515,-0.014354066985645933,-0.631578947368421,-0.023923444976076555,-0.7368421052631579,-0.03827751196172249,-0.8373205741626795
7,0.0,0.0,-0.1722488038277512,-0.06698564593301436,-0.3014354066985646,-0.215311004784689,-0.3684210526315789,-0.35406698564593303,-0.42105263157894735,-0.48325358851674644,-0.3014354066985646,-0.4688995215311005,-0.3827751196172249,-0.6650717703349283,-0.430622009569378,-0.7799043062200957,-0.45933014354066987,-0.8851674641148325,-0.21052631578947367,-0.507177033492823,-0.2966507177033493,-0.7320574162679426,-0.3492822966507177,-0.8755980861244019,-0.3827751196172249,-1.0,-0.11004784688995216,-0.49760765550239233,-0.14354066985645933,-0.7081339712918661,-0.15311004784688995,-0.8373205741626795,-0.15789473684210525,-0.9521531100478469,-0.004784688995215311,-0.45454545454545453,-0.019138755980861243,-0.6220095693779905,-0.028708133971291867,-0.7320574162679426,-0.0430622009569378,-0.8325358851674641
7,0.0,0.0,-0.17307692307692307,-0.0673076923076923,-0.3076923076923077,-0.21153846153846154,-0.375,-0.35096153846153844,-0.4230769230769231,-0.47596153846153844,-0.3076923076923077,-0.47596153846153844,-0.3942307692307692,-0.6730769230769231,-0.4375,-0.7884615384615384,-0.46153846153846156,-0.8942307692307693,-0.21634615384615385,-0.5144230769230769,-0.30288461538461536,-0.7403846153846154,-0.35096153846153844,-0.8798076923076923,-0.3798076923076923,-1.0,-0.11538461538461539,-0.5096153846153846,-0.14423076923076922,-0.7211538461538461,-0.14903846153846154,-0.8509615384615384,-0.14903846153846154,-0.9567307692307693,-0.004807692307692308,-0.47115384615384615,-0.014423076923076924,-0.6346153846153846,-0.02403846153846154,-0.7355769230769231,-0.038461538461538464,-0.8317307692307693
7,0.0,0.0,-0.18181818181818182,-0.06698564593301436,-0.32057416267942584,-0.215311004784689,-0.37799043062200954,-0.36363636363636365,-0.430622009569378,-0.49282296650717705,-0.3062200956937799,-0.4784688995215311,-0.3923444976076555,-0.6746411483253588,-0.44019138755980863,-0.7894736842105263,-0.4688995215311005,-0.8947368421052632,-0.22009569377990432,-0.5215311004784688,-0.31100478468899523,-0.7416267942583732,-0.36363636363636365,-0.8803827751196173,-0.39712918660287083,-1.0,-0.11961722488038277,-0.5167464114832536,-0.15789473684210525,-0.7272727272727273,-0.16267942583732056,-0.8516746411483254,-0.1722488038277512,-0.9569377990430622,-0.009569377990430622,-0.4784688995215311,-0.023923444976076555,-0.6411483253588517,-0.03827751196172249,-0.7464114832535885,-0.05263157894736842,-0.8421052631578947
7,0.0,0.0,-0.18181818181818182,-0.07177033492822966,-0.3157894736842105,-0.22009569377990432,-0.3827751196172249,-0.3588516746411483,-0.42105263157894735,-0.4880382775119617,-0.3062200956937799,-0.4784688995215311,-0.3875598086124402,-0.6794258373205742,-0.430622009569378,-0.7990430622009569,-0.45454545454545453,-0.9043062200956937,-0.215311004784689,-0.5119617224880383,-0.3062200956937799,-0.7368421052631579,-0.3588516746411483,-0.8755980861244019,-0.3923444976076555,-1.0,-0.11961722488038277,-0.507177033492823,-0.14832535885167464,-0.7177033492822966,-0.15789473684210525,-0.84688995215311,-0.15789473684210525,-0.9569377990430622,-0.009569377990430622,-0.46411483253588515,-0.023923444976076555,-0.631578947368421,-0.03349282296650718,-0.7368421052631579,-0.04784688995215311,-0.8373205741626795
7,0.0,0.0,-0.18446601941747573,-0.06796116504854369,-0.32038834951456313,-0.21844660194174756,-0.3883495145631068,-0.3592233009708738,-0.4368932038834951,-0.49514563106796117,-0.32038834951456313,-0.48058252427184467,-0.4077669902912621,-0.6796116504854369,-0.4563106796116505,-0.8009708737864077,-0.48058252427184467,-0.9077669902912622,-0.22815533980582525,-0.5194174757281553,-0.32038834951456313,-0.7427184466019418,-0.3737864077669903,-0.8786407766990292,-0.4077669902912621,-1.0,-0.1262135922330097,-0.5097087378640777,-0.16019417475728157,-0.7184466019417476,-0.1650485436893204,-0.8446601941747572,-0.16990291262135923,-0.9563106796116505,-0.014563106796116505,-0.470873786407767,-0.024271844660194174,-0.6359223300970874,-0.03398058252427184,-0.7427184466019418,-0.04854368932038835,-0.8398058252427184
7,0.0,0.0,-0.18269230769230768,-0.0625,-0.3173076923076923,-0.21153846153846154,-0.3798076923076923,-0.3557692307692308,-0.4230769230769231,-0.4855769230769231,-0.30288461538461536,-0.4855769230769231,-0.3894230769230769,-0.6875,-0.4326923076923077,-0.8076923076923077,-0.4567307692307692,-0.9134615384615384,-0.21634615384615385,-0.5192307692307693,-0.3076923076923077,-0.7403846153846154,-0.3605769230769231,-0.8798076923076923,-0.3942307692307692,-1.0,-0.1201923076923077,-0.5096153846153846,-0.15384615384615385,-0.7211538461538461,-0.15865384615384615,-0.8509615384615384,-0.16346153846153846,-0.9615384615384616,-0.014423076923076924,-0.46634615384615385,-0.02403846153846154,-0.6298076923076923,-0.028846153846153848,-0.7403846153846154,-0.04807692307692308,-0.8365384615384616
7,0.0,0.0,-0.1778846153846154,-0.0673076923076923,-0.3125,-0.21153846153846154,-0.375,-0.3557692307692308,-0.42788461538461536,-0.4807692307692308,-0.3125,-0.4807692307692308,-0.3942307692307692,-0.6778846153846154,-0.4375,-0.7884615384615384,-0.46153846153846156,-0.8942307692307693,-0.22115384615384615,-0.5240384615384616,-0.3076923076923077,-0.7451923076923077,-0.3605769230769231,-0.8798076923076923,-0.3942307692307692,-1.0,-0.1201923076923077,-0.5192307692307693,-0.14903846153846154,-0.7259615384615384,-0.15384615384615385,-0.8509615384615384,-0.15865384615384615,-0.9615384615384616,-0.009615384615384616,-0.47596153846153844,-0.019230769230769232,-0.6442307692307693,-0.028846153846153848,-0.7451923076923077,-0.04326923076923077,-0.8413461538461539
7,0.0,0.0,-0.1778846153846154,-0.0673076923076923,-0.3125,-0.21634615384615385,-0.375,-0.3605769230769231,-0.4182692307692308,-0.4855769230769231,-0.3076923076923077,-0.4807692307692308,-0.3942307692307692,-0.6778846153846154,-0.4375,-0.7932692307692307,-0.46153846153846156,-0.8990384615384616,-0.21634615384615385,-0.5192307692307693,-0.3076923076923077,-0.7451923076923077,-0.3557692307692308,-0.8798076923076923,-0.3894230769230769,-1.0,-0.11538461538461539,-0.5144230769230769,-0.14903846153846154,-0.7259615384615384,-0.15384615384615385,-0.8509615384615384,-0.15865384615384615,-0.9615384615384616,-0.009615384615384616,-0.47115384615384615,-0.019230769230769232,-0.6346153846153846,-0.02403846153846154,-0.7451923076923077,-0.038461538461538464,-0.8413461538461539
7,0.0,0.0,-0.1778846153846154,-0.0673076923076923,-0.3125,-0.21153846153846154,-0.3798076923076923,-0.35096153846153844,-0.42788461538461536,-0.4807692307692308,-0.3125,-0.4807692307692308,-0.39903846153846156,-0.6826923076923077,-0.4423076923076923,-0.7980769230769231,-0.47115384615384615,-0.9038461538461539,-0.22115384615384615,-0.5192307692307693,-0.3076923076923077,-0.7451923076923077,-0.3557692307692308,-0.8846153846153846,-0.3894230769230769,-1.0,-0.1201923076923077,-0.5144230769230769,-0.14903846153846154,-0.7259615384615384,-0.15384615384615385,-0.8557692307692307,-0.15865384615384615,-0.9663461538461539,-0.014423076923076924,-0.47115384615384615,-0.019230769230769232,-0.6346153846153846,-0.02403846153846154,-0.7403846153846154,-0.038461538461538464,-0.8413461538461539
7,0.0,0.0,-0.1722488038277512,-0.06698564593301436,-0.31100478468899523,-0.21052631578947367,-0.37320574162679426,-0.3492822966507177,-0.41626794258373206,-0.4784688995215311,-0.31100478468899523,-0.4880382775119617,-0.3875598086124402,-0.6842105263157895,-0.430622009569378,-0.8038277511961722,-0.45454545454545453,-0.9090909090909091,-0.22009569377990432,-0.5263157894736842,-0.3014354066985646,-0.7464114832535885,-0.3492822966507177,-0.8851674641148325,-0.3827751196172249,-1.0,-0.11961722488038277,-0.5215311004784688,-0.14354066985645933,-0.7272727272727273,-0.14832535885167464,-0.8516746411483254,-0.15311004784688995,-0.9569377990430622,-0.014354066985645933,-0.4784688995215311,-0.019138755980861243,-0.6411483253588517,-0.023923444976076555,-0.7464114832535885,-0.03349282296650718,-0.84688995215311
7,0.0,0.0,-0.1761904761904762,-0.06666666666666667,-0.30952380952380953,-0.21904761904761905,-0.36666666666666664,-0.35714285714285715,-0.40476190476190477,-0.49047619047619045,-0.3,-0.4857142857142857,-0.38571428571428573,-0.680952380952381,-0.42857142857142855,-0.7952380952380952,-0.46190476190476193,-0.8952380952380953,-0.20952380952380953,-0.5238095238095238,-0.2857142857142857,-0.7428571428571429,-0.3380952380952381,-0.8809523809523809,-0.37142857142857144,-1.0,-0.10952380952380952,-0.5142857142857142,-0.1380952380952381,-0.7238095238095238,-0.14761904761904762,-0.8523809523809524,-0.15714285714285714,-0.9619047619047619,-0.004761904761904762,-0.4666666666666667,-0.009523809523809525,-0.6333333333333333,-0.014285714285714285,-0.7428571428571429,-0.02857142857142857,-0.8428571428571429
7,0.0,0.0,-0.17142857142857143,-0.07142857142857142,-0.3,-0.21904761904761905,-0.3619047619047619,-0.35714285714285715,-0.4,-0.48095238095238096,-0.29523809523809524,-0.4857142857142857,-0.3761904761904762,-0.6761904761904762,-0.41904761904761906,-0.7904761904761904,-0.44285714285714284,-0.8904761904761904,-0.20476190476190476,-0.5238095238095238,-0.28095238095238095,-0.7428571428571429,-0.32857142857142857,-0.8809523809523809,-0.3619047619047619,-1.0,-0.10476190476190476,-0.5142857142857142,-0.12857142857142856,-0.7238095238095238,-0.1380952380952381,-0.8523809523809524,-0.14761904761904762,-0.9571428571428572,0.0,-0.47619047619047616,0.004761904761904762,-0.638095238095238,-0.004761904761904762,-0.7428571428571429,-0.023809523809523808,-0.8380952380952381
7,0.0,0.0,-0.17142857142857143,-0.06666666666666667,-0.3047619047619048,-0.21428571428571427,-0.3619047619047619,-0.3523809523809524,-0.4095238095238095,-0.48095238095238096,-0.3047619047619048,-0.48095238095238096,-0.38095238095238093,-0.6714285714285714,-0.4238095238095238,-0.7857142857142857,-0.4523809523809524,-0.8904761904761904,-0.21428571428571427,-0.5238095238095238,-0.2904761904761905,-0.7428571428571429,-0.3380952380952381,-0.8809523809523809,-0.37142857142857144,-1.0,-0.11428571428571428,-0.5190476190476191,-0.13333333333333333,-0.7238095238095238,-0.14285714285714285,-0.8523809523809524,-0.1523809523809524,-0.9666666666666667,-0.004761904761904762,-0.4714285714285714,-0.004761904761904762,-0.6333333333333333,-0.014285714285714285,-0.7428571428571429,-0.02857142857142857,-0.8428571428571429
7,0.0,0.0,-0.17703349282296652,-0.06220095693779904,-0.31100478468899523,-0.20574162679425836,-0.37320574162679426,-0.3492822966507177,-0.41626794258373206,-0.47368421052631576,-0.3062200956937799,-0.48325358851674644,-0.3827751196172249,-0.6794258373205742,-0.4258373205741627,-0.7942583732057417,-0.44976076555023925,-0.8995215311004785,-0.215311004784689,-0.5215311004784688,-0.291866028708134,-0.7416267942583732,-0.3397129186602871,-0.8803827751196173,-0.37320574162679426,-1.0,-0.11483253588516747,-0.5167464114832536,-0.13875598086124402,-0.722488038277512,-0.14354066985645933,-0.8516746411483254,-0.15311004784688995,-0.9617224880382775,-0.004784688995215311,-0.47368421052631576,-0.004784688995215311,-0.6363636363636364,-0.014354066985645933,-0.7416267942583732,-0.028708133971291867,-0.8373205741626795
7,0.0,0.0,-0.1722488038277512,-0.06698564593301436,-0.3014354066985646,-0.215311004784689,-0.36363636363636365,-0.35406698564593303,-0.40669856459330145,-0.4784688995215311,-0.2966507177033493,-0.4880382775119617,-0.3827751196172249,-0.6794258373205742,-0.4258373205741627,-0.7894736842105263,-0.45933014354066987,-0.8947368421052632,-0.20574162679425836,-0.5263157894736842,-0.28708133971291866,-0.7416267942583732,-0.3397129186602871,-0.8803827751196173,-0.37320574162679426,-1.0,-0.10526315789473684,-0.5167464114832536,-0.12440191387559808,-0.7272727272727273,-0.1291866028708134,-0.8564593301435407,-0.1339712918660287,-0.9760765550239234,0.0,-0.47368421052631576,0.004784688995215311,-0.6411483253588517,0.0,-0.7464114832535885,-0.009569377990430622,-0.84688995215311
7,0.0,0.0,-0.16666666666666666,-0.06666666666666667,-0.3,-0.21428571428571427,-0.35714285714285715,-0.3523809523809524,-0.4,-0.48095238095238096,-0.29523809523809524,-0.48095238095238096,-0.38095238095238093,-0.6714285714285714,-0.4238095238095238,-0.780952380952381,-0.45714285714285713,-0.8857142857142857,-0.20476190476190476,-0.5238095238095238,-0.2857142857142857,-0.7428571428571429,-0.3333333333333333,-0.8809523809523809,-0.37142857142857144,-1.0,-0.10476190476190476,-0.5190476190476191,-0.11904761904761904,-0.7285714285714285,-0.12380952380952381,-0.8571428571428571,-0.13333333333333333,-0.9761904761904762,0.004761904761904762,-0.4714285714285714,0.014285714285714285,-0.638095238095238,0.009523809523809525,-0.7476190476190476,-0.009523809523809525,-0.8428571428571429
7,0.0,0.0,-0.17142857142857143,-0.06666666666666667,-0.3047619047619048,-0.20952380952380953,-0.36666666666666664,-0.3476190476190476,-0.40476190476190477,-0.4714285714285714,-0.3,-0.47619047619047616,-0.38571428571428573,-0.6714285714285714,-0.43333333333333335,-0.780952380952381,-0.4666666666666667,-0.8857142857142857,-0.20952380952380953,-0.5190476190476191,-0.2904761904761905,-0.7428571428571429,-0.34285714285714286,-0.8809523809523809,-0.38095238095238093,-1.0,-0.10952380952380952,-0.5142857142857142,-0.12380952380952381,-0.7285714285714285,-0.12857142857142856,-0.8571428571428571,-0.13333333333333333,-0.9714285714285714,0.0,-0.4714285714285714,0.004761904761904762,-0.638095238095238,0.004761904761904762,-0.7428571428571429,-0.009523809523809525,-0.8380952380952381
7,0.0,0.0,-0.18269230769230768,-0.0625,-0.32211538461538464,-0.20673076923076922,-0.38461538461538464,-0.34615384615384615,-0.42788461538461536,-0.4807692307692308,-0.3125,-0.4807692307692308,-0.39903846153846156,-0.6778846153846154,-0.44711538461538464,-0.7932692307692307,-0.4807692307692308,-0.8990384615384616,-0.22115384615384615,-0.5240384615384616,-0.3125,-0.7451923076923077,-0.3701923076923077,-0.8846153846153846,-0.41346153846153844,-1.0,-0.1201923076923077,-0.5192307692307693,-0.13942307692307693,-0.7355769230769231,-0.13942307692307693,-0.8653846153846154,-0.14423076923076922,-0.9759615384615384,-0.009615384615384616,-0.47115384615384615,-0.004807692307692308,-0.6442307692307693,-0.009615384615384616,-0.75,-0.02403846153846154,-0.8461538461538461
7,0.0,0.0,-0.17307692307692307,-0.0625,-0.3125,-0.20673076923076922,-0.375,-0.35096153846153844,-0.42788461538461536,-0.47596153846153844,-0.3125,-0.4855769230769231,-0.40384615384615385,-0.6778846153846154,-0.4567307692307692,-0.7884615384615384,-0.49038461538461536,-0.8894230769230769,-0.22115384615384615,-0.5288461538461539,-0.3125,-0.75,-0.375,-0.8846153846153846,-0.4182692307692308,-1.0,-0.1201923076923077,-0.5288461538461539,-0.1346153846153846,-0.7403846153846154,-0.13942307692307693,-0.8701923076923077,-0.14423076923076922,-0.9807692307692307,-0.009615384615384616,-0.4855769230769231,-0.004807692307692308,-0.6538461538461539,-0.004807692307692308,-0.7596153846153846,-0.019230769230769232,-0.8557692307692307
7,0.0,0.0,-0.178743961352657,-0.07246376811594203,-0.3140096618357488,-0.21256038647342995,-0.38164251207729466,-0.3526570048309179,-0.42995169082125606,-0.4830917874396135,-0.3140096618357488,-0.4927536231884058,-0.4057971014492754,-0.6859903381642513,-0.45893719806763283,-0.7971014492753623,-0.4927536231884058,-0.9033816425120773,-0.2222222222222222,-0.5314009661835749,-0.3140096618357488,-0.748792270531401,-0.3671497584541063,-0.8840579710144928,-0.4106280193236715,-1.0,-0.12077294685990338,-0.5265700483091788,-0.13526570048309178,-0.7391304347826086,-0.13043478260869565,-0.8695652173913043,-0.13526570048309178,-0.9806763285024155,-0.00966183574879227,-0.4782608695652174,0.0,-0.642512077294686,0.0,-0.748792270531401,-0.00966183574879227,-0.8454106280193237
7,0.0,0.0,-0.178743961352657,-0.057971014492753624,-0.3188405797101449,-0.2028985507246377,-0.3864734299516908,-0.34782608695652173,-0.4396135265700483,-0.4830917874396135,-0.3188405797101449,-0.4782608695652174,-0.4106280193236715,-0.6666666666666666,-0.45893719806763283,-0.782608695652174,-0.4927536231884058,-0.8840579710144928,-0.22705314009661837,-0.5217391304347826,-0.32367149758454106,-0.7391304347826086,-0.38164251207729466,-0.8792270531400966,-0.4251207729468599,-1.0,-0.12560386473429952,-0.5169082125603864,-0.14009661835748793,-0.7342995169082126,-0.14009661835748793,-0.8647342995169082,-0.14009661835748793,-0.9758454106280193,-0.01932367149758454,-0.47342995169082125,-0.00966183574879227,-0.642512077294686,-0.004830917874396135,-0.748792270531401,-0.014492753623188406,-0.8454106280193237
7,0.0,0.0,-0.17703349282296652,-0.06220095693779904,-0.3157894736842105,-0.20574162679425836,-0.3827751196172249,-0.3444976076555024,-0.430622009569378,-0.47368421052631576,-0.32057416267942584,-0.47368421052631576,-0.41148325358851673,-0.6650717703349283,-0.45933014354066987,-0.7799043062200957,-0.49282296650717705,-0.8851674641148325,-0.22966507177033493,-0.5167464114832536,-0.32057416267942584,-0.7416267942583732,-0.37799043062200954,-0.8803827751196173,-0.41626794258373206,-1.0,-0.1291866028708134,-0.5167464114832536,-0.14354066985645933,-0.7320574162679426,-0.13875598086124402,-0.861244019138756,-0.13875598086124402,-0.9712918660287081,-0.019138755980861243,-0.4688995215311005,-0.004784688995215311,-0.6363636363636364,0.0,-0.7464114832535885,-0.004784688995215311,-0.8373205741626795
7,0.0,0.0,-0.17307692307692307,-0.0625,-0.3173076923076923,-0.20192307692307693,-0.38461538461538464,-0.33653846153846156,-0.4326923076923077,-0.46634615384615385,-0.32211538461538464,-0.4807692307692308,-0.4182692307692308,-0.6682692307692307,-0.46634615384615385,-0.7788461538461539,-0.4951923076923077,-0.8846153846153846,-0.23076923076923078,-0.5240384615384616,-0.3269230769230769,-0.7451923076923077,-0.3798076923076923,-0.8798076923076923,-0.41346153846153844,-1.0,-0.125,-0.5192307692307693,-0.14423076923076922,-0.7307692307692307,-0.13942307692307693,-0.8605769230769231,-0.1346153846153846,-0.9759615384615384,-0.014423076923076924,-0.47115384615384615,-0.004807692307692308,-0.6346153846153846,0.0,-0.7403846153846154,-0.009615384615384616,-0.8365384615384616
7,0.0,0.0,-0.18446601941747573,-0.06796116504854369,-0.32524271844660196,-0.20388349514563106,-0.3932038834951456,-0.3446601941747573,-0.441747572815534,-0.470873786407767,-0.3300970873786408,-0.4854368932038835,-0.4223300970873786,-0.6747572815533981,-0.47572815533980584,-0.7864077669902912,-0.5048543689320388,-0.8883495145631068,-0.23300970873786409,-0.5242718446601942,-0.3300970873786408,-0.7475728155339806,-0.38349514563106796,-0.8786407766990292,-0.4223300970873786,-1.0,-0.13106796116504854,-0.5194174757281553,-0.14563106796116504,-0.7330097087378641,-0.14563106796116504,-0.8592233009708737,-0.1407766990291262,-0.970873786407767,-0.019417475728155338,-0.470873786407767,-0.014563106796116505,-0.6359223300970874,-0.009708737864077669,-0.7427184466019418,-0.019417475728155338,-0.8398058252427184
7,0.0,0.0,-0.17475728155339806,-0.07281553398058252,-0.3155339805825243,-0.2087378640776699,-0.3883495145631068,-0.3446601941747573,-0.4368932038834951,-0.470873786407767,-0.32038834951456313,-0.49029126213592233,-0.4077669902912621,-0.6796116504854369,-0.4563106796116505,-0.7912621359223301,-0.4854368932038835,-0.8932038834951457,-0.23300970873786409,-0.529126213592233,-0.32524271844660196,-0.7427184466019418,-0.38349514563106796,-0.8786407766990292,-0.4174757281553398,-1.0,-0.13106796116504854,-0.5242718446601942,-0.15048543689320387,-0.7378640776699029,-0.14563106796116504,-0.8689320388349514,-0.13592233009708737,-0.9805825242718447,-0.024271844660194174,-0.47572815533980584,-0.019417475728155338,-0.6407766990291263,-0.019417475728155338,-0.7524271844660194,-0.024271844660194174,-0.8543689320388349
7,0.0,0.0,-0.17560975609756097,-0.06341463414634146,-0.32195121951219513,-0.2,-0.3951219512195122,-0.33170731707317075,-0.44390243902439025,-0.4682926829268293,-0.33170731707317075,-0.47804878048780486,-0.424390243902439,-0.6731707317073171,-0.47317073170731705,-0.7853658536585366,-0.5073170731707317,-0.8878048780487805,-0.23902439024390243,-0.526829268292683,-0.33658536585365856,-0.7463414634146341,-0.3902439024390244,-0.8829268292682927,-0.43414634146341463,-1.0,-0.14146341463414633,-0.5219512195121951,-0.15609756097560976,-0.7365853658536585,-0.15121951219512195,-0.8634146341463415,-0.14634146341463414,-0.975609756097561,-0.02926829268292683,-0.47804878048780486,-0.024390243902439025,-0.6439024390243903,-0.024390243902439025,-0.751219512195122,-0.02926829268292683,-0.8536585365853658
7,0.0,0.0,-0.18137254901960784,-0.058823529411764705,-0.3235294117647059,-0.20098039215686275,-0.39705882352941174,-0.3333333333333333,-0.45098039215686275,-0.46078431372549017,-0.3382352941176471,-0.47549019607843135,-0.43137254901960786,-0.6715686274509803,-0.4803921568627451,-0.7843137254901961,-0.5147058823529411,-0.8872549019607843,-0.25,-0.5196078431372549,-0.3382352941176471,-0.7401960784313726,-0.39215686274509803,-0.8823529411764706,-0.43137254901960786,-1.0,-0.14705882352941177,-0.5098039215686274,-0.1715686274509804,-0.7303921568627451,-0.1715686274509804,-0.8627450980392157,-0.16666666666666666,-0.9803921568627451,-0.03431372549019608,-0.46078431372549017,-0.03431372549019608,-0.6372549019607843,-0.03431372549019608,-0.75,-0.03431372549019608,-0.8529411764705882
7,0.0,0.0,-0.17647058823529413,-0.05392156862745098,-0.3235294117647059,-0.18627450980392157,-0.39215686274509803,-0.3235294117647059,-0.45588235294117646,-0.45098039215686275,-0.3382352941176471,-0.47058823529411764,-0.4362745098039216,-0.6519607843137255,-0.4852941176470588,-0.7647058823529411,-0.5196078431372549,-0.8676470588235294,-0.25,-0.5196078431372549,-0.35784313725490197,-0.7401960784313726,-0.4166666666666667,-0.8774509803921569,-0.46078431372549017,-1.0,-0.14705882352941177,-0.5147058823529411,-0.1715686274509804,-0.7303921568627451,-0.16666666666666666,-0.8676470588235294,-0.16666666666666666,-0.9852941176470589,-0.03431372549019608,-0.47058823529411764,-0.03431372549019608,-0.6421568627450981,-0.03431372549019608,-0.75,-0.0392156862745098,-0.8480392156862745
7,0.0,0.0,-0.18137254901960784,-0.05392156862745098,-0.3284313725490196,-0.19117647058823528,-0.4019607843137255,-0.3284313725490196,-0.46568627450980393,-0.45588235294117646,-0.35784313725490197,-0.46568627450980393,-0.45588235294117646,-0.6519607843137255,-0.5098039215686274,-0.7647058823529411,-0.5392156862745098,-0.8725490196078431,-0.2647058823529412,-0.5147058823529411,-0.37254901960784315,-0.7352941176470589,-0.43137254901960786,-0.8774509803921569,-0.47058823529411764,-1.0,-0.16176470588235295,-0.5147058823529411,-0.17647058823529413,-0.7352941176470589,-0.17647058823529413,-0.8725490196078431,-0.18137254901960784,-0.9950980392156863,-0.04411764705882353,-0.47549019607843135,-0.04411764705882353,-0.6470588235294118,-0.04411764705882353,-0.7549019607843137,-0.058823529411764705,-0.8529411764705882
7,0.0,0.0,-0.18048780487804877,-0.06341463414634146,-0.32682926829268294,-0.2,-0.4,-0.32682926829268294,-0.4682926829268293,-0.44878048780487806,-0.35121951219512193,-0.4682926829268293,-0.4585365853658537,-0.6487804878048781,-0.5121951219512195,-0.7609756097560976,-0.5463414634146342,-0.8634146341463415,-0.25853658536585367,-0.5170731707317073,-0.37073170731707317,-0.7268292682926829,-0.43414634146341463,-0.8682926829268293,-0.47804878048780486,-0.9902439024390244,-0.15121951219512195,-0.5121951219512195,-0.17560975609756097,-0.7317073170731707,-0.18048780487804877,-0.8731707317073171,-0.18536585365853658,-1.0,-0.03414634146341464,-0.4682926829268293,-0.03902439024390244,-0.6439024390243903,-0.03902439024390244,-0.7560975609756098,-0.05365853658536585,-0.8585365853658536
7,0.0,0.0,-0.18811881188118812,-0.04950495049504951,-0.3415841584158416,-0.1782178217821782,-0.4207920792079208,-0.31683168316831684,-0.5,-0.44554455445544555,-0.3712871287128713,-0.4603960396039604,-0.48514851485148514,-0.6485148514851485,-0.5346534653465347,-0.7574257425742574,-0.5742574257425742,-0.8663366336633663,-0.27722772277227725,-0.5148514851485149,-0.39603960396039606,-0.7326732673267327,-0.4603960396039604,-0.8663366336633663,-0.504950495049505,-0.995049504950495,-0.16831683168316833,-0.5198019801980198,-0.19306930693069307,-0.7376237623762376,-0.19306930693069307,-0.8762376237623762,-0.20297029702970298,-1.0,-0.04950495049504951,-0.48514851485148514,-0.04455445544554455,-0.6534653465346535,-0.04950495049504951,-0.7623762376237624,-0.06930693069306931,-0.8663366336633663
7,0.0,0.0,-0.19900497512437812,-0.05472636815920398,-0.36318407960199006,-0.1890547263681592,-0.4527363184079602,-0.32338308457711445,-0.527363184079602,-0.44776119402985076,-0.3781094527363184,-0.46766169154228854,-0.47761194029850745,-0.6567164179104478,-0.5323383084577115,-0.7761194029850746,-0.5621890547263682,-0.8855721393034826,-0.27860696517412936,-0.5223880597014925,-0.39800995024875624,-0.736318407960199,-0.4577114427860697,-0.8756218905472637,-0.5024875621890548,-1.0,-0.1691542288557214,-0.5223880597014925,-0.19900497512437812,-0.7412935323383084,-0.20398009950248755,-0.8805970149253731,-0.208955223880597,-1.0,-0.04975124378109453,-0.48258706467661694,-0.04975124378109453,-0.6567164179104478,-0.04975124378109453,-0.7661691542288557,-0.06467661691542288,-0.8606965174129353
7,0.0,0.0,-0.2079207920792079,-0.04950495049504951,-0.37623762376237624,-0.18316831683168316,-0.48514851485148514,-0.31683168316831684,-0.5891089108910891,-0.4306930693069307,-0.3712871287128713,-0.45544554455445546,-0.4752475247524752,-0.6485148514851485,-0.5297029702970297,-0.7673267326732673,-0.5693069306930693,-0.8762376237623762,-0.27722772277227725,-0.5148514851485149,-0.39603960396039606,-0.7277227722772277,-0.4603960396039604,-0.8663366336633663,-0.504950495049505,-0.9900990099009901,-0.16831683168316833,-0.5198019801980198,-0.19801980198019803,-0.7376237623762376,-0.19801980198019803,-0.8762376237623762,-0.20297029702970298,-1.0,-0.04455445544554455,-0.4801980198019802,-0.04455445544554455,-0.6534653465346535,-0.04455445544554455,-0.7623762376237624,-0.054455445544554455,-0.8613861386138614
7,0.0,0.0,-0.20388349514563106,-0.05825242718446602,-0.3786407766990291,-0.1941747572815534,-0.5048543689320388,-0.3155339805825243,-0.6262135922330098,-0.39805825242718446,-0.3640776699029126,-0.46116504854368934,-0.46601941747572817,-0.6504854368932039,-0.5145631067961165,-0.7718446601941747,-0.5436893203883495,-0.8883495145631068,-0.2669902912621359,-0.5145631067961165,-0.3883495145631068,-0.7233009708737864,-0.44660194174757284,-0.8640776699029126,-0.49029126213592233,-0.9854368932038835,-0.1553398058252427,-0.5194174757281553,-0.18446601941747573,-0.7378640776699029,-0.18446601941747573,-0.8786407766990292,-0.18932038834951456,-1.0,-0.03398058252427184,-0.48058252427184467,-0.038834951456310676,-0.6553398058252428,-0.043689320388349516,-0.7572815533980582,-0.05339805825242718,-0.8543689320388349
7,0.0,0.0,-0.20098039215686275,-0.058823529411764705,-0.37745098039215685,-0.19607843137254902,-0.5049019607843137,-0.31862745098039214,-0.6323529411764706,-0.39705882352941174,-0.35294117647058826,-0.47058823529411764,-0.45098039215686275,-0.6666666666666666,-0.5,-0.7892156862745098,-0.5343137254901961,-0.9068627450980392,-0.2549019607843137,-0.5245098039215687,-0.37254901960784315,-0.7401960784313726,-0.43137254901960786,-0.8774509803921569,-0.47058823529411764,-1.0,-0.14215686274509803,-0.5245098039215687,-0.1715686274509804,-0.7401960784313726,-0.17647058823529413,-0.8823529411764706,-0.17647058823529413,-1.0,-0.0196078431372549,-0.4852941176470588,-0.029411764705882353,-0.6617647058823529,-0.029411764705882353,-0.7696078431372549,-0.0392156862745098,-0.8627450980392157
7,0.0,0.0,-0.2,-0.05853658536585366,-0.3853658536585366,-0.18536585365853658,-0.5219512195121951,-0.3024390243902439,-0.6439024390243903,-0.375609756097561,-0.35609756097560974,-0.4634146341463415,-0.44878048780487806,-0.6634146341463415,-0.4975609756097561,-0.7853658536585366,-0.5317073170731708,-0.9024390243902439,-0.25853658536585367,-0.5170731707317073,-0.3804878048780488,-0.7317073170731707,-0.44390243902439025,-0.8780487804878049,-0.4878048780487805,-1.0,-0.14634146341463414,-0.5170731707317073,-0.17560975609756097,-0.7317073170731707,-0.17560975609756097,-0.8731707317073171,-0.17560975609756097,-0.9853658536585366,-0.024390243902439025,-0.47804878048780486,-0.02926829268292683,-0.6487804878048781,-0.02926829268292683,-0.751219512195122,-0.03902439024390244,-0.8536585365853658
7,0.0,0.0,-0.19138755980861244,-0.05741626794258373,-0.3684210526315789,-0.18660287081339713,-0.5023923444976076,-0.291866028708134,-0.631578947368421,-0.3492822966507177,-0.3253588516746411,-0.47368421052631576,-0.42105263157894735,-0.6746411483253588,-0.4688995215311005,-0.7990430622009569,-0.5023923444976076,-0.9090909090909091,-0.23923444976076555,-0.5215311004784688,-0.35406698564593303,-0.7416267942583732,-0.41626794258373206,-0.8851674641148325,-0.45933014354066987,-1.0,-0.1291866028708134,-0.5167464114832536,-0.15789473684210525,-0.7416267942583732,-0.15789473684210525,-0.8755980861244019,-0.15789473684210525,-0.9856459330143541,-0.009569377990430622,-0.47368421052631576,-0.019138755980861243,-0.6507177033492823,-0.023923444976076555,-0.7559808612440191,-0.03349282296650718,-0.8516746411483254
7,0.0,0.0,-0.2028985507246377,-0.05314009661835749,-0.3864734299516908,-0.17391304347826086,-0.5314009661835749,-0.26570048309178745,-0.6666666666666666,-0.3285024154589372,-0.34299516908212563,-0.46859903381642515,-0.43478260869565216,-0.6666666666666666,-0.48792270531400966,-0.7874396135265701,-0.5217391304347826,-0.9033816425120773,-0.2560386473429952,-0.5217391304347826,-0.36231884057971014,-0.7391304347826086,-0.42028985507246375,-0.8792270531400966,-0.45893719806763283,-1.0,-0.1497584541062802,-0.5217391304347826,-0.16908212560386474,-0.7294685990338164,-0.16908212560386474,-0.8647342995169082,-0.17391304347826086,-0.9758454106280193,-0.028985507246376812,-0.4782608695652174,-0.033816425120772944,-0.6473429951690821,-0.033816425120772944,-0.7536231884057971,-0.043478260869565216,-0.8502415458937198
7,0.0,0.0,-0.1971153846153846,-0.052884615384615384,-0.3798076923076923,-0.1778846153846154,-0.5240384615384616,-0.27884615384615385,-0.6634615384615384,-0.3317307692307692,-0.3269230769230769,-0.47596153846153844,-0.4230769230769231,-0.6778846153846154,-0.47115384615384615,-0.7980769230769231,-0.5096153846153846,-0.9134615384615384,-0.2403846153846154,-0.5192307692307693,-0.34615384615384615,-0.7403846153846154,-0.40384615384615385,-0.8846153846153846,-0.4519230769230769,-1.0,-0.1346153846153846,-0.5144230769230769,-0.15865384615384615,-0.7355769230769231,-0.16346153846153846,-0.8701923076923077,-0.16826923076923078,-0.9855769230769231,-0.014423076923076924,-0.47115384615384615,-0.03365384615384615,-0.6442307692307693,-0.038461538461538464,-0.75,-0.04807692307692308,-0.8509615384615384
7,0.0,0.0,-0.20673076923076922,-0.057692307692307696,-0.38461538461538464,-0.1875,-0.5192307692307693,-0.28846153846153844,-0.6586538461538461,-0.34615384615384615,-0.33653846153846156,-0.47115384615384615,-0.4326923076923077,-0.6730769230769231,-0.4807692307692308,-0.7932692307692307,-0.5192307692307693,-0.9038461538461539,-0.24519230769230768,-0.5192307692307693,-0.3557692307692308,-0.7403846153846154,-0.41346153846153844,-0.8798076923076923,-0.4519230769230769,-1.0,-0.1346153846153846,-0.5144230769230769,-0.16826923076923078,-0.7355769230769231,-0.17307692307692307,-0.8701923076923077,-0.17307692307692307,-0.9855769230769231,-0.014423076923076924,-0.47115384615384615,-0.028846153846153848,-0.6442307692307693,-0.03365384615384615,-0.7548076923076923,-0.04807692307692308,-0.8509615384615384
7,0.0,0.0,-0.19617224880382775,-0.05741626794258373,-0.3684210526315789,-0.19138755980861244,-0.49760765550239233,-0.3014354066985646,-0.6267942583732058,-0.3588516746411483,-0.3253588516746411,-0.46411483253588515,-0.42105263157894735,-0.6650717703349283,-0.47368421052631576,-0.7799043062200957,-0.5119617224880383,-0.8899521531100478,-0.23444976076555024,-0.5119617224880383,-0.3444976076555024,-0.7368421052631579,-0.4019138755980861,-0.8803827751196173,-0.44019138755980863,-1.0,-0.12440191387559808,-0.507177033492823,-0.16267942583732056,-0.7272727272727273,-0.1674641148325359,-0.8564593301435407,-0.1722488038277512,-0.9665071770334929,-0.009569377990430622,-0.46411483253588515,-0.023923444976076555,-0.6363636363636364,-0.028708133971291867,-0.7464114832535885,-0.03827751196172249,-0.84688995215311
7,0.0,0.0,-0.20588235294117646,-0.049019607843137254,-0.38235294117647056,-0.17647058823529413,-0.5147058823529411,-0.29901960784313725,-0.6470588235294118,-0.36764705882352944,-0.3480392156862745,-0.45588235294117646,-0.45098039215686275,-0.6568627450980392,-0.5098039215686274,-0.7794117647058824,-0.5490196078431373,-0.8921568627450981,-0.25,-0.5147058823529411,-0.3627450980392157,-0.7401960784313726,-0.4215686274509804,-0.8823529411764706,-0.46078431372549017,-1.0,-0.13725490196078433,-0.5147058823529411,-0.17647058823529413,-0.7352941176470589,-0.18137254901960784,-0.8676470588235294,-0.18627450980392157,-0.9852941176470589,-0.014705882352941176,-0.47549019607843135,-0.029411764705882353,-0.6519607843137255,-0.03431372549019608,-0.7598039215686274,-0.049019607843137254,-0.8627450980392157
7,0.0,0.0,-0.19806763285024154,-0.043478260869565216,-0.3719806763285024,-0.17391304347826086,-0.48792270531400966,-0.30434782608695654,-0.6135265700483091,-0.3961352657004831,-0.3333333333333333,-0.45893719806763283,-0.4396135265700483,-0.6618357487922706,-0.48792270531400966,-0.782608695652174,-0.5217391304347826,-0.893719806763285,-0.24154589371980675,-0.5120772946859904,-0.3526570048309179,-0.7391304347826086,-0.4106280193236715,-0.8792270531400966,-0.4492753623188406,-1.0,-0.13043478260869565,-0.5072463768115942,-0.15942028985507245,-0.7294685990338164,-0.15942028985507245,-0.8695652173913043,-0.1642512077294686,-0.9806763285024155,-0.00966183574879227,-0.463768115942029,-0.024154589371980676,-0.6376811594202898,-0.024154589371980676,-0.7439613526570048,-0.033816425120772944,-0.8405797101449275
7,0.0,0.0,-0.19523809523809524,-0.047619047619047616,-0.3523809523809524,-0.18571428571428572,-0.45714285714285713,-0.3238095238095238,-0.5714285714285714,-0.42857142857142855,-0.3238095238095238,-0.46190476190476193,-0.4142857142857143,-0.6619047619047619,-0.4666666666666667,-0.7857142857142857,-0.5,-0.8952380952380953,-0.23333333333333334,-0.5142857142857142,-0.3380952380952381,-0.7380952380952381,-0.3952380952380952,-0.8809523809523809,-0.42857142857142855,-1.0,-0.12380952380952381,-0.5095238095238095,-0.1523809523809524,-0.7285714285714285,-0.1523809523809524,-0.861904761904762,-0.14761904761904762,-0.9714285714285714,-0.009523809523809525,-0.4666666666666667,-0.014285714285714285,-0.638095238095238,-0.01904761904761905,-0.7476190476190476,-0.023809523809523808,-0.8428571428571429
7,0.0,0.0,-0.18867924528301888,-0.04716981132075472,-0.3443396226415094,-0.18396226415094338,-0.4386792452830189,-0.33490566037735847,-0.5424528301886793,-0.4481132075471698,-0.33490566037735847,-0.4481132075471698,-0.4386792452830189,-0.6462264150943396,-0.49056603773584906,-0.7641509433962265,-0.5235849056603774,-0.8773584905660378,-0.24528301886792453,-0.5047169811320755,-0.35377358490566035,-0.7358490566037735,-0.4056603773584906,-0.8773584905660378,-0.44339622641509435,-1.0,-0.13679245283018868,-0.5094339622641509,-0.16981132075471697,-0.7216981132075472,-0.1650943396226415,-0.8584905660377359,-0.16037735849056603,-0.9716981132075472,-0.014150943396226415,-0.4716981132075472,-0.02830188679245283,-0.6415094339622641,-0.02830188679245283,-0.75,-0.03773584905660377,-0.8443396226415094
7,0.0,0.0,-0.1848341232227488,-0.052132701421800945,-0.3412322274881517,-0.1943127962085308,-0.4312796208530806,-0.3412322274881517,-0.5213270142180095,-0.46919431279620855,-0.33649289099526064,-0.4549763033175355,-0.44075829383886256,-0.6540284360189573,-0.4976303317535545,-0.7725118483412322,-0.5308056872037915,-0.8815165876777251,-0.24170616113744076,-0.5071090047393365,-0.35071090047393366,-0.7345971563981043,-0.4075829383886256,-0.8767772511848341,-0.45023696682464454,-1.0,-0.13270142180094788,-0.5071090047393365,-0.16587677725118483,-0.7251184834123223,-0.16587677725118483,-0.8578199052132701,-0.16587677725118483,-0.976303317535545,-0.009478672985781991,-0.46919431279620855,-0.023696682464454975,-0.6350710900473934,-0.023696682464454975,-0.7440758293838863,-0.037914691943127965,-0.8388625592417062
7,0.0,0.0,-0.1943127962085308,-0.052132701421800945,-0.3459715639810427,-0.1943127962085308,-0.4312796208530806,-0.3459715639810427,-0.5213270142180095,-0.47393364928909953,-0.3459715639810427,-0.4549763033175355,-0.45023696682464454,-0.6587677725118484,-0.5023696682464455,-0.7772511848341233,-0.5355450236966824,-0.8862559241706162,-0.25118483412322273,-0.5071090047393365,-0.35545023696682465,-0.7345971563981043,-0.41706161137440756,-0.8767772511848341,-0.4549763033175355,-1.0,-0.13744075829383887,-0.5023696682464455,-0.18009478672985782,-0.7298578199052133,-0.17535545023696683,-0.8672985781990521,-0.17535545023696683,-0.981042654028436,-0.014218009478672985,-0.46445497630331756,-0.023696682464454975,-0.6398104265402843,-0.02843601895734597,-0.7488151658767772,-0.037914691943127965,-0.8436018957345972
7,0.0,0.0,-0.1895734597156398,-0.052132701421800945,-0.3459715639810427,-0.1990521327014218,-0.4312796208530806,-0.35545023696682465,-0.5260663507109005,-0.4834123222748815,-0.3459715639810427,-0.4597156398104265,-0.45023696682464454,-0.6587677725118484,-0.5071090047393365,-0.7725118483412322,-0.5450236966824644,-0.8815165876777251,-0.2559241706161137,-0.5071090047393365,-0.36492890995260663,-0.7345971563981043,-0.4218009478672986,-0.8767772511848341,-0.46445497630331756,-1.0,-0.14218009478672985,-0.5071090047393365,-0.1895734597156398,-0.7345971563981043,-0.1848341232227488,-0.8672985781990521,-0.18009478672985782,-0.985781990521327,-0.018957345971563982,-0.46445497630331756,-0.037914691943127965,-0.6445497630331753,-0.037914691943127965,-0.7535545023696683,-0.04265402843601896,-0.8530805687203792
7,0.0,0.0,-0.19158878504672897,-0.0514018691588785,-0.3411214953271028,-0.19158878504672897,-0.4252336448598131,-0.3411214953271028,-0.514018691588785,-0.4766355140186916,-0.34579439252336447,-0.4532710280373832,-0.4485981308411215,-0.6542056074766355,-0.5046728971962616,-0.7757009345794392,-0.5373831775700935,-0.883177570093458,-0.2523364485981308,-0.5046728971962616,-0.3598130841121495,-0.7289719626168224,-0.4252336448598131,-0.8738317757009346,-0.4672897196261682,-1.0,-0.14485981308411214,-0.5046728971962616,-0.18691588785046728,-0.7289719626168224,-0.18691588785046728,-0.8644859813084113,-0.18691588785046728,-0.985981308411215,-0.02336448598130841,-0.46261682242990654,-0.037383177570093455,-0.6401869158878505,-0.04205607476635514,-0.7476635514018691,-0.0514018691588785,-0.8457943925233645
7,0.0,0.0,-0.19248826291079812,-0.056338028169014086,-0.3427230046948357,-0.20187793427230047,-0.4272300469483568,-0.352112676056338,-0.5211267605633803,-0.4835680751173709,-0.3474178403755869,-0.460093896713615,-0.45539906103286387,-0.6619718309859155,-0.5117370892018779,-0.7746478873239436,-0.5539906103286385,-0.8873239436619719,-0.24882629107981222,-0.5117370892018779,-0.3568075117370892,-0.7370892018779343,-0.4225352112676056,-0.8779342723004695,-0.4694835680751174,-1.0,-0.14084507042253522,-0.5164319248826291,-0.18309859154929578,-0.7417840375586855,-0.18779342723004694,-0.8779342723004695,-0.19248826291079812,-1.0,-0.018779342723004695,-0.47417840375586856,-0.03755868544600939,-0.6525821596244131,-0.04225352112676056,-0.755868544600939,-0.056338028169014086,-0.8544600938967136
7,0.0,0.0,-0.18981481481481483,-0.05555555555555555,-0.33796296296296297,-0.19907407407407407,-0.42592592592592593,-0.3472222222222222,-0.5138888888888888,-0.47685185185185186,-0.3472222222222222,-0.4583333333333333,-0.4444444444444444,-0.6620370370370371,-0.49074074074074076,-0.7824074074074074,-0.5231481481481481,-0.8935185185185185,-0.25,-0.5092592592592593,-0.35648148148148145,-0.7268518518518519,-0.4166666666666667,-0.8703703703703703,-0.46296296296296297,-1.0,-0.14351851851851852,-0.5046296296296297,-0.18055555555555555,-0.7268518518518519,-0.18055555555555555,-0.8611111111111112,-0.18518518518518517,-0.9814814814814815,-0.023148148148148147,-0.4675925925925926,-0.037037037037037035,-0.6388888888888888,-0.041666666666666664,-0.7453703703703703,-0.05555555555555555,-0.8425925925925926
7,0.0,0.0,-0.1935483870967742,-0.05069124423963134,-0.3456221198156682,-0.1935483870967742,-0.42857142857142855,-0.3456221198156682,-0.5161290322580645,-0.4792626728110599,-0.3456221198156682,-0.45622119815668205,-0.45161290322580644,-0.6589861751152074,-0.5069124423963134,-0.7741935483870968,-0.5391705069124424,-0.8847926267281107,-0.2534562211981567,-0.5069124423963134,-0.3640552995391705,-0.7327188940092166,-0.42857142857142855,-0.8755760368663594,-0.47465437788018433,-1.0,-0.14285714285714285,-0.5069124423963134,-0.18433179723502305,-0.728110599078341,-0.18433179723502305,-0.8663594470046083,-0.18433179723502305,-0.9861751152073732,-0.02304147465437788,-0.4608294930875576,-0.041474654377880185,-0.6359447004608295,-0.04608294930875576,-0.7373271889400922,-0.055299539170506916,-0.8341013824884793
7,0.0,0.0,-0.18468468468468469,-0.06306306306306306,-0.32882882882882886,-0.2072072072072072,-0.4144144144144144,-0.35585585585585583,-0.5045045045045045,-0.481981981981982,-0.32882882882882886,-0.46846846846846846,-0.4369369369369369,-0.6666666666666666,-0.4864864864864865,-0.7792792792792793,-0.5225225225225225,-0.8918918918918919,-0.23873873873873874,-0.5135135135135135,-0.35135135135135137,-0.7342342342342343,-0.4144144144144144,-0.8738738738738738,-0.46396396396396394,-1.0,-0.13513513513513514,-0.509009009009009,-0.17117117117117117,-0.7342342342342343,-0.17567567567567569,-0.8693693693693694,-0.17567567567567569,-0.9819819819819819,-0.018018018018018018,-0.46846846846846846,-0.036036036036036036,-0.6441441441441441,-0.04504504504504504,-0.7522522522522522,-0.05405405405405406,-0.8468468468468469
7,0.0,0.0,-0.18141592920353983,-0.061946902654867256,-0.3230088495575221,-0.20353982300884957,-0.40707964601769914,-0.3495575221238938,-0.5,-0.4778761061946903,-0.3230088495575221,-0.46017699115044247,-0.4247787610619469,-0.6592920353982301,-0.4778761061946903,-0.7699115044247787,-0.5132743362831859,-0.8805309734513275,-0.2345132743362832,-0.5088495575221239,-0.3407079646017699,-0.7300884955752213,-0.4026548672566372,-0.8716814159292036,-0.4557522123893805,-1.0,-0.13274336283185842,-0.504424778761062,-0.16371681415929204,-0.7256637168141593,-0.1592920353982301,-0.8628318584070797,-0.1592920353982301,-0.9823008849557522,-0.022123893805309734,-0.4646017699115044,-0.030973451327433628,-0.6371681415929203,-0.030973451327433628,-0.7389380530973452,-0.04424778761061947,-0.8362831858407079
7,0.0,0.0,-0.18385650224215247,-0.05829596412556054,-0.33183856502242154,-0.2062780269058296,-0.42152466367713004,-0.3542600896860987,-0.515695067264574,-0.484304932735426,-0.33183856502242154,-0.4663677130044843,-0.4349775784753363,-0.6681614349775785,-0.49327354260089684,-0.7847533632286996,-0.5336322869955157,-0.8923766816143498,-0.242152466367713,-0.515695067264574,-0.34977578475336324,-0.7354260089686099,-0.4125560538116592,-0.8789237668161435,-0.4618834080717489,-1.0,-0.13452914798206278,-0.5112107623318386,-0.17040358744394618,-0.7354260089686099,-0.17488789237668162,-0.8699551569506726,-0.17937219730941703,-0.9910313901345291,-0.02242152466367713,-0.47085201793721976,-0.03587443946188341,-0.6457399103139013,-0.04035874439461883,-0.7488789237668162,-0.04484304932735426,-0.8430493273542601
7,0.0,0.0,-0.19196428571428573,-0.05803571428571429,-0.3392857142857143,-0.20089285714285715,-0.4330357142857143,-0.35267857142857145,-0.5357142857142857,-0.47767857142857145,-0.34375,-0.4642857142857143,-0.44642857142857145,-0.6651785714285714,-0.5,-0.7767857142857143,-0.5401785714285714,-0.8883928571428571,-0.25,-0.5133928571428571,-0.36160714285714285,-0.7321428571428571,-0.42857142857142855,-0.875,-0.47767857142857145,-1.0,-0.14732142857142858,-0.5133928571428571,-0.17857142857142858,-0.7321428571428571,-0.17857142857142858,-0.8705357142857143,-0.18303571428571427,-0.9866071428571429,-0.03571428571428571,-0.47767857142857145,-0.044642857142857144,-0.6517857142857143,-0.049107142857142856,-0.7544642857142857,-0.05803571428571429,-0.8482142857142857
7,0.0,0.0,-0.19469026548672566,-0.048672566371681415,-0.34513274336283184,-0.19469026548672566,-0.4336283185840708,-0.34513274336283184,-0.5309734513274337,-0.47345132743362833,-0.3495575221238938,-0.45132743362831856,-0.4469026548672566,-0.6548672566371682,-0.5,-0.7699115044247787,-0.5353982300884956,-0.8849557522123894,-0.25663716814159293,-0.5,-0.37168141592920356,-0.7212389380530974,-0.43805309734513276,-0.8672566371681416,-0.48672566371681414,-1.0,-0.15486725663716813,-0.5,-0.18584070796460178,-0.7212389380530974,-0.18141592920353983,-0.8539823008849557,-0.18141592920353983,-0.9690265486725663,-0.03982300884955752,-0.4646017699115044,-0.048672566371681415,-0.6327433628318584,-0.048672566371681415,-0.7345132743362832,-0.05752212389380531,-0.827433628318584
7,0.0,0.0,-0.19196428571428573,-0.049107142857142856,-0.3482142857142857,-0.1875,-0.4375,-0.34375,-0.53125,-0.47767857142857145,-0.34375,-0.45982142857142855,-0.44642857142857145,-0.6651785714285714,-0.4955357142857143,-0.7857142857142857,-0.5267857142857143,-0.9017857142857143,-0.25,-0.5133928571428571,-0.36607142857142855,-0.7366071428571429,-0.42857142857142855,-0.875,-0.4732142857142857,-1.0,-0.14732142857142858,-0.5178571428571429,-0.17410714285714285,-0.7366071428571429,-0.17410714285714285,-0.8705357142857143,-0.17410714285714285,-0.9866071428571429,-0.026785714285714284,-0.48214285714285715,-0.04017857142857143,-0.6473214285714286,-0.044642857142857144,-0.75,-0.05357142857142857,-0.8392857142857143
7,0.0,0.0,-0.18584070796460178,-0.05752212389380531,-0.33185840707964603,-0.19911504424778761,-0.42035398230088494,-0.3584070796460177,-0.5132743362831859,-0.49557522123893805,-0.336283185840708,-0.47345132743362833,-0.4336283185840708,-0.6769911504424779,-0.4778761061946903,-0.7964601769911505,-0.504424778761062,-0.9070796460176991,-0.24336283185840707,-0.5221238938053098,-0.3495575221238938,-0.7389380530973452,-0.4026548672566372,-0.8761061946902655,-0.4424778761061947,-1.0,-0.13716814159292035,-0.5221238938053098,-0.1592920353982301,-0.7389380530973452,-0.15486725663716813,-0.8761061946902655,-0.1504424778761062,-0.9911504424778761,-0.017699115044247787,-0.4823008849557522,-0.02654867256637168,-0.6504424778761062,-0.022123893805309734,-0.7566371681415929,-0.02654867256637168,-0.8495575221238938
7,0.0,0.0,-0.1782608695652174,-0.06086956521739131,-0.3173913043478261,-0.20434782608695654,-0.39565217391304347,-0.3521739130434783,-0.48695652173913045,-0.4826086956521739,-0.3130434782608696,-0.4652173913043478,-0.4,-0.6695652173913044,-0.4391304347826087,-0.7913043478260869,-0.4608695652173913,-0.908695652173913,-0.21739130434782608,-0.5130434782608696,-0.3217391304347826,-0.7347826086956522,-0.3739130434782609,-0.8739130434782608,-0.40869565217391307,-1.0,-0.11304347826086956,-0.5130434782608696,-0.12608695652173912,-0.7260869565217392,-0.11304347826086956,-0.8608695652173913,-0.10434782608695652,-0.9739130434782609,0.0,-0.46956521739130436,-0.004347826086956522,-0.6304347826086957,0.0,-0.7304347826086957,0.0,-0.8173913043478261
7,0.0,0.0,-0.17316017316017315,-0.05194805194805195,-0.30735930735930733,-0.19480519480519481,-0.3852813852813853,-0.35064935064935066,-0.4675324675324675,-0.4805194805194805,-0.2987012987012987,-0.46320346320346323,-0.38095238095238093,-0.6666666666666666,-0.4199134199134199,-0.7922077922077922,-0.43722943722943725,-0.9134199134199135,-0.20346320346320346,-0.5108225108225108,-0.30303030303030304,-0.7316017316017316,-0.35064935064935066,-0.8744588744588745,-0.38095238095238093,-1.0,-0.09956709956709957,-0.5064935064935064,-0.1038961038961039,-0.7229437229437229,-0.08225108225108226,-0.8528138528138528,-0.0735930735930736,-0.9653679653679653,0.012987012987012988,-0.46320346320346323,0.012987012987012988,-0.6277056277056277,0.021645021645021644,-0.7229437229437229,0.025974025974025976,-0.8095238095238095
7,0.0,0.0,-0.17316017316017315,-0.05194805194805195,-0.3116883116883117,-0.19480519480519481,-0.3852813852813853,-0.35064935064935066,-0.47186147186147187,-0.4805194805194805,-0.2987012987012987,-0.45454545454545453,-0.3852813852813853,-0.6536796536796536,-0.42424242424242425,-0.7748917748917749,-0.4458874458874459,-0.8874458874458875,-0.20346320346320346,-0.5064935064935064,-0.2987012987012987,-0.7359307359307359,-0.341991341991342,-0.8787878787878788,-0.3722943722943723,-1.0,-0.09956709956709957,-0.5064935064935064,-0.1038961038961039,-0.7186147186147186,-0.08225108225108226,-0.8484848484848485,-0.06926406926406926,-0.9567099567099567,0.008658008658008658,-0.46320346320346323,0.017316017316017316,-0.6233766233766234,0.030303030303030304,-0.7186147186147186,0.030303030303030304,-0.8051948051948052
7,0.0,0.0,-0.17316017316017315,-0.05627705627705628,-0.30735930735930733,-0.19047619047619047,-0.38095238095238093,-0.3463203463203463,-0.4588744588744589,-0.48484848484848486,-0.2987012987012987,-0.45454545454545453,-0.38095238095238093,-0.6536796536796536,-0.4199134199134199,-0.7705627705627706,-0.43722943722943725,-0.8831168831168831,-0.19913419913419914,-0.5064935064935064,-0.29004329004329005,-0.7316017316017316,-0.3333333333333333,-0.8744588744588745,-0.3593073593073593,-1.0,-0.09523809523809523,-0.5108225108225108,-0.09523809523809523,-0.7229437229437229,-0.0735930735930736,-0.8484848484848485,-0.05627705627705628,-0.961038961038961,0.017316017316017316,-0.4675324675324675,0.025974025974025976,-0.6320346320346321,0.03463203463203463,-0.7272727272727273,0.04329004329004329,-0.8095238095238095
7,0.0,0.0,-0.18061674008810572,-0.04405286343612335,-0.32158590308370044,-0.18502202643171806,-0.4008810572687225,-0.3436123348017621,-0.4801762114537445,-0.4801762114537445,-0.31718061674008813,-0.44933920704845814,-0.4052863436123348,-0.6475770925110133,-0.44052863436123346,-0.7709251101321586,-0.4581497797356828,-0.8898678414096917,-0.22026431718061673,-0.5022026431718062,-0.30837004405286345,-0.7268722466960352,-0.3524229074889868,-0.8722466960352423,-0.3788546255506608,-1.0,-0.11013215859030837,-0.5066079295154186,-0.11894273127753303,-0.7180616740088106,-0.09691629955947137,-0.8546255506607929,-0.0881057268722467,-0.9691629955947136,0.004405286343612335,-0.4669603524229075,0.004405286343612335,-0.6343612334801763,0.01762114537444934,-0.73568281938326,0.01762114537444934,-0.8237885462555066
7,0.0,0.0,-0.1762114537444934,-0.05286343612334802,-0.31718061674008813,-0.1894273127753304,-0.3920704845814978,-0.3392070484581498,-0.4713656387665198,-0.47577092511013214,-0.30837004405286345,-0.44493392070484583,-0.3964757709251101,-0.6431718061674009,-0.43612334801762115,-0.7665198237885462,-0.4581497797356828,-0.8810572687224669,-0.21145374449339208,-0.5022026431718062,-0.30837004405286345,-0.7268722466960352,-0.3524229074889868,-0.8678414096916299,-0.3832599118942731,-1.0,-0.1013215859030837,-0.5022026431718062,-0.11013215859030837,-0.7224669603524229,-0.09251101321585903,-0.8546255506607929,-0.08370044052863436,-0.9691629955947136,0.00881057268722467,-0.46255506607929514,0.00881057268722467,-0.6299559471365639,0.01762114537444934,-0.7268722466960352,0.01762114537444934,-0.8193832599118943
7,0.0,0.0,-0.17180616740088106,-0.06167400881057269,-0.30837004405286345,-0.2026431718061674,-0.3832599118942731,-0.34801762114537443,-0.46255506607929514,-0.4801762114537445,-0.29955947136563876,-0.45374449339207046,-0.3832599118942731,-0.6519823788546255,-0.42290748898678415,-0.7709251101321586,-0.44052863436123346,-0.8854625550660793,-0.2026431718061674,-0.5022026431718062,-0.29515418502202645,-0.7268722466960352,-0.3392070484581498,-0.8678414096916299,-0.3700440528634361,-1.0,-0.09691629955947137,-0.5022026431718062,-0.1013215859030837,-0.7180616740088106,-0.08370044052863436,-0.8546255506607929,-0.07048458149779736,-0.9691629955947136,0.013215859030837005,-0.4581497797356828,0.01762114537444934,-0.6255506607929515,0.030837004405286344,-0.7268722466960352,0.030837004405286344,-0.8193832599118943
7,0.0,0.0,-0.17857142857142858,-0.05357142857142857,-0.3125,-0.19196428571428573,-0.39285714285714285,-0.34375,-0.4642857142857143,-0.48214285714285715,-0.3125,-0.45535714285714285,-0.40625,-0.65625,-0.44642857142857145,-0.7723214285714286,-0.46875,-0.8883928571428571,-0.21428571428571427,-0.5044642857142857,-0.3080357142857143,-0.7321428571428571,-0.35267857142857145,-0.8705357142857143,-0.38392857142857145,-1.0,-0.10714285714285714,-0.5044642857142857,-0.11607142857142858,-0.71875,-0.09821428571428571,-0.8571428571428571,-0.08928571428571429,-0.9821428571428571,0.008928571428571428,-0.45982142857142855,0.008928571428571428,-0.6294642857142857,0.017857142857142856,-0.7366071428571429,0.017857142857142856,-0.8348214285714286
7,0.0,0.0,-0.18385650224215247,-0.053811659192825115,-0.32286995515695066,-0.19282511210762332,-0.39461883408071746,-0.3452914798206278,-0.47533632286995514,-0.4798206278026906,-0.32286995515695066,-0.452914798206278,-0.4080717488789238,-0.6547085201793722,-0.4439461883408072,-0.7757847533632287,-0.4618834080717489,-0.8878923766816144,-0.2242152466367713,-0.5067264573991032,-0.3183856502242152,-0.7309417040358744,-0.3632286995515695,-0.874439461883408,-0.39461883408071746,-1.0,-0.11659192825112108,-0.5112107623318386,-0.1210762331838565,-0.726457399103139,-0.1031390134529148,-0.8654708520179372,-0.09865470852017937,-0.9820627802690582,0.0,-0.47085201793721976,0.004484304932735426,-0.6412556053811659,0.013452914798206279,-0.7443946188340808,0.013452914798206279,-0.8385650224215246
7,0.0,0.0,-0.17857142857142858,-0.05803571428571429,-0.3169642857142857,-0.19642857142857142,-0.39732142857142855,-0.34375,-0.47767857142857145,-0.4732142857142857,-0.32142857142857145,-0.45535714285714285,-0.41517857142857145,-0.65625,-0.45535714285714285,-0.7767857142857143,-0.47767857142857145,-0.8928571428571429,-0.22767857142857142,-0.5044642857142857,-0.32142857142857145,-0.7276785714285714,-0.3705357142857143,-0.8705357142857143,-0.4017857142857143,-1.0,-0.12053571428571429,-0.5044642857142857,-0.12946428571428573,-0.71875,-0.11607142857142858,-0.8571428571428571,-0.10714285714285714,-0.9776785714285714,-0.004464285714285714,-0.4642857142857143,-0.004464285714285714,-0.6294642857142857,0.0,-0.7366071428571429,0.0,-0.8258928571428571
7,0.0,0.0,-0.17488789237668162,-0.053811659192825115,-0.3183856502242152,-0.19282511210762332,-0.3991031390134529,-0.34080717488789236,-0.4798206278026906,-0.47085201793721976,-0.32286995515695066,-0.45739910313901344,-0.4125560538116592,-0.6591928251121076,-0.452914798206278,-0.7757847533632287,-0.47533632286995514,-0.8878923766816144,-0.22869955156950672,-0.5067264573991032,-0.3273542600896861,-0.7309417040358744,-0.37668161434977576,-0.8699551569506726,-0.4125560538116592,-1.0,-0.1210762331838565,-0.5067264573991032,-0.13004484304932734,-0.7219730941704036,-0.11659192825112108,-0.8609865470852018,-0.10762331838565023,-0.9775784753363229,-0.008968609865470852,-0.4618834080717489,-0.008968609865470852,-0.6322869955156951,0.0,-0.7399103139013453,0.0,-0.8295964125560538
7,0.0,0.0,-0.1872146118721461,-0.045662100456621,-0.3378995433789954,-0.1872146118721461,-0.4200913242009132,-0.3378995433789954,-0.5068493150684932,-0.4748858447488584,-0.3424657534246575,-0.4611872146118721,-0.4383561643835616,-0.6575342465753424,-0.4840182648401826,-0.7808219178082192,-0.5068493150684932,-0.8995433789954338,-0.2465753424657534,-0.5159817351598174,-0.3515981735159817,-0.730593607305936,-0.4063926940639269,-0.8721461187214612,-0.4383561643835616,-1.0,-0.1415525114155251,-0.5159817351598174,-0.1598173515981735,-0.730593607305936,-0.1461187214611872,-0.867579908675799,-0.1415525114155251,-0.9863013698630136,-0.0228310502283105,-0.4794520547945205,-0.0273972602739726,-0.6438356164383562,-0.0228310502283105,-0.7442922374429224,-0.0228310502283105,-0.8401826484018264
7,0.0,0.0,-0.17333333333333334,-0.057777777777777775,-0.31555555555555553,-0.19111111111111112,-0.39555555555555555,-0.3377777777777778,-0.48,-0.4711111111111111,-0.32,-0.4577777777777778,-0.41333333333333333,-0.6577777777777778,-0.4533333333333333,-0.7822222222222223,-0.47555555555555556,-0.8977777777777778,-0.22666666666666666,-0.5066666666666667,-0.3333333333333333,-0.7288888888888889,-0.38666666666666666,-0.8711111111111111,-0.4266666666666667,-1.0,-0.12,-0.5066666666666667,-0.13777777777777778,-0.72,-0.12444444444444444,-0.8533333333333334,-0.12,-0.9733333333333334,-0.0044444444444444444,-0.4622222222222222,-0.013333333333333334,-0.6266666666666667,-0.008888888888888889,-0.7288888888888889,-0.013333333333333334,-0.8222222222222222
7,0.0,0.0,-0.18099547511312217,-0.049773755656108594,-0.3257918552036199,-0.19457013574660634,-0.4072398190045249,-0.3438914027149321,-0.502262443438914,-0.4751131221719457,-0.3393665158371041,-0.4660633484162896,-0.4343891402714932,-0.669683257918552,-0.4796380090497738,-0.7873303167420814,-0.502262443438914,-0.9049773755656109,-0.24434389140271492,-0.5158371040723982,-0.34841628959276016,-0.7330316742081447,-0.40271493212669685,-0.8733031674208145,-0.4434389140271493,-1.0,-0.13574660633484162,-0.5158371040723982,-0.15384615384615385,-0.7330316742081447,-0.14479638009049775,-0.8687782805429864,-0.14479638009049775,-0.9909502262443439,-0.01809954751131222,-0.4751131221719457,-0.02262443438914027,-0.6470588235294118,-0.01809954751131222,-0.746606334841629,-0.027149321266968326,-0.8461538461538461
7,0.0,0.0,-0.1872146118721461,-0.0502283105022831,-0.3333333333333333,-0.1963470319634703,-0.4200913242009132,-0.3424657534246575,-0.5068493150684932,-0.4748858447488584,-0.3424657534246575,-0.4611872146118721,-0.4337899543378995,-0.6621004566210046,-0.4840182648401826,-0.7808219178082192,-0.5114155251141552,-0.8949771689497716,-0.2465753424657534,-0.5159817351598174,-0.3561643835616438,-0.7351598173515982,-0.4200913242009132,-0.8721461187214612,-0.4611872146118721,-1.0,-0.1415525114155251,-0.5159817351598174,-0.1643835616438356,-0.7351598173515982,-0.1552511415525114,-0.8721461187214612,-0.1552511415525114,-0.9908675799086758,-0.0228310502283105,-0.4748858447488584,-0.0273972602739726,-0.6438356164383562,-0.0228310502283105,-0.7488584474885844,-0.0319634703196347,-0.8493150684931506
7,0.0,0.0,-0.1935483870967742,-0.04608294930875576,-0.3456221198156682,-0.1889400921658986,-0.4377880184331797,-0.34101382488479265,-0.5253456221198156,-0.47465437788018433,-0.3548387096774194,-0.4608294930875576,-0.45161290322580644,-0.663594470046083,-0.4976958525345622,-0.7880184331797235,-0.5253456221198156,-0.9032258064516129,-0.25806451612903225,-0.511520737327189,-0.37327188940092165,-0.7327188940092166,-0.43317972350230416,-0.8755760368663594,-0.47465437788018433,-1.0,-0.15207373271889402,-0.511520737327189,-0.17972350230414746,-0.7327188940092166,-0.17511520737327188,-0.8709677419354839,-0.17050691244239632,-0.9907834101382489,-0.03225806451612903,-0.47465437788018433,-0.04608294930875576,-0.6451612903225806,-0.041474654377880185,-0.7511520737327189,-0.05069124423963134,-0.8525345622119815
7,0.0,0.0,-0.18981481481481483,-0.05092592592592592,-0.3472222222222222,-0.18981481481481483,-0.4398148148148148,-0.33796296296296297,-0.5370370370370371,-0.4722222222222222,-0.3611111111111111,-0.4675925925925926,-0.4583333333333333,-0.6666666666666666,-0.5092592592592593,-0.7916666666666666,-0.5416666666666666,-0.9074074074074074,-0.26851851851851855,-0.5185185185185185,-0.3888888888888889,-0.7361111111111112,-0.4537037037037037,-0.875,-0.5046296296296297,-1.0,-0.16203703703703703,-0.5185185185185185,-0.18981481481481483,-0.7361111111111112,-0.18981481481481483,-0.875,-0.18981481481481483,-0.9953703703703703,-0.041666666666666664,-0.47685185185185186,-0.05555555555555555,-0.6481481481481481,-0.05555555555555555,-0.7546296296296297,-0.06018518518518518,-0.8518518518518519
7,0.0,0.0,-0.1889400921658986,-0.055299539170506916,-0.34101382488479265,-0.1935483870967742,-0.42857142857142855,-0.34101382488479265,-0.5253456221198156,-0.4700460829493088,-0.3548387096774194,-0.46543778801843316,-0.45622119815668205,-0.6682027649769585,-0.511520737327189,-0.783410138248848,-0.543778801843318,-0.8986175115207373,-0.2626728110599078,-0.5161290322580645,-0.3824884792626728,-0.7327188940092166,-0.4470046082949309,-0.8663594470046083,-0.4930875576036866,-0.9907834101382489,-0.15668202764976957,-0.5161290322580645,-0.1935483870967742,-0.7373271889400922,-0.1935483870967742,-0.880184331797235,-0.1935483870967742,-1.0,-0.03686635944700461,-0.4792626728110599,-0.05069124423963134,-0.6497695852534562,-0.055299539170506916,-0.7557603686635944,-0.06451612903225806,-0.8525345622119815
7,0.0,0.0,-0.19444444444444445,-0.05092592592592592,-0.35185185185185186,-0.18981481481481483,-0.4398148148148148,-0.3333333333333333,-0.5416666666666666,-0.46296296296296297,-0.375,-0.4583333333333333,-0.48148148148148145,-0.6574074074074074,-0.5370370370370371,-0.7731481481481481,-0.5694444444444444,-0.8888888888888888,-0.2824074074074074,-0.5138888888888888,-0.4027777777777778,-0.7268518518518519,-0.4675925925925926,-0.8657407407407407,-0.5185185185185185,-0.9953703703703703,-0.1712962962962963,-0.5138888888888888,-0.20833333333333334,-0.7407407407407407,-0.2037037037037037,-0.875,-0.20833333333333334,-1.0,-0.046296296296296294,-0.47685185185185186,-0.06018518518518518,-0.6527777777777778,-0.06481481481481481,-0.7592592592592593,-0.0787037037037037,-0.8611111111111112
7,0.0,0.0,-0.19626168224299065,-0.04672897196261682,-0.3598130841121495,-0.18691588785046728,-0.4532710280373832,-0.3364485981308411,-0.5560747663551402,-0.46261682242990654,-0.37850467289719625,-0.45794392523364486,-0.49065420560747663,-0.6588785046728972,-0.5420560747663551,-0.780373831775701,-0.5747663551401869,-0.8925233644859814,-0.2803738317757009,-0.5093457943925234,-0.411214953271028,-0.7289719626168224,-0.4766355140186916,-0.8691588785046729,-0.5233644859813084,-1.0,-0.17289719626168223,-0.514018691588785,-0.205607476635514,-0.7336448598130841,-0.205607476635514,-0.8785046728971962,-0.2102803738317757,-1.0,-0.0514018691588785,-0.4719626168224299,-0.06074766355140187,-0.6448598130841121,-0.06074766355140187,-0.7523364485981309,-0.07476635514018691,-0.8551401869158879
7,0.0,0.0,-0.19444444444444445,-0.05092592592592592,-0.35185185185185186,-0.18981481481481483,-0.4398148148148148,-0.33796296296296297,-0.5370370370370371,-0.4675925925925926,-0.37037037037037035,-0.4583333333333333,-0.48148148148148145,-0.6574074074074074,-0.5370370370370371,-0.7777777777777778,-0.5740740740740741,-0.8888888888888888,-0.27314814814814814,-0.5138888888888888,-0.39814814814814814,-0.7314814814814815,-0.4675925925925926,-0.875,-0.5185185185185185,-1.0,-0.16203703703703703,-0.5185185185185185,-0.2037037037037037,-0.7407407407407407,-0.2037037037037037,-0.8796296296296297,-0.20833333333333334,-1.0,-0.041666666666666664,-0.48148148148148145,-0.06018518518518518,-0.6527777777777778,-0.06481481481481481,-0.7592592592592593,-0.0787037037037037,-0.8611111111111112
7,0.0,0.0,-0.19534883720930232,-0.046511627906976744,-0.3488372093023256,-0.18604651162790697,-0.4418604651162791,-0.33488372093023255,-0.5395348837209303,-0.46511627906976744,-0.37209302325581395,-0.46511627906976744,-0.48372093023255813,-0.6697674418604651,-0.5395348837209303,-0.7906976744186046,-0.5720930232558139,-0.9069767441860465,-0.27906976744186046,-0.5162790697674419,-0.413953488372093,-0.7348837209302326,-0.4790697674418605,-0.8744186046511628,-0.5255813953488372,-0.9953488372093023,-0.17209302325581396,-0.5162790697674419,-0.21395348837209302,-0.7395348837209302,-0.21395348837209302,-0.8790697674418605,-0.2186046511627907,-1.0,-0.05116279069767442,-0.48372093023255813,-0.06511627906976744,-0.6558139534883721,-0.06976744186046512,-0.7627906976744186,-0.07906976744186046,-0.8651162790697674
7,0.0,0.0,-0.18981481481481483,-0.046296296296296294,-0.3425925925925926,-0.18518518518518517,-0.4351851851851852,-0.3333333333333333,-0.5324074074074074,-0.46296296296296297,-0.36574074074074076,-0.46296296296296297,-0.48148148148148145,-0.6712962962962963,-0.5324074074074074,-0.7916666666666666,-0.5648148148148148,-0.9120370370370371,-0.27314814814814814,-0.5138888888888888,-0.4027777777777778,-0.7314814814814815,-0.4675925925925926,-0.8703703703703703,-0.5138888888888888,-1.0,-0.16203703703703703,-0.5138888888888888,-0.2037037037037037,-0.7361111111111112,-0.20833333333333334,-0.8703703703703703,-0.21296296296296297,-0.9907407407407407,-0.041666666666666664,-0.47685185185185186,-0.05555555555555555,-0.6481481481481481,-0.06018518518518518,-0.7546296296296297,-0.07407407407407407,-0.8564814814814815
7,0.0,0.0,-0.19069767441860466,-0.05116279069767442,-0.34418604651162793,-0.18604651162790697,-0.4372093023255814,-0.33488372093023255,-0.5395348837209303,-0.46511627906976744,-0.3767441860465116,-0.46511627906976744,-0.4883720930232558,-0.6651162790697674,-0.5441860465116279,-0.786046511627907,-0.5767441860465117,-0.8976744186046511,-0.27906976744186046,-0.5162790697674419,-0.40930232558139534,-0.7348837209302326,-0.4790697674418605,-0.8697674418604651,-0.5255813953488372,-0.9953488372093023,-0.16744186046511628,-0.5162790697674419,-0.21395348837209302,-0.7395348837209302,-0.21395348837209302,-0.8744186046511628,-0.2186046511627907,-1.0,-0.046511627906976744,-0.4790697674418605,-0.06511627906976744,-0.6511627906976745,-0.06976744186046512,-0.7581395348837209,-0.08372093023255814,-0.8604651162790697
7,0.0,0.0,-0.1935483870967742,-0.055299539170506916,-0.3456221198156682,-0.1935483870967742,-0.4377880184331797,-0.33640552995391704,-0.5345622119815668,-0.4700460829493088,-0.3686635944700461,-0.4608294930875576,-0.4792626728110599,-0.663594470046083,-0.5299539170506913,-0.7880184331797235,-0.5622119815668203,-0.9032258064516129,-0.271889400921659,-0.511520737327189,-0.4009216589861751,-0.7327188940092166,-0.46543778801843316,-0.8709677419354839,-0.511520737327189,-1.0,-0.16129032258064516,-0.511520737327189,-0.20276497695852536,-0.7327188940092166,-0.20276497695852536,-0.8709677419354839,-0.2073732718894009,-0.9907834101382489,-0.03686635944700461,-0.47465437788018433,-0.059907834101382486,-0.6451612903225806,-0.06451612903225806,-0.7511520737327189,-0.07834101382488479,-0.847926267281106
7,0.0,0.0,-0.19534883720930232,-0.046511627906976744,-0.3581395348837209,-0.1813953488372093,-0.4511627906976744,-0.32558139534883723,-0.5488372093023256,-0.4604651162790698,-0.386046511627907,-0.4558139534883721,-0.5023255813953489,-0.6558139534883721,-0.5581395348837209,-0.7767441860465116,-0.5953488372093023,-0.8930232558139535,-0.28837209302325584,-0.5116279069767442,-0.4186046511627907,-0.7302325581395349,-0.48372093023255813,-0.8697674418604651,-0.5302325581395348,-0.9953488372093023,-0.17674418604651163,-0.5162790697674419,-0.21395348837209302,-0.7348837209302326,-0.21395348837209302,-0.8744186046511628,-0.2186046511627907,-1.0,-0.05116279069767442,-0.4790697674418605,-0.06976744186046512,-0.6511627906976745,-0.07441860465116279,-0.7534883720930232,-0.08372093023255814,-0.8558139534883721
7,0.0,0.0,-0.19534883720930232,-0.05116279069767442,-0.35348837209302325,-0.1813953488372093,-0.4418604651162791,-0.3302325581395349,-0.5488372093023256,-0.4604651162790698,-0.3813953488372093,-0.4558139534883721,-0.4930232558139535,-0.6558139534883721,-0.5441860465116279,-0.7813953488372093,-0.5813953488372093,-0.8976744186046511,-0.2837209302325581,-0.5116279069767442,-0.4186046511627907,-0.7302325581395349,-0.48372093023255813,-0.8697674418604651,-0.5255813953488372,-1.0,-0.17209302325581396,-0.5116279069767442,-0.20930232558139536,-0.7302325581395349,-0.20465116279069767,-0.8744186046511628,-0.20465116279069767,-0.9953488372093023,-0.046511627906976744,-0.4744186046511628,-0.06976744186046512,-0.6465116279069767,-0.06976744186046512,-0.7534883720930232,-0.07441860465116279,-0.8511627906976744
7,0.0,0.0,-0.19444444444444445,-0.05092592592592592,-0.3425925925925926,-0.19444444444444445,-0.4351851851851852,-0.33796296296296297,-0.5324074074074074,-0.46296296296296297,-0.36574074074074076,-0.4583333333333333,-0.4861111111111111,-0.6527777777777778,-0.5462962962962963,-0.7685185185185185,-0.5833333333333334,-0.8796296296296297,-0.27314814814814814,-0.5138888888888888,-0.4074074074074074,-0.7314814814814815,-0.47685185185185186,-0.875,-0.5185185185185185,-1.0,-0.16203703703703703,-0.5138888888888888,-0.19907407407407407,-0.7361111111111112,-0.19444444444444445,-0.875,-0.19444444444444445,-1.0,-0.037037037037037035,-0.47685185185185186,-0.05555555555555555,-0.6527777777777778,-0.05555555555555555,-0.7592592592592593,-0.06481481481481481,-0.8564814814814815
7,0.0,0.0,-0.19815668202764977,-0.05069124423963134,-0.35023041474654376,-0.1935483870967742,-0.4423963133640553,-0.34101382488479265,-0.5483870967741935,-0.4700460829493088,-0.37327188940092165,-0.45622119815668205,-0.4930875576036866,-0.6451612903225806,-0.5529953917050692,-0.7603686635944701,-0.5944700460829493,-0.8755760368663594,-0.28110599078341014,-0.5161290322580645,-0.41013824884792627,-0.7327188940092166,-0.47465437788018433,-0.8709677419354839,-0.5253456221198156,-1.0,-0.17050691244239632,-0.5161290322580645,-0.2073732718894009,-0.7327188940092166,-0.2073732718894009,-0.8755760368663594,-0.2119815668202765,-1.0,-0.05069124423963134,-0.4792626728110599,-0.06912442396313365,-0.6497695852534562,-0.07373271889400922,-0.7557603686635944,-0.07834101382488479,-0.8571428571428571
7,0.0,0.0,-0.2,-0.046511627906976744,-0.3627906976744186,-0.17674418604651163,-0.4558139534883721,-0.3302325581395349,-0.5581395348837209,-0.4604651162790698,-0.386046511627907,-0.44651162790697674,-0.5116279069767442,-0.641860465116279,-0.5720930232558139,-0.7581395348837209,-0.6093023255813953,-0.8697674418604651,-0.2930232558139535,-0.5069767441860465,-0.4232558139534884,-0.7255813953488373,-0.4883720930232558,-0.8697674418604651,-0.5348837209302325,-1.0,-0.1813953488372093,-0.5162790697674419,-0.2186046511627907,-0.7302325581395349,-0.21395348837209302,-0.8697674418604651,-0.21395348837209302,-0.9906976744186047,-0.06046511627906977,-0.4790697674418605,-0.07906976744186046,-0.6465116279069767,-0.07906976744186046,-0.7534883720930232,-0.08372093023255814,-0.8511627906976744
7,0.0,0.0,-0.19907407407407407,-0.05092592592592592,-0.35648148148148145,-0.18518518518518517,-0.44907407407407407,-0.3333333333333333,-0.5509259259259259,-0.4675925925925926,-0.37962962962962965,-0.4583333333333333,-0.49537037037037035,-0.6527777777777778,-0.5462962962962963,-0.7731481481481481,-0.5833333333333334,-0.8888888888888888,-0.2824074074074074,-0.5138888888888888,-0.41203703703703703,-0.7314814814814815,-0.4722222222222222,-0.8703703703703703,-0.5185185185185185,-1.0,-0.1712962962962963,-0.5185185185185185,-0.2037037037037037,-0.7314814814814815,-0.2037037037037037,-0.8703703703703703,-0.2037037037037037,-0.9907407407407407,-0.05092592592592592,-0.48148148148148145,-0.06944444444444445,-0.6481481481481481,-0.06944444444444445,-0.75,-0.07407407407407407,-0.8472222222222222
7,0.0,0.0,-0.1935483870967742,-0.05069124423963134,-0.3548387096774194,-0.17972350230414746,-0.4423963133640553,-0.3271889400921659,-0.543778801843318,-0.45622119815668205,-0.3686635944700461,-0.45161290322580644,-0.4792626728110599,-0.6543778801843319,-0.5299539170506913,-0.783410138248848,-0.5576036866359447,-0.9032258064516129,-0.28110599078341014,-0.5023041474654378,-0.41013824884792627,-0.7188940092165899,-0.47465437788018433,-0.8663594470046083,-0.5207373271889401,-1.0,-0.17050691244239632,-0.5023041474654378,-0.2073732718894009,-0.7235023041474654,-0.19815668202764977,-0.8617511520737328,-0.1935483870967742,-0.9815668202764977,-0.05069124423963134,-0.4700460829493088,-0.06912442396313365,-0.6359447004608295,-0.06912442396313365,-0.7419354838709677,-0.07373271889400922,-0.8387096774193549
7,0.0,0.0,-0.18807339449541285,-0.05504587155963303,-0.3394495412844037,-0.18807339449541285,-0.42201834862385323,-0.3348623853211009,-0.5229357798165137,-0.463302752293578,-0.3532110091743119,-0.45871559633027525,-0.45871559633027525,-0.6605504587155964,-0.5091743119266054,-0.7844036697247706,-0.536697247706422,-0.9036697247706422,-0.26146788990825687,-0.5137614678899083,-0.38990825688073394,-0.7293577981651376,-0.44954128440366975,-0.8715596330275229,-0.4908256880733945,-1.0,-0.1559633027522936,-0.5137614678899083,-0.18807339449541285,-0.7247706422018348,-0.1834862385321101,-0.8623853211009175,-0.1834862385321101,-0.981651376146789,-0.03211009174311927,-0.481651376146789,-0.05045871559633028,-0.6422018348623854,-0.05045871559633028,-0.7477064220183486,-0.05504587155963303,-0.8440366972477065
7,0.0,0.0,-0.18981481481481483,-0.046296296296296294,-0.3425925925925926,-0.18055555555555555,-0.4351851851851852,-0.3287037037037037,-0.5370370370370371,-0.4583333333333333,-0.37037037037037035,-0.44907407407407407,-0.47685185185185186,-0.6481481481481481,-0.5277777777777778,-0.7638888888888888,-0.5601851851851852,-0.8796296296296297,-0.27314814814814814,-0.5092592592592593,-0.39814814814814814,-0.7314814814814815,-0.46296296296296297,-0.8703703703703703,-0.5,-1.0,-0.16203703703703703,-0.5138888888888888,-0.19907407407407407,-0.7268518518518519,-0.19444444444444445,-0.8657407407407407,-0.19444444444444445,-0.9861111111111112,-0.041666666666666664,-0.47685185185185186,-0.05555555555555555,-0.6435185185185185,-0.05555555555555555,-0.7453703703703703,-0.06018518518518518,-0.8425925925925926
7,0.0,0.0,-0.1917808219178082,-0.0547945205479452,-0.3424657534246575,-0.1963470319634703,-0.4292237442922374,-0.3378995433789954,-0.5296803652968036,-0.4611872146118721,-0.3561643835616438,-0.4611872146118721,-0.4611872146118721,-0.6666666666666666,-0.5114155251141552,-0.7899543378995434,-0.547945205479452,-0.908675799086758,-0.2648401826484018,-0.5068493150684932,-0.3835616438356164,-0.730593607305936,-0.4474885844748858,-0.8721461187214612,-0.4931506849315068,-1.0,-0.1552511415525114,-0.5068493150684932,-0.1872146118721461,-0.7214611872146118,-0.1872146118721461,-0.8538812785388128,-0.1872146118721461,-0.9680365296803652,-0.0319634703196347,-0.4703196347031963,-0.0547945205479452,-0.634703196347032,-0.0547945205479452,-0.7351598173515982,-0.0639269406392694,-0.8310502283105022
7,0.0,0.0,-0.1963470319634703,-0.0502283105022831,-0.3515981735159817,-0.1872146118721461,-0.4429223744292237,-0.3378995433789954,-0.54337899543379,-0.4657534246575342,-0.3698630136986301,-0.4611872146118721,-0.4703196347031963,-0.6666666666666666,-0.5159817351598174,-0.7945205479452054,-0.54337899543379,-0.91324200913242,-0.2785388127853881,-0.5068493150684932,-0.3972602739726027,-0.730593607305936,-0.4611872146118721,-0.8721461187214612,-0.502283105022831,-1.0,-0.1735159817351598,-0.5068493150684932,-0.2100456621004566,-0.726027397260274,-0.2054794520547945,-0.863013698630137,-0.2009132420091324,-0.9726027397260274,-0.0547945205479452,-0.4657534246575342,-0.0684931506849315,-0.639269406392694,-0.0639269406392694,-0.7397260273972602,-0.0684931506849315,-0.8401826484018264
7,0.0,0.0,-0.1963470319634703,-0.0547945205479452,-0.3515981735159817,-0.1917808219178082,-0.4383561643835616,-0.3333333333333333,-0.54337899543379,-0.45662100456621,-0.365296803652968,-0.4520547945205479,-0.4794520547945205,-0.6529680365296804,-0.5342465753424658,-0.771689497716895,-0.5707762557077626,-0.8812785388127854,-0.273972602739726,-0.502283105022831,-0.3972602739726027,-0.726027397260274,-0.4657534246575342,-0.867579908675799,-0.5068493150684932,-1.0,-0.1689497716894977,-0.502283105022831,-0.2009132420091324,-0.7214611872146118,-0.2009132420091324,-0.8584474885844748,-0.2009132420091324,-0.9817351598173516,-0.0502283105022831,-0.4611872146118721,-0.0639269406392694,-0.634703196347032,-0.0639269406392694,-0.7397260273972602,-0.0730593607305936,-0.8401826484018264
7,0.0,0.0,-0.19724770642201836,-0.05504587155963303,-0.3532110091743119,-0.19724770642201836,-0.44036697247706424,-0.3440366972477064,-0.5412844036697247,-0.4724770642201835,-0.37155963302752293,-0.4541284403669725,-0.48623853211009177,-0.6559633027522935,-0.5412844036697247,-0.7706422018348624,-0.5779816513761468,-0.8853211009174312,-0.27522935779816515,-0.5091743119266054,-0.3944954128440367,-0.7339449541284404,-0.45871559633027525,-0.8715596330275229,-0.5,-1.0,-0.1651376146788991,-0.5137614678899083,-0.21100917431192662,-0.7339449541284404,-0.21100917431192662,-0.8715596330275229,-0.21100917431192662,-0.9908256880733946,-0.045871559633027525,-0.47706422018348627,-0.06422018348623854,-0.6513761467889908,-0.06422018348623854,-0.7568807339449541,-0.06422018348623854,-0.8532110091743119
7,0.0,0.0,-0.20187793427230047,-0.056338028169014086,-0.3615023474178404,-0.19248826291079812,-0.460093896713615,-0.3380281690140845,-0.5539906103286385,-0.460093896713615,-0.3755868544600939,-0.45539906103286387,-0.49295774647887325,-0.6572769953051644,-0.5586854460093896,-0.7746478873239436,-0.6056338028169014,-0.8873239436619719,-0.28169014084507044,-0.5070422535211268,-0.40375586854460094,-0.7323943661971831,-0.47417840375586856,-0.8732394366197183,-0.5258215962441315,-1.0,-0.16901408450704225,-0.5070422535211268,-0.22065727699530516,-0.7370892018779343,-0.22535211267605634,-0.8779342723004695,-0.22535211267605634,-1.0,-0.046948356807511735,-0.4694835680751174,-0.06103286384976526,-0.647887323943662,-0.06103286384976526,-0.7605633802816901,-0.06572769953051644,-0.863849765258216
7,0.0,0.0,-0.1935483870967742,-0.055299539170506916,-0.3456221198156682,-0.1889400921658986,-0.4423963133640553,-0.3271889400921659,-0.5391705069124424,-0.45161290322580644,-0.35023041474654376,-0.45161290322580644,-0.46543778801843316,-0.6589861751152074,-0.5253456221198156,-0.7788018433179723,-0.5714285714285714,-0.8940092165898618,-0.2626728110599078,-0.4976958525345622,-0.3824884792626728,-0.728110599078341,-0.4470046082949309,-0.8709677419354839,-0.4930875576036866,-1.0,-0.15207373271889402,-0.4976958525345622,-0.19815668202764977,-0.7235023041474654,-0.19815668202764977,-0.8663594470046083,-0.19815668202764977,-0.9861751152073732,-0.03225806451612903,-0.4608294930875576,-0.05069124423963134,-0.6405529953917051,-0.05069124423963134,-0.7557603686635944,-0.059907834101382486,-0.8571428571428571
7,0.0,0.0,-0.1926605504587156,-0.05504587155963303,-0.3486238532110092,-0.1926605504587156,-0.44036697247706424,-0.3302752293577982,-0.5412844036697247,-0.44954128440366975,-0.3302752293577982,-0.463302752293578,-0.43119266055045874,-0.6697247706422018,-0.48623853211009177,-0.7889908256880734,-0.5275229357798165,-0.9036697247706422,-0.23853211009174313,-0.5045871559633027,-0.3532110091743119,-0.7339449541284404,-0.41743119266055045,-0.8761467889908257,-0.46788990825688076,-1.0,-0.13761467889908258,-0.5045871559633027,-0.1651376146788991,-0.7293577981651376,-0.16055045871559634,-0.8715596330275229,-0.16055045871559634,-0.9908256880733946,-0.01834862385321101,-0.463302752293578,-0.03211009174311927,-0.6422018348623854,-0.03211009174311927,-0.7522935779816514,-0.04128440366972477,-0.8532110091743119
7,0.0,0.0,-0.19282511210762332,-0.06278026905829596,-0.34080717488789236,-0.18834080717488788,-0.43946188340807174,-0.32286995515695066,-0.5426008968609866,-0.43946188340807174,-0.30493273542600896,-0.47085201793721976,-0.3901345291479821,-0.672645739910314,-0.4349775784753363,-0.7937219730941704,-0.4618834080717489,-0.9103139013452914,-0.21076233183856502,-0.515695067264574,-0.30493273542600896,-0.7354260089686099,-0.35874439461883406,-0.874439461883408,-0.40358744394618834,-1.0,-0.10762331838565023,-0.5112107623318386,-0.11659192825112108,-0.7174887892376681,-0.11210762331838565,-0.8565022421524664,-0.10762331838565023,-0.9730941704035875,0.0,-0.4663677130044843,0.0,-0.6367713004484304,0.004484304932735426,-0.7399103139013453,0.0,-0.8340807174887892
7,0.0,0.0,-0.18421052631578946,-0.05701754385964912,-0.3333333333333333,-0.19298245614035087,-0.4342105263157895,-0.3333333333333333,-0.543859649122807,-0.43859649122807015,-0.27631578947368424,-0.4649122807017544,-0.35964912280701755,-0.6710526315789473,-0.3991228070175439,-0.7894736842105263,-0.4342105263157895,-0.9035087719298246,-0.18859649122807018,-0.5131578947368421,-0.27631578947368424,-0.7368421052631579,-0.32456140350877194,-0.8771929824561403,-0.3684210526315789,-1.0,-0.08771929824561403,-0.5087719298245614,-0.08771929824561403,-0.7149122807017544,-0.07456140350877193,-0.8508771929824561,-0.06578947368421052,-0.9605263157894737,0.013157894736842105,-0.4649122807017544,0.017543859649122806,-0.6271929824561403,0.02631578947368421,-0.7280701754385965,0.03070175438596491,-0.8157894736842105
7,0.0,0.0,-0.18141592920353983,-0.061946902654867256,-0.3274336283185841,-0.19911504424778761,-0.43805309734513276,-0.3274336283185841,-0.5530973451327433,-0.42035398230088494,-0.26991150442477874,-0.4646017699115044,-0.34513274336283184,-0.668141592920354,-0.3805309734513274,-0.7831858407079646,-0.4026548672566372,-0.8938053097345132,-0.17699115044247787,-0.5132743362831859,-0.25663716814159293,-0.7389380530973452,-0.2920353982300885,-0.8805309734513275,-0.3185840707964602,-1.0,-0.07079646017699115,-0.5088495575221239,-0.07079646017699115,-0.7256637168141593,-0.05309734513274336,-0.8628318584070797,-0.03982300884955752,-0.9734513274336283,0.035398230088495575,-0.4690265486725664,0.03982300884955752,-0.6371681415929203,0.05309734513274336,-0.7433628318584071,0.061946902654867256,-0.831858407079646
7,0.0,0.0,-0.17391304347826086,-0.07391304347826087,-0.3173913043478261,-0.21739130434782608,-0.4217391304347826,-0.34347826086956523,-0.5347826086956522,-0.43043478260869567,-0.25217391304347825,-0.46956521739130436,-0.3173913043478261,-0.6739130434782609,-0.34782608695652173,-0.7913043478260869,-0.3695652173913043,-0.9043478260869565,-0.1565217391304348,-0.5173913043478261,-0.22608695652173913,-0.7434782608695653,-0.2565217391304348,-0.8826086956521739,-0.2826086956521739,-1.0,-0.05217391304347826,-0.5130434782608696,-0.043478260869565216,-0.7260869565217392,-0.02608695652173913,-0.8608695652173913,-0.013043478260869565,-0.9695652173913043,0.05217391304347826,-0.46956521739130436,0.06086956521739131,-0.6347826086956522,0.07391304347826087,-0.7391304347826086,0.0782608695652174,-0.8217391304347826
7,0.0,0.0,-0.1774891774891775,-0.06493506493506493,-0.3203463203463203,-0.2077922077922078,-0.42857142857142855,-0.341991341991342,-0.5411255411255411,-0.43722943722943725,-0.2597402597402597,-0.46320346320346323,-0.3333333333333333,-0.670995670995671,-0.36796536796536794,-0.7922077922077922,-0.3852813852813853,-0.9004329004329005,-0.1645021645021645,-0.5108225108225108,-0.23809523809523808,-0.7402597402597403,-0.2683982683982684,-0.8831168831168831,-0.29004329004329005,-1.0,-0.06060606060606061,-0.5108225108225108,-0.05194805194805195,-0.7229437229437229,-0.030303030303030304,-0.8528138528138528,-0.012987012987012988,-0.9653679653679653,0.04329004329004329,-0.47186147186147187,0.05627705627705628,-0.6320346320346321,0.0735930735930736,-0.7316017316017316,0.07792207792207792,-0.8138528138528138
7,0.0,0.0,-0.17167381974248927,-0.06866952789699571,-0.3133047210300429,-0.21030042918454936,-0.41630901287553645,-0.34334763948497854,-0.5278969957081545,-0.44206008583690987,-0.2532188841201717,-0.4678111587982833,-0.3261802575107296,-0.6695278969957081,-0.3605150214592275,-0.7896995708154506,-0.3776824034334764,-0.8969957081545065,-0.15450643776824036,-0.5150214592274678,-0.2317596566523605,-0.7424892703862661,-0.2575107296137339,-0.8841201716738197,-0.27467811158798283,-1.0,-0.04721030042918455,-0.5107296137339056,-0.03862660944206009,-0.721030042918455,-0.012875536480686695,-0.8497854077253219,0.004291845493562232,-0.9613733905579399,0.060085836909871244,-0.4678111587982833,0.07296137339055794,-0.630901287553648,0.08583690987124463,-0.7253218884120172,0.0944206008583691,-0.8111587982832618
7,0.0,0.0,-0.16877637130801687,-0.07172995780590717,-0.3080168776371308,-0.2109704641350211,-0.41350210970464135,-0.3459915611814346,-0.5232067510548524,-0.4430379746835443,-0.24472573839662448,-0.4641350210970464,-0.31645569620253167,-0.6666666666666666,-0.350210970464135,-0.7890295358649789,-0.37130801687763715,-0.8987341772151899,-0.14767932489451477,-0.510548523206751,-0.21940928270042195,-0.7341772151898734,-0.2489451476793249,-0.8776371308016878,-0.26582278481012656,-1.0,-0.046413502109704644,-0.5063291139240507,-0.029535864978902954,-0.7088607594936709,0.0,-0.8354430379746836,0.02109704641350211,-0.9409282700421941,0.05907172995780591,-0.459915611814346,0.0759493670886076,-0.620253164556962,0.09282700421940929,-0.7130801687763713,0.10548523206751055,-0.7974683544303798
7,0.0,0.0,-0.1694915254237288,-0.07203389830508475,-0.3050847457627119,-0.22033898305084745,-0.4067796610169492,-0.3601694915254237,-0.5127118644067796,-0.4576271186440678,-0.24152542372881355,-0.4703389830508475,-0.3135593220338983,-0.6694915254237288,-0.3432203389830508,-0.788135593220339,-0.3644067796610169,-0.8983050847457628,-0.1440677966101695,-0.5169491525423728,-0.211864406779661,-0.7415254237288136,-0.24152542372881355,-0.8813559322033898,-0.2627118644067797,-1.0,-0.038135593220338986,-0.5127118644067796,-0.01694915254237288,-0.7161016949152542,0.012711864406779662,-0.8432203389830508,0.029661016949152543,-0.9449152542372882,0.06779661016949153,-0.4661016949152542,0.08898305084745763,-0.6228813559322034,0.11440677966101695,-0.7161016949152542,0.1228813559322034,-0.7966101694915254
7,0.0,0.0,-0.1694915254237288,-0.07203389830508475,-0.3008474576271186,-0.22033898305084745,-0.3983050847457627,-0.3686440677966102,-0.5,-0.4788135593220339,-0.23728813559322035,-0.4703389830508475,-0.3050847457627119,-0.673728813559322,-0.3347457627118644,-0.7923728813559322,-0.3516949152542373,-0.902542372881356,-0.13983050847457626,-0.5169491525423728,-0.2076271186440678,-0.7415254237288136,-0.23728813559322035,-0.8813559322033898,-0.2542372881355932,-1.0,-0.03389830508474576,-0.5084745762711864,-0.00847457627118644,-0.7161016949152542,0.0211864406779661,-0.8432203389830508,0.038135593220338986,-0.9449152542372882,0.07203389830508475,-0.461864406779661,0.09745762711864407,-0.6228813559322034,0.11864406779661017,-0.7161016949152542,0.13135593220338984,-0.8008474576271186
7,0.0,0.0,-0.16317991631799164,-0.0794979079497908,-0.2928870292887029,-0.2301255230125523,-0.3807531380753138,-0.38493723849372385,-0.4769874476987448,-0.5062761506276151,-0.2301255230125523,-0.4769874476987448,-0.2928870292887029,-0.6778242677824268,-0.3179916317991632,-0.799163179916318,-0.3305439330543933,-0.9121338912133892,-0.13807531380753138,-0.5146443514644351,-0.20502092050209206,-0.7405857740585774,-0.2301255230125523,-0.8786610878661087,-0.24686192468619247,-1.0,-0.03347280334728033,-0.502092050209205,-0.008368200836820083,-0.7071129707112971,0.02510460251046025,-0.8368200836820083,0.0502092050209205,-0.9414225941422594,0.07531380753138076,-0.4476987447698745,0.100418410041841,-0.6108786610878661,0.12133891213389121,-0.7112970711297071,0.13389121338912133,-0.799163179916318
7,0.0,0.0,-0.1625,-0.07916666666666666,-0.2791666666666667,-0.2375,-0.35,-0.39166666666666666,-0.43333333333333335,-0.5166666666666667,-0.2125,-0.48333333333333334,-0.2708333333333333,-0.6916666666666667,-0.2916666666666667,-0.8083333333333333,-0.30416666666666664,-0.9166666666666666,-0.11666666666666667,-0.5166666666666667,-0.18333333333333332,-0.7416666666666667,-0.20416666666666666,-0.8791666666666667,-0.22083333333333333,-1.0,-0.016666666666666666,-0.5,0.008333333333333333,-0.7041666666666667,0.041666666666666664,-0.8291666666666667,0.0625,-0.9375,0.08333333333333333,-0.44583333333333336,0.10833333333333334,-0.6041666666666666,0.12916666666666668,-0.7041666666666667,0.1375,-0.7916666666666666
7,0.0,0.0,-0.15481171548117154,-0.09205020920502092,-0.26778242677824265,-0.2510460251046025,-0.3305439330543933,-0.40585774058577406,-0.40585774058577406,-0.5313807531380753,-0.19665271966527198,-0.497907949790795,-0.2510460251046025,-0.698744769874477,-0.26778242677824265,-0.8117154811715481,-0.27615062761506276,-0.9205020920502092,-0.100418410041841,-0.5271966527196653,-0.1589958158995816,-0.7447698744769874,-0.18410041841004185,-0.8828451882845189,-0.19665271966527198,-1.0,0.0041841004184100415,-0.5062761506276151,0.029288702928870293,-0.7112970711297071,0.06276150627615062,-0.8410041841004184,0.08368200836820083,-0.9497907949790795,0.1087866108786611,-0.45188284518828453,0.13807531380753138,-0.6150627615062761,0.15481171548117154,-0.7154811715481172,0.16317991631799164,-0.803347280334728
7,0.0,0.0,-0.16033755274261605,-0.08438818565400844,-0.270042194092827,-0.24472573839662448,-0.32489451476793246,-0.4008438818565401,-0.38396624472573837,-0.5358649789029536,-0.2109704641350211,-0.48945147679324896,-0.25738396624472576,-0.6835443037974683,-0.2742616033755274,-0.7974683544303798,-0.27848101265822783,-0.9029535864978903,-0.11392405063291139,-0.5232067510548524,-0.16455696202531644,-0.7426160337552743,-0.18565400843881857,-0.8776371308016878,-0.19831223628691982,-1.0,-0.012658227848101266,-0.5063291139240507,0.02109704641350211,-0.7130801687763713,0.05907172995780591,-0.8396624472573839,0.08438818565400844,-0.9493670886075949,0.09282700421940929,-0.4472573839662447,0.1308016877637131,-0.6118143459915611,0.1518987341772152,-0.7130801687763713,0.16033755274261605,-0.8059071729957806
7,0.0,0.0,-0.15546218487394958,-0.08403361344537816,-0.2647058823529412,-0.23949579831932774,-0.31092436974789917,-0.39915966386554624,-0.36554621848739494,-0.5336134453781513,-0.19747899159663865,-0.48739495798319327,-0.24789915966386555,-0.680672268907563,-0.2605042016806723,-0.7983193277310925,-0.2605042016806723,-0.9033613445378151,-0.10084033613445378,-0.5168067226890757,-0.15126050420168066,-0.7394957983193278,-0.1722689075630252,-0.8781512605042017,-0.18067226890756302,-1.0,0.0,-0.4957983193277311,0.037815126050420166,-0.7016806722689075,0.07563025210084033,-0.8277310924369747,0.10504201680672269,-0.9327731092436975,0.10084033613445378,-0.4369747899159664,0.13865546218487396,-0.5966386554621849,0.15966386554621848,-0.6974789915966386,0.1722689075630252,-0.7857142857142857
7,0.0,0.0,-0.15416666666666667,-0.09166666666666666,-0.25416666666666665,-0.25833333333333336,-0.3,-0.4125,-0.35833333333333334,-0.5416666666666666,-0.2,-0.4875,-0.24583333333333332,-0.6791666666666667,-0.2625,-0.7958333333333333,-0.2625,-0.9,-0.10416666666666667,-0.5208333333333334,-0.15,-0.7416666666666667,-0.16666666666666666,-0.8791666666666667,-0.17916666666666667,-1.0,0.0,-0.5,0.0375,-0.7041666666666667,0.07916666666666666,-0.8333333333333334,0.10833333333333334,-0.9416666666666667,0.09583333333333334,-0.44166666666666665,0.1375,-0.6,0.1625,-0.6958333333333333,0.175,-0.7833333333333333
7,0.0,0.0,-0.15677966101694915,-0.08898305084745763,-0.2669491525423729,-0.24152542372881355,-0.3177966101694915,-0.3940677966101695,-0.3686440677966102,-0.5338983050847458,-0.21610169491525424,-0.4872881355932203,-0.2711864406779661,-0.6822033898305084,-0.2923728813559322,-0.7966101694915254,-0.2923728813559322,-0.902542372881356,-0.11864406779661017,-0.5211864406779662,-0.1694915254237288,-0.7457627118644068,-0.1864406779661017,-0.8813559322033898,-0.19915254237288135,-1.0,-0.01694915254237288,-0.5042372881355932,0.0211864406779661,-0.7161016949152542,0.059322033898305086,-0.8432203389830508,0.08898305084745763,-0.9491525423728814,0.0847457627118644,-0.4449152542372881,0.1271186440677966,-0.6101694915254238,0.15254237288135594,-0.7076271186440678,0.1652542372881356,-0.8050847457627118
7,0.0,0.0,-0.1574468085106383,-0.0851063829787234,-0.2680851063829787,-0.2425531914893617,-0.3191489361702128,-0.39574468085106385,-0.37446808510638296,-0.5319148936170213,-0.22127659574468084,-0.4851063829787234,-0.28085106382978725,-0.6808510638297872,-0.3021276595744681,-0.7914893617021277,-0.30638297872340425,-0.8978723404255319,-0.12340425531914893,-0.5234042553191489,-0.1829787234042553,-0.7446808510638298,-0.20425531914893616,-0.8808510638297873,-0.2170212765957447,-1.0,-0.02127659574468085,-0.5063829787234042,0.01276595744680851,-0.7148936170212766,0.04680851063829787,-0.8425531914893617,0.07234042553191489,-0.9531914893617022,0.0851063829787234,-0.451063829787234,0.11914893617021277,-0.6127659574468085,0.14468085106382977,-0.7148936170212766,0.15319148936170213,-0.8042553191489362
7,0.0,0.0,-0.1581196581196581,-0.0811965811965812,-0.2777777777777778,-0.23504273504273504,-0.3333333333333333,-0.38461538461538464,-0.39316239316239315,-0.5170940170940171,-0.23931623931623933,-0.4829059829059829,-0.3034188034188034,-0.6794871794871795,-0.32905982905982906,-0.7948717948717948,-0.33760683760683763,-0.9017094017094017,-0.14102564102564102,-0.5213675213675214,-0.20512820512820512,-0.7435897435897436,-0.23076923076923078,-0.8846153846153846,-0.24786324786324787,-1.0,-0.038461538461538464,-0.5085470085470085,-0.01282051282051282,-0.717948717948718,0.017094017094017096,-0.8461538461538461,0.042735042735042736,-0.9572649572649573,0.06837606837606838,-0.452991452991453,0.09829059829059829,-0.6196581196581197,0.11538461538461539,-0.7222222222222222,0.12393162393162394,-0.8162393162393162
7,0.0,0.0,-0.1623931623931624,-0.07692307692307693,-0.27350427350427353,-0.21367521367521367,-0.32905982905982906,-0.3547008547008547,-0.3803418803418803,-0.48717948717948717,-0.2564102564102564,-0.47863247863247865,-0.3162393162393162,-0.6752136752136753,-0.3418803418803419,-0.7905982905982906,-0.3504273504273504,-0.8974358974358975,-0.15384615384615385,-0.5170940170940171,-0.21794871794871795,-0.7435897435897436,-0.24786324786324787,-0.8803418803418803,-0.26495726495726496,-1.0,-0.05128205128205128,-0.5042735042735043,-0.02564102564102564,-0.7136752136752137,0.0,-0.8461538461538461,0.021367521367521368,-0.9615384615384616,0.05555555555555555,-0.44871794871794873,0.08547008547008547,-0.6153846153846154,0.10256410256410256,-0.7136752136752137,0.10683760683760683,-0.8076923076923077
7,0.0,0.0,-0.16170212765957448,-0.06808510638297872,-0.28085106382978725,-0.20851063829787234,-0.3446808510638298,-0.35319148936170214,-0.4,-0.4851063829787234,-0.2680851063829787,-0.46808510638297873,-0.33617021276595743,-0.6638297872340425,-0.3702127659574468,-0.7787234042553192,-0.3872340425531915,-0.8893617021276595,-0.16595744680851063,-0.5106382978723404,-0.2425531914893617,-0.7319148936170212,-0.28085106382978725,-0.8723404255319149,-0.3021276595744681,-1.0,-0.06382978723404255,-0.4978723404255319,-0.04680851063829787,-0.7063829787234043,-0.02127659574468085,-0.8382978723404255,-0.00851063829787234,-0.9531914893617022,0.04680851063829787,-0.44680851063829785,0.07234042553191489,-0.6127659574468085,0.0851063829787234,-0.7148936170212766,0.0851063829787234,-0.8127659574468085
7,0.0,0.0,-0.16455696202531644,-0.07172995780590717,-0.2869198312236287,-0.2109704641350211,-0.350210970464135,-0.35443037974683544,-0.41350210970464135,-0.48523206751054854,-0.27848101265822783,-0.459915611814346,-0.35443037974683544,-0.6540084388185654,-0.3881856540084388,-0.7679324894514767,-0.4092827004219409,-0.8776371308016878,-0.18143459915611815,-0.5063291139240507,-0.2616033755274262,-0.7257383966244726,-0.29957805907172996,-0.869198312236287,-0.32489451476793246,-1.0,-0.0759493670886076,-0.4936708860759494,-0.06751054852320675,-0.7046413502109705,-0.04219409282700422,-0.8354430379746836,-0.03375527426160337,-0.9578059071729957,0.03375527426160337,-0.4430379746835443,0.05063291139240506,-0.6118143459915611,0.06329113924050633,-0.7172995780590717,0.05907172995780591,-0.8185654008438819
7,0.0,0.0,-0.1724137931034483,-0.0603448275862069,-0.30603448275862066,-0.1939655172413793,-0.375,-0.33620689655172414,-0.44396551724137934,-0.4698275862068966,-0.30603448275862066,-0.4482758620689655,-0.3879310344827586,-0.6422413793103449,-0.4224137931034483,-0.7586206896551724,-0.44396551724137934,-0.8706896551724138,-0.20689655172413793,-0.5,-0.29310344827586204,-0.7241379310344828,-0.33189655172413796,-0.8706896551724138,-0.3577586206896552,-1.0,-0.09913793103448276,-0.4956896551724138,-0.09051724137931035,-0.7068965517241379,-0.07327586206896551,-0.8405172413793104,-0.06896551724137931,-0.9612068965517241,0.01293103448275862,-0.4482758620689655,0.034482758620689655,-0.6163793103448276,0.04310344827586207,-0.7198275862068966,0.03879310344827586,-0.8189655172413793
7,0.0,0.0,-0.17982456140350878,-0.05701754385964912,-0.3201754385964912,-0.19298245614035087,-0.39473684210526316,-0.33771929824561403,-0.47368421052631576,-0.4692982456140351,-0.3201754385964912,-0.4517543859649123,-0.41228070175438597,-0.6447368421052632,-0.45614035087719296,-0.7587719298245614,-0.4824561403508772,-0.868421052631579,-0.21929824561403508,-0.5043859649122807,-0.3157894736842105,-0.7324561403508771,-0.36403508771929827,-0.8728070175438597,-0.39473684210526316,-1.0,-0.11403508771929824,-0.5043859649122807,-0.11403508771929824,-0.7236842105263158,-0.10087719298245613,-0.8640350877192983,-0.09649122807017543,-0.9780701754385965,0.0043859649122807015,-0.4649122807017544,0.017543859649122806,-0.6359649122807017,0.02631578947368421,-0.7412280701754386,0.02631578947368421,-0.8377192982456141
7,0.0,0.0,-0.17777777777777778,-0.057777777777777775,-0.31555555555555553,-0.19111111111111112,-0.39111111111111113,-0.3333333333333333,-0.4711111111111111,-0.4577777777777778,-0.3377777777777778,-0.4533333333333333,-0.43555555555555553,-0.6488888888888888,-0.48,-0.7644444444444445,-0.5022222222222222,-0.8755555555555555,-0.24,-0.5111111111111111,-0.3377777777777778,-0.7333333333333333,-0.38666666666666666,-0.8755555555555555,-0.4222222222222222,-1.0,-0.12444444444444444,-0.5111111111111111,-0.13777777777777778,-0.7333333333333333,-0.12444444444444444,-0.8711111111111111,-0.12,-0.9866666666666667,-0.0044444444444444444,-0.47555555555555556,-0.0044444444444444444,-0.6488888888888888,0.0,-0.7555555555555555,0.0,-0.8488888888888889
7,0.0,0.0,-0.18834080717488788,-0.06278026905829596,-0.336322869955157,-0.19282511210762332,-0.42152466367713004,-0.336322869955157,-0.5022421524663677,-0.4663677130044843,-0.34080717488789236,-0.4484304932735426,-0.4439461883408072,-0.6412556053811659,-0.49327354260089684,-0.757847533632287,-0.5246636771300448,-0.8699551569506726,-0.24663677130044842,-0.5067264573991032,-0.3542600896860987,-0.7309417040358744,-0.4080717488789238,-0.874439461883408,-0.452914798206278,-1.0,-0.13901345291479822,-0.515695067264574,-0.15695067264573992,-0.7354260089686099,-0.15246636771300448,-0.874439461883408,-0.15246636771300448,-0.9910313901345291,-0.02242152466367713,-0.4798206278026906,-0.026905829596412557,-0.6502242152466368,-0.02242152466367713,-0.757847533632287,-0.026905829596412557,-0.852017937219731
7,0.0,0.0,-0.19815668202764977,-0.055299539170506916,-0.3548387096774194,-0.1889400921658986,-0.4470046082949309,-0.33640552995391704,-0.5391705069124424,-0.46543778801843316,-0.37327188940092165,-0.45161290322580644,-0.48847926267281105,-0.6405529953917051,-0.543778801843318,-0.7557603686635944,-0.5806451612903226,-0.8663594470046083,-0.2764976958525346,-0.5161290322580645,-0.39631336405529954,-0.7327188940092166,-0.45622119815668205,-0.8709677419354839,-0.5069124423963134,-1.0,-0.17050691244239632,-0.5299539170506913,-0.1935483870967742,-0.7419354838709677,-0.1935483870967742,-0.880184331797235,-0.20276497695852536,-1.0,-0.05069124423963134,-0.4976958525345622,-0.059907834101382486,-0.6682027649769585,-0.06451612903225806,-0.7741935483870968,-0.07834101382488479,-0.8663594470046083
7,0.0,0.0,-0.20465116279069767,-0.046511627906976744,-0.3674418604651163,-0.17674418604651163,-0.4604651162790698,-0.32558139534883723,-0.5581395348837209,-0.4558139534883721,-0.386046511627907,-0.44651162790697674,-0.5069767441860465,-0.641860465116279,-0.5627906976744186,-0.7581395348837209,-0.5953488372093023,-0.8697674418604651,-0.2930232558139535,-0.5069767441860465,-0.4232558139534884,-0.7302325581395349,-0.4883720930232558,-0.8697674418604651,-0.5348837209302325,-1.0,-0.1813953488372093,-0.5209302325581395,-0.21395348837209302,-0.7348837209302326,-0.2186046511627907,-0.8790697674418605,-0.2186046511627907,-1.0,-0.06046511627906977,-0.4930232558139535,-0.07906976744186046,-0.6697674418604651,-0.08372093023255814,-0.7767441860465116,-0.09302325581395349,-0.8697674418604651
7,0.0,0.0,-0.20853080568720378,-0.04265402843601896,-0.3744075829383886,-0.16587677725118483,-0.4786729857819905,-0.3127962085308057,-0.5781990521327014,-0.44075829383886256,-0.4028436018957346,-0.44549763033175355,-0.5213270142180095,-0.6492890995260664,-0.5734597156398105,-0.7630331753554502,-0.6161137440758294,-0.8815165876777251,-0.3080568720379147,-0.5118483412322274,-0.44075829383886256,-0.7251184834123223,-0.5118483412322274,-0.8625592417061612,-0.5687203791469194,-0.985781990521327,-0.1943127962085308,-0.5260663507109005,-0.24170616113744076,-0.7440758293838863,-0.25118483412322273,-0.8815165876777251,-0.26066350710900477,-1.0,-0.07109004739336493,-0.5071090047393365,-0.0995260663507109,-0.6824644549763034,-0.10426540284360189,-0.7867298578199052,-0.11848341232227488,-0.8815165876777251
7,0.0,0.0,-0.2037914691943128,-0.04265402843601896,-0.3696682464454976,-0.17061611374407584,-0.46919431279620855,-0.3175355450236967,-0.5687203791469194,-0.44075829383886256,-0.3981042654028436,-0.45023696682464454,-0.5260663507109005,-0.6445497630331753,-0.5876777251184834,-0.7582938388625592,-0.6303317535545023,-0.8672985781990521,-0.3080568720379147,-0.5118483412322274,-0.44075829383886256,-0.7251184834123223,-0.5165876777251185,-0.8625592417061612,-0.5734597156398105,-0.981042654028436,-0.1943127962085308,-0.5308056872037915,-0.25118483412322273,-0.7440758293838863,-0.26540284360189575,-0.8815165876777251,-0.2796208530805687,-1.0,-0.06635071090047394,-0.5071090047393365,-0.0995260663507109,-0.6824644549763034,-0.11374407582938388,-0.7914691943127962,-0.12796208530805686,-0.8815165876777251
7,0.0,0.0,-0.20754716981132076,-0.03773584905660377,-0.37264150943396224,-0.1650943396226415,-0.47641509433962265,-0.3113207547169811,-0.5754716981132075,-0.4386792452830189,-0.4056603773584906,-0.44339622641509435,-0.5330188679245284,-0.6367924528301887,-0.5943396226415094,-0.7547169811320755,-0.6415094339622641,-0.8632075471698113,-0.3160377358490566,-0.5094339622641509,-0.4481132075471698,-0.7216981132075472,-0.5235849056603774,-0.8537735849056604,-0.5754716981132075,-0.9764150943396226,-0.20754716981132076,-0.5235849056603774,-0.25943396226415094,-0.7405660377358491,-0.27358490566037735,-0.8820754716981132,-0.2830188679245283,-1.0,-0.08018867924528301,-0.5047169811320755,-0.11320754716981132,-0.6792452830188679,-0.12735849056603774,-0.7830188679245284,-0.14150943396226415,-0.8773584905660378
7,0.0,0.0,-0.21153846153846154,-0.03365384615384615,-0.38461538461538464,-0.15865384615384615,-0.49038461538461536,-0.30288461538461536,-0.5913461538461539,-0.42788461538461536,-0.4230769230769231,-0.4326923076923077,-0.5576923076923077,-0.625,-0.625,-0.7355769230769231,-0.6778846153846154,-0.8461538461538461,-0.3317307692307692,-0.5048076923076923,-0.47115384615384615,-0.7163461538461539,-0.5528846153846154,-0.8509615384615384,-0.6105769230769231,-0.9759615384615384,-0.21634615384615385,-0.5240384615384616,-0.27884615384615385,-0.7403846153846154,-0.2932692307692308,-0.8798076923076923,-0.3076923076923077,-1.0,-0.08653846153846154,-0.5,-0.1201923076923077,-0.6778846153846154,-0.1346153846153846,-0.7836538461538461,-0.15384615384615385,-0.8798076923076923
7,0.0,0.0,-0.21359223300970873,-0.024271844660194174,-0.39805825242718446,-0.15048543689320387,-0.5097087378640777,-0.30097087378640774,-0.6262135922330098,-0.4320388349514563,-0.44660194174757284,-0.4368932038834951,-0.5825242718446602,-0.6262135922330098,-0.6504854368932039,-0.7427184466019418,-0.7038834951456311,-0.8495145631067961,-0.35436893203883496,-0.5048543689320388,-0.49514563106796117,-0.7135922330097088,-0.5776699029126213,-0.8495145631067961,-0.6359223300970874,-0.9660194174757282,-0.23786407766990292,-0.529126213592233,-0.3106796116504854,-0.7427184466019418,-0.32524271844660196,-0.883495145631068,-0.33980582524271846,-1.0,-0.10679611650485436,-0.5145631067961165,-0.15048543689320387,-0.6941747572815534,-0.1650485436893204,-0.8009708737864077,-0.18446601941747573,-0.8932038834951457
7,0.0,0.0,-0.22388059701492538,-0.03482587064676617,-0.4129353233830846,-0.15920398009950248,-0.527363184079602,-0.3034825870646766,-0.6417910447761194,-0.43283582089552236,-0.4626865671641791,-0.43781094527363185,-0.6069651741293532,-0.6318407960199005,-0.6865671641791045,-0.746268656716418,-0.746268656716418,-0.8557213930348259,-0.3681592039800995,-0.5074626865671642,-0.5174129353233831,-0.7213930348258707,-0.6069651741293532,-0.8606965174129353,-0.6716417910447762,-0.9800995024875622,-0.2537313432835821,-0.5223880597014925,-0.32338308457711445,-0.7412935323383084,-0.3482587064676617,-0.8855721393034826,-0.373134328358209,-1.0,-0.11940298507462686,-0.5024875621890548,-0.15920398009950248,-0.681592039800995,-0.1791044776119403,-0.7960199004975125,-0.208955223880597,-0.8955223880597015
7,0.0,0.0,-0.22110552763819097,-0.01507537688442211,-0.41708542713567837,-0.135678391959799,-0.5376884422110553,-0.2814070351758794,-0.6532663316582915,-0.4120603015075377,-0.4723618090452261,-0.41708542713567837,-0.628140703517588,-0.6180904522613065,-0.7135678391959799,-0.7286432160804021,-0.7788944723618091,-0.8341708542713567,-0.38190954773869346,-0.49748743718592964,-0.5376884422110553,-0.7185929648241206,-0.6231155778894473,-0.8542713567839196,-0.6934673366834171,-0.9698492462311558,-0.2613065326633166,-0.5276381909547738,-0.34673366834170855,-0.7437185929648241,-0.38190954773869346,-0.8844221105527639,-0.41708542713567837,-1.0,-0.12060301507537688,-0.5175879396984925,-0.1658291457286432,-0.6934673366834171,-0.19597989949748743,-0.7989949748743719,-0.22613065326633167,-0.8944723618090452
7,0.0,0.0,-0.21844660194174756,-0.024271844660194174,-0.4029126213592233,-0.14563106796116504,-0.5145631067961165,-0.28640776699029125,-0.6213592233009708,-0.41262135922330095,-0.4563106796116505,-0.41262135922330095,-0.6067961165048543,-0.5970873786407767,-0.6893203883495146,-0.7087378640776699,-0.7524271844660194,-0.8106796116504854,-0.36893203883495146,-0.4854368932038835,-0.5194174757281553,-0.6990291262135923,-0.6067961165048543,-0.8300970873786407,-0.6796116504854369,-0.941747572815534,-0.2524271844660194,-0.5145631067961165,-0.33495145631067963,-0.7330097087378641,-0.36893203883495146,-0.8786407766990292,-0.39805825242718446,-1.0,-0.11650485436893204,-0.5,-0.16019417475728157,-0.6747572815533981,-0.18932038834951456,-0.7864077669902912,-0.22330097087378642,-0.883495145631068
7,0.0,0.0,-0.22842639593908629,-0.02030456852791878,-0.43147208121827413,-0.14213197969543148,-0.5532994923857868,-0.29441624365482233,-0.6598984771573604,-0.4213197969543147,-0.4873096446700508,-0.41624365482233505,-0.6446700507614214,-0.6142131979695431,-0.7258883248730964,-0.7360406091370558,-0.7918781725888325,-0.8426395939086294,-0.39593908629441626,-0.49746192893401014,-0.5583756345177665,-0.7208121827411168,-0.6548223350253807,-0.8578680203045685,-0.7309644670050761,-0.9695431472081218,-0.27411167512690354,-0.5279187817258884,-0.36548223350253806,-0.7461928934010152,-0.41116751269035534,-0.883248730964467,-0.4517766497461929,-1.0,-0.1319796954314721,-0.5228426395939086,-0.18781725888324874,-0.700507614213198,-0.2233502538071066,-0.817258883248731,-0.25380710659898476,-0.9187817258883249
7,0.0,0.0,-0.24210526315789474,-0.015789473684210527,-0.45263157894736844,-0.1368421052631579,-0.5842105263157895,-0.29473684210526313,-0.7,-0.4368421052631579,-0.5105263157894737,-0.4263157894736842,-0.6736842105263158,-0.6263157894736842,-0.7631578947368421,-0.7473684210526316,-0.8315789473684211,-0.8526315789473684,-0.41578947368421054,-0.5052631578947369,-0.5894736842105263,-0.7368421052631579,-0.6894736842105263,-0.8736842105263158,-0.7631578947368421,-0.9842105263157894,-0.29473684210526313,-0.5368421052631579,-0.39473684210526316,-0.7578947368421053,-0.43157894736842106,-0.8894736842105263,-0.46842105263157896,-1.0,-0.14736842105263157,-0.5368421052631579,-0.20526315789473684,-0.7157894736842105,-0.23684210526315788,-0.8315789473684211,-0.26842105263157895,-0.9368421052631579
7,0.0,0.0,-0.22727272727272727,-0.020202020202020204,-0.4292929292929293,-0.13131313131313133,-0.5555555555555556,-0.2828282828282828,-0.6666666666666666,-0.41919191919191917,-0.4898989898989899,-0.41414141414141414,-0.6414141414141414,-0.6060606060606061,-0.7222222222222222,-0.7222222222222222,-0.7929292929292929,-0.8232323232323232,-0.3939393939393939,-0.4898989898989899,-0.5555555555555556,-0.702020202020202,-0.6464646464646465,-0.8282828282828283,-0.7222222222222222,-0.9393939393939394,-0.2777777777777778,-0.5151515151515151,-0.36363636363636365,-0.7373737373737373,-0.398989898989899,-0.8787878787878788,-0.43434343434343436,-1.0,-0.13636363636363635,-0.5050505050505051,-0.18686868686868688,-0.6818181818181818,-0.21717171717171718,-0.797979797979798,-0.2474747474747475,-0.898989898989899
7,0.0,0.0,-0.22772277227722773,-0.024752475247524754,-0.4158415841584158,-0.1485148514851485,-0.5346534653465347,-0.30198019801980197,-0.6435643564356436,-0.4306930693069307,-0.4603960396039604,-0.4158415841584158,-0.6138613861386139,-0.6138613861386139,-0.693069306930693,-0.7277227722772277,-0.7574257425742574,-0.8366336633663366,-0.36633663366336633,-0.48514851485148514,-0.5297029702970297,-0.7029702970297029,-0.6237623762376238,-0.8316831683168316,-0.698019801980198,-0.9455445544554455,-0.24257425742574257,-0.5099009900990099,-0.33663366336633666,-0.7326732673267327,-0.3712871287128713,-0.8811881188118812,-0.400990099009901,-1.0,-0.10891089108910891,-0.5,-0.15841584158415842,-0.6782178217821783,-0.18811881188118812,-0.7920792079207921,-0.21782178217821782,-0.8960396039603961
7,0.0,0.0,-0.215311004784689,-0.03349282296650718,-0.3875598086124402,-0.1722488038277512,-0.4880382775119617,-0.3253588516746411,-0.5933014354066986,-0.4449760765550239,-0.41148325358851673,-0.44019138755980863,-0.5502392344497608,-0.6363636363636364,-0.6220095693779905,-0.7559808612440191,-0.6794258373205742,-0.861244019138756,-0.32057416267942584,-0.49760765550239233,-0.47368421052631576,-0.7177033492822966,-0.5502392344497608,-0.8564593301435407,-0.6124401913875598,-0.9712918660287081,-0.21052631578947367,-0.5119617224880383,-0.27751196172248804,-0.7368421052631579,-0.3014354066985646,-0.8803827751196173,-0.32057416267942584,-1.0,-0.08133971291866028,-0.48325358851674644,-0.12440191387559808,-0.6650717703349283,-0.14832535885167464,-0.7751196172248804,-0.17703349282296652,-0.8708133971291866
7,0.0,0.0,-0.20754716981132076,-0.03773584905660377,-0.37264150943396224,-0.1792452830188679,-0.4669811320754717,-0.330188679245283,-0.5660377358490566,-0.4528301886792453,-0.3867924528301887,-0.46226415094339623,-0.5047169811320755,-0.6650943396226415,-0.5613207547169812,-0.7877358490566038,-0.6037735849056604,-0.9009433962264151,-0.2971698113207547,-0.5141509433962265,-0.42924528301886794,-0.7311320754716981,-0.5047169811320755,-0.8726415094339622,-0.5566037735849056,-0.9952830188679245,-0.18867924528301888,-0.5188679245283019,-0.2358490566037736,-0.7405660377358491,-0.24528301886792453,-0.8820754716981132,-0.25471698113207547,-1.0,-0.06132075471698113,-0.4858490566037736,-0.08962264150943396,-0.660377358490566,-0.10377358490566038,-0.7688679245283019,-0.12735849056603774,-0.8632075471698113
7,0.0,0.0,-0.1963470319634703,-0.0547945205479452,-0.3424657534246575,-0.1917808219178082,-0.4292237442922374,-0.3424657534246575,-0.5251141552511416,-0.4657534246575342,-0.3515981735159817,-0.4657534246575342,-0.45662100456621,-0.6712328767123288,-0.5068493150684932,-0.7945205479452054,-0.5388127853881278,-0.908675799086758,-0.2602739726027397,-0.5114155251141552,-0.3789954337899543,-0.7397260273972602,-0.4474885844748858,-0.8767123287671232,-0.4885844748858447,-1.0,-0.1506849315068493,-0.5159817351598174,-0.1963470319634703,-0.7351598173515982,-0.2009132420091324,-0.867579908675799,-0.2054794520547945,-0.9817351598173516,-0.0319634703196347,-0.4794520547945205,-0.0547945205479452,-0.6484018264840182,-0.0639269406392694,-0.7579908675799086,-0.0821917808219178,-0.8493150684931506
7,0.0,0.0,-0.18666666666666668,-0.057777777777777775,-0.3288888888888889,-0.2,-0.41333333333333333,-0.3511111111111111,-0.49777777777777776,-0.48444444444444446,-0.3333333333333333,-0.4577777777777778,-0.4311111111111111,-0.6577777777777778,-0.48,-0.7777777777777778,-0.5155555555555555,-0.8888888888888888,-0.24,-0.5111111111111111,-0.3511111111111111,-0.7333333333333333,-0.4088888888888889,-0.8755555555555555,-0.4533333333333333,-1.0,-0.13777777777777778,-0.5111111111111111,-0.1688888888888889,-0.7288888888888889,-0.16444444444444445,-0.8622222222222222,-0.16444444444444445,-0.9777777777777777,-0.017777777777777778,-0.47555555555555556,-0.03111111111111111,-0.6444444444444445,-0.035555555555555556,-0.7466666666666667,-0.04888888888888889,-0.84
7,0.0,0.0,-0.18666666666666668,-0.057777777777777775,-0.3333333333333333,-0.2,-0.41333333333333333,-0.35555555555555557,-0.4888888888888889,-0.49333333333333335,-0.3244444444444444,-0.4666666666666667,-0.4177777777777778,-0.6711111111111111,-0.4622222222222222,-0.7911111111111111,-0.4888888888888889,-0.8977777777777778,-0.2311111111111111,-0.5155555555555555,-0.3333333333333333,-0.7422222222222222,-0.38666666666666666,-0.88,-0.4222222222222222,-1.0,-0.1288888888888889,-0.5155555555555555,-0.1511111111111111,-0.7333333333333333,-0.14222222222222222,-0.8711111111111111,-0.13777777777777778,-0.9866666666666667,-0.013333333333333334,-0.47555555555555556,-0.017777777777777778,-0.64,-0.017777777777777778,-0.7422222222222222,-0.02666666666666667,-0.8355555555555556
7,0.0,0.0,-0.17467248908296942,-0.06986899563318777,-0.31004366812227074,-0.22270742358078602,-0.38427947598253276,-0.37554585152838427,-0.4585152838427948,-0.5109170305676856,-0.2925764192139738,-0.48034934497816595,-0.37117903930131,-0.6855895196506551,-0.40611353711790393,-0.8034934497816594,-0.43231441048034935,-0.9082969432314411,-0.20087336244541484,-0.5240174672489083,-0.2838427947598253,-0.7467248908296943,-0.32751091703056767,-0.8820960698689956,-0.3537117903930131,-1.0,-0.10043668122270742,-0.519650655021834,-0.11790393013100436,-0.7336244541484717,-0.10480349344978165,-0.8602620087336245,-0.10043668122270742,-0.9694323144104804,0.008733624454148471,-0.4759825327510917,0.004366812227074236,-0.6419213973799127,0.013100436681222707,-0.74235807860262,0.008733624454148471,-0.834061135371179
7,0.0,0.0,-0.1645021645021645,-0.06926406926406926,-0.29004329004329005,-0.22077922077922077,-0.3593073593073593,-0.3722943722943723,-0.4199134199134199,-0.5151515151515151,-0.27705627705627706,-0.4805194805194805,-0.3593073593073593,-0.6796536796536796,-0.39826839826839827,-0.7965367965367965,-0.42424242424242425,-0.9047619047619048,-0.1774891774891775,-0.5194805194805194,-0.2510822510822511,-0.7445887445887446,-0.2857142857142857,-0.8787878787878788,-0.3116883116883117,-1.0,-0.0735930735930736,-0.5108225108225108,-0.07792207792207792,-0.7272727272727273,-0.06060606060606061,-0.8571428571428571,-0.05194805194805195,-0.9696969696969697,0.03896103896103896,-0.46320346320346323,0.04329004329004329,-0.6277056277056277,0.05194805194805195,-0.7272727272727273,0.05194805194805195,-0.8181818181818182
7,0.0,0.0,-0.1574468085106383,-0.07659574468085106,-0.2723404255319149,-0.2297872340425532,-0.33191489361702126,-0.3829787234042553,-0.3872340425531915,-0.5276595744680851,-0.23829787234042554,-0.4808510638297872,-0.3191489361702128,-0.6851063829787234,-0.35319148936170214,-0.8042553191489362,-0.37446808510638296,-0.9148936170212766,-0.14468085106382977,-0.5191489361702127,-0.2127659574468085,-0.7446808510638298,-0.2425531914893617,-0.8808510638297873,-0.26382978723404255,-1.0,-0.0425531914893617,-0.5106382978723404,-0.03829787234042553,-0.723404255319149,-0.01276595744680851,-0.851063829787234,0.0,-0.9617021276595744,0.06382978723404255,-0.4595744680851064,0.07234042553191489,-0.6212765957446809,0.0851063829787234,-0.7191489361702128,0.08936170212765958,-0.8085106382978723
7,0.0,0.0,-0.14767932489451477,-0.08438818565400844,-0.2616033755274262,-0.2320675105485232,-0.31645569620253167,-0.38396624472573837,-0.35864978902953587,-0.5316455696202531,-0.22362869198312235,-0.4810126582278481,-0.2911392405063291,-0.6751054852320675,-0.31645569620253167,-0.7890295358649789,-0.32489451476793246,-0.8987341772151899,-0.12658227848101267,-0.5189873417721519,-0.18565400843881857,-0.7426160337552743,-0.2109704641350211,-0.8776371308016878,-0.22784810126582278,-1.0,-0.02531645569620253,-0.5063291139240507,-0.008438818565400843,-0.7172995780590717,0.02109704641350211,-0.8438818565400844,0.04219409282700422,-0.9578059071729957,0.0759493670886076,-0.45569620253164556,0.10126582278481013,-0.6118143459915611,0.11814345991561181,-0.7088607594936709,0.12236286919831224,-0.8016877637130801
7,0.0,0.0,-0.14285714285714285,-0.08403361344537816,-0.24789915966386555,-0.23529411764705882,-0.29831932773109243,-0.3865546218487395,-0.3319327731092437,-0.5294117647058824,-0.20168067226890757,-0.4831932773109244,-0.25630252100840334,-0.6764705882352942,-0.2773109243697479,-0.7899159663865546,-0.2815126050420168,-0.8949579831932774,-0.10504201680672269,-0.5210084033613446,-0.15966386554621848,-0.7436974789915967,-0.18067226890756302,-0.8781512605042017,-0.18907563025210083,-1.0,-0.004201680672268907,-0.5042016806722689,0.02100840336134454,-0.7100840336134454,0.058823529411764705,-0.8319327731092437,0.08403361344537816,-0.9411764705882353,0.09663865546218488,-0.44537815126050423,0.13025210084033614,-0.6050420168067226,0.15546218487394958,-0.6974789915966386,0.16806722689075632,-0.7815126050420168
7,0.0,0.0,-0.14285714285714285,-0.08403361344537816,-0.24789915966386555,-0.23949579831932774,-0.29411764705882354,-0.3865546218487395,-0.3235294117647059,-0.5252100840336135,-0.20168067226890757,-0.49159663865546216,-0.24789915966386555,-0.6848739495798319,-0.2647058823529412,-0.8025210084033614,-0.2605042016806723,-0.9033613445378151,-0.10504201680672269,-0.5252100840336135,-0.15126050420168066,-0.7478991596638656,-0.16806722689075632,-0.8823529411764706,-0.1722689075630252,-1.0,-0.004201680672268907,-0.5042016806722689,0.037815126050420166,-0.7058823529411765,0.07563025210084033,-0.8277310924369747,0.10084033613445378,-0.9369747899159664,0.09663865546218488,-0.44537815126050423,0.14285714285714285,-0.5966386554621849,0.1722689075630252,-0.6848739495798319,0.18487394957983194,-0.7689075630252101
7,0.0,0.0,-0.14644351464435146,-0.08368200836820083,-0.24686192468619247,-0.24267782426778242,-0.2928870292887029,-0.39748953974895396,-0.3263598326359833,-0.5397489539748954,-0.19665271966527198,-0.49372384937238495,-0.24686192468619247,-0.6903765690376569,-0.2594142259414226,-0.803347280334728,-0.25523012552301255,-0.9079497907949791,-0.100418410041841,-0.5230125523012552,-0.15481171548117154,-0.7489539748953975,-0.16736401673640167,-0.8828451882845189,-0.16736401673640167,-1.0,0.0,-0.502092050209205,0.03347280334728033,-0.7071129707112971,0.07531380753138076,-0.8284518828451883,0.1087866108786611,-0.9330543933054394,0.100418410041841,-0.4435146443514644,0.1506276150627615,-0.5941422594142259,0.1799163179916318,-0.6820083682008368,0.19665271966527198,-0.7656903765690377
7,0.0,0.0,-0.14583333333333334,-0.0875,-0.24166666666666667,-0.24583333333333332,-0.2875,-0.3958333333333333,-0.3125,-0.5375,-0.1875,-0.49583333333333335,-0.22916666666666666,-0.6916666666666667,-0.2375,-0.8041666666666667,-0.23333333333333334,-0.9041666666666667,-0.09166666666666666,-0.525,-0.12916666666666668,-0.75,-0.14166666666666666,-0.8833333333333333,-0.14166666666666666,-1.0,0.008333333333333333,-0.5,0.05416666666666667,-0.7041666666666667,0.09583333333333334,-0.825,0.125,-0.9291666666666667,0.10416666666666667,-0.43333333333333335,0.1625,-0.5875,0.19583333333333333,-0.675,0.21666666666666667,-0.7541666666666667
7,0.0,0.0,-0.13692946058091288,-0.08713692946058091,-0.23236514522821577,-0.24481327800829875,-0.27800829875518673,-0.3941908713692946,-0.3029045643153527,-0.5269709543568465,-0.17012448132780084,-0.49377593360995853,-0.21161825726141079,-0.6929460580912863,-0.21991701244813278,-0.8091286307053942,-0.21991701244813278,-0.9087136929460581,-0.07053941908713693,-0.5186721991701245,-0.11203319502074689,-0.7468879668049793,-0.12033195020746888,-0.8838174273858921,-0.12448132780082988,-1.0,0.024896265560165973,-0.49377593360995853,0.07468879668049792,-0.6970954356846473,0.11618257261410789,-0.8215767634854771,0.14522821576763487,-0.9294605809128631,0.11618257261410789,-0.42738589211618255,0.17012448132780084,-0.5767634854771784,0.2033195020746888,-0.6680497925311203,0.21991701244813278,-0.7510373443983402
7,0.0,0.0,-0.13636363636363635,-0.09090909090909091,-0.2231404958677686,-0.25206611570247933,-0.256198347107438,-0.39669421487603307,-0.2809917355371901,-0.5247933884297521,-0.15702479338842976,-0.5,-0.19421487603305784,-0.6983471074380165,-0.2024793388429752,-0.8140495867768595,-0.2024793388429752,-0.9173553719008265,-0.05785123966942149,-0.5206611570247934,-0.08677685950413223,-0.7479338842975206,-0.09504132231404959,-0.8842975206611571,-0.09504132231404959,-1.0,0.04132231404958678,-0.49173553719008267,0.09504132231404959,-0.6900826446280992,0.13636363636363635,-0.8140495867768595,0.1652892561983471,-0.9214876033057852,0.1322314049586777,-0.4256198347107438,0.1859504132231405,-0.5702479338842975,0.21487603305785125,-0.6611570247933884,0.23140495867768596,-0.743801652892562
7,0.0,0.0,-0.13991769547325103,-0.09465020576131687,-0.23045267489711935,-0.24691358024691357,-0.2716049382716049,-0.3991769547325103,-0.29218106995884774,-0.5390946502057613,-0.16872427983539096,-0.49382716049382713,-0.205761316872428,-0.6954732510288066,-0.2139917695473251,-0.8106995884773662,-0.20987654320987653,-0.9135802469135802,-0.06995884773662552,-0.522633744855967,-0.09876543209876543,-0.7489711934156379,-0.10699588477366255,-0.8847736625514403,-0.10699588477366255,-1.0,0.02880658436213992,-0.49382716049382713,0.0823045267489712,-0.691358024691358,0.12757201646090535,-0.8148148148148148,0.16049382716049382,-0.9218106995884774,0.11934156378600823,-0.4279835390946502,0.17695473251028807,-0.5720164609053497,0.20987654320987653,-0.6625514403292181,0.22633744855967078,-0.7448559670781894
7,0.0,0.0,-0.14227642276422764,-0.09349593495934959,-0.23170731707317074,-0.25203252032520324,-0.26422764227642276,-0.4024390243902439,-0.2886178861788618,-0.5365853658536586,-0.16666666666666666,-0.4959349593495935,-0.2032520325203252,-0.6910569105691057,-0.21138211382113822,-0.8089430894308943,-0.2073170731707317,-0.9105691056910569,-0.06504065040650407,-0.524390243902439,-0.0975609756097561,-0.7479674796747967,-0.1016260162601626,-0.8861788617886179,-0.10569105691056911,-1.0,0.036585365853658534,-0.5,0.08536585365853659,-0.6991869918699187,0.13008130081300814,-0.8211382113821138,0.15853658536585366,-0.926829268292683,0.13008130081300814,-0.4349593495934959,0.17886178861788618,-0.5813008130081301,0.2073170731707317,-0.6666666666666666,0.21951219512195122,-0.7479674796747967
7,0.0,0.0,-0.13934426229508196,-0.09016393442622951,-0.2336065573770492,-0.2459016393442623,-0.27049180327868855,-0.4016393442622951,-0.29508196721311475,-0.5409836065573771,-0.1762295081967213,-0.4918032786885246,-0.20901639344262296,-0.6967213114754098,-0.21311475409836064,-0.8155737704918032,-0.20901639344262296,-0.9180327868852459,-0.06967213114754098,-0.5204918032786885,-0.09836065573770492,-0.7459016393442623,-0.10655737704918032,-0.8852459016393442,-0.11065573770491803,-1.0,0.03278688524590164,-0.4959016393442623,0.08196721311475409,-0.6967213114754098,0.12295081967213115,-0.819672131147541,0.15163934426229508,-0.9262295081967213,0.12704918032786885,-0.4344262295081967,0.1762295081967213,-0.5778688524590164,0.20491803278688525,-0.6680327868852459,0.22131147540983606,-0.7540983606557377
7,0.0,0.0,-0.13877551020408163,-0.09387755102040816,-0.22857142857142856,-0.24897959183673468,-0.27346938775510204,-0.4,-0.2979591836734694,-0.5346938775510204,-0.17959183673469387,-0.49795918367346936,-0.2163265306122449,-0.6979591836734694,-0.22448979591836735,-0.8163265306122449,-0.22040816326530613,-0.9183673469387755,-0.07346938775510205,-0.5265306122448979,-0.10612244897959183,-0.746938775510204,-0.11428571428571428,-0.8857142857142857,-0.11836734693877551,-1.0,0.02857142857142857,-0.5020408163265306,0.07755102040816327,-0.7020408163265306,0.11836734693877551,-0.8285714285714286,0.14285714285714285,-0.9346938775510204,0.12653061224489795,-0.43673469387755104,0.17551020408163265,-0.5877551020408164,0.2,-0.6775510204081633,0.21224489795918366,-0.763265306122449
7,0.0,0.0,-0.13765182186234817,-0.08906882591093117,-0.23076923076923078,-0.24696356275303644,-0.27530364372469635,-0.3967611336032389,-0.3117408906882591,-0.5344129554655871,-0.1862348178137652,-0.4939271255060729,-0.22267206477732793,-0.6882591093117408,-0.23481781376518218,-0.805668016194332,-0.23076923076923078,-0.9109311740890689,-0.08502024291497975,-0.5222672064777328,-0.1214574898785425,-0.7489878542510121,-0.13360323886639677,-0.8825910931174089,-0.13765182186234817,-1.0,0.016194331983805668,-0.5020242914979757,0.06072874493927125,-0.7044534412955465,0.10121457489878542,-0.8259109311740891,0.1214574898785425,-0.9352226720647774,0.11336032388663968,-0.44534412955465585,0.16194331983805668,-0.5910931174089069,0.1862348178137652,-0.680161943319838,0.19838056680161945,-0.7651821862348178
7,0.0,0.0,-0.1346938775510204,-0.08571428571428572,-0.23673469387755103,-0.23673469387755103,-0.2857142857142857,-0.3877551020408163,-0.3142857142857143,-0.5265306122448979,-0.19183673469387755,-0.49387755102040815,-0.23265306122448978,-0.6938775510204082,-0.24489795918367346,-0.8122448979591836,-0.24489795918367346,-0.9142857142857143,-0.08979591836734693,-0.5224489795918368,-0.1306122448979592,-0.7510204081632653,-0.14285714285714285,-0.8857142857142857,-0.1510204081632653,-1.0,0.012244897959183673,-0.5061224489795918,0.053061224489795916,-0.7061224489795919,0.09387755102040816,-0.8285714285714286,0.11428571428571428,-0.9346938775510204,0.11020408163265306,-0.4448979591836735,0.15918367346938775,-0.5918367346938775,0.18775510204081633,-0.6816326530612244,0.2,-0.763265306122449
7,0.0,0.0,-0.1440329218106996,-0.0823045267489712,-0.24691358024691357,-0.23868312757201646,-0.2962962962962963,-0.39094650205761317,-0.3333333333333333,-0.5308641975308642,-0.20164609053497942,-0.49794238683127573,-0.24691358024691357,-0.6995884773662552,-0.25925925925925924,-0.8148148148148148,-0.25925925925925924,-0.9176954732510288,-0.09876543209876543,-0.5308641975308642,-0.14814814814814814,-0.7530864197530864,-0.1646090534979424,-0.8847736625514403,-0.1728395061728395,-1.0,0.0,-0.5102880658436214,0.037037037037037035,-0.7160493827160493,0.07407407407407407,-0.8395061728395061,0.09465020576131687,-0.9423868312757202,0.102880658436214,-0.45267489711934156,0.1440329218106996,-0.6049382716049383,0.1728395061728395,-0.6954732510288066,0.18106995884773663,-0.7777777777777778
7,0.0,0.0,-0.1487603305785124,-0.08264462809917356,-0.25206611570247933,-0.23553719008264462,-0.30165289256198347,-0.3884297520661157,-0.3347107438016529,-0.5289256198347108,-0.2066115702479339,-0.5,-0.25206611570247933,-0.7024793388429752,-0.26859504132231404,-0.8140495867768595,-0.26859504132231404,-0.9173553719008265,-0.10743801652892562,-0.5330578512396694,-0.16115702479338842,-0.756198347107438,-0.17768595041322313,-0.8884297520661157,-0.1859504132231405,-1.0,-0.004132231404958678,-0.5165289256198347,0.03305785123966942,-0.71900826446281,0.07024793388429752,-0.8429752066115702,0.09504132231404959,-0.9504132231404959,0.09504132231404959,-0.45867768595041325,0.14049586776859505,-0.6157024793388429,0.16942148760330578,-0.7066115702479339,0.17768595041322313,-0.7892561983471075
7,0.0,0.0,-0.15352697095435686,-0.08298755186721991,-0.2572614107883817,-0.23651452282157676,-0.3070539419087137,-0.3941908713692946,-0.34439834024896265,-0.5311203319502075,-0.21991701244813278,-0.49377593360995853,-0.27385892116182575,-0.6929460580912863,-0.29045643153526973,-0.8091286307053942,-0.2946058091286307,-0.9087136929460581,-0.12033195020746888,-0.5311203319502075,-0.17427385892116182,-0.7551867219917012,-0.1908713692946058,-0.8879668049792531,-0.2033195020746888,-1.0,-0.016597510373443983,-0.5145228215767634,0.02074688796680498,-0.7178423236514523,0.058091286307053944,-0.8423236514522822,0.07883817427385892,-0.9543568464730291,0.08713692946058091,-0.45643153526970953,0.12863070539419086,-0.6141078838174274,0.15352697095435686,-0.7095435684647303,0.16597510373443983,-0.7925311203319502
7,0.0,0.0,-0.15,-0.0875,-0.25416666666666665,-0.24166666666666667,-0.30833333333333335,-0.39166666666666666,-0.3541666666666667,-0.5291666666666667,-0.21666666666666667,-0.49166666666666664,-0.2791666666666667,-0.6875,-0.30416666666666664,-0.8,-0.3125,-0.9041666666666667,-0.11666666666666667,-0.5291666666666667,-0.18333333333333332,-0.75,-0.20416666666666666,-0.8833333333333333,-0.22083333333333333,-1.0,-0.016666666666666666,-0.5125,0.016666666666666666,-0.7166666666666667,0.05416666666666667,-0.8416666666666667,0.075,-0.9541666666666667,0.0875,-0.4583333333333333,0.12916666666666668,-0.6166666666666667,0.15416666666666667,-0.7125,0.1625,-0.8041666666666667
7,0.0,0.0,-0.15481171548117154,-0.0794979079497908,-0.26359832635983266,-0.2301255230125523,-0.32217573221757323,-0.3807531380753138,-0.3723849372384937,-0.5188284518828452,-0.2384937238493724,-0.48535564853556484,-0.29707112970711297,-0.6820083682008368,-0.32217573221757323,-0.7949790794979079,-0.33472803347280333,-0.899581589958159,-0.13807531380753138,-0.5271966527196653,-0.200836820083682,-0.7489539748953975,-0.22594142259414227,-0.8828451882845189,-0.24267782426778242,-1.0,-0.03347280334728033,-0.5104602510460251,-0.0041841004184100415,-0.7196652719665272,0.029288702928870293,-0.8451882845188284,0.0502092050209205,-0.9539748953974896,0.07112970711297072,-0.4602510460251046,0.11297071129707113,-0.6192468619246861,0.13807531380753138,-0.7154811715481172,0.1506276150627615,-0.799163179916318
7,0.0,0.0,-0.1625,-0.07083333333333333,-0.275,-0.22083333333333333,-0.3333333333333333,-0.37916666666666665,-0.38333333333333336,-0.5208333333333334,-0.25416666666666665,-0.475,-0.31666666666666665,-0.675,-0.3416666666666667,-0.7916666666666666,-0.35,-0.9,-0.15416666666666667,-0.5208333333333334,-0.22083333333333333,-0.75,-0.24583333333333332,-0.8833333333333333,-0.2625,-1.0,-0.04583333333333333,-0.5125,-0.020833333333333332,-0.7208333333333333,0.016666666666666666,-0.8458333333333333,0.03333333333333333,-0.9541666666666667,0.0625,-0.4666666666666667,0.09583333333333334,-0.6291666666666667,0.12083333333333333,-0.7208333333333333,0.13333333333333333,-0.8
7,0.0,0.0,-0.15966386554621848,-0.07142857142857142,-0.27310924369747897,-0.22268907563025211,-0.3319327731092437,-0.37815126050420167,-0.3865546218487395,-0.5168067226890757,-0.2605042016806723,-0.4789915966386555,-0.31932773109243695,-0.6764705882352942,-0.3445378151260504,-0.7899159663865546,-0.35294117647058826,-0.8949579831932774,-0.15966386554621848,-0.5210084033613446,-0.22268907563025211,-0.7478991596638656,-0.24369747899159663,-0.8823529411764706,-0.2605042016806723,-1.0,-0.0546218487394958,-0.5168067226890757,-0.02100840336134454,-0.7226890756302521,0.01680672268907563,-0.8445378151260504,0.037815126050420166,-0.9537815126050421,0.0546218487394958,-0.46638655462184875,0.09663865546218488,-0.6302521008403361,0.12605042016806722,-0.7184873949579832,0.13865546218487396,-0.7983193277310925
7,0.0,0.0,-0.15481171548117154,-0.06694560669456066,-0.2719665271966527,-0.21338912133891214,-0.3305439330543933,-0.3598326359832636,-0.3891213389121339,-0.497907949790795,-0.26359832635983266,-0.4686192468619247,-0.3263598326359833,-0.6652719665271967,-0.3514644351464435,-0.7824267782426778,-0.36401673640167365,-0.8870292887029289,-0.16317991631799164,-0.5146443514644351,-0.22594142259414227,-0.7405857740585774,-0.2510460251046025,-0.8786610878661087,-0.26778242677824265,-1.0,-0.05439330543933055,-0.5104602510460251,-0.029288702928870293,-0.7154811715481172,0.008368200836820083,-0.8410041841004184,0.03347280334728033,-0.9497907949790795,0.05439330543933055,-0.46443514644351463,0.08786610878661087,-0.6276150627615062,0.11715481171548117,-0.7154811715481172,0.13389121338912133,-0.7949790794979079
7,0.0,0.0,-0.15352697095435686,-0.07468879668049792,-0.26556016597510373,-0.21991701244813278,-0.3236514522821577,-0.36929460580912865,-0.37344398340248963,-0.5062240663900415,-0.24896265560165975,-0.46887966804979253,-0.31950207468879666,-0.6680497925311203,-0.34439834024896265,-0.7842323651452282,-0.35269709543568467,-0.8921161825726142,-0.14937759336099585,-0.5145228215767634,-0.2157676348547718,-0.7427385892116183,-0.24066390041493776,-0.8796680497925311,-0.2572614107883817,-1.0,-0.04564315352697095,-0.5062240663900415,-0.02074688796680498,-0.7136929460580913,0.016597510373443983,-0.8423236514522822,0.03734439834024896,-0.950207468879668,0.058091286307053944,-0.46473029045643155,0.08713692946058091,-0.6265560165975104,0.11618257261410789,-0.7178423236514523,0.13278008298755187,-0.7966804979253111
7,0.0,0.0,-0.15352697095435686,-0.07883817427385892,-0.26141078838174275,-0.22821576763485477,-0.31950207468879666,-0.37344398340248963,-0.37344398340248963,-0.5103734439834025,-0.23236514522821577,-0.47717842323651455,-0.3029045643153527,-0.6721991701244814,-0.33195020746887965,-0.7883817427385892,-0.34439834024896265,-0.8962655601659751,-0.13692946058091288,-0.5186721991701245,-0.2074688796680498,-0.7427385892116183,-0.23651452282157676,-0.8796680497925311,-0.2572614107883817,-1.0,-0.03734439834024896,-0.5103734439834025,-0.016597510373443983,-0.7178423236514523,0.012448132780082987,-0.8423236514522822,0.03319502074688797,-0.950207468879668,0.06639004149377593,-0.4605809128630705,0.0912863070539419,-0.6182572614107884,0.12033195020746888,-0.7136929460580913,0.13692946058091288,-0.7925311203319502
7,0.0,0.0,-0.15481171548117154,-0.07531380753138076,-0.26778242677824265,-0.22594142259414227,-0.3305439330543933,-0.3723849372384937,-0.38493723849372385,-0.5104602510460251,-0.24686192468619247,-0.4769874476987448,-0.3179916317991632,-0.6694560669456067,-0.34309623430962344,-0.7866108786610879,-0.3514644351464435,-0.891213389121339,-0.1506276150627615,-0.5230125523012552,-0.2175732217573222,-0.7447698744769874,-0.24267782426778242,-0.8828451882845189,-0.2594142259414226,-1.0,-0.0502092050209205,-0.5146443514644351,-0.029288702928870293,-0.7196652719665272,0.0041841004184100415,-0.8451882845188284,0.02510460251046025,-0.9539748953974896,0.05439330543933055,-0.46443514644351463,0.08368200836820083,-0.6276150627615062,0.1087866108786611,-0.7196652719665272,0.11715481171548117,-0.799163179916318
7,0.0,0.0,-0.15611814345991562,-0.08016877637130802,-0.270042194092827,-0.22784810126582278,-0.3333333333333333,-0.3755274261603376,-0.38396624472573837,-0.5189873417721519,-0.24472573839662448,-0.48523206751054854,-0.31645569620253167,-0.679324894514768,-0.3459915611814346,-0.7932489451476793,-0.3628691983122363,-0.8987341772151899,-0.14767932489451477,-0.5232067510548524,-0.21518987341772153,-0.7468354430379747,-0.24472573839662448,-0.8818565400843882,-0.26582278481012656,-1.0,-0.04219409282700422,-0.5147679324894515,-0.02531645569620253,-0.7215189873417721,0.004219409282700422,-0.8481012658227848,0.02109704641350211,-0.9578059071729957,0.05907172995780591,-0.4641350210970464,0.08438818565400844,-0.6244725738396625,0.10970464135021098,-0.7172995780590717,0.12236286919831224,-0.7974683544303798
7,0.0,0.0,-0.15481171548117154,-0.07531380753138076,-0.2719665271966527,-0.2217573221757322,-0.3389121338912134,-0.3682008368200837,-0.39748953974895396,-0.5104602510460251,-0.2510460251046025,-0.4769874476987448,-0.3305439330543933,-0.6736401673640168,-0.36401673640167365,-0.7907949790794979,-0.38493723849372385,-0.899581589958159,-0.1589958158995816,-0.5230125523012552,-0.2301255230125523,-0.7447698744769874,-0.26359832635983266,-0.8828451882845189,-0.28451882845188287,-1.0,-0.058577405857740586,-0.5146443514644351,-0.04602510460251046,-0.7154811715481172,-0.016736401673640166,-0.8451882845188284,0.0,-0.9539748953974896,0.04184100418410042,-0.46443514644351463,0.06276150627615062,-0.6192468619246861,0.08368200836820083,-0.7154811715481172,0.09623430962343096,-0.799163179916318
7,0.0,0.0,-0.16101694915254236,-0.07627118644067797,-0.2796610169491525,-0.2245762711864407,-0.3474576271186441,-0.3728813559322034,-0.4067796610169492,-0.5127118644067796,-0.2542372881355932,-0.4788135593220339,-0.3347457627118644,-0.6694915254237288,-0.3728813559322034,-0.788135593220339,-0.3940677966101695,-0.8940677966101694,-0.16101694915254236,-0.5211864406779662,-0.2330508474576271,-0.7415254237288136,-0.2669491525423729,-0.8813559322033898,-0.288135593220339,-1.0,-0.0635593220338983,-0.5127118644067796,-0.05508474576271186,-0.7161016949152542,-0.029661016949152543,-0.8432203389830508,-0.012711864406779662,-0.9576271186440678,0.038135593220338986,-0.461864406779661,0.059322033898305086,-0.6228813559322034,0.08050847457627118,-0.7203389830508474,0.09322033898305085,-0.8050847457627118
7,0.0,0.0,-0.17094017094017094,-0.06837606837606838,-0.2948717948717949,-0.21794871794871795,-0.36324786324786323,-0.3717948717948718,-0.4230769230769231,-0.5128205128205128,-0.2692307692307692,-0.4829059829059829,-0.3547008547008547,-0.6794871794871795,-0.39316239316239315,-0.7948717948717948,-0.41452991452991456,-0.9017094017094017,-0.1752136752136752,-0.5256410256410257,-0.25213675213675213,-0.7478632478632479,-0.2905982905982906,-0.8846153846153846,-0.3162393162393162,-1.0,-0.07264957264957266,-0.5170940170940171,-0.07692307692307693,-0.7264957264957265,-0.05128205128205128,-0.8547008547008547,-0.038461538461538464,-0.9658119658119658,0.03418803418803419,-0.4700854700854701,0.04700854700854701,-0.6324786324786325,0.0641025641025641,-0.7264957264957265,0.07264957264957266,-0.811965811965812
7,0.0,0.0,-0.16738197424892703,-0.06437768240343347,-0.296137339055794,-0.21030042918454936,-0.36909871244635195,-0.3648068669527897,-0.4334763948497854,-0.5107296137339056,-0.27896995708154504,-0.4721030042918455,-0.3648068669527897,-0.6695278969957081,-0.4034334763948498,-0.7854077253218884,-0.4291845493562232,-0.8927038626609443,-0.18454935622317598,-0.5236051502145923,-0.26609442060085836,-0.7467811158798283,-0.30472103004291845,-0.8798283261802575,-0.33047210300429186,-1.0,-0.0815450643776824,-0.51931330472103,-0.0815450643776824,-0.7253218884120172,-0.060085836909871244,-0.8540772532188842,-0.04721030042918455,-0.9656652360515021,0.02575107296137339,-0.4721030042918455,0.03862660944206009,-0.630901287553648,0.060085836909871244,-0.7253218884120172,0.06866952789699571,-0.8068669527896996
7,0.0,0.0,-0.16883116883116883,-0.06926406926406926,-0.30303030303030304,-0.21212121212121213,-0.3722943722943723,-0.3593073593073593,-0.43722943722943725,-0.5021645021645021,-0.2857142857142857,-0.47186147186147187,-0.37662337662337664,-0.670995670995671,-0.4199134199134199,-0.7878787878787878,-0.44155844155844154,-0.8961038961038961,-0.18614718614718614,-0.5194805194805194,-0.27705627705627706,-0.7445887445887446,-0.31601731601731603,-0.8831168831168831,-0.3463203463203463,-1.0,-0.08225108225108226,-0.5151515151515151,-0.09090909090909091,-0.7272727272727273,-0.06926406926406926,-0.8571428571428571,-0.05627705627705628,-0.9696969696969697,0.025974025974025976,-0.4675324675324675,0.03463203463203463,-0.6277056277056277,0.047619047619047616,-0.7272727272727273,0.05627705627705628,-0.8138528138528138
7,0.0,0.0,-0.17391304347826086,-0.06521739130434782,-0.30869565217391304,-0.20869565217391303,-0.3869565217391304,-0.36086956521739133,-0.45652173913043476,-0.5043478260869565,-0.2956521739130435,-0.46956521739130436,-0.3869565217391304,-0.6695652173913044,-0.4260869565217391,-0.7869565217391304,-0.44782608695652176,-0.8956521739130435,-0.2,-0.5173913043478261,-0.2956521739130435,-0.7434782608695653,-0.3391304347826087,-0.8826086956521739,-0.3695652173913043,-1.0,-0.09565217391304348,-0.5130434782608696,-0.10434782608695652,-0.7217391304347827,-0.0782608695652174,-0.8521739130434782,-0.06521739130434782,-0.9652173913043478,0.013043478260869565,-0.4652173913043478,0.021739130434782608,-0.6260869565217392,0.034782608695652174,-0.7260869565217392,0.0391304347826087,-0.8130434782608695
7,0.0,0.0,-0.17467248908296942,-0.0611353711790393,-0.31004366812227074,-0.20087336244541484,-0.38427947598253276,-0.3537117903930131,-0.45414847161572053,-0.4978165938864629,-0.29694323144104806,-0.4672489082969432,-0.388646288209607,-0.6681222707423581,-0.4366812227074236,-0.7816593886462883,-0.462882096069869,-0.8908296943231441,-0.20087336244541484,-0.519650655021834,-0.29694323144104806,-0.74235807860262,-0.3406113537117904,-0.8777292576419214,-0.37554585152838427,-1.0,-0.09606986899563319,-0.5152838427947598,-0.1091703056768559,-0.7292576419213974,-0.09170305676855896,-0.8558951965065502,-0.07860262008733625,-0.9694323144104804,0.013100436681222707,-0.4759825327510917,0.021834061135371178,-0.6331877729257642,0.034934497816593885,-0.7292576419213974,0.039301310043668124,-0.8165938864628821
7,0.0,0.0,-0.17467248908296942,-0.06550218340611354,-0.31004366812227074,-0.2052401746724891,-0.3930131004366812,-0.35807860262008734,-0.4672489082969432,-0.4978165938864629,-0.29694323144104806,-0.4672489082969432,-0.388646288209607,-0.6593886462882096,-0.4366812227074236,-0.7729257641921398,-0.47161572052401746,-0.8820960698689956,-0.2052401746724891,-0.519650655021834,-0.30131004366812225,-0.74235807860262,-0.34934497816593885,-0.8777292576419214,-0.388646288209607,-1.0,-0.10043668122270742,-0.5152838427947598,-0.11353711790393013,-0.7292576419213974,-0.09606986899563319,-0.8558951965065502,-0.08296943231441048,-0.9694323144104804,0.008733624454148471,-0.47161572052401746,0.017467248908296942,-0.6331877729257642,0.026200873362445413,-0.7336244541484717,0.03056768558951965,-0.8253275109170306
7,0.0,0.0,-0.18141592920353983,-0.061946902654867256,-0.3230088495575221,-0.19911504424778761,-0.40707964601769914,-0.3495575221238938,-0.4823008849557522,-0.48672566371681414,-0.30973451327433627,-0.4646017699115044,-0.40707964601769914,-0.672566371681416,-0.4557522123893805,-0.7876106194690266,-0.48672566371681414,-0.8982300884955752,-0.21238938053097345,-0.5176991150442478,-0.3141592920353982,-0.7433628318584071,-0.3672566371681416,-0.8805309734513275,-0.4026548672566372,-1.0,-0.10619469026548672,-0.5176991150442478,-0.11946902654867257,-0.7300884955752213,-0.10619469026548672,-0.8672566371681416,-0.09734513274336283,-0.9778761061946902,0.008849557522123894,-0.47345132743362833,0.017699115044247787,-0.6371681415929203,0.035398230088495575,-0.7389380530973452,0.035398230088495575,-0.831858407079646
7,0.0,0.0,-0.18141592920353983,-0.061946902654867256,-0.3230088495575221,-0.19911504424778761,-0.41150442477876104,-0.34513274336283184,-0.49557522123893805,-0.4778761061946903,-0.3053097345132743,-0.4646017699115044,-0.40707964601769914,-0.668141592920354,-0.4557522123893805,-0.7831858407079646,-0.48672566371681414,-0.8893805309734514,-0.2079646017699115,-0.5176991150442478,-0.30973451327433627,-0.7433628318584071,-0.36283185840707965,-0.8805309734513275,-0.4026548672566372,-1.0,-0.09734513274336283,-0.5132743362831859,-0.11504424778761062,-0.7256637168141593,-0.10176991150442478,-0.8584070796460177,-0.09292035398230089,-0.9690265486725663,0.017699115044247787,-0.4690265486725664,0.030973451327433628,-0.6327433628318584,0.04424778761061947,-0.7345132743362832,0.048672566371681415,-0.827433628318584
7,0.0,0.0,-0.18584070796460178,-0.061946902654867256,-0.3407079646017699,-0.19469026548672566,-0.43805309734513276,-0.3407079646017699,-0.5309734513274337,-0.47345132743362833,-0.30973451327433627,-0.46017699115044247,-0.41150442477876104,-0.6637168141592921,-0.46017699115044247,-0.7787610619469026,-0.4911504424778761,-0.8893805309734514,-0.2079646017699115,-0.5132743362831859,-0.3141592920353982,-0.7433628318584071,-0.3672566371681416,-0.8805309734513275,-0.4026548672566372,-1.0,-0.10176991150442478,-0.5132743362831859,-0.11946902654867257,-0.7345132743362832,-0.10619469026548672,-0.8716814159292036,-0.10176991150442478,-0.9823008849557522,0.017699115044247787,-0.47345132743362833,0.030973451327433628,-0.6415929203539823,0.048672566371681415,-0.7477876106194691,0.05309734513274336,-0.8407079646017699
7,0.0,0.0,-0.18584070796460178,-0.06637168141592921,-0.336283185840708,-0.19911504424778761,-0.4424778761061947,-0.336283185840708,-0.5486725663716814,-0.4469026548672566,-0.3053097345132743,-0.4646017699115044,-0.40707964601769914,-0.6637168141592921,-0.4557522123893805,-0.7831858407079646,-0.48672566371681414,-0.8893805309734514,-0.2079646017699115,-0.5132743362831859,-0.3053097345132743,-0.7433628318584071,-0.3584070796460177,-0.8849557522123894,-0.39823008849557523,-1.0,-0.09734513274336283,-0.5088495575221239,-0.11504424778761062,-0.7345132743362832,-0.10619469026548672,-0.8761061946902655,-0.10176991150442478,-0.9911504424778761,0.022123893805309734,-0.4690265486725664,0.03982300884955752,-0.6415929203539823,0.061946902654867256,-0.7477876106194691,0.07079646017699115,-0.8451327433628318
7,0.0,0.0,-0.18061674008810572,-0.06607929515418502,-0.3303964757709251,-0.19823788546255505,-0.44933920704845814,-0.32599118942731276,-0.5682819383259912,-0.42731277533039647,-0.29515418502202645,-0.4669603524229075,-0.3964757709251101,-0.6651982378854625,-0.44493392070484583,-0.7797356828193832,-0.4801762114537445,-0.8898678414096917,-0.2026431718061674,-0.5198237885462555,-0.29955947136563876,-0.7444933920704846,-0.3524229074889868,-0.8810572687224669,-0.3920704845814978,-1.0,-0.09251101321585903,-0.5198237885462555,-0.1145374449339207,-0.73568281938326,-0.10572687224669604,-0.8722466960352423,-0.10572687224669604,-0.986784140969163,0.022026431718061675,-0.47577092511013214,0.04405286343612335,-0.6475770925110133,0.06607929515418502,-0.7533039647577092,0.07488986784140969,-0.8502202643171806
7,0.0,0.0,-0.18141592920353983,-0.061946902654867256,-0.336283185840708,-0.1902654867256637,-0.4557522123893805,-0.3185840707964602,-0.5752212389380531,-0.415929203539823,-0.3008849557522124,-0.4690265486725664,-0.40707964601769914,-0.668141592920354,-0.4557522123893805,-0.7876106194690266,-0.4911504424778761,-0.8938053097345132,-0.20353982300884957,-0.5176991150442478,-0.3053097345132743,-0.7477876106194691,-0.3584070796460177,-0.8849557522123894,-0.39823008849557523,-1.0,-0.09292035398230089,-0.5176991150442478,-0.11061946902654868,-0.7389380530973452,-0.10619469026548672,-0.8761061946902655,-0.11061946902654868,-0.9911504424778761,0.022123893805309734,-0.47345132743362833,0.04424778761061947,-0.6460176991150443,0.06637168141592921,-0.7522123893805309,0.0752212389380531,-0.8495575221238938
7,0.0,0.0,-0.18859649122807018,-0.06140350877192982,-0.34649122807017546,-0.19736842105263158,-0.47368421052631576,-0.3157894736842105,-0.6052631578947368,-0.3991228070175439,-0.3157894736842105,-0.4692982456140351,-0.42105263157894735,-0.6622807017543859,-0.47368421052631576,-0.7807017543859649,-0.5043859649122807,-0.8859649122807017,-0.2149122807017544,-0.5219298245614035,-0.3157894736842105,-0.7412280701754386,-0.37280701754385964,-0.881578947368421,-0.41228070175438597,-1.0,-0.10526315789473684,-0.5219298245614035,-0.12719298245614036,-0.7412280701754386,-0.12280701754385964,-0.8771929824561403,-0.12719298245614036,-0.9912280701754386,0.013157894736842105,-0.4824561403508772,0.03070175438596491,-0.6491228070175439,0.04824561403508772,-0.7543859649122807,0.05701754385964912,-0.8508771929824561
7,0.0,0.0,-0.18502202643171806,-0.06607929515418502,-0.3436123348017621,-0.19383259911894274,-0.47577092511013214,-0.31277533039647576,-0.6079295154185022,-0.3876651982378855,-0.30837004405286345,-0.4713656387665198,-0.41409691629955947,-0.6607929515418502,-0.4669603524229075,-0.775330396475771,-0.4977973568281938,-0.8810572687224669,-0.21145374449339208,-0.5286343612334802,-0.31277533039647576,-0.748898678414097,-0.3700440528634361,-0.8854625550660793,-0.40969162995594716,-1.0,-0.1013215859030837,-0.5286343612334802,-0.12334801762114538,-0.748898678414097,-0.12334801762114538,-0.8810572687224669,-0.1277533039647577,-0.9955947136563876,0.01762114537444934,-0.4889867841409692,0.039647577092511016,-0.6563876651982379,0.05726872246696035,-0.762114537444934,0.06607929515418502,-0.8546255506607929
7,0.0,0.0,-0.1902654867256637,-0.05752212389380531,-0.35398230088495575,-0.1902654867256637,-0.48672566371681414,-0.30973451327433627,-0.6194690265486725,-0.38495575221238937,-0.3141592920353982,-0.4690265486725664,-0.415929203539823,-0.6637168141592921,-0.4690265486725664,-0.7831858407079646,-0.504424778761062,-0.8893805309734514,-0.22123893805309736,-0.5221238938053098,-0.3230088495575221,-0.7433628318584071,-0.3805309734513274,-0.8849557522123894,-0.4247787610619469,-1.0,-0.11061946902654868,-0.5221238938053098,-0.13716814159292035,-0.7389380530973452,-0.13716814159292035,-0.8761061946902655,-0.1415929203539823,-0.9911504424778761,0.01327433628318584,-0.4778761061946903,0.030973451327433628,-0.6504424778761062,0.05752212389380531,-0.7566371681415929,0.07079646017699115,-0.8539823008849557
7,0.0,0.0,-0.1902654867256637,-0.061946902654867256,-0.35398230088495575,-0.18584070796460178,-0.4911504424778761,-0.2920353982300885,-0.6283185840707964,-0.36283185840707965,-0.3185840707964602,-0.4646017699115044,-0.4247787610619469,-0.6637168141592921,-0.4823008849557522,-0.7787610619469026,-0.5176991150442478,-0.8893805309734514,-0.22566371681415928,-0.5132743362831859,-0.33185840707964603,-0.7389380530973452,-0.38495575221238937,-0.8805309734513275,-0.42920353982300885,-1.0,-0.11504424778761062,-0.5132743362831859,-0.1415929203539823,-0.7345132743362832,-0.1415929203539823,-0.8716814159292036,-0.14601769911504425,-0.9867256637168141,0.008849557522123894,-0.47345132743362833,0.030973451327433628,-0.6415929203539823,0.05752212389380531,-0.7522123893805309,0.07079646017699115,-0.8495575221238938
7,0.0,0.0,-0.1875,-0.05803571428571429,-0.3482142857142857,-0.19196428571428573,-0.48214285714285715,-0.3125,-0.6116071428571429,-0.38392857142857145,-0.3169642857142857,-0.4642857142857143,-0.41964285714285715,-0.6607142857142857,-0.4732142857142857,-0.78125,-0.5044642857142857,-0.8883928571428571,-0.22321428571428573,-0.5178571428571429,-0.33035714285714285,-0.7410714285714286,-0.38392857142857145,-0.8839285714285714,-0.41964285714285715,-1.0,-0.10714285714285714,-0.5223214285714286,-0.14285714285714285,-0.7410714285714286,-0.14285714285714285,-0.875,-0.14732142857142858,-0.9910714285714286,0.017857142857142856,-0.48660714285714285,0.044642857142857144,-0.6517857142857143,0.07142857142857142,-0.7589285714285714,0.08482142857142858,-0.8571428571428571
7,0.0,0.0,-0.19196428571428573,-0.05357142857142857,-0.35714285714285715,-0.19196428571428573,-0.47767857142857145,-0.32589285714285715,-0.6026785714285714,-0.41964285714285715,-0.33482142857142855,-0.4642857142857143,-0.4375,-0.6607142857142857,-0.49107142857142855,-0.78125,-0.5267857142857143,-0.8883928571428571,-0.23660714285714285,-0.5178571428571429,-0.3482142857142857,-0.7410714285714286,-0.40625,-0.8839285714285714,-0.44642857142857145,-1.0,-0.125,-0.5223214285714286,-0.16071428571428573,-0.7366071428571429,-0.16964285714285715,-0.875,-0.17857142857142858,-0.9910714285714286,0.004464285714285714,-0.48214285714285715,0.03571428571428571,-0.6517857142857143,0.0625,-0.7589285714285714,0.08035714285714286,-0.8616071428571429
7,0.0,0.0,-0.19196428571428573,-0.05357142857142857,-0.3482142857142857,-0.19642857142857142,-0.45982142857142855,-0.34375,-0.5758928571428571,-0.4642857142857143,-0.33482142857142855,-0.45982142857142855,-0.44642857142857145,-0.6607142857142857,-0.5,-0.78125,-0.5357142857142857,-0.8883928571428571,-0.24107142857142858,-0.5178571428571429,-0.35267857142857145,-0.7410714285714286,-0.4107142857142857,-0.8839285714285714,-0.45089285714285715,-1.0,-0.125,-0.5223214285714286,-0.16964285714285715,-0.7321428571428571,-0.17857142857142858,-0.8660714285714286,-0.1875,-0.9821428571428571,0.0,-0.48660714285714285,0.03125,-0.6473214285714286,0.05803571428571429,-0.7589285714285714,0.08035714285714286,-0.8571428571428571
7,0.0,0.0,-0.18584070796460178,-0.061946902654867256,-0.336283185840708,-0.20353982300884957,-0.42920353982300885,-0.3584070796460177,-0.5221238938053098,-0.48672566371681414,-0.3274336283185841,-0.46017699115044247,-0.43805309734513276,-0.6548672566371682,-0.4911504424778761,-0.7787610619469026,-0.5221238938053098,-0.8849557522123894,-0.23008849557522124,-0.5132743362831859,-0.3407079646017699,-0.7345132743362832,-0.39823008849557523,-0.8761061946902655,-0.43805309734513276,-1.0,-0.11946902654867257,-0.5176991150442478,-0.16371681415929204,-0.7256637168141593,-0.168141592920354,-0.8584070796460177,-0.17699115044247787,-0.9734513274336283,0.01327433628318584,-0.4823008849557522,0.035398230088495575,-0.6460176991150443,0.061946902654867256,-0.7522123893805309,0.084070796460177,-0.8451327433628318
7,0.0,0.0,-0.1902654867256637,-0.061946902654867256,-0.336283185840708,-0.20353982300884957,-0.4247787610619469,-0.3584070796460177,-0.5088495575221239,-0.4911504424778761,-0.3274336283185841,-0.46017699115044247,-0.4336283185840708,-0.6637168141592921,-0.4823008849557522,-0.7831858407079646,-0.5088495575221239,-0.8893805309734514,-0.23008849557522124,-0.504424778761062,-0.3407079646017699,-0.7345132743362832,-0.3938053097345133,-0.8761061946902655,-0.42920353982300885,-1.0,-0.11946902654867257,-0.504424778761062,-0.168141592920354,-0.7168141592920354,-0.17256637168141592,-0.8495575221238938,-0.17256637168141592,-0.9646017699115044,0.004424778761061947,-0.4646017699115044,0.02654867256637168,-0.6327433628318584,0.048672566371681415,-0.7345132743362832,0.07079646017699115,-0.8362831858407079
7,0.0,0.0,-0.18666666666666668,-0.057777777777777775,-0.3333333333333333,-0.20444444444444446,-0.4177777777777778,-0.36,-0.49777777777777776,-0.49777777777777776,-0.3333333333333333,-0.4622222222222222,-0.43555555555555553,-0.6666666666666666,-0.48444444444444446,-0.7866666666666666,-0.5155555555555555,-0.8933333333333333,-0.23555555555555555,-0.5111111111111111,-0.3377777777777778,-0.7333333333333333,-0.39111111111111113,-0.8755555555555555,-0.4266666666666667,-1.0,-0.12,-0.5066666666666667,-0.1688888888888889,-0.72,-0.17777777777777778,-0.8488888888888889,-0.18222222222222223,-0.96,0.0044444444444444444,-0.4666666666666667,0.017777777777777778,-0.6311111111111111,0.035555555555555556,-0.7377777777777778,0.044444444444444446,-0.84
7,0.0,0.0,-0.19383259911894274,-0.07048458149779736,-0.33480176211453744,-0.21585903083700442,-0.4052863436123348,-0.3700440528634361,-0.4845814977973568,-0.5022026431718062,-0.32158590308370044,-0.4581497797356828,-0.4185022026431718,-0.6607929515418502,-0.4713656387665198,-0.7841409691629956,-0.5022026431718062,-0.8942731277533039,-0.22466960352422907,-0.5022026431718062,-0.32599118942731276,-0.7312775330396476,-0.3788546255506608,-0.8766519823788547,-0.41409691629955947,-1.0,-0.11894273127753303,-0.4977973568281938,-0.16740088105726872,-0.7136563876651982,-0.18502202643171806,-0.8502202643171806,-0.19823788546255505,-0.9647577092511013,0.0,-0.4581497797356828,0.004405286343612335,-0.6299559471365639,0.00881057268722467,-0.73568281938326,0.00881057268722467,-0.8370044052863436
7,0.0,0.0,-0.18421052631578946,-0.06578947368421052,-0.32456140350877194,-0.21052631578947367,-0.39473684210526316,-0.36403508771929827,-0.4692982456140351,-0.5,-0.31140350877192985,-0.4605263157894737,-0.40350877192982454,-0.6622807017543859,-0.4517543859649123,-0.7850877192982456,-0.4780701754385965,-0.8903508771929824,-0.21929824561403508,-0.5043859649122807,-0.30701754385964913,-0.7324561403508771,-0.35526315789473684,-0.8771929824561403,-0.38596491228070173,-1.0,-0.11403508771929824,-0.5043859649122807,-0.15789473684210525,-0.7149122807017544,-0.17543859649122806,-0.8464912280701754,-0.18859649122807018,-0.9605263157894737,0.0043859649122807015,-0.4649122807017544,-0.0043859649122807015,-0.631578947368421,-0.008771929824561403,-0.7368421052631579,-0.017543859649122806,-0.8333333333333334
7,0.0,0.0,-0.18340611353711792,-0.06550218340611354,-0.31877729257641924,-0.2183406113537118,-0.388646288209607,-0.37117903930131,-0.4585152838427948,-0.5065502183406113,-0.3056768558951965,-0.462882096069869,-0.388646288209607,-0.6724890829694323,-0.43231441048034935,-0.7991266375545851,-0.4585152838427948,-0.9082969432314411,-0.21397379912663755,-0.4978165938864629,-0.30131004366812225,-0.7336244541484717,-0.34497816593886466,-0.8777292576419214,-0.37554585152838427,-1.0,-0.1091703056768559,-0.49344978165938863,-0.1572052401746725,-0.7074235807860262,-0.1703056768558952,-0.8384279475982532,-0.18340611353711792,-0.9519650655021834,0.004366812227074236,-0.45414847161572053,-0.017467248908296942,-0.6244541484716157,-0.026200873362445413,-0.7248908296943232,-0.039301310043668124,-0.8209606986899564
7,0.0,0.0,-0.1782608695652174,-0.06956521739130435,-0.30869565217391304,-0.22608695652173913,-0.3782608695652174,-0.3739130434782609,-0.4434782608695652,-0.508695652173913,-0.29130434782608694,-0.4652173913043478,-0.3782608695652174,-0.6739130434782609,-0.4217391304347826,-0.7956521739130434,-0.44782608695652176,-0.908695652173913,-0.2,-0.5,-0.28695652173913044,-0.7304347826086957,-0.3347826086956522,-0.8739130434782608,-0.3652173913043478,-1.0,-0.10434782608695652,-0.49130434782608695,-0.14782608695652175,-0.7086956521739131,-0.16521739130434782,-0.8347826086956521,-0.1782608695652174,-0.9521739130434783,0.008695652173913044,-0.45217391304347826,-0.008695652173913044,-0.6217391304347826,-0.021739130434782608,-0.7260869565217392,-0.0391304347826087,-0.8260869565217391
7,0.0,0.0,-0.17543859649122806,-0.07456140350877193,-0.30701754385964913,-0.22807017543859648,-0.3815789473684211,-0.37280701754385964,-0.4517543859649123,-0.5131578947368421,-0.2982456140350877,-0.4649122807017544,-0.39035087719298245,-0.6666666666666666,-0.4342105263157895,-0.7894736842105263,-0.4649122807017544,-0.8991228070175439,-0.20614035087719298,-0.5043859649122807,-0.29385964912280704,-0.7324561403508771,-0.33771929824561403,-0.8771929824561403,-0.3684210526315789,-1.0,-0.10087719298245613,-0.5,-0.14912280701754385,-0.7149122807017544,-0.16666666666666666,-0.8421052631578947,-0.17982456140350878,-0.9605263157894737,0.008771929824561403,-0.45614035087719296,-0.008771929824561403,-0.6228070175438597,-0.02631578947368421,-0.7280701754385965,-0.04824561403508772,-0.8289473684210527
7,0.0,0.0,-0.17391304347826086,-0.06956521739130435,-0.30869565217391304,-0.2217391304347826,-0.3826086956521739,-0.3739130434782609,-0.44782608695652176,-0.5130434782608696,-0.28695652173913044,-0.45652173913043476,-0.3739130434782609,-0.6652173913043479,-0.4217391304347826,-0.7913043478260869,-0.44782608695652176,-0.9,-0.2,-0.4956521739130435,-0.28695652173913044,-0.7304347826086957,-0.33043478260869563,-0.8739130434782608,-0.36086956521739133,-1.0,-0.1,-0.49130434782608695,-0.14782608695652175,-0.7086956521739131,-0.1608695652173913,-0.8391304347826087,-0.17391304347826086,-0.9565217391304348,0.013043478260869565,-0.45652173913043476,-0.013043478260869565,-0.6217391304347826,-0.030434782608695653,-0.7260869565217392,-0.04782608695652174,-0.8260869565217391
7,0.0,0.0,-0.17467248908296942,-0.06986899563318777,-0.31004366812227074,-0.22270742358078602,-0.3799126637554585,-0.37117903930131,-0.4497816593886463,-0.5109170305676856,-0.2925764192139738,-0.462882096069869,-0.37554585152838427,-0.6681222707423581,-0.4148471615720524,-0.7903930131004366,-0.4410480349344978,-0.9039301310043668,-0.20087336244541484,-0.5021834061135371,-0.2838427947598253,-0.7336244541484717,-0.32751091703056767,-0.8733624454148472,-0.3537117903930131,-1.0,-0.10043668122270742,-0.49344978165938863,-0.14410480349344978,-0.7074235807860262,-0.1572052401746725,-0.8384279475982532,-0.16593886462882096,-0.9563318777292577,0.013100436681222707,-0.45414847161572053,-0.013100436681222707,-0.6200873362445415,-0.026200873362445413,-0.7248908296943232,-0.043668122270742356,-0.8253275109170306
7,0.0,0.0,-0.17543859649122806,-0.07456140350877193,-0.31140350877192985,-0.22807017543859648,-0.38596491228070173,-0.37719298245614036,-0.45614035087719296,-0.5175438596491229,-0.2982456140350877,-0.4692982456140351,-0.37719298245614036,-0.6754385964912281,-0.42105263157894735,-0.7982456140350878,-0.44298245614035087,-0.9035087719298246,-0.20614035087719298,-0.5043859649122807,-0.2850877192982456,-0.7368421052631579,-0.32456140350877194,-0.881578947368421,-0.35526315789473684,-1.0,-0.10526315789473684,-0.5,-0.14912280701754385,-0.7149122807017544,-0.15789473684210525,-0.8464912280701754,-0.17105263157894737,-0.9605263157894737,0.008771929824561403,-0.4605263157894737,-0.013157894736842105,-0.6271929824561403,-0.021929824561403508,-0.7368421052631579,-0.039473684210526314,-0.8333333333333334
7,0.0,0.0,-0.17543859649122806,-0.07017543859649122,-0.30701754385964913,-0.22807017543859648,-0.37719298245614036,-0.37719298245614036,-0.44298245614035087,-0.5131578947368421,-0.2894736842105263,-0.4692982456140351,-0.3684210526315789,-0.6798245614035088,-0.40789473684210525,-0.8026315789473685,-0.4298245614035088,-0.9122807017543859,-0.19298245614035087,-0.5043859649122807,-0.2719298245614035,-0.7368421052631579,-0.31140350877192985,-0.8771929824561403,-0.33771929824561403,-1.0,-0.09210526315789473,-0.49122807017543857,-0.13157894736842105,-0.706140350877193,-0.14035087719298245,-0.8377192982456141,-0.14912280701754385,-0.956140350877193,0.017543859649122806,-0.4473684210526316,0.0043859649122807015,-0.618421052631579,0.0,-0.7236842105263158,-0.013157894736842105,-0.8201754385964912
7,0.0,0.0,-0.17391304347826086,-0.07391304347826087,-0.30434782608695654,-0.22608695652173913,-0.3739130434782609,-0.3739130434782609,-0.4391304347826087,-0.5130434782608696,-0.28695652173913044,-0.4608695652173913,-0.3695652173913043,-0.6695652173913044,-0.41304347826086957,-0.7956521739130434,-0.43478260869565216,-0.908695652173913,-0.19130434782608696,-0.4956521739130435,-0.26956521739130435,-0.7304347826086957,-0.30869565217391304,-0.8739130434782608,-0.3347826086956522,-1.0,-0.09130434782608696,-0.48695652173913045,-0.13043478260869565,-0.7043478260869566,-0.1391304347826087,-0.8391304347826087,-0.14782608695652175,-0.9608695652173913,0.021739130434782608,-0.4434782608695652,0.004347826086956522,-0.6173913043478261,-0.004347826086956522,-0.7217391304347827,-0.017391304347826087,-0.8217391304347826
7,0.0,0.0,-0.17467248908296942,-0.06986899563318777,-0.3056768558951965,-0.2183406113537118,-0.37554585152838427,-0.37117903930131,-0.44541484716157204,-0.5065502183406113,-0.2838427947598253,-0.47161572052401746,-0.3624454148471616,-0.6768558951965066,-0.4017467248908297,-0.7991266375545851,-0.42358078602620086,-0.9082969432314411,-0.19213973799126638,-0.5065502183406113,-0.2663755458515284,-0.7379912663755459,-0.3056768558951965,-0.8777292576419214,-0.32751091703056767,-1.0,-0.09170305676855896,-0.4978165938864629,-0.13100436681222707,-0.7161572052401747,-0.13973799126637554,-0.8471615720524017,-0.14847161572052403,-0.9606986899563319,0.021834061135371178,-0.4585152838427948,0.004366812227074236,-0.6244541484716157,-0.004366812227074236,-0.7336244541484717,-0.017467248908296942,-0.8296943231441049
7,0.0,0.0,-0.17391304347826086,-0.06956521739130435,-0.30869565217391304,-0.21739130434782608,-0.3739130434782609,-0.3695652173913043,-0.4391304347826087,-0.5130434782608696,-0.29130434782608694,-0.46956521739130436,-0.3695652173913043,-0.6782608695652174,-0.40869565217391307,-0.8,-0.43478260869565216,-0.908695652173913,-0.1956521739130435,-0.508695652173913,-0.2608695652173913,-0.7391304347826086,-0.2956521739130435,-0.8782608695652174,-0.3173913043478261,-1.0,-0.09130434782608696,-0.5,-0.12608695652173912,-0.717391304347826,-0.13043478260869565,-0.8478260869565217,-0.13478260869565217,-0.9608695652173913,0.021739130434782608,-0.45652173913043476,0.013043478260869565,-0.6217391304347826,0.004347826086956522,-0.7260869565217392,-0.004347826086956522,-0.8217391304347826
7,0.0,0.0,-0.16883116883116883,-0.0735930735930736,-0.30303030303030304,-0.22077922077922077,-0.3722943722943723,-0.3722943722943723,-0.4329004329004329,-0.5108225108225108,-0.2813852813852814,-0.47186147186147187,-0.3593073593073593,-0.6796536796536796,-0.3939393939393939,-0.7965367965367965,-0.41125541125541126,-0.9047619047619048,-0.18181818181818182,-0.5151515151515151,-0.2554112554112554,-0.7445887445887446,-0.29004329004329005,-0.8831168831168831,-0.31601731601731603,-1.0,-0.08225108225108226,-0.5064935064935064,-0.10822510822510822,-0.7272727272727273,-0.11688311688311688,-0.8571428571428571,-0.12121212121212122,-0.974025974025974,0.030303030303030304,-0.46320346320346323,0.021645021645021644,-0.6277056277056277,0.017316017316017316,-0.7316017316017316,0.004329004329004329,-0.8268398268398268
7,0.0,0.0,-0.16810344827586207,-0.07327586206896551,-0.3017241379310345,-0.22413793103448276,-0.375,-0.3706896551724138,-0.4396551724137931,-0.5086206896551724,-0.28879310344827586,-0.47413793103448276,-0.36637931034482757,-0.6724137931034483,-0.4051724137931034,-0.7887931034482759,-0.4267241379310345,-0.896551724137931,-0.1896551724137931,-0.5129310344827587,-0.25862068965517243,-0.7413793103448276,-0.2974137931034483,-0.8793103448275862,-0.3232758620689655,-1.0,-0.08620689655172414,-0.5043103448275862,-0.10775862068965517,-0.7241379310344828,-0.10775862068965517,-0.8577586206896551,-0.10775862068965517,-0.9698275862068966,0.021551724137931036,-0.46120689655172414,0.021551724137931036,-0.625,0.02586206896551724,-0.728448275862069,0.017241379310344827,-0.8275862068965517
7,0.0,0.0,-0.17672413793103448,-0.06465517241379311,-0.3103448275862069,-0.21551724137931033,-0.38362068965517243,-0.3706896551724138,-0.44396551724137934,-0.5086206896551724,-0.28879310344827586,-0.46551724137931033,-0.36637931034482757,-0.6681034482758621,-0.4051724137931034,-0.7844827586206896,-0.4267241379310345,-0.8922413793103449,-0.1939655172413793,-0.5129310344827587,-0.2672413793103448,-0.7413793103448276,-0.30603448275862066,-0.8793103448275862,-0.33189655172413796,-1.0,-0.09051724137931035,-0.5043103448275862,-0.10775862068965517,-0.7198275862068966,-0.10344827586206896,-0.8491379310344828,-0.10344827586206896,-0.9655172413793104,0.017241379310344827,-0.46120689655172414,0.021551724137931036,-0.6163793103448276,0.021551724137931036,-0.7155172413793104,0.017241379310344827,-0.8060344827586207
7,0.0,0.0,-0.17094017094017094,-0.06837606837606838,-0.29914529914529914,-0.21367521367521367,-0.36752136752136755,-0.36324786324786323,-0.43162393162393164,-0.5042735042735043,-0.28205128205128205,-0.4700854700854701,-0.358974358974359,-0.6709401709401709,-0.3974358974358974,-0.7905982905982906,-0.4188034188034188,-0.8974358974358975,-0.18376068376068377,-0.5128205128205128,-0.2564102564102564,-0.7393162393162394,-0.2905982905982906,-0.8803418803418803,-0.31196581196581197,-1.0,-0.0811965811965812,-0.5,-0.09829059829059829,-0.717948717948718,-0.08547008547008547,-0.8461538461538461,-0.07692307692307693,-0.9572649572649573,0.02564102564102564,-0.452991452991453,0.029914529914529916,-0.6111111111111112,0.038461538461538464,-0.7094017094017094,0.038461538461538464,-0.8034188034188035
7,0.0,0.0,-0.1652542372881356,-0.07203389830508475,-0.288135593220339,-0.21610169491525424,-0.3559322033898305,-0.3644067796610169,-0.423728813559322,-0.5,-0.2669491525423729,-0.4661016949152542,-0.3474576271186441,-0.6652542372881356,-0.3855932203389831,-0.7838983050847458,-0.4067796610169492,-0.8898305084745762,-0.17372881355932204,-0.5127118644067796,-0.2457627118644068,-0.7372881355932204,-0.2796610169491525,-0.8771186440677966,-0.3008474576271186,-1.0,-0.07203389830508475,-0.5042372881355932,-0.0847457627118644,-0.7161016949152542,-0.06779661016949153,-0.8432203389830508,-0.059322033898305086,-0.9533898305084746,0.03389830508474576,-0.4576271186440678,0.0423728813559322,-0.614406779661017,0.05084745762711865,-0.711864406779661,0.05508474576271186,-0.8008474576271186
7,0.0,0.0,-0.1702127659574468,-0.06808510638297872,-0.3021276595744681,-0.2127659574468085,-0.3702127659574468,-0.3574468085106383,-0.4297872340425532,-0.502127659574468,-0.2765957446808511,-0.4723404255319149,-0.3617021276595745,-0.6723404255319149,-0.4,-0.7914893617021277,-0.42127659574468085,-0.8978723404255319,-0.1829787234042553,-0.5106382978723404,-0.2553191489361702,-0.7404255319148936,-0.28936170212765955,-0.8765957446808511,-0.31063829787234043,-1.0,-0.08085106382978724,-0.502127659574468,-0.09361702127659574,-0.7148936170212766,-0.07234042553191489,-0.8425531914893617,-0.059574468085106386,-0.9531914893617022,0.02553191489361702,-0.451063829787234,0.03404255319148936,-0.6127659574468085,0.05106382978723404,-0.7106382978723405,0.05531914893617021,-0.7957446808510639
7,0.0,0.0,-0.17094017094017094,-0.06837606837606838,-0.29914529914529914,-0.2094017094017094,-0.3717948717948718,-0.358974358974359,-0.44017094017094016,-0.49572649572649574,-0.2777777777777778,-0.47435897435897434,-0.3547008547008547,-0.6752136752136753,-0.3974358974358974,-0.7905982905982906,-0.4188034188034188,-0.8974358974358975,-0.18376068376068377,-0.5170940170940171,-0.2564102564102564,-0.7435897435897436,-0.2905982905982906,-0.8803418803418803,-0.3162393162393162,-1.0,-0.08547008547008547,-0.5042735042735043,-0.08974358974358974,-0.717948717948718,-0.07264957264957266,-0.8461538461538461,-0.05555555555555555,-0.9572649572649573,0.017094017094017096,-0.452991452991453,0.02564102564102564,-0.6111111111111112,0.042735042735042736,-0.7051282051282052,0.04700854700854701,-0.7948717948717948
7,0.0,0.0,-0.1702127659574468,-0.07234042553191489,-0.2936170212765957,-0.2170212765957447,-0.3617021276595745,-0.3659574468085106,-0.4297872340425532,-0.502127659574468,-0.2723404255319149,-0.4723404255319149,-0.35319148936170214,-0.676595744680851,-0.39148936170212767,-0.7914893617021277,-0.4127659574468085,-0.8978723404255319,-0.17446808510638298,-0.5148936170212766,-0.251063829787234,-0.7446808510638298,-0.2851063829787234,-0.8808510638297873,-0.3021276595744681,-1.0,-0.07659574468085106,-0.502127659574468,-0.08085106382978724,-0.7191489361702128,-0.06382978723404255,-0.8468085106382979,-0.04680851063829787,-0.9531914893617022,0.029787234042553193,-0.4553191489361702,0.03829787234042553,-0.6127659574468085,0.05106382978723404,-0.7106382978723405,0.059574468085106386,-0.8
7,0.0,0.0,-0.17094017094017094,-0.07264957264957266,-0.3034188034188034,-0.21794871794871795,-0.37606837606837606,-0.36324786324786323,-0.4444444444444444,-0.5042735042735043,-0.2863247863247863,-0.4700854700854701,-0.36752136752136755,-0.6752136752136753,-0.405982905982906,-0.7905982905982906,-0.42735042735042733,-0.8974358974358975,-0.18803418803418803,-0.5085470085470085,-0.2606837606837607,-0.7435897435897436,-0.29914529914529914,-0.8803418803418803,-0.32051282051282054,-1.0,-0.08547008547008547,-0.5,-0.08974358974358974,-0.717948717948718,-0.07264957264957266,-0.8461538461538461,-0.05982905982905983,-0.9615384615384616,0.021367521367521368,-0.452991452991453,0.03418803418803419,-0.6111111111111112,0.05128205128205128,-0.7094017094017094,0.05555555555555555,-0.7991452991452992
7,0.0,0.0,-0.17094017094017094,-0.06837606837606838,-0.3034188034188034,-0.2094017094017094,-0.37606837606837606,-0.358974358974359,-0.44017094017094016,-0.5,-0.2863247863247863,-0.4658119658119658,-0.36324786324786323,-0.6752136752136753,-0.4017094017094017,-0.7948717948717948,-0.42735042735042733,-0.9017094017094017,-0.19230769230769232,-0.5085470085470085,-0.26495726495726496,-0.7393162393162394,-0.29914529914529914,-0.8803418803418803,-0.32051282051282054,-1.0,-0.08974358974358974,-0.49572649572649574,-0.09829059829059829,-0.7136752136752137,-0.07692307692307693,-0.8418803418803419,-0.05982905982905983,-0.9487179487179487,0.017094017094017096,-0.44871794871794873,0.02564102564102564,-0.6111111111111112,0.038461538461538464,-0.7094017094017094,0.042735042735042736,-0.7991452991452992
7,0.0,0.0,-0.16666666666666666,-0.0641025641025641,-0.29914529914529914,-0.2094017094017094,-0.3717948717948718,-0.358974358974359,-0.4358974358974359,-0.49572649572649574,-0.2777777777777778,-0.4658119658119658,-0.358974358974359,-0.6709401709401709,-0.3974358974358974,-0.7863247863247863,-0.4188034188034188,-0.8931623931623932,-0.1794871794871795,-0.5128205128205128,-0.2564102564102564,-0.7393162393162394,-0.2863247863247863,-0.8803418803418803,-0.3076923076923077,-1.0,-0.0811965811965812,-0.5042735042735043,-0.08547008547008547,-0.717948717948718,-0.06837606837606838,-0.8418803418803419,-0.05555555555555555,-0.9529914529914529,0.02564102564102564,-0.45726495726495725,0.029914529914529916,-0.6111111111111112,0.042735042735042736,-0.7094017094017094,0.04700854700854701,-0.7991452991452992
7,0.0,0.0,-0.1652542372881356,-0.07203389830508475,-0.2923728813559322,-0.21610169491525424,-0.3601694915254237,-0.3601694915254237,-0.423728813559322,-0.5,-0.2711864406779661,-0.4745762711864407,-0.3516949152542373,-0.6822033898305084,-0.3855932203389831,-0.8008474576271186,-0.4067796610169492,-0.9110169491525424,-0.17796610169491525,-0.5084745762711864,-0.2542372881355932,-0.7415254237288136,-0.288135593220339,-0.8813559322033898,-0.3093220338983051,-1.0,-0.08050847457627118,-0.4957627118644068,-0.0847457627118644,-0.7076271186440678,-0.059322033898305086,-0.8389830508474576,-0.0423728813559322,-0.9491525423728814,0.025423728813559324,-0.4406779661016949,0.03389830508474576,-0.6016949152542372,0.05084745762711865,-0.6991525423728814,0.05508474576271186,-0.7923728813559322
7,0.0,0.0,-0.1694915254237288,-0.06779661016949153,-0.3008474576271186,-0.211864406779661,-0.3686440677966102,-0.3601694915254237,-0.4322033898305085,-0.5,-0.2796610169491525,-0.4703389830508475,-0.3601694915254237,-0.673728813559322,-0.3940677966101695,-0.7923728813559322,-0.4110169491525424,-0.8983050847457628,-0.1864406779661017,-0.5127118644067796,-0.2584745762711864,-0.7415254237288136,-0.288135593220339,-0.8813559322033898,-0.3093220338983051,-1.0,-0.0847457627118644,-0.5042372881355932,-0.09322033898305085,-0.7203389830508474,-0.07203389830508475,-0.8432203389830508,-0.05508474576271186,-0.9576271186440678,0.0211864406779661,-0.4533898305084746,0.029661016949152543,-0.6101694915254238,0.0423728813559322,-0.7076271186440678,0.05084745762711865,-0.7966101694915254
7,0.0,0.0,-0.1694915254237288,-0.07627118644067797,-0.3008474576271186,-0.22033898305084745,-0.3686440677966102,-0.3686440677966102,-0.4406779661016949,-0.5,-0.2754237288135593,-0.4788135593220339,-0.3516949152542373,-0.6822033898305084,-0.3898305084745763,-0.7966101694915254,-0.4110169491525424,-0.902542372881356,-0.18220338983050846,-0.5169491525423728,-0.25,-0.7415254237288136,-0.2838983050847458,-0.8813559322033898,-0.3050847457627119,-1.0,-0.0847457627118644,-0.5042372881355932,-0.08898305084745763,-0.7161016949152542,-0.07203389830508475,-0.8389830508474576,-0.059322033898305086,-0.9491525423728814,0.01694915254237288,-0.4533898305084746,0.029661016949152543,-0.6101694915254238,0.0423728813559322,-0.7076271186440678,0.05084745762711865,-0.7966101694915254
7,0.0,0.0,-0.1702127659574468,-0.07234042553191489,-0.2978723404255319,-0.2127659574468085,-0.3659574468085106,-0.3617021276595745,-0.425531914893617,-0.502127659574468,-0.2765957446808511,-0.4723404255319149,-0.3574468085106383,-0.6723404255319149,-0.39574468085106385,-0.7914893617021277,-0.4127659574468085,-0.8978723404255319,-0.1829787234042553,-0.5106382978723404,-0.2553191489361702,-0.7404255319148936,-0.28936170212765955,-0.8765957446808511,-0.30638297872340425,-1.0,-0.0851063829787234,-0.4978723404255319,-0.08936170212765958,-0.7106382978723405,-0.06808510638297872,-0.8382978723404255,-0.05106382978723404,-0.948936170212766,0.02127659574468085,-0.44680851063829785,0.029787234042553193,-0.6,0.04680851063829787,-0.6978723404255319,0.05106382978723404,-0.7872340425531915
7,0.0,0.0,-0.1702127659574468,-0.06808510638297872,-0.3021276595744681,-0.2127659574468085,-0.3702127659574468,-0.3617021276595745,-0.43829787234042555,-0.502127659574468,-0.28085106382978725,-0.46382978723404256,-0.3574468085106383,-0.6680851063829787,-0.39574468085106385,-0.7872340425531915,-0.41702127659574467,-0.8978723404255319,-0.18723404255319148,-0.5063829787234042,-0.25957446808510637,-0.7361702127659574,-0.2936170212765957,-0.8765957446808511,-0.3148936170212766,-1.0,-0.08936170212765958,-0.49361702127659574,-0.09787234042553192,-0.7106382978723405,-0.08085106382978724,-0.8382978723404255,-0.06382978723404255,-0.948936170212766,0.01702127659574468,-0.4425531914893617,0.02553191489361702,-0.6,0.03829787234042553,-0.7021276595744681,0.04680851063829787,-0.7914893617021277
7,0.0,0.0,-0.1694915254237288,-0.07203389830508475,-0.3008474576271186,-0.21610169491525424,-0.3686440677966102,-0.3601694915254237,-0.4364406779661017,-0.4957627118644068,-0.2796610169491525,-0.4745762711864407,-0.3516949152542373,-0.673728813559322,-0.3898305084745763,-0.7923728813559322,-0.4110169491525424,-0.902542372881356,-0.1864406779661017,-0.5127118644067796,-0.2542372881355932,-0.7372881355932204,-0.2838983050847458,-0.8771186440677966,-0.3050847457627119,-1.0,-0.0847457627118644,-0.5,-0.09745762711864407,-0.711864406779661,-0.07627118644067797,-0.8389830508474576,-0.0635593220338983,-0.9491525423728814,0.01694915254237288,-0.4449152542372881,0.025423728813559324,-0.6059322033898306,0.038135593220338986,-0.7033898305084746,0.046610169491525424,-0.7966101694915254
7,0.0,0.0,-0.16738197424892703,-0.06866952789699571,-0.30042918454935624,-0.2145922746781116,-0.36909871244635195,-0.3562231759656652,-0.4334763948497854,-0.49356223175965663,-0.27896995708154504,-0.4721030042918455,-0.3648068669527897,-0.6695278969957081,-0.4034334763948498,-0.7896995708154506,-0.4206008583690987,-0.8969957081545065,-0.18454935622317598,-0.5107296137339056,-0.26180257510729615,-0.7424892703862661,-0.296137339055794,-0.8798283261802575,-0.31759656652360513,-1.0,-0.08583690987124463,-0.4978540772532189,-0.0944206008583691,-0.7167381974248928,-0.07725321888412018,-0.8454935622317596,-0.060085836909871244,-0.9570815450643777,0.02575107296137339,-0.44635193133047213,0.034334763948497854,-0.6051502145922747,0.04721030042918455,-0.7081545064377682,0.05150214592274678,-0.7982832618025751
7,0.0,0.0,-0.16666666666666666,-0.07264957264957266,-0.29914529914529914,-0.21367521367521367,-0.3717948717948718,-0.3504273504273504,-0.44017094017094016,-0.48717948717948717,-0.28205128205128205,-0.4700854700854701,-0.36752136752136755,-0.6709401709401709,-0.405982905982906,-0.7863247863247863,-0.42735042735042733,-0.8931623931623932,-0.19230769230769232,-0.5128205128205128,-0.2692307692307692,-0.7393162393162394,-0.3034188034188034,-0.8803418803418803,-0.32905982905982906,-1.0,-0.09401709401709402,-0.5,-0.10256410256410256,-0.717948717948718,-0.08974358974358974,-0.8461538461538461,-0.0811965811965812,-0.9572649572649573,0.01282051282051282,-0.44871794871794873,0.021367521367521368,-0.6068376068376068,0.03418803418803419,-0.7008547008547008,0.038461538461538464,-0.7948717948717948
7,0.0,0.0,-0.16738197424892703,-0.07296137339055794,-0.30042918454935624,-0.2145922746781116,-0.36909871244635195,-0.3562231759656652,-0.43776824034334766,-0.49356223175965663,-0.2875536480686695,-0.4721030042918455,-0.37339055793991416,-0.6738197424892703,-0.41201716738197425,-0.7939914163090128,-0.43776824034334766,-0.9012875536480687,-0.19742489270386265,-0.5064377682403434,-0.2703862660944206,-0.7381974248927039,-0.3090128755364807,-0.8755364806866953,-0.33905579399141633,-1.0,-0.0944206008583691,-0.4978540772532189,-0.1072961373390558,-0.7167381974248928,-0.0944206008583691,-0.8454935622317596,-0.09012875536480687,-0.9570815450643777,0.008583690987124463,-0.44635193133047213,0.02145922746781116,-0.6094420600858369,0.030042918454935622,-0.7124463519313304,0.030042918454935622,-0.8068669527896996
7,0.0,0.0,-0.16738197424892703,-0.07296137339055794,-0.30042918454935624,-0.2145922746781116,-0.37339055793991416,-0.3562231759656652,-0.44635193133047213,-0.4892703862660944,-0.2875536480686695,-0.4678111587982833,-0.3776824034334764,-0.6652360515021459,-0.4206008583690987,-0.7811158798283262,-0.45064377682403434,-0.8884120171673819,-0.19742489270386265,-0.5064377682403434,-0.27896995708154504,-0.7381974248927039,-0.3218884120171674,-0.8755364806866953,-0.351931330472103,-1.0,-0.09871244635193133,-0.4978540772532189,-0.11158798283261803,-0.7167381974248928,-0.10300429184549356,-0.8454935622317596,-0.09871244635193133,-0.9570815450643777,0.008583690987124463,-0.45064377682403434,0.012875536480686695,-0.6137339055793991,0.02145922746781116,-0.7124463519313304,0.02145922746781116,-0.8068669527896996
7,0.0,0.0,-0.17316017316017315,-0.06926406926406926,-0.3116883116883117,-0.2077922077922078,-0.3852813852813853,-0.35064935064935066,-0.46320346320346323,-0.48484848484848486,-0.30303030303030304,-0.4675324675324675,-0.3939393939393939,-0.6623376623376623,-0.43722943722943725,-0.7792207792207793,-0.46320346320346323,-0.8874458874458875,-0.21212121212121213,-0.5064935064935064,-0.2987012987012987,-0.7359307359307359,-0.341991341991342,-0.8744588744588745,-0.37662337662337664,-1.0,-0.11688311688311688,-0.49783549783549785,-0.12987012987012986,-0.70995670995671,-0.12121212121212122,-0.8398268398268398,-0.11688311688311688,-0.9523809523809523,-0.008658008658008658,-0.4458874458874459,0.0,-0.6060606060606061,0.008658008658008658,-0.70995670995671,0.004329004329004329,-0.8095238095238095
7,0.0,0.0,-0.1782608695652174,-0.06956521739130435,-0.3130434782608696,-0.20869565217391303,-0.3869565217391304,-0.3521739130434783,-0.4608695652173913,-0.48695652173913045,-0.30434782608695654,-0.46956521739130436,-0.3826086956521739,-0.6782608695652174,-0.4217391304347826,-0.8043478260869565,-0.44782608695652176,-0.9130434782608695,-0.20869565217391303,-0.5043478260869565,-0.2826086956521739,-0.7391304347826086,-0.3217391304347826,-0.8782608695652174,-0.34782608695652173,-1.0,-0.11304347826086956,-0.4956521739130435,-0.12173913043478261,-0.7086956521739131,-0.11304347826086956,-0.8391304347826087,-0.10434782608695652,-0.9565217391304348,-0.004347826086956522,-0.4434782608695652,0.0,-0.6043478260869565,0.004347826086956522,-0.7086956521739131,0.004347826086956522,-0.8043478260869565
7,0.0,0.0,-0.16883116883116883,-0.0735930735930736,-0.2943722943722944,-0.22077922077922077,-0.36796536796536794,-0.3593073593073593,-0.45021645021645024,-0.48917748917748916,-0.2857142857142857,-0.47186147186147187,-0.36796536796536794,-0.6796536796536796,-0.41125541125541126,-0.8008658008658008,-0.43722943722943725,-0.9090909090909091,-0.19480519480519481,-0.5108225108225108,-0.2813852813852814,-0.7402597402597403,-0.3246753246753247,-0.8787878787878788,-0.354978354978355,-1.0,-0.09956709956709957,-0.49783549783549785,-0.11255411255411256,-0.7142857142857143,-0.09956709956709957,-0.8441558441558441,-0.09090909090909091,-0.9567099567099567,0.004329004329004329,-0.44155844155844154,0.012987012987012988,-0.6060606060606061,0.017316017316017316,-0.70995670995671,0.017316017316017316,-0.8051948051948052
7,0.0,0.0,-0.17180616740088106,-0.07048458149779736,-0.30837004405286345,-0.20704845814977973,-0.3876651982378855,-0.34801762114537443,-0.4581497797356828,-0.4845814977973568,-0.29955947136563876,-0.4713656387665198,-0.3876651982378855,-0.6740088105726872,-0.43171806167400884,-0.7929515418502202,-0.46255506607929514,-0.9030837004405287,-0.20704845814977973,-0.5110132158590308,-0.2907488986784141,-0.7400881057268722,-0.33480176211453744,-0.8810572687224669,-0.3656387665198238,-1.0,-0.10572687224669604,-0.4977973568281938,-0.11894273127753303,-0.7180616740088106,-0.11013215859030837,-0.8458149779735683,-0.10572687224669604,-0.9559471365638766,0.0,-0.44933920704845814,0.00881057268722467,-0.6079295154185022,0.013215859030837005,-0.7092511013215859,0.013215859030837005,-0.8061674008810573
7,0.0,0.0,-0.17391304347826086,-0.06956521739130435,-0.30434782608695654,-0.20869565217391303,-0.3739130434782609,-0.34782608695652173,-0.4434782608695652,-0.4826086956521739,-0.29130434782608694,-0.46956521739130436,-0.3695652173913043,-0.6782608695652174,-0.41304347826086957,-0.7956521739130434,-0.43478260869565216,-0.9043478260869565,-0.2,-0.508695652173913,-0.27391304347826084,-0.7391304347826086,-0.3173913043478261,-0.8782608695652174,-0.34782608695652173,-1.0,-0.09565217391304348,-0.4956521739130435,-0.10869565217391304,-0.7130434782608696,-0.09565217391304348,-0.8434782608695652,-0.08695652173913043,-0.9565217391304348,0.008695652173913044,-0.4434782608695652,0.013043478260869565,-0.6043478260869565,0.021739130434782608,-0.7086956521739131,0.021739130434782608,-0.8043478260869565
7,0.0,0.0,-0.17467248908296942,-0.06986899563318777,-0.31004366812227074,-0.2096069868995633,-0.388646288209607,-0.3537117903930131,-0.45414847161572053,-0.4890829694323144,-0.29694323144104806,-0.47161572052401746,-0.37117903930131,-0.6812227074235808,-0.4148471615720524,-0.8034934497816594,-0.4410480349344978,-0.9126637554585153,-0.2052401746724891,-0.5065502183406113,-0.2794759825327511,-0.7379912663755459,-0.31877729257641924,-0.8820960698689956,-0.34497816593886466,-1.0,-0.10043668122270742,-0.49344978165938863,-0.11790393013100436,-0.7117903930131004,-0.10480349344978165,-0.8384279475982532,-0.09606986899563319,-0.9519650655021834,0.008733624454148471,-0.44541484716157204,0.013100436681222707,-0.6069868995633187,0.021834061135371178,-0.7074235807860262,0.021834061135371178,-0.8034934497816594
7,0.0,0.0,-0.17391304347826086,-0.06956521739130435,-0.30869565217391304,-0.20869565217391303,-0.3826086956521739,-0.3565217391304348,-0.45217391304347826,-0.49130434782608695,-0.29130434782608694,-0.46956521739130436,-0.3695652173913043,-0.6782608695652174,-0.4043478260869565,-0.8,-0.4217391304347826,-0.908695652173913,-0.1956521739130435,-0.5043478260869565,-0.26956521739130435,-0.7391304347826086,-0.30434782608695654,-0.8782608695652174,-0.3217391304347826,-1.0,-0.09565217391304348,-0.4956521739130435,-0.10434782608695652,-0.7086956521739131,-0.08695652173913043,-0.8391304347826087,-0.07391304347826087,-0.9521739130434783,0.013043478260869565,-0.4434782608695652,0.017391304347826087,-0.6,0.02608695652173913,-0.7,0.030434782608695653,-0.7956521739130434
7,0.0,0.0,-0.16956521739130434,-0.06521739130434782,-0.30434782608695654,-0.20434782608695654,-0.3782608695652174,-0.34782608695652173,-0.44782608695652176,-0.48695652173913045,-0.28695652173913044,-0.4652173913043478,-0.36086956521739133,-0.6739130434782609,-0.391304347826087,-0.7956521739130434,-0.40869565217391307,-0.908695652173913,-0.19130434782608696,-0.5043478260869565,-0.2608695652173913,-0.7391304347826086,-0.29130434782608694,-0.8782608695652174,-0.30869565217391304,-1.0,-0.09130434782608696,-0.49130434782608695,-0.09565217391304348,-0.7086956521739131,-0.0782608695652174,-0.8347826086956521,-0.06521739130434782,-0.9478260869565217,0.017391304347826087,-0.4391304347826087,0.021739130434782608,-0.6,0.034782608695652174,-0.7,0.0391304347826087,-0.7913043478260869
7,0.0,0.0,-0.17543859649122806,-0.05263157894736842,-0.31140350877192985,-0.19736842105263158,-0.38596491228070173,-0.34649122807017546,-0.4517543859649123,-0.4868421052631579,-0.29385964912280704,-0.4605263157894737,-0.37280701754385964,-0.6754385964912281,-0.40789473684210525,-0.7982456140350878,-0.42543859649122806,-0.9078947368421053,-0.19298245614035087,-0.5043859649122807,-0.2675438596491228,-0.7368421052631579,-0.2982456140350877,-0.881578947368421,-0.3157894736842105,-1.0,-0.08771929824561403,-0.49122807017543857,-0.09210526315789473,-0.7105263157894737,-0.07456140350877193,-0.8421052631578947,-0.06140350877192982,-0.9517543859649122,0.021929824561403508,-0.44298245614035087,0.03070175438596491,-0.6008771929824561,0.043859649122807015,-0.6973684210526315,0.04824561403508772,-0.7894736842105263
7,0.0,0.0,-0.16810344827586207,-0.06465517241379311,-0.2974137931034483,-0.2025862068965517,-0.36637931034482757,-0.35344827586206895,-0.43103448275862066,-0.49137931034482757,-0.28448275862068967,-0.46551724137931033,-0.3577586206896552,-0.6724137931034483,-0.3879310344827586,-0.7974137931034483,-0.4051724137931034,-0.9051724137931034,-0.1810344827586207,-0.5043103448275862,-0.2543103448275862,-0.7370689655172413,-0.28448275862068967,-0.8793103448275862,-0.3017241379310345,-1.0,-0.07758620689655173,-0.4956896551724138,-0.08189655172413793,-0.7068965517241379,-0.06465517241379311,-0.8318965517241379,-0.05172413793103448,-0.9439655172413793,0.034482758620689655,-0.44396551724137934,0.03879310344827586,-0.5948275862068966,0.05172413793103448,-0.6896551724137931,0.05603448275862069,-0.7801724137931034
7,0.0,0.0,-0.17316017316017315,-0.06493506493506493,-0.30303030303030304,-0.2077922077922078,-0.3722943722943723,-0.3593073593073593,-0.44155844155844154,-0.4935064935064935,-0.2857142857142857,-0.47186147186147187,-0.36796536796536794,-0.6753246753246753,-0.4069264069264069,-0.7922077922077922,-0.42424242424242425,-0.9004329004329005,-0.19047619047619047,-0.5151515151515151,-0.2597402597402597,-0.7402597402597403,-0.29004329004329005,-0.8831168831168831,-0.30735930735930733,-1.0,-0.08658008658008658,-0.5021645021645021,-0.09090909090909091,-0.7142857142857143,-0.06926406926406926,-0.8398268398268398,-0.05627705627705628,-0.948051948051948,0.021645021645021644,-0.45454545454545453,0.030303030303030304,-0.6060606060606061,0.04329004329004329,-0.7056277056277056,0.047619047619047616,-0.7922077922077922
7,0.0,0.0,-0.17316017316017315,-0.06493506493506493,-0.30735930735930733,-0.20346320346320346,-0.38095238095238093,-0.35064935064935066,-0.45021645021645024,-0.48917748917748916,-0.2987012987012987,-0.4675324675324675,-0.3852813852813853,-0.670995670995671,-0.42857142857142855,-0.7922077922077922,-0.45021645021645024,-0.8961038961038961,-0.20346320346320346,-0.5108225108225108,-0.2813852813852814,-0.7402597402597403,-0.31601731601731603,-0.8787878787878788,-0.33766233766233766,-1.0,-0.09956709956709957,-0.5064935064935064,-0.10822510822510822,-0.7186147186147186,-0.09090909090909091,-0.8441558441558441,-0.08225108225108226,-0.9567099567099567,0.008658008658008658,-0.4588744588744589,0.021645021645021644,-0.6147186147186147,0.030303030303030304,-0.70995670995671,0.03463203463203463,-0.8008658008658008
7,0.0,0.0,-0.17543859649122806,-0.06140350877192982,-0.3157894736842105,-0.20175438596491227,-0.39035087719298245,-0.3508771929824561,-0.4605263157894737,-0.49122807017543857,-0.30701754385964913,-0.4649122807017544,-0.39473684210526316,-0.6666666666666666,-0.4342105263157895,-0.7850877192982456,-0.45614035087719296,-0.8947368421052632,-0.2149122807017544,-0.5087719298245614,-0.29385964912280704,-0.7412280701754386,-0.32894736842105265,-0.881578947368421,-0.35526315789473684,-1.0,-0.10964912280701754,-0.5043859649122807,-0.12719298245614036,-0.7192982456140351,-0.11403508771929824,-0.8464912280701754,-0.10964912280701754,-0.956140350877193,0.0,-0.45614035087719296,0.008771929824561403,-0.6140350877192983,0.017543859649122806,-0.7149122807017544,0.013157894736842105,-0.8070175438596491
7,0.0,0.0,-0.1762114537444934,-0.06607929515418502,-0.31718061674008813,-0.2026431718061674,-0.4008810572687225,-0.34801762114537443,-0.4713656387665198,-0.4845814977973568,-0.31277533039647576,-0.46255506607929514,-0.4052863436123348,-0.6651982378854625,-0.44933920704845814,-0.7841409691629956,-0.4713656387665198,-0.8942731277533039,-0.22026431718061673,-0.5066079295154186,-0.31277533039647576,-0.7400881057268722,-0.3568281938325991,-0.8810572687224669,-0.3832599118942731,-1.0,-0.11894273127753303,-0.5022026431718062,-0.13656387665198239,-0.7180616740088106,-0.12334801762114538,-0.8502202643171806,-0.1145374449339207,-0.9647577092511013,-0.00881057268722467,-0.45374449339207046,0.0,-0.6167400881057269,0.00881057268722467,-0.7180616740088106,0.00881057268722467,-0.8149779735682819
7,0.0,0.0,-0.1703056768558952,-0.06550218340611354,-0.31004366812227074,-0.2052401746724891,-0.388646288209607,-0.34497816593886466,-0.4672489082969432,-0.48034934497816595,-0.31004366812227074,-0.4672489082969432,-0.3930131004366812,-0.6681222707423581,-0.4366812227074236,-0.7860262008733624,-0.462882096069869,-0.8951965065502183,-0.2183406113537118,-0.5065502183406113,-0.3056768558951965,-0.7379912663755459,-0.3537117903930131,-0.8777292576419214,-0.38427947598253276,-1.0,-0.11790393013100436,-0.4978165938864629,-0.13537117903930132,-0.7205240174672489,-0.1222707423580786,-0.851528384279476,-0.11353711790393013,-0.9650655021834061,-0.004366812227074236,-0.4497816593886463,0.0,-0.6157205240174672,0.004366812227074236,-0.7161572052401747,0.004366812227074236,-0.8165938864628821
7,0.0,0.0,-0.17982456140350878,-0.06578947368421052,-0.3201754385964912,-0.20175438596491227,-0.40350877192982454,-0.34649122807017546,-0.4868421052631579,-0.4824561403508772,-0.32456140350877194,-0.4649122807017544,-0.41228070175438597,-0.6666666666666666,-0.4605263157894737,-0.7850877192982456,-0.4868421052631579,-0.8903508771929824,-0.2324561403508772,-0.5087719298245614,-0.32456140350877194,-0.7368421052631579,-0.37280701754385964,-0.8771929824561403,-0.40789473684210525,-1.0,-0.13157894736842105,-0.5,-0.14912280701754385,-0.7192982456140351,-0.14035087719298245,-0.8508771929824561,-0.13596491228070176,-0.9649122807017544,-0.021929824561403508,-0.4517543859649123,-0.017543859649122806,-0.6140350877192983,-0.008771929824561403,-0.7192982456140351,-0.008771929824561403,-0.8114035087719298
7,0.0,0.0,-0.17982456140350878,-0.06578947368421052,-0.32456140350877194,-0.20175438596491227,-0.40350877192982454,-0.34210526315789475,-0.4780701754385965,-0.4780701754385965,-0.32894736842105265,-0.4605263157894737,-0.42105263157894735,-0.6666666666666666,-0.4649122807017544,-0.7850877192982456,-0.49122807017543857,-0.8991228070175439,-0.23684210526315788,-0.5,-0.32456140350877194,-0.7324561403508771,-0.37719298245614036,-0.8728070175438597,-0.40789473684210525,-1.0,-0.13157894736842105,-0.49122807017543857,-0.15350877192982457,-0.706140350877193,-0.14912280701754385,-0.8421052631578947,-0.14912280701754385,-0.9605263157894737,-0.021929824561403508,-0.44298245614035087,-0.021929824561403508,-0.6052631578947368,-0.017543859649122806,-0.7105263157894737,-0.021929824561403508,-0.8070175438596491
7,0.0,0.0,-0.18222222222222223,-0.06222222222222222,-0.3288888888888889,-0.20444444444444446,-0.40444444444444444,-0.3466666666666667,-0.48444444444444446,-0.47555555555555556,-0.3333333333333333,-0.4577777777777778,-0.4311111111111111,-0.6577777777777778,-0.47555555555555556,-0.7777777777777778,-0.5066666666666667,-0.8933333333333333,-0.24,-0.5022222222222222,-0.3377777777777778,-0.7288888888888889,-0.39111111111111113,-0.8755555555555555,-0.4222222222222222,-1.0,-0.13777777777777778,-0.49777777777777776,-0.15555555555555556,-0.7111111111111111,-0.15555555555555556,-0.8444444444444444,-0.1511111111111111,-0.96,-0.022222222222222223,-0.4488888888888889,-0.017777777777777778,-0.6133333333333333,-0.017777777777777778,-0.72,-0.017777777777777778,-0.8177777777777778
7,0.0,0.0,-0.18834080717488788,-0.06278026905829596,-0.336322869955157,-0.19282511210762332,-0.4170403587443946,-0.336322869955157,-0.49327354260089684,-0.4663677130044843,-0.34977578475336324,-0.45739910313901344,-0.4484304932735426,-0.6547085201793722,-0.4977578475336323,-0.7713004484304933,-0.5246636771300448,-0.8789237668161435,-0.2556053811659193,-0.5067264573991032,-0.3542600896860987,-0.7354260089686099,-0.4080717488789238,-0.874439461883408,-0.43946188340807174,-1.0,-0.15246636771300448,-0.5022421524663677,-0.17937219730941703,-0.7174887892376681,-0.17937219730941703,-0.852017937219731,-0.17937219730941703,-0.968609865470852,-0.03587443946188341,-0.45739910313901344,-0.03587443946188341,-0.6188340807174888,-0.03139013452914798,-0.7219730941704036,-0.03587443946188341,-0.8161434977578476
7,0.0,0.0,-0.18181818181818182,-0.05454545454545454,-0.3409090909090909,-0.18636363636363637,-0.42727272727272725,-0.33181818181818185,-0.5045454545454545,-0.4681818181818182,-0.36363636363636365,-0.45454545454545453,-0.4636363636363636,-0.6590909090909091,-0.5181818181818182,-0.7772727272727272,-0.55,-0.8863636363636364,-0.2681818181818182,-0.5045454545454545,-0.37272727272727274,-0.7318181818181818,-0.42727272727272725,-0.8727272727272727,-0.4636363636363636,-1.0,-0.16363636363636364,-0.5045454545454545,-0.19090909090909092,-0.7181818181818181,-0.19090909090909092,-0.8590909090909091,-0.18636363636363637,-0.9772727272727273,-0.04090909090909091,-0.4590909090909091,-0.045454545454545456,-0.6272727272727273,-0.045454545454545456,-0.7318181818181818,-0.05,-0.8318181818181818
7,0.0,0.0,-0.1935483870967742,-0.055299539170506916,-0.35023041474654376,-0.1889400921658986,-0.4377880184331797,-0.3271889400921659,-0.5207373271889401,-0.46543778801843316,-0.3640552995391705,-0.45622119815668205,-0.4700460829493088,-0.6543778801843319,-0.5253456221198156,-0.7741935483870968,-0.5668202764976958,-0.8847926267281107,-0.271889400921659,-0.5023041474654378,-0.3778801843317972,-0.7327188940092166,-0.4377880184331797,-0.8755760368663594,-0.4838709677419355,-1.0,-0.16589861751152074,-0.4976958525345622,-0.20276497695852536,-0.7235023041474654,-0.20276497695852536,-0.8617511520737328,-0.19815668202764977,-0.9815668202764977,-0.04608294930875576,-0.45161290322580644,-0.055299539170506916,-0.6221198156682027,-0.055299539170506916,-0.7327188940092166,-0.059907834101382486,-0.8341013824884793
7,0.0,0.0,-0.19090909090909092,-0.05454545454545454,-0.3409090909090909,-0.18636363636363637,-0.42727272727272725,-0.32727272727272727,-0.509090909090909,-0.4590909090909091,-0.35454545454545455,-0.45454545454545453,-0.4636363636363636,-0.6545454545454545,-0.5181818181818182,-0.7772727272727272,-0.5545454545454546,-0.8909090909090909,-0.2636363636363636,-0.5,-0.37727272727272726,-0.7318181818181818,-0.43636363636363634,-0.8727272727272727,-0.4727272727272727,-1.0,-0.1590909090909091,-0.4954545454545455,-0.19090909090909092,-0.7136363636363636,-0.19090909090909092,-0.8545454545454545,-0.19545454545454546,-0.9772727272727273,-0.04090909090909091,-0.45,-0.05,-0.6136363636363636,-0.05,-0.7181818181818181,-0.05909090909090909,-0.8181818181818182
7,0.0,0.0,-0.1872146118721461,-0.0593607305936073,-0.3378995433789954,-0.1963470319634703,-0.4246575342465753,-0.3378995433789954,-0.5068493150684932,-0.4703196347031963,-0.3515981735159817,-0.45662100456621,-0.4520547945205479,-0.6621004566210046,-0.502283105022831,-0.7853881278538812,-0.5388127853881278,-0.8949771689497716,-0.2602739726027397,-0.4977168949771689,-0.365296803652968,-0.730593607305936,-0.4200913242009132,-0.8721461187214612,-0.45662100456621,-1.0,-0.1506849315068493,-0.4885844748858447,-0.182648401826484,-0.7123287671232876,-0.182648401826484,-0.8538812785388128,-0.1780821917808219,-0.9771689497716894,-0.0319634703196347,-0.4383561643835616,-0.0365296803652968,-0.6073059360730594,-0.0319634703196347,-0.7123287671232876,-0.0365296803652968,-0.817351598173516
7,0.0,0.0,-0.18099547511312217,-0.058823529411764705,-0.3212669683257919,-0.19457013574660634,-0.40271493212669685,-0.3393665158371041,-0.4841628959276018,-0.47058823529411764,-0.33031674208144796,-0.45701357466063347,-0.4298642533936652,-0.665158371040724,-0.4796380090497738,-0.7873303167420814,-0.5158371040723982,-0.9049773755656109,-0.2398190045248869,-0.497737556561086,-0.3393665158371041,-0.7330316742081447,-0.3936651583710407,-0.8778280542986425,-0.4343891402714932,-1.0,-0.13122171945701358,-0.48868778280542985,-0.1583710407239819,-0.7104072398190046,-0.1583710407239819,-0.8506787330316742,-0.1583710407239819,-0.9773755656108597,-0.013574660633484163,-0.43891402714932126,-0.01809954751131222,-0.6063348416289592,-0.013574660633484163,-0.7149321266968326,-0.01809954751131222,-0.8190045248868778
7,0.0,0.0,-0.17777777777777778,-0.057777777777777775,-0.31555555555555553,-0.19555555555555557,-0.4,-0.3333333333333333,-0.47555555555555556,-0.4666666666666667,-0.3244444444444444,-0.4577777777777778,-0.4222222222222222,-0.6622222222222223,-0.4711111111111111,-0.7822222222222223,-0.5022222222222222,-0.8977777777777778,-0.2311111111111111,-0.49777777777777776,-0.3288888888888889,-0.7288888888888889,-0.38666666666666666,-0.8711111111111111,-0.4222222222222222,-1.0,-0.1288888888888889,-0.48444444444444446,-0.14222222222222222,-0.7066666666666667,-0.13333333333333333,-0.84,-0.13333333333333333,-0.96,-0.013333333333333334,-0.4311111111111111,-0.013333333333333334,-0.5955555555555555,-0.008888888888888889,-0.7022222222222222,-0.013333333333333334,-0.8
7,0.0,0.0,-0.17857142857142858,-0.05803571428571429,-0.32142857142857145,-0.19642857142857142,-0.39732142857142855,-0.3392857142857143,-0.46875,-0.4732142857142857,-0.32142857142857145,-0.4732142857142857,-0.41964285714285715,-0.6696428571428571,-0.4642857142857143,-0.7946428571428571,-0.49107142857142855,-0.90625,-0.22767857142857142,-0.5133928571428571,-0.33482142857142855,-0.7366071428571429,-0.38839285714285715,-0.8794642857142857,-0.42410714285714285,-1.0,-0.125,-0.5044642857142857,-0.13839285714285715,-0.71875,-0.125,-0.8482142857142857,-0.11607142857142858,-0.9642857142857143,-0.008928571428571428,-0.45089285714285715,-0.008928571428571428,-0.6071428571428571,-0.004464285714285714,-0.7098214285714286,-0.004464285714285714,-0.8080357142857143
7,0.0,0.0,-0.17256637168141592,-0.06637168141592921,-0.3053097345132743,-0.20353982300884957,-0.37610619469026546,-0.3407079646017699,-0.45132743362831856,-0.4690265486725664,-0.30973451327433627,-0.4690265486725664,-0.4026548672566372,-0.668141592920354,-0.45132743362831856,-0.7831858407079646,-0.4778761061946903,-0.8849557522123894,-0.2168141592920354,-0.5132743362831859,-0.30973451327433627,-0.7433628318584071,-0.36283185840707965,-0.8849557522123894,-0.39823008849557523,-1.0,-0.11061946902654868,-0.504424778761062,-0.11946902654867257,-0.7256637168141593,-0.10619469026548672,-0.8539823008849557,-0.09734513274336283,-0.9690265486725663,0.004424778761061947,-0.45132743362831856,0.01327433628318584,-0.6150442477876106,0.017699115044247787,-0.7168141592920354,0.017699115044247787,-0.8097345132743363
7,0.0,0.0,-0.17982456140350878,-0.06140350877192982,-0.31140350877192985,-0.19736842105263158,-0.38596491228070173,-0.33771929824561403,-0.4605263157894737,-0.4692982456140351,-0.31140350877192985,-0.4692982456140351,-0.40789473684210525,-0.6710526315789473,-0.45614035087719296,-0.7894736842105263,-0.4824561403508772,-0.8947368421052632,-0.21929824561403508,-0.5131578947368421,-0.31140350877192985,-0.7456140350877193,-0.35964912280701755,-0.881578947368421,-0.39473684210526316,-1.0,-0.10964912280701754,-0.5,-0.11842105263157894,-0.7192982456140351,-0.10087719298245613,-0.8464912280701754,-0.09210526315789473,-0.9605263157894737,0.0,-0.4473684210526316,0.008771929824561403,-0.6052631578947368,0.017543859649122806,-0.7017543859649122,0.021929824561403508,-0.7982456140350878
7,0.0,0.0,-0.1703056768558952,-0.06550218340611354,-0.3056768558951965,-0.2052401746724891,-0.3799126637554585,-0.34934497816593885,-0.4497816593886463,-0.48034934497816595,-0.2925764192139738,-0.47161572052401746,-0.3799126637554585,-0.6724890829694323,-0.42358078602620086,-0.7903930131004366,-0.45414847161572053,-0.8951965065502183,-0.20087336244541484,-0.5152838427947598,-0.2838427947598253,-0.74235807860262,-0.32751091703056767,-0.8820960698689956,-0.35807860262008734,-1.0,-0.09606986899563319,-0.5065502183406113,-0.10480349344978165,-0.7205240174672489,-0.09170305676855896,-0.8471615720524017,-0.07860262008733625,-0.9606986899563319,0.013100436681222707,-0.45414847161572053,0.017467248908296942,-0.611353711790393,0.026200873362445413,-0.7117903930131004,0.03056768558951965,-0.7991266375545851
7,0.0,0.0,-0.16956521739130434,-0.06956521739130435,-0.3,-0.20869565217391303,-0.3695652173913043,-0.3521739130434783,-0.43478260869565216,-0.4826086956521739,-0.2782608695652174,-0.4782608695652174,-0.3652173913043478,-0.6739130434782609,-0.4043478260869565,-0.7913043478260869,-0.4260869565217391,-0.8956521739130435,-0.1826086956521739,-0.5173913043478261,-0.26521739130434785,-0.7478260869565218,-0.30434782608695654,-0.8826086956521739,-0.32608695652173914,-1.0,-0.08260869565217391,-0.508695652173913,-0.08695652173913043,-0.7217391304347827,-0.06521739130434782,-0.8521739130434782,-0.05217391304347826,-0.9565217391304348,0.02608695652173913,-0.4608695652173913,0.034782608695652174,-0.6173913043478261,0.043478260869565216,-0.7130434782608696,0.04782608695652174,-0.8043478260869565
7,0.0,0.0,-0.16883116883116883,-0.06493506493506493,-0.30303030303030304,-0.19913419913419914,-0.38095238095238093,-0.3463203463203463,-0.44155844155844154,-0.48917748917748916,-0.2943722943722944,-0.4675324675324675,-0.38095238095238093,-0.6623376623376623,-0.4199134199134199,-0.7792207792207793,-0.44155844155844154,-0.8831168831168831,-0.19913419913419914,-0.5151515151515151,-0.2813852813852814,-0.7402597402597403,-0.3203463203463203,-0.8787878787878788,-0.341991341991342,-1.0,-0.09523809523809523,-0.5108225108225108,-0.1038961038961039,-0.7186147186147186,-0.08225108225108226,-0.8484848484848485,-0.06926406926406926,-0.9567099567099567,0.012987012987012988,-0.4588744588744589,0.021645021645021644,-0.6190476190476191,0.03463203463203463,-0.7142857142857143,0.03896103896103896,-0.8051948051948052
7,0.0,0.0,-0.17316017316017315,-0.06493506493506493,-0.30735930735930733,-0.20346320346320346,-0.38095238095238093,-0.35064935064935066,-0.45021645021645024,-0.48917748917748916,-0.2943722943722944,-0.4675324675324675,-0.3852813852813853,-0.670995670995671,-0.42424242424242425,-0.7878787878787878,-0.4458874458874459,-0.8961038961038961,-0.19913419913419914,-0.5108225108225108,-0.2813852813852814,-0.7402597402597403,-0.3203463203463203,-0.8787878787878788,-0.33766233766233766,-1.0,-0.09523809523809523,-0.5021645021645021,-0.10822510822510822,-0.7186147186147186,-0.09090909090909091,-0.8441558441558441,-0.0735930735930736,-0.9567099567099567,0.017316017316017316,-0.45021645021645024,0.021645021645021644,-0.6103896103896104,0.030303030303030304,-0.7056277056277056,0.030303030303030304,-0.8008658008658008
7,0.0,0.0,-0.17316017316017315,-0.06493506493506493,-0.30735930735930733,-0.20346320346320346,-0.38095238095238093,-0.3463203463203463,-0.44155844155844154,-0.48484848484848486,-0.29004329004329005,-0.4675324675324675,-0.3722943722943723,-0.6753246753246753,-0.41125541125541126,-0.7965367965367965,-0.4329004329004329,-0.9004329004329005,-0.19480519480519481,-0.5108225108225108,-0.27705627705627706,-0.7445887445887446,-0.3116883116883117,-0.8831168831168831,-0.3333333333333333,-1.0,-0.09090909090909091,-0.5064935064935064,-0.09956709956709957,-0.7229437229437229,-0.08225108225108226,-0.8528138528138528,-0.06493506493506493,-0.961038961038961,0.017316017316017316,-0.45454545454545453,0.025974025974025976,-0.6147186147186147,0.03896103896103896,-0.7142857142857143,0.047619047619047616,-0.8051948051948052
7,0.0,0.0,-0.1724137931034483,-0.06465517241379311,-0.3103448275862069,-0.19827586206896552,-0.3793103448275862,-0.34051724137931033,-0.44396551724137934,-0.4827586206896552,-0.3017241379310345,-0.46120689655172414,-0.3922413793103448,-0.6681034482758621,-0.43103448275862066,-0.7844827586206896,-0.45689655172413796,-0.8922413793103449,-0.2025862068965517,-0.5086206896551724,-0.28879310344827586,-0.7413793103448276,-0.3275862068965517,-0.8793103448275862,-0.35344827586206895,-1.0,-0.09913793103448276,-0.5,-0.11206896551724138,-0.7155172413793104,-0.09482758620689655,-0.8448275862068966,-0.08189655172413793,-0.9568965517241379,0.01293103448275862,-0.4525862068965517,0.021551724137931036,-0.6163793103448276,0.034482758620689655,-0.7155172413793104,0.034482758620689655,-0.8060344827586207
7,0.0,0.0,-0.18340611353711792,-0.0611353711790393,-0.32751091703056767,-0.1965065502183406,-0.40611353711790393,-0.34497816593886466,-0.47161572052401746,-0.4847161572052402,-0.31877729257641924,-0.462882096069869,-0.40611353711790393,-0.6681222707423581,-0.4497816593886463,-0.7860262008733624,-0.4759825327510917,-0.8908296943231441,-0.22270742358078602,-0.5109170305676856,-0.3056768558951965,-0.74235807860262,-0.34934497816593885,-0.8777292576419214,-0.37554585152838427,-1.0,-0.11790393013100436,-0.5065502183406113,-0.13100436681222707,-0.7205240174672489,-0.11790393013100436,-0.851528384279476,-0.1091703056768559,-0.9606986899563319,-0.004366812227074236,-0.4585152838427948,0.0,-0.6200873362445415,0.013100436681222707,-0.7205240174672489,0.013100436681222707,-0.8078602620087336
7,0.0,0.0,-0.17982456140350878,-0.05701754385964912,-0.32456140350877194,-0.19298245614035087,-0.40350877192982454,-0.3333333333333333,-0.47368421052631576,-0.47368421052631576,-0.3157894736842105,-0.4649122807017544,-0.41228070175438597,-0.6666666666666666,-0.45614035087719296,-0.7807017543859649,-0.4824561403508772,-0.8903508771929824,-0.2236842105263158,-0.5087719298245614,-0.31140350877192985,-0.7412280701754386,-0.35964912280701755,-0.8771929824561403,-0.38596491228070173,-1.0,-0.11842105263157894,-0.5,-0.13157894736842105,-0.7192982456140351,-0.11842105263157894,-0.8464912280701754,-0.10964912280701754,-0.9605263157894737,-0.008771929824561403,-0.45614035087719296,-0.0043859649122807015,-0.6140350877192983,0.0043859649122807015,-0.7105263157894737,0.0043859649122807015,-0.8026315789473685
7,0.0,0.0,-0.17982456140350878,-0.06140350877192982,-0.3201754385964912,-0.19736842105263158,-0.3991228070175439,-0.34210526315789475,-0.4692982456140351,-0.47368421052631576,-0.3201754385964912,-0.4649122807017544,-0.4166666666666667,-0.6622807017543859,-0.4649122807017544,-0.7763157894736842,-0.49122807017543857,-0.881578947368421,-0.22807017543859648,-0.5087719298245614,-0.32456140350877194,-0.7412280701754386,-0.37280701754385964,-0.881578947368421,-0.40350877192982454,-1.0,-0.12280701754385964,-0.5,-0.13596491228070176,-0.7236842105263158,-0.12719298245614036,-0.8552631578947368,-0.11842105263157894,-0.9649122807017544,-0.013157894736842105,-0.4517543859649123,-0.0043859649122807015,-0.6140350877192983,0.0043859649122807015,-0.7149122807017544,0.008771929824561403,-0.8114035087719298
7,0.0,0.0,-0.18502202643171806,-0.06607929515418502,-0.3303964757709251,-0.19823788546255505,-0.4052863436123348,-0.3392070484581498,-0.4713656387665198,-0.47577092511013214,-0.32599118942731276,-0.46255506607929514,-0.4185022026431718,-0.6651982378854625,-0.46255506607929514,-0.7841409691629956,-0.4889867841409692,-0.8942731277533039,-0.23348017621145375,-0.5066079295154186,-0.32599118942731276,-0.73568281938326,-0.3744493392070485,-0.8766519823788547,-0.40969162995594716,-1.0,-0.1277533039647577,-0.4977973568281938,-0.14096916299559473,-0.7136563876651982,-0.13215859030837004,-0.8458149779735683,-0.1277533039647577,-0.960352422907489,-0.013215859030837005,-0.44933920704845814,-0.004405286343612335,-0.6123348017621145,0.0,-0.7136563876651982,0.0,-0.8061674008810573
7,0.0,0.0,-0.17699115044247787,-0.06637168141592921,-0.3230088495575221,-0.19469026548672566,-0.4026548672566372,-0.33185840707964603,-0.47345132743362833,-0.4646017699115044,-0.3274336283185841,-0.46017699115044247,-0.4247787610619469,-0.6637168141592921,-0.47345132743362833,-0.7831858407079646,-0.504424778761062,-0.8893805309734514,-0.2345132743362832,-0.504424778761062,-0.33185840707964603,-0.7345132743362832,-0.38495575221238937,-0.8761061946902655,-0.4247787610619469,-1.0,-0.13274336283185842,-0.5,-0.14601769911504425,-0.7168141592920354,-0.13716814159292035,-0.8495575221238938,-0.13716814159292035,-0.9646017699115044,-0.017699115044247787,-0.45132743362831856,-0.01327433628318584,-0.6150442477876106,-0.008849557522123894,-0.7212389380530974,-0.017699115044247787,-0.8141592920353983
7,0.0,0.0,-0.18222222222222223,-0.057777777777777775,-0.3288888888888889,-0.19111111111111112,-0.4088888888888889,-0.3288888888888889,-0.48444444444444446,-0.4666666666666667,-0.3422222222222222,-0.4622222222222222,-0.44,-0.6622222222222223,-0.48444444444444446,-0.7822222222222223,-0.5111111111111111,-0.8977777777777778,-0.24444444444444444,-0.5066666666666667,-0.3377777777777778,-0.7333333333333333,-0.39111111111111113,-0.8755555555555555,-0.4222222222222222,-1.0,-0.14222222222222222,-0.5022222222222222,-0.16,-0.7155555555555555,-0.16,-0.8488888888888889,-0.16444444444444445,-0.96,-0.02666666666666667,-0.4533333333333333,-0.022222222222222223,-0.6222222222222222,-0.022222222222222223,-0.7244444444444444,-0.02666666666666667,-0.8222222222222222
7,0.0,0.0,-0.17857142857142858,-0.05803571428571429,-0.32589285714285715,-0.19196428571428573,-0.40625,-0.33482142857142855,-0.48214285714285715,-0.4642857142857143,-0.33482142857142855,-0.45982142857142855,-0.4330357142857143,-0.6607142857142857,-0.48660714285714285,-0.7767857142857143,-0.5133928571428571,-0.8839285714285714,-0.24553571428571427,-0.5044642857142857,-0.3482142857142857,-0.7366071428571429,-0.4017857142857143,-0.875,-0.4375,-1.0,-0.14285714285714285,-0.5,-0.16964285714285715,-0.7232142857142857,-0.16964285714285715,-0.8571428571428571,-0.16517857142857142,-0.9732142857142857,-0.026785714285714284,-0.45982142857142855,-0.026785714285714284,-0.625,-0.022321428571428572,-0.7321428571428571,-0.026785714285714284,-0.8303571428571429
7,0.0,0.0,-0.17857142857142858,-0.05803571428571429,-0.32589285714285715,-0.1875,-0.4107142857142857,-0.33035714285714285,-0.48660714285714285,-0.46875,-0.3482142857142857,-0.45535714285714285,-0.45535714285714285,-0.65625,-0.5089285714285714,-0.7723214285714286,-0.5401785714285714,-0.8794642857142857,-0.25892857142857145,-0.5044642857142857,-0.36160714285714285,-0.7321428571428571,-0.41964285714285715,-0.8705357142857143,-0.45535714285714285,-1.0,-0.15625,-0.5,-0.1875,-0.71875,-0.18303571428571427,-0.8571428571428571,-0.17410714285714285,-0.9776785714285714,-0.04017857142857143,-0.45535714285714285,-0.044642857142857144,-0.625,-0.04017857142857143,-0.7321428571428571,-0.044642857142857144,-0.8348214285714286
7,0.0,0.0,-0.17937219730941703,-0.05829596412556054,-0.3273542600896861,-0.19282511210762332,-0.4080717488789238,-0.33183856502242154,-0.48878923766816146,-0.4663677130044843,-0.336322869955157,-0.45739910313901344,-0.43946188340807174,-0.6547085201793722,-0.49327354260089684,-0.7757847533632287,-0.5291479820627802,-0.8834080717488789,-0.24663677130044842,-0.5022421524663677,-0.3542600896860987,-0.7309417040358744,-0.4125560538116592,-0.874439461883408,-0.452914798206278,-1.0,-0.14349775784753363,-0.49327354260089684,-0.17937219730941703,-0.7174887892376681,-0.17488789237668162,-0.8565022421524664,-0.16591928251121077,-0.9775784753363229,-0.026905829596412557,-0.4484304932735426,-0.03587443946188341,-0.6233183856502242,-0.03139013452914798,-0.7309417040358744,-0.03587443946188341,-0.8340807174887892
7,0.0,0.0,-0.18018018018018017,-0.06306306306306306,-0.32432432432432434,-0.1981981981981982,-0.4099099099099099,-0.3333333333333333,-0.4954954954954955,-0.46396396396396394,-0.33783783783783783,-0.4594594594594595,-0.44594594594594594,-0.6576576576576577,-0.5045045045045045,-0.7702702702702703,-0.5405405405405406,-0.8783783783783784,-0.24774774774774774,-0.5045045045045045,-0.35585585585585583,-0.7297297297297297,-0.4189189189189189,-0.8738738738738738,-0.4594594594594595,-1.0,-0.14414414414414414,-0.5045045045045045,-0.18018018018018017,-0.7207207207207207,-0.18018018018018017,-0.8603603603603603,-0.18018018018018017,-0.9819819819819819,-0.03153153153153153,-0.4594594594594595,-0.036036036036036036,-0.6306306306306306,-0.036036036036036036,-0.7387387387387387,-0.04054054054054054,-0.8378378378378378
7,0.0,0.0,-0.17937219730941703,-0.06278026905829596,-0.32286995515695066,-0.20179372197309417,-0.40358744394618834,-0.34080717488789236,-0.48878923766816146,-0.4663677130044843,-0.33183856502242154,-0.4663677130044843,-0.4349775784753363,-0.6681614349775785,-0.49327354260089684,-0.7847533632286996,-0.5336322869955157,-0.8923766816143498,-0.242152466367713,-0.5067264573991032,-0.3542600896860987,-0.7309417040358744,-0.4125560538116592,-0.874439461883408,-0.45739910313901344,-1.0,-0.13901345291479822,-0.4977578475336323,-0.17488789237668162,-0.7174887892376681,-0.17937219730941703,-0.852017937219731,-0.17937219730941703,-0.9730941704035875,-0.026905829596412557,-0.4484304932735426,-0.03139013452914798,-0.6188340807174888,-0.03139013452914798,-0.7219730941704036,-0.04035874439461883,-0.8251121076233184
7,0.0,0.0,-0.18018018018018017,-0.05855855855855856,-0.32882882882882886,-0.19369369369369369,-0.4144144144144144,-0.3333333333333333,-0.5045045045045045,-0.4594594594594595,-0.35135135135135137,-0.4594594594594595,-0.4594594594594595,-0.6621621621621622,-0.5135135135135135,-0.7792792792792793,-0.5540540540540541,-0.8873873873873874,-0.25675675675675674,-0.5,-0.36486486486486486,-0.7297297297297297,-0.42792792792792794,-0.8738738738738738,-0.46846846846846846,-1.0,-0.15315315315315314,-0.49099099099099097,-0.18468468468468469,-0.7117117117117117,-0.18468468468468469,-0.8513513513513513,-0.1891891891891892,-0.9774774774774775,-0.036036036036036036,-0.44594594594594594,-0.04504504504504504,-0.6216216216216216,-0.04504504504504504,-0.7297297297297297,-0.04954954954954955,-0.8333333333333334
7,0.0,0.0,-0.17488789237668162,-0.06278026905829596,-0.3183856502242152,-0.19730941704035873,-0.4080717488789238,-0.336322869955157,-0.484304932735426,-0.47085201793721976,-0.3273542600896861,-0.4618834080717489,-0.4260089686098655,-0.6636771300448431,-0.4798206278026906,-0.7847533632286996,-0.515695067264574,-0.8968609865470852,-0.23766816143497757,-0.5022421524663677,-0.34080717488789236,-0.7309417040358744,-0.3991031390134529,-0.874439461883408,-0.43946188340807174,-1.0,-0.13452914798206278,-0.49327354260089684,-0.17040358744394618,-0.7130044843049327,-0.17040358744394618,-0.8475336322869955,-0.17040358744394618,-0.9730941704035875,-0.017937219730941704,-0.4484304932735426,-0.03139013452914798,-0.6188340807174888,-0.026905829596412557,-0.7219730941704036,-0.03587443946188341,-0.8251121076233184
7,0.0,0.0,-0.17410714285714285,-0.0625,-0.32142857142857145,-0.20089285714285715,-0.40625,-0.3392857142857143,-0.48660714285714285,-0.4732142857142857,-0.32589285714285715,-0.46875,-0.42857142857142855,-0.6696428571428571,-0.48660714285714285,-0.7901785714285714,-0.5267857142857143,-0.9017857142857143,-0.24107142857142858,-0.5089285714285714,-0.34375,-0.7366071428571429,-0.39732142857142855,-0.8794642857142857,-0.4375,-1.0,-0.13839285714285715,-0.5,-0.16964285714285715,-0.71875,-0.16517857142857142,-0.8571428571428571,-0.16071428571428573,-0.9776785714285714,-0.022321428571428572,-0.45535714285714285,-0.03125,-0.625,-0.03125,-0.7321428571428571,-0.04017857142857143,-0.8303571428571429
7,0.0,0.0,-0.18061674008810572,-0.06167400881057269,-0.32158590308370044,-0.19823788546255505,-0.3964757709251101,-0.3392070484581498,-0.4713656387665198,-0.4713656387665198,-0.32158590308370044,-0.4669603524229075,-0.4052863436123348,-0.6740088105726872,-0.44933920704845814,-0.7973568281938326,-0.4801762114537445,-0.9118942731277533,-0.23348017621145375,-0.5066079295154186,-0.32599118942731276,-0.73568281938326,-0.3744493392070485,-0.8766519823788547,-0.4052863436123348,-1.0,-0.13215859030837004,-0.4933920704845815,-0.15859030837004406,-0.7136563876651982,-0.15418502202643172,-0.8502202643171806,-0.14977973568281938,-0.9647577092511013,-0.01762114537444934,-0.44493392070484583,-0.022026431718061675,-0.6123348017621145,-0.01762114537444934,-0.7180616740088106,-0.022026431718061675,-0.8193832599118943
7,0.0,0.0,-0.16883116883116883,-0.06493506493506493,-0.30735930735930733,-0.19913419913419914,-0.37662337662337664,-0.341991341991342,-0.4458874458874459,-0.4805194805194805,-0.30735930735930733,-0.4588744588744589,-0.3939393939393939,-0.6666666666666666,-0.43722943722943725,-0.7922077922077922,-0.4675324675324675,-0.9047619047619048,-0.21212121212121213,-0.49783549783549785,-0.2987012987012987,-0.7316017316017316,-0.3463203463203463,-0.8744588744588745,-0.37662337662337664,-1.0,-0.10822510822510822,-0.48484848484848486,-0.1341991341991342,-0.7056277056277056,-0.1341991341991342,-0.8398268398268398,-0.1341991341991342,-0.961038961038961,0.004329004329004329,-0.43722943722943725,-0.004329004329004329,-0.6060606060606061,-0.004329004329004329,-0.7142857142857143,-0.008658008658008658,-0.8138528138528138
7,0.0,0.0,-0.16738197424892703,-0.06437768240343347,-0.30042918454935624,-0.2017167381974249,-0.36909871244635195,-0.34334763948497854,-0.44206008583690987,-0.47639484978540775,-0.296137339055794,-0.4721030042918455,-0.3776824034334764,-0.6781115879828327,-0.41630901287553645,-0.8025751072961373,-0.44206008583690987,-0.9098712446351931,-0.2017167381974249,-0.5107296137339056,-0.2832618025751073,-0.7381974248927039,-0.3261802575107296,-0.8798283261802575,-0.3605150214592275,-1.0,-0.09871244635193133,-0.4978540772532189,-0.11587982832618025,-0.7167381974248928,-0.11158798283261803,-0.8454935622317596,-0.11158798283261803,-0.9613733905579399,0.012875536480686695,-0.44635193133047213,0.008583690987124463,-0.6180257510729614,0.012875536480686695,-0.721030042918455,0.004291845493562232,-0.8154506437768241
7,0.0,0.0,-0.1774891774891775,-0.05627705627705628,-0.31601731601731603,-0.19480519480519481,-0.3939393939393939,-0.341991341991342,-0.4588744588744589,-0.47619047619047616,-0.31601731601731603,-0.4675324675324675,-0.4069264069264069,-0.6666666666666666,-0.45021645021645024,-0.7835497835497836,-0.4805194805194805,-0.8874458874458875,-0.22077922077922077,-0.5108225108225108,-0.31601731601731603,-0.7445887445887446,-0.3593073593073593,-0.8831168831168831,-0.38961038961038963,-1.0,-0.11688311688311688,-0.5064935064935064,-0.13852813852813853,-0.7272727272727273,-0.12554112554112554,-0.8571428571428571,-0.12121212121212122,-0.9696969696969697,-0.004329004329004329,-0.45454545454545453,0.0,-0.6190476190476191,0.004329004329004329,-0.7229437229437229,0.0,-0.8181818181818182
