4,0.0,0.0,-0.1,-0.24583333333333332,-0.275,-0.5625,-0.37916666666666665,-0.8041666666666667,-0.4375,-1.0,-0.3375,-0.5625,-0.6791666666666667,-0.4666666666666667,-0.5916666666666667,-0.375,-0.4791666666666667,-0.39166666666666666,-0.31666666666666665,-0.425,-0.6958333333333333,-0.325,-0.6083333333333333,-0.25416666666666665,-0.5083333333333333,-0.26666666666666666,-0.31666666666666665,-0.25833333333333336,-0.6833333333333333,-0.2125,-0.6,-0.15,-0.49583333333333335,-0.15416666666666667,-0.325,-0.0875,-0.625,-0.10416666666666667,-0.8041666666666667,-0.12083333333333333,-0.95,-0.15416666666666667
4,0.0,0.0,-0.09166666666666666,-0.24583333333333332,-0.2625,-0.5666666666666667,-0.37083333333333335,-0.8083333333333333,-0.4375,-1.0,-0.325,-0.5708333333333333,-0.6833333333333333,-0.48333333333333334,-0.6,-0.3958333333333333,-0.48333333333333334,-0.4083333333333333,-0.3,-0.43333333333333335,-0.6916666666666667,-0.3416666666666667,-0.6041666666666666,-0.2708333333333333,-0.5041666666666667,-0.2875,-0.30416666666666664,-0.2708333333333333,-0.6791666666666667,-0.225,-0.6,-0.1625,-0.5,-0.16666666666666666,-0.31666666666666665,-0.1,-0.6208333333333333,-0.11666666666666667,-0.7958333333333333,-0.12916666666666668,-0.9416666666666667,-0.15833333333333333
4,0.0,0.0,-0.09166666666666666,-0.25416666666666665,-0.25416666666666665,-0.5708333333333333,-0.35,-0.8083333333333333,-0.4041666666666667,-1.0,-0.31666666666666665,-0.5708333333333333,-0.6666666666666666,-0.49166666666666664,-0.5833333333333334,-0.4083333333333333,-0.4708333333333333,-0.4166666666666667,-0.3,-0.43333333333333335,-0.6833333333333333,-0.3625,-0.5958333333333333,-0.3,-0.49583333333333335,-0.30833333333333335,-0.3125,-0.2625,-0.6791666666666667,-0.25416666666666665,-0.6,-0.19583333333333333,-0.5,-0.19166666666666668,-0.3333333333333333,-0.09583333333333334,-0.625,-0.12916666666666668,-0.7958333333333333,-0.14583333333333334,-0.9375,-0.175
4,0.0,0.0,-0.0815450643776824,-0.2575107296137339,-0.2532188841201717,-0.5665236051502146,-0.3562231759656652,-0.8111587982832618,-0.41201716738197425,-1.0,-0.3218884120171674,-0.5278969957081545,-0.6824034334763949,-0.5236051502145923,-0.5879828326180258,-0.45064377682403434,-0.463519313304721,-0.44206008583690987,-0.31759656652360513,-0.3948497854077253,-0.6952789699570815,-0.37339055793991416,-0.5879828326180258,-0.3133047210300429,-0.48068669527896996,-0.30472103004291845,-0.33047210300429186,-0.2317596566523605,-0.6952789699570815,-0.2532188841201717,-0.6008583690987125,-0.2017167381974249,-0.4892703862660944,-0.19313304721030042,-0.351931330472103,-0.06866952789699571,-0.6523605150214592,-0.0944206008583691,-0.8240343347639485,-0.1072961373390558,-0.9656652360515021,-0.12875536480686695
4,0.0,0.0,-0.0811965811965812,-0.24358974358974358,-0.24786324786324787,-0.5598290598290598,-0.3333333333333333,-0.8076923076923077,-0.3803418803418803,-1.0,-0.28205128205128205,-0.5470085470085471,-0.6538461538461539,-0.5,-0.5641025641025641,-0.405982905982906,-0.44871794871794873,-0.4017094017094017,-0.2606837606837607,-0.405982905982906,-0.6709401709401709,-0.34615384615384615,-0.5769230769230769,-0.26495726495726496,-0.47863247863247865,-0.2777777777777778,-0.2692307692307692,-0.23931623931623933,-0.6538461538461539,-0.2264957264957265,-0.5769230769230769,-0.1623931623931624,-0.4700854700854701,-0.1623931623931624,-0.2905982905982906,-0.07264957264957266,-0.6068376068376068,-0.11538461538461539,-0.7991452991452992,-0.12393162393162394,-0.9572649572649573,-0.1452991452991453
4,0.0,0.0,-0.07563025210084033,-0.24789915966386555,-0.21008403361344538,-0.5714285714285714,-0.2815126050420168,-0.8109243697478992,-0.3067226890756303,-1.0,-0.24789915966386555,-0.6008403361344538,-0.6050420168067226,-0.5378151260504201,-0.5294117647058824,-0.4369747899159664,-0.41596638655462187,-0.4369747899159664,-0.24369747899159663,-0.47478991596638653,-0.634453781512605,-0.4117647058823529,-0.5504201680672269,-0.3319327731092437,-0.453781512605042,-0.33613445378151263,-0.2647058823529412,-0.31932773109243695,-0.6386554621848739,-0.31932773109243695,-0.5630252100840336,-0.24789915966386555,-0.4579831932773109,-0.23529411764705882,-0.29831932773109243,-0.15966386554621848,-0.592436974789916,-0.2184873949579832,-0.7605042016806722,-0.24789915966386555,-0.8949579831932774,-0.2857142857142857
4,0.0,0.0,-0.07142857142857142,-0.24789915966386555,-0.2184873949579832,-0.5672268907563025,-0.31092436974789917,-0.8025210084033614,-0.35714285714285715,-1.0,-0.2773109243697479,-0.5630252100840336,-0.6386554621848739,-0.5126050420168067,-0.5504201680672269,-0.42436974789915966,-0.4411764705882353,-0.42436974789915966,-0.2647058823529412,-0.42857142857142855,-0.6554621848739496,-0.36554621848739494,-0.5546218487394958,-0.29411764705882354,-0.453781512605042,-0.3067226890756303,-0.27310924369747897,-0.2647058823529412,-0.634453781512605,-0.24369747899159663,-0.5462184873949579,-0.18907563025210083,-0.4369747899159664,-0.19327731092436976,-0.29411764705882354,-0.10084033613445378,-0.5798319327731093,-0.13445378151260504,-0.7605042016806722,-0.15966386554621848,-0.9159663865546218,-0.19327731092436976
4,0.0,0.0,-0.08658008658008658,-0.2554112554112554,-0.22943722943722944,-0.5627705627705628,-0.2943722943722944,-0.8095238095238095,-0.3246753246753247,-1.0,-0.23809523809523808,-0.5757575757575758,-0.6103896103896104,-0.5324675324675324,-0.5367965367965368,-0.42857142857142855,-0.42857142857142855,-0.4199134199134199,-0.21645021645021645,-0.44155844155844154,-0.6406926406926406,-0.3852813852813853,-0.5497835497835498,-0.30735930735930733,-0.45021645021645024,-0.31601731601731603,-0.23376623376623376,-0.2727272727272727,-0.6233766233766234,-0.2683982683982684,-0.5497835497835498,-0.20346320346320346,-0.4458874458874459,-0.19480519480519481,-0.2683982683982684,-0.1038961038961039,-0.5757575757575758,-0.17316017316017315,-0.7532467532467533,-0.20346320346320346,-0.9004329004329005,-0.22943722943722944
4,0.0,0.0,-0.10666666666666667,-0.26666666666666666,-0.28,-0.5644444444444444,-0.39555555555555555,-0.8,-0.4711111111111111,-1.0,-0.3111111111111111,-0.52,-0.6844444444444444,-0.48444444444444446,-0.6088888888888889,-0.4222222222222222,-0.5022222222222222,-0.43555555555555553,-0.3022222222222222,-0.36444444444444446,-0.7155555555555555,-0.3244444444444444,-0.6222222222222222,-0.28888888888888886,-0.49777777777777776,-0.3022222222222222,-0.3111111111111111,-0.2088888888888889,-0.6933333333333334,-0.20444444444444446,-0.6044444444444445,-0.1688888888888889,-0.48444444444444446,-0.17777777777777778,-0.3422222222222222,-0.06222222222222222,-0.6266666666666667,-0.07111111111111111,-0.5777777777777777,-0.057777777777777775,-0.48444444444444446,-0.057777777777777775
4,0.0,0.0,-0.1145374449339207,-0.2422907488986784,-0.29955947136563876,-0.5330396475770925,-0.4185022026431718,-0.762114537444934,-0.4889867841409692,-0.947136563876652,-0.3700440528634361,-0.5110132158590308,-0.7312775330396476,-0.42731277533039647,-0.6343612334801763,-0.3656387665198238,-0.5198237885462555,-0.3832599118942731,-0.34801762114537443,-0.3744493392070485,-0.73568281938326,-0.28634361233480177,-0.6343612334801763,-0.23348017621145375,-0.5330396475770925,-0.2643171806167401,-0.3436123348017621,-0.20704845814977973,-0.7224669603524229,-0.17180616740088106,-0.6343612334801763,-0.1145374449339207,-0.5286343612334802,-0.1277533039647577,-0.3524229074889868,-0.030837004405286344,-0.6519823788546255,-0.04405286343612335,-0.8414096916299559,-0.03524229074889868,-1.0,-0.039647577092511016
4,0.0,0.0,-0.12931034482758622,-0.23275862068965517,-0.34051724137931033,-0.5129310344827587,-0.46120689655172414,-0.728448275862069,-0.5387931034482759,-0.9051724137931034,-0.40948275862068967,-0.49137931034482757,-0.7543103448275862,-0.35344827586206895,-0.6379310344827587,-0.29310344827586204,-0.5258620689655172,-0.3232758620689655,-0.375,-0.34913793103448276,-0.7413793103448276,-0.2025862068965517,-0.6206896551724138,-0.16810344827586207,-0.521551724137931,-0.2025862068965517,-0.3577586206896552,-0.1724137931034483,-0.7068965517241379,-0.08189655172413793,-0.6077586206896551,-0.05603448275862069,-0.5,-0.07758620689655173,-0.35344827586206895,0.004310344827586207,-0.6594827586206896,0.034482758620689655,-0.8405172413793104,0.05172413793103448,-1.0,0.0603448275862069
4,0.0,0.0,-0.125,-0.22844827586206898,-0.34913793103448276,-0.5086206896551724,-0.4827586206896552,-0.7241379310344828,-0.5517241379310345,-0.9051724137931034,-0.40948275862068967,-0.49137931034482757,-0.7586206896551724,-0.3620689655172414,-0.6594827586206896,-0.28448275862068967,-0.5517241379310345,-0.3232758620689655,-0.375,-0.35344827586206895,-0.75,-0.21982758620689655,-0.646551724137931,-0.15948275862068967,-0.5517241379310345,-0.1939655172413793,-0.3577586206896552,-0.17672413793103448,-0.7112068965517241,-0.09051724137931035,-0.6206896551724138,-0.04310344827586207,-0.5129310344827587,-0.06896551724137931,-0.35344827586206895,0.0,-0.6594827586206896,0.01293103448275862,-0.8448275862068966,0.021551724137931036,-1.0,0.008620689655172414
4,0.0,0.0,-0.13839285714285715,-0.24553571428571427,-0.34375,-0.5267857142857143,-0.48214285714285715,-0.7410714285714286,-0.5803571428571429,-0.9107142857142857,-0.40625,-0.47767857142857145,-0.7589285714285714,-0.35267857142857145,-0.6517857142857143,-0.29017857142857145,-0.53125,-0.32142857142857145,-0.3705357142857143,-0.33482142857142855,-0.7410714285714286,-0.19642857142857142,-0.6294642857142857,-0.16071428571428573,-0.53125,-0.19642857142857142,-0.35714285714285715,-0.16964285714285715,-0.7142857142857143,-0.08035714285714286,-0.6160714285714286,-0.05357142857142857,-0.5089285714285714,-0.08035714285714286,-0.35267857142857145,0.004464285714285714,-0.6651785714285714,0.04017857142857143,-0.8482142857142857,0.07142857142857142,-1.0,0.08482142857142858
4,0.0,0.0,-0.13656387665198239,-0.23348017621145375,-0.3568281938325991,-0.5154185022026432,-0.4933920704845815,-0.7224669603524229,-0.5859030837004405,-0.8942731277533039,-0.42290748898678415,-0.4933920704845815,-0.7533039647577092,-0.34801762114537443,-0.6475770925110133,-0.28634361233480177,-0.5374449339207048,-0.32599118942731276,-0.3876651982378855,-0.3524229074889868,-0.7444933920704846,-0.21585903083700442,-0.6387665198237885,-0.17180616740088106,-0.5418502202643172,-0.20704845814977973,-0.3656387665198238,-0.1762114537444934,-0.7180616740088106,-0.09251101321585903,-0.6211453744493393,-0.05726872246696035,-0.5154185022026432,-0.07929515418502203,-0.36123348017621143,0.004405286343612335,-0.6740088105726872,0.02643171806167401,-0.8502202643171806,0.04405286343612335,-1.0,0.048458149779735685
4,0.0,0.0,-0.1504424778761062,-0.23008849557522124,-0.3805309734513274,-0.4911504424778761,-0.5353982300884956,-0.6902654867256637,-0.6504424778761062,-0.8451327433628318,-0.43805309734513276,-0.43805309734513276,-0.7831858407079646,-0.27876106194690264,-0.672566371681416,-0.22566371681415928,-0.5619469026548672,-0.26548672566371684,-0.3893805309734513,-0.3053097345132743,-0.7566371681415929,-0.1415929203539823,-0.6371681415929203,-0.10619469026548672,-0.5442477876106194,-0.14601769911504425,-0.3672566371681416,-0.13274336283185842,-0.7123893805309734,-0.022123893805309734,-0.6150442477876106,0.004424778761061947,-0.504424778761062,-0.030973451327433628,-0.35398230088495575,0.04424778761061947,-0.6592920353982301,0.08849557522123894,-0.8451327433628318,0.12831858407079647,-1.0,0.15486725663716813
4,0.0,0.0,-0.15350877192982457,-0.21052631578947367,-0.40350877192982454,-0.4649122807017544,-0.5745614035087719,-0.6535087719298246,-0.6885964912280702,-0.8245614035087719,-0.4780701754385965,-0.4298245614035088,-0.7850877192982456,-0.23684210526315788,-0.6710526315789473,-0.18421052631578946,-0.5614035087719298,-0.2324561403508772,-0.42543859649122806,-0.29385964912280704,-0.75,-0.09649122807017543,-0.631578947368421,-0.07017543859649122,-0.543859649122807,-0.11403508771929824,-0.38596491228070173,-0.12719298245614036,-0.7105263157894737,0.021929824561403508,-0.6008771929824561,0.039473684210526314,-0.5,0.0,-0.35526315789473684,0.05263157894736842,-0.6666666666666666,0.12719298245614036,-0.8464912280701754,0.17543859649122806,-1.0,0.20175438596491227
4,0.0,0.0,-0.14285714285714285,-0.22077922077922077,-0.3939393939393939,-0.4675324675324675,-0.5541125541125541,-0.6666666666666666,-0.658008658008658,-0.8311688311688312,-0.46320346320346323,-0.44155844155844154,-0.7878787878787878,-0.26406926406926406,-0.6666666666666666,-0.21645021645021645,-0.5584415584415584,-0.2683982683982684,-0.4199134199134199,-0.30303030303030304,-0.7532467532467533,-0.12987012987012986,-0.645021645021645,-0.09956709956709957,-0.5627705627705628,-0.14285714285714285,-0.38961038961038963,-0.12987012987012986,-0.7229437229437229,-0.004329004329004329,-0.6277056277056277,0.025974025974025976,-0.5238095238095238,-0.004329004329004329,-0.3722943722943723,0.047619047619047616,-0.683982683982684,0.10822510822510822,-0.8571428571428571,0.1471861471861472,-1.0,0.16883116883116883
4,0.0,0.0,-0.16228070175438597,-0.20614035087719298,-0.40789473684210525,-0.4517543859649123,-0.5789473684210527,-0.6447368421052632,-0.6842105263157895,-0.8070175438596491,-0.47368421052631576,-0.4298245614035088,-0.8070175438596491,-0.2543859649122807,-0.706140350877193,-0.17982456140350878,-0.5964912280701754,-0.20614035087719298,-0.42543859649122806,-0.3026315789473684,-0.7675438596491229,-0.11403508771929824,-0.6666666666666666,-0.06578947368421052,-0.5789473684210527,-0.09649122807017543,-0.39035087719298245,-0.14035087719298245,-0.7192982456140351,0.008771929824561403,-0.6271929824561403,0.043859649122807015,-0.5263157894736842,0.017543859649122806,-0.3684210526315789,0.03508771929824561,-0.6754385964912281,0.10964912280701754,-0.8508771929824561,0.15789473684210525,-1.0,0.17982456140350878
4,0.0,0.0,-0.20555555555555555,-0.25,-0.48333333333333334,-0.55,-0.7055555555555556,-0.7722222222222223,-0.8611111111111112,-0.9722222222222222,-0.5555555555555556,-0.5111111111111111,-1.0,-0.31666666666666665,-0.8944444444444445,-0.2611111111111111,-0.7555555555555555,-0.28888888888888886,-0.5055555555555555,-0.3611111111111111,-0.9555555555555556,-0.15,-0.8555555555555555,-0.12222222222222222,-0.7222222222222222,-0.16111111111111112,-0.4777777777777778,-0.17222222222222222,-0.9111111111111111,-0.005555555555555556,-0.8111111111111111,0.03333333333333333,-0.6722222222222223,-0.005555555555555556,-0.4722222222222222,0.027777777777777776,-0.8666666666666667,0.15,-0.9055555555555556,0.17222222222222222,-0.8888888888888888,0.15555555555555556
4,0.0,0.0,-0.16071428571428573,-0.21428571428571427,-0.39285714285714285,-0.4642857142857143,-0.5535714285714286,-0.65625,-0.65625,-0.8214285714285714,-0.4642857142857143,-0.45982142857142855,-0.78125,-0.2544642857142857,-0.6696428571428571,-0.20089285714285715,-0.5625,-0.24553571428571427,-0.41964285714285715,-0.3482142857142857,-0.75,-0.14285714285714285,-0.6428571428571429,-0.10714285714285714,-0.5625,-0.13839285714285715,-0.38392857142857145,-0.19196428571428573,-0.71875,-0.03571428571428571,-0.625,0.008928571428571428,-0.5223214285714286,-0.013392857142857142,-0.36160714285714285,-0.017857142857142856,-0.6696428571428571,0.05357142857142857,-0.8482142857142857,0.08928571428571429,-1.0,0.10714285714285714
4,0.0,0.0,-0.15348837209302327,-0.22325581395348837,-0.39069767441860465,-0.4790697674418605,-0.5441860465116279,-0.6930232558139535,-0.6325581395348837,-0.8744186046511628,-0.4325581395348837,-0.48372093023255813,-0.7767441860465116,-0.3023255813953488,-0.6697674418604651,-0.2372093023255814,-0.5674418604651162,-0.26976744186046514,-0.4,-0.3627906976744186,-0.7581395348837209,-0.17209302325581396,-0.6511627906976745,-0.13023255813953488,-0.5627906976744186,-0.17209302325581396,-0.3767441860465116,-0.19069767441860466,-0.7302325581395349,-0.05581395348837209,-0.6372093023255814,-0.004651162790697674,-0.5348837209302325,-0.027906976744186046,-0.3627906976744186,-0.013953488372093023,-0.6651162790697674,0.05116279069767442,-0.8465116279069768,0.10232558139534884,-1.0,0.12558139534883722
4,0.0,0.0,-0.14553990610328638,-0.2347417840375587,-0.352112676056338,-0.5023474178403756,-0.4694835680751174,-0.7276995305164319,-0.5352112676056338,-0.9107981220657277,-0.38028169014084506,-0.5539906103286385,-0.7417840375586855,-0.38497652582159625,-0.6338028169014085,-0.30985915492957744,-0.5258215962441315,-0.3380281690140845,-0.3286384976525822,-0.43661971830985913,-0.7136150234741784,-0.26291079812206575,-0.6056338028169014,-0.2112676056338028,-0.5164319248826291,-0.23943661971830985,-0.3051643192488263,-0.27230046948356806,-0.6854460093896714,-0.15492957746478872,-0.596244131455399,-0.10328638497652583,-0.49295774647887325,-0.12206572769953052,-0.30985915492957744,-0.09859154929577464,-0.6431924882629108,-0.07042253521126761,-0.8403755868544601,-0.04225352112676056,-1.0,-0.04225352112676056
4,0.0,0.0,-0.11842105263157894,-0.21929824561403508,-0.32894736842105265,-0.5087719298245614,-0.45614035087719296,-0.7280701754385965,-0.5350877192982456,-0.8947368421052632,-0.38596491228070173,-0.5307017543859649,-0.7412280701754386,-0.40350877192982454,-0.6447368421052632,-0.3157894736842105,-0.5394736842105263,-0.34210526315789475,-0.35526315789473684,-0.42105263157894735,-0.7412280701754386,-0.27631578947368424,-0.6359649122807017,-0.21052631578947367,-0.5482456140350878,-0.23684210526315788,-0.3508771929824561,-0.2675438596491228,-0.7192982456140351,-0.17105263157894737,-0.6228070175438597,-0.11403508771929824,-0.5175438596491229,-0.12719298245614036,-0.35526315789473684,-0.10526315789473684,-0.6622807017543859,-0.09649122807017543,-0.8464912280701754,-0.08771929824561403,-1.0,-0.09649122807017543
4,0.0,0.0,-0.12389380530973451,-0.2345132743362832,-0.3185840707964602,-0.5132743362831859,-0.4469026548672566,-0.7345132743362832,-0.5309734513274337,-0.9203539823008849,-0.3672566371681416,-0.5088495575221239,-0.7123893805309734,-0.415929203539823,-0.6150442477876106,-0.3495575221238938,-0.5,-0.36283185840707965,-0.34513274336283184,-0.37610619469026546,-0.7123893805309734,-0.26991150442477874,-0.6150442477876106,-0.22123893805309736,-0.5088495575221239,-0.2345132743362832,-0.3495575221238938,-0.21238938053097345,-0.7035398230088495,-0.13274336283185842,-0.6194690265486725,-0.09292035398230089,-0.5132743362831859,-0.11504424778761062,-0.3672566371681416,-0.03982300884955752,-0.6814159292035398,-0.01327433628318584,-0.8584070796460177,0.0,-1.0,-0.004424778761061947
4,0.0,0.0,-0.11261261261261261,-0.22972972972972974,-0.2972972972972973,-0.5315315315315315,-0.4144144144144144,-0.7612612612612613,-0.47297297297297297,-0.9459459459459459,-0.34684684684684686,-0.5945945945945946,-0.7072072072072072,-0.46846846846846846,-0.6216216216216216,-0.36936936936936937,-0.5180180180180181,-0.38288288288288286,-0.32432432432432434,-0.4774774774774775,-0.7117117117117117,-0.34684684684684686,-0.6216216216216216,-0.27927927927927926,-0.536036036036036,-0.2882882882882883,-0.32882882882882886,-0.32882882882882886,-0.7072072072072072,-0.25225225225225223,-0.6216216216216216,-0.1891891891891892,-0.527027027027027,-0.18018018018018017,-0.34684684684684686,-0.16216216216216217,-0.6621621621621622,-0.18018018018018017,-0.8423423423423423,-0.19369369369369369,-1.0,-0.21621621621621623
4,0.0,0.0,-0.14084507042253522,-0.24413145539906103,-0.3333333333333333,-0.5539906103286385,-0.460093896713615,-0.7981220657276995,-0.5211267605633803,-1.0,-0.39906103286384975,-0.568075117370892,-0.7464788732394366,-0.48826291079812206,-0.676056338028169,-0.41784037558685444,-0.5633802816901409,-0.41784037558685444,-0.38497652582159625,-0.43661971830985913,-0.7464788732394366,-0.3474178403755869,-0.6619718309859155,-0.29107981220657275,-0.5446009389671361,-0.29107981220657275,-0.37089201877934275,-0.2863849765258216,-0.6948356807511737,-0.2112676056338028,-0.6056338028169014,-0.1596244131455399,-0.49295774647887325,-0.1596244131455399,-0.37089201877934275,-0.1267605633802817,-0.596244131455399,-0.08450704225352113,-0.5446009389671361,-0.051643192488262914,-0.4694835680751174,-0.051643192488262914
4,0.0,0.0,-0.10648148148148148,-0.24537037037037038,-0.28703703703703703,-0.5648148148148148,-0.39351851851851855,-0.8101851851851852,-0.4398148148148148,-1.0,-0.32407407407407407,-0.6111111111111112,-0.7083333333333334,-0.5138888888888888,-0.6203703703703703,-0.41203703703703703,-0.5046296296296297,-0.4212962962962963,-0.3055555555555556,-0.49537037037037035,-0.7222222222222222,-0.39814814814814814,-0.625,-0.3194444444444444,-0.5277777777777778,-0.32407407407407407,-0.3148148148148148,-0.3425925925925926,-0.7175925925925926,-0.30092592592592593,-0.6203703703703703,-0.23148148148148148,-0.5138888888888888,-0.2222222222222222,-0.33796296296296297,-0.1712962962962963,-0.6527777777777778,-0.2037037037037037,-0.8379629629629629,-0.2175925925925926,-0.9953703703703703,-0.24074074074074073
4,0.0,0.0,-0.10407239819004525,-0.24434389140271492,-0.28054298642533937,-0.5656108597285068,-0.3891402714932127,-0.8009049773755657,-0.4434389140271493,-1.0,-0.31221719457013575,-0.6063348416289592,-0.6923076923076923,-0.5203619909502263,-0.6018099547511312,-0.416289592760181,-0.48868778280542985,-0.4253393665158371,-0.2850678733031674,-0.4841628959276018,-0.6968325791855203,-0.37104072398190047,-0.6018099547511312,-0.29411764705882354,-0.502262443438914,-0.31221719457013575,-0.2850678733031674,-0.3167420814479638,-0.669683257918552,-0.25339366515837103,-0.579185520361991,-0.19004524886877827,-0.47058823529411764,-0.19457013574660634,-0.2986425339366516,-0.14027149321266968,-0.6018099547511312,-0.167420814479638,-0.7918552036199095,-0.17647058823529413,-0.9502262443438914,-0.19909502262443438
4,0.0,0.0,-0.09259259259259259,-0.25462962962962965,-0.25925925925925924,-0.5740740740740741,-0.36574074074074076,-0.8148148148148148,-0.4212962962962963,-1.0,-0.30092592592592593,-0.6435185185185185,-0.6805555555555556,-0.5555555555555556,-0.5972222222222222,-0.44907407407407407,-0.49074074074074076,-0.44907407407407407,-0.27314814814814814,-0.5370370370370371,-0.7175925925925926,-0.4537037037037037,-0.6203703703703703,-0.3611111111111111,-0.5231481481481481,-0.3611111111111111,-0.2824074074074074,-0.3888888888888889,-0.7037037037037037,-0.3611111111111111,-0.6157407407407407,-0.2777777777777778,-0.5092592592592593,-0.25462962962962965,-0.3101851851851852,-0.2175925925925926,-0.6203703703703703,-0.27314814814814814,-0.8055555555555556,-0.2962962962962963,-0.9629629629629629,-0.3287037037037037
4,0.0,0.0,-0.09865470852017937,-0.2556053811659193,-0.25112107623318386,-0.5650224215246636,-0.3542600896860987,-0.8026905829596412,-0.4080717488789238,-1.0,-0.26905829596412556,-0.5605381165919282,-0.6591928251121076,-0.5291479820627802,-0.5919282511210763,-0.4304932735426009,-0.4798206278026906,-0.4125560538116592,-0.2600896860986547,-0.4260089686098655,-0.6771300448430493,-0.38565022421524664,-0.6053811659192825,-0.3094170403587444,-0.5022421524663677,-0.30493273542600896,-0.273542600896861,-0.2645739910313901,-0.6591928251121076,-0.2645739910313901,-0.600896860986547,-0.19282511210762332,-0.5067264573991032,-0.18834080717488788,-0.29596412556053814,-0.10762331838565023,-0.5919282511210763,-0.13004484304932734,-0.7757847533632287,-0.15246636771300448,-0.9282511210762332,-0.18834080717488788
4,0.0,0.0,-0.06220095693779904,-0.2679425837320574,-0.23923444976076555,-0.5885167464114832,-0.3684210526315789,-0.8277511961722488,-0.42105263157894735,-0.9952153110047847,-0.27751196172248804,-0.7129186602870813,-0.69377990430622,-0.6411483253588517,-0.6172248803827751,-0.5215311004784688,-0.49760765550239233,-0.5215311004784688,-0.2583732057416268,-0.6028708133971292,-0.722488038277512,-0.5263157894736842,-0.6220095693779905,-0.42105263157894735,-0.5263157894736842,-0.42105263157894735,-0.28708133971291866,-0.4449760765550239,-0.7177033492822966,-0.42105263157894735,-0.6220095693779905,-0.3397129186602871,-0.507177033492823,-0.3157894736842105,-0.33014354066985646,-0.2679425837320574,-0.645933014354067,-0.3444976076555024,-0.8421052631578947,-0.3875598086124402,-1.0,-0.4354066985645933
4,0.0,0.0,-0.06167400881057269,-0.24669603524229075,-0.19383259911894274,-0.5682819383259912,-0.27312775330396477,-0.8105726872246696,-0.32599118942731276,-1.0,-0.22466960352422907,-0.6255506607929515,-0.6079295154185022,-0.5638766519823789,-0.5330396475770925,-0.45374449339207046,-0.42731277533039647,-0.44052863436123346,-0.19383259911894274,-0.5198237885462555,-0.6299559471365639,-0.44493392070484583,-0.5330396475770925,-0.3524229074889868,-0.44052863436123346,-0.3524229074889868,-0.21145374449339208,-0.3656387665198238,-0.6123348017621145,-0.34801762114537443,-0.5242290748898678,-0.27312775330396477,-0.4185022026431718,-0.2511013215859031,-0.2511013215859031,-0.2026431718061674,-0.5462555066079295,-0.2775330396475771,-0.73568281938326,-0.32158590308370044,-0.8986784140969163,-0.3656387665198238
4,0.0,0.0,-0.14035087719298245,-0.3216374269005848,-0.34502923976608185,-0.5730994152046783,-0.5672514619883041,-0.6549707602339181,-0.7485380116959064,-0.6432748538011696,-0.29239766081871343,-0.783625730994152,-0.5614035087719298,-0.8830409356725146,-0.5964912280701754,-0.935672514619883,-0.5789473684210527,-1.0,-0.30994152046783624,-0.6666666666666666,-0.7660818713450293,-0.6257309941520468,-0.7192982456140351,-0.543859649122807,-0.6023391812865497,-0.5263157894736842,-0.34502923976608185,-0.49122807017543857,-0.783625730994152,-0.4853801169590643,-0.7426900584795322,-0.4093567251461988,-0.6374269005847953,-0.38596491228070173,-0.38011695906432746,-0.28654970760233917,-0.7134502923976608,-0.3157894736842105,-0.7602339181286549,-0.29239766081871343,-0.7368421052631579,-0.30409356725146197
4,0.0,0.0,-0.046153846153846156,-0.2564102564102564,-0.21025641025641026,-0.5692307692307692,-0.3282051282051282,-0.7948717948717948,-0.4205128205128205,-0.9179487179487179,-0.2512820512820513,-0.7282051282051282,-0.7025641025641025,-0.6820512820512821,-0.6358974358974359,-0.5641025641025641,-0.517948717948718,-0.5538461538461539,-0.2153846153846154,-0.6358974358974359,-0.7230769230769231,-0.5846153846153846,-0.6358974358974359,-0.48205128205128206,-0.5435897435897435,-0.48205128205128206,-0.2358974358974359,-0.48205128205128206,-0.7025641025641025,-0.47692307692307695,-0.6410256410256411,-0.38461538461538464,-0.5333333333333333,-0.3487179487179487,-0.28205128205128205,-0.29743589743589743,-0.6102564102564103,-0.38974358974358975,-0.8256410256410256,-0.441025641025641,-1.0,-0.48717948717948717
4,0.0,0.0,-0.107981220657277,-0.25821596244131456,-0.3427230046948357,-0.45539906103286387,-0.568075117370892,-0.5446009389671361,-0.7511737089201878,-0.5352112676056338,-0.3051643192488263,-0.596244131455399,-0.704225352112676,-0.5305164319248826,-0.6291079812206573,-0.4131455399061033,-0.5164319248826291,-0.41784037558685444,-0.27699530516431925,-0.4647887323943662,-0.7230046948356808,-0.3755868544600939,-0.6197183098591549,-0.2863849765258216,-0.5070422535211268,-0.323943661971831,-0.2863849765258216,-0.29107981220657275,-0.704225352112676,-0.25821596244131456,-0.6384976525821596,-0.19248826291079812,-0.5211267605633803,-0.20187793427230047,-0.323943661971831,-0.11267605633802817,-0.6431924882629108,-0.1596244131455399,-0.8403755868544601,-0.20657276995305165,-1.0,-0.26291079812206575
4,0.0,0.0,-0.08256880733944955,-0.24311926605504589,-0.24770642201834864,-0.5688073394495413,-0.3302752293577982,-0.8119266055045872,-0.3669724770642202,-1.0,-0.2706422018348624,-0.6146788990825688,-0.6743119266055045,-0.5321100917431193,-0.5963302752293578,-0.42660550458715596,-0.48623853211009177,-0.43119266055045874,-0.23394495412844038,-0.5,-0.6834862385321101,-0.41743119266055045,-0.5871559633027523,-0.3302752293577982,-0.4908256880733945,-0.3394495412844037,-0.24311926605504589,-0.3348623853211009,-0.6605504587155964,-0.3119266055045872,-0.573394495412844,-0.24311926605504589,-0.45871559633027525,-0.22477064220183487,-0.27522935779816515,-0.16055045871559634,-0.5825688073394495,-0.22477064220183487,-0.7752293577981652,-0.26146788990825687,-0.9357798165137615,-0.3073394495412844
4,0.0,0.0,-0.14220183486238533,-0.2706422018348624,-0.3669724770642202,-0.4908256880733945,-0.536697247706422,-0.6192660550458715,-0.6651376146788991,-0.6467889908256881,-0.42201834862385323,-0.5458715596330275,-0.7752293577981652,-0.463302752293578,-0.6926605504587156,-0.37155963302752293,-0.5871559633027523,-0.3761467889908257,-0.3944954128440367,-0.43577981651376146,-0.8165137614678899,-0.2889908256880734,-0.6880733944954128,-0.22935779816513763,-0.573394495412844,-0.2706422018348624,-0.3853211009174312,-0.27522935779816515,-0.7752293577981652,-0.1651376146788991,-0.6743119266055045,-0.11926605504587157,-0.5642201834862385,-0.1559633027522936,-0.37155963302752293,-0.0963302752293578,-0.6834862385321101,-0.05504587155963303,-0.8532110091743119,-0.04128440366972477,-1.0,-0.05045871559633028
4,0.0,0.0,-0.14410480349344978,-0.22707423580786026,-0.3799126637554585,-0.5021834061135371,-0.5065502183406113,-0.7074235807860262,-0.5807860262008734,-0.8777292576419214,-0.44541484716157204,-0.5109170305676856,-0.7685589519650655,-0.34934497816593885,-0.6593886462882096,-0.2838427947598253,-0.5502183406113537,-0.31877729257641924,-0.3930131004366812,-0.388646288209607,-0.759825327510917,-0.21397379912663755,-0.6419213973799127,-0.1703056768558952,-0.5502183406113537,-0.21397379912663755,-0.36681222707423583,-0.22270742358078602,-0.7292576419213974,-0.1091703056768559,-0.6244541484716157,-0.07423580786026202,-0.5152838427947598,-0.09606986899563319,-0.34934497816593885,-0.043668122270742356,-0.6593886462882096,-0.021834061135371178,-0.8384279475982532,0.0,-1.0,0.004366812227074236
4,0.0,0.0,-0.15418502202643172,-0.22466960352422907,-0.3832599118942731,-0.4933920704845815,-0.5374449339207048,-0.7004405286343612,-0.6431718061674009,-0.8678414096916299,-0.44493392070484583,-0.5066079295154186,-0.7709251101321586,-0.3436123348017621,-0.6651982378854625,-0.2687224669603524,-0.5506607929515418,-0.2907488986784141,-0.4008810572687225,-0.3788546255506608,-0.762114537444934,-0.21585903083700442,-0.6563876651982379,-0.15859030837004406,-0.5638766519823789,-0.1894273127753304,-0.3700440528634361,-0.21585903083700442,-0.7312775330396476,-0.11013215859030837,-0.6343612334801763,-0.06607929515418502,-0.5330396475770925,-0.08370044052863436,-0.3524229074889868,-0.039647577092511016,-0.6607929515418502,-0.00881057268722467,-0.8414096916299559,0.02643171806167401,-1.0,0.048458149779735685
4,0.0,0.0,-0.18604651162790697,-0.24651162790697675,-0.4372093023255814,-0.5023255813953489,-0.6232558139534884,-0.7069767441860465,-0.7534883720930232,-0.8744186046511628,-0.4883720930232558,-0.4372093023255814,-0.8465116279069768,-0.3023255813953488,-0.7534883720930232,-0.24651162790697675,-0.6372093023255814,-0.26046511627906976,-0.44651162790697674,-0.30697674418604654,-0.813953488372093,-0.15813953488372093,-0.7209302325581395,-0.11162790697674418,-0.6139534883720931,-0.13488372093023257,-0.4186046511627907,-0.13953488372093023,-0.7674418604651163,-0.037209302325581395,-0.6930232558139535,0.013953488372093023,-0.586046511627907,0.0,-0.3953488372093023,0.03255813953488372,-0.6930232558139535,0.10232558139534884,-0.8651162790697674,0.16279069767441862,-1.0,0.20465116279069767
4,0.0,0.0,-0.16883116883116883,-0.21212121212121213,-0.4155844155844156,-0.4588744588744589,-0.5800865800865801,-0.6493506493506493,-0.696969696969697,-0.8095238095238095,-0.47619047619047616,-0.4675324675324675,-0.8095238095238095,-0.26406926406926406,-0.7186147186147186,-0.18181818181818182,-0.6103896103896104,-0.20346320346320346,-0.42424242424242425,-0.35064935064935066,-0.7619047619047619,-0.12554112554112554,-0.6666666666666666,-0.06926406926406926,-0.5800865800865801,-0.09523809523809523,-0.3852813852813853,-0.1774891774891775,-0.7142857142857143,-0.004329004329004329,-0.6190476190476191,0.03896103896103896,-0.5194805194805194,0.021645021645021644,-0.354978354978355,0.008658008658008658,-0.6623376623376623,0.09090909090909091,-0.8441558441558441,0.12987012987012986,-1.0,0.1471861471861472
4,0.0,0.0,-0.16455696202531644,-0.21518987341772153,-0.4008438818565401,-0.45147679324894513,-0.5654008438818565,-0.6371308016877637,-0.6708860759493671,-0.7974683544303798,-0.47257383966244726,-0.4345991561181435,-0.7932489451476793,-0.24050632911392406,-0.70042194092827,-0.16455696202531644,-0.5991561181434599,-0.18143459915611815,-0.4219409282700422,-0.32489451476793246,-0.7510548523206751,-0.11814345991561181,-0.6497890295358649,-0.07172995780590717,-0.569620253164557,-0.09282700421940929,-0.379746835443038,-0.16877637130801687,-0.7088607594936709,-0.012658227848101266,-0.6160337552742616,0.02531645569620253,-0.5189873417721519,0.012658227848101266,-0.350210970464135,0.0,-0.6540084388185654,0.07172995780590717,-0.8354430379746836,0.10970464135021098,-1.0,0.1350210970464135
4,0.0,0.0,-0.16595744680851063,-0.20851063829787234,-0.40425531914893614,-0.43829787234042555,-0.574468085106383,-0.6170212765957447,-0.6808510638297872,-0.7787234042553192,-0.4765957446808511,-0.4085106382978723,-0.7659574468085106,-0.20425531914893616,-0.6680851063829787,-0.15319148936170213,-0.5702127659574469,-0.19148936170212766,-0.425531914893617,-0.2936170212765957,-0.7361702127659574,-0.08936170212765958,-0.6297872340425532,-0.05531914893617021,-0.5446808510638298,-0.09361702127659574,-0.3872340425531915,-0.13617021276595745,-0.6978723404255319,0.01702127659574468,-0.6042553191489362,0.04680851063829787,-0.5106382978723404,0.02553191489361702,-0.34893617021276596,0.03404255319148936,-0.6595744680851063,0.11063829787234042,-0.8425531914893617,0.15319148936170213,-1.0,0.17872340425531916
4,0.0,0.0,-0.15517241379310345,-0.2025862068965517,-0.3922413793103448,-0.4482758620689655,-0.5689655172413793,-0.6293103448275862,-0.6767241379310345,-0.7887931034482759,-0.4827586206896552,-0.44396551724137934,-0.7844827586206896,-0.2413793103448276,-0.6767241379310345,-0.1810344827586207,-0.5689655172413793,-0.21551724137931033,-0.4353448275862069,-0.33189655172413796,-0.7672413793103449,-0.1206896551724138,-0.6508620689655172,-0.08189655172413793,-0.5689655172413793,-0.11206896551724138,-0.40086206896551724,-0.1810344827586207,-0.7198275862068966,-0.01293103448275862,-0.6206896551724138,0.03017241379310345,-0.521551724137931,0.008620689655172414,-0.3706896551724138,-0.01293103448275862,-0.6637931034482759,0.06465517241379311,-0.8448275862068966,0.10775862068965517,-1.0,0.1336206896551724
4,0.0,0.0,-0.22790697674418606,-0.22790697674418606,-0.4930232558139535,-0.4372093023255814,-0.6883720930232559,-0.6232558139534884,-0.827906976744186,-0.7906976744186046,-0.5488372093023256,-0.4604651162790698,-0.827906976744186,-0.21395348837209302,-0.8930232558139535,-0.09302325581395349,-0.9209302325581395,-0.046511627906976744,-0.49767441860465117,-0.33488372093023255,-0.8046511627906977,-0.06511627906976744,-0.827906976744186,0.04186046511627907,-0.8418604651162791,0.07906976744186046,-0.4372093023255814,-0.16279069767441862,-0.7627906976744186,0.06511627906976744,-0.8511627906976744,0.19069767441860466,-0.9116279069767442,0.26046511627906976,-0.3674418604651163,0.013953488372093023,-0.6604651162790698,0.15813953488372093,-0.8418604651162791,0.2558139534883721,-1.0,0.3302325581395349
4,0.0,0.0,-0.1782608695652174,-0.21304347826086956,-0.43478260869565216,-0.43478260869565216,-0.6217391304347826,-0.6086956521739131,-0.7347826086956522,-0.7695652173913043,-0.48695652173913045,-0.4217391304347826,-0.782608695652174,-0.19130434782608696,-0.6826086956521739,-0.14347826086956522,-0.5782608695652174,-0.17391304347826086,-0.4391304347826087,-0.3,-0.7478260869565218,-0.07391304347826087,-0.6391304347826087,-0.05217391304347826,-0.5565217391304348,-0.08260869565217391,-0.39565217391304347,-0.14347826086956522,-0.6956521739130435,0.030434782608695653,-0.6,0.06086956521739131,-0.508695652173913,0.0391304347826087,-0.3652173913043478,0.030434782608695653,-0.6608695652173913,0.11739130434782609,-0.8391304347826087,0.17391304347826086,-1.0,0.21739130434782608
4,0.0,0.0,-0.20276497695852536,-0.2350230414746544,-0.48847926267281105,-0.4423963133640553,-0.7004608294930875,-0.6082949308755761,-0.847926267281106,-0.7695852534562212,-0.5622119815668203,-0.45622119815668205,-0.8433179723502304,-0.2350230414746544,-0.7926267281105991,-0.1382488479262673,-0.7235023041474654,-0.1152073732718894,-0.5161290322580645,-0.33640552995391704,-0.7926267281105991,-0.08294930875576037,-0.6866359447004609,-0.04608294930875576,-0.6082949308755761,-0.07834101382488479,-0.4608294930875576,-0.17050691244239632,-0.7235023041474654,0.03686635944700461,-0.6267281105990783,0.07834101382488479,-0.5483870967741935,0.06451612903225806,-0.4055299539170507,0.018433179723502304,-0.6774193548387096,0.12903225806451613,-0.8387096774193549,0.2073732718894009,-1.0,0.271889400921659
4,0.0,0.0,-0.18442622950819673,-0.20491803278688525,-0.45081967213114754,-0.3975409836065574,-0.6516393442622951,-0.5368852459016393,-0.7868852459016393,-0.6598360655737705,-0.5491803278688525,-0.38524590163934425,-0.7827868852459017,-0.11475409836065574,-0.6721311475409836,-0.06147540983606557,-0.5778688524590164,-0.09836065573770492,-0.5,-0.26639344262295084,-0.7295081967213115,0.0,-0.610655737704918,0.020491803278688523,-0.5286885245901639,-0.012295081967213115,-0.45081967213114754,-0.11475409836065574,-0.680327868852459,0.09836065573770492,-0.5737704918032787,0.12295081967213115,-0.4713114754098361,0.0942622950819672,-0.4016393442622951,0.045081967213114756,-0.6680327868852459,0.14344262295081966,-0.8401639344262295,0.21311475409836064,-1.0,0.27459016393442626
4,0.0,0.0,-0.172,-0.2,-0.428,-0.396,-0.62,-0.54,-0.74,-0.692,-0.528,-0.384,-0.764,-0.128,-0.652,-0.08,-0.556,-0.116,-0.488,-0.272,-0.716,-0.028,-0.592,-0.008,-0.512,-0.036,-0.444,-0.128,-0.672,0.068,-0.56,0.088,-0.464,0.056,-0.404,0.028,-0.668,0.124,-0.84,0.184,-1.0,0.228
4,0.0,0.0,-0.2175925925925926,-0.2222222222222222,-0.5046296296296297,-0.4398148148148148,-0.7175925925925926,-0.6157407407407407,-0.8657407407407407,-0.7638888888888888,-0.5740740740740741,-0.42592592592592593,-0.9074074074074074,-0.19444444444444445,-0.9305555555555556,-0.06018518518518518,-0.9027777777777778,0.0,-0.5277777777777778,-0.2962962962962963,-0.8287037037037037,-0.041666666666666664,-0.7546296296296297,0.023148148148148147,-0.6851851851851852,0.013888888888888888,-0.46296296296296297,-0.125,-0.7407407407407407,0.06944444444444445,-0.6712962962962963,0.12962962962962962,-0.5972222222222222,0.125,-0.39351851851851855,0.05092592592592592,-0.6759259259259259,0.1712962962962963,-0.8472222222222222,0.25462962962962965,-1.0,0.3194444444444444
4,0.0,0.0,-0.17721518987341772,-0.21518987341772153,-0.4219409282700422,-0.43037974683544306,-0.6033755274261603,-0.6033755274261603,-0.7088607594936709,-0.7637130801687764,-0.48945147679324896,-0.43037974683544306,-0.7721518987341772,-0.22362869198312235,-0.6708860759493671,-0.17721518987341772,-0.5822784810126582,-0.20675105485232068,-0.4430379746835443,-0.3206751054852321,-0.7341772151898734,-0.09282700421940929,-0.6160337552742616,-0.06751054852320675,-0.5485232067510548,-0.10548523206751055,-0.4092827004219409,-0.16455696202531644,-0.70042194092827,0.008438818565400843,-0.5991561181434599,0.03375527426160337,-0.5063291139240507,0.008438818565400843,-0.379746835443038,0.008438818565400843,-0.679324894514768,0.07172995780590717,-0.8523206751054853,0.12236286919831224,-1.0,0.15611814345991562
4,0.0,0.0,-0.21962616822429906,-0.22429906542056074,-0.4766355140186916,-0.32710280373831774,-0.7289719626168224,-0.3130841121495327,-0.9205607476635514,-0.2616822429906542,-0.4392523364485981,-0.5280373831775701,-0.6261682242990654,-0.6635514018691588,-0.7149532710280374,-0.7757009345794392,-0.780373831775701,-0.883177570093458,-0.4392523364485981,-0.40186915887850466,-0.6962616822429907,-0.2897196261682243,-0.6542056074766355,-0.21495327102803738,-0.5841121495327103,-0.21495327102803738,-0.42990654205607476,-0.21495327102803738,-0.7102803738317757,-0.102803738317757,-0.6822429906542056,-0.037383177570093455,-0.6074766355140186,-0.014018691588785047,-0.4252336448598131,-0.009345794392523364,-0.7009345794392523,0.08411214953271028,-0.8691588785046729,0.16355140186915887,-1.0,0.21495327102803738
4,0.0,0.0,-0.12840466926070038,-0.1867704280155642,-0.3463035019455253,-0.4085603112840467,-0.490272373540856,-0.5914396887159533,-0.5797665369649806,-0.7470817120622568,-0.42412451361867703,-0.4357976653696498,-0.7315175097276264,-0.2801556420233463,-0.6342412451361867,-0.22957198443579765,-0.5447470817120622,-0.2490272373540856,-0.38910505836575876,-0.3229571984435798,-0.6964980544747081,-0.1517509727626459,-0.5992217898832685,-0.11673151750972763,-0.5291828793774319,-0.14396887159533073,-0.3735408560311284,-0.17509727626459143,-0.6731517509727627,-0.04669260700389105,-0.5953307392996109,-0.011673151750972763,-0.5097276264591439,-0.019455252918287938,-0.3735408560311284,-0.01556420233463035,-0.669260700389105,0.0311284046692607,-0.8443579766536965,0.0622568093385214,-1.0,0.07782101167315175
4,0.0,0.0,-0.1206896551724138,-0.22413793103448276,-0.3275862068965517,-0.5,-0.4698275862068966,-0.7155172413793104,-0.5387931034482759,-0.896551724137931,-0.375,-0.5129310344827587,-0.75,-0.3922413793103448,-0.6551724137931034,-0.31896551724137934,-0.5431034482758621,-0.33189655172413796,-0.3620689655172414,-0.3879310344827586,-0.7456896551724138,-0.24568965517241378,-0.646551724137931,-0.1853448275862069,-0.5517241379310345,-0.21120689655172414,-0.36637931034482757,-0.21551724137931033,-0.7413793103448276,-0.1206896551724138,-0.6551724137931034,-0.05172413793103448,-0.5474137931034483,-0.0603448275862069,-0.3922413793103448,-0.03017241379310345,-0.7112068965517241,0.01293103448275862,-0.875,0.05172413793103448,-1.0,0.0603448275862069
4,0.0,0.0,-0.11570247933884298,-0.2231404958677686,-0.29338842975206614,-0.5041322314049587,-0.41735537190082644,-0.71900826446281,-0.48760330578512395,-0.8884297520661157,-0.36363636363636365,-0.5330578512396694,-0.7024793388429752,-0.39669421487603307,-0.6074380165289256,-0.3140495867768595,-0.5041322314049587,-0.32644628099173556,-0.34297520661157027,-0.4132231404958678,-0.6942148760330579,-0.2809917355371901,-0.5950413223140496,-0.2190082644628099,-0.512396694214876,-0.2231404958677686,-0.34710743801652894,-0.2644628099173554,-0.6859504132231405,-0.17355371900826447,-0.5991735537190083,-0.11570247933884298,-0.5041322314049587,-0.1115702479338843,-0.371900826446281,-0.09917355371900827,-0.6776859504132231,-0.09504132231404959,-0.8512396694214877,-0.09917355371900827,-1.0,-0.11983471074380166
4,0.0,0.0,-0.10970464135021098,-0.2320675105485232,-0.2869198312236287,-0.5189873417721519,-0.4050632911392405,-0.7426160337552743,-0.47257383966244726,-0.9324894514767933,-0.3459915611814346,-0.5316455696202531,-0.6919831223628692,-0.4388185654008439,-0.6118143459915611,-0.3459915611814346,-0.5021097046413502,-0.3333333333333333,-0.34177215189873417,-0.4092827004219409,-0.6962025316455697,-0.3037974683544304,-0.620253164556962,-0.24050632911392406,-0.5232067510548524,-0.24050632911392406,-0.35443037974683544,-0.25316455696202533,-0.70042194092827,-0.1940928270042194,-0.6286919831223629,-0.1308016877637131,-0.5316455696202531,-0.12236286919831224,-0.379746835443038,-0.08438818565400844,-0.6877637130801688,-0.0970464135021097,-0.8607594936708861,-0.09282700421940929,-1.0,-0.10548523206751055
4,0.0,0.0,-0.12727272727272726,-0.25,-0.3181818181818182,-0.5545454545454546,-0.42727272727272725,-0.8,-0.4909090909090909,-1.0,-0.34545454545454546,-0.5636363636363636,-0.7181818181818181,-0.4772727272727273,-0.6409090909090909,-0.4,-0.5454545454545454,-0.41818181818181815,-0.33636363636363636,-0.43636363636363634,-0.7363636363636363,-0.3409090909090909,-0.6454545454545455,-0.2863636363636364,-0.5409090909090909,-0.3,-0.35454545454545455,-0.2863636363636364,-0.7227272727272728,-0.2318181818181818,-0.6409090909090909,-0.17727272727272728,-0.5363636363636364,-0.17272727272727273,-0.4,-0.12272727272727273,-0.6636363636363637,-0.10909090909090909,-0.6363636363636364,-0.08181818181818182,-0.5818181818181818,-0.07272727272727272
4,0.0,0.0,-0.12217194570135746,-0.2398190045248869,-0.31221719457013575,-0.5565610859728507,-0.4117647058823529,-0.7963800904977375,-0.4479638009049774,-0.9909502262443439,-0.334841628959276,-0.5972850678733032,-0.7285067873303167,-0.4751131221719457,-0.6289592760180995,-0.38009049773755654,-0.5203619909502263,-0.3891402714932127,-0.3031674208144796,-0.4841628959276018,-0.7285067873303167,-0.36199095022624433,-0.6289592760180995,-0.29411764705882354,-0.5294117647058824,-0.3167420814479638,-0.3076923076923077,-0.3257918552036199,-0.7149321266968326,-0.27149321266968324,-0.6334841628959276,-0.19909502262443438,-0.5339366515837104,-0.19004524886877827,-0.33031674208144796,-0.1493212669683258,-0.6515837104072398,-0.18099547511312217,-0.8416289592760181,-0.19004524886877827,-1.0,-0.19909502262443438
4,0.0,0.0,-0.11981566820276497,-0.2534562211981567,-0.2764976958525346,-0.5622119815668203,-0.37327188940092165,-0.8064516129032258,-0.41013824884792627,-1.0,-0.2764976958525346,-0.6082949308755761,-0.6359447004608295,-0.5299539170506913,-0.5852534562211982,-0.4608294930875576,-0.511520737327189,-0.47465437788018433,-0.2488479262672811,-0.4976958525345622,-0.663594470046083,-0.4055299539170507,-0.576036866359447,-0.3456221198156682,-0.4792626728110599,-0.35944700460829493,-0.24423963133640553,-0.3548387096774194,-0.6359447004608295,-0.31336405529953915,-0.5668202764976958,-0.2534562211981567,-0.4700460829493088,-0.23963133640552994,-0.25806451612903225,-0.20276497695852536,-0.5622119815668203,-0.22580645161290322,-0.6405529953917051,-0.21658986175115208,-0.6682027649769585,-0.21658986175115208
4,0.0,0.0,-0.07692307692307693,-0.2692307692307692,-0.24519230769230768,-0.5865384615384616,-0.3701923076923077,-0.8269230769230769,-0.4375,-1.0,-0.2980769230769231,-0.7067307692307693,-0.7019230769230769,-0.6201923076923077,-0.6346153846153846,-0.5048076923076923,-0.5384615384615384,-0.5048076923076923,-0.2644230769230769,-0.6105769230769231,-0.7307692307692307,-0.5,-0.6346153846153846,-0.40865384615384615,-0.5432692307692307,-0.40865384615384615,-0.27884615384615385,-0.4567307692307692,-0.7067307692307693,-0.39903846153846156,-0.6153846153846154,-0.32211538461538464,-0.5048076923076923,-0.2980769230769231,-0.3125,-0.27884615384615385,-0.625,-0.3317307692307692,-0.8221153846153846,-0.36538461538461536,-0.9951923076923077,-0.39903846153846156
4,0.0,0.0,-0.09545454545454546,-0.25,-0.25,-0.5636363636363636,-0.36363636363636365,-0.8045454545454546,-0.41818181818181815,-1.0,-0.29545454545454547,-0.6090909090909091,-0.6863636363636364,-0.5272727272727272,-0.6045454545454545,-0.41818181818181815,-0.4909090909090909,-0.41363636363636364,-0.2590909090909091,-0.4909090909090909,-0.7045454545454546,-0.4,-0.6,-0.31363636363636366,-0.5045454545454545,-0.32272727272727275,-0.2636363636363636,-0.33181818181818185,-0.6727272727272727,-0.2863636363636364,-0.5727272727272728,-0.22727272727272727,-0.4590909090909091,-0.21818181818181817,-0.2863636363636364,-0.16363636363636364,-0.5909090909090909,-0.21363636363636362,-0.7818181818181819,-0.2409090909090909,-0.9545454545454546,-0.2727272727272727
4,0.0,0.0,-0.08247422680412371,-0.26804123711340205,-0.25257731958762886,-0.5618556701030928,-0.3917525773195876,-0.7628865979381443,-0.4742268041237113,-0.845360824742268,-0.27319587628865977,-0.8144329896907216,-0.711340206185567,-0.7164948453608248,-0.6597938144329897,-0.5876288659793815,-0.5618556701030928,-0.5876288659793815,-0.23711340206185566,-0.7164948453608248,-0.7371134020618557,-0.6082474226804123,-0.6649484536082474,-0.5051546391752577,-0.5773195876288659,-0.4948453608247423,-0.25257731958762886,-0.5567010309278351,-0.7216494845360825,-0.5051546391752577,-0.6597938144329897,-0.4020618556701031,-0.5567010309278351,-0.36597938144329895,-0.29896907216494845,-0.36597938144329895,-0.6185567010309279,-0.4536082474226804,-0.8298969072164949,-0.5103092783505154,-1.0,-0.5721649484536082
4,0.0,0.0,-0.08465608465608465,-0.2804232804232804,-0.26455026455026454,-0.5925925925925926,-0.4126984126984127,-0.8359788359788359,-0.4973544973544973,-0.9735449735449735,-0.2698412698412698,-0.7301587301587301,-0.6931216931216931,-0.6507936507936508,-0.6402116402116402,-0.5343915343915344,-0.5396825396825397,-0.5291005291005291,-0.21693121693121692,-0.6084656084656085,-0.7407407407407407,-0.4973544973544973,-0.656084656084656,-0.4021164021164021,-0.5661375661375662,-0.4021164021164021,-0.2222222222222222,-0.43915343915343913,-0.7037037037037037,-0.38095238095238093,-0.6455026455026455,-0.30158730158730157,-0.544973544973545,-0.2751322751322751,-0.24338624338624337,-0.24867724867724866,-0.6031746031746031,-0.291005291005291,-0.8148148148148148,-0.31216931216931215,-1.0,-0.3333333333333333
4,0.0,0.0,-0.09004739336492891,-0.26540284360189575,-0.23696682464454977,-0.5781990521327014,-0.3412322274881517,-0.8151658767772512,-0.41232227488151657,-1.0,-0.24170616113744076,-0.6587677725118484,-0.6255924170616114,-0.5734597156398105,-0.5687203791469194,-0.46919431279620855,-0.47393364928909953,-0.47393364928909953,-0.1848341232227488,-0.5545023696682464,-0.6350710900473934,-0.44549763033175355,-0.5592417061611374,-0.36492890995260663,-0.47393364928909953,-0.3744075829383886,-0.17535545023696683,-0.4028436018957346,-0.5876777251184834,-0.3412322274881517,-0.5260663507109005,-0.26540284360189575,-0.43601895734597157,-0.24170616113744076,-0.18009478672985782,-0.23222748815165878,-0.47393364928909953,-0.2843601895734597,-0.6540284360189573,-0.33175355450236965,-0.8104265402843602,-0.3696682464454976
4,0.0,0.0,-0.13953488372093023,-0.29651162790697677,-0.3488372093023256,-0.627906976744186,-0.5058139534883721,-0.877906976744186,-0.5813953488372093,-1.0,-0.29651162790697677,-0.8662790697674418,-0.75,-0.75,-0.7093023255813954,-0.6046511627906976,-0.6104651162790697,-0.5988372093023255,-0.21511627906976744,-0.75,-0.7732558139534884,-0.5872093023255814,-0.6918604651162791,-0.47093023255813954,-0.5988372093023255,-0.47674418604651164,-0.19186046511627908,-0.563953488372093,-0.7209302325581395,-0.4476744186046512,-0.6569767441860465,-0.3430232558139535,-0.5465116279069767,-0.313953488372093,-0.19767441860465115,-0.3430232558139535,-0.5697674418604651,-0.38372093023255816,-0.8023255813953488,-0.42441860465116277,-0.9941860465116279,-0.45930232558139533
4,0.0,0.0,-0.0975609756097561,-0.2865853658536585,-0.3048780487804878,-0.6158536585365854,-0.4817073170731707,-0.8597560975609756,-0.6036585365853658,-0.9451219512195121,-0.3048780487804878,-0.8475609756097561,-0.7439024390243902,-0.7682926829268293,-0.725609756097561,-0.6585365853658537,-0.6341463414634146,-0.6646341463414634,-0.22560975609756098,-0.7195121951219512,-0.7926829268292683,-0.5792682926829268,-0.725609756097561,-0.47560975609756095,-0.6341463414634146,-0.49390243902439024,-0.20121951219512196,-0.5182926829268293,-0.7378048780487805,-0.43902439024390244,-0.7195121951219512,-0.3597560975609756,-0.6585365853658537,-0.35365853658536583,-0.20121951219512196,-0.2926829268292683,-0.5914634146341463,-0.32926829268292684,-0.8170731707317073,-0.35365853658536583,-1.0,-0.38414634146341464
4,0.0,0.0,-0.13580246913580246,-0.2654320987654321,-0.345679012345679,-0.5123456790123457,-0.5432098765432098,-0.6666666666666666,-0.6790123456790124,-0.6728395061728395,-0.37037037037037035,-0.808641975308642,-0.845679012345679,-0.654320987654321,-0.7839506172839507,-0.5246913580246914,-0.6666666666666666,-0.5185185185185185,-0.2962962962962963,-0.691358024691358,-0.8518518518518519,-0.4876543209876543,-0.7777777777777778,-0.38271604938271603,-0.6666666666666666,-0.38271604938271603,-0.2654320987654321,-0.5,-0.7962962962962963,-0.37037037037037035,-0.7592592592592593,-0.2777777777777778,-0.6666666666666666,-0.2654320987654321,-0.24074074074074073,-0.2839506172839506,-0.6604938271604939,-0.25925925925925924,-0.8580246913580247,-0.25925925925925924,-1.0,-0.2654320987654321
4,0.0,0.0,-0.14285714285714285,-0.25824175824175827,-0.35714285714285715,-0.554945054945055,-0.510989010989011,-0.7967032967032966,-0.5824175824175825,-1.0,-0.3241758241758242,-0.6758241758241759,-0.7362637362637363,-0.532967032967033,-0.6813186813186813,-0.42857142857142855,-0.5714285714285714,-0.43956043956043955,-0.23626373626373626,-0.5604395604395604,-0.7142857142857143,-0.36813186813186816,-0.6373626373626373,-0.29120879120879123,-0.5439560439560439,-0.3241758241758242,-0.19230769230769232,-0.38461538461538464,-0.6428571428571429,-0.26373626373626374,-0.6098901098901099,-0.2087912087912088,-0.5384615384615384,-0.23076923076923078,-0.15934065934065933,-0.19230769230769232,-0.5164835164835165,-0.15384615384615385,-0.7197802197802198,-0.14835164835164835,-0.8846153846153846,-0.15934065934065933
4,0.0,0.0,-0.17032967032967034,-0.27472527472527475,-0.4230769230769231,-0.5769230769230769,-0.6153846153846154,-0.7912087912087912,-0.7032967032967034,-0.9230769230769231,-0.42857142857142855,-0.6923076923076923,-0.8901098901098901,-0.5054945054945055,-0.7912087912087912,-0.3626373626373626,-0.6593406593406593,-0.38461538461538464,-0.31868131868131866,-0.5439560439560439,-0.8791208791208791,-0.29120879120879123,-0.7362637362637363,-0.1978021978021978,-0.6153846153846154,-0.24175824175824176,-0.25824175824175827,-0.33516483516483514,-0.7802197802197802,-0.13736263736263737,-0.6593406593406593,-0.08791208791208792,-0.532967032967033,-0.12087912087912088,-0.21978021978021978,-0.10989010989010989,-0.6318681318681318,-0.06043956043956044,-0.8296703296703297,-0.04945054945054945,-1.0,-0.04945054945054945
4,0.0,0.0,-0.13366336633663367,-0.2623762376237624,-0.37623762376237624,-0.5643564356435643,-0.5297029702970297,-0.801980198019802,-0.6237623762376238,-0.9653465346534653,-0.41089108910891087,-0.6188118811881188,-0.8118811881188119,-0.4603960396039604,-0.7128712871287128,-0.3811881188118812,-0.594059405940594,-0.41089108910891087,-0.33663366336633666,-0.4900990099009901,-0.8316831683168316,-0.3118811881188119,-0.7029702970297029,-0.2524752475247525,-0.599009900990099,-0.30198019801980197,-0.3069306930693069,-0.3069306930693069,-0.7821782178217822,-0.20297029702970298,-0.6831683168316832,-0.15346534653465346,-0.5742574257425742,-0.16336633663366337,-0.297029702970297,-0.10396039603960396,-0.6584158415841584,-0.10891089108910891,-0.8465346534653465,-0.09405940594059406,-1.0,-0.0891089108910891
4,0.0,0.0,-0.12727272727272726,-0.2545454545454545,-0.33181818181818185,-0.55,-0.4590909090909091,-0.7772727272727272,-0.5409090909090909,-0.9681818181818181,-0.37727272727272726,-0.5454545454545454,-0.7181818181818181,-0.40454545454545454,-0.6272727272727273,-0.33181818181818185,-0.5272727272727272,-0.34545454545454546,-0.34545454545454546,-0.42272727272727273,-0.7363636363636363,-0.2727272727272727,-0.6181818181818182,-0.21818181818181817,-0.5272727272727272,-0.25,-0.3409090909090909,-0.2636363636363636,-0.7272727272727273,-0.18181818181818182,-0.6227272727272727,-0.1318181818181818,-0.5181818181818182,-0.13636363636363635,-0.35,-0.08636363636363636,-0.6545454545454545,-0.09545454545454546,-0.8318181818181818,-0.07727272727272727,-1.0,-0.06363636363636363
4,0.0,0.0,-0.15458937198067632,-0.2560386473429952,-0.3671497584541063,-0.5652173913043478,-0.5169082125603864,-0.8067632850241546,-0.6135265700483091,-1.0,-0.4444444444444444,-0.5507246376811594,-0.8115942028985508,-0.4444444444444444,-0.7101449275362319,-0.3671497584541063,-0.5893719806763285,-0.37681159420289856,-0.42995169082125606,-0.4057971014492754,-0.8067632850241546,-0.2946859903381642,-0.7053140096618358,-0.23671497584541062,-0.5942028985507246,-0.2560386473429952,-0.4251207729468599,-0.2318840579710145,-0.782608695652174,-0.16908212560386474,-0.6908212560386473,-0.10628019323671498,-0.5748792270531401,-0.11594202898550725,-0.4396135265700483,-0.04830917874396135,-0.7198067632850241,-0.03864734299516908,-0.7342995169082126,-0.004830917874396135,-0.714975845410628,0.0
4,0.0,0.0,-0.11158798283261803,-0.22746781115879827,-0.30042918454935624,-0.5021459227467812,-0.4248927038626609,-0.7124463519313304,-0.48497854077253216,-0.8798283261802575,-0.3776824034334764,-0.51931330472103,-0.7167381974248928,-0.3948497854077253,-0.6094420600858369,-0.3218884120171674,-0.5021459227467812,-0.34763948497854075,-0.3648068669527897,-0.4034334763948498,-0.7081545064377682,-0.27896995708154504,-0.6051502145922747,-0.22746781115879827,-0.51931330472103,-0.2532188841201717,-0.3648068669527897,-0.2532188841201717,-0.703862660944206,-0.17167381974248927,-0.6137339055793991,-0.12017167381974249,-0.5150214592274678,-0.12446351931330472,-0.38197424892703863,-0.08583690987124463,-0.6824034334763949,-0.0815450643776824,-0.8540772532188842,-0.07725321888412018,-1.0,-0.0815450643776824
4,0.0,0.0,-0.11255411255411256,-0.22943722943722944,-0.2987012987012987,-0.5108225108225108,-0.4199134199134199,-0.7229437229437229,-0.48484848484848486,-0.8961038961038961,-0.37662337662337664,-0.5108225108225108,-0.7056277056277056,-0.38961038961038963,-0.6060606060606061,-0.3203463203463203,-0.4935064935064935,-0.33766233766233766,-0.36363636363636365,-0.3852813852813853,-0.7012987012987013,-0.2597402597402597,-0.6060606060606061,-0.21212121212121213,-0.5151515151515151,-0.23376623376623376,-0.36363636363636365,-0.22943722943722944,-0.6926406926406926,-0.1471861471861472,-0.6103896103896104,-0.1038961038961039,-0.5064935064935064,-0.11255411255411256,-0.37662337662337664,-0.06060606060606061,-0.670995670995671,-0.06060606060606061,-0.8528138528138528,-0.05627705627705628,-1.0,-0.06060606060606061
4,0.0,0.0,-0.11403508771929824,-0.2324561403508772,-0.2807017543859649,-0.5087719298245614,-0.40350877192982454,-0.7105263157894737,-0.47368421052631576,-0.8728070175438597,-0.37719298245614036,-0.5263157894736842,-0.7105263157894737,-0.39473684210526316,-0.6052631578947368,-0.31140350877192985,-0.4956140350877193,-0.32894736842105265,-0.36403508771929827,-0.4166666666666667,-0.7017543859649122,-0.2850877192982456,-0.5964912280701754,-0.2236842105263158,-0.5087719298245614,-0.2412280701754386,-0.3684210526315789,-0.2719298245614035,-0.6973684210526315,-0.17982456140350878,-0.6008771929824561,-0.12280701754385964,-0.4956140350877193,-0.13157894736842105,-0.39035087719298245,-0.10964912280701754,-0.6885964912280702,-0.10964912280701754,-0.8596491228070176,-0.11403508771929824,-1.0,-0.13596491228070176
4,0.0,0.0,-0.13333333333333333,-0.26666666666666666,-0.3238095238095238,-0.5523809523809524,-0.4523809523809524,-0.7761904761904762,-0.5095238095238095,-0.9523809523809523,-0.37142857142857144,-0.5285714285714286,-0.6571428571428571,-0.5,-0.5857142857142857,-0.4523809523809524,-0.5,-0.4714285714285714,-0.38571428571428573,-0.4095238095238095,-0.7047619047619048,-0.37142857142857144,-0.6095238095238096,-0.319047619047619,-0.5142857142857142,-0.319047619047619,-0.4,-0.2571428571428571,-0.7285714285714285,-0.2571428571428571,-0.6428571428571429,-0.19047619047619047,-0.5285714285714286,-0.17142857142857143,-0.4142857142857143,-0.08571428571428572,-0.7047619047619048,-0.11428571428571428,-0.8714285714285714,-0.10952380952380952,-1.0,-0.10476190476190476
4,0.0,0.0,-0.11711711711711711,-0.23423423423423423,-0.3153153153153153,-0.509009009009009,-0.45045045045045046,-0.7252252252252253,-0.5225225225225225,-0.9009009009009009,-0.3738738738738739,-0.5180180180180181,-0.7252252252252253,-0.4189189189189189,-0.6261261261261262,-0.35585585585585583,-0.527027027027027,-0.3738738738738739,-0.36486486486486486,-0.38738738738738737,-0.7342342342342343,-0.28378378378378377,-0.6396396396396397,-0.23423423423423423,-0.5540540540540541,-0.25675675675675674,-0.3738738738738739,-0.22072072072072071,-0.7342342342342343,-0.17117117117117117,-0.6531531531531531,-0.11261261261261261,-0.5540540540540541,-0.11711711711711711,-0.4009009009009009,-0.04054054054054054,-0.7072072072072072,-0.04054054054054054,-0.8648648648648649,-0.02252252252252252,-1.0,-0.018018018018018018
4,0.0,0.0,-0.1125,-0.22083333333333333,-0.29583333333333334,-0.48333333333333334,-0.4125,-0.6833333333333333,-0.4875,-0.8458333333333333,-0.37916666666666665,-0.475,-0.6875,-0.3416666666666667,-0.5875,-0.2791666666666667,-0.4875,-0.30833333333333335,-0.3625,-0.3416666666666667,-0.675,-0.21666666666666667,-0.5791666666666667,-0.175,-0.49583333333333335,-0.19583333333333333,-0.3625,-0.18333333333333332,-0.6625,-0.09583333333333334,-0.5791666666666667,-0.0625,-0.4791666666666667,-0.07916666666666666,-0.375,-0.020833333333333332,-0.6708333333333333,-0.0125,-0.8541666666666666,-0.0125,-1.0,-0.025
4,0.0,0.0,-0.07818930041152264,-0.22633744855967078,-0.23868312757201646,-0.5061728395061729,-0.3374485596707819,-0.720164609053498,-0.39094650205761317,-0.8847736625514403,-0.34156378600823045,-0.5390946502057613,-0.654320987654321,-0.411522633744856,-0.5637860082304527,-0.3374485596707819,-0.46502057613168724,-0.35802469135802467,-0.3333333333333333,-0.43621399176954734,-0.6625514403292181,-0.30864197530864196,-0.551440329218107,-0.24279835390946503,-0.4773662551440329,-0.26337448559670784,-0.345679012345679,-0.2839506172839506,-0.6625514403292181,-0.20164609053497942,-0.5720164609053497,-0.14814814814814814,-0.4691358024691358,-0.14814814814814814,-0.37448559670781895,-0.11522633744855967,-0.6666666666666666,-0.13580246913580246,-0.8477366255144033,-0.1522633744855967,-1.0,-0.18930041152263374
4,0.0,0.0,-0.1111111111111111,-0.25,-0.2638888888888889,-0.5648148148148148,-0.375,-0.8055555555555556,-0.44907407407407407,-1.0,-0.3101851851851852,-0.5925925925925926,-0.6944444444444444,-0.49074074074074076,-0.6388888888888888,-0.39351851851851855,-0.5416666666666666,-0.39351851851851855,-0.3194444444444444,-0.4583333333333333,-0.7083333333333334,-0.35185185185185186,-0.6296296296296297,-0.2824074074074074,-0.5231481481481481,-0.2824074074074074,-0.3425925925925926,-0.30092592592592593,-0.6898148148148148,-0.23148148148148148,-0.6111111111111112,-0.1574074074074074,-0.5046296296296297,-0.14814814814814814,-0.38425925925925924,-0.13425925925925927,-0.6435185185185185,-0.08796296296296297,-0.5787037037037037,-0.037037037037037035,-0.49074074074074076,-0.032407407407407406
4,0.0,0.0,-0.09205020920502092,-0.2301255230125523,-0.2510460251046025,-0.5230125523012552,-0.3598326359832636,-0.7447698744769874,-0.41841004184100417,-0.9205020920502092,-0.3138075313807531,-0.5481171548117155,-0.6652719665271967,-0.4476987447698745,-0.5815899581589958,-0.3472803347280335,-0.4769874476987448,-0.34309623430962344,-0.3138075313807531,-0.4309623430962343,-0.6778242677824268,-0.3305439330543933,-0.5899581589958159,-0.2594142259414226,-0.5062761506276151,-0.26359832635983266,-0.3389121338912134,-0.2803347280334728,-0.6820083682008368,-0.23430962343096234,-0.606694560669456,-0.16736401673640167,-0.5062761506276151,-0.1506276150627615,-0.37656903765690375,-0.11715481171548117,-0.6820083682008368,-0.1506276150627615,-0.8577405857740585,-0.16736401673640167,-1.0,-0.18828451882845187
4,0.0,0.0,-0.08823529411764706,-0.23529411764705882,-0.25210084033613445,-0.5294117647058824,-0.3697478991596639,-0.7521008403361344,-0.42436974789915966,-0.9327731092436975,-0.3277310924369748,-0.5588235294117647,-0.6764705882352942,-0.42436974789915966,-0.5882352941176471,-0.3235294117647059,-0.47478991596638653,-0.3235294117647059,-0.3235294117647059,-0.4369747899159664,-0.6722689075630253,-0.28991596638655465,-0.5714285714285714,-0.226890756302521,-0.4831932773109244,-0.23529411764705882,-0.3403361344537815,-0.2815126050420168,-0.6680672268907563,-0.18487394957983194,-0.5756302521008403,-0.12605042016806722,-0.47478991596638653,-0.12184873949579832,-0.3739495798319328,-0.1092436974789916,-0.6764705882352942,-0.13025210084033614,-0.8487394957983193,-0.13865546218487396,-1.0,-0.15546218487394958
4,0.0,0.0,-0.100418410041841,-0.23430962343096234,-0.26359832635983266,-0.5313807531380753,-0.3682008368200837,-0.7531380753138075,-0.42677824267782427,-0.9288702928870293,-0.34309623430962344,-0.5732217573221757,-0.6903765690376569,-0.4393305439330544,-0.5899581589958159,-0.34309623430962344,-0.4769874476987448,-0.35564853556485354,-0.33472803347280333,-0.4602510460251046,-0.6903765690376569,-0.33472803347280333,-0.5857740585774058,-0.26359832635983266,-0.502092050209205,-0.2719665271966527,-0.3514644351464435,-0.3138075313807531,-0.6903765690376569,-0.23430962343096234,-0.5983263598326359,-0.16317991631799164,-0.497907949790795,-0.15481171548117154,-0.38493723849372385,-0.15481171548117154,-0.6820083682008368,-0.17154811715481172,-0.8535564853556485,-0.18828451882845187,-1.0,-0.2175732217573222
4,0.0,0.0,-0.10407239819004525,-0.26244343891402716,-0.26244343891402716,-0.5746606334841629,-0.3755656108597285,-0.8099547511312217,-0.43891402714932126,-1.0,-0.3438914027149321,-0.6199095022624435,-0.7058823529411765,-0.5158371040723982,-0.6334841628959276,-0.4253393665158371,-0.5339366515837104,-0.4253393665158371,-0.34841628959276016,-0.502262443438914,-0.7285067873303167,-0.3936651583710407,-0.6515837104072398,-0.3257918552036199,-0.5610859728506787,-0.3212669683257919,-0.37104072398190047,-0.34841628959276016,-0.7330316742081447,-0.29411764705882354,-0.669683257918552,-0.2081447963800905,-0.5746606334841629,-0.19457013574660634,-0.40271493212669685,-0.18099547511312217,-0.6968325791855203,-0.18552036199095023,-0.7918552036199095,-0.15384615384615385,-0.8506787330316742,-0.14479638009049775
4,0.0,0.0,-0.09016393442622951,-0.22540983606557377,-0.24180327868852458,-0.5245901639344263,-0.3483606557377049,-0.75,-0.4057377049180328,-0.9262295081967213,-0.3360655737704918,-0.5655737704918032,-0.680327868852459,-0.45081967213114754,-0.5860655737704918,-0.35655737704918034,-0.47540983606557374,-0.36475409836065575,-0.3319672131147541,-0.45491803278688525,-0.6885245901639344,-0.3401639344262295,-0.5737704918032787,-0.26639344262295084,-0.4918032786885246,-0.2786885245901639,-0.3524590163934426,-0.3073770491803279,-0.6844262295081968,-0.2336065573770492,-0.5860655737704918,-0.1680327868852459,-0.48770491803278687,-0.1598360655737705,-0.38524590163934425,-0.13934426229508196,-0.6762295081967213,-0.1762295081967213,-0.8483606557377049,-0.19262295081967212,-1.0,-0.21311475409836064
4,0.0,0.0,-0.09561752988047809,-0.23107569721115537,-0.23904382470119523,-0.5059760956175299,-0.3426294820717131,-0.7211155378486056,-0.40239043824701193,-0.8924302788844621,-0.3466135458167331,-0.5418326693227091,-0.6772908366533864,-0.4302788844621514,-0.5856573705179283,-0.3346613545816733,-0.47410358565737054,-0.32669322709163345,-0.3466135458167331,-0.42231075697211157,-0.6812749003984063,-0.30677290836653387,-0.5776892430278885,-0.2350597609561753,-0.4940239043824701,-0.24302788844621515,-0.3665338645418327,-0.27091633466135456,-0.6812749003984063,-0.1952191235059761,-0.5936254980079682,-0.13147410358565736,-0.49800796812749004,-0.12749003984063745,-0.398406374501992,-0.10358565737051793,-0.6812749003984063,-0.13147410358565736,-0.852589641434263,-0.1394422310756972,-1.0,-0.1593625498007968
4,0.0,0.0,-0.09243697478991597,-0.23949579831932774,-0.24789915966386555,-0.5378151260504201,-0.35294117647058826,-0.7647058823529411,-0.40336134453781514,-0.9453781512605042,-0.3487394957983193,-0.5714285714285714,-0.7058823529411765,-0.4789915966386555,-0.6092436974789915,-0.37815126050420167,-0.4957983193277311,-0.37815126050420167,-0.3445378151260504,-0.4579831932773109,-0.7016806722689075,-0.35294117647058826,-0.6008403361344538,-0.2773109243697479,-0.5168067226890757,-0.28991596638655465,-0.35714285714285715,-0.3067226890756303,-0.6974789915966386,-0.24789915966386555,-0.6092436974789915,-0.17647058823529413,-0.5084033613445378,-0.1722689075630252,-0.3865546218487395,-0.13865546218487396,-0.680672268907563,-0.18487394957983194,-0.8571428571428571,-0.20588235294117646,-1.0,-0.226890756302521
4,0.0,0.0,-0.08536585365853659,-0.23983739837398374,-0.22357723577235772,-0.5284552845528455,-0.33739837398373984,-0.7520325203252033,-0.4024390243902439,-0.9227642276422764,-0.32926829268292684,-0.5650406504065041,-0.6707317073170732,-0.45934959349593496,-0.5691056910569106,-0.35772357723577236,-0.45528455284552843,-0.34959349593495936,-0.32926829268292684,-0.4634146341463415,-0.6788617886178862,-0.34146341463414637,-0.573170731707317,-0.26422764227642276,-0.491869918699187,-0.2764227642276423,-0.35365853658536583,-0.3170731707317073,-0.6829268292682927,-0.23983739837398374,-0.5894308943089431,-0.17479674796747968,-0.483739837398374,-0.17073170731707318,-0.3902439024390244,-0.14634146341463414,-0.6788617886178862,-0.18292682926829268,-0.8495934959349594,-0.1910569105691057,-1.0,-0.21138211382113822
4,0.0,0.0,-0.07692307692307693,-0.25101214574898784,-0.21862348178137653,-0.5303643724696356,-0.3319838056680162,-0.7408906882591093,-0.38461538461538464,-0.9109311740890689,-0.31983805668016196,-0.5668016194331984,-0.6639676113360324,-0.44534412955465585,-0.5668016194331984,-0.3441295546558704,-0.4493927125506073,-0.3441295546558704,-0.32793522267206476,-0.4574898785425101,-0.6639676113360324,-0.3441295546558704,-0.562753036437247,-0.27125506072874495,-0.4817813765182186,-0.27125506072874495,-0.3603238866396761,-0.3157894736842105,-0.6720647773279352,-0.242914979757085,-0.5870445344129555,-0.1700404858299595,-0.4898785425101215,-0.15384615384615385,-0.4048582995951417,-0.16194331983805668,-0.6842105263157895,-0.20647773279352227,-0.8582995951417004,-0.23481781376518218,-1.0,-0.26720647773279355
4,0.0,0.0,-0.0873015873015873,-0.23412698412698413,-0.23412698412698413,-0.5079365079365079,-0.3412698412698413,-0.7261904761904762,-0.3888888888888889,-0.8968253968253969,-0.3373015873015873,-0.5436507936507936,-0.6626984126984127,-0.43253968253968256,-0.5714285714285714,-0.3373015873015873,-0.45634920634920634,-0.3253968253968254,-0.3492063492063492,-0.43253968253968256,-0.6626984126984127,-0.31746031746031744,-0.5595238095238095,-0.25,-0.47619047619047616,-0.25,-0.373015873015873,-0.2896825396825397,-0.6666666666666666,-0.21428571428571427,-0.5753968253968254,-0.15476190476190477,-0.47619047619047616,-0.15079365079365079,-0.4126984126984127,-0.12301587301587301,-0.6904761904761905,-0.1746031746031746,-0.8571428571428571,-0.19047619047619047,-1.0,-0.21428571428571427
4,0.0,0.0,-0.07569721115537849,-0.23904382470119523,-0.22310756972111553,-0.5099601593625498,-0.3426294820717131,-0.7171314741035857,-0.398406374501992,-0.8804780876494024,-0.32669322709163345,-0.549800796812749,-0.649402390438247,-0.44223107569721115,-0.5537848605577689,-0.350597609561753,-0.44621513944223107,-0.3466135458167331,-0.3426294820717131,-0.44223107569721115,-0.6533864541832669,-0.3386454183266932,-0.549800796812749,-0.27091633466135456,-0.4701195219123506,-0.2788844621513944,-0.3745019920318725,-0.30278884462151395,-0.6613545816733067,-0.24302788844621515,-0.5776892430278885,-0.17928286852589642,-0.47808764940239046,-0.17131474103585656,-0.41832669322709165,-0.14741035856573706,-0.6892430278884463,-0.1952191235059761,-0.8605577689243028,-0.21912350597609562,-1.0,-0.24302788844621515
4,0.0,0.0,-0.08627450980392157,-0.23137254901960785,-0.22745098039215686,-0.5098039215686274,-0.32941176470588235,-0.7215686274509804,-0.3843137254901961,-0.8823529411764706,-0.35294117647058826,-0.5490196078431373,-0.6784313725490196,-0.41568627450980394,-0.5803921568627451,-0.3215686274509804,-0.47058823529411764,-0.3215686274509804,-0.34901960784313724,-0.4470588235294118,-0.6745098039215687,-0.3058823529411765,-0.5529411764705883,-0.23137254901960785,-0.4745098039215686,-0.24313725490196078,-0.36470588235294116,-0.3058823529411765,-0.6588235294117647,-0.2,-0.5529411764705883,-0.13725490196078433,-0.4470588235294118,-0.12941176470588237,-0.39215686274509803,-0.1450980392156863,-0.6666666666666666,-0.1843137254901961,-0.8431372549019608,-0.20784313725490197,-1.0,-0.23529411764705882
4,0.0,0.0,-0.07569721115537849,-0.23904382470119523,-0.22709163346613545,-0.5099601593625498,-0.3386454183266932,-0.7171314741035857,-0.3784860557768924,-0.8844621513944223,-0.3386454183266932,-0.5537848605577689,-0.6533864541832669,-0.44223107569721115,-0.5577689243027888,-0.3466135458167331,-0.44621513944223107,-0.3426294820717131,-0.3466135458167331,-0.450199203187251,-0.6613545816733067,-0.3386454183266932,-0.549800796812749,-0.27091633466135456,-0.47410358565737054,-0.2788844621513944,-0.3745019920318725,-0.30677290836653387,-0.6653386454183267,-0.23904382470119523,-0.5776892430278885,-0.1752988047808765,-0.47808764940239046,-0.16334661354581673,-0.41832669322709165,-0.14741035856573706,-0.6852589641434262,-0.21115537848605578,-0.8565737051792829,-0.24701195219123506,-1.0,-0.28286852589641437
4,0.0,0.0,-0.09053497942386832,-0.25102880658436216,-0.24691358024691357,-0.5267489711934157,-0.3497942386831276,-0.7407407407407407,-0.40329218106995884,-0.9053497942386831,-0.3497942386831276,-0.5761316872427984,-0.6625514403292181,-0.46502057613168724,-0.5596707818930041,-0.37448559670781895,-0.4567901234567901,-0.37448559670781895,-0.35390946502057613,-0.4732510288065844,-0.6748971193415638,-0.345679012345679,-0.5637860082304527,-0.2757201646090535,-0.48148148148148145,-0.29218106995884774,-0.3786008230452675,-0.32098765432098764,-0.6790123456790124,-0.24691358024691357,-0.5967078189300411,-0.17695473251028807,-0.49382716049382713,-0.1646090534979424,-0.411522633744856,-0.14814814814814814,-0.6625514403292181,-0.20164609053497942,-0.8436213991769548,-0.23868312757201646,-1.0,-0.27983539094650206
4,0.0,0.0,-0.09727626459143969,-0.23346303501945526,-0.26459143968871596,-0.47470817120622566,-0.38132295719844356,-0.669260700389105,-0.4396887159533074,-0.8210116731517509,-0.377431906614786,-0.48638132295719844,-0.6614785992217899,-0.3735408560311284,-0.5719844357976653,-0.29961089494163423,-0.4708171206225681,-0.29961089494163423,-0.3852140077821012,-0.3657587548638132,-0.6614785992217899,-0.2529182879377432,-0.556420233463035,-0.20233463035019456,-0.4785992217898833,-0.2178988326848249,-0.3968871595330739,-0.2140077821011673,-0.6536964980544747,-0.13618677042801555,-0.5719844357976653,-0.08949416342412451,-0.48638132295719844,-0.08560311284046693,-0.4085603112840467,-0.05058365758754864,-0.6731517509727627,-0.07003891050583658,-0.8482490272373541,-0.0933852140077821,-1.0,-0.1245136186770428
4,0.0,0.0,-0.09848484848484848,-0.2196969696969697,-0.2537878787878788,-0.4696969696969697,-0.36742424242424243,-0.6590909090909091,-0.42045454545454547,-0.8181818181818182,-0.3977272727272727,-0.4810606060606061,-0.6742424242424242,-0.3333333333333333,-0.5757575757575758,-0.26136363636363635,-0.4734848484848485,-0.2765151515151515,-0.39015151515151514,-0.3712121212121212,-0.6666666666666666,-0.22727272727272727,-0.5568181818181818,-0.17424242424242425,-0.48484848484848486,-0.1893939393939394,-0.3939393939393939,-0.22348484848484848,-0.6515151515151515,-0.11742424242424243,-0.5643939393939394,-0.06818181818181818,-0.4696969696969697,-0.07575757575757576,-0.4053030303030303,-0.06060606060606061,-0.6818181818181818,-0.07954545454545454,-0.8560606060606061,-0.09090909090909091,-1.0,-0.11363636363636363
4,0.0,0.0,-0.11347517730496454,-0.1879432624113475,-0.2907801418439716,-0.4148936170212766,-0.42907801418439717,-0.5921985815602837,-0.5035460992907801,-0.7446808510638298,-0.40070921985815605,-0.41843971631205673,-0.6808510638297872,-0.2624113475177305,-0.6170212765957447,-0.18439716312056736,-0.5354609929078015,-0.18085106382978725,-0.39361702127659576,-0.3049645390070922,-0.6595744680851063,-0.1595744680851064,-0.574468085106383,-0.09929078014184398,-0.5070921985815603,-0.09574468085106383,-0.3900709219858156,-0.16666666666666666,-0.6524822695035462,-0.05673758865248227,-0.5851063829787234,0.0,-0.5106382978723404,0.014184397163120567,-0.39361702127659576,-0.010638297872340425,-0.6702127659574468,0.0,-0.8475177304964538,0.010638297872340425,-1.0,0.01773049645390071
4,0.0,0.0,-0.11929824561403508,-0.2,-0.29473684210526313,-0.4245614035087719,-0.41754385964912283,-0.6035087719298246,-0.49122807017543857,-0.7508771929824561,-0.41754385964912283,-0.42105263157894735,-0.6842105263157895,-0.23859649122807017,-0.6140350877192983,-0.1543859649122807,-0.5228070175438596,-0.14736842105263157,-0.4070175438596491,-0.312280701754386,-0.6596491228070176,-0.13333333333333333,-0.5684210526315789,-0.06666666666666667,-0.49473684210526314,-0.07017543859649122,-0.4,-0.17192982456140352,-0.6421052631578947,-0.03508771929824561,-0.5684210526315789,0.03508771929824561,-0.47719298245614034,0.04912280701754386,-0.39649122807017545,-0.010526315789473684,-0.6701754385964912,-0.0035087719298245615,-0.8491228070175438,0.0035087719298245615,-1.0,0.0
4,0.0,0.0,-0.10676156583629894,-0.21352313167259787,-0.2775800711743772,-0.4483985765124555,-0.4199288256227758,-0.6156583629893239,-0.501779359430605,-0.7686832740213523,-0.43416370106761565,-0.41637010676156583,-0.6690391459074733,-0.2704626334519573,-0.5836298932384342,-0.21352313167259787,-0.48398576512455516,-0.2277580071174377,-0.4412811387900356,-0.2918149466192171,-0.6619217081850534,-0.16725978647686832,-0.5729537366548043,-0.12455516014234876,-0.49110320284697506,-0.13167259786476868,-0.4377224199288256,-0.1494661921708185,-0.6654804270462633,-0.06761565836298933,-0.5836298932384342,-0.028469750889679714,-0.4875444839857651,-0.03558718861209965,-0.4412811387900356,0.0035587188612099642,-0.701067615658363,0.0,-0.8647686832740213,0.014234875444839857,-1.0,0.010676156583629894
4,0.0,0.0,-0.13333333333333333,-0.23333333333333334,-0.3375,-0.49166666666666664,-0.475,-0.6958333333333333,-0.5666666666666667,-0.8625,-0.5166666666666667,-0.4625,-0.7875,-0.3,-0.7041666666666667,-0.225,-0.5916666666666667,-0.23333333333333334,-0.5083333333333333,-0.32083333333333336,-0.7458333333333333,-0.1625,-0.6666666666666666,-0.1125,-0.575,-0.125,-0.4875,-0.15416666666666667,-0.725,-0.041666666666666664,-0.6541666666666667,0.004166666666666667,-0.5583333333333333,-0.004166666666666667,-0.4708333333333333,0.025,-0.7541666666666667,0.029166666666666667,-0.9,0.029166666666666667,-1.0,0.016666666666666666
4,0.0,0.0,-0.10877192982456141,-0.21403508771929824,-0.2807017543859649,-0.43508771929824563,-0.4280701754385965,-0.5929824561403508,-0.5157894736842106,-0.743859649122807,-0.45964912280701753,-0.40350877192982454,-0.6771929824561403,-0.27017543859649124,-0.5894736842105263,-0.22105263157894736,-0.48771929824561405,-0.23157894736842105,-0.4631578947368421,-0.2807017543859649,-0.6596491228070176,-0.1649122807017544,-0.5754385964912281,-0.11929824561403508,-0.49473684210526314,-0.12631578947368421,-0.45964912280701753,-0.1368421052631579,-0.6456140350877193,-0.056140350877192984,-0.5754385964912281,-0.017543859649122806,-0.4807017543859649,-0.028070175438596492,-0.45263157894736844,0.017543859649122806,-0.712280701754386,0.021052631578947368,-0.8736842105263158,0.028070175438596492,-1.0,0.021052631578947368
4,0.0,0.0,-0.11458333333333333,-0.2152777777777778,-0.2743055555555556,-0.4375,-0.4027777777777778,-0.6041666666666666,-0.4826388888888889,-0.7534722222222222,-0.4618055555555556,-0.4305555555555556,-0.6736111111111112,-0.2743055555555556,-0.5798611111111112,-0.2152777777777778,-0.4722222222222222,-0.2326388888888889,-0.4652777777777778,-0.3055555555555556,-0.6423611111111112,-0.15625,-0.5590277777777778,-0.11458333333333333,-0.4722222222222222,-0.1284722222222222,-0.4583333333333333,-0.15625,-0.6354166666666666,-0.04513888888888889,-0.5555555555555556,-0.003472222222222222,-0.4618055555555556,-0.013888888888888888,-0.4548611111111111,0.0,-0.7048611111111112,0.010416666666666666,-0.8715277777777778,0.020833333333333332,-1.0,0.010416666666666666
4,0.0,0.0,-0.10702341137123746,-0.20735785953177258,-0.27759197324414714,-0.4214046822742475,-0.4180602006688963,-0.5752508361204013,-0.5083612040133779,-0.7157190635451505,-0.47491638795986624,-0.41471571906354515,-0.6655518394648829,-0.26755852842809363,-0.5652173913043478,-0.2140468227424749,-0.45484949832775917,-0.22408026755852842,-0.4882943143812709,-0.29431438127090304,-0.6488294314381271,-0.1605351170568562,-0.5585284280936454,-0.12040133779264214,-0.4782608695652174,-0.12709030100334448,-0.48494983277591974,-0.14715719063545152,-0.6454849498327759,-0.056856187290969896,-0.5585284280936454,-0.016722408026755852,-0.45819397993311034,-0.023411371237458192,-0.47157190635451507,0.006688963210702341,-0.7224080267558528,0.010033444816053512,-0.8795986622073578,0.016722408026755852,-1.0,0.0033444816053511705
4,0.0,0.0,-0.12406015037593984,-0.24436090225563908,-0.3082706766917293,-0.4774436090225564,-0.44360902255639095,-0.6578947368421053,-0.5451127819548872,-0.8120300751879699,-0.5112781954887218,-0.45864661654135336,-0.7030075187969925,-0.31203007518796994,-0.6278195488721805,-0.24436090225563908,-0.5150375939849624,-0.24436090225563908,-0.518796992481203,-0.32706766917293234,-0.6766917293233082,-0.18796992481203006,-0.6052631578947368,-0.14285714285714285,-0.5112781954887218,-0.14661654135338345,-0.5037593984962406,-0.16917293233082706,-0.6654135338345865,-0.06015037593984962,-0.5939849624060151,-0.018796992481203006,-0.5037593984962406,-0.03007518796992481,-0.48120300751879697,0.0,-0.7218045112781954,0.015037593984962405,-0.8796992481203008,0.022556390977443608,-1.0,0.011278195488721804
4,0.0,0.0,-0.10996563573883161,-0.22336769759450173,-0.28865979381443296,-0.44329896907216493,-0.436426116838488,-0.5979381443298969,-0.5326460481099656,-0.7422680412371134,-0.47766323024054985,-0.4020618556701031,-0.6666666666666666,-0.23367697594501718,-0.5738831615120275,-0.19243986254295534,-0.46735395189003437,-0.21649484536082475,-0.48109965635738833,-0.2611683848797251,-0.6426116838487973,-0.12371134020618557,-0.5463917525773195,-0.08934707903780069,-0.4570446735395189,-0.10652920962199312,-0.47079037800687284,-0.10309278350515463,-0.6254295532646048,-0.006872852233676976,-0.5395189003436426,0.024054982817869417,-0.436426116838488,0.003436426116838488,-0.4570446735395189,0.061855670103092786,-0.7044673539518901,0.06529209621993128,-0.8694158075601375,0.07560137457044673,-1.0,0.06529209621993128
4,0.0,0.0,-0.1054421768707483,-0.21768707482993196,-0.2857142857142857,-0.4387755102040816,-0.4387755102040816,-0.5850340136054422,-0.5340136054421769,-0.7210884353741497,-0.47278911564625853,-0.3843537414965986,-0.6564625850340136,-0.23809523809523808,-0.5714285714285714,-0.19727891156462585,-0.48299319727891155,-0.22448979591836735,-0.48299319727891155,-0.24489795918367346,-0.6496598639455783,-0.1292517006802721,-0.564625850340136,-0.09523809523809523,-0.4897959183673469,-0.11564625850340136,-0.47619047619047616,-0.09523809523809523,-0.6496598639455783,-0.01020408163265306,-0.5782312925170068,0.02040816326530612,-0.4897959183673469,-0.003401360544217687,-0.47278911564625853,0.05782312925170068,-0.7210884353741497,0.05442176870748299,-0.8775510204081632,0.07482993197278912,-1.0,0.07142857142857142
4,0.0,0.0,-0.12152777777777778,-0.22569444444444445,-0.3125,-0.4409722222222222,-0.4722222222222222,-0.5868055555555556,-0.5763888888888888,-0.7291666666666666,-0.5,-0.3715277777777778,-0.6597222222222222,-0.2048611111111111,-0.5729166666666666,-0.17708333333333334,-0.4756944444444444,-0.2048611111111111,-0.5034722222222222,-0.2222222222222222,-0.6388888888888888,-0.09027777777777778,-0.5520833333333334,-0.06944444444444445,-0.46875,-0.09375,-0.4861111111111111,-0.0625,-0.6180555555555556,0.027777777777777776,-0.5451388888888888,0.04513888888888889,-0.4513888888888889,0.017361111111111112,-0.4618055555555556,0.10069444444444445,-0.7013888888888888,0.12152777777777778,-0.8680555555555556,0.14930555555555555,-1.0,0.1527777777777778
4,0.0,0.0,-0.13194444444444445,-0.2326388888888889,-0.3194444444444444,-0.4305555555555556,-0.4861111111111111,-0.5590277777777778,-0.5972222222222222,-0.6944444444444444,-0.5104166666666666,-0.3506944444444444,-0.65625,-0.19791666666666666,-0.5625,-0.16666666666666666,-0.46875,-0.19791666666666666,-0.5138888888888888,-0.19791666666666666,-0.6215277777777778,-0.07291666666666667,-0.5347222222222222,-0.052083333333333336,-0.4479166666666667,-0.06944444444444445,-0.4930555555555556,-0.03819444444444445,-0.6041666666666666,0.05555555555555555,-0.5208333333333334,0.07291666666666667,-0.4236111111111111,0.04513888888888889,-0.46875,0.11805555555555555,-0.7118055555555556,0.1423611111111111,-0.8715277777777778,0.16666666666666666,-1.0,0.1736111111111111
4,0.0,0.0,-0.14035087719298245,-0.22105263157894736,-0.3508771929824561,-0.4105263157894737,-0.5298245614035088,-0.5298245614035088,-0.6456140350877193,-0.6631578947368421,-0.5508771929824562,-0.3263157894736842,-0.6912280701754386,-0.15789473684210525,-0.5894736842105263,-0.12982456140350876,-0.49122807017543857,-0.15789473684210525,-0.543859649122807,-0.17543859649122806,-0.6491228070175439,-0.03859649122807018,-0.5543859649122806,-0.017543859649122806,-0.4666666666666667,-0.03508771929824561,-0.5157894736842106,-0.017543859649122806,-0.624561403508772,0.08771929824561403,-0.5333333333333333,0.10175438596491228,-0.43508771929824563,0.07017543859649122,-0.4842105263157895,0.1368421052631579,-0.712280701754386,0.1824561403508772,-0.8701754385964913,0.22105263157894736,-1.0,0.23859649122807017
4,0.0,0.0,-0.15658362989323843,-0.21352313167259787,-0.37722419928825623,-0.39501779359430605,-0.5622775800711743,-0.5088967971530249,-0.6903914590747331,-0.6334519572953736,-0.5658362989323843,-0.298932384341637,-0.7153024911032029,-0.11387900355871886,-0.604982206405694,-0.08540925266903915,-0.505338078291815,-0.12099644128113879,-0.5480427046263345,-0.1494661921708185,-0.6548042704626335,0.0071174377224199285,-0.5551601423487544,0.02491103202846975,-0.46619217081850534,0.0035587188612099642,-0.505338078291815,0.0071174377224199285,-0.6227758007117438,0.13523131672597866,-0.5302491103202847,0.14590747330960854,-0.42704626334519574,0.1103202846975089,-0.4697508896797153,0.16370106761565836,-0.701067615658363,0.2277580071174377,-0.8647686832740213,0.28113879003558717,-1.0,0.302491103202847
4,0.0,0.0,-0.17472118959107807,-0.21189591078066913,-0.4200743494423792,-0.3903345724907063,-0.6245353159851301,-0.49814126394052044,-0.7657992565055762,-0.6171003717472119,-0.5985130111524164,-0.275092936802974,-0.7806691449814126,-0.08178438661710037,-0.6579925650557621,-0.055762081784386616,-0.5539033457249071,-0.10408921933085502,-0.5650557620817844,-0.12267657992565056,-0.6840148698884758,0.04460966542750929,-0.5724907063197026,0.05204460966542751,-0.4944237918215613,0.01858736059479554,-0.5092936802973977,0.040892193308550186,-0.6282527881040892,0.16728624535315986,-0.5241635687732342,0.16728624535315986,-0.4275092936802974,0.11895910780669144,-0.45353159851301117,0.1970260223048327,-0.6914498141263941,0.2862453531598513,-0.862453531598513,0.35315985130111527,-1.0,0.38661710037174724
4,0.0,0.0,-0.17216117216117216,-0.2087912087912088,-0.4139194139194139,-0.3772893772893773,-0.6153846153846154,-0.47619047619047616,-0.7619047619047619,-0.5897435897435898,-0.5860805860805861,-0.2673992673992674,-0.7545787545787546,-0.07692307692307693,-0.6373626373626373,-0.06227106227106227,-0.5311355311355311,-0.10622710622710622,-0.5604395604395604,-0.12087912087912088,-0.6886446886446886,0.03663003663003663,-0.5824175824175825,0.04395604395604396,-0.4908424908424908,0.014652014652014652,-0.5128205128205128,0.03296703296703297,-0.6556776556776557,0.16117216117216118,-0.5531135531135531,0.1684981684981685,-0.4432234432234432,0.12454212454212454,-0.4652014652014652,0.19047619047619047,-0.6996336996336996,0.2600732600732601,-0.8681318681318682,0.32234432234432236,-1.0,0.3516483516483517
4,0.0,0.0,-0.15942028985507245,-0.213768115942029,-0.3804347826086957,-0.391304347826087,-0.5652173913043478,-0.5072463768115942,-0.7101449275362319,-0.6195652173913043,-0.5615942028985508,-0.29347826086956524,-0.7463768115942029,-0.10869565217391304,-0.6666666666666666,-0.06159420289855073,-0.572463768115942,-0.07971014492753623,-0.5398550724637681,-0.15217391304347827,-0.6992753623188406,-0.0036231884057971015,-0.5978260869565217,0.021739130434782608,-0.5036231884057971,0.0,-0.4963768115942029,-0.0036231884057971015,-0.6557971014492754,0.11956521739130435,-0.5615942028985508,0.13405797101449277,-0.45652173913043476,0.09782608695652174,-0.4492753623188406,0.15217391304347827,-0.6920289855072463,0.21014492753623187,-0.8586956521739131,0.2608695652173913,-1.0,0.2826086956521739
4,0.0,0.0,-0.12631578947368421,-0.22105263157894736,-0.3192982456140351,-0.41403508771929826,-0.48771929824561405,-0.5473684210526316,-0.6070175438596491,-0.6736842105263158,-0.5087719298245614,-0.3473684210526316,-0.6771929824561403,-0.2,-0.5929824561403508,-0.17192982456140352,-0.4982456140350877,-0.19649122807017544,-0.512280701754386,-0.20350877192982456,-0.6631578947368421,-0.0912280701754386,-0.5754385964912281,-0.05964912280701754,-0.49122807017543857,-0.07368421052631578,-0.48771929824561405,-0.05263157894736842,-0.6526315789473685,0.031578947368421054,-0.5649122807017544,0.05964912280701754,-0.47017543859649125,0.03508771929824561,-0.45614035087719296,0.10175438596491228,-0.7087719298245614,0.11929824561403508,-0.8701754385964913,0.15087719298245614,-1.0,0.16140350877192983
4,0.0,0.0,-0.10915492957746478,-0.22887323943661972,-0.2992957746478873,-0.44366197183098594,-0.4612676056338028,-0.5950704225352113,-0.5704225352112676,-0.7359154929577465,-0.4753521126760563,-0.38028169014084506,-0.6549295774647887,-0.25,-0.5633802816901409,-0.22183098591549297,-0.47183098591549294,-0.25,-0.4788732394366197,-0.23943661971830985,-0.6443661971830986,-0.13732394366197184,-0.5598591549295775,-0.10915492957746478,-0.4788732394366197,-0.1267605633802817,-0.46830985915492956,-0.08450704225352113,-0.6443661971830986,-0.014084507042253521,-0.5633802816901409,0.01056338028169014,-0.47183098591549294,-0.01056338028169014,-0.4612676056338028,0.07042253521126761,-0.7112676056338029,0.07042253521126761,-0.8697183098591549,0.09154929577464789,-1.0,0.09154929577464789
4,0.0,0.0,-0.09642857142857143,-0.22857142857142856,-0.25357142857142856,-0.4607142857142857,-0.3892857142857143,-0.625,-0.48214285714285715,-0.7607142857142857,-0.4392857142857143,-0.4142857142857143,-0.6607142857142857,-0.30714285714285716,-0.5857142857142857,-0.26071428571428573,-0.5,-0.2714285714285714,-0.44642857142857145,-0.275,-0.6535714285714286,-0.19285714285714287,-0.5785714285714286,-0.14642857142857144,-0.49642857142857144,-0.14642857142857144,-0.44642857142857145,-0.125,-0.65,-0.06428571428571428,-0.5821428571428572,-0.025,-0.48928571428571427,-0.03214285714285714,-0.45357142857142857,0.025,-0.7071428571428572,0.0035714285714285713,-0.875,0.010714285714285714,-1.0,0.0035714285714285713
4,0.0,0.0,-0.08664259927797834,-0.23826714801444043,-0.23826714801444043,-0.48736462093862815,-0.36462093862815886,-0.6714801444043321,-0.4548736462093863,-0.8194945848375451,-0.4007220216606498,-0.45126353790613716,-0.6425992779783394,-0.36462093862815886,-0.5703971119133574,-0.3104693140794224,-0.47653429602888087,-0.3140794223826715,-0.4187725631768953,-0.3140794223826715,-0.6462093862815884,-0.2490974729241877,-0.5848375451263538,-0.20216606498194944,-0.5018050541516246,-0.19855595667870035,-0.4296028880866426,-0.1588447653429603,-0.6534296028880866,-0.1263537906137184,-0.5992779783393501,-0.08303249097472924,-0.5126353790613718,-0.08303249097472924,-0.45126353790613716,0.0,-0.7111913357400722,-0.05054151624548736,-0.8772563176895307,-0.061371841155234655,-1.0,-0.08664259927797834
4,0.0,0.0,-0.06513409961685823,-0.26436781609195403,-0.18007662835249041,-0.5363984674329502,-0.2796934865900383,-0.735632183908046,-0.3448275862068966,-0.89272030651341,-0.36398467432950193,-0.5057471264367817,-0.6168582375478927,-0.4559386973180077,-0.5478927203065134,-0.39846743295019155,-0.4559386973180077,-0.39080459770114945,-0.3946360153256705,-0.36398467432950193,-0.6360153256704981,-0.32950191570881227,-0.5632183908045977,-0.27586206896551724,-0.4789272030651341,-0.2567049808429119,-0.421455938697318,-0.20689655172413793,-0.6475095785440613,-0.19923371647509577,-0.5823754789272031,-0.1532567049808429,-0.4904214559386973,-0.1417624521072797,-0.4482758620689655,-0.0421455938697318,-0.7088122605363985,-0.11494252873563218,-0.8697318007662835,-0.1532567049808429,-1.0,-0.19540229885057472
4,0.0,0.0,-0.046511627906976744,-0.2596899224806202,-0.14728682170542637,-0.5465116279069767,-0.22868217054263565,-0.7635658914728682,-0.2751937984496124,-0.9263565891472868,-0.29457364341085274,-0.5387596899224806,-0.5697674418604651,-0.5038759689922481,-0.5,-0.437984496124031,-0.4069767441860465,-0.43410852713178294,-0.34108527131782945,-0.3992248062015504,-0.6085271317829457,-0.38372093023255816,-0.5426356589147286,-0.32170542635658916,-0.46511627906976744,-0.3023255813953488,-0.3875968992248062,-0.2441860465116279,-0.6434108527131783,-0.2596899224806202,-0.5852713178294574,-0.20155038759689922,-0.4883720930232558,-0.1821705426356589,-0.4418604651162791,-0.08914728682170543,-0.7015503875968992,-0.18992248062015504,-0.872093023255814,-0.24806201550387597,-1.0,-0.3062015503875969
4,0.0,0.0,-0.032,-0.256,-0.128,-0.56,-0.208,-0.78,-0.244,-0.956,-0.256,-0.564,-0.58,-0.548,-0.504,-0.472,-0.4,-0.464,-0.308,-0.42,-0.612,-0.428,-0.54,-0.356,-0.456,-0.344,-0.36,-0.26,-0.648,-0.308,-0.592,-0.244,-0.492,-0.22,-0.432,-0.108,-0.7,-0.228,-0.872,-0.288,-1.0,-0.344
4,0.0,0.0,-0.02040816326530612,-0.24897959183673468,-0.09387755102040816,-0.5755102040816327,-0.1469387755102041,-0.8163265306122449,-0.16326530612244897,-1.0,-0.21224489795918366,-0.5959183673469388,-0.5551020408163265,-0.6040816326530613,-0.4857142857142857,-0.5102040816326531,-0.3795918367346939,-0.49387755102040815,-0.2612244897959184,-0.46122448979591835,-0.6,-0.4857142857142857,-0.5265306122448979,-0.4,-0.43673469387755104,-0.3795918367346939,-0.3224489795918367,-0.31020408163265306,-0.6408163265306123,-0.37142857142857144,-0.5755102040816327,-0.2897959183673469,-0.47346938775510206,-0.2571428571428571,-0.40408163265306124,-0.1510204081632653,-0.673469387755102,-0.2816326530612245,-0.8448979591836735,-0.363265306122449,-0.9795918367346939,-0.4448979591836735
4,0.0,0.0,-0.016260162601626018,-0.24796747967479674,-0.08536585365853659,-0.573170731707317,-0.13008130081300814,-0.8170731707317073,-0.13821138211382114,-1.0,-0.1991869918699187,-0.6097560975609756,-0.5447154471544715,-0.6219512195121951,-0.47560975609756095,-0.516260162601626,-0.3699186991869919,-0.491869918699187,-0.24390243902439024,-0.4796747967479675,-0.5894308943089431,-0.5040650406504065,-0.516260162601626,-0.4146341463414634,-0.43089430894308944,-0.3943089430894309,-0.3048780487804878,-0.32926829268292684,-0.6341463414634146,-0.3983739837398374,-0.5691056910569106,-0.3130081300813008,-0.4715447154471545,-0.2764227642276423,-0.3861788617886179,-0.17886178861788618,-0.6585365853658537,-0.3252032520325203,-0.8292682926829268,-0.4105691056910569,-0.9634146341463414,-0.4878048780487805
4,0.0,0.0,-0.01652892561983471,-0.24793388429752067,-0.07024793388429752,-0.5743801652892562,-0.10743801652892562,-0.8181818181818182,-0.10743801652892562,-1.0,-0.19008264462809918,-0.6157024793388429,-0.5454545454545454,-0.628099173553719,-0.48760330578512395,-0.5165289256198347,-0.3760330578512397,-0.48760330578512395,-0.23553719008264462,-0.4834710743801653,-0.5867768595041323,-0.512396694214876,-0.5206611570247934,-0.41735537190082644,-0.43388429752066116,-0.39669421487603307,-0.30165289256198347,-0.33884297520661155,-0.628099173553719,-0.40082644628099173,-0.5702479338842975,-0.3140495867768595,-0.47520661157024796,-0.2727272727272727,-0.384297520661157,-0.19008264462809918,-0.6528925619834711,-0.33884297520661155,-0.8223140495867769,-0.4256198347107438,-0.9504132231404959,-0.5041322314049587
4,0.0,0.0,-0.012345679012345678,-0.24691358024691357,-0.06584362139917696,-0.5761316872427984,-0.102880658436214,-0.8148148148148148,-0.10699588477366255,-1.0,-0.18518518518518517,-0.6172839506172839,-0.5432098765432098,-0.6337448559670782,-0.48148148148148145,-0.5185185185185185,-0.37448559670781895,-0.4897119341563786,-0.22633744855967078,-0.4897119341563786,-0.5802469135802469,-0.5185185185185185,-0.5102880658436214,-0.42386831275720166,-0.42386831275720166,-0.3950617283950617,-0.29218106995884774,-0.3374485596707819,-0.6131687242798354,-0.3991769547325103,-0.5555555555555556,-0.3168724279835391,-0.4609053497942387,-0.2757201646090535,-0.3786008230452675,-0.18930041152263374,-0.6502057613168725,-0.345679012345679,-0.8148148148148148,-0.43621399176954734,-0.9382716049382716,-0.5185185185185185
4,0.0,0.0,-0.024896265560165973,-0.24066390041493776,-0.0912863070539419,-0.5726141078838174,-0.13278008298755187,-0.8174273858921162,-0.14522821576763487,-1.0,-0.2074688796680498,-0.6224066390041494,-0.5684647302904564,-0.6182572614107884,-0.5020746887966805,-0.5020746887966805,-0.38589211618257263,-0.4730290456431535,-0.23236514522821577,-0.49377593360995853,-0.6016597510373444,-0.5020746887966805,-0.5186721991701245,-0.4066390041493776,-0.4315352697095436,-0.3900414937759336,-0.2863070539419087,-0.34439834024896265,-0.6224066390041494,-0.38589211618257263,-0.5435684647302904,-0.3029045643153527,-0.44813278008298757,-0.26556016597510373,-0.36099585062240663,-0.1908713692946058,-0.6431535269709544,-0.3278008298755187,-0.8091286307053942,-0.4149377593360996,-0.941908713692946,-0.4896265560165975
4,0.0,0.0,-0.03319502074688797,-0.24481327800829875,-0.12033195020746888,-0.5850622406639004,-0.18672199170124482,-0.8257261410788381,-0.21991701244813278,-1.0,-0.2572614107883817,-0.6182572614107884,-0.6058091286307054,-0.5726141078838174,-0.5186721991701245,-0.4605809128630705,-0.3983402489626556,-0.45228215767634855,-0.2863070539419087,-0.48132780082987553,-0.6265560165975104,-0.43568464730290457,-0.5228215767634855,-0.34854771784232363,-0.4315352697095436,-0.34854771784232363,-0.33195020746887965,-0.3236514522821577,-0.6390041493775933,-0.3153526970954357,-0.5477178423236515,-0.24066390041493776,-0.44398340248962653,-0.22406639004149378,-0.3983402489626556,-0.16182572614107885,-0.6680497925311203,-0.27385892116182575,-0.8340248962655602,-0.34439834024896265,-0.970954356846473,-0.4066390041493776
4,0.0,0.0,-0.05416666666666667,-0.2375,-0.175,-0.5625,-0.26666666666666666,-0.7958333333333333,-0.325,-0.9708333333333333,-0.3125,-0.5708333333333333,-0.65,-0.5,-0.5625,-0.4083333333333333,-0.44583333333333336,-0.4041666666666667,-0.32916666666666666,-0.44166666666666665,-0.6708333333333333,-0.37083333333333335,-0.5625,-0.3,-0.4708333333333333,-0.30416666666666664,-0.3625,-0.2875,-0.6791666666666667,-0.25833333333333336,-0.5791666666666667,-0.19583333333333333,-0.4708333333333333,-0.18333333333333332,-0.4041666666666667,-0.12083333333333333,-0.6833333333333333,-0.2,-0.8541666666666666,-0.24166666666666667,-1.0,-0.275
4,0.0,0.0,-0.08016877637130802,-0.24050632911392406,-0.23628691983122363,-0.5443037974683544,-0.34177215189873417,-0.7637130801687764,-0.4050632911392405,-0.9324894514767933,-0.35864978902953587,-0.5358649789029536,-0.6919831223628692,-0.43037974683544306,-0.6033755274261603,-0.350210970464135,-0.4936708860759494,-0.3628691983122363,-0.3670886075949367,-0.4008438818565401,-0.6919831223628692,-0.3080168776371308,-0.5907172995780591,-0.24472573839662448,-0.5063291139240507,-0.25316455696202533,-0.3881856540084388,-0.24050632911392406,-0.6962025316455697,-0.1940928270042194,-0.6033755274261603,-0.13924050632911392,-0.5021097046413502,-0.12658227848101267,-0.4177215189873418,-0.06751054852320675,-0.6962025316455697,-0.12236286919831224,-0.8607594936708861,-0.14345991561181434,-1.0,-0.16033755274261605
4,0.0,0.0,-0.07661290322580645,-0.23387096774193547,-0.23387096774193547,-0.5161290322580645,-0.35080645161290325,-0.717741935483871,-0.41935483870967744,-0.8669354838709677,-0.3548387096774194,-0.4959677419354839,-0.6612903225806451,-0.3951612903225806,-0.5725806451612904,-0.32661290322580644,-0.47580645161290325,-0.34274193548387094,-0.3588709677419355,-0.36693548387096775,-0.6612903225806451,-0.2782258064516129,-0.5645161290322581,-0.21774193548387097,-0.4879032258064516,-0.23387096774193547,-0.375,-0.21370967741935484,-0.6733870967741935,-0.16532258064516128,-0.5887096774193549,-0.11693548387096774,-0.49193548387096775,-0.11290322580645161,-0.39919354838709675,-0.04838709677419355,-0.6854838709677419,-0.08870967741935484,-0.8588709677419355,-0.10080645161290322,-1.0,-0.11693548387096774
4,0.0,0.0,-0.09523809523809523,-0.2261904761904762,-0.28174603174603174,-0.49206349206349204,-0.4007936507936508,-0.6904761904761905,-0.4722222222222222,-0.8452380952380952,-0.39285714285714285,-0.47619047619047616,-0.6904761904761905,-0.34523809523809523,-0.5873015873015873,-0.2857142857142857,-0.48412698412698413,-0.30952380952380953,-0.376984126984127,-0.3373015873015873,-0.6785714285714286,-0.2222222222222222,-0.5674603174603174,-0.1746031746031746,-0.4880952380952381,-0.1984126984126984,-0.376984126984127,-0.1746031746031746,-0.6746031746031746,-0.10317460317460317,-0.5833333333333334,-0.07142857142857142,-0.4801587301587302,-0.07539682539682539,-0.38492063492063494,-0.007936507936507936,-0.6785714285714286,-0.01984126984126984,-0.8531746031746031,-0.023809523809523808,-1.0,-0.031746031746031744
4,0.0,0.0,-0.09486166007905138,-0.22134387351778656,-0.2845849802371542,-0.4782608695652174,-0.40711462450592883,-0.6758893280632411,-0.48616600790513836,-0.8300395256916996,-0.3794466403162055,-0.4426877470355731,-0.6798418972332015,-0.3241106719367589,-0.5810276679841897,-0.2727272727272727,-0.48616600790513836,-0.30039525691699603,-0.36363636363636365,-0.308300395256917,-0.6679841897233202,-0.20553359683794467,-0.5691699604743083,-0.16600790513833993,-0.48616600790513836,-0.1857707509881423,-0.36363636363636365,-0.14624505928853754,-0.6640316205533597,-0.07905138339920949,-0.5810276679841897,-0.043478260869565216,-0.48616600790513836,-0.04743083003952569,-0.37549407114624506,0.015810276679841896,-0.6758893280632411,0.015810276679841896,-0.8537549407114624,0.015810276679841896,-1.0,0.011857707509881422
4,0.0,0.0,-0.1067193675889328,-0.22134387351778656,-0.2924901185770751,-0.48221343873517786,-0.4268774703557312,-0.6719367588932806,-0.5059288537549407,-0.8260869565217391,-0.3952569169960474,-0.4505928853754941,-0.6956521739130435,-0.32806324110671936,-0.5968379446640316,-0.2766798418972332,-0.49407114624505927,-0.30434782608695654,-0.3794466403162055,-0.31225296442687744,-0.6837944664031621,-0.2015810276679842,-0.5810276679841897,-0.16205533596837945,-0.5019762845849802,-0.17786561264822134,-0.3715415019762846,-0.14624505928853754,-0.6719367588932806,-0.07509881422924901,-0.5889328063241107,-0.03557312252964427,-0.4901185770750988,-0.039525691699604744,-0.37549407114624506,0.019762845849802372,-0.6758893280632411,0.019762845849802372,-0.857707509881423,0.019762845849802372,-1.0,0.015810276679841896
4,0.0,0.0,-0.1111111111111111,-0.21825396825396826,-0.3055555555555556,-0.46825396825396826,-0.43253968253968256,-0.6626984126984127,-0.5158730158730159,-0.8174603174603174,-0.4126984126984127,-0.44047619047619047,-0.7063492063492064,-0.30158730158730157,-0.6111111111111112,-0.24603174603174602,-0.5119047619047619,-0.27380952380952384,-0.39285714285714285,-0.3055555555555556,-0.6944444444444444,-0.17857142857142858,-0.5873015873015873,-0.1388888888888889,-0.5079365079365079,-0.16666666666666666,-0.38095238095238093,-0.14682539682539683,-0.6785714285714286,-0.05952380952380952,-0.5952380952380952,-0.023809523809523808,-0.49603174603174605,-0.031746031746031744,-0.376984126984127,0.023809523809523808,-0.6746031746031746,0.03968253968253968,-0.8531746031746031,0.05555555555555555,-1.0,0.05952380952380952
4,0.0,0.0,-0.11904761904761904,-0.21428571428571427,-0.3253968253968254,-0.45634920634920634,-0.4603174603174603,-0.6468253968253969,-0.5476190476190477,-0.7936507936507936,-0.42857142857142855,-0.42857142857142855,-0.7222222222222222,-0.27380952380952384,-0.626984126984127,-0.2222222222222222,-0.5357142857142857,-0.25793650793650796,-0.4007936507936508,-0.2896825396825397,-0.6984126984126984,-0.14285714285714285,-0.5952380952380952,-0.1111111111111111,-0.5198412698412699,-0.1388888888888889,-0.38492063492063494,-0.12698412698412698,-0.6825396825396826,-0.027777777777777776,-0.5992063492063492,0.003968253968253968,-0.503968253968254,-0.007936507936507936,-0.38095238095238093,0.03968253968253968,-0.6785714285714286,0.06746031746031746,-0.8531746031746031,0.0873015873015873,-1.0,0.09523809523809523
4,0.0,0.0,-0.11904761904761904,-0.21031746031746032,-0.32936507936507936,-0.4523809523809524,-0.4722222222222222,-0.6349206349206349,-0.5634920634920635,-0.7896825396825397,-0.42857142857142855,-0.4246031746031746,-0.7380952380952381,-0.2698412698412698,-0.6349206349206349,-0.2222222222222222,-0.5396825396825397,-0.25793650793650796,-0.3968253968253968,-0.2857142857142857,-0.7063492063492064,-0.14285714285714285,-0.5992063492063492,-0.1111111111111111,-0.5158730158730159,-0.14285714285714285,-0.376984126984127,-0.11904761904761904,-0.6904761904761905,-0.027777777777777776,-0.5992063492063492,0.007936507936507936,-0.49206349206349204,-0.003968253968253968,-0.36904761904761907,0.047619047619047616,-0.6746031746031746,0.07936507936507936,-0.8531746031746031,0.10714285714285714,-1.0,0.11904761904761904
4,0.0,0.0,-0.1274131274131274,-0.2084942084942085,-0.3359073359073359,-0.4362934362934363,-0.47876447876447875,-0.61003861003861,-0.5714285714285714,-0.7606177606177607,-0.444015444015444,-0.40540540540540543,-0.7258687258687259,-0.2548262548262548,-0.6254826254826255,-0.2084942084942085,-0.525096525096525,-0.23938223938223938,-0.41312741312741313,-0.2702702702702703,-0.7027027027027027,-0.1274131274131274,-0.5984555984555985,-0.10038610038610038,-0.5173745173745173,-0.1274131274131274,-0.38996138996138996,-0.10810810810810811,-0.6833976833976834,-0.015444015444015444,-0.5945945945945946,0.015444015444015444,-0.4942084942084942,0.007722007722007722,-0.3745173745173745,0.05405405405405406,-0.6718146718146718,0.08494208494208494,-0.8532818532818532,0.11583011583011583,-1.0,0.13513513513513514
4,0.0,0.0,-0.12903225806451613,-0.21370967741935484,-0.3387096774193548,-0.4596774193548387,-0.49193548387096775,-0.6411290322580645,-0.5967741935483871,-0.7862903225806451,-0.4475806451612903,-0.4112903225806452,-0.7459677419354839,-0.2620967741935484,-0.6451612903225806,-0.21774193548387097,-0.5483870967741935,-0.25,-0.41935483870967744,-0.2661290322580645,-0.717741935483871,-0.12903225806451613,-0.6209677419354839,-0.10080645161290322,-0.5362903225806451,-0.12903225806451613,-0.3951612903225806,-0.10483870967741936,-0.6935483870967742,-0.008064516129032258,-0.6088709677419355,0.020161290322580645,-0.5120967741935484,0.008064516129032258,-0.38306451612903225,0.06451612903225806,-0.6814516129032258,0.10483870967741936,-0.8588709677419355,0.12903225806451613,-1.0,0.13709677419354838
4,0.0,0.0,-0.12698412698412698,-0.21825396825396826,-0.3412698412698413,-0.44841269841269843,-0.49603174603174605,-0.6190476190476191,-0.6031746031746031,-0.7658730158730159,-0.4444444444444444,-0.4126984126984127,-0.75,-0.25396825396825395,-0.6468253968253969,-0.21825396825396826,-0.5436507936507936,-0.25396825396825395,-0.4126984126984127,-0.26587301587301587,-0.7182539682539683,-0.12301587301587301,-0.6150793650793651,-0.10714285714285714,-0.5277777777777778,-0.1349206349206349,-0.38492063492063494,-0.0992063492063492,-0.6904761904761905,-0.003968253968253968,-0.6031746031746031,0.01984126984126984,-0.5,0.003968253968253968,-0.36507936507936506,0.06746031746031746,-0.6706349206349206,0.10714285714285714,-0.8531746031746031,0.13095238095238096,-1.0,0.1388888888888889
4,0.0,0.0,-0.1306122448979592,-0.22448979591836735,-0.33877551020408164,-0.46938775510204084,-0.4897959183673469,-0.6448979591836734,-0.6040816326530613,-0.7877551020408163,-0.44081632653061226,-0.4163265306122449,-0.7428571428571429,-0.2693877551020408,-0.6408163265306123,-0.22857142857142856,-0.5387755102040817,-0.2612244897959184,-0.4122448979591837,-0.2693877551020408,-0.710204081632653,-0.13877551020408163,-0.6163265306122448,-0.11428571428571428,-0.5306122448979592,-0.13877551020408163,-0.3877551020408163,-0.10612244897959183,-0.673469387755102,-0.00816326530612245,-0.5959183673469388,0.0163265306122449,-0.5020408163265306,0.0,-0.37551020408163266,0.061224489795918366,-0.6775510204081633,0.09795918367346938,-0.8571428571428571,0.11836734693877551,-1.0,0.1306122448979592
4,0.0,0.0,-0.124,-0.212,-0.336,-0.448,-0.484,-0.62,-0.584,-0.764,-0.436,-0.404,-0.728,-0.244,-0.624,-0.204,-0.528,-0.24,-0.408,-0.264,-0.704,-0.116,-0.608,-0.096,-0.528,-0.124,-0.388,-0.104,-0.684,0.004,-0.604,0.032,-0.512,0.016,-0.38,0.06,-0.676,0.1,-0.856,0.124,-1.0,0.136
4,0.0,0.0,-0.12449799196787148,-0.20883534136546184,-0.3413654618473896,-0.4457831325301205,-0.4939759036144578,-0.6184738955823293,-0.5943775100401606,-0.7630522088353414,-0.43775100401606426,-0.41365461847389556,-0.7429718875502008,-0.25301204819277107,-0.6465863453815262,-0.20481927710843373,-0.5461847389558233,-0.24096385542168675,-0.40160642570281124,-0.27309236947791166,-0.7108433734939759,-0.1285140562248996,-0.6104417670682731,-0.0963855421686747,-0.5301204819277109,-0.12449799196787148,-0.36947791164658633,-0.11244979919678715,-0.678714859437751,-0.004016064257028112,-0.5903614457831325,0.028112449799196786,-0.4939759036144578,0.008032128514056224,-0.3534136546184739,0.05622489959839357,-0.6626506024096386,0.0963855421686747,-0.8473895582329317,0.1285140562248996,-1.0,0.14056224899598393
4,0.0,0.0,-0.13168724279835392,-0.21810699588477367,-0.34156378600823045,-0.4691358024691358,-0.5020576131687243,-0.6502057613168725,-0.6049382716049383,-0.7901234567901234,-0.43209876543209874,-0.4444444444444444,-0.7407407407407407,-0.27983539094650206,-0.6460905349794238,-0.2222222222222222,-0.5432098765432098,-0.2551440329218107,-0.3950617283950617,-0.32098765432098764,-0.7078189300411523,-0.16049382716049382,-0.6090534979423868,-0.12345679012345678,-0.5308641975308642,-0.14814814814814814,-0.37037037037037035,-0.16049382716049382,-0.6707818930041153,-0.037037037037037035,-0.5843621399176955,-0.00411522633744856,-0.49382716049382713,-0.024691358024691357,-0.36213991769547327,0.00823045267489712,-0.6666666666666666,0.06995884773662552,-0.8477366255144033,0.09876543209876543,-1.0,0.10699588477366255
4,0.0,0.0,-0.12704918032786885,-0.21721311475409835,-0.3483606557377049,-0.46311475409836067,-0.5081967213114754,-0.6434426229508197,-0.6229508196721312,-0.7868852459016393,-0.430327868852459,-0.4180327868852459,-0.7540983606557377,-0.26639344262295084,-0.6434426229508197,-0.21721311475409835,-0.5368852459016393,-0.2540983606557377,-0.4016393442622951,-0.2827868852459016,-0.7172131147540983,-0.13114754098360656,-0.6065573770491803,-0.10245901639344263,-0.5286885245901639,-0.13934426229508196,-0.38114754098360654,-0.11885245901639344,-0.6844262295081968,-0.004098360655737705,-0.5901639344262295,0.020491803278688523,-0.4918032786885246,-0.004098360655737705,-0.3729508196721312,0.04918032786885246,-0.6680327868852459,0.09836065573770492,-0.8483606557377049,0.13524590163934427,-1.0,0.1557377049180328
4,0.0,0.0,-0.20245398773006135,-0.31901840490797545,-0.49693251533742333,-0.6380368098159509,-0.754601226993865,-0.8404907975460123,-0.9202453987730062,-0.950920245398773,-0.5153374233128835,-0.7239263803680982,-0.8895705521472392,-0.7914110429447853,-0.8957055214723927,-0.803680981595092,-0.8466257668711656,-0.8957055214723927,-0.48466257668711654,-0.5521472392638037,-1.0,-0.4049079754601227,-0.9141104294478528,-0.3006134969325153,-0.7607361963190185,-0.32515337423312884,-0.4662576687116564,-0.3128834355828221,-1.0,-0.1901840490797546,-0.9079754601226994,-0.09815950920245399,-0.7239263803680982,-0.09815950920245399,-0.4662576687116564,-0.06134969325153374,-0.9141104294478528,0.03680981595092025,-0.8773006134969326,0.09815950920245399,-0.754601226993865,0.09815950920245399
4,0.0,0.0,-0.11864406779661017,-0.2245762711864407,-0.3220338983050847,-0.4872881355932203,-0.4703389830508475,-0.690677966101695,-0.5847457627118644,-0.847457627118644,-0.3983050847457627,-0.4872881355932203,-0.7542372881355932,-0.3474576271186441,-0.6483050847457628,-0.2754237288135593,-0.538135593220339,-0.2966101694915254,-0.3686440677966102,-0.3686440677966102,-0.7330508474576272,-0.21610169491525424,-0.635593220338983,-0.16101694915254236,-0.5508474576271186,-0.1864406779661017,-0.3601694915254237,-0.211864406779661,-0.7076271186440678,-0.1059322033898305,-0.6313559322033898,-0.046610169491525424,-0.5338983050847458,-0.05508474576271186,-0.3601694915254237,-0.0423728813559322,-0.6652542372881356,-0.00423728813559322,-0.847457627118644,0.029661016949152543,-1.0,0.046610169491525424
4,0.0,0.0,-0.11790393013100436,-0.23580786026200873,-0.31004366812227074,-0.5152838427947598,-0.4366812227074236,-0.7336244541484717,-0.5327510917030568,-0.9039301310043668,-0.34934497816593885,-0.5283842794759825,-0.7074235807860262,-0.3930131004366812,-0.5982532751091703,-0.32751091703056767,-0.49344978165938863,-0.3624454148471616,-0.31004366812227074,-0.4104803493449782,-0.6855895196506551,-0.2576419213973799,-0.5720524017467249,-0.2183406113537118,-0.4890829694323144,-0.2576419213973799,-0.30131004366812225,-0.2445414847161572,-0.6681222707423581,-0.13973799126637554,-0.5676855895196506,-0.10480349344978165,-0.462882096069869,-0.13100436681222707,-0.31004366812227074,-0.07423580786026202,-0.6375545851528385,-0.034934497816593885,-0.8296943231441049,-0.021834061135371178,-1.0,-0.026200873362445413
4,0.0,0.0,-0.14354066985645933,-0.24401913875598086,-0.33014354066985646,-0.5550239234449761,-0.45933014354066987,-0.8038277511961722,-0.5454545454545454,-1.0,-0.37320574162679426,-0.5502392344497608,-0.784688995215311,-0.45454545454545453,-0.6889952153110048,-0.3923444976076555,-0.5741626794258373,-0.41626794258373206,-0.33014354066985646,-0.41626794258373206,-0.7799043062200957,-0.31100478468899523,-0.6698564593301436,-0.27751196172248804,-0.5454545454545454,-0.3062200956937799,-0.31100478468899523,-0.2583732057416268,-0.7464114832535885,-0.19617224880382775,-0.6411483253588517,-0.15311004784688995,-0.5167464114832536,-0.1722488038277512,-0.31100478468899523,-0.0861244019138756,-0.6555023923444976,-0.06220095693779904,-0.6411483253588517,-0.04784688995215311,-0.5885167464114832,-0.06698564593301436
4,0.0,0.0,-0.1330049261083744,-0.24630541871921183,-0.3251231527093596,-0.5615763546798029,-0.4630541871921182,-0.812807881773399,-0.5665024630541872,-1.0,-0.35960591133004927,-0.5566502463054187,-0.7733990147783252,-0.4729064039408867,-0.6798029556650246,-0.39901477832512317,-0.5615763546798029,-0.4187192118226601,-0.3251231527093596,-0.4187192118226601,-0.7832512315270936,-0.3251231527093596,-0.6798029556650246,-0.28078817733990147,-0.5665024630541872,-0.30049261083743845,-0.31527093596059114,-0.2512315270935961,-0.7586206896551724,-0.21182266009852216,-0.6650246305418719,-0.15270935960591134,-0.5566502463054187,-0.15763546798029557,-0.3251231527093596,-0.07389162561576355,-0.6699507389162561,-0.07389162561576355,-0.7438423645320197,-0.054187192118226604,-0.7832512315270936,-0.04926108374384237
4,0.0,0.0,-0.11059907834101383,-0.24423963133640553,-0.30414746543778803,-0.5668202764976958,-0.43317972350230416,-0.8064516129032258,-0.5299539170506913,-1.0,-0.3686635944700461,-0.576036866359447,-0.7419354838709677,-0.45622119815668205,-0.6405529953917051,-0.37327188940092165,-0.5253456221198156,-0.391705069124424,-0.3317972350230415,-0.4470046082949309,-0.7465437788018433,-0.30414746543778803,-0.6267281105990783,-0.23963133640552994,-0.5299539170506913,-0.271889400921659,-0.3225806451612903,-0.2764976958525346,-0.7188940092165899,-0.1935483870967742,-0.6175115207373272,-0.1382488479262673,-0.5023041474654378,-0.15668202764976957,-0.3225806451612903,-0.0967741935483871,-0.6405529953917051,-0.10599078341013825,-0.8294930875576036,-0.10138248847926268,-0.9907834101382489,-0.10599078341013825
4,0.0,0.0,-0.13023255813953488,-0.2558139534883721,-0.3302325581395349,-0.5627906976744186,-0.4697674418604651,-0.8,-0.5674418604651162,-0.9906976744186047,-0.3813953488372093,-0.5581395348837209,-0.7627906976744186,-0.4558139534883721,-0.6511627906976745,-0.3767441860465116,-0.5348837209302325,-0.3953488372093023,-0.33488372093023255,-0.4418604651162791,-0.7674418604651163,-0.30697674418604654,-0.6372093023255814,-0.25116279069767444,-0.5348837209302325,-0.2837209302325581,-0.3209302325581395,-0.26976744186046514,-0.7395348837209302,-0.19534883720930232,-0.6232558139534884,-0.13953488372093023,-0.5023255813953489,-0.15348837209302327,-0.3209302325581395,-0.07906976744186046,-0.6511627906976745,-0.09767441860465116,-0.8325581395348837,-0.09302325581395349,-1.0,-0.09767441860465116
4,0.0,0.0,-0.13551401869158877,-0.2616822429906542,-0.3364485981308411,-0.5700934579439252,-0.4719626168224299,-0.8130841121495327,-0.5747663551401869,-1.0,-0.37850467289719625,-0.5607476635514018,-0.7616822429906542,-0.4532710280373832,-0.6588785046728972,-0.37850467289719625,-0.5467289719626168,-0.3925233644859813,-0.3317757009345794,-0.4485981308411215,-0.7710280373831776,-0.3130841121495327,-0.6448598130841121,-0.2523364485981308,-0.5420560747663551,-0.2897196261682243,-0.3177570093457944,-0.2803738317757009,-0.7523364485981309,-0.2102803738317757,-0.6448598130841121,-0.14953271028037382,-0.5233644859813084,-0.1588785046728972,-0.32242990654205606,-0.08411214953271028,-0.6542056074766355,-0.09813084112149532,-0.8364485981308412,-0.08878504672897196,-1.0,-0.09345794392523364
4,0.0,0.0,-0.13333333333333333,-0.24888888888888888,-0.3244444444444444,-0.5644444444444444,-0.4533333333333333,-0.7955555555555556,-0.5288888888888889,-1.0,-0.36444444444444446,-0.5333333333333333,-0.7422222222222222,-0.4177777777777778,-0.64,-0.3377777777777778,-0.5288888888888889,-0.36444444444444446,-0.32,-0.4,-0.7377777777777778,-0.2577777777777778,-0.6222222222222222,-0.20444444444444446,-0.5155555555555555,-0.24,-0.3022222222222222,-0.2311111111111111,-0.6933333333333334,-0.14222222222222222,-0.5866666666666667,-0.09777777777777778,-0.4666666666666667,-0.12,-0.29777777777777775,-0.04888888888888889,-0.6,-0.06222222222222222,-0.7911111111111111,-0.057777777777777775,-0.9555555555555556,-0.05333333333333334
4,0.0,0.0,-0.12669683257918551,-0.2669683257918552,-0.3076923076923077,-0.5746606334841629,-0.4298642533936652,-0.8099547511312217,-0.497737556561086,-1.0,-0.3257918552036199,-0.5656108597285068,-0.7058823529411765,-0.4434389140271493,-0.6063348416289592,-0.36199095022624433,-0.497737556561086,-0.3891402714932127,-0.2850678733031674,-0.4298642533936652,-0.7013574660633484,-0.3031674208144796,-0.5927601809954751,-0.24434389140271492,-0.497737556561086,-0.27149321266968324,-0.27601809954751133,-0.2669683257918552,-0.6742081447963801,-0.20361990950226244,-0.583710407239819,-0.15384615384615385,-0.4796380090497738,-0.1583710407239819,-0.28054298642533937,-0.09954751131221719,-0.5927601809954751,-0.09954751131221719,-0.7737556561085973,-0.10407239819004525,-0.9321266968325792,-0.11764705882352941
4,0.0,0.0,-0.15492957746478872,-0.25821596244131456,-0.3474178403755869,-0.568075117370892,-0.4694835680751174,-0.8075117370892019,-0.5258215962441315,-1.0,-0.39436619718309857,-0.539906103286385,-0.7370892018779343,-0.4272300469483568,-0.6572769953051644,-0.37089201877934275,-0.5539906103286385,-0.40375586854460094,-0.3568075117370892,-0.39436619718309857,-0.7183098591549296,-0.2676056338028169,-0.6197183098591549,-0.24413145539906103,-0.49295774647887325,-0.27230046948356806,-0.3145539906103286,-0.2300469483568075,-0.6572769953051644,-0.13615023474178403,-0.5539906103286385,-0.11737089201877934,-0.431924882629108,-0.14553990610328638,-0.29107981220657275,-0.06572769953051644,-0.5446009389671361,-0.018779342723004695,-0.460093896713615,-0.009389671361502348,-0.352112676056338,-0.028169014084507043
4,0.0,0.0,-0.1261682242990654,-0.24766355140186916,-0.3177570093457944,-0.5607476635514018,-0.43457943925233644,-0.8084112149532711,-0.5046728971962616,-1.0,-0.32710280373831774,-0.5700934579439252,-0.7289719626168224,-0.48130841121495327,-0.6542056074766355,-0.38317757009345793,-0.5420560747663551,-0.3878504672897196,-0.2850467289719626,-0.4392523364485981,-0.7383177570093458,-0.32242990654205606,-0.6401869158878505,-0.24766355140186916,-0.5373831775700935,-0.26635514018691586,-0.27102803738317754,-0.26635514018691586,-0.7009345794392523,-0.20093457943925233,-0.6074766355140186,-0.14953271028037382,-0.4953271028037383,-0.16355140186915887,-0.2850467289719626,-0.09345794392523364,-0.6121495327102804,-0.08411214953271028,-0.7990654205607477,-0.08411214953271028,-0.9626168224299065,-0.09813084112149532
4,0.0,0.0,-0.20540540540540542,-0.2810810810810811,-0.4540540540540541,-0.5783783783783784,-0.6432432432432432,-0.8108108108108109,-0.7675675675675676,-1.0,-0.41621621621621624,-0.6432432432432432,-0.8540540540540541,-0.518918918918919,-0.7621621621621621,-0.40540540540540543,-0.6270270270270271,-0.41621621621621624,-0.3621621621621622,-0.4972972972972973,-0.8324324324324325,-0.34054054054054056,-0.7243243243243244,-0.2810810810810811,-0.5837837837837838,-0.2972972972972973,-0.32972972972972975,-0.31891891891891894,-0.7837837837837838,-0.21081081081081082,-0.6810810810810811,-0.15135135135135136,-0.5459459459459459,-0.16756756756756758,-0.32972972972972975,-0.12432432432432433,-0.6918918918918919,-0.07567567567567568,-0.6378378378378379,-0.043243243243243246,-0.5351351351351351,-0.05405405405405406
4,0.0,0.0,-0.12612612612612611,-0.25225225225225223,-0.32432432432432434,-0.5630630630630631,-0.44144144144144143,-0.7972972972972973,-0.5225225225225225,-1.0,-0.3333333333333333,-0.527027027027027,-0.7297297297297297,-0.40540540540540543,-0.6216216216216216,-0.32432432432432434,-0.5045045045045045,-0.36036036036036034,-0.27927927927927926,-0.36936936936936937,-0.7117117117117117,-0.22522522522522523,-0.5855855855855856,-0.17567567567567569,-0.47297297297297297,-0.22522522522522523,-0.25225225225225223,-0.18018018018018017,-0.6486486486486487,-0.08558558558558559,-0.536036036036036,-0.05405405405405406,-0.4144144144144144,-0.0945945945945946,-0.24324324324324326,0.0045045045045045045,-0.5540540540540541,0.013513513513513514,-0.7477477477477478,0.02252252252252252,-0.9099099099099099,0.02252252252252252
4,0.0,0.0,-0.11013215859030837,-0.2511013215859031,-0.29955947136563876,-0.5594713656387665,-0.40969162995594716,-0.8061674008810573,-0.4669603524229075,-1.0,-0.31277533039647576,-0.5814977973568282,-0.7136563876651982,-0.4669603524229075,-0.6211453744493393,-0.3744493392070485,-0.5154185022026432,-0.3920704845814978,-0.2555066079295154,-0.4581497797356828,-0.7092511013215859,-0.32158590308370044,-0.5947136563876652,-0.2511013215859031,-0.5022026431718062,-0.27312775330396477,-0.23788546255506607,-0.28634361233480177,-0.6563876651982379,-0.2026431718061674,-0.5550660792951542,-0.14977973568281938,-0.44933920704845814,-0.15418502202643172,-0.23788546255506607,-0.10572687224669604,-0.5550660792951542,-0.10572687224669604,-0.748898678414097,-0.1145374449339207,-0.9162995594713657,-0.1277533039647577
4,0.0,0.0,-0.12264150943396226,-0.28773584905660377,-0.32075471698113206,-0.589622641509434,-0.45754716981132076,-0.8254716981132075,-0.5283018867924528,-1.0,-0.32547169811320753,-0.6273584905660378,-0.7311320754716981,-0.5377358490566038,-0.6415094339622641,-0.4481132075471698,-0.5283018867924528,-0.45754716981132076,-0.2688679245283019,-0.49528301886792453,-0.7594339622641509,-0.38207547169811323,-0.6320754716981132,-0.30660377358490565,-0.5235849056603774,-0.3490566037735849,-0.25943396226415094,-0.3113207547169811,-0.7216981132075472,-0.24528301886792453,-0.6132075471698113,-0.18867924528301888,-0.49528301886792453,-0.19811320754716982,-0.2688679245283019,-0.11320754716981132,-0.6037735849056604,-0.1179245283018868,-0.8066037735849056,-0.12735849056603774,-0.9858490566037735,-0.14622641509433962
4,0.0,0.0,-0.11504424778761062,-0.2610619469026549,-0.29646017699115046,-0.5663716814159292,-0.40707964601769914,-0.8097345132743363,-0.4778761061946903,-1.0,-0.30973451327433627,-0.5707964601769911,-0.7035398230088495,-0.49557522123893805,-0.6106194690265486,-0.4026548672566372,-0.5,-0.41150442477876104,-0.2610619469026549,-0.43805309734513276,-0.7035398230088495,-0.3407079646017699,-0.588495575221239,-0.2743362831858407,-0.48672566371681414,-0.3053097345132743,-0.24336283185840707,-0.26991150442477874,-0.6504424778761062,-0.2168141592920354,-0.5486725663716814,-0.168141592920354,-0.4424778761061947,-0.18141592920353983,-0.24778761061946902,-0.09734513274336283,-0.5486725663716814,-0.10619469026548672,-0.7300884955752213,-0.11946902654867257,-0.8938053097345132,-0.13274336283185842
4,0.0,0.0,-0.13478260869565217,-0.2565217391304348,-0.3130434782608696,-0.5652173913043478,-0.41739130434782606,-0.8043478260869565,-0.4652173913043478,-1.0,-0.3130434782608696,-0.5652173913043478,-0.7043478260869566,-0.4652173913043478,-0.6130434782608696,-0.3782608695652174,-0.5043478260869565,-0.39565217391304347,-0.2565217391304348,-0.4217391304347826,-0.6956521739130435,-0.3,-0.5956521739130435,-0.2391304347826087,-0.49130434782608695,-0.27391304347826084,-0.2391304347826087,-0.24347826086956523,-0.6478260869565218,-0.1782608695652174,-0.5608695652173913,-0.12608695652173912,-0.45652173913043476,-0.1391304347826087,-0.2391304347826087,-0.06086956521739131,-0.5391304347826087,-0.0782608695652174,-0.7217391304347827,-0.09130434782608696,-0.8739130434782608,-0.10434782608695652
4,0.0,0.0,-0.1111111111111111,-0.2606837606837607,-0.2777777777777778,-0.5683760683760684,-0.37606837606837606,-0.811965811965812,-0.4188034188034188,-1.0,-0.2692307692307692,-0.5897435897435898,-0.6538461538461539,-0.49572649572649574,-0.5769230769230769,-0.41025641025641024,-0.47863247863247865,-0.4230769230769231,-0.2094017094017094,-0.4658119658119658,-0.6538461538461539,-0.3547008547008547,-0.5555555555555556,-0.2905982905982906,-0.46153846153846156,-0.31196581196581197,-0.19230769230769232,-0.3076923076923077,-0.6025641025641025,-0.25213675213675213,-0.5213675213675214,-0.19658119658119658,-0.4230769230769231,-0.18803418803418803,-0.19230769230769232,-0.1452991452991453,-0.4829059829059829,-0.1581196581196581,-0.6666666666666666,-0.1752136752136752,-0.8247863247863247,-0.18803418803418803
4,0.0,0.0,-0.11702127659574468,-0.30319148936170215,-0.324468085106383,-0.5957446808510638,-0.5053191489361702,-0.7659574468085106,-0.6382978723404256,-0.8085106382978723,-0.3617021276595745,-0.7712765957446809,-0.7925531914893617,-0.7127659574468085,-0.7127659574468085,-0.601063829787234,-0.601063829787234,-0.6063829787234043,-0.30851063829787234,-0.6436170212765957,-0.8191489361702128,-0.5212765957446809,-0.7021276595744681,-0.43617021276595747,-0.5797872340425532,-0.46808510638297873,-0.2872340425531915,-0.44680851063829785,-0.7712765957446809,-0.3723404255319149,-0.6808510638297872,-0.30851063829787234,-0.5638297872340425,-0.31382978723404253,-0.28191489361702127,-0.23404255319148937,-0.6542553191489362,-0.25,-0.8457446808510638,-0.2712765957446808,-1.0,-0.31382978723404253
4,0.0,0.0,-0.07174887892376682,-0.2600896860986547,-0.2242152466367713,-0.5739910313901345,-0.3273542600896861,-0.8116591928251121,-0.3901345291479821,-1.0,-0.2556053811659193,-0.6233183856502242,-0.6502242152466368,-0.5426008968609866,-0.5605381165919282,-0.4484304932735426,-0.452914798206278,-0.452914798206278,-0.19282511210762332,-0.5067264573991032,-0.6502242152466368,-0.39461883408071746,-0.5291479820627802,-0.31390134529147984,-0.4349775784753363,-0.336322869955157,-0.18385650224215247,-0.3452914798206278,-0.5964125560538116,-0.273542600896861,-0.4798206278026906,-0.21973094170403587,-0.36771300448430494,-0.21524663677130046,-0.19730941704035873,-0.16591928251121077,-0.5022421524663677,-0.19282511210762332,-0.6816143497757847,-0.21524663677130046,-0.8475336322869955,-0.23766816143497757
4,0.0,0.0,-0.10138248847926268,-0.28110599078341014,-0.25806451612903225,-0.5806451612903226,-0.3686635944700461,-0.815668202764977,-0.41013824884792627,-1.0,-0.25806451612903225,-0.6175115207373272,-0.6267281105990783,-0.5529953917050692,-0.5622119815668203,-0.4700460829493088,-0.4838709677419355,-0.4838709677419355,-0.19815668202764977,-0.4930875576036866,-0.6774193548387096,-0.3870967741935484,-0.5714285714285714,-0.30414746543778803,-0.4700460829493088,-0.33640552995391704,-0.18433179723502305,-0.31797235023041476,-0.631336405529954,-0.2534562211981567,-0.5253456221198156,-0.1935483870967742,-0.41013824884792627,-0.19815668202764977,-0.1889400921658986,-0.12903225806451613,-0.5023041474654378,-0.1382488479262673,-0.7004608294930875,-0.16589861751152074,-0.8755760368663594,-0.19815668202764977
4,0.0,0.0,-0.07964601769911504,-0.26991150442477874,-0.23893805309734514,-0.5796460176991151,-0.34513274336283184,-0.8141592920353983,-0.40707964601769914,-1.0,-0.252212389380531,-0.6415929203539823,-0.6415929203539823,-0.5575221238938053,-0.5575221238938053,-0.4646017699115044,-0.4557522123893805,-0.4690265486725664,-0.19469026548672566,-0.5265486725663717,-0.6460176991150443,-0.415929203539823,-0.5353982300884956,-0.34513274336283184,-0.43805309734513276,-0.3672566371681416,-0.18584070796460178,-0.36283185840707965,-0.5973451327433629,-0.3053097345132743,-0.49557522123893805,-0.25663716814159293,-0.3893805309734513,-0.25663716814159293,-0.19911504424778761,-0.1902654867256637,-0.504424778761062,-0.22123893805309736,-0.6858407079646017,-0.24336283185840707,-0.8451327433628318,-0.26991150442477874
4,0.0,0.0,-0.10837438423645321,-0.28078817733990147,-0.33004926108374383,-0.4729064039408867,-0.5467980295566502,-0.5714285714285714,-0.7142857142857143,-0.5320197044334976,-0.33004926108374383,-0.6945812807881774,-0.729064039408867,-0.6305418719211823,-0.6600985221674877,-0.5270935960591133,-0.5665024630541872,-0.5320197044334976,-0.270935960591133,-0.5862068965517241,-0.7783251231527094,-0.458128078817734,-0.645320197044335,-0.3645320197044335,-0.5270935960591133,-0.4088669950738916,-0.2660098522167488,-0.39901477832512317,-0.729064039408867,-0.3103448275862069,-0.6108374384236454,-0.2561576354679803,-0.47783251231527096,-0.28078817733990147,-0.28078817733990147,-0.18719211822660098,-0.6157635467980296,-0.18226600985221675,-0.8177339901477833,-0.21182266009852216,-1.0,-0.2561576354679803
4,0.0,0.0,-0.09545454545454546,-0.2636363636363636,-0.2681818181818182,-0.5772727272727273,-0.35909090909090907,-0.8090909090909091,-0.40454545454545454,-1.0,-0.3,-0.6,-0.6909090909090909,-0.509090909090909,-0.6090909090909091,-0.4090909090909091,-0.4909090909090909,-0.4090909090909091,-0.2409090909090909,-0.4590909090909091,-0.7045454545454546,-0.35909090909090907,-0.5909090909090909,-0.2727272727272727,-0.4863636363636364,-0.2909090909090909,-0.22727272727272727,-0.2727272727272727,-0.6545454545454545,-0.2409090909090909,-0.5590909090909091,-0.17727272727272728,-0.4409090909090909,-0.16818181818181818,-0.23636363636363636,-0.09090909090909091,-0.5454545454545454,-0.1318181818181818,-0.7318181818181818,-0.15,-0.8909090909090909,-0.17272727272727273
4,0.0,0.0,-0.1145374449339207,-0.2643171806167401,-0.3039647577092511,-0.5682819383259912,-0.42290748898678415,-0.7973568281938326,-0.4933920704845815,-1.0,-0.3303964757709251,-0.5418502202643172,-0.7136563876651982,-0.43612334801762115,-0.5947136563876652,-0.3524229074889868,-0.47577092511013214,-0.3700440528634361,-0.2907488986784141,-0.3920704845814978,-0.7224669603524229,-0.2775330396475771,-0.5903083700440529,-0.22466960352422907,-0.4801762114537445,-0.2555066079295154,-0.28193832599118945,-0.20704845814977973,-0.6784140969162996,-0.15418502202643172,-0.5594713656387665,-0.11894273127753303,-0.43612334801762115,-0.14096916299559473,-0.2775330396475771,-0.02643171806167401,-0.5859030837004405,-0.03524229074889868,-0.775330396475771,-0.048458149779735685,-0.9427312775330396,-0.06607929515418502
4,0.0,0.0,-0.11210762331838565,-0.2556053811659193,-0.27802690582959644,-0.5695067264573991,-0.38565022421524664,-0.8116591928251121,-0.4663677130044843,-1.0,-0.28699551569506726,-0.5515695067264574,-0.672645739910314,-0.4798206278026906,-0.6053811659192825,-0.37668161434977576,-0.4977578475336323,-0.36771300448430494,-0.2556053811659193,-0.4304932735426009,-0.7040358744394619,-0.34977578475336324,-0.6233183856502242,-0.2645739910313901,-0.5201793721973094,-0.2645739910313901,-0.2556053811659193,-0.2645739910313901,-0.6860986547085202,-0.242152466367713,-0.6143497757847534,-0.16591928251121077,-0.5112107623318386,-0.14798206278026907,-0.2645739910313901,-0.09417040358744394,-0.5874439461883408,-0.10762331838565023,-0.7757847533632287,-0.09865470852017937,-0.9327354260089686,-0.09865470852017937
4,0.0,0.0,-0.1206896551724138,-0.25862068965517243,-0.3017241379310345,-0.5646551724137931,-0.4224137931034483,-0.7974137931034483,-0.49137931034482757,-1.0,-0.33620689655172414,-0.5560344827586207,-0.7155172413793104,-0.4396551724137931,-0.6163793103448276,-0.3577586206896552,-0.5043103448275862,-0.375,-0.28448275862068967,-0.41810344827586204,-0.7155172413793104,-0.28448275862068967,-0.5991379310344828,-0.21982758620689655,-0.49137931034482757,-0.2543103448275862,-0.27586206896551724,-0.2413793103448276,-0.6724137931034483,-0.16810344827586207,-0.5689655172413793,-0.1206896551724138,-0.4482758620689655,-0.14224137931034483,-0.2801724137931034,-0.0603448275862069,-0.5862068965517241,-0.06896551724137931,-0.771551724137931,-0.07327586206896551,-0.9396551724137931,-0.08620689655172414
4,0.0,0.0,-0.10480349344978165,-0.27074235807860264,-0.28820960698689957,-0.5764192139737991,-0.4017467248908297,-0.8165938864628821,-0.4759825327510917,-1.0,-0.314410480349345,-0.5938864628820961,-0.6855895196506551,-0.49344978165938863,-0.5938864628820961,-0.4104803493449782,-0.4890829694323144,-0.42358078602620086,-0.27510917030567683,-0.47161572052401746,-0.7074235807860262,-0.3624454148471616,-0.5938864628820961,-0.28820960698689957,-0.5021834061135371,-0.31004366812227074,-0.27074235807860264,-0.30131004366812225,-0.6812227074235808,-0.26200873362445415,-0.5851528384279476,-0.2052401746724891,-0.4759825327510917,-0.20087336244541484,-0.2794759825327511,-0.11790393013100436,-0.5807860262008734,-0.14410480349344978,-0.7729257641921398,-0.1572052401746725,-0.9388646288209607,-0.1703056768558952
4,0.0,0.0,-0.14220183486238533,-0.2798165137614679,-0.3302752293577982,-0.5825688073394495,-0.463302752293578,-0.8165137614678899,-0.5275229357798165,-1.0,-0.3486238532110092,-0.5825688073394495,-0.7431192660550459,-0.4908256880733945,-0.6605504587155964,-0.40825688073394495,-0.5596330275229358,-0.43577981651376146,-0.3119266055045872,-0.44036697247706424,-0.7522935779816514,-0.3256880733944954,-0.6467889908256881,-0.28440366972477066,-0.5412844036697247,-0.3119266055045872,-0.2981651376146789,-0.27522935779816515,-0.7110091743119266,-0.2018348623853211,-0.6192660550458715,-0.1651376146788991,-0.5137614678899083,-0.1834862385321101,-0.3119266055045872,-0.10091743119266056,-0.6376146788990825,-0.08256880733944955,-0.6513761467889908,-0.06880733944954129,-0.6284403669724771,-0.0779816513761468
4,0.0,0.0,-0.11864406779661017,-0.2542372881355932,-0.3135593220338983,-0.5423728813559322,-0.4406779661016949,-0.7711864406779662,-0.5254237288135594,-0.961864406779661,-0.3601694915254237,-0.5254237288135594,-0.7288135593220338,-0.3983050847457627,-0.614406779661017,-0.3305084745762712,-0.4957627118644068,-0.3559322033898305,-0.3347457627118644,-0.3855932203389831,-0.7203389830508474,-0.2542372881355932,-0.597457627118644,-0.2033898305084746,-0.4957627118644068,-0.2542372881355932,-0.3305084745762712,-0.211864406779661,-0.6991525423728814,-0.13559322033898305,-0.597457627118644,-0.1016949152542373,-0.4830508474576271,-0.13135593220338984,-0.3389830508474576,-0.03389830508474576,-0.652542372881356,-0.03389830508474576,-0.8389830508474576,-0.029661016949152543,-1.0,-0.038135593220338986
4,0.0,0.0,-0.12345679012345678,-0.23868312757201646,-0.31275720164609055,-0.5267489711934157,-0.43209876543209874,-0.7448559670781894,-0.5061728395061729,-0.9259259259259259,-0.36213991769547327,-0.49382716049382713,-0.7160493827160493,-0.39094650205761317,-0.6213991769547325,-0.3168724279835391,-0.51440329218107,-0.3292181069958848,-0.345679012345679,-0.345679012345679,-0.7160493827160493,-0.2551440329218107,-0.6213991769547325,-0.1934156378600823,-0.522633744855967,-0.20164609053497942,-0.34156378600823045,-0.18106995884773663,-0.7078189300411523,-0.1440329218106996,-0.6255144032921811,-0.08641975308641975,-0.5185185185185185,-0.07818930041152264,-0.35390946502057613,-0.012345679012345678,-0.6666666666666666,-0.012345679012345678,-0.8477366255144033,-0.00411522633744856,-1.0,-0.00823045267489712
4,0.0,0.0,-0.12448132780082988,-0.23651452282157676,-0.3070539419087137,-0.5269709543568465,-0.43568464730290457,-0.7385892116182573,-0.5228215767634855,-0.9087136929460581,-0.3775933609958506,-0.5186721991701245,-0.7344398340248963,-0.3817427385892116,-0.6431535269709544,-0.3029045643153527,-0.5352697095435685,-0.3236514522821577,-0.34854771784232363,-0.3817427385892116,-0.7136929460580913,-0.24896265560165975,-0.6265560165975104,-0.18672199170124482,-0.5352697095435685,-0.1950207468879668,-0.3360995850622407,-0.21161825726141079,-0.6887966804979253,-0.12863070539419086,-0.6099585062240664,-0.07053941908713693,-0.5103734439834025,-0.07468879668049792,-0.34439834024896265,-0.03319502074688797,-0.6639004149377593,-0.03734439834024896,-0.8506224066390041,-0.03319502074688797,-1.0,-0.04564315352697095
4,0.0,0.0,-0.11814345991561181,-0.2320675105485232,-0.3037974683544304,-0.5147679324894515,-0.4388185654008439,-0.729957805907173,-0.5443037974683544,-0.8987341772151899,-0.35864978902953587,-0.4936708860759494,-0.729957805907173,-0.3670886075949367,-0.6582278481012658,-0.28270042194092826,-0.5485232067510548,-0.27848101265822783,-0.33755274261603374,-0.3670886075949367,-0.7215189873417721,-0.2320675105485232,-0.6455696202531646,-0.16455696202531644,-0.5611814345991561,-0.1729957805907173,-0.33755274261603374,-0.19831223628691982,-0.7130801687763713,-0.12236286919831224,-0.6455696202531646,-0.05907172995780591,-0.5527426160337553,-0.05485232067510549,-0.350210970464135,-0.02531645569620253,-0.6708860759493671,-0.016877637130801686,-0.8523206751054853,0.008438818565400843,-1.0,0.012658227848101266
4,0.0,0.0,-0.10460251046025104,-0.23430962343096234,-0.2928870292887029,-0.5188284518828452,-0.4309623430962343,-0.7238493723849372,-0.5230125523012552,-0.895397489539749,-0.36401673640167365,-0.5062761506276151,-0.7238493723849372,-0.3807531380753138,-0.6276150627615062,-0.3054393305439331,-0.5104602510460251,-0.3179916317991632,-0.34309623430962344,-0.3723849372384937,-0.702928870292887,-0.23430962343096234,-0.606694560669456,-0.18410041841004185,-0.5188284518828452,-0.20920502092050208,-0.3389121338912134,-0.20920502092050208,-0.6861924686192469,-0.11297071129707113,-0.5941422594142259,-0.06694560669456066,-0.4895397489539749,-0.0794979079497908,-0.3472803347280335,-0.03347280334728033,-0.6569037656903766,-0.02510460251046025,-0.8451882845188284,-0.02092050209205021,-1.0,-0.02510460251046025
4,0.0,0.0,-0.116,-0.212,-0.296,-0.472,-0.42,-0.672,-0.516,-0.836,-0.352,-0.452,-0.7,-0.332,-0.62,-0.264,-0.512,-0.268,-0.336,-0.316,-0.684,-0.196,-0.6,-0.148,-0.512,-0.168,-0.336,-0.16,-0.672,-0.088,-0.6,-0.04,-0.516,-0.044,-0.348,0.0,-0.66,0.016,-0.848,0.04,-1.0,0.056
4,0.0,0.0,-0.09126984126984126,-0.2261904761904762,-0.2777777777777778,-0.4880952380952381,-0.4007936507936508,-0.6825396825396826,-0.49603174603174605,-0.8293650793650794,-0.35714285714285715,-0.46825396825396826,-0.6904761904761905,-0.34523809523809523,-0.5952380952380952,-0.2896825396825397,-0.49206349206349204,-0.31746031746031744,-0.3412698412698413,-0.32936507936507936,-0.6865079365079365,-0.21428571428571427,-0.5873015873015873,-0.17857142857142858,-0.503968253968254,-0.20238095238095238,-0.3412698412698413,-0.16666666666666666,-0.6785714285714286,-0.0992063492063492,-0.5912698412698413,-0.06349206349206349,-0.49206349206349204,-0.07142857142857142,-0.3492063492063492,0.0,-0.6666666666666666,0.007936507936507936,-0.8531746031746031,0.027777777777777776,-1.0,0.03571428571428571
4,0.0,0.0,-0.09523809523809523,-0.2222222222222222,-0.28174603174603174,-0.49206349206349204,-0.40476190476190477,-0.6825396825396826,-0.49206349206349204,-0.8293650793650794,-0.38492063492063494,-0.47619047619047616,-0.7103174603174603,-0.34523809523809523,-0.6150793650793651,-0.2857142857142857,-0.5079365079365079,-0.3134920634920635,-0.36507936507936506,-0.3373015873015873,-0.6984126984126984,-0.21428571428571427,-0.5992063492063492,-0.1746031746031746,-0.5119047619047619,-0.20238095238095238,-0.36507936507936506,-0.17063492063492064,-0.6825396825396826,-0.09523809523809523,-0.5992063492063492,-0.05555555555555555,-0.5,-0.06746031746031746,-0.373015873015873,-0.003968253968253968,-0.6785714285714286,0.0,-0.8571428571428571,0.007936507936507936,-1.0,0.007936507936507936
4,0.0,0.0,-0.11336032388663968,-0.22267206477732793,-0.3076923076923077,-0.4817813765182186,-0.44129554655870445,-0.6761133603238867,-0.5384615384615384,-0.8259109311740891,-0.38866396761133604,-0.46558704453441296,-0.7165991902834008,-0.3319838056680162,-0.6234817813765182,-0.2631578947368421,-0.5101214574898786,-0.27530364372469635,-0.3724696356275304,-0.32793522267206476,-0.6963562753036437,-0.19838056680161945,-0.6032388663967612,-0.15384615384615385,-0.5222672064777328,-0.17813765182186234,-0.3643724696356275,-0.1659919028340081,-0.6639676113360324,-0.0728744939271255,-0.582995951417004,-0.04048582995951417,-0.48582995951417,-0.06072874493927125,-0.3643724696356275,0.004048582995951417,-0.6720647773279352,0.020242914979757085,-0.854251012145749,0.02834008097165992,-1.0,0.02834008097165992
4,0.0,0.0,-0.10227272727272728,-0.20833333333333334,-0.3068181818181818,-0.4583333333333333,-0.44696969696969696,-0.6439393939393939,-0.553030303030303,-0.7803030303030303,-0.3939393939393939,-0.42045454545454547,-0.7083333333333334,-0.2803030303030303,-0.6098484848484849,-0.23106060606060605,-0.5113636363636364,-0.2689393939393939,-0.36742424242424243,-0.2765151515151515,-0.678030303030303,-0.14772727272727273,-0.5643939393939394,-0.11742424242424243,-0.48484848484848486,-0.14772727272727273,-0.3560606060606061,-0.10984848484848485,-0.6590909090909091,-0.026515151515151516,-0.5606060606060606,0.003787878787878788,-0.4583333333333333,-0.007575757575757576,-0.36363636363636365,0.056818181818181816,-0.6590909090909091,0.07575757575757576,-0.8409090909090909,0.09848484848484848,-1.0,0.10984848484848485
4,0.0,0.0,-0.11328125,-0.2265625,-0.3125,-0.48046875,-0.4609375,-0.66796875,-0.5625,-0.8203125,-0.390625,-0.4296875,-0.72265625,-0.31640625,-0.625,-0.26171875,-0.51953125,-0.28125,-0.3671875,-0.2890625,-0.6953125,-0.1796875,-0.59765625,-0.14453125,-0.51171875,-0.15625,-0.3515625,-0.125,-0.671875,-0.05859375,-0.5859375,-0.0234375,-0.484375,-0.02734375,-0.3515625,0.0390625,-0.6640625,0.05859375,-0.8515625,0.078125,-1.0,0.0859375
4,0.0,0.0,-0.12109375,-0.23046875,-0.3125,-0.48828125,-0.45703125,-0.66796875,-0.546875,-0.82421875,-0.41015625,-0.44140625,-0.71484375,-0.27734375,-0.60546875,-0.23046875,-0.5,-0.26171875,-0.3828125,-0.30078125,-0.69140625,-0.1484375,-0.578125,-0.1171875,-0.49609375,-0.14453125,-0.3671875,-0.13671875,-0.66796875,-0.03125,-0.57421875,0.0,-0.4765625,-0.01953125,-0.3671875,0.03125,-0.66796875,0.05859375,-0.8515625,0.07421875,-1.0,0.078125
4,0.0,0.0,-0.13095238095238096,-0.21428571428571427,-0.3412698412698413,-0.4603174603174603,-0.5079365079365079,-0.6388888888888888,-0.6349206349206349,-0.7698412698412699,-0.44841269841269843,-0.42063492063492064,-0.7658730158730159,-0.25,-0.6785714285714286,-0.19047619047619047,-0.5873015873015873,-0.21428571428571427,-0.4166666666666667,-0.27380952380952384,-0.7261904761904762,-0.11507936507936507,-0.6349206349206349,-0.07539682539682539,-0.5555555555555556,-0.0992063492063492,-0.39285714285714285,-0.10714285714285714,-0.6944444444444444,0.011904761904761904,-0.623015873015873,0.05555555555555555,-0.5436507936507936,0.047619047619047616,-0.376984126984127,0.05952380952380952,-0.6666666666666666,0.10317460317460317,-0.8452380952380952,0.1388888888888889,-1.0,0.15873015873015872
4,0.0,0.0,-0.12075471698113208,-0.20754716981132076,-0.32075471698113206,-0.45660377358490567,-0.47547169811320755,-0.6264150943396226,-0.5773584905660377,-0.7773584905660378,-0.4339622641509434,-0.41509433962264153,-0.7245283018867924,-0.24528301886792453,-0.6226415094339622,-0.19245283018867926,-0.5245283018867924,-0.22641509433962265,-0.4037735849056604,-0.27547169811320754,-0.690566037735849,-0.1169811320754717,-0.5886792452830188,-0.0830188679245283,-0.5094339622641509,-0.10566037735849057,-0.37735849056603776,-0.1169811320754717,-0.6566037735849056,0.0,-0.5735849056603773,0.033962264150943396,-0.47924528301886793,0.011320754716981131,-0.3660377358490566,0.045283018867924525,-0.660377358490566,0.07924528301886792,-0.8452830188679246,0.10566037735849057,-1.0,0.11320754716981132
4,0.0,0.0,-0.13108614232209737,-0.21348314606741572,-0.352059925093633,-0.44569288389513106,-0.5318352059925093,-0.6067415730337079,-0.6479400749063671,-0.7490636704119851,-0.45318352059925093,-0.39325842696629215,-0.7528089887640449,-0.22846441947565543,-0.651685393258427,-0.18352059925093633,-0.5468164794007491,-0.20599250936329588,-0.4232209737827715,-0.24719101123595505,-0.7191011235955056,-0.09363295880149813,-0.6179775280898876,-0.06367041198501873,-0.5243445692883895,-0.0898876404494382,-0.3970037453183521,-0.07865168539325842,-0.6966292134831461,0.026217228464419477,-0.602996254681648,0.052434456928838954,-0.49812734082397003,0.0299625468164794,-0.37453183520599254,0.09737827715355805,-0.6666666666666666,0.149812734082397,-0.846441947565543,0.1947565543071161,-1.0,0.22846441947565543
4,0.0,0.0,-0.1320754716981132,-0.22264150943396227,-0.3471698113207547,-0.46037735849056605,-0.5132075471698113,-0.6188679245283019,-0.6264150943396226,-0.7547169811320755,-0.4490566037735849,-0.4037735849056604,-0.7283018867924528,-0.2339622641509434,-0.6226415094339622,-0.19245283018867926,-0.5245283018867924,-0.23018867924528302,-0.4226415094339623,-0.2528301886792453,-0.7018867924528301,-0.10566037735849057,-0.5924528301886792,-0.07547169811320754,-0.5056603773584906,-0.1018867924528302,-0.4,-0.09056603773584905,-0.6830188679245283,0.01509433962264151,-0.5849056603773585,0.045283018867924525,-0.4867924528301887,0.022641509433962263,-0.3886792452830189,0.06792452830188679,-0.6754716981132075,0.12075471698113208,-0.8528301886792453,0.15471698113207547,-1.0,0.1660377358490566
4,0.0,0.0,-0.15384615384615385,-0.20384615384615384,-0.3769230769230769,-0.4269230769230769,-0.5538461538461539,-0.5846153846153846,-0.6807692307692308,-0.7269230769230769,-0.46923076923076923,-0.39615384615384613,-0.7807692307692308,-0.20384615384615384,-0.6884615384615385,-0.1423076923076923,-0.5807692307692308,-0.16538461538461538,-0.4307692307692308,-0.26153846153846155,-0.7346153846153847,-0.06153846153846154,-0.6461538461538462,-0.023076923076923078,-0.5615384615384615,-0.05384615384615385,-0.3923076923076923,-0.09230769230769231,-0.7,0.057692307692307696,-0.6192307692307693,0.1,-0.5230769230769231,0.08461538461538462,-0.36153846153846153,0.08076923076923077,-0.6576923076923077,0.15384615384615385,-0.8423076923076923,0.2153846153846154,-1.0,0.25769230769230766
4,0.0,0.0,-0.14285714285714285,-0.19924812030075187,-0.37969924812030076,-0.40601503759398494,-0.5601503759398496,-0.5601503759398496,-0.6917293233082706,-0.6917293233082706,-0.5,-0.37593984962406013,-0.7819548872180451,-0.18045112781954886,-0.6766917293233082,-0.13909774436090225,-0.5676691729323309,-0.17669172932330826,-0.4548872180451128,-0.2593984962406015,-0.7368421052631579,-0.06015037593984962,-0.6353383458646616,-0.03383458646616541,-0.556390977443609,-0.07518796992481203,-0.40977443609022557,-0.10150375939849623,-0.6954887218045113,0.045112781954887216,-0.6052631578947368,0.06766917293233082,-0.5112781954887218,0.03759398496240601,-0.36466165413533835,0.06766917293233082,-0.6541353383458647,0.15413533834586465,-0.8421052631578947,0.21052631578947367,-1.0,0.24060150375939848
4,0.0,0.0,-0.16544117647058823,-0.19852941176470587,-0.3897058823529412,-0.40808823529411764,-0.5661764705882353,-0.5551470588235294,-0.7022058823529411,-0.6764705882352942,-0.5110294117647058,-0.3786764705882353,-0.7647058823529411,-0.15073529411764705,-0.6654411764705882,-0.10294117647058823,-0.5661764705882353,-0.13602941176470587,-0.46691176470588236,-0.25735294117647056,-0.7169117647058824,-0.025735294117647058,-0.625,0.007352941176470588,-0.5514705882352942,-0.025735294117647058,-0.41911764705882354,-0.10294117647058823,-0.6764705882352942,0.08088235294117647,-0.5919117647058824,0.12867647058823528,-0.5036764705882353,0.11397058823529412,-0.3713235294117647,0.05514705882352941,-0.6544117647058824,0.15808823529411764,-0.8382352941176471,0.22058823529411764,-1.0,0.2536764705882353
4,0.0,0.0,-0.15925925925925927,-0.2074074074074074,-0.3925925925925926,-0.4148148148148148,-0.5703703703703704,-0.5666666666666667,-0.7074074074074074,-0.6925925925925925,-0.5037037037037037,-0.37777777777777777,-0.7666666666666667,-0.16666666666666666,-0.662962962962963,-0.12222222222222222,-0.5592592592592592,-0.15185185185185185,-0.46296296296296297,-0.2518518518518518,-0.725925925925926,-0.044444444444444446,-0.6222222222222222,-0.022222222222222223,-0.5407407407407407,-0.05925925925925926,-0.4222222222222222,-0.0962962962962963,-0.6888888888888889,0.06666666666666667,-0.6,0.0962962962962963,-0.5074074074074074,0.06666666666666667,-0.37777777777777777,0.06666666666666667,-0.6666666666666666,0.16666666666666666,-0.8481481481481481,0.22592592592592592,-1.0,0.25925925925925924
4,0.0,0.0,-0.16417910447761194,-0.20522388059701493,-0.39925373134328357,-0.4141791044776119,-0.5671641791044776,-0.5634328358208955,-0.6865671641791045,-0.6865671641791045,-0.4962686567164179,-0.3694029850746269,-0.7649253731343284,-0.14925373134328357,-0.6529850746268657,-0.11194029850746269,-0.5559701492537313,-0.16791044776119404,-0.4552238805970149,-0.23880597014925373,-0.7164179104477612,-0.029850746268656716,-0.6119402985074627,-0.014925373134328358,-0.5447761194029851,-0.06343283582089553,-0.4141791044776119,-0.08208955223880597,-0.6753731343283582,0.08208955223880597,-0.585820895522388,0.09701492537313433,-0.5,0.055970149253731345,-0.3805970149253731,0.08208955223880597,-0.6828358208955224,0.16044776119402984,-0.8582089552238806,0.208955223880597,-1.0,0.23134328358208955
4,0.0,0.0,-0.1647940074906367,-0.1947565543071161,-0.41198501872659177,-0.3857677902621723,-0.602996254681648,-0.5168539325842697,-0.7340823970037453,-0.6441947565543071,-0.5355805243445693,-0.352059925093633,-0.7715355805243446,-0.12734082397003746,-0.6666666666666666,-0.08614232209737828,-0.5580524344569289,-0.12359550561797752,-0.49063670411985016,-0.22846441947565543,-0.7228464419475655,-0.011235955056179775,-0.6254681647940075,0.011235955056179775,-0.5430711610486891,-0.02247191011235955,-0.43820224719101125,-0.07865168539325842,-0.6741573033707865,0.09737827715355805,-0.5880149812734082,0.11235955056179775,-0.4943820224719101,0.0749063670411985,-0.38202247191011235,0.08614232209737828,-0.6629213483146067,0.1947565543071161,-0.846441947565543,0.2546816479400749,-1.0,0.2883895131086142
4,0.0,0.0,-0.17829457364341086,-0.2054263565891473,-0.4263565891472868,-0.4108527131782946,-0.6162790697674418,-0.5426356589147286,-0.7403100775193798,-0.6705426356589147,-0.5271317829457365,-0.3643410852713178,-0.7868217054263565,-0.12403100775193798,-0.6705426356589147,-0.08914728682170543,-0.5658914728682171,-0.1434108527131783,-0.47674418604651164,-0.23255813953488372,-0.7364341085271318,-0.003875968992248062,-0.627906976744186,0.007751937984496124,-0.5503875968992248,-0.04263565891472868,-0.4263565891472868,-0.07364341085271318,-0.6976744186046512,0.10077519379844961,-0.6007751937984496,0.12015503875968993,-0.5038759689922481,0.08139534883720931,-0.3798449612403101,0.09689922480620156,-0.6705426356589147,0.20155038759689922,-0.8527131782945736,0.2596899224806202,-1.0,0.29457364341085274
4,0.0,0.0,-0.17164179104477612,-0.20149253731343283,-0.417910447761194,-0.39925373134328357,-0.6044776119402985,-0.5298507462686567,-0.7425373134328358,-0.6492537313432836,-0.5485074626865671,-0.3283582089552239,-0.7649253731343284,-0.08582089552238806,-0.6492537313432836,-0.055970149253731345,-0.5447761194029851,-0.10820895522388059,-0.5,-0.19029850746268656,-0.7052238805970149,0.026119402985074626,-0.5970149253731343,0.041044776119402986,-0.5111940298507462,0.0,-0.44029850746268656,-0.03731343283582089,-0.6529850746268657,0.13805970149253732,-0.5597014925373134,0.1455223880597015,-0.4664179104477612,0.1044776119402985,-0.376865671641791,0.12686567164179105,-0.664179104477612,0.22014925373134328,-0.8470149253731343,0.2835820895522388,-1.0,0.3283582089552239
4,0.0,0.0,-0.16165413533834586,-0.20300751879699247,-0.40977443609022557,-0.39097744360902253,-0.5977443609022557,-0.5225563909774437,-0.7218045112781954,-0.6541353383458647,-0.5150375939849624,-0.3533834586466165,-0.7593984962406015,-0.13157894736842105,-0.6466165413533834,-0.10526315789473684,-0.5526315789473685,-0.15413533834586465,-0.4774436090225564,-0.21804511278195488,-0.7218045112781954,-0.018796992481203006,-0.6090225563909775,-0.0037593984962406013,-0.5300751879699248,-0.045112781954887216,-0.4323308270676692,-0.06015037593984962,-0.6917293233082706,0.09022556390977443,-0.5902255639097744,0.10902255639097744,-0.4924812030075188,0.06766917293233082,-0.38721804511278196,0.10150375939849623,-0.6766917293233082,0.18796992481203006,-0.8533834586466166,0.2518796992481203,-1.0,0.2857142857142857
4,0.0,0.0,-0.17374517374517376,-0.1969111969111969,-0.44787644787644787,-0.38996138996138996,-0.6563706563706564,-0.5212355212355212,-0.7953667953667953,-0.6525096525096525,-0.5752895752895753,-0.32432432432432434,-0.7953667953667953,-0.07722007722007722,-0.6718146718146718,-0.06563706563706563,-0.5675675675675675,-0.1274131274131274,-0.5173745173745173,-0.18146718146718147,-0.749034749034749,0.04633204633204633,-0.6293436293436293,0.04633204633204633,-0.5444015444015444,-0.003861003861003861,-0.4555984555984556,-0.019305019305019305,-0.7027027027027027,0.16216216216216217,-0.6023166023166023,0.16602316602316602,-0.5019305019305019,0.11583011583011583,-0.38996138996138996,0.15057915057915058,-0.667953667953668,0.2625482625482625,-0.8455598455598455,0.33976833976833976,-1.0,0.3938223938223938
4,0.0,0.0,-0.1796875,-0.19921875,-0.4296875,-0.40234375,-0.62890625,-0.53125,-0.76953125,-0.6484375,-0.55078125,-0.3359375,-0.796875,-0.1015625,-0.67578125,-0.07421875,-0.57421875,-0.12890625,-0.5,-0.20703125,-0.73828125,0.01953125,-0.6328125,0.03125,-0.55859375,-0.01953125,-0.44140625,-0.05078125,-0.6953125,0.1328125,-0.6015625,0.1484375,-0.51171875,0.09765625,-0.3828125,0.1171875,-0.66015625,0.2265625,-0.84375,0.30078125,-1.0,0.33984375
4,0.0,0.0,-0.188,-0.192,-0.452,-0.376,-0.668,-0.492,-0.82,-0.612,-0.572,-0.312,-0.824,-0.048,-0.708,-0.012,-0.6,-0.052,-0.508,-0.176,-0.724,0.072,-0.616,0.076,-0.536,0.036,-0.436,-0.016,-0.644,0.188,-0.544,0.192,-0.448,0.148,-0.36,0.156,-0.64,0.296,-0.832,0.372,-1.0,0.424
4,0.0,0.0,-0.19140625,-0.19140625,-0.45703125,-0.36328125,-0.65625,-0.4765625,-0.80078125,-0.5859375,-0.5859375,-0.296875,-0.8046875,-0.0234375,-0.671875,0.0,-0.56640625,-0.0546875,-0.52734375,-0.1796875,-0.7265625,0.0859375,-0.61328125,0.08203125,-0.5390625,0.02734375,-0.4609375,-0.02734375,-0.67578125,0.18359375,-0.57421875,0.1875,-0.484375,0.1328125,-0.39453125,0.13671875,-0.6640625,0.265625,-0.84375,0.33984375,-1.0,0.39453125
4,0.0,0.0,-0.18181818181818182,-0.2015810276679842,-0.43873517786561267,-0.383399209486166,-0.6324110671936759,-0.5138339920948617,-0.7707509881422925,-0.6363636363636364,-0.549407114624506,-0.33201581027667987,-0.7865612648221344,-0.09881422924901186,-0.6640316205533597,-0.07905138339920949,-0.5652173913043478,-0.13043478260869565,-0.4980237154150198,-0.19367588932806323,-0.7351778656126482,0.019762845849802372,-0.6245059288537549,0.02766798418972332,-0.549407114624506,-0.023715415019762844,-0.43873517786561267,-0.03162055335968379,-0.6798418972332015,0.13043478260869565,-0.5968379446640316,0.1422924901185771,-0.5019762845849802,0.09881422924901186,-0.37549407114624506,0.13438735177865613,-0.6561264822134387,0.2450592885375494,-0.8458498023715415,0.3201581027667984,-1.0,0.3675889328063241
4,0.0,0.0,-0.17537313432835822,-0.19776119402985073,-0.417910447761194,-0.373134328358209,-0.6044776119402985,-0.503731343283582,-0.746268656716418,-0.6305970149253731,-0.5447761194029851,-0.30970149253731344,-0.75,-0.07835820895522388,-0.6268656716417911,-0.05970149253731343,-0.5298507462686567,-0.11940298507462686,-0.48880597014925375,-0.17537313432835822,-0.6865671641791045,0.03731343283582089,-0.5783582089552238,0.03731343283582089,-0.5,-0.011194029850746268,-0.4216417910447761,-0.018656716417910446,-0.6268656716417911,0.14925373134328357,-0.5335820895522388,0.15298507462686567,-0.43656716417910446,0.10074626865671642,-0.3619402985074627,0.1417910447761194,-0.6417910447761194,0.24253731343283583,-0.835820895522388,0.31343283582089554,-1.0,0.35447761194029853
4,0.0,0.0,-0.15328467153284672,-0.19708029197080293,-0.38321167883211676,-0.4051094890510949,-0.5583941605839416,-0.5474452554744526,-0.6605839416058394,-0.6861313868613139,-0.5,-0.38686131386861317,-0.7554744525547445,-0.16423357664233576,-0.6240875912408759,-0.13503649635036497,-0.5291970802919708,-0.18613138686131386,-0.45985401459854014,-0.2591240875912409,-0.708029197080292,-0.051094890510948905,-0.5766423357664233,-0.0364963503649635,-0.5036496350364964,-0.08029197080291971,-0.41605839416058393,-0.10948905109489052,-0.6715328467153284,0.058394160583941604,-0.5620437956204379,0.06569343065693431,-0.4635036496350365,0.029197080291970802,-0.38321167883211676,0.05474452554744526,-0.6824817518248175,0.1386861313868613,-0.8540145985401459,0.1897810218978102,-1.0,0.21532846715328466
4,0.0,0.0,-0.16287878787878787,-0.20075757575757575,-0.4090909090909091,-0.4053030303030303,-0.5946969696969697,-0.5606060606060606,-0.7234848484848485,-0.696969696969697,-0.5113636363636364,-0.36363636363636365,-0.7803030303030303,-0.14772727272727273,-0.6704545454545454,-0.10227272727272728,-0.5643939393939394,-0.14393939393939395,-0.4659090909090909,-0.23863636363636365,-0.7272727272727273,-0.026515151515151516,-0.6287878787878788,0.0,-0.553030303030303,-0.041666666666666664,-0.42045454545454547,-0.08712121212121213,-0.678030303030303,0.08333333333333333,-0.5909090909090909,0.10984848484848485,-0.4962121212121212,0.07196969696969698,-0.36742424242424243,0.07196969696969698,-0.6553030303030303,0.17045454545454544,-0.8446969696969697,0.23484848484848486,-1.0,0.2727272727272727
4,0.0,0.0,-0.16030534351145037,-0.20610687022900764,-0.3893129770992366,-0.41603053435114506,-0.5687022900763359,-0.5610687022900763,-0.6870229007633588,-0.6984732824427481,-0.4732824427480916,-0.4083969465648855,-0.7748091603053435,-0.14885496183206107,-0.6717557251908397,-0.08396946564885496,-0.5610687022900763,-0.12213740458015267,-0.42366412213740456,-0.2862595419847328,-0.7251908396946565,-0.03816793893129771,-0.6259541984732825,-0.007633587786259542,-0.5381679389312977,-0.03816793893129771,-0.3816793893129771,-0.12595419847328243,-0.6870229007633588,0.061068702290076333,-0.5954198473282443,0.0916030534351145,-0.5,0.061068702290076333,-0.3435114503816794,0.04580152671755725,-0.648854961832061,0.14885496183206107,-0.8396946564885496,0.2099236641221374,-1.0,0.24427480916030533
4,0.0,0.0,-0.20588235294117646,-0.2647058823529412,-0.4803921568627451,-0.5245098039215687,-0.7009803921568627,-0.7401960784313726,-0.8676470588235294,-0.9215686274509803,-0.6029411764705882,-0.47058823529411764,-0.9901960784313726,-0.25,-0.9656862745098039,-0.10294117647058823,-0.8725490196078431,-0.05392156862745098,-0.5686274509803921,-0.3088235294117647,-0.9264705882352942,-0.09313725490196079,-0.8627450980392157,-0.004901960784313725,-0.7696078431372549,-0.004901960784313725,-0.5147058823529411,-0.11274509803921569,-0.8578431372549019,0.05392156862745098,-0.8137254901960784,0.16666666666666666,-0.7450980392156863,0.20098039215686275,-0.4411764705882353,0.08823529411764706,-0.7107843137254902,0.2696078431372549,-0.8627450980392157,0.39705882352941174,-1.0,0.4852941176470588
4,0.0,0.0,-0.14396887159533073,-0.20622568093385213,-0.35797665369649806,-0.4357976653696498,-0.5136186770428015,-0.6070038910505836,-0.622568093385214,-0.7626459143968871,-0.42023346303501946,-0.42412451361867703,-0.7354085603112841,-0.24124513618677043,-0.6381322957198443,-0.19455252918287938,-0.5369649805447471,-0.2178988326848249,-0.38132295719844356,-0.28793774319066145,-0.708171206225681,-0.11673151750972763,-0.6108949416342413,-0.08560311284046693,-0.5252918287937743,-0.11284046692607004,-0.3540856031128405,-0.12840466926070038,-0.6809338521400778,-0.0038910505836575876,-0.5992217898832685,0.027237354085603113,-0.5058365758754864,0.007782101167315175,-0.3463035019455253,0.042801556420233464,-0.6614785992217899,0.09727626459143969,-0.8443579766536965,0.14007782101167315,-1.0,0.15953307392996108
4,0.0,0.0,-0.13953488372093023,-0.2651162790697674,-0.3674418604651163,-0.5488372093023256,-0.5395348837209303,-0.7674418604651163,-0.641860465116279,-0.958139534883721,-0.4186046511627907,-0.4883720930232558,-0.772093023255814,-0.3581395348837209,-0.6976744186046512,-0.3023255813953488,-0.586046511627907,-0.3116279069767442,-0.3953488372093023,-0.3395348837209302,-0.772093023255814,-0.19534883720930232,-0.6744186046511628,-0.15348837209302327,-0.5813953488372093,-0.17674418604651163,-0.37209302325581395,-0.14418604651162792,-0.7534883720930232,-0.05116279069767442,-0.6744186046511628,-0.004651162790697674,-0.5813953488372093,-0.004651162790697674,-0.35348837209302325,0.06046511627906977,-0.6837209302325581,0.12093023255813953,-0.8558139534883721,0.1813953488372093,-1.0,0.22790697674418606
4,0.0,0.0,-0.11538461538461539,-0.21923076923076923,-0.3153846153846154,-0.46923076923076923,-0.4576923076923077,-0.65,-0.5538461538461539,-0.8076923076923077,-0.3923076923076923,-0.40384615384615385,-0.7076923076923077,-0.2653846153846154,-0.6038461538461538,-0.2153846153846154,-0.5,-0.2423076923076923,-0.36538461538461536,-0.25384615384615383,-0.6730769230769231,-0.12692307692307692,-0.5615384615384615,-0.1,-0.47692307692307695,-0.13076923076923078,-0.35384615384615387,-0.08846153846153847,-0.65,0.0038461538461538464,-0.5576923076923077,0.023076923076923078,-0.46153846153846156,0.007692307692307693,-0.35384615384615387,0.07692307692307693,-0.6576923076923077,0.1076923076923077,-0.8423076923076923,0.1423076923076923,-1.0,0.16538461538461538
4,0.0,0.0,-0.11952191235059761,-0.22310756972111553,-0.3107569721115538,-0.4900398406374502,-0.44223107569721115,-0.6892430278884463,-0.5219123505976095,-0.8565737051792829,-0.40239043824701193,-0.4701195219123506,-0.7131474103585658,-0.3147410358565737,-0.6175298804780877,-0.26693227091633465,-0.5258964143426295,-0.2948207171314741,-0.3705179282868526,-0.3386454183266932,-0.6972111553784861,-0.19123505976095617,-0.601593625498008,-0.15139442231075698,-0.5179282868525896,-0.16733067729083664,-0.350597609561753,-0.17928286852589642,-0.6812749003984063,-0.07171314741035857,-0.5976095617529881,-0.03187250996015936,-0.50199203187251,-0.035856573705179286,-0.350597609561753,-0.00796812749003984,-0.6653386454183267,0.0199203187250996,-0.848605577689243,0.035856573705179286,-1.0,0.035856573705179286
4,0.0,0.0,-0.11693548387096774,-0.2217741935483871,-0.32661290322580644,-0.4798387096774194,-0.46774193548387094,-0.6774193548387096,-0.5604838709677419,-0.842741935483871,-0.40725806451612906,-0.45564516129032256,-0.75,-0.3064516129032258,-0.6451612903225806,-0.2540322580645161,-0.5403225806451613,-0.28225806451612906,-0.375,-0.31048387096774194,-0.717741935483871,-0.1693548387096774,-0.6048387096774194,-0.14112903225806453,-0.5282258064516129,-0.16532258064516128,-0.3588709677419355,-0.14112903225806453,-0.6935483870967742,-0.04838709677419355,-0.6048387096774194,-0.008064516129032258,-0.5201612903225806,-0.012096774193548387,-0.3548387096774194,0.036290322580645164,-0.6693548387096774,0.05241935483870968,-0.8467741935483871,0.06854838709677419,-1.0,0.08064516129032258
4,0.0,0.0,-0.10699588477366255,-0.23045267489711935,-0.3004115226337449,-0.5020576131687243,-0.43621399176954734,-0.7078189300411523,-0.522633744855967,-0.8724279835390947,-0.37448559670781895,-0.49382716049382713,-0.720164609053498,-0.3374485596707819,-0.6213991769547325,-0.27983539094650206,-0.5185185185185185,-0.3045267489711934,-0.3497942386831276,-0.37448559670781895,-0.7078189300411523,-0.20987654320987653,-0.6090534979423868,-0.16872427983539096,-0.5308641975308642,-0.19753086419753085,-0.34156378600823045,-0.2139917695473251,-0.6954732510288066,-0.09876543209876543,-0.6131687242798354,-0.05761316872427984,-0.5185185185185185,-0.06584362139917696,-0.35390946502057613,-0.037037037037037035,-0.6748971193415638,-0.00823045267489712,-0.8518518518518519,0.02880658436213992,-1.0,0.053497942386831275
4,0.0,0.0,-0.11618257261410789,-0.24481327800829875,-0.3070539419087137,-0.5020746887966805,-0.45228215767634855,-0.7053941908713693,-0.5352697095435685,-0.8713692946058091,-0.38589211618257263,-0.46887966804979253,-0.7095435684647303,-0.35269709543568467,-0.6348547717842323,-0.2821576763485477,-0.5311203319502075,-0.2821576763485477,-0.3775933609958506,-0.34024896265560167,-0.7095435684647303,-0.2074688796680498,-0.6099585062240664,-0.15352697095435686,-0.5228215767634855,-0.17012448132780084,-0.3775933609958506,-0.17842323651452283,-0.6929460580912863,-0.07468879668049792,-0.6182572614107884,-0.029045643153526972,-0.5228215767634855,-0.03734439834024896,-0.3817427385892116,-0.012448132780082987,-0.6846473029045643,0.05394190871369295,-0.8589211618257261,0.1037344398340249,-1.0,0.12863070539419086
4,0.0,0.0,-0.11934156378600823,-0.2222222222222222,-0.3168724279835391,-0.5061728395061729,-0.43209876543209874,-0.7242798353909465,-0.49794238683127573,-0.9012345679012346,-0.37037037037037035,-0.5020576131687243,-0.7407407407407407,-0.35802469135802467,-0.6460905349794238,-0.2716049382716049,-0.5349794238683128,-0.29218106995884774,-0.32510288065843623,-0.37448559670781895,-0.7242798353909465,-0.22633744855967078,-0.6255144032921811,-0.15637860082304528,-0.5349794238683128,-0.18518518518518517,-0.30864197530864196,-0.205761316872428,-0.6954732510288066,-0.10699588477366255,-0.6131687242798354,-0.04938271604938271,-0.5102880658436214,-0.06172839506172839,-0.31275720164609055,-0.0205761316872428,-0.6460905349794238,0.00823045267489712,-0.8395061728395061,0.01646090534979424,-1.0,0.0
4,0.0,0.0,-0.1092436974789916,-0.24369747899159663,-0.3025210084033613,-0.5378151260504201,-0.42436974789915966,-0.7647058823529411,-0.5042016806722689,-0.9537815126050421,-0.37815126050420167,-0.5336134453781513,-0.7436974789915967,-0.39915966386554624,-0.6428571428571429,-0.31932773109243695,-0.5294117647058824,-0.3445378151260504,-0.3487394957983193,-0.39915966386554624,-0.7352941176470589,-0.25210084033613445,-0.6302521008403361,-0.18907563025210083,-0.5378151260504201,-0.2184873949579832,-0.3403361344537815,-0.226890756302521,-0.7142857142857143,-0.13445378151260504,-0.6218487394957983,-0.07563025210084033,-0.5168067226890757,-0.08823529411764706,-0.3403361344537815,-0.05042016806722689,-0.6596638655462185,-0.037815126050420166,-0.8487394957983193,-0.029411764705882353,-1.0,-0.03361344537815126
4,0.0,0.0,-0.11659192825112108,-0.2556053811659193,-0.31390134529147984,-0.5650224215246636,-0.4349775784753363,-0.8071748878923767,-0.5246636771300448,-1.0,-0.3721973094170404,-0.5515695067264574,-0.7847533632286996,-0.43946188340807174,-0.6905829596412556,-0.3542600896860987,-0.5695067264573991,-0.35874439461883406,-0.34080717488789236,-0.4080717488789238,-0.7623318385650224,-0.27802690582959644,-0.6636771300448431,-0.21973094170403587,-0.5650224215246636,-0.242152466367713,-0.3273542600896861,-0.2242152466367713,-0.7399103139013453,-0.15695067264573992,-0.6502242152466368,-0.09417040358744394,-0.5426008968609866,-0.09417040358744394,-0.3273542600896861,-0.03587443946188341,-0.672645739910314,-0.03587443946188341,-0.852017937219731,-0.02242152466367713,-0.9910313901345291,-0.02242152466367713
4,0.0,0.0,-0.11739130434782609,-0.24782608695652175,-0.30434782608695654,-0.5565217391304348,-0.41739130434782606,-0.7956521739130434,-0.49130434782608695,-0.991304347826087,-0.3521739130434783,-0.5608695652173913,-0.7391304347826086,-0.4391304347826087,-0.6304347826086957,-0.3521739130434783,-0.5130434782608696,-0.3782608695652174,-0.3173913043478261,-0.4217391304347826,-0.7391304347826086,-0.2956521739130435,-0.6304347826086957,-0.23043478260869565,-0.5304347826086957,-0.26956521739130435,-0.3173913043478261,-0.24347826086956523,-0.7217391304347827,-0.1782608695652174,-0.6260869565217392,-0.12608695652173912,-0.5130434782608696,-0.1391304347826087,-0.33043478260869563,-0.05652173913043478,-0.6565217391304348,-0.06086956521739131,-0.8434782608695652,-0.05652173913043478,-1.0,-0.06521739130434782
4,0.0,0.0,-0.11403508771929824,-0.25,-0.3026315789473684,-0.5614035087719298,-0.4166666666666667,-0.8070175438596491,-0.4868421052631579,-1.0,-0.34649122807017546,-0.5570175438596491,-0.7412280701754386,-0.4605263157894737,-0.6403508771929824,-0.37719298245614036,-0.5263157894736842,-0.39473684210526316,-0.31140350877192985,-0.4166666666666667,-0.7324561403508771,-0.2982456140350877,-0.6271929824561403,-0.2412280701754386,-0.5307017543859649,-0.2675438596491228,-0.30701754385964913,-0.2412280701754386,-0.706140350877193,-0.17543859649122806,-0.6096491228070176,-0.12280701754385964,-0.5,-0.13596491228070176,-0.3157894736842105,-0.05701754385964912,-0.6535087719298246,-0.06578947368421052,-0.8421052631578947,-0.06140350877192982,-1.0,-0.07017543859649122
4,0.0,0.0,-0.1016949152542373,-0.2542372881355932,-0.2669491525423729,-0.5635593220338984,-0.3601694915254237,-0.8050847457627118,-0.4110169491525424,-1.0,-0.3050847457627119,-0.559322033898305,-0.690677966101695,-0.4491525423728814,-0.5932203389830508,-0.3644067796610169,-0.4745762711864407,-0.3940677966101695,-0.2669491525423729,-0.423728813559322,-0.6949152542372882,-0.3050847457627119,-0.5889830508474576,-0.2457627118644068,-0.4915254237288136,-0.2754237288135593,-0.2711864406779661,-0.2542372881355932,-0.673728813559322,-0.19491525423728814,-0.5889830508474576,-0.1440677966101695,-0.4788135593220339,-0.15254237288135594,-0.2966101694915254,-0.0847457627118644,-0.6271186440677966,-0.1059322033898305,-0.826271186440678,-0.11016949152542373,-0.9872881355932204,-0.1228813559322034
4,0.0,0.0,-0.1134453781512605,-0.2689075630252101,-0.29411764705882354,-0.5714285714285714,-0.40756302521008403,-0.7983193277310925,-0.46638655462184875,-1.0,-0.3445378151260504,-0.5336134453781513,-0.7184873949579832,-0.42016806722689076,-0.6008403361344538,-0.35714285714285715,-0.4789915966386555,-0.38235294117647056,-0.3067226890756303,-0.3865546218487395,-0.7226890756302521,-0.2647058823529412,-0.5882352941176471,-0.2184873949579832,-0.4789915966386555,-0.25630252100840334,-0.3025210084033613,-0.21008403361344538,-0.6890756302521008,-0.13445378151260504,-0.5714285714285714,-0.10084033613445378,-0.4495798319327731,-0.13025210084033614,-0.31512605042016806,-0.025210084033613446,-0.634453781512605,-0.03361344537815126,-0.819327731092437,-0.037815126050420166,-0.9831932773109243,-0.046218487394957986
4,0.0,0.0,-0.11063829787234042,-0.2553191489361702,-0.2723404255319149,-0.5702127659574469,-0.3617021276595745,-0.8085106382978723,-0.4085106382978723,-1.0,-0.30638297872340425,-0.5787234042553191,-0.6851063829787234,-0.46808510638297873,-0.5872340425531914,-0.37872340425531914,-0.4723404255319149,-0.40425531914893614,-0.2765957446808511,-0.43829787234042555,-0.6936170212765957,-0.3276595744680851,-0.5957446808510638,-0.2553191489361702,-0.49361702127659574,-0.2765957446808511,-0.2765957446808511,-0.2680851063829787,-0.6851063829787234,-0.2170212765957447,-0.5957446808510638,-0.15319148936170213,-0.49361702127659574,-0.15319148936170213,-0.2936170212765957,-0.09361702127659574,-0.6170212765957447,-0.1148936170212766,-0.7957446808510639,-0.12340425531914893,-0.9531914893617022,-0.14042553191489363
4,0.0,0.0,-0.10683760683760683,-0.2606837606837607,-0.2777777777777778,-0.5598290598290598,-0.3803418803418803,-0.7991452991452992,-0.4358974358974359,-1.0,-0.3162393162393162,-0.5427350427350427,-0.7008547008547008,-0.48717948717948717,-0.6111111111111112,-0.41452991452991456,-0.5,-0.4188034188034188,-0.2905982905982906,-0.41452991452991456,-0.7008547008547008,-0.3418803418803419,-0.6068376068376068,-0.2863247863247863,-0.5,-0.3034188034188034,-0.2948717948717949,-0.25213675213675213,-0.6752136752136753,-0.21794871794871795,-0.594017094017094,-0.1752136752136752,-0.49145299145299143,-0.18803418803418803,-0.31196581196581197,-0.0811965811965812,-0.6196581196581197,-0.09401709401709402,-0.7991452991452992,-0.08974358974358974,-0.9487179487179487,-0.09829059829059829
4,0.0,0.0,-0.09956709956709957,-0.23809523809523808,-0.2683982683982684,-0.5541125541125541,-0.3593073593073593,-0.7965367965367965,-0.4025974025974026,-1.0,-0.30735930735930733,-0.5627705627705628,-0.696969696969697,-0.49783549783549785,-0.6103896103896104,-0.4155844155844156,-0.5021645021645021,-0.42857142857142855,-0.27705627705627706,-0.4329004329004329,-0.7012987012987013,-0.341991341991342,-0.6060606060606061,-0.2857142857142857,-0.5021645021645021,-0.30303030303030304,-0.2683982683982684,-0.2683982683982684,-0.6753246753246753,-0.22943722943722944,-0.5974025974025974,-0.16883116883116883,-0.49783549783549785,-0.16883116883116883,-0.27705627705627706,-0.09956709956709957,-0.6017316017316018,-0.11688311688311688,-0.7316017316017316,-0.11255411255411256,-0.8268398268398268,-0.11688311688311688
4,0.0,0.0,-0.10775862068965517,-0.2413793103448276,-0.2629310344827586,-0.5517241379310345,-0.34913793103448276,-0.7931034482758621,-0.3793103448275862,-1.0,-0.2672413793103448,-0.5301724137931034,-0.6379310344827587,-0.4870689655172414,-0.5775862068965517,-0.41810344827586204,-0.47844827586206895,-0.41810344827586204,-0.25,-0.40086206896551724,-0.6508620689655172,-0.35344827586206895,-0.5775862068965517,-0.3017241379310345,-0.47413793103448276,-0.2974137931034483,-0.24568965517241378,-0.25,-0.6336206896551724,-0.24568965517241378,-0.5775862068965517,-0.1896551724137931,-0.4827586206896552,-0.17672413793103448,-0.25862068965517243,-0.09482758620689655,-0.5775862068965517,-0.10344827586206896,-0.6379310344827587,-0.09051724137931035,-0.6508620689655172,-0.09482758620689655
4,0.0,0.0,-0.1016949152542373,-0.2542372881355932,-0.2711864406779661,-0.5677966101694916,-0.3601694915254237,-0.8050847457627118,-0.4110169491525424,-1.0,-0.3220338983050847,-0.5423728813559322,-0.7033898305084746,-0.4533898305084746,-0.6059322033898306,-0.3771186440677966,-0.4915254237288136,-0.3940677966101695,-0.2838983050847458,-0.3855932203389831,-0.7161016949152542,-0.288135593220339,-0.597457627118644,-0.2245762711864407,-0.4915254237288136,-0.2542372881355932,-0.2796610169491525,-0.2033898305084746,-0.6822033898305084,-0.15254237288135594,-0.5805084745762712,-0.1059322033898305,-0.4576271186440678,-0.11440677966101695,-0.2923728813559322,-0.01694915254237288,-0.614406779661017,-0.03389830508474576,-0.8050847457627118,-0.0423728813559322,-0.9661016949152542,-0.059322033898305086
4,0.0,0.0,-0.10212765957446808,-0.2553191489361702,-0.2723404255319149,-0.5659574468085107,-0.34893617021276596,-0.8085106382978723,-0.3872340425531915,-1.0,-0.2978723404255319,-0.5659574468085107,-0.676595744680851,-0.4765957446808511,-0.5829787234042553,-0.39148936170212767,-0.46808510638297873,-0.41702127659574467,-0.26382978723404255,-0.41702127659574467,-0.6851063829787234,-0.33191489361702126,-0.5829787234042553,-0.2723404255319149,-0.4851063829787234,-0.3021276595744681,-0.25957446808510637,-0.23829787234042554,-0.6680851063829787,-0.2127659574468085,-0.5872340425531914,-0.16170212765957448,-0.4851063829787234,-0.16595744680851063,-0.28085106382978725,-0.06382978723404255,-0.6085106382978723,-0.09787234042553192,-0.7957446808510639,-0.10638297872340426,-0.948936170212766,-0.11914893617021277
4,0.0,0.0,-0.10699588477366255,-0.25925925925925924,-0.27983539094650206,-0.5473251028806584,-0.3991769547325103,-0.7695473251028807,-0.522633744855967,-0.9382716049382716,-0.34156378600823045,-0.51440329218107,-0.7160493827160493,-0.41975308641975306,-0.654320987654321,-0.3168724279835391,-0.5349794238683128,-0.3004115226337449,-0.32098765432098764,-0.35390946502057613,-0.691358024691358,-0.2674897119341564,-0.6172839506172839,-0.20164609053497942,-0.5185185185185185,-0.205761316872428,-0.32510288065843623,-0.1728395061728395,-0.6625514403292181,-0.13580246913580246,-0.6049382716049383,-0.07818930041152264,-0.5061728395061729,-0.06584362139917696,-0.34156378600823045,-0.00411522633744856,-0.6625514403292181,-0.00411522633744856,-0.8518518518518519,0.00411522633744856,-1.0,0.0
4,0.0,0.0,-0.12272727272727273,-0.2681818181818182,-0.3181818181818182,-0.5727272727272728,-0.4590909090909091,-0.8090909090909091,-0.55,-1.0,-0.38636363636363635,-0.5636363636363636,-0.8090909090909091,-0.4727272727272727,-0.7181818181818181,-0.39545454545454545,-0.5909090909090909,-0.38636363636363635,-0.37272727272727274,-0.41818181818181815,-0.7954545454545454,-0.3181818181818182,-0.6954545454545454,-0.2636363636363636,-0.5863636363636363,-0.2772727272727273,-0.36363636363636365,-0.22727272727272727,-0.7681818181818182,-0.18181818181818182,-0.6772727272727272,-0.11363636363636363,-0.5590909090909091,-0.11363636363636363,-0.36363636363636365,-0.02727272727272727,-0.6863636363636364,-0.00909090909090909,-0.8318181818181818,0.00909090909090909,-0.9409090909090909,0.01818181818181818
4,0.0,0.0,-0.1067193675889328,-0.22529644268774704,-0.2766798418972332,-0.5059288537549407,-0.38735177865612647,-0.7114624505928854,-0.4743083003952569,-0.8735177865612648,-0.3675889328063241,-0.49407114624505927,-0.7154150197628458,-0.35177865612648224,-0.6403162055335968,-0.28063241106719367,-0.5454545454545454,-0.2964426877470356,-0.34782608695652173,-0.3438735177865613,-0.6996047430830039,-0.21739130434782608,-0.6205533596837944,-0.15810276679841898,-0.5375494071146245,-0.16996047430830039,-0.33992094861660077,-0.17786561264822134,-0.6837944664031621,-0.09881422924901186,-0.6245059288537549,-0.03557312252964427,-0.5454545454545454,-0.02766798418972332,-0.3438735177865613,-0.007905138339920948,-0.6561264822134387,0.0,-0.841897233201581,0.007905138339920948,-1.0,0.0
4,0.0,0.0,-0.1015625,-0.22265625,-0.2890625,-0.5,-0.40234375,-0.703125,-0.4765625,-0.8671875,-0.375,-0.4765625,-0.69921875,-0.3515625,-0.61328125,-0.29296875,-0.515625,-0.3203125,-0.36328125,-0.33203125,-0.6953125,-0.22265625,-0.59765625,-0.17578125,-0.51171875,-0.19921875,-0.359375,-0.1640625,-0.6875,-0.1015625,-0.6015625,-0.0546875,-0.50390625,-0.05859375,-0.3671875,0.0,-0.67578125,0.0078125,-0.8515625,0.015625,-1.0,0.01171875
4,0.0,0.0,-0.11788617886178862,-0.22764227642276422,-0.3333333333333333,-0.483739837398374,-0.483739837398374,-0.6829268292682927,-0.5894308943089431,-0.8292682926829268,-0.43089430894308944,-0.47560975609756095,-0.7560975609756098,-0.32113821138211385,-0.6544715447154471,-0.27235772357723576,-0.556910569105691,-0.3048780487804878,-0.4024390243902439,-0.34552845528455284,-0.7357723577235772,-0.1991869918699187,-0.6260162601626016,-0.17073170731707318,-0.5487804878048781,-0.1991869918699187,-0.3861788617886179,-0.17479674796747968,-0.7073170731707317,-0.08536585365853659,-0.6178861788617886,-0.06097560975609756,-0.5203252032520326,-0.06910569105691057,-0.3780487804878049,0.0040650406504065045,-0.6747967479674797,0.024390243902439025,-0.8495934959349594,0.036585365853658534,-1.0,0.04065040650406504
4,0.0,0.0,-0.1171875,-0.21875,-0.3125,-0.4765625,-0.44921875,-0.6640625,-0.54296875,-0.81640625,-0.421875,-0.44921875,-0.734375,-0.29296875,-0.640625,-0.23046875,-0.53515625,-0.2578125,-0.3984375,-0.30859375,-0.7109375,-0.16015625,-0.6171875,-0.12109375,-0.52734375,-0.14453125,-0.3828125,-0.1484375,-0.6875,-0.046875,-0.60546875,-0.0078125,-0.515625,-0.01953125,-0.37890625,0.01953125,-0.67578125,0.04296875,-0.85546875,0.0625,-1.0,0.0703125
4,0.0,0.0,-0.124,-0.22,-0.336,-0.468,-0.472,-0.672,-0.568,-0.832,-0.416,-0.456,-0.728,-0.3,-0.644,-0.236,-0.548,-0.244,-0.388,-0.332,-0.708,-0.172,-0.612,-0.128,-0.536,-0.156,-0.368,-0.168,-0.68,-0.064,-0.608,-0.02,-0.52,-0.028,-0.36,0.004,-0.66,0.028,-0.848,0.056,-1.0,0.068
4,0.0,0.0,-0.12781954887218044,-0.20300751879699247,-0.3458646616541353,-0.4323308270676692,-0.4924812030075188,-0.6090225563909775,-0.5939849624060151,-0.7518796992481203,-0.42857142857142855,-0.39849624060150374,-0.7406015037593985,-0.23308270676691728,-0.6390977443609023,-0.18796992481203006,-0.5375939849624061,-0.22180451127819548,-0.39849624060150374,-0.2631578947368421,-0.6954887218045113,-0.10902255639097744,-0.5864661654135338,-0.08270676691729323,-0.5037593984962406,-0.11278195488721804,-0.37593984962406013,-0.10526315789473684,-0.6691729323308271,0.007518796992481203,-0.575187969924812,0.03759398496240601,-0.4774436090225564,0.022556390977443608,-0.35714285714285715,0.05639097744360902,-0.6578947368421053,0.10902255639097744,-0.8421052631578947,0.14661654135338345,-1.0,0.17293233082706766
4,0.0,0.0,-0.14173228346456693,-0.2125984251968504,-0.3700787401574803,-0.4566929133858268,-0.5275590551181102,-0.6377952755905512,-0.6259842519685039,-0.8031496062992126,-0.46062992125984253,-0.43700787401574803,-0.7677165354330708,-0.2283464566929134,-0.6535433070866141,-0.18110236220472442,-0.5511811023622047,-0.2283464566929134,-0.41732283464566927,-0.30708661417322836,-0.7244094488188977,-0.1062992125984252,-0.6181102362204725,-0.08267716535433071,-0.5393700787401575,-0.1220472440944882,-0.3858267716535433,-0.14566929133858267,-0.6968503937007874,0.003937007874015748,-0.6023622047244095,0.03543307086614173,-0.5078740157480315,0.011811023622047244,-0.3700787401574803,0.027559055118110236,-0.6811023622047244,0.08267716535433071,-0.8582677165354331,0.1141732283464567,-1.0,0.13385826771653545
4,0.0,0.0,-0.15611814345991562,-0.22784810126582278,-0.3924050632911392,-0.4641350210970464,-0.5611814345991561,-0.6455696202531646,-0.679324894514768,-0.8143459915611815,-0.48523206751054854,-0.4430379746835443,-0.7890295358649789,-0.22784810126582278,-0.6962025316455697,-0.1729957805907173,-0.5907172995780591,-0.189873417721519,-0.4388185654008439,-0.3037974683544304,-0.7383966244725738,-0.10548523206751055,-0.6455696202531646,-0.0759493670886076,-0.5569620253164557,-0.10126582278481013,-0.39662447257383965,-0.1350210970464135,-0.6962025316455697,0.008438818565400843,-0.6118143459915611,0.0379746835443038,-0.5147679324894515,0.02109704641350211,-0.3670886075949367,0.046413502109704644,-0.6835443037974683,0.10548523206751055,-0.8565400843881856,0.16033755274261605,-1.0,0.20675105485232068
4,0.0,0.0,-0.1557377049180328,-0.21311475409836064,-0.3975409836065574,-0.4385245901639344,-0.5737704918032787,-0.6024590163934426,-0.6844262295081968,-0.7704918032786885,-0.46311475409836067,-0.3975409836065574,-0.7745901639344263,-0.1885245901639344,-0.6639344262295082,-0.15163934426229508,-0.5573770491803278,-0.19672131147540983,-0.4139344262295082,-0.26229508196721313,-0.7295081967213115,-0.06557377049180328,-0.6229508196721312,-0.04918032786885246,-0.5409836065573771,-0.09016393442622951,-0.3770491803278688,-0.09836065573770492,-0.6885245901639344,0.045081967213114756,-0.5942622950819673,0.06557377049180328,-0.4959016393442623,0.040983606557377046,-0.3483606557377049,0.06967213114754098,-0.6557377049180327,0.14344262295081966,-0.8401639344262295,0.20081967213114754,-1.0,0.24180327868852458
4,0.0,0.0,-0.14979757085020243,-0.2145748987854251,-0.38866396761133604,-0.4493927125506073,-0.5587044534412956,-0.6234817813765182,-0.6842105263157895,-0.7692307692307693,-0.46558704453441296,-0.41295546558704455,-0.7813765182186235,-0.21862348178137653,-0.6680161943319838,-0.17408906882591094,-0.5587044534412956,-0.21862348178137653,-0.41700404858299595,-0.26720647773279355,-0.7368421052631579,-0.08502024291497975,-0.6396761133603239,-0.05668016194331984,-0.5546558704453441,-0.0931174089068826,-0.3805668016194332,-0.09716599190283401,-0.7004048582995951,0.03643724696356275,-0.6194331983805668,0.06882591093117409,-0.5222672064777328,0.044534412955465584,-0.3562753036437247,0.0728744939271255,-0.6720647773279352,0.13765182186234817,-0.854251012145749,0.1862348178137652,-1.0,0.2145748987854251
4,0.0,0.0,-0.15450643776824036,-0.2317596566523605,-0.38626609442060084,-0.4978540772532189,-0.5450643776824035,-0.6909871244635193,-0.648068669527897,-0.8583690987124464,-0.4721030042918455,-0.4592274678111588,-0.7982832618025751,-0.2575107296137339,-0.6909871244635193,-0.21030042918454936,-0.5836909871244635,-0.24892703862660945,-0.41630901287553645,-0.3261802575107296,-0.7682403433476395,-0.12875536480686695,-0.6609442060085837,-0.09012875536480687,-0.5793991416309013,-0.12875536480686695,-0.37339055793991416,-0.15879828326180256,-0.7339055793991416,-0.017167381974248927,-0.6437768240343348,0.02575107296137339,-0.5450643776824035,0.004291845493562232,-0.34763948497854075,0.02145922746781116,-0.6781115879828327,0.07725321888412018,-0.8583690987124464,0.11587982832618025,-1.0,0.14163090128755365
4,0.0,0.0,-0.13333333333333333,-0.21666666666666667,-0.3416666666666667,-0.4791666666666667,-0.49583333333333335,-0.6791666666666667,-0.5916666666666667,-0.8458333333333333,-0.4166666666666667,-0.44583333333333336,-0.7541666666666667,-0.2875,-0.6583333333333333,-0.225,-0.55,-0.25416666666666665,-0.38333333333333336,-0.3125,-0.725,-0.15,-0.6291666666666667,-0.10416666666666667,-0.5375,-0.1375,-0.36666666666666664,-0.15416666666666667,-0.6916666666666667,-0.029166666666666667,-0.6041666666666666,0.008333333333333333,-0.5,-0.0125,-0.3625,0.020833333333333332,-0.6666666666666666,0.075,-0.85,0.1125,-1.0,0.125
4,0.0,0.0,-0.12017167381974249,-0.23605150214592274,-0.33047210300429186,-0.5107296137339056,-0.47639484978540775,-0.7167381974248928,-0.575107296137339,-0.8841201716738197,-0.3948497854077253,-0.4892703862660944,-0.7682403433476395,-0.3090128755364807,-0.6695278969957081,-0.2446351931330472,-0.5493562231759657,-0.27467811158798283,-0.351931330472103,-0.3605150214592275,-0.7381974248927039,-0.18025751072961374,-0.6351931330472103,-0.13733905579399142,-0.5493562231759657,-0.1759656652360515,-0.3261802575107296,-0.1888412017167382,-0.7081545064377682,-0.06866952789699571,-0.6223175965665236,-0.02145922746781116,-0.51931330472103,-0.03862660944206009,-0.3218884120171674,-0.008583690987124463,-0.6523605150214592,0.034334763948497854,-0.8454935622317596,0.06866952789699571,-1.0,0.0815450643776824
4,0.0,0.0,-0.11475409836065574,-0.22131147540983606,-0.3155737704918033,-0.5,-0.4426229508196721,-0.7131147540983607,-0.5204918032786885,-0.8934426229508197,-0.3729508196721312,-0.48770491803278687,-0.7377049180327869,-0.3524590163934426,-0.6516393442622951,-0.26639344262295084,-0.5409836065573771,-0.2786885245901639,-0.3483606557377049,-0.35655737704918034,-0.7213114754098361,-0.20901639344262296,-0.6229508196721312,-0.14754098360655737,-0.5368852459016393,-0.1762295081967213,-0.3360655737704918,-0.1885245901639344,-0.6926229508196722,-0.09016393442622951,-0.610655737704918,-0.036885245901639344,-0.5081967213114754,-0.04918032786885246,-0.3401639344262295,-0.01639344262295082,-0.6557377049180327,0.004098360655737705,-0.8483606557377049,0.020491803278688523,-1.0,0.01639344262295082
4,0.0,0.0,-0.1134453781512605,-0.23529411764705882,-0.28991596638655465,-0.5210084033613446,-0.41596638655462187,-0.7394957983193278,-0.5042016806722689,-0.9117647058823529,-0.36554621848739494,-0.5294117647058824,-0.726890756302521,-0.4117647058823529,-0.6596638655462185,-0.3067226890756303,-0.5546218487394958,-0.3025210084033613,-0.3445378151260504,-0.3949579831932773,-0.7100840336134454,-0.27310924369747897,-0.634453781512605,-0.19327731092436976,-0.542016806722689,-0.19747899159663865,-0.3445378151260504,-0.23109243697478993,-0.6932773109243697,-0.15126050420168066,-0.6218487394957983,-0.08403361344537816,-0.5252100840336135,-0.08403361344537816,-0.35714285714285715,-0.06302521008403361,-0.6722689075630253,-0.046218487394957986,-0.8571428571428571,-0.03361344537815126,-1.0,-0.046218487394957986
4,0.0,0.0,-0.10256410256410256,-0.24786324786324787,-0.2863247863247863,-0.5341880341880342,-0.41025641025641024,-0.7564102564102564,-0.49572649572649574,-0.9401709401709402,-0.3333333333333333,-0.5085470085470085,-0.7222222222222222,-0.4188034188034188,-0.6324786324786325,-0.33760683760683763,-0.5170940170940171,-0.3504273504273504,-0.3247863247863248,-0.358974358974359,-0.717948717948718,-0.26495726495726496,-0.6282051282051282,-0.20512820512820512,-0.5256410256410257,-0.2264957264957265,-0.3333333333333333,-0.18803418803418803,-0.7008547008547008,-0.1452991452991453,-0.6239316239316239,-0.09401709401709402,-0.5213675213675214,-0.10683760683760683,-0.3504273504273504,-0.02564102564102564,-0.6709401709401709,-0.02564102564102564,-0.8547008547008547,-0.021367521367521368,-1.0,-0.029914529914529916
4,0.0,0.0,-0.1013215859030837,-0.2511013215859031,-0.27312775330396477,-0.5550660792951542,-0.3876651982378855,-0.7841409691629956,-0.45374449339207046,-0.9647577092511013,-0.3303964757709251,-0.5550660792951542,-0.6960352422907489,-0.43171806167400884,-0.5903083700440529,-0.34801762114537443,-0.4713656387665198,-0.3744493392070485,-0.31277533039647576,-0.4185022026431718,-0.7048458149779736,-0.2907488986784141,-0.5991189427312775,-0.2290748898678414,-0.4977973568281938,-0.2555066079295154,-0.31277533039647576,-0.24669603524229075,-0.6960352422907489,-0.18061674008810572,-0.6035242290748899,-0.11894273127753303,-0.4977973568281938,-0.13215859030837004,-0.3392070484581498,-0.06607929515418502,-0.6607929515418502,-0.07488986784140969,-0.8458149779735683,-0.08370044052863436,-1.0,-0.11013215859030837
4,0.0,0.0,-0.1050228310502283,-0.2602739726027397,-0.2831050228310502,-0.5753424657534246,-0.3926940639269406,-0.8082191780821918,-0.4703196347031963,-1.0,-0.3333333333333333,-0.5753424657534246,-0.7123287671232876,-0.45662100456621,-0.6210045662100456,-0.3789954337899543,-0.5068493150684932,-0.4018264840182648,-0.3150684931506849,-0.4292237442922374,-0.7123287671232876,-0.3150684931506849,-0.6210045662100456,-0.2557077625570776,-0.5251141552511416,-0.273972602739726,-0.319634703196347,-0.2511415525114155,-0.7031963470319634,-0.1963470319634703,-0.6255707762557078,-0.1278538812785388,-0.5205479452054794,-0.1278538812785388,-0.3287671232876712,-0.0730593607305936,-0.6666666666666666,-0.0958904109589041,-0.8493150684931506,-0.091324200913242,-0.9954337899543378,-0.0958904109589041
4,0.0,0.0,-0.09523809523809523,-0.23809523809523808,-0.2727272727272727,-0.5367965367965368,-0.3939393939393939,-0.7532467532467533,-0.46320346320346323,-0.9393939393939394,-0.3246753246753247,-0.5367965367965368,-0.696969696969697,-0.44155844155844154,-0.6017316017316018,-0.354978354978355,-0.48917748917748916,-0.36363636363636365,-0.31601731601731603,-0.39826839826839827,-0.7056277056277056,-0.2987012987012987,-0.6060606060606061,-0.23376623376623376,-0.5064935064935064,-0.2554112554112554,-0.3246753246753247,-0.22943722943722944,-0.696969696969697,-0.1774891774891775,-0.6103896103896104,-0.11688311688311688,-0.5021645021645021,-0.12554112554112554,-0.3463203463203463,-0.06060606060606061,-0.6666666666666666,-0.07792207792207792,-0.8528138528138528,-0.07792207792207792,-1.0,-0.09090909090909091
4,0.0,0.0,-0.09361702127659574,-0.23829787234042554,-0.26382978723404255,-0.5319148936170213,-0.37872340425531914,-0.7489361702127659,-0.4595744680851064,-0.9234042553191489,-0.33617021276595743,-0.5319148936170213,-0.6978723404255319,-0.425531914893617,-0.6,-0.33617021276595743,-0.4808510638297872,-0.3574468085106383,-0.3276595744680851,-0.3872340425531915,-0.7063829787234043,-0.28936170212765955,-0.6085106382978723,-0.22127659574468084,-0.5148936170212766,-0.2425531914893617,-0.33617021276595743,-0.22127659574468084,-0.7021276595744681,-0.1702127659574468,-0.6212765957446809,-0.10638297872340426,-0.5191489361702127,-0.11063829787234042,-0.3659574468085106,-0.05106382978723404,-0.6723404255319149,-0.07234042553191489,-0.8553191489361702,-0.0851063829787234,-1.0,-0.10638297872340426
4,0.0,0.0,-0.1078838174273859,-0.22821576763485477,-0.3029045643153527,-0.5020746887966805,-0.43568464730290457,-0.7012448132780082,-0.5269709543568465,-0.8713692946058091,-0.3817427385892116,-0.49377593360995853,-0.7427385892116183,-0.35269709543568467,-0.6348547717842323,-0.2821576763485477,-0.5145228215767634,-0.3070539419087137,-0.36099585062240663,-0.35269709543568467,-0.7302904564315352,-0.21161825726141079,-0.6099585062240664,-0.16182572614107885,-0.5186721991701245,-0.1908713692946058,-0.35684647302904565,-0.1908713692946058,-0.7053941908713693,-0.0995850622406639,-0.6058091286307054,-0.05394190871369295,-0.5020746887966805,-0.06639004149377593,-0.3651452282157676,-0.02074688796680498,-0.6639004149377593,-0.016597510373443983,-0.8464730290456431,-0.012448132780082987,-1.0,-0.016597510373443983
4,0.0,0.0,-0.1282051282051282,-0.23504273504273504,-0.3547008547008547,-0.5042735042735043,-0.5,-0.7051282051282052,-0.6196581196581197,-0.8632478632478633,-0.4444444444444444,-0.49145299145299143,-0.7948717948717948,-0.32905982905982906,-0.7051282051282052,-0.26495726495726496,-0.594017094017094,-0.2863247863247863,-0.405982905982906,-0.36752136752136755,-0.7606837606837606,-0.20085470085470086,-0.6666666666666666,-0.15384615384615385,-0.5854700854700855,-0.18803418803418803,-0.3803418803418803,-0.20085470085470086,-0.717948717948718,-0.08547008547008547,-0.6324786324786325,-0.038461538461538464,-0.5341880341880342,-0.05128205128205128,-0.36752136752136755,-0.017094017094017096,-0.6794871794871795,0.0,-0.8589743589743589,0.021367521367521368,-1.0,0.029914529914529916
4,0.0,0.0,-0.13580246913580246,-0.21810699588477367,-0.3497942386831276,-0.46502057613168724,-0.5020576131687243,-0.6502057613168725,-0.6131687242798354,-0.8024691358024691,-0.42386831275720166,-0.4444444444444444,-0.7613168724279835,-0.2716049382716049,-0.6666666666666666,-0.2139917695473251,-0.551440329218107,-0.23868312757201646,-0.3950617283950617,-0.31275720164609055,-0.7325102880658436,-0.13991769547325103,-0.6378600823045267,-0.09876543209876543,-0.5555555555555556,-0.13168724279835392,-0.37448559670781895,-0.14814814814814814,-0.6954732510288066,-0.0205761316872428,-0.6090534979423868,0.012345679012345678,-0.51440329218107,-0.012345679012345678,-0.36213991769547327,0.024691358024691357,-0.6707818930041153,0.06584362139917696,-0.8518518518518519,0.102880658436214,-1.0,0.12345679012345678
4,0.0,0.0,-0.13692946058091288,-0.22821576763485477,-0.35269709543568467,-0.48132780082987553,-0.5020746887966805,-0.6680497925311203,-0.6099585062240664,-0.8215767634854771,-0.43983402489626555,-0.45228215767634855,-0.7593360995850622,-0.26556016597510373,-0.6597510373443983,-0.21161825726141079,-0.5518672199170125,-0.24896265560165975,-0.3941908713692946,-0.31950207468879666,-0.7302904564315352,-0.13692946058091288,-0.6348547717842323,-0.1037344398340249,-0.5477178423236515,-0.13692946058091288,-0.3651452282157676,-0.15352697095435686,-0.7053941908713693,-0.024896265560165973,-0.6224066390041494,0.008298755186721992,-0.5228215767634855,-0.012448132780082987,-0.34854771784232363,0.02074688796680498,-0.6639004149377593,0.06224066390041494,-0.8464730290456431,0.0912863070539419,-1.0,0.1078838174273859
4,0.0,0.0,-0.14453125,-0.20703125,-0.390625,-0.4140625,-0.5703125,-0.56640625,-0.6953125,-0.70703125,-0.48046875,-0.3671875,-0.765625,-0.15234375,-0.6484375,-0.12890625,-0.546875,-0.18359375,-0.4296875,-0.23046875,-0.72265625,-0.03125,-0.60546875,-0.0234375,-0.5234375,-0.0703125,-0.38671875,-0.0703125,-0.67578125,0.0859375,-0.58203125,0.09765625,-0.48828125,0.06640625,-0.34765625,0.09765625,-0.65234375,0.16796875,-0.83984375,0.21484375,-1.0,0.25
4,0.0,0.0,-0.16738197424892703,-0.21888412017167383,-0.4248927038626609,-0.463519313304721,-0.5965665236051502,-0.6566523605150214,-0.721030042918455,-0.8197424892703863,-0.4978540772532189,-0.4248927038626609,-0.8240343347639485,-0.21030042918454936,-0.7253218884120172,-0.1630901287553648,-0.6266094420600858,-0.20600858369098712,-0.43776824034334766,-0.2918454935622318,-0.7811158798283262,-0.0815450643776824,-0.6909871244635193,-0.060085836909871244,-0.6094420600858369,-0.0944206008583691,-0.3948497854077253,-0.11587982832618025,-0.7381974248927039,0.034334763948497854,-0.6652360515021459,0.06866952789699571,-0.5708154506437768,0.05150214592274678,-0.3648068669527897,0.06437768240343347,-0.6738197424892703,0.14163090128755365,-0.8540772532188842,0.1888412017167382,-1.0,0.21888412017167383
4,0.0,0.0,-0.1606425702811245,-0.21285140562248997,-0.42570281124497994,-0.42971887550200805,-0.6224899598393574,-0.5823293172690763,-0.7670682730923695,-0.7188755020080321,-0.5100401606425703,-0.3895582329317269,-0.8032128514056225,-0.1606425702811245,-0.6947791164658634,-0.1285140562248996,-0.5903614457831325,-0.18072289156626506,-0.4578313253012048,-0.24497991967871485,-0.751004016064257,-0.024096385542168676,-0.642570281124498,-0.01606425702811245,-0.5622489959839357,-0.060240963855421686,-0.40562248995983935,-0.07630522088353414,-0.7028112449799196,0.10040160642570281,-0.6144578313253012,0.12048192771084337,-0.5220883534136547,0.08835341365461848,-0.357429718875502,0.10040160642570281,-0.6626506024096386,0.1927710843373494,-0.8433734939759037,0.25301204819277107,-1.0,0.2931726907630522
4,0.0,0.0,-0.1659919028340081,-0.21052631578947367,-0.41295546558704455,-0.44129554655870445,-0.6032388663967612,-0.5991902834008097,-0.7327935222672065,-0.7408906882591093,-0.4898785425101215,-0.4008097165991903,-0.8016194331983806,-0.18218623481781376,-0.6882591093117408,-0.13765182186234817,-0.582995951417004,-0.1862348178137652,-0.43724696356275305,-0.2631578947368421,-0.7408906882591093,-0.048582995951417005,-0.6396761133603239,-0.032388663967611336,-0.5546558704453441,-0.0728744939271255,-0.39271255060728744,-0.10121457489878542,-0.6963562753036437,0.06072874493927125,-0.6032388663967612,0.08502024291497975,-0.5101214574898786,0.05263157894736842,-0.3603238866396761,0.0728744939271255,-0.6680161943319838,0.15384615384615385,-0.8502024291497976,0.20242914979757085,-1.0,0.23076923076923078
4,0.0,0.0,-0.15139442231075698,-0.20717131474103587,-0.40239043824701193,-0.44223107569721115,-0.5816733067729084,-0.6215139442231076,-0.7051792828685259,-0.7768924302788844,-0.4860557768924303,-0.41434262948207173,-0.8047808764940239,-0.21115537848605578,-0.6932270916334662,-0.16733067729083664,-0.5856573705179283,-0.20717131474103587,-0.43824701195219123,-0.26693227091633465,-0.7569721115537849,-0.08366533864541832,-0.6533864541832669,-0.05179282868525897,-0.5697211155378487,-0.08366533864541832,-0.38645418326693226,-0.09561752988047809,-0.7171314741035857,0.027888446215139442,-0.6294820717131474,0.06374501992031872,-0.5258964143426295,0.04780876494023904,-0.3466135458167331,0.07569721115537849,-0.6613545816733067,0.13545816733067728,-0.848605577689243,0.1752988047808765,-1.0,0.199203187250996
4,0.0,0.0,-0.14741035856573706,-0.20717131474103587,-0.3904382470119522,-0.44223107569721115,-0.5537848605577689,-0.6254980079681275,-0.6733067729083665,-0.7808764940239044,-0.43824701195219123,-0.44621513944223107,-0.7729083665338645,-0.24701195219123506,-0.6812749003984063,-0.19123505976095617,-0.5936254980079682,-0.22310756972111553,-0.3784860557768924,-0.32669322709163345,-0.7290836653386454,-0.12350597609561753,-0.6414342629482072,-0.08764940239043825,-0.5697211155378487,-0.11952191235059761,-0.3426294820717131,-0.16733067729083664,-0.6892430278884463,-0.0199203187250996,-0.6215139442231076,0.0199203187250996,-0.5338645418326693,0.00398406374501992,-0.32669322709163345,0.00796812749003984,-0.649402390438247,0.06772908366533864,-0.8406374501992032,0.11155378486055777,-1.0,0.13545816733067728
4,0.0,0.0,-0.14414414414414414,-0.24774774774774774,-0.35585585585585583,-0.5495495495495496,-0.4954954954954955,-0.7927927927927928,-0.5720720720720721,-1.0,-0.3918918918918919,-0.5405405405405406,-0.7927927927927928,-0.38738738738738737,-0.7027027027027027,-0.3063063063063063,-0.5900900900900901,-0.3153153153153153,-0.35585585585585583,-0.4144144144144144,-0.7747747747747747,-0.25225225225225223,-0.6756756756756757,-0.19369369369369369,-0.5720720720720721,-0.21171171171171171,-0.33783783783783783,-0.23873873873873874,-0.7432432432432432,-0.13963963963963963,-0.6621621621621622,-0.07207207207207207,-0.5495495495495496,-0.07657657657657657,-0.33783783783783783,-0.05405405405405406,-0.6801801801801802,-0.02702702702702703,-0.8513513513513513,0.0045045045045045045,-0.9819819819819819,0.018018018018018018
4,0.0,0.0,-0.1336206896551724,-0.2413793103448276,-0.33620689655172414,-0.5517241379310345,-0.45689655172413796,-0.7931034482758621,-0.521551724137931,-0.9956896551724138,-0.35344827586206895,-0.5646551724137931,-0.7370689655172413,-0.43103448275862066,-0.646551724137931,-0.34051724137931033,-0.5474137931034483,-0.35344827586206895,-0.2974137931034483,-0.4353448275862069,-0.7370689655172413,-0.2801724137931034,-0.6293103448275862,-0.21551724137931033,-0.5301724137931034,-0.23706896551724138,-0.2801724137931034,-0.2629310344827586,-0.6982758620689655,-0.15948275862068967,-0.603448275862069,-0.10775862068965517,-0.4870689655172414,-0.11206896551724138,-0.28879310344827586,-0.08189655172413793,-0.6336206896551724,-0.05603448275862069,-0.8318965517241379,-0.04310344827586207,-1.0,-0.04310344827586207
4,0.0,0.0,-0.12554112554112554,-0.2727272727272727,-0.3116883116883117,-0.5670995670995671,-0.45021645021645024,-0.7965367965367965,-0.5411255411255411,-1.0,-0.341991341991342,-0.5411255411255411,-0.7316017316017316,-0.4588744588744589,-0.6493506493506493,-0.3852813852813853,-0.5367965367965368,-0.3939393939393939,-0.3116883116883117,-0.4025974025974026,-0.7402597402597403,-0.30735930735930733,-0.6493506493506493,-0.2510822510822511,-0.5324675324675324,-0.2683982683982684,-0.30303030303030304,-0.22943722943722944,-0.7056277056277056,-0.1774891774891775,-0.6233766233766234,-0.1341991341991342,-0.49783549783549785,-0.16017316017316016,-0.30303030303030304,-0.04329004329004329,-0.6363636363636364,-0.021645021645021644,-0.8354978354978355,-0.017316017316017316,-0.9956709956709957,-0.030303030303030304
4,0.0,0.0,-0.12,-0.25333333333333335,-0.29777777777777775,-0.56,-0.4177777777777778,-0.8,-0.48,-1.0,-0.31555555555555553,-0.5911111111111111,-0.7111111111111111,-0.49777777777777776,-0.64,-0.4222222222222222,-0.5422222222222223,-0.44,-0.28,-0.4533333333333333,-0.7066666666666667,-0.3288888888888889,-0.6266666666666667,-0.28444444444444444,-0.5288888888888889,-0.3111111111111111,-0.27111111111111114,-0.28444444444444444,-0.6755555555555556,-0.2088888888888889,-0.6133333333333333,-0.16,-0.5288888888888889,-0.17777777777777778,-0.28444444444444444,-0.1111111111111111,-0.6222222222222222,-0.08444444444444445,-0.7288888888888889,-0.07111111111111111,-0.7955555555555556,-0.08444444444444445
4,0.0,0.0,-0.10300429184549356,-0.26180257510729615,-0.26180257510729615,-0.5665236051502146,-0.38626609442060084,-0.8025751072961373,-0.47639484978540775,-1.0,-0.3218884120171674,-0.5407725321888412,-0.703862660944206,-0.4592274678111588,-0.6051502145922747,-0.3905579399141631,-0.4892703862660944,-0.3905579399141631,-0.296137339055794,-0.39914163090128757,-0.6952789699570815,-0.30472103004291845,-0.6008583690987125,-0.26609442060085836,-0.49356223175965663,-0.2703862660944206,-0.296137339055794,-0.2317596566523605,-0.6738197424892703,-0.1759656652360515,-0.5965665236051502,-0.13733905579399142,-0.49356223175965663,-0.15021459227467812,-0.3090128755364807,-0.060085836909871244,-0.6523605150214592,-0.04721030042918455,-0.8326180257510729,-0.05150214592274678,-0.9785407725321889,-0.06866952789699571
4,0.0,0.0,-0.10460251046025104,-0.2384937238493724,-0.2594142259414226,-0.5564853556485355,-0.33472803347280333,-0.803347280334728,-0.3723849372384937,-1.0,-0.25523012552301255,-0.5774058577405857,-0.6610878661087866,-0.497907949790795,-0.5857740585774058,-0.39330543933054396,-0.47280334728033474,-0.40585774058577406,-0.2175732217573222,-0.4393305439330544,-0.6569037656903766,-0.3514644351464435,-0.5690376569037657,-0.2803347280334728,-0.4686192468619247,-0.2928870292887029,-0.2217573221757322,-0.27615062761506276,-0.6276150627615062,-0.2384937238493724,-0.5523012552301255,-0.1799163179916318,-0.4476987447698745,-0.1799163179916318,-0.25523012552301255,-0.1087866108786611,-0.5732217573221757,-0.13389121338912133,-0.7531380753138075,-0.15481171548117154,-0.9037656903765691,-0.18410041841004185
4,0.0,0.0,-0.09917355371900827,-0.25206611570247933,-0.2396694214876033,-0.5578512396694215,-0.3181818181818182,-0.8016528925619835,-0.359504132231405,-1.0,-0.256198347107438,-0.5619834710743802,-0.6363636363636364,-0.49173553719008267,-0.5454545454545454,-0.4132231404958678,-0.44214876033057854,-0.4256198347107438,-0.2190082644628099,-0.43388429752066116,-0.6446280991735537,-0.34297520661157027,-0.5371900826446281,-0.28512396694214875,-0.4380165289256198,-0.30991735537190085,-0.2190082644628099,-0.2727272727272727,-0.6115702479338843,-0.23140495867768596,-0.5247933884297521,-0.18181818181818182,-0.4297520661157025,-0.1859504132231405,-0.2396694214876033,-0.10743801652892562,-0.5413223140495868,-0.1446280991735537,-0.7066115702479339,-0.1652892561983471,-0.8471074380165289,-0.1859504132231405
4,0.0,0.0,-0.12637362637362637,-0.3076923076923077,-0.33516483516483514,-0.6483516483516484,-0.4725274725274725,-0.8956043956043956,-0.5659340659340659,-1.0,-0.3626373626373626,-0.7802197802197802,-0.8461538461538461,-0.6978021978021978,-0.7362637362637363,-0.5934065934065934,-0.6098901098901099,-0.6208791208791209,-0.31868131868131866,-0.6263736263736264,-0.8846153846153846,-0.5164835164835165,-0.7417582417582418,-0.43956043956043955,-0.6043956043956044,-0.4725274725274725,-0.31868131868131866,-0.42857142857142855,-0.8681318681318682,-0.38461538461538464,-0.7307692307692307,-0.3131868131868132,-0.5769230769230769,-0.3131868131868132,-0.34615384615384615,-0.2087912087912088,-0.7362637362637363,-0.22527472527472528,-0.7032967032967034,-0.2032967032967033,-0.6318681318681318,-0.21428571428571427
4,0.0,0.0,-0.07142857142857142,-0.23809523809523808,-0.2619047619047619,-0.45714285714285713,-0.4666666666666667,-0.580952380952381,-0.638095238095238,-0.5523809523809524,-0.26666666666666666,-0.680952380952381,-0.6904761904761905,-0.6190476190476191,-0.6190476190476191,-0.5095238095238095,-0.5,-0.49047619047619045,-0.20952380952380953,-0.5857142857142857,-0.7523809523809524,-0.49047619047619045,-0.6285714285714286,-0.37142857142857144,-0.5095238095238095,-0.3761904761904762,-0.21904761904761905,-0.4095238095238095,-0.7142857142857143,-0.36666666666666664,-0.6047619047619047,-0.2904761904761905,-0.4714285714285714,-0.2761904761904762,-0.2619047619047619,-0.20476190476190476,-0.6142857142857143,-0.2619047619047619,-0.8238095238095238,-0.2857142857142857,-1.0,-0.3142857142857143
4,0.0,0.0,-0.09565217391304348,-0.2608695652173913,-0.2391304347826087,-0.5608695652173913,-0.32608695652173914,-0.7869565217391304,-0.3652173913043478,-1.0,-0.2608695652173913,-0.5391304347826087,-0.6565217391304348,-0.44782608695652176,-0.5608695652173913,-0.3565217391304348,-0.4391304347826087,-0.3652173913043478,-0.21739130434782608,-0.3869565217391304,-0.6782608695652174,-0.28695652173913044,-0.5521739130434783,-0.21304347826086956,-0.43043478260869567,-0.24347826086956523,-0.20869565217391303,-0.20434782608695654,-0.6260869565217392,-0.16521739130434782,-0.5130434782608696,-0.12173913043478261,-0.3826086956521739,-0.13478260869565217,-0.20869565217391303,-0.02608695652173913,-0.5434782608695652,-0.06521739130434782,-0.7391304347826086,-0.08260869565217391,-0.908695652173913,-0.1
4,0.0,0.0,-0.08368200836820083,-0.23430962343096234,-0.21338912133891214,-0.5564853556485355,-0.2803347280334728,-0.803347280334728,-0.29707112970711297,-1.0,-0.20920502092050208,-0.602510460251046,-0.5983263598326359,-0.5355648535564853,-0.5397489539748954,-0.42677824267782427,-0.4393305439330544,-0.42677824267782427,-0.17573221757322174,-0.4811715481171548,-0.6150627615062761,-0.4100418410041841,-0.5313807531380753,-0.3263598326359833,-0.4393305439330544,-0.32217573221757323,-0.18410041841004185,-0.3263598326359833,-0.5857740585774058,-0.3054393305439331,-0.5104602510460251,-0.2384937238493724,-0.40585774058577406,-0.22594142259414227,-0.20920502092050208,-0.16736401673640167,-0.5062761506276151,-0.20920502092050208,-0.6820083682008368,-0.24686192468619247,-0.8326359832635983,-0.28870292887029286
4,0.0,0.0,-0.09387755102040816,-0.2612244897959184,-0.23265306122448978,-0.5551020408163265,-0.3142857142857143,-0.7959183673469388,-0.33877551020408164,-1.0,-0.24489795918367346,-0.5551020408163265,-0.6081632653061224,-0.47346938775510206,-0.5142857142857142,-0.39591836734693875,-0.40408163265306124,-0.40408163265306124,-0.2,-0.4163265306122449,-0.6244897959183674,-0.34285714285714286,-0.5102040816326531,-0.27755102040816326,-0.40816326530612246,-0.3020408163265306,-0.2,-0.2612244897959184,-0.5877551020408164,-0.22448979591836735,-0.4897959183673469,-0.17142857142857143,-0.3836734693877551,-0.17142857142857143,-0.22040816326530613,-0.09387755102040816,-0.5102040816326531,-0.12653061224489795,-0.6857142857142857,-0.15510204081632653,-0.8448979591836735,-0.1836734693877551
4,0.0,0.0,-0.0778688524590164,-0.2540983606557377,-0.20081967213114754,-0.5655737704918032,-0.2786885245901639,-0.8073770491803278,-0.3155737704918033,-1.0,-0.22131147540983606,-0.5860655737704918,-0.5942622950819673,-0.5450819672131147,-0.5286885245901639,-0.45081967213114754,-0.42213114754098363,-0.4426229508196721,-0.19262295081967212,-0.47540983606557374,-0.6065573770491803,-0.42213114754098363,-0.5286885245901639,-0.3483606557377049,-0.4344262295081967,-0.3442622950819672,-0.20081967213114754,-0.32786885245901637,-0.5819672131147541,-0.319672131147541,-0.5122950819672131,-0.2581967213114754,-0.4180327868852459,-0.24180327868852458,-0.22950819672131148,-0.1721311475409836,-0.5081967213114754,-0.21721311475409835,-0.680327868852459,-0.25,-0.8278688524590164,-0.2827868852459016
4,0.0,0.0,-0.0743801652892562,-0.256198347107438,-0.19008264462809918,-0.5661157024793388,-0.2644628099173554,-0.8099173553719008,-0.2975206611570248,-1.0,-0.19421487603305784,-0.6322314049586777,-0.5785123966942148,-0.5826446280991735,-0.512396694214876,-0.47520661157024796,-0.4132231404958678,-0.4669421487603306,-0.15289256198347106,-0.5289256198347108,-0.5991735537190083,-0.4669421487603306,-0.5165289256198347,-0.3760330578512397,-0.4297520661157025,-0.38016528925619836,-0.16942148760330578,-0.384297520661157,-0.5826446280991735,-0.3760330578512397,-0.5041322314049587,-0.30165289256198347,-0.4049586776859504,-0.2768595041322314,-0.2024793388429752,-0.21487603305785125,-0.48760330578512395,-0.28512396694214875,-0.6611570247933884,-0.32231404958677684,-0.8099173553719008,-0.35537190082644626
4,0.0,0.0,-0.076,-0.26,-0.176,-0.568,-0.236,-0.804,-0.252,-1.0,-0.204,-0.604,-0.548,-0.548,-0.484,-0.46,-0.388,-0.456,-0.164,-0.496,-0.556,-0.42,-0.472,-0.364,-0.384,-0.376,-0.156,-0.356,-0.532,-0.32,-0.472,-0.272,-0.392,-0.264,-0.172,-0.208,-0.46,-0.252,-0.596,-0.3,-0.712,-0.348
4,0.0,0.0,-0.05627705627705628,-0.2727272727272727,-0.1774891774891775,-0.5800865800865801,-0.26406926406926406,-0.8225108225108225,-0.30303030303030304,-1.0,-0.1774891774891775,-0.6883116883116883,-0.5627705627705628,-0.6406926406926406,-0.5151515151515151,-0.5324675324675324,-0.42424242424242425,-0.5238095238095238,-0.1341991341991342,-0.5887445887445888,-0.5974025974025974,-0.5194805194805194,-0.5194805194805194,-0.42857142857142855,-0.43722943722943725,-0.42424242424242425,-0.15151515151515152,-0.44155844155844154,-0.5757575757575758,-0.42424242424242425,-0.49783549783549785,-0.35064935064935066,-0.39826839826839827,-0.3203463203463203,-0.18614718614718614,-0.2683982683982684,-0.47619047619047616,-0.3246753246753247,-0.6536796536796536,-0.3722943722943723,-0.8095238095238095,-0.4155844155844156
4,0.0,0.0,-0.06060606060606061,-0.2813852813852814,-0.17316017316017315,-0.5800865800865801,-0.2554112554112554,-0.8138528138528138,-0.29004329004329005,-1.0,-0.19047619047619047,-0.6536796536796536,-0.5800865800865801,-0.6190476190476191,-0.5281385281385281,-0.49783549783549785,-0.42424242424242425,-0.47186147186147187,-0.1471861471861472,-0.5367965367965368,-0.6233766233766234,-0.4675324675324675,-0.5324675324675324,-0.36363636363636365,-0.4329004329004329,-0.36796536796536794,-0.16017316017316016,-0.37662337662337664,-0.5844155844155844,-0.33766233766233766,-0.48917748917748916,-0.2554112554112554,-0.36796536796536794,-0.24242424242424243,-0.18614718614718614,-0.19913419913419914,-0.4805194805194805,-0.24675324675324675,-0.6753246753246753,-0.29004329004329005,-0.8484848484848485,-0.3333333333333333
4,0.0,0.0,-0.05622489959839357,-0.25301204819277107,-0.14056224899598393,-0.570281124497992,-0.1927710843373494,-0.8112449799196787,-0.21285140562248997,-1.0,-0.1285140562248996,-0.6265060240963856,-0.5020080321285141,-0.5863453815261044,-0.4457831325301205,-0.46987951807228917,-0.3534136546184739,-0.4578313253012048,-0.08433734939759036,-0.5140562248995983,-0.5180722891566265,-0.46184738955823296,-0.44176706827309237,-0.3654618473895582,-0.3614457831325301,-0.357429718875502,-0.08835341365461848,-0.3654618473895582,-0.4859437751004016,-0.3614457831325301,-0.41767068273092367,-0.27710843373493976,-0.321285140562249,-0.24096385542168675,-0.11646586345381527,-0.20481927710843373,-0.3895582329317269,-0.28112449799196787,-0.5542168674698795,-0.3373493975903614,-0.6987951807228916,-0.3895582329317269
4,0.0,0.0,-0.03765690376569038,-0.28870292887029286,-0.12552301255230125,-0.5899581589958159,-0.19246861924686193,-0.8242677824267782,-0.20502092050209206,-1.0,-0.13389121338912133,-0.6485355648535565,-0.47280334728033474,-0.6359832635983264,-0.4309623430962343,-0.5355648535564853,-0.3514644351464435,-0.5188284518828452,-0.11297071129707113,-0.5523012552301255,-0.5313807531380753,-0.5271966527196653,-0.4602510460251046,-0.4393305439330544,-0.37656903765690375,-0.4393305439330544,-0.13389121338912133,-0.4225941422594142,-0.5230125523012552,-0.4351464435146444,-0.4602510460251046,-0.35564853556485354,-0.3723849372384937,-0.3305439330543933,-0.16317991631799164,-0.27615062761506276,-0.4393305439330544,-0.3305439330543933,-0.5899581589958159,-0.37656903765690375,-0.7280334728033473,-0.4309623430962343
4,0.0,0.0,-0.05928853754940711,-0.2608695652173913,-0.15810276679841898,-0.5652173913043478,-0.20948616600790515,-0.8063241106719368,-0.22134387351778656,-1.0,-0.15810276679841898,-0.6126482213438735,-0.525691699604743,-0.5810276679841897,-0.4782608695652174,-0.4624505928853755,-0.391304347826087,-0.44664031620553357,-0.11067193675889328,-0.5059288537549407,-0.5533596837944664,-0.4505928853754941,-0.47035573122529645,-0.35177865612648224,-0.383399209486166,-0.3557312252964427,-0.11462450592885376,-0.36363636363636365,-0.5138339920948617,-0.3438735177865613,-0.4308300395256917,-0.26877470355731226,-0.3241106719367589,-0.25296442687747034,-0.1383399209486166,-0.2015810276679842,-0.41106719367588934,-0.2648221343873518,-0.5810276679841897,-0.3201581027667984,-0.7312252964426877,-0.3715415019762846
4,0.0,0.0,-0.09090909090909091,-0.3315508021390374,-0.23529411764705882,-0.6310160427807486,-0.37967914438502676,-0.8342245989304813,-0.5294117647058824,-0.9037433155080213,-0.24064171122994651,-0.8556149732620321,-0.6310160427807486,-0.8288770053475936,-0.6470588235294118,-0.7219251336898396,-0.6042780748663101,-0.7005347593582888,-0.19786096256684493,-0.7540106951871658,-0.7058823529411765,-0.6577540106951871,-0.6470588235294118,-0.5401069518716578,-0.5561497326203209,-0.5240641711229946,-0.20855614973262032,-0.5828877005347594,-0.679144385026738,-0.5240641711229946,-0.6256684491978609,-0.42780748663101603,-0.5240641711229946,-0.40106951871657753,-0.22994652406417113,-0.37967914438502676,-0.5935828877005348,-0.42245989304812837,-0.8128342245989305,-0.45989304812834225,-1.0,-0.5080213903743316
4,0.0,0.0,-0.09170305676855896,-0.2794759825327511,-0.2314410480349345,-0.5633187772925764,-0.3231441048034934,-0.7903930131004366,-0.36681222707423583,-1.0,-0.2576419213973799,-0.5240174672489083,-0.6375545851528385,-0.462882096069869,-0.5502183406113537,-0.36681222707423583,-0.4279475982532751,-0.35807860262008734,-0.2183406113537118,-0.37117903930131,-0.6812227074235808,-0.29694323144104806,-0.5502183406113537,-0.22270742358078602,-0.4192139737991266,-0.26200873362445415,-0.22270742358078602,-0.20087336244541484,-0.6375545851528385,-0.1615720524017467,-0.519650655021834,-0.11790393013100436,-0.3799126637554585,-0.13537117903930132,-0.23580786026200873,-0.034934497816593885,-0.5589519650655022,-0.05240174672489083,-0.7379912663755459,-0.07423580786026202,-0.8864628820960698,-0.10480349344978165
4,0.0,0.0,-0.1,-0.2590909090909091,-0.2590909090909091,-0.5681818181818182,-0.35909090909090907,-0.8090909090909091,-0.41363636363636364,-1.0,-0.2636363636363636,-0.5681818181818182,-0.6636363636363637,-0.5181818181818182,-0.6,-0.4318181818181818,-0.4954545454545455,-0.4318181818181818,-0.2318181818181818,-0.45,-0.6909090909090909,-0.38636363636363635,-0.6,-0.3090909090909091,-0.5045454545454545,-0.32727272727272727,-0.2318181818181818,-0.2909090909090909,-0.6681818181818182,-0.2818181818181818,-0.5954545454545455,-0.20909090909090908,-0.5,-0.19545454545454546,-0.25,-0.12272727272727273,-0.5681818181818182,-0.1590909090909091,-0.75,-0.17272727272727273,-0.9045454545454545,-0.18181818181818182
4,0.0,0.0,-0.12340425531914893,-0.26382978723404255,-0.3021276595744681,-0.5617021276595745,-0.40425531914893614,-0.7957446808510639,-0.44680851063829785,-1.0,-0.3276595744680851,-0.5319148936170213,-0.7106382978723405,-0.4085106382978723,-0.5957446808510638,-0.3404255319148936,-0.4723404255319149,-0.3702127659574468,-0.26382978723404255,-0.3829787234042553,-0.7021276595744681,-0.24680851063829787,-0.5617021276595745,-0.2,-0.451063829787234,-0.24680851063829787,-0.2425531914893617,-0.20425531914893616,-0.6468085106382979,-0.12340425531914893,-0.5361702127659574,-0.09361702127659574,-0.42127659574468085,-0.1148936170212766,-0.23829787234042554,-0.01702127659574468,-0.5531914893617021,-0.02127659574468085,-0.7361702127659574,-0.029787234042553193,-0.902127659574468,-0.03829787234042553
4,0.0,0.0,-0.12554112554112554,-0.2510822510822511,-0.30303030303030304,-0.5584415584415584,-0.4069264069264069,-0.8008658008658008,-0.4588744588744589,-1.0,-0.30303030303030304,-0.5714285714285714,-0.6883116883116883,-0.4329004329004329,-0.5887445887445888,-0.354978354978355,-0.4805194805194805,-0.38961038961038963,-0.24675324675324675,-0.4329004329004329,-0.6796536796536796,-0.2857142857142857,-0.5670995670995671,-0.23809523809523808,-0.4675324675324675,-0.2683982683982684,-0.22510822510822512,-0.2597402597402597,-0.6320346320346321,-0.16883116883116883,-0.5367965367965368,-0.12554112554112554,-0.4329004329004329,-0.1471861471861472,-0.22077922077922077,-0.08225108225108226,-0.5411255411255411,-0.06493506493506493,-0.7229437229437229,-0.06060606060606061,-0.8787878787878788,-0.06493506493506493
4,0.0,0.0,-0.13692946058091288,-0.26141078838174275,-0.3029045643153527,-0.5601659751037344,-0.4024896265560166,-0.7966804979253111,-0.44398340248962653,-1.0,-0.3029045643153527,-0.5477178423236515,-0.6680497925311203,-0.42323651452282157,-0.5684647302904564,-0.34854771784232363,-0.4605809128630705,-0.3651452282157676,-0.24066390041493776,-0.4190871369294606,-0.6597510373443983,-0.27385892116182575,-0.5435684647302904,-0.21991701244813278,-0.44813278008298757,-0.24896265560165975,-0.21991701244813278,-0.25311203319502074,-0.6099585062240664,-0.17012448132780084,-0.5062240663900415,-0.12448132780082988,-0.3941908713692946,-0.13278008298755187,-0.2157676348547718,-0.08298755186721991,-0.5145228215767634,-0.0954356846473029,-0.6929460580912863,-0.0954356846473029,-0.8547717842323651,-0.0954356846473029
4,0.0,0.0,-0.14163090128755365,-0.27896995708154504,-0.33047210300429186,-0.5708154506437768,-0.4592274678111588,-0.8025751072961373,-0.5278969957081545,-1.0,-0.3562231759656652,-0.5622317596566524,-0.7424892703862661,-0.4334763948497854,-0.6437768240343348,-0.34763948497854075,-0.5364806866952789,-0.3648068669527897,-0.2918454935622318,-0.4334763948497854,-0.7339055793991416,-0.27896995708154504,-0.6137339055793991,-0.2145922746781116,-0.5107296137339056,-0.24892703862660945,-0.2703862660944206,-0.26609442060085836,-0.6781115879828327,-0.15879828326180256,-0.5665236051502146,-0.11158798283261803,-0.44635193133047213,-0.12875536480686695,-0.26180257510729615,-0.0815450643776824,-0.575107296137339,-0.07296137339055794,-0.7639484978540773,-0.06437768240343347,-0.9356223175965666,-0.055793991416309016
4,0.0,0.0,-0.15789473684210525,-0.27631578947368424,-0.37280701754385964,-0.5745614035087719,-0.5131578947368421,-0.8026315789473685,-0.5921052631578947,-1.0,-0.3991228070175439,-0.5350877192982456,-0.793859649122807,-0.3815789473684211,-0.6754385964912281,-0.31140350877192985,-0.5614035087719298,-0.35526315789473684,-0.3333333333333333,-0.38596491228070173,-0.7587719298245614,-0.21929824561403508,-0.631578947368421,-0.18421052631578946,-0.5263157894736842,-0.23684210526315788,-0.3026315789473684,-0.2149122807017544,-0.706140350877193,-0.10964912280701754,-0.5964912280701754,-0.07894736842105263,-0.4824561403508772,-0.11403508771929824,-0.2894736842105263,-0.039473684210526314,-0.618421052631579,-0.021929824561403508,-0.8070175438596491,0.0043859649122807015,-0.9692982456140351,0.03070175438596491
4,0.0,0.0,-0.15,-0.2681818181818182,-0.35,-0.5681818181818182,-0.4954545454545455,-0.8090909090909091,-0.6,-1.0,-0.37272727272727274,-0.5636363636363636,-0.7772727272727272,-0.42727272727272725,-0.6727272727272727,-0.3409090909090909,-0.5590909090909091,-0.35909090909090907,-0.32272727272727275,-0.43636363636363634,-0.7636363636363637,-0.2863636363636364,-0.6590909090909091,-0.2318181818181818,-0.5590909090909091,-0.2590909090909091,-0.3,-0.2681818181818182,-0.7272727272727273,-0.17272727272727273,-0.6318181818181818,-0.11818181818181818,-0.5318181818181819,-0.12727272727272726,-0.29545454545454547,-0.08181818181818182,-0.6318181818181818,-0.05,-0.8227272727272728,-0.02727272727272727,-0.9863636363636363,-0.013636363636363636
4,0.0,0.0,-0.1583710407239819,-0.2669683257918552,-0.36199095022624433,-0.5610859728506787,-0.497737556561086,-0.7963800904977375,-0.583710407239819,-0.995475113122172,-0.4072398190045249,-0.5565610859728507,-0.7737556561085973,-0.4117647058823529,-0.6606334841628959,-0.3393665158371041,-0.5520361990950227,-0.3665158371040724,-0.34841628959276016,-0.4253393665158371,-0.7601809954751131,-0.248868778280543,-0.6380090497737556,-0.20361990950226244,-0.5384615384615384,-0.24434389140271492,-0.3257918552036199,-0.2579185520361991,-0.7149321266968326,-0.13122171945701358,-0.6108597285067874,-0.09502262443438914,-0.502262443438914,-0.12217194570135746,-0.31221719457013575,-0.07692307692307693,-0.6425339366515838,-0.049773755656108594,-0.832579185520362,-0.02262443438914027,-1.0,-0.004524886877828055
4,0.0,0.0,-0.1552511415525114,-0.2557077625570776,-0.3744292237442922,-0.547945205479452,-0.5296803652968036,-0.771689497716895,-0.634703196347032,-0.9726027397260274,-0.4063926940639269,-0.5296803652968036,-0.7945205479452054,-0.3698630136986301,-0.680365296803653,-0.2922374429223744,-0.5662100456621004,-0.319634703196347,-0.3561643835616438,-0.3881278538812785,-0.7671232876712328,-0.2146118721461187,-0.6484018264840182,-0.1598173515981735,-0.54337899543379,-0.2009132420091324,-0.3287671232876712,-0.2146118721461187,-0.7214611872146118,-0.091324200913242,-0.6027397260273972,-0.045662100456621,-0.4840182648401826,-0.0776255707762557,-0.3150684931506849,-0.0273972602739726,-0.639269406392694,0.0136986301369863,-0.8310502283105022,0.0365296803652968,-1.0,0.0502283105022831
4,0.0,0.0,-0.16666666666666666,-0.2619047619047619,-0.3952380952380952,-0.5619047619047619,-0.5523809523809524,-0.7952380952380952,-0.6619047619047619,-1.0,-0.43333333333333335,-0.5476190476190477,-0.8047619047619048,-0.38095238095238093,-0.7142857142857143,-0.30952380952380953,-0.6047619047619047,-0.3380952380952381,-0.38095238095238093,-0.4,-0.7761904761904762,-0.22380952380952382,-0.6904761904761905,-0.18095238095238095,-0.5857142857142857,-0.20952380952380953,-0.3476190476190476,-0.22380952380952382,-0.7333333333333333,-0.1,-0.6571428571428571,-0.047619047619047616,-0.5666666666666667,-0.06666666666666667,-0.32857142857142857,-0.0380952380952381,-0.6666666666666666,0.03333333333333333,-0.7428571428571429,0.06666666666666667,-0.7857142857142857,0.06666666666666667
4,0.0,0.0,-0.1504424778761062,-0.25663716814159293,-0.3893805309734513,-0.5309734513274337,-0.5530973451327433,-0.7345132743362832,-0.6637168141592921,-0.9203539823008849,-0.4469026548672566,-0.4690265486725664,-0.8053097345132744,-0.28761061946902655,-0.6902654867256637,-0.2345132743362832,-0.5707964601769911,-0.2743362831858407,-0.39823008849557523,-0.3185840707964602,-0.7699115044247787,-0.13274336283185842,-0.6460176991150443,-0.10619469026548672,-0.5398230088495575,-0.15486725663716813,-0.36283185840707965,-0.1415929203539823,-0.7212389380530974,-0.01327433628318584,-0.6106194690265486,0.004424778761061947,-0.49557522123893805,-0.035398230088495575,-0.336283185840708,0.03982300884955752,-0.6504424778761062,0.09734513274336283,-0.8407079646017699,0.13716814159292035,-1.0,0.16371681415929204
4,0.0,0.0,-0.14347826086956522,-0.23478260869565218,-0.3565217391304348,-0.508695652173913,-0.508695652173913,-0.7086956521739131,-0.6043478260869565,-0.8826086956521739,-0.41304347826086957,-0.4826086956521739,-0.7652173913043478,-0.3130434782608696,-0.6608695652173913,-0.25217391304347825,-0.5521739130434783,-0.2956521739130435,-0.3695652173913043,-0.3391304347826087,-0.7434782608695653,-0.16956521739130434,-0.6434782608695652,-0.12608695652173912,-0.5478260869565217,-0.16521739130434782,-0.3391304347826087,-0.16521739130434782,-0.7130434782608696,-0.04782608695652174,-0.6260869565217392,-0.008695652173913044,-0.5217391304347826,-0.030434782608695653,-0.33043478260869563,0.013043478260869565,-0.6608695652173913,0.06521739130434782,-0.8434782608695652,0.09565217391304348,-1.0,0.11304347826086956
4,0.0,0.0,-0.15584415584415584,-0.22510822510822512,-0.41125541125541126,-0.47619047619047616,-0.5714285714285714,-0.6753246753246753,-0.6753246753246753,-0.8484848484848485,-0.4805194805194805,-0.45454545454545453,-0.8225108225108225,-0.24242424242424243,-0.696969696969697,-0.19480519480519481,-0.5844155844155844,-0.24242424242424243,-0.42424242424242425,-0.3116883116883117,-0.7835497835497836,-0.09956709956709957,-0.6536796536796536,-0.0735930735930736,-0.5584415584415584,-0.12121212121212122,-0.3852813852813853,-0.1341991341991342,-0.7272727272727273,0.017316017316017316,-0.6190476190476191,0.03896103896103896,-0.5151515151515151,0.004329004329004329,-0.35064935064935066,0.05194805194805195,-0.658008658008658,0.11255411255411256,-0.8354978354978355,0.15151515151515152,-1.0,0.18181818181818182
4,0.0,0.0,-0.15384615384615385,-0.2222222222222222,-0.38461538461538464,-0.47863247863247865,-0.5384615384615384,-0.6709401709401709,-0.6367521367521367,-0.8376068376068376,-0.452991452991453,-0.44871794871794873,-0.7863247863247863,-0.2564102564102564,-0.6965811965811965,-0.19230769230769232,-0.5897435897435898,-0.2264957264957265,-0.4017094017094017,-0.32051282051282054,-0.7521367521367521,-0.11965811965811966,-0.6538461538461539,-0.07692307692307693,-0.5641025641025641,-0.11538461538461539,-0.358974358974359,-0.15384615384615385,-0.7008547008547008,-0.008547008547008548,-0.6153846153846154,0.029914529914529916,-0.5128205128205128,0.004273504273504274,-0.3333333333333333,0.02564102564102564,-0.6495726495726496,0.08974358974358974,-0.8376068376068376,0.1282051282051282,-1.0,0.1452991452991453
4,0.0,0.0,-0.14754098360655737,-0.20491803278688525,-0.38114754098360654,-0.45081967213114754,-0.5491803278688525,-0.6270491803278688,-0.6721311475409836,-0.7786885245901639,-0.45491803278688525,-0.4180327868852459,-0.7786885245901639,-0.20901639344262296,-0.6762295081967213,-0.15163934426229508,-0.5655737704918032,-0.18442622950819673,-0.4016393442622951,-0.28688524590163933,-0.7254098360655737,-0.0778688524590164,-0.6147540983606558,-0.04918032786885246,-0.5286885245901639,-0.0860655737704918,-0.36065573770491804,-0.12295081967213115,-0.6762295081967213,0.03278688524590164,-0.5819672131147541,0.06147540983606557,-0.48770491803278687,0.036885245901639344,-0.32786885245901637,0.04918032786885246,-0.6434426229508197,0.11065573770491803,-0.8360655737704918,0.1557377049180328,-1.0,0.1885245901639344
4,0.0,0.0,-0.15319148936170213,-0.22127659574468084,-0.37446808510638296,-0.4765957446808511,-0.5361702127659574,-0.6638297872340425,-0.6510638297872341,-0.8212765957446808,-0.4595744680851064,-0.4425531914893617,-0.7829787234042553,-0.23404255319148937,-0.6893617021276596,-0.1574468085106383,-0.5829787234042553,-0.18723404255319148,-0.40425531914893614,-0.3148936170212766,-0.7404255319148936,-0.10638297872340426,-0.6510638297872341,-0.059574468085106386,-0.5617021276595745,-0.0851063829787234,-0.3617021276595745,-0.15319148936170213,-0.6936170212765957,0.00851063829787234,-0.6127659574468085,0.05106382978723404,-0.5148936170212766,0.03404255319148936,-0.33617021276595743,0.02553191489361702,-0.6595744680851063,0.09361702127659574,-0.8468085106382979,0.13191489361702127,-1.0,0.14893617021276595
4,0.0,0.0,-0.15289256198347106,-0.2190082644628099,-0.3925619834710744,-0.4628099173553719,-0.5578512396694215,-0.6363636363636364,-0.6652892561983471,-0.7975206611570248,-0.4628099173553719,-0.4090909090909091,-0.768595041322314,-0.21074380165289255,-0.6735537190082644,-0.17355371900826447,-0.5743801652892562,-0.2231404958677686,-0.4132231404958678,-0.26859504132231404,-0.7355371900826446,-0.0743801652892562,-0.6239669421487604,-0.05371900826446281,-0.5371900826446281,-0.08677685950413223,-0.3760330578512397,-0.10743801652892562,-0.6900826446280992,0.04132231404958678,-0.5950413223140496,0.06198347107438017,-0.49586776859504134,0.0371900826446281,-0.34710743801652894,0.06198347107438017,-0.6611570247933884,0.128099173553719,-0.8471074380165289,0.16942148760330578,-1.0,0.19421487603305784
4,0.0,0.0,-0.15319148936170213,-0.22127659574468084,-0.3829787234042553,-0.46382978723404256,-0.5531914893617021,-0.6468085106382979,-0.6723404255319149,-0.7957446808510639,-0.4553191489361702,-0.4340425531914894,-0.7914893617021277,-0.23404255319148937,-0.6893617021276596,-0.17872340425531916,-0.5787234042553191,-0.2170212765957447,-0.4127659574468085,-0.31063829787234043,-0.7489361702127659,-0.11063829787234042,-0.6510638297872341,-0.07659574468085106,-0.5702127659574469,-0.1148936170212766,-0.37446808510638296,-0.14893617021276595,-0.7021276595744681,0.01276595744680851,-0.6127659574468085,0.04680851063829787,-0.5148936170212766,0.01276595744680851,-0.35319148936170214,0.029787234042553193,-0.6595744680851063,0.1148936170212766,-0.8468085106382979,0.16170212765957448,-1.0,0.19148936170212766
4,0.0,0.0,-0.1729957805907173,-0.21518987341772153,-0.4092827004219409,-0.42616033755274263,-0.569620253164557,-0.6033755274261603,-0.70042194092827,-0.7510548523206751,-0.4345991561181435,-0.4177215189873418,-0.7679324894514767,-0.2109704641350211,-0.6666666666666666,-0.16455696202531644,-0.5654008438818565,-0.189873417721519,-0.3755274261603376,-0.29957805907172996,-0.7257383966244726,-0.0759493670886076,-0.6160337552742616,-0.046413502109704644,-0.5358649789029536,-0.09282700421940929,-0.3333333333333333,-0.1350210970464135,-0.6751054852320675,0.0379746835443038,-0.5864978902953587,0.07172995780590717,-0.48945147679324896,0.04219409282700422,-0.31223628691983124,0.03375527426160337,-0.6413502109704642,0.12236286919831224,-0.8354430379746836,0.189873417721519,-1.0,0.24050632911392406
4,0.0,0.0,-0.16444444444444445,-0.2311111111111111,-0.4088888888888889,-0.4577777777777778,-0.5955555555555555,-0.6311111111111111,-0.7288888888888889,-0.7866666666666666,-0.4711111111111111,-0.4222222222222222,-0.7777777777777778,-0.2,-0.68,-0.16444444444444445,-0.5733333333333334,-0.2,-0.4222222222222222,-0.28444444444444444,-0.7377777777777778,-0.07555555555555556,-0.64,-0.06222222222222222,-0.56,-0.10666666666666667,-0.37777777777777777,-0.12,-0.6933333333333334,0.03111111111111111,-0.6088888888888889,0.04888888888888889,-0.52,0.013333333333333334,-0.3422222222222222,0.05333333333333334,-0.6622222222222223,0.1288888888888889,-0.8444444444444444,0.18222222222222223,-1.0,0.22666666666666666
4,0.0,0.0,-0.15789473684210525,-0.2149122807017544,-0.4166666666666667,-0.4517543859649123,-0.5964912280701754,-0.618421052631579,-0.7324561403508771,-0.7719298245614035,-0.4780701754385965,-0.42105263157894735,-0.7982456140350878,-0.19298245614035087,-0.6885964912280702,-0.14473684210526316,-0.5701754385964912,-0.18421052631578946,-0.42543859649122806,-0.2807017543859649,-0.75,-0.06140350877192982,-0.6403508771929824,-0.03508771929824561,-0.5570175438596491,-0.07456140350877193,-0.3815789473684211,-0.10964912280701754,-0.706140350877193,0.05263157894736842,-0.618421052631579,0.08771929824561403,-0.5219298245614035,0.07017543859649122,-0.34649122807017546,0.06578947368421052,-0.6622807017543859,0.14035087719298245,-0.8464912280701754,0.20175438596491227,-1.0,0.2543859649122807
4,0.0,0.0,-0.17316017316017315,-0.22077922077922077,-0.42857142857142855,-0.43722943722943725,-0.5930735930735931,-0.6190476190476191,-0.7142857142857143,-0.7748917748917749,-0.48484848484848486,-0.4329004329004329,-0.7965367965367965,-0.19913419913419914,-0.6883116883116883,-0.16017316017316016,-0.5974025974025974,-0.2077922077922078,-0.4155844155844156,-0.329004329004329,-0.7575757575757576,-0.07792207792207792,-0.6320346320346321,-0.06060606060606061,-0.5627705627705628,-0.12121212121212122,-0.36363636363636365,-0.16883116883116883,-0.696969696969697,0.021645021645021644,-0.6017316017316018,0.04329004329004329,-0.5064935064935064,0.008658008658008658,-0.3203463203463203,0.008658008658008658,-0.6363636363636364,0.1038961038961039,-0.8311688311688312,0.15584415584415584,-1.0,0.19480519480519481
4,0.0,0.0,-0.14102564102564102,-0.2264957264957265,-0.34615384615384615,-0.47435897435897434,-0.49572649572649574,-0.6666666666666666,-0.6025641025641025,-0.8290598290598291,-0.4358974358974359,-0.4444444444444444,-0.7564102564102564,-0.25213675213675213,-0.6623931623931624,-0.19230769230769232,-0.5555555555555556,-0.2222222222222222,-0.4017094017094017,-0.32905982905982906,-0.7350427350427351,-0.1282051282051282,-0.6452991452991453,-0.08974358974358974,-0.5641025641025641,-0.1282051282051282,-0.37606837606837606,-0.1752136752136752,-0.7051282051282052,-0.02564102564102564,-0.6282051282051282,0.021367521367521368,-0.5384615384615384,-0.004273504273504274,-0.3547008547008547,-0.01282051282051282,-0.6623931623931624,0.06837606837606838,-0.8461538461538461,0.12393162393162394,-1.0,0.1581196581196581
4,0.0,0.0,-0.13865546218487396,-0.21008403361344538,-0.3697478991596639,-0.4579831932773109,-0.5168067226890757,-0.6470588235294118,-0.6176470588235294,-0.8067226890756303,-0.4495798319327731,-0.42436974789915966,-0.773109243697479,-0.22268907563025211,-0.6596638655462185,-0.1722689075630252,-0.5546218487394958,-0.20588235294117646,-0.3949579831932773,-0.31092436974789917,-0.7310924369747899,-0.10084033613445378,-0.6092436974789915,-0.06722689075630252,-0.5294117647058824,-0.1134453781512605,-0.36134453781512604,-0.15126050420168066,-0.6932773109243697,0.0,-0.592436974789916,0.029411764705882353,-0.49159663865546216,0.004201680672268907,-0.3319327731092437,0.01680672268907563,-0.6428571428571429,0.07983193277310924,-0.8319327731092437,0.13025210084033614,-1.0,0.1638655462184874
4,0.0,0.0,-0.13733905579399142,-0.22746781115879827,-0.351931330472103,-0.49356223175965663,-0.4978540772532189,-0.6952789699570815,-0.5793991416309013,-0.8755364806866953,-0.4291845493562232,-0.4592274678111588,-0.7553648068669528,-0.2703862660944206,-0.6523605150214592,-0.20600858369098712,-0.5407725321888412,-0.24034334763948498,-0.38197424892703863,-0.33047210300429186,-0.7253218884120172,-0.14163090128755365,-0.6223175965665236,-0.09871244635193133,-0.5364806866952789,-0.13304721030042918,-0.34763948497854075,-0.16738197424892703,-0.6909871244635193,-0.034334763948497854,-0.6051502145922747,0.008583690987124463,-0.5021459227467812,-0.008583690987124463,-0.3261802575107296,0.004291845493562232,-0.648068669527897,0.05150214592274678,-0.8412017167381974,0.0815450643776824,-1.0,0.09871244635193133
4,0.0,0.0,-0.14473684210526316,-0.2236842105263158,-0.3684210526315789,-0.49122807017543857,-0.5131578947368421,-0.706140350877193,-0.5921052631578947,-0.8947368421052632,-0.42543859649122806,-0.43859649122807015,-0.7675438596491229,-0.2675438596491228,-0.6754385964912281,-0.20175438596491227,-0.5701754385964912,-0.2236842105263158,-0.37719298245614036,-0.30701754385964913,-0.7412280701754386,-0.11842105263157894,-0.6403508771929824,-0.07456140350877193,-0.5482456140350878,-0.10964912280701754,-0.3508771929824561,-0.13596491228070176,-0.706140350877193,0.0,-0.618421052631579,0.03508771929824561,-0.5131578947368421,0.013157894736842105,-0.34210526315789475,0.039473684210526314,-0.6578947368421053,0.09210526315789473,-0.8421052631578947,0.12719298245614036,-1.0,0.14912280701754385
4,0.0,0.0,-0.13304721030042918,-0.22746781115879827,-0.33905579399141633,-0.5021459227467812,-0.4721030042918455,-0.7124463519313304,-0.5579399141630901,-0.8884120171673819,-0.40772532188841204,-0.4978540772532189,-0.7467811158798283,-0.3261802575107296,-0.6394849785407726,-0.2575107296137339,-0.5278969957081545,-0.2918454935622318,-0.36909871244635195,-0.36909871244635195,-0.7296137339055794,-0.19313304721030042,-0.630901287553648,-0.14163090128755365,-0.5407725321888412,-0.17167381974248927,-0.34763948497854075,-0.2017167381974249,-0.7124463519313304,-0.08583690987124463,-0.6223175965665236,-0.030042918454935622,-0.51931330472103,-0.05150214592274678,-0.33905579399141633,-0.034334763948497854,-0.6566523605150214,0.012875536480686695,-0.8454935622317596,0.04291845493562232,-1.0,0.04721030042918455
4,0.0,0.0,-0.13596491228070176,-0.2324561403508772,-0.34649122807017546,-0.5219298245614035,-0.4780701754385965,-0.7456140350877193,-0.5482456140350878,-0.9342105263157895,-0.4166666666666667,-0.4956140350877193,-0.7456140350877193,-0.34210526315789475,-0.6403508771929824,-0.27631578947368424,-0.5394736842105263,-0.30701754385964913,-0.37280701754385964,-0.36403508771929827,-0.7368421052631579,-0.20175438596491227,-0.631578947368421,-0.14912280701754385,-0.543859649122807,-0.17543859649122806,-0.3508771929824561,-0.19736842105263158,-0.7149122807017544,-0.09210526315789473,-0.6228070175438597,-0.03508771929824561,-0.5219298245614035,-0.039473684210526314,-0.33771929824561403,-0.02631578947368421,-0.6578947368421053,-0.008771929824561403,-0.8464912280701754,0.013157894736842105,-1.0,0.017543859649122806
4,0.0,0.0,-0.13157894736842105,-0.2324561403508772,-0.34210526315789475,-0.5175438596491229,-0.4649122807017544,-0.7412280701754386,-0.5263157894736842,-0.9298245614035088,-0.40789473684210525,-0.5,-0.7456140350877193,-0.35526315789473684,-0.6447368421052632,-0.2850877192982456,-0.5394736842105263,-0.3201754385964912,-0.37280701754385964,-0.3684210526315789,-0.7368421052631579,-0.21052631578947367,-0.6359649122807017,-0.16228070175438597,-0.5394736842105263,-0.19736842105263158,-0.35526315789473684,-0.20175438596491227,-0.7105263157894737,-0.09210526315789473,-0.618421052631579,-0.043859649122807015,-0.5087719298245614,-0.06140350877192982,-0.34210526315789475,-0.03070175438596491,-0.6491228070175439,0.0043859649122807015,-0.8377192982456141,0.03508771929824561,-1.0,0.039473684210526314
4,0.0,0.0,-0.12389380530973451,-0.24336283185840707,-0.30973451327433627,-0.5530973451327433,-0.42920353982300885,-0.7787610619469026,-0.504424778761062,-0.9646017699115044,-0.3805309734513274,-0.5486725663716814,-0.7345132743362832,-0.38495575221238937,-0.6238938053097345,-0.3053097345132743,-0.504424778761062,-0.3407079646017699,-0.3407079646017699,-0.42920353982300885,-0.7212389380530974,-0.25663716814159293,-0.6061946902654868,-0.19911504424778761,-0.5088495575221239,-0.22566371681415928,-0.3185840707964602,-0.26548672566371684,-0.7035398230088495,-0.1592920353982301,-0.5973451327433629,-0.10176991150442478,-0.48672566371681414,-0.11061946902654868,-0.3141592920353982,-0.09734513274336283,-0.6460176991150443,-0.0752212389380531,-0.8362831858407079,-0.05309734513274336,-1.0,-0.048672566371681415
4,0.0,0.0,-0.14285714285714285,-0.2488479262672811,-0.33640552995391704,-0.543778801843318,-0.45161290322580644,-0.7880184331797235,-0.5023041474654378,-1.0,-0.37327188940092165,-0.5622119815668203,-0.7511520737327189,-0.42857142857142855,-0.6682027649769585,-0.3456221198156682,-0.5668202764976958,-0.3640552995391705,-0.33640552995391704,-0.4377880184331797,-0.7373271889400922,-0.28110599078341014,-0.6589861751152074,-0.2304147465437788,-0.5622119815668203,-0.2534562211981567,-0.31336405529953915,-0.28110599078341014,-0.695852534562212,-0.17050691244239632,-0.6359447004608295,-0.11059907834101383,-0.5529953917050692,-0.11981566820276497,-0.2995391705069124,-0.1152073732718894,-0.6359447004608295,-0.06912442396313365,-0.8110599078341014,-0.05069124423963134,-0.9493087557603687,-0.055299539170506916
4,0.0,0.0,-0.12612612612612611,-0.24324324324324326,-0.31981981981981983,-0.5585585585585585,-0.44144144144144143,-0.7972972972972973,-0.5,-1.0,-0.36036036036036034,-0.581081081081081,-0.7477477477477478,-0.43243243243243246,-0.6531531531531531,-0.34684684684684686,-0.5405405405405406,-0.3783783783783784,-0.3063063063063063,-0.45495495495495497,-0.7432432432432432,-0.2882882882882883,-0.6351351351351351,-0.22072072072072071,-0.536036036036036,-0.25225225225225223,-0.2927927927927928,-0.28378378378378377,-0.7027027027027027,-0.18018018018018017,-0.6081081081081081,-0.12612612612612611,-0.49099099099099097,-0.13963963963963963,-0.2927927927927928,-0.10810810810810811,-0.6261261261261262,-0.10810810810810811,-0.8243243243243243,-0.0990990990990991,-0.990990990990991,-0.0990990990990991
4,0.0,0.0,-0.12280701754385964,-0.24561403508771928,-0.31140350877192985,-0.5614035087719298,-0.4166666666666667,-0.7982456140350878,-0.4649122807017544,-1.0,-0.3508771929824561,-0.5833333333333334,-0.7236842105263158,-0.44298245614035087,-0.6271929824561403,-0.35526315789473684,-0.5263157894736842,-0.3815789473684211,-0.2982456140350877,-0.4517543859649123,-0.7192982456140351,-0.29385964912280704,-0.6140350877192983,-0.22807017543859648,-0.5175438596491229,-0.25,-0.2807017543859649,-0.2850877192982456,-0.6798245614035088,-0.18421052631578946,-0.5877192982456141,-0.12719298245614036,-0.4780701754385965,-0.13157894736842105,-0.2719298245614035,-0.11403508771929824,-0.5964912280701754,-0.10964912280701754,-0.7982456140350878,-0.10526315789473684,-0.9692982456140351,-0.11403508771929824
4,0.0,0.0,-0.13656387665198239,-0.2511013215859031,-0.31718061674008813,-0.5506607929515418,-0.42290748898678415,-0.7929515418502202,-0.4801762114537445,-1.0,-0.3568281938325991,-0.5726872246696035,-0.7180616740088106,-0.45374449339207046,-0.6387665198237885,-0.3788546255506608,-0.5330396475770925,-0.3876651982378855,-0.30837004405286345,-0.44933920704845814,-0.7136563876651982,-0.30837004405286345,-0.6211453744493393,-0.2511013215859031,-0.5242290748898678,-0.27312775330396477,-0.28634361233480177,-0.2907488986784141,-0.6784140969162996,-0.19383259911894274,-0.6079295154185022,-0.13656387665198239,-0.5154185022026432,-0.14096916299559473,-0.2775330396475771,-0.12334801762114538,-0.6079295154185022,-0.0881057268722467,-0.7797356828193832,-0.07488986784140969,-0.9295154185022027,-0.07488986784140969
4,0.0,0.0,-0.11312217194570136,-0.2669683257918552,-0.3031674208144796,-0.5746606334841629,-0.4117647058823529,-0.8144796380090498,-0.47058823529411764,-1.0,-0.35294117647058826,-0.6063348416289592,-0.746606334841629,-0.47058823529411764,-0.6380090497737556,-0.38461538461538464,-0.5248868778280543,-0.4117647058823529,-0.3031674208144796,-0.4841628959276018,-0.746606334841629,-0.334841628959276,-0.6199095022624435,-0.27601809954751133,-0.5248868778280543,-0.31221719457013575,-0.29411764705882354,-0.31221719457013575,-0.7149321266968326,-0.23529411764705882,-0.6063348416289592,-0.18099547511312217,-0.49321266968325794,-0.18552036199095023,-0.3031674208144796,-0.12669683257918551,-0.6425339366515838,-0.15384615384615385,-0.832579185520362,-0.1583710407239819,-0.995475113122172,-0.15384615384615385
4,0.0,0.0,-0.11304347826086956,-0.24782608695652175,-0.28695652173913044,-0.5565217391304348,-0.3869565217391304,-0.7913043478260869,-0.4391304347826087,-1.0,-0.33043478260869563,-0.5695652173913044,-0.6956521739130435,-0.4434782608695652,-0.6086956521739131,-0.3565217391304348,-0.5043478260869565,-0.3739130434782609,-0.2826086956521739,-0.4434782608695652,-0.6956521739130435,-0.28695652173913044,-0.5869565217391305,-0.23043478260869565,-0.48695652173913045,-0.2608695652173913,-0.26956521739130435,-0.2782608695652174,-0.6565217391304348,-0.17391304347826086,-0.5521739130434783,-0.13043478260869565,-0.43478260869565216,-0.14782608695652175,-0.26956521739130435,-0.10869565217391304,-0.5869565217391305,-0.1,-0.7782608695652173,-0.09130434782608696,-0.9434782608695652,-0.09130434782608696
4,0.0,0.0,-0.10775862068965517,-0.2543103448275862,-0.27155172413793105,-0.5603448275862069,-0.3577586206896552,-0.8017241379310345,-0.3922413793103448,-1.0,-0.3017241379310345,-0.6206896551724138,-0.6767241379310345,-0.47413793103448276,-0.5862068965517241,-0.38362068965517243,-0.4870689655172414,-0.4051724137931034,-0.24568965517241378,-0.5172413793103449,-0.6853448275862069,-0.3620689655172414,-0.5689655172413793,-0.28879310344827586,-0.47844827586206895,-0.3103448275862069,-0.23275862068965517,-0.3577586206896552,-0.6508620689655172,-0.27586206896551724,-0.5431034482758621,-0.21982758620689655,-0.43103448275862066,-0.21551724137931033,-0.2413793103448276,-0.1810344827586207,-0.5517241379310345,-0.20689655172413793,-0.7413793103448276,-0.22413793103448276,-0.9051724137931034,-0.24568965517241378
4,0.0,0.0,-0.10970464135021098,-0.2616033755274262,-0.25738396624472576,-0.5654008438818565,-0.3459915611814346,-0.8016877637130801,-0.3670886075949367,-1.0,-0.2911392405063291,-0.6160337552742616,-0.6455696202531646,-0.510548523206751,-0.5654008438818565,-0.4219409282700422,-0.47257383966244726,-0.4219409282700422,-0.2320675105485232,-0.5189873417721519,-0.6413502109704642,-0.3881856540084388,-0.5443037974683544,-0.3206751054852321,-0.45569620253164556,-0.3291139240506329,-0.21940928270042195,-0.3755274261603376,-0.5991561181434599,-0.29957805907172996,-0.5147679324894515,-0.23628691983122363,-0.4177215189873418,-0.21518987341772153,-0.22362869198312235,-0.2109704641350211,-0.5147679324894515,-0.24050632911392406,-0.6962025316455697,-0.2616033755274262,-0.8607594936708861,-0.27848101265822783
4,0.0,0.0,-0.10891089108910891,-0.29207920792079206,-0.29207920792079206,-0.5792079207920792,-0.44554455445544555,-0.7970297029702971,-0.5544554455445545,-0.9108910891089109,-0.3217821782178218,-0.7623762376237624,-0.7524752475247525,-0.6485148514851485,-0.6584158415841584,-0.5346534653465347,-0.5495049504950495,-0.5346534653465347,-0.25742574257425743,-0.6683168316831684,-0.7623762376237624,-0.504950495049505,-0.6336633663366337,-0.4158415841584158,-0.5297029702970297,-0.4306930693069307,-0.24257425742574257,-0.504950495049505,-0.7079207920792079,-0.40594059405940597,-0.599009900990099,-0.3316831683168317,-0.4752475247524752,-0.31683168316831684,-0.2524752475247525,-0.3069306930693069,-0.5891089108910891,-0.3415841584158416,-0.806930693069307,-0.3712871287128713,-1.0,-0.3910891089108911
4,0.0,0.0,-0.0891089108910891,-0.2722772277227723,-0.27722772277227725,-0.5841584158415841,-0.40594059405940597,-0.8316831683168316,-0.47029702970297027,-1.0,-0.2871287128712871,-0.7079207920792079,-0.7178217821782178,-0.6089108910891089,-0.6287128712871287,-0.49504950495049505,-0.504950495049505,-0.49504950495049505,-0.21782178217821782,-0.594059405940594,-0.7425742574257426,-0.47029702970297027,-0.6138613861386139,-0.3712871287128713,-0.5,-0.3910891089108911,-0.21287128712871287,-0.4207920792079208,-0.698019801980198,-0.3564356435643564,-0.5792079207920792,-0.28217821782178215,-0.4504950495049505,-0.26732673267326734,-0.23267326732673269,-0.22277227722772278,-0.5742574257425742,-0.27722772277227725,-0.7920792079207921,-0.3118811881188119,-0.9851485148514851,-0.3415841584158416
4,0.0,0.0,-0.10267857142857142,-0.25,-0.2544642857142857,-0.5669642857142857,-0.34375,-0.8080357142857143,-0.375,-1.0,-0.29464285714285715,-0.6026785714285714,-0.6696428571428571,-0.5133928571428571,-0.5892857142857143,-0.4107142857142857,-0.48660714285714285,-0.41964285714285715,-0.24553571428571427,-0.4955357142857143,-0.6830357142857143,-0.375,-0.5758928571428571,-0.30357142857142855,-0.48214285714285715,-0.33035714285714285,-0.23214285714285715,-0.3392857142857143,-0.6383928571428571,-0.2767857142857143,-0.5625,-0.21875,-0.4642857142857143,-0.21875,-0.23214285714285715,-0.16964285714285715,-0.5267857142857143,-0.21875,-0.6741071428571429,-0.27232142857142855,-0.7946428571428571,-0.32142857142857145
4,0.0,0.0,-0.08035714285714286,-0.25892857142857145,-0.24107142857142858,-0.5669642857142857,-0.3482142857142857,-0.8125,-0.3794642857142857,-1.0,-0.25,-0.6607142857142857,-0.6383928571428571,-0.5491071428571429,-0.5714285714285714,-0.45535714285714285,-0.47767857142857145,-0.4642857142857143,-0.1875,-0.5535714285714286,-0.6428571428571429,-0.4330357142857143,-0.5625,-0.35267857142857145,-0.47767857142857145,-0.35267857142857145,-0.17410714285714285,-0.39732142857142855,-0.6026785714285714,-0.33035714285714285,-0.53125,-0.26339285714285715,-0.4330357142857143,-0.24553571428571427,-0.1875,-0.21875,-0.4955357142857143,-0.25892857142857145,-0.6919642857142857,-0.29017857142857145,-0.8571428571428571,-0.3125
4,0.0,0.0,-0.1076923076923077,-0.3076923076923077,-0.28205128205128205,-0.6,-0.4205128205128205,-0.8307692307692308,-0.517948717948718,-0.9641025641025641,-0.3384615384615385,-0.764102564102564,-0.7589743589743589,-0.6666666666666666,-0.6923076923076923,-0.5384615384615384,-0.5897435897435898,-0.5333333333333333,-0.27692307692307694,-0.6666666666666666,-0.7846153846153846,-0.517948717948718,-0.676923076923077,-0.4153846153846154,-0.5743589743589743,-0.4307692307692308,-0.2564102564102564,-0.49743589743589745,-0.7384615384615385,-0.40512820512820513,-0.6461538461538462,-0.3230769230769231,-0.5282051282051282,-0.3230769230769231,-0.2512820512820513,-0.29743589743589743,-0.6205128205128205,-0.3076923076923077,-0.8256410256410256,-0.3230769230769231,-1.0,-0.3487179487179487
4,0.0,0.0,-0.09359605911330049,-0.2561576354679803,-0.2857142857142857,-0.5024630541871922,-0.4630541871921182,-0.6699507389162561,-0.6108374384236454,-0.6995073891625616,-0.3251231527093596,-0.6748768472906403,-0.7044334975369458,-0.5812807881773399,-0.6354679802955665,-0.49261083743842365,-0.5320197044334976,-0.5073891625615764,-0.2512315270935961,-0.5812807881773399,-0.7586206896551724,-0.4433497536945813,-0.6403940886699507,-0.35467980295566504,-0.5270935960591133,-0.3842364532019704,-0.23645320197044334,-0.4187192118226601,-0.7093596059113301,-0.3251231527093596,-0.6009852216748769,-0.27586206896551724,-0.47783251231527096,-0.28078817733990147,-0.23645320197044334,-0.22660098522167488,-0.6009852216748769,-0.24630541871921183,-0.8177339901477833,-0.2660098522167488,-1.0,-0.29064039408866993
4,0.0,0.0,-0.14210526315789473,-0.24210526315789474,-0.3263157894736842,-0.5631578947368421,-0.45789473684210524,-0.8,-0.5263157894736842,-1.0,-0.3684210526315789,-0.7,-0.8105263157894737,-0.5263157894736842,-0.7157894736842105,-0.4263157894736842,-0.5842105263157895,-0.47368421052631576,-0.3157894736842105,-0.5684210526315789,-0.8052631578947368,-0.38421052631578945,-0.7052631578947368,-0.3157894736842105,-0.5894736842105263,-0.3526315789473684,-0.2894736842105263,-0.39473684210526316,-0.7631578947368421,-0.2736842105263158,-0.7105263157894737,-0.21052631578947367,-0.6210526315789474,-0.23157894736842105,-0.28421052631578947,-0.2,-0.6631578947368421,-0.15263157894736842,-0.7,-0.12631578947368421,-0.6842105263157895,-0.14736842105263157
4,0.0,0.0,-0.12162162162162163,-0.23423423423423423,-0.32432432432432434,-0.509009009009009,-0.44144144144144143,-0.7252252252252253,-0.49099099099099097,-0.9099099099099099,-0.36936936936936937,-0.5675675675675675,-0.7567567567567568,-0.40540540540540543,-0.6441441441441441,-0.32432432432432434,-0.5225225225225225,-0.35135135135135137,-0.3063063063063063,-0.43243243243243246,-0.7567567567567568,-0.25675675675675674,-0.6081081081081081,-0.1891891891891892,-0.5045045045045045,-0.23423423423423423,-0.2882882882882883,-0.24774774774774774,-0.7162162162162162,-0.14414414414414414,-0.5945945945945946,-0.0990990990990991,-0.4774774774774775,-0.10810810810810811,-0.27927927927927926,-0.04954954954954955,-0.6306306306306306,-0.05855855855855856,-0.8243243243243243,-0.05855855855855856,-1.0,-0.05855855855855856
4,0.0,0.0,-0.1141552511415525,-0.2420091324200913,-0.3059360730593607,-0.5525114155251142,-0.4200913242009132,-0.7945205479452054,-0.4885844748858447,-0.9908675799086758,-0.3607305936073059,-0.589041095890411,-0.7442922374429224,-0.4200913242009132,-0.6301369863013698,-0.3378995433789954,-0.5114155251141552,-0.365296803652968,-0.2968036529680365,-0.4703196347031963,-0.730593607305936,-0.2831050228310502,-0.5981735159817352,-0.2191780821917808,-0.502283105022831,-0.2557077625570776,-0.2785388127853881,-0.2968036529680365,-0.684931506849315,-0.1735159817351598,-0.5662100456621004,-0.1324200913242009,-0.4520547945205479,-0.1461187214611872,-0.2785388127853881,-0.1141552511415525,-0.6118721461187214,-0.1004566210045662,-0.8127853881278538,-0.091324200913242,-1.0,-0.091324200913242
4,0.0,0.0,-0.12663755458515283,-0.25327510917030566,-0.3406113537117904,-0.5458515283842795,-0.48034934497816595,-0.7685589519650655,-0.5589519650655022,-0.9737991266375546,-0.388646288209607,-0.5327510917030568,-0.7641921397379913,-0.37117903930131,-0.6419213973799127,-0.3056768558951965,-0.5240174672489083,-0.33624454148471616,-0.3406113537117904,-0.3930131004366812,-0.7510917030567685,-0.22270742358078602,-0.6200873362445415,-0.17903930131004367,-0.519650655021834,-0.21397379912663755,-0.3231441048034934,-0.21397379912663755,-0.7161572052401747,-0.1091703056768559,-0.6069868995633187,-0.06550218340611354,-0.4890829694323144,-0.08296943231441048,-0.314410480349345,-0.03056768558951965,-0.6550218340611353,-0.008733624454148471,-0.8384279475982532,0.004366812227074236,-1.0,0.013100436681222707
4,0.0,0.0,-0.13777777777777778,-0.2577777777777778,-0.3333333333333333,-0.56,-0.4711111111111111,-0.7866666666666666,-0.5555555555555556,-0.9777777777777777,-0.38666666666666666,-0.5555555555555556,-0.7555555555555555,-0.39555555555555555,-0.6488888888888888,-0.31555555555555553,-0.5377777777777778,-0.3422222222222222,-0.3377777777777778,-0.4311111111111111,-0.7377777777777778,-0.25333333333333335,-0.6311111111111111,-0.2088888888888889,-0.5422222222222223,-0.23555555555555555,-0.32,-0.26666666666666666,-0.7155555555555555,-0.15555555555555556,-0.6177777777777778,-0.1111111111111111,-0.5155555555555555,-0.12444444444444444,-0.31555555555555553,-0.08888888888888889,-0.6444444444444445,-0.06222222222222222,-0.8355555555555556,-0.04,-1.0,-0.02666666666666667
4,0.0,0.0,-0.17289719626168223,-0.2570093457943925,-0.3878504672897196,-0.5514018691588785,-0.5327102803738317,-0.7897196261682243,-0.6121495327102804,-1.0,-0.4532710280373832,-0.5747663551401869,-0.8411214953271028,-0.4205607476635514,-0.7429906542056075,-0.3317757009345794,-0.6261682242990654,-0.35046728971962615,-0.397196261682243,-0.4532710280373832,-0.8037383177570093,-0.2616822429906542,-0.7009345794392523,-0.2102803738317757,-0.602803738317757,-0.24299065420560748,-0.3598130841121495,-0.2897196261682243,-0.7570093457943925,-0.14485981308411214,-0.6728971962616822,-0.08878504672897196,-0.5794392523364486,-0.11214953271028037,-0.3411214953271028,-0.10747663551401869,-0.677570093457944,-0.037383177570093455,-0.7990654205607477,-0.014018691588785047,-0.8925233644859814,-0.018691588785046728
4,0.0,0.0,-0.1391304347826087,-0.2391304347826087,-0.3391304347826087,-0.5347826086956522,-0.46956521739130436,-0.7608695652173914,-0.5608695652173913,-0.9478260869565217,-0.4,-0.5434782608695652,-0.7478260869565218,-0.3869565217391304,-0.6478260869565218,-0.30869565217391304,-0.5347826086956522,-0.32608695652173914,-0.34782608695652173,-0.4217391304347826,-0.7434782608695653,-0.24782608695652175,-0.6347826086956522,-0.19130434782608696,-0.5478260869565217,-0.21304347826086956,-0.32608695652173914,-0.25217391304347825,-0.7130434782608696,-0.1391304347826087,-0.6173913043478261,-0.08695652173913043,-0.5130434782608696,-0.09130434782608696,-0.3173913043478261,-0.06956521739130435,-0.6478260869565218,-0.05217391304347826,-0.8347826086956521,-0.030434782608695653,-1.0,-0.021739130434782608
4,0.0,0.0,-0.1565217391304348,-0.24782608695652175,-0.3652173913043478,-0.5260869565217391,-0.5,-0.7434782608695653,-0.5782608695652174,-0.9347826086956522,-0.40869565217391307,-0.5217391304347826,-0.7608695652173914,-0.34782608695652173,-0.6652173913043479,-0.27391304347826084,-0.5652173913043478,-0.2956521739130435,-0.3565217391304348,-0.4043478260869565,-0.7347826086956522,-0.2217391304347826,-0.6304347826086957,-0.16521739130434782,-0.5434782608695652,-0.19130434782608696,-0.33043478260869563,-0.24347826086956523,-0.7086956521739131,-0.12608695652173912,-0.6173913043478261,-0.07391304347826087,-0.5130434782608696,-0.07391304347826087,-0.3217391304347826,-0.06956521739130435,-0.6478260869565218,-0.0391304347826087,-0.8391304347826087,-0.008695652173913044,-1.0,0.013043478260869565
4,0.0,0.0,-0.15725806451612903,-0.22983870967741934,-0.3790322580645161,-0.46774193548387094,-0.5241935483870968,-0.6612903225806451,-0.6129032258064516,-0.8387096774193549,-0.4475806451612903,-0.4475806451612903,-0.7701612903225806,-0.2540322580645161,-0.6733870967741935,-0.1975806451612903,-0.5645161290322581,-0.21774193548387097,-0.4032258064516129,-0.32661290322580644,-0.7338709677419355,-0.12903225806451613,-0.6290322580645161,-0.08870967741935484,-0.5443548387096774,-0.11693548387096774,-0.375,-0.16532258064516128,-0.6895161290322581,-0.020161290322580645,-0.6008064516129032,0.016129032258064516,-0.5040322580645161,0.0,-0.3548387096774194,0.004032258064516129,-0.6653225806451613,0.04435483870967742,-0.842741935483871,0.07661290322580645,-1.0,0.10483870967741936
4,0.0,0.0,-0.1615720524017467,-0.24017467248908297,-0.388646288209607,-0.4978165938864629,-0.5502183406113537,-0.7030567685589519,-0.6506550218340611,-0.8646288209606987,-0.4497816593886463,-0.5109170305676856,-0.8209606986899564,-0.3231441048034934,-0.7510917030567685,-0.23580786026200873,-0.6419213973799127,-0.2445414847161572,-0.39737991266375544,-0.4017467248908297,-0.7947598253275109,-0.19213973799126638,-0.7117903930131004,-0.13100436681222707,-0.62882096069869,-0.14847161572052403,-0.3624454148471616,-0.2314410480349345,-0.7510917030567685,-0.07860262008733625,-0.6768558951965066,-0.013100436681222707,-0.5851528384279476,-0.004366812227074236,-0.3406113537117904,-0.048034934497816595,-0.6593886462882096,0.017467248908296942,-0.8471615720524017,0.0611353711790393,-1.0,0.09170305676855896
4,0.0,0.0,-0.15767634854771784,-0.21991701244813278,-0.3900414937759336,-0.4730290456431535,-0.5394190871369294,-0.6597510373443983,-0.6390041493775933,-0.8298755186721992,-0.4605809128630705,-0.43983402489626555,-0.7883817427385892,-0.23236514522821577,-0.7012448132780082,-0.17427385892116182,-0.6016597510373444,-0.2033195020746888,-0.4107883817427386,-0.3070539419087137,-0.7593360995850622,-0.11203319502074689,-0.6597510373443983,-0.06639004149377593,-0.5726141078838174,-0.0954356846473029,-0.37344398340248963,-0.14937759336099585,-0.7178423236514523,-0.008298755186721992,-0.6348547717842323,0.03319502074688797,-0.5394190871369294,0.029045643153526972,-0.34439834024896265,0.02074688796680498,-0.6597510373443983,0.07468879668049792,-0.8423236514522822,0.11618257261410789,-1.0,0.14937759336099585
4,0.0,0.0,-0.15416666666666667,-0.2125,-0.38333333333333336,-0.4625,-0.5375,-0.6625,-0.6375,-0.8291666666666667,-0.44583333333333336,-0.4583333333333333,-0.7833333333333333,-0.25833333333333336,-0.6875,-0.19166666666666668,-0.5791666666666667,-0.21666666666666667,-0.4,-0.3333333333333333,-0.7458333333333333,-0.12916666666666668,-0.6583333333333333,-0.08333333333333333,-0.575,-0.10833333333333334,-0.36666666666666664,-0.17083333333333334,-0.7125,-0.020833333333333332,-0.6333333333333333,0.025,-0.5416666666666666,0.0125,-0.3458333333333333,0.004166666666666667,-0.6583333333333333,0.06666666666666667,-0.8416666666666667,0.10416666666666667,-1.0,0.125
4,0.0,0.0,-0.16393442622950818,-0.22131147540983606,-0.4057377049180328,-0.44672131147540983,-0.5819672131147541,-0.6188524590163934,-0.7131147540983607,-0.7745901639344263,-0.48770491803278687,-0.4057377049180328,-0.7704918032786885,-0.1721311475409836,-0.6885245901639344,-0.12704918032786885,-0.5983606557377049,-0.1598360655737705,-0.42213114754098363,-0.28688524590163933,-0.7172131147540983,-0.05737704918032787,-0.6188524590163934,-0.036885245901639344,-0.5491803278688525,-0.06147540983606557,-0.3729508196721312,-0.13524590163934427,-0.6639344262295082,0.04918032786885246,-0.5901639344262295,0.08196721311475409,-0.5163934426229508,0.07377049180327869,-0.3319672131147541,0.028688524590163935,-0.6434426229508197,0.11065573770491803,-0.8319672131147541,0.14754098360655737,-1.0,0.18442622950819673
4,0.0,0.0,-0.1652542372881356,-0.2245762711864407,-0.4025423728813559,-0.4745762711864407,-0.5720338983050848,-0.6567796610169492,-0.6822033898305084,-0.826271186440678,-0.4872881355932203,-0.4449152542372881,-0.7923728813559322,-0.2076271186440678,-0.6822033898305084,-0.15677966101694915,-0.5805084745762712,-0.2076271186440678,-0.4194915254237288,-0.3220338983050847,-0.7372881355932204,-0.0847457627118644,-0.6398305084745762,-0.059322033898305086,-0.559322033898305,-0.09322033898305085,-0.3686440677966102,-0.1652542372881356,-0.6949152542372882,0.01694915254237288,-0.6101694915254238,0.046610169491525424,-0.5169491525423728,0.025423728813559324,-0.3305084745762712,0.00423728813559322,-0.6567796610169492,0.09322033898305085,-0.847457627118644,0.13135593220338984,-1.0,0.15677966101694915
4,0.0,0.0,-0.19230769230769232,-0.2264957264957265,-0.45726495726495725,-0.4444444444444444,-0.6538461538461539,-0.6196581196581197,-0.7905982905982906,-0.7649572649572649,-0.5042735042735043,-0.452991452991453,-0.7948717948717948,-0.2264957264957265,-0.7435897435897436,-0.1452991452991453,-0.6837606837606838,-0.14102564102564102,-0.44871794871794873,-0.33760683760683763,-0.7649572649572649,-0.07692307692307693,-0.6923076923076923,-0.008547008547008548,-0.6452991452991453,-0.01282051282051282,-0.3974358974358974,-0.1752136752136752,-0.7136752136752137,0.038461538461538464,-0.6538461538461539,0.10683760683760683,-0.5982905982905983,0.11965811965811966,-0.3504273504273504,0.004273504273504274,-0.6581196581196581,0.12393162393162394,-0.8418803418803419,0.21794871794871795,-1.0,0.2948717948717949
4,0.0,0.0,-0.18454935622317598,-0.2317596566523605,-0.4206008583690987,-0.45064377682403434,-0.6137339055793991,-0.6094420600858369,-0.7467811158798283,-0.759656652360515,-0.48497854077253216,-0.4248927038626609,-0.7854077253218884,-0.18454935622317598,-0.703862660944206,-0.12446351931330472,-0.6008583690987125,-0.13733905579399142,-0.4334763948497854,-0.296137339055794,-0.7424892703862661,-0.060085836909871244,-0.6566523605150214,-0.030042918454935622,-0.575107296137339,-0.055793991416309016,-0.38626609442060084,-0.14163090128755365,-0.6995708154506438,0.04291845493562232,-0.6223175965665236,0.0815450643776824,-0.5407725321888412,0.06866952789699571,-0.3562231759656652,0.030042918454935622,-0.6566523605150214,0.12446351931330472,-0.8412017167381974,0.18025751072961374,-1.0,0.22746781115879827
4,0.0,0.0,-0.18220338983050846,-0.21610169491525424,-0.4491525423728814,-0.423728813559322,-0.6313559322033898,-0.5932203389830508,-0.7542372881355932,-0.7584745762711864,-0.5211864406779662,-0.3983050847457627,-0.788135593220339,-0.1440677966101695,-0.6864406779661016,-0.1016949152542373,-0.5847457627118644,-0.13983050847457626,-0.461864406779661,-0.2669491525423729,-0.7288135593220338,-0.029661016949152543,-0.6228813559322034,-0.012711864406779662,-0.538135593220339,-0.0423728813559322,-0.4110169491525424,-0.1059322033898305,-0.6864406779661016,0.07627118644067797,-0.5889830508474576,0.1016949152542373,-0.4957627118644068,0.0847457627118644,-0.3601694915254237,0.0635593220338983,-0.6610169491525424,0.15254237288135594,-0.8432203389830508,0.2245762711864407,-1.0,0.288135593220339
4,0.0,0.0,-0.1774891774891775,-0.22510822510822512,-0.4329004329004329,-0.45021645021645024,-0.6233766233766234,-0.6277056277056277,-0.7575757575757576,-0.7922077922077922,-0.5194805194805194,-0.42424242424242425,-0.8138528138528138,-0.18614718614718614,-0.7012987012987013,-0.1341991341991342,-0.5974025974025974,-0.1645021645021645,-0.4588744588744589,-0.30303030303030304,-0.7445887445887446,-0.06060606060606061,-0.6363636363636364,-0.047619047619047616,-0.5584415584415584,-0.08658008658008658,-0.4069264069264069,-0.14285714285714285,-0.696969696969697,0.03896103896103896,-0.6017316017316018,0.06060606060606061,-0.5064935064935064,0.030303030303030304,-0.36363636363636365,0.030303030303030304,-0.6666666666666666,0.12554112554112554,-0.8441558441558441,0.18614718614718614,-1.0,0.23809523809523808
4,0.0,0.0,-0.16444444444444445,-0.23555555555555555,-0.4,-0.48444444444444446,-0.5644444444444444,-0.6755555555555556,-0.6711111111111111,-0.84,-0.47555555555555556,-0.4533333333333333,-0.7866666666666666,-0.23555555555555555,-0.6666666666666666,-0.20444444444444446,-0.5688888888888889,-0.25333333333333335,-0.4266666666666667,-0.3377777777777778,-0.76,-0.11555555555555555,-0.6444444444444445,-0.09333333333333334,-0.5644444444444444,-0.13777777777777778,-0.38666666666666666,-0.17777777777777778,-0.7244444444444444,-0.017777777777777778,-0.6266666666666667,0.022222222222222223,-0.5288888888888889,0.0,-0.35555555555555557,0.008888888888888889,-0.6844444444444444,0.057777777777777775,-0.8533333333333334,0.1111111111111111,-1.0,0.1511111111111111
4,0.0,0.0,-0.1349206349206349,-0.21428571428571427,-0.3492063492063492,-0.45634920634920634,-0.5,-0.6349206349206349,-0.6031746031746031,-0.7936507936507936,-0.4246031746031746,-0.4246031746031746,-0.7261904761904762,-0.23809523809523808,-0.6309523809523809,-0.18253968253968253,-0.5396825396825397,-0.21428571428571427,-0.38492063492063494,-0.29365079365079366,-0.6865079365079365,-0.1111111111111111,-0.5873015873015873,-0.07539682539682539,-0.5119047619047619,-0.0992063492063492,-0.35714285714285715,-0.1349206349206349,-0.6626984126984127,0.003968253968253968,-0.5833333333333334,0.03571428571428571,-0.49206349206349204,0.027777777777777776,-0.3492063492063492,0.031746031746031744,-0.6626984126984127,0.06746031746031746,-0.8492063492063492,0.0992063492063492,-1.0,0.11904761904761904
4,0.0,0.0,-0.14163090128755365,-0.22746781115879827,-0.3562231759656652,-0.4892703862660944,-0.5064377682403434,-0.6909871244635193,-0.592274678111588,-0.8669527896995708,-0.41630901287553645,-0.49356223175965663,-0.7639484978540773,-0.2918454935622318,-0.6652360515021459,-0.23605150214592274,-0.5622317596566524,-0.26609442060085836,-0.37339055793991416,-0.38626609442060084,-0.7424892703862661,-0.1759656652360515,-0.6394849785407726,-0.13304721030042918,-0.5622317596566524,-0.1630901287553648,-0.34763948497854075,-0.22746781115879827,-0.7167381974248928,-0.07725321888412018,-0.630901287553648,-0.034334763948497854,-0.5364806866952789,-0.03862660944206009,-0.33476394849785407,-0.04721030042918455,-0.6652360515021459,0.004291845493562232,-0.8497854077253219,0.04291845493562232,-1.0,0.06866952789699571
4,0.0,0.0,-0.13877551020408163,-0.21224489795918366,-0.34285714285714286,-0.4816326530612245,-0.47346938775510206,-0.6938775510204082,-0.5387755102040817,-0.8775510204081632,-0.4122448979591837,-0.49387755102040815,-0.7551020408163265,-0.31020408163265306,-0.6693877551020408,-0.23265306122448978,-0.5755102040816327,-0.2530612244897959,-0.3673469387755102,-0.3836734693877551,-0.7346938775510204,-0.19591836734693877,-0.6408163265306123,-0.1306122448979592,-0.5673469387755102,-0.14285714285714285,-0.3469387755102041,-0.23265306122448978,-0.7061224489795919,-0.09387755102040816,-0.6326530612244898,-0.02857142857142857,-0.5428571428571428,-0.02040816326530612,-0.33877551020408164,-0.0653061224489796,-0.6571428571428571,-0.04081632653061224,-0.8448979591836735,-0.02857142857142857,-1.0,-0.024489795918367346
4,0.0,0.0,-0.1346938775510204,-0.22040816326530613,-0.3346938775510204,-0.49387755102040815,-0.47346938775510206,-0.7020408163265306,-0.563265306122449,-0.8775510204081632,-0.4,-0.49387755102040815,-0.7387755102040816,-0.3346938775510204,-0.6530612244897959,-0.2530612244897959,-0.5510204081632653,-0.2653061224489796,-0.35918367346938773,-0.37142857142857144,-0.7183673469387755,-0.20816326530612245,-0.6285714285714286,-0.1510204081632653,-0.5469387755102041,-0.16326530612244897,-0.34285714285714286,-0.21224489795918366,-0.6938775510204082,-0.10204081632653061,-0.6163265306122448,-0.04081632653061224,-0.5183673469387755,-0.036734693877551024,-0.3346938775510204,-0.044897959183673466,-0.6530612244897959,-0.02857142857142857,-0.8448979591836735,-0.012244897959183673,-1.0,-0.004081632653061225
4,0.0,0.0,-0.1461187214611872,-0.2511415525114155,-0.3515981735159817,-0.5525114155251142,-0.4885844748858447,-0.7990867579908676,-0.5616438356164384,-1.0,-0.3744292237442922,-0.5844748858447488,-0.771689497716895,-0.4383561643835616,-0.6986301369863014,-0.3424657534246575,-0.6073059360730594,-0.3515981735159817,-0.3333333333333333,-0.4657534246575342,-0.7671232876712328,-0.3059360730593607,-0.680365296803653,-0.2328767123287671,-0.593607305936073,-0.2465753424657534,-0.3150684931506849,-0.2968036529680365,-0.7442922374429224,-0.2100456621004566,-0.6712328767123288,-0.1278538812785388,-0.5707762557077626,-0.1095890410958904,-0.319634703196347,-0.1141552511415525,-0.6575342465753424,-0.1095890410958904,-0.8356164383561644,-0.091324200913242,-0.9726027397260274,-0.0867579908675799
4,0.0,0.0,-0.12017167381974249,-0.24892703862660945,-0.30472103004291845,-0.5622317596566524,-0.41630901287553645,-0.7982832618025751,-0.4592274678111588,-1.0,-0.33476394849785407,-0.592274678111588,-0.7124463519313304,-0.4678111587982833,-0.6351931330472103,-0.37339055793991416,-0.5278969957081545,-0.38197424892703863,-0.296137339055794,-0.4592274678111588,-0.7124463519313304,-0.3261802575107296,-0.6266094420600858,-0.2532188841201717,-0.5364806866952789,-0.26609442060085836,-0.2918454935622318,-0.2918454935622318,-0.6909871244635193,-0.20600858369098712,-0.6137339055793991,-0.14163090128755365,-0.5064377682403434,-0.14163090128755365,-0.3133047210300429,-0.11587982832618025,-0.6437768240343348,-0.12875536480686695,-0.8369098712446352,-0.13304721030042918,-0.9957081545064378,-0.15450643776824036
4,0.0,0.0,-0.10084033613445378,-0.25210084033613445,-0.2689075630252101,-0.5672268907563025,-0.3697478991596639,-0.8067226890756303,-0.41596638655462187,-1.0,-0.29831932773109243,-0.6134453781512605,-0.680672268907563,-0.49159663865546216,-0.5966386554621849,-0.3865546218487395,-0.49159663865546216,-0.40336134453781514,-0.2605042016806723,-0.5,-0.6848739495798319,-0.3697478991596639,-0.5882352941176471,-0.28991596638655465,-0.5042016806722689,-0.3025210084033613,-0.2605042016806723,-0.35294117647058826,-0.6680672268907563,-0.2815126050420168,-0.5840336134453782,-0.21008403361344538,-0.47478991596638653,-0.19747899159663865,-0.2773109243697479,-0.18907563025210083,-0.6008403361344538,-0.2184873949579832,-0.7857142857142857,-0.226890756302521,-0.9411764705882353,-0.24369747899159663
4,0.0,0.0,-0.11016949152542373,-0.2542372881355932,-0.2711864406779661,-0.5635593220338984,-0.3771186440677966,-0.8050847457627118,-0.423728813559322,-1.0,-0.3177966101694915,-0.6101694915254238,-0.6991525423728814,-0.5296610169491526,-0.6228813559322034,-0.4279661016949153,-0.5254237288135594,-0.4194915254237288,-0.2838983050847458,-0.5042372881355932,-0.711864406779661,-0.3898305084745763,-0.6186440677966102,-0.3093220338983051,-0.5338983050847458,-0.3135593220338983,-0.2838983050847458,-0.3516949152542373,-0.6864406779661016,-0.288135593220339,-0.6101694915254238,-0.211864406779661,-0.5127118644067796,-0.19915254237288135,-0.2966101694915254,-0.18220338983050846,-0.6186440677966102,-0.211864406779661,-0.8177966101694916,-0.2245762711864407,-0.9830508474576272,-0.2457627118644068
4,0.0,0.0,-0.0794979079497908,-0.25523012552301255,-0.2217573221757322,-0.5690376569037657,-0.2928870292887029,-0.8075313807531381,-0.32217573221757323,-1.0,-0.2510460251046025,-0.6443514644351465,-0.6401673640167364,-0.5564853556485355,-0.5606694560669456,-0.4560669456066946,-0.46443514644351463,-0.46443514644351463,-0.2175732217573222,-0.5355648535564853,-0.6401673640167364,-0.4351464435146444,-0.5481171548117155,-0.3682008368200837,-0.46443514644351463,-0.3807531380753138,-0.2217573221757322,-0.3891213389121339,-0.6234309623430963,-0.3472803347280335,-0.5439330543933054,-0.27615062761506276,-0.4435146443514644,-0.25523012552301255,-0.24686192468619247,-0.23430962343096234,-0.5606694560669456,-0.28870292887029286,-0.7364016736401674,-0.32217573221757323,-0.8786610878661087,-0.35564853556485354
4,0.0,0.0,-0.06639004149377593,-0.25311203319502074,-0.18672199170124482,-0.5684647302904564,-0.26141078838174275,-0.8132780082987552,-0.2863070539419087,-1.0,-0.21991701244813278,-0.6265560165975104,-0.5975103734439834,-0.5643153526970954,-0.5269709543568465,-0.46473029045643155,-0.4315352697095436,-0.4605809128630705,-0.1825726141078838,-0.5186721991701245,-0.6141078838174274,-0.43568464730290457,-0.5103734439834025,-0.35269709543568467,-0.42323651452282157,-0.36099585062240663,-0.18672199170124482,-0.37344398340248963,-0.5850622406639004,-0.33195020746887965,-0.4896265560165975,-0.26556016597510373,-0.3900414937759336,-0.24896265560165975,-0.2074688796680498,-0.21161825726141079,-0.5062240663900415,-0.2697095435684647,-0.6887966804979253,-0.3153526970954357,-0.8547717842323651,-0.35269709543568467
4,0.0,0.0,-0.06666666666666667,-0.26666666666666666,-0.2,-0.5708333333333333,-0.2875,-0.8125,-0.30833333333333335,-1.0,-0.22916666666666666,-0.6458333333333334,-0.5958333333333333,-0.5583333333333333,-0.525,-0.4666666666666667,-0.4375,-0.4625,-0.1875,-0.5375,-0.6041666666666666,-0.44166666666666665,-0.5041666666666667,-0.3625,-0.42083333333333334,-0.3625,-0.1875,-0.39166666666666666,-0.5708333333333333,-0.3375,-0.475,-0.2708333333333333,-0.375,-0.24583333333333332,-0.2125,-0.22916666666666666,-0.5083333333333333,-0.2875,-0.6916666666666667,-0.3333333333333333,-0.8625,-0.37083333333333335
4,0.0,0.0,-0.06477732793522267,-0.25101214574898784,-0.17813765182186234,-0.5668016194331984,-0.25101214574898784,-0.8097165991902834,-0.26720647773279355,-1.0,-0.17813765182186234,-0.631578947368421,-0.5425101214574899,-0.5870445344129555,-0.4777327935222672,-0.48582995951417,-0.38866396761133604,-0.4817813765182186,-0.145748987854251,-0.5344129554655871,-0.5748987854251012,-0.47368421052631576,-0.48582995951417,-0.38866396761133604,-0.4008097165991903,-0.39271255060728744,-0.1659919028340081,-0.3967611336032389,-0.5546558704453441,-0.3805668016194332,-0.46963562753036436,-0.3076923076923077,-0.3684210526315789,-0.2874493927125506,-0.20647773279352227,-0.2388663967611336,-0.4777327935222672,-0.3076923076923077,-0.6437246963562753,-0.3603238866396761,-0.7935222672064778,-0.41295546558704455
4,0.0,0.0,-0.08558558558558559,-0.3063063063063063,-0.23873873873873874,-0.5990990990990991,-0.36036036036036034,-0.8378378378378378,-0.42342342342342343,-1.0,-0.2702702702702703,-0.7117117117117117,-0.6486486486486487,-0.6261261261261262,-0.5945945945945946,-0.5045045045045045,-0.4954954954954955,-0.481981981981982,-0.22972972972972974,-0.5990990990990991,-0.6756756756756757,-0.4774774774774775,-0.581081081081081,-0.38288288288288286,-0.49099099099099097,-0.38288288288288286,-0.23423423423423423,-0.44144144144144143,-0.6441441441441441,-0.36486486486486486,-0.5495495495495496,-0.2927927927927928,-0.43243243243243246,-0.2747747747747748,-0.26126126126126126,-0.26126126126126126,-0.5765765765765766,-0.3063063063063063,-0.7792792792792793,-0.34234234234234234,-0.9594594594594594,-0.3738738738738739
4,0.0,0.0,-0.09545454545454546,-0.2863636363636364,-0.2818181818181818,-0.5954545454545455,-0.39545454545454545,-0.8318181818181818,-0.4590909090909091,-1.0,-0.32272727272727275,-0.65,-0.7181818181818181,-0.5727272727272728,-0.6272727272727273,-0.4772727272727273,-0.5181818181818182,-0.4863636363636364,-0.2818181818181818,-0.5318181818181819,-0.7545454545454545,-0.4318181818181818,-0.6318181818181818,-0.35454545454545455,-0.5227272727272727,-0.38636363636363635,-0.2863636363636364,-0.36818181818181817,-0.7227272727272728,-0.32727272727272727,-0.6318181818181818,-0.2590909090909091,-0.5227272727272727,-0.2545454545454545,-0.31363636363636366,-0.18181818181818182,-0.6181818181818182,-0.23636363636363636,-0.7636363636363637,-0.2681818181818182,-0.8909090909090909,-0.29545454545454547
4,0.0,0.0,-0.12,-0.24888888888888888,-0.28444444444444444,-0.5555555555555556,-0.37777777777777777,-0.8044444444444444,-0.43555555555555553,-1.0,-0.3111111111111111,-0.56,-0.6977777777777778,-0.48444444444444446,-0.6222222222222222,-0.4088888888888889,-0.5244444444444445,-0.4222222222222222,-0.28444444444444444,-0.43555555555555553,-0.7288888888888889,-0.3511111111111111,-0.6222222222222222,-0.29777777777777775,-0.5155555555555555,-0.32,-0.28444444444444444,-0.28444444444444444,-0.7022222222222222,-0.24888888888888888,-0.6133333333333333,-0.19555555555555557,-0.5155555555555555,-0.2,-0.30666666666666664,-0.12444444444444444,-0.6266666666666667,-0.12,-0.64,-0.10222222222222223,-0.6222222222222222,-0.10666666666666667
4,0.0,0.0,-0.12389380530973451,-0.26991150442477874,-0.30973451327433627,-0.5707964601769911,-0.42920353982300885,-0.8053097345132744,-0.5,-1.0,-0.3495575221238938,-0.5929203539823009,-0.7212389380530974,-0.4557522123893805,-0.6238938053097345,-0.37610619469026546,-0.5221238938053098,-0.3938053097345133,-0.2920353982300885,-0.4778761061946903,-0.7256637168141593,-0.30973451327433627,-0.5973451327433629,-0.24778761061946902,-0.5,-0.28761061946902655,-0.26991150442477874,-0.3141592920353982,-0.6814159292035398,-0.21238938053097345,-0.5752212389380531,-0.16371681415929204,-0.4557522123893805,-0.168141592920354,-0.26548672566371684,-0.13274336283185842,-0.5796460176991151,-0.13274336283185842,-0.7610619469026548,-0.12389380530973451,-0.9247787610619469,-0.11504424778761062
4,0.0,0.0,-0.11739130434782609,-0.27391304347826084,-0.30434782608695654,-0.5695652173913044,-0.4217391304347826,-0.8043478260869565,-0.48695652173913045,-1.0,-0.3391304347826087,-0.5956521739130435,-0.7130434782608696,-0.4652173913043478,-0.6086956521739131,-0.391304347826087,-0.5,-0.41304347826086957,-0.28695652173913044,-0.47391304347826085,-0.7043478260869566,-0.3217391304347826,-0.5782608695652174,-0.26956521739130435,-0.4826086956521739,-0.30434782608695654,-0.26956521739130435,-0.3130434782608696,-0.6565217391304348,-0.21739130434782608,-0.5478260869565217,-0.17391304347826086,-0.43043478260869567,-0.19130434782608696,-0.26956521739130435,-0.13478260869565217,-0.5782608695652174,-0.1391304347826087,-0.7565217391304347,-0.13478260869565217,-0.9130434782608695,-0.13043478260869565
4,0.0,0.0,-0.14018691588785046,-0.3037383177570093,-0.35046728971962615,-0.5747663551401869,-0.5093457943925234,-0.780373831775701,-0.6074766355140186,-0.9252336448598131,-0.3925233644859813,-0.6261682242990654,-0.7757009345794392,-0.48130841121495327,-0.677570093457944,-0.40186915887850466,-0.5794392523364486,-0.4205607476635514,-0.3364485981308411,-0.5186915887850467,-0.780373831775701,-0.3317757009345794,-0.6495327102803738,-0.2757009345794392,-0.5514018691588785,-0.3130841121495327,-0.3130841121495327,-0.35514018691588783,-0.7429906542056075,-0.22897196261682243,-0.6355140186915887,-0.1822429906542056,-0.5186915887850467,-0.19158878504672897,-0.3037383177570093,-0.1588785046728972,-0.6401869158878505,-0.14018691588785046,-0.8271028037383178,-0.1308411214953271,-1.0,-0.12149532710280374
4,0.0,0.0,-0.15765765765765766,-0.26576576576576577,-0.36936936936936937,-0.5405405405405406,-0.5225225225225225,-0.7657657657657657,-0.6216216216216216,-0.9594594594594594,-0.4144144144144144,-0.5495495495495496,-0.7747747747747747,-0.3963963963963964,-0.6711711711711712,-0.31981981981981983,-0.5630630630630631,-0.3333333333333333,-0.35135135135135137,-0.4369369369369369,-0.7837837837837838,-0.24324324324324326,-0.6486486486486487,-0.18018018018018017,-0.545045045045045,-0.21621621621621623,-0.31981981981981983,-0.2702702702702703,-0.7387387387387387,-0.13963963963963963,-0.6171171171171171,-0.09009009009009009,-0.49099099099099097,-0.10810810810810811,-0.2972972972972973,-0.08108108108108109,-0.6216216216216216,-0.04504504504504504,-0.8198198198198198,-0.018018018018018018,-1.0,0.0
4,0.0,0.0,-0.1583710407239819,-0.27149321266968324,-0.37104072398190047,-0.5565610859728507,-0.5158371040723982,-0.7782805429864253,-0.6018099547511312,-0.9547511312217195,-0.37104072398190047,-0.5565610859728507,-0.751131221719457,-0.3936651583710407,-0.6515837104072398,-0.3212669683257919,-0.5520361990950227,-0.34841628959276016,-0.31221719457013575,-0.43891402714932126,-0.751131221719457,-0.248868778280543,-0.6289592760180995,-0.19909502262443438,-0.5384615384615384,-0.2398190045248869,-0.2895927601809955,-0.27149321266968324,-0.7194570135746606,-0.15384615384615385,-0.6153846153846154,-0.1085972850678733,-0.502262443438914,-0.12217194570135746,-0.2850678733031674,-0.09049773755656108,-0.6153846153846154,-0.06787330316742081,-0.8235294117647058,-0.04524886877828054,-1.0,-0.027149321266968326
4,0.0,0.0,-0.1581196581196581,-0.25213675213675213,-0.3803418803418803,-0.5170940170940171,-0.5427350427350427,-0.7222222222222222,-0.6367521367521367,-0.9017094017094017,-0.43162393162393164,-0.49572649572649574,-0.7777777777777778,-0.32905982905982906,-0.6709401709401709,-0.26495726495726496,-0.5598290598290598,-0.2948717948717949,-0.38461538461538464,-0.36324786324786323,-0.7692307692307693,-0.18376068376068377,-0.6410256410256411,-0.14102564102564102,-0.5384615384615384,-0.18376068376068377,-0.358974358974359,-0.19230769230769232,-0.7350427350427351,-0.06837606837606838,-0.6196581196581197,-0.03418803418803419,-0.5042735042735043,-0.0641025641025641,-0.3418803418803419,-0.008547008547008548,-0.6538461538461539,0.02564102564102564,-0.8376068376068376,0.0641025641025641,-1.0,0.08974358974358974
4,0.0,0.0,-0.168141592920354,-0.24778761061946902,-0.38495575221238937,-0.5265486725663717,-0.5353982300884956,-0.7389380530973452,-0.6371681415929203,-0.9203539823008849,-0.415929203539823,-0.504424778761062,-0.7566371681415929,-0.3185840707964602,-0.6548672566371682,-0.24336283185840707,-0.5442477876106194,-0.27876106194690264,-0.3672566371681416,-0.36283185840707965,-0.7345132743362832,-0.18584070796460178,-0.6371681415929203,-0.13716814159292035,-0.5442477876106194,-0.16371681415929204,-0.3407079646017699,-0.19469026548672566,-0.7079646017699115,-0.0752212389380531,-0.6194690265486725,-0.030973451327433628,-0.5176991150442478,-0.048672566371681415,-0.3274336283185841,-0.022123893805309734,-0.6548672566371682,0.02654867256637168,-0.8407079646017699,0.05752212389380531,-1.0,0.07964601769911504
4,0.0,0.0,-0.1689497716894977,-0.2465753424657534,-0.4155251141552511,-0.5159817351598174,-0.589041095890411,-0.730593607305936,-0.6894977168949772,-0.9269406392694064,-0.4657534246575342,-0.502283105022831,-0.8127853881278538,-0.319634703196347,-0.7031963470319634,-0.2557077625570776,-0.593607305936073,-0.2831050228310502,-0.410958904109589,-0.3789954337899543,-0.7899543378995434,-0.1780821917808219,-0.6712328767123288,-0.1324200913242009,-0.5707762557077626,-0.1735159817351598,-0.3744292237442922,-0.2054794520547945,-0.7442922374429224,-0.0639269406392694,-0.639269406392694,-0.0182648401826484,-0.5251141552511416,-0.0410958904109589,-0.3424657534246575,-0.0228310502283105,-0.6575342465753424,0.045662100456621,-0.8401826484018264,0.1050228310502283,-1.0,0.1461187214611872
4,0.0,0.0,-0.16228070175438597,-0.2324561403508772,-0.39473684210526316,-0.49122807017543857,-0.5614035087719298,-0.6929824561403509,-0.6754385964912281,-0.8596491228070176,-0.4342105263157895,-0.45614035087719296,-0.7894736842105263,-0.2894736842105263,-0.6798245614035088,-0.22807017543859648,-0.5701754385964912,-0.2543859649122807,-0.38596491228070173,-0.3333333333333333,-0.7631578947368421,-0.15350877192982457,-0.6535087719298246,-0.10964912280701754,-0.5614035087719298,-0.15350877192982457,-0.35964912280701755,-0.16666666666666666,-0.7280701754385965,-0.043859649122807015,-0.631578947368421,0.0,-0.5219298245614035,-0.02631578947368421,-0.33771929824561403,0.013157894736842105,-0.6535087719298246,0.06140350877192982,-0.8421052631578947,0.10526315789473684,-1.0,0.13157894736842105
4,0.0,0.0,-0.1630901287553648,-0.2317596566523605,-0.4248927038626609,-0.47639484978540775,-0.6051502145922747,-0.6566523605150214,-0.7339055793991416,-0.8154506437768241,-0.4978540772532189,-0.4291845493562232,-0.8154506437768241,-0.20600858369098712,-0.703862660944206,-0.1630901287553648,-0.5965665236051502,-0.20600858369098712,-0.44206008583690987,-0.2918454935622318,-0.7682403433476395,-0.06866952789699571,-0.648068669527897,-0.04721030042918455,-0.5579399141630901,-0.09012875536480687,-0.39914163090128757,-0.12446351931330472,-0.7124463519313304,0.04721030042918455,-0.6051502145922747,0.06437768240343347,-0.4978540772532189,0.030042918454935622,-0.3605150214592275,0.055793991416309016,-0.6652360515021459,0.12875536480686695,-0.8454935622317596,0.18025751072961374,-1.0,0.21888412017167383
4,0.0,0.0,-0.17180616740088106,-0.22026431718061673,-0.43612334801762115,-0.4669603524229075,-0.6123348017621145,-0.6651982378854625,-0.7224669603524229,-0.8370044052863436,-0.47577092511013214,-0.42731277533039647,-0.8237885462555066,-0.22026431718061673,-0.7092511013215859,-0.16299559471365638,-0.5947136563876652,-0.20704845814977973,-0.4185022026431718,-0.29515418502202645,-0.7841409691629956,-0.0881057268722467,-0.6784140969162996,-0.05286343612334802,-0.5903083700440529,-0.09251101321585903,-0.3744493392070485,-0.12334801762114538,-0.7400881057268722,0.01762114537444934,-0.6475770925110133,0.06167400881057269,-0.5462555066079295,0.03524229074889868,-0.3436123348017621,0.048458149779735685,-0.6740088105726872,0.1277533039647577,-0.8546255506607929,0.1894273127753304,-1.0,0.23348017621145375
4,0.0,0.0,-0.17511520737327188,-0.2304147465437788,-0.43317972350230416,-0.48847926267281105,-0.6175115207373272,-0.6912442396313364,-0.7465437788018433,-0.8571428571428571,-0.4976958525345622,-0.4608294930875576,-0.8525345622119815,-0.2534562211981567,-0.7373271889400922,-0.1935483870967742,-0.6175115207373272,-0.2350230414746544,-0.43317972350230416,-0.3317972350230415,-0.8018433179723502,-0.11059907834101383,-0.6866359447004609,-0.07373271889400922,-0.5944700460829493,-0.11981566820276497,-0.3870967741935484,-0.16129032258064516,-0.7557603686635944,0.0,-0.6497695852534562,0.03686635944700461,-0.5391705069124424,0.004608294930875576,-0.35023041474654376,0.02304147465437788,-0.6728110599078341,0.10599078341013825,-0.8525345622119815,0.18433179723502305,-1.0,0.23963133640552994
4,0.0,0.0,-0.1782608695652174,-0.21739130434782608,-0.45217391304347826,-0.45217391304347826,-0.6304347826086957,-0.6347826086956522,-0.7608695652173914,-0.8,-0.5217391304347826,-0.4217391304347826,-0.8347826086956521,-0.16956521739130434,-0.7130434782608696,-0.12173913043478261,-0.6043478260869565,-0.16956521739130434,-0.45652173913043476,-0.28695652173913044,-0.7869565217391304,-0.043478260869565216,-0.6608695652173913,-0.017391304347826087,-0.5695652173913044,-0.06086956521739131,-0.4,-0.11739130434782609,-0.7260869565217392,0.06956521739130435,-0.6130434782608696,0.09130434782608696,-0.5043478260869565,0.06086956521739131,-0.3521739130434783,0.05652173913043478,-0.6608695652173913,0.1565217391304348,-0.8434782608695652,0.22608695652173913,-1.0,0.2782608695652174
4,0.0,0.0,-0.17105263157894737,-0.21929824561403508,-0.44298245614035087,-0.4517543859649123,-0.6359649122807017,-0.631578947368421,-0.7850877192982456,-0.7807017543859649,-0.5219298245614035,-0.4298245614035088,-0.8421052631578947,-0.18859649122807018,-0.7280701754385965,-0.14473684210526316,-0.618421052631579,-0.18859649122807018,-0.4605263157894737,-0.3026315789473684,-0.7894736842105263,-0.05701754385964912,-0.6754385964912281,-0.039473684210526314,-0.5877192982456141,-0.08333333333333333,-0.40789473684210525,-0.13157894736842105,-0.7456140350877193,0.05263157894736842,-0.6359649122807017,0.07017543859649122,-0.5350877192982456,0.043859649122807015,-0.35964912280701755,0.043859649122807015,-0.6622807017543859,0.15350877192982457,-0.8421052631578947,0.22807017543859648,-1.0,0.29385964912280704
4,0.0,0.0,-0.1615720524017467,-0.22707423580786026,-0.39737991266375544,-0.47161572052401746,-0.5764192139737991,-0.6506550218340611,-0.6986899563318777,-0.8078602620087336,-0.4672489082969432,-0.4366812227074236,-0.7991266375545851,-0.21397379912663755,-0.7074235807860262,-0.14847161572052403,-0.5938864628820961,-0.17467248908296942,-0.4148471615720524,-0.30131004366812225,-0.7554585152838428,-0.08296943231441048,-0.6593886462882096,-0.043668122270742356,-0.5676855895196506,-0.07423580786026202,-0.36681222707423583,-0.13973799126637554,-0.7030567685589519,0.026200873362445413,-0.6157205240174672,0.06550218340611354,-0.519650655021834,0.043668122270742356,-0.32751091703056767,0.034934497816593885,-0.6550218340611353,0.13100436681222707,-0.8427947598253275,0.18777292576419213,-1.0,0.22270742358078602
4,0.0,0.0,-0.1572052401746725,-0.22270742358078602,-0.4104803493449782,-0.462882096069869,-0.5764192139737991,-0.6550218340611353,-0.6899563318777293,-0.8253275109170306,-0.4672489082969432,-0.43231441048034935,-0.8078602620087336,-0.22707423580786026,-0.7074235807860262,-0.1615720524017467,-0.6026200873362445,-0.1965065502183406,-0.4104803493449782,-0.31004366812227074,-0.7641921397379913,-0.09170305676855896,-0.6593886462882096,-0.048034934497816595,-0.5764192139737991,-0.08733624454148471,-0.3624454148471616,-0.14847161572052403,-0.7074235807860262,0.017467248908296942,-0.6200873362445415,0.056768558951965066,-0.5240174672489083,0.03056768558951965,-0.3231441048034934,0.017467248908296942,-0.6462882096069869,0.10043668122270742,-0.8384279475982532,0.13973799126637554,-1.0,0.1615720524017467
4,0.0,0.0,-0.16097560975609757,-0.23902439024390243,-0.4195121951219512,-0.5317073170731708,-0.6,-0.7560975609756098,-0.7268292682926829,-0.9317073170731708,-0.48292682926829267,-0.5317073170731708,-0.8731707317073171,-0.33170731707317075,-0.7804878048780488,-0.24390243902439024,-0.6682926829268293,-0.2682926829268293,-0.424390243902439,-0.3951219512195122,-0.824390243902439,-0.18048780487804877,-0.7219512195121951,-0.12682926829268293,-0.624390243902439,-0.16097560975609757,-0.3804878048780488,-0.2146341463414634,-0.7804878048780488,-0.05853658536585366,-0.6829268292682927,-0.004878048780487805,-0.5707317073170731,-0.01951219512195122,-0.35121951219512193,-0.014634146341463415,-0.6780487804878049,0.04878048780487805,-0.8536585365853658,0.1073170731707317,-1.0,0.14634146341463414
4,0.0,0.0,-0.14977973568281938,-0.2290748898678414,-0.3700440528634361,-0.5154185022026432,-0.5154185022026432,-0.73568281938326,-0.6079295154185022,-0.9162995594713657,-0.41409691629955947,-0.5286343612334802,-0.7665198237885462,-0.36123348017621143,-0.6607929515418502,-0.28193832599118945,-0.5550660792951542,-0.31718061674008813,-0.3568281938325991,-0.4008810572687225,-0.7444933920704846,-0.22466960352422907,-0.6387665198237885,-0.16740088105726872,-0.5462555066079295,-0.19823788546255505,-0.3303964757709251,-0.23788546255506607,-0.7136563876651982,-0.11013215859030837,-0.6255506607929515,-0.05286343612334802,-0.5242290748898678,-0.06607929515418502,-0.32158590308370044,-0.06167400881057269,-0.6607929515418502,-0.01762114537444934,-0.8458149779735683,0.004405286343612335,-1.0,0.004405286343612335
4,0.0,0.0,-0.15165876777251186,-0.2559241706161137,-0.3744075829383886,-0.5592417061611374,-0.5260663507109005,-0.7962085308056872,-0.6208530805687204,-0.995260663507109,-0.41232227488151657,-0.5639810426540285,-0.8009478672985783,-0.4075829383886256,-0.6919431279620853,-0.33175355450236965,-0.5734597156398105,-0.35071090047393366,-0.36018957345971564,-0.4265402843601896,-0.7819905213270142,-0.2559241706161137,-0.6729857819905213,-0.1990521327014218,-0.5734597156398105,-0.22748815165876776,-0.32701421800947866,-0.25118483412322273,-0.7298578199052133,-0.12796208530805686,-0.6350710900473934,-0.07582938388625593,-0.5260663507109005,-0.0947867298578199,-0.3127962085308057,-0.061611374407582936,-0.6492890995260664,-0.023696682464454975,-0.8388625592417062,0.0,-1.0,0.009478672985781991
4,0.0,0.0,-0.13023255813953488,-0.26046511627906976,-0.3395348837209302,-0.5627906976744186,-0.48372093023255813,-0.7953488372093023,-0.5813953488372093,-0.986046511627907,-0.3813953488372093,-0.5767441860465117,-0.7674418604651163,-0.42790697674418604,-0.6558139534883721,-0.3581395348837209,-0.5441860465116279,-0.386046511627907,-0.3302325581395349,-0.4511627906976744,-0.7488372093023256,-0.2837209302325581,-0.6325581395348837,-0.2372093023255814,-0.5395348837209303,-0.26976744186046514,-0.3116279069767442,-0.27906976744186046,-0.7069767441860465,-0.15813953488372093,-0.6093023255813953,-0.11627906976744186,-0.5069767441860465,-0.13488372093023257,-0.30697674418604654,-0.09767441860465116,-0.6558139534883721,-0.06511627906976744,-0.8418604651162791,-0.046511627906976744,-1.0,-0.04186046511627907
4,0.0,0.0,-0.13145539906103287,-0.24882629107981222,-0.3286384976525822,-0.5633802816901409,-0.4647887323943662,-0.8075117370892019,-0.5352112676056338,-1.0,-0.3615023474178404,-0.568075117370892,-0.755868544600939,-0.4460093896713615,-0.6666666666666666,-0.38967136150234744,-0.5586854460093896,-0.4131455399061033,-0.3192488262910798,-0.43661971830985913,-0.7511737089201878,-0.3051643192488263,-0.6619718309859155,-0.27230046948356806,-0.5586854460093896,-0.2863849765258216,-0.3004694835680751,-0.27230046948356806,-0.7183098591549296,-0.18779342723004694,-0.6431924882629108,-0.15023474178403756,-0.5492957746478874,-0.15492957746478872,-0.3004694835680751,-0.10328638497652583,-0.647887323943662,-0.0892018779342723,-0.7605633802816901,-0.07511737089201878,-0.8403755868544601,-0.07511737089201878
4,0.0,0.0,-0.13333333333333333,-0.25333333333333335,-0.3288888888888889,-0.5688888888888889,-0.4488888888888889,-0.8,-0.5111111111111111,-1.0,-0.3688888888888889,-0.5555555555555556,-0.7511111111111111,-0.4088888888888889,-0.6444444444444445,-0.3377777777777778,-0.5288888888888889,-0.3688888888888889,-0.3111111111111111,-0.4177777777777778,-0.7333333333333333,-0.26222222222222225,-0.6177777777777778,-0.2088888888888889,-0.5155555555555555,-0.24888888888888888,-0.28888888888888886,-0.24444444444444444,-0.6888888888888889,-0.14666666666666667,-0.5911111111111111,-0.10666666666666667,-0.4711111111111111,-0.1288888888888889,-0.28444444444444444,-0.057777777777777775,-0.6088888888888889,-0.06666666666666667,-0.8,-0.06222222222222222,-0.96,-0.06222222222222222
4,0.0,0.0,-0.12272727272727273,-0.2590909090909091,-0.3,-0.5727272727272728,-0.41363636363636364,-0.8136363636363636,-0.4863636363636364,-1.0,-0.33636363636363636,-0.5863636363636363,-0.7318181818181818,-0.4772727272727273,-0.6318181818181818,-0.40454545454545454,-0.5136363636363637,-0.4318181818181818,-0.29545454545454547,-0.45454545454545453,-0.7227272727272728,-0.33636363636363636,-0.6181818181818182,-0.3,-0.5181818181818182,-0.32727272727272727,-0.2818181818181818,-0.29545454545454547,-0.7045454545454546,-0.23636363636363636,-0.6090909090909091,-0.18636363636363637,-0.509090909090909,-0.19090909090909092,-0.2863636363636364,-0.12727272727272726,-0.6227272727272727,-0.13636363636363635,-0.740909090909091,-0.1318181818181818,-0.8227272727272728,-0.1409090909090909
4,0.0,0.0,-0.10454545454545454,-0.2590909090909091,-0.2818181818181818,-0.5636363636363636,-0.38636363636363635,-0.8090909090909091,-0.43636363636363634,-1.0,-0.31363636363636366,-0.6227272727272727,-0.7045454545454546,-0.509090909090909,-0.6136363636363636,-0.41818181818181815,-0.5045454545454545,-0.42727272727272725,-0.2590909090909091,-0.5,-0.7045454545454546,-0.35454545454545455,-0.5909090909090909,-0.2818181818181818,-0.4954545454545455,-0.31363636363636366,-0.2409090909090909,-0.33636363636363636,-0.6590909090909091,-0.24545454545454545,-0.5590909090909091,-0.19545454545454546,-0.44545454545454544,-0.20454545454545456,-0.2409090909090909,-0.1590909090909091,-0.5681818181818182,-0.16818181818181818,-0.7727272727272727,-0.16818181818181818,-0.9454545454545454,-0.16818181818181818
4,0.0,0.0,-0.10084033613445378,-0.24789915966386555,-0.24789915966386555,-0.5630252100840336,-0.3403361344537815,-0.8025210084033614,-0.38235294117647056,-1.0,-0.2689075630252101,-0.6050420168067226,-0.6302521008403361,-0.49159663865546216,-0.5462184873949579,-0.40336134453781514,-0.44537815126050423,-0.4117647058823529,-0.2184873949579832,-0.4957983193277311,-0.6386554621848739,-0.3739495798319328,-0.5378151260504201,-0.3025210084033613,-0.4495798319327731,-0.31512605042016806,-0.21428571428571427,-0.3487394957983193,-0.6050420168067226,-0.2815126050420168,-0.5126050420168067,-0.226890756302521,-0.4117647058823529,-0.21428571428571427,-0.22268907563025211,-0.18067226890756302,-0.5252100840336135,-0.20588235294117646,-0.7016806722689075,-0.23109243697478993,-0.865546218487395,-0.25210084033613445
4,0.0,0.0,-0.1059322033898305,-0.2627118644067797,-0.2584745762711864,-0.5677966101694916,-0.3474576271186441,-0.809322033898305,-0.3898305084745763,-1.0,-0.2754237288135593,-0.6059322033898306,-0.652542372881356,-0.5296610169491526,-0.5720338983050848,-0.4322033898305085,-0.4788135593220339,-0.4279661016949153,-0.2245762711864407,-0.4957627118644068,-0.6694915254237288,-0.3983050847457627,-0.5677966101694916,-0.3177966101694915,-0.4745762711864407,-0.3305084745762712,-0.21610169491525424,-0.3389830508474576,-0.6271186440677966,-0.2923728813559322,-0.5423728813559322,-0.2245762711864407,-0.4364406779661017,-0.211864406779661,-0.22033898305084745,-0.1652542372881356,-0.5127118644067796,-0.2245762711864407,-0.6991525423728814,-0.2542372881355932,-0.8686440677966102,-0.2796610169491525
4,0.0,0.0,-0.0954356846473029,-0.2572614107883817,-0.23651452282157676,-0.5684647302904564,-0.3278008298755187,-0.8091286307053942,-0.35269709543568467,-1.0,-0.24896265560165975,-0.6224066390041494,-0.6307053941908713,-0.5352697095435685,-0.5601659751037344,-0.44398340248962653,-0.46473029045643155,-0.44813278008298757,-0.1950207468879668,-0.5145228215767634,-0.6307053941908713,-0.4107883817427386,-0.5394190871369294,-0.34024896265560167,-0.45228215767634855,-0.34439834024896265,-0.1908713692946058,-0.36929460580912865,-0.5892116182572614,-0.3153526970954357,-0.5020746887966805,-0.25311203319502074,-0.4024896265560166,-0.23651452282157676,-0.2074688796680498,-0.21161825726141079,-0.49377593360995853,-0.24481327800829875,-0.6639004149377593,-0.27800829875518673,-0.8215767634854771,-0.3029045643153527
4,0.0,0.0,-0.0881057268722467,-0.2775330396475771,-0.23788546255506607,-0.5814977973568282,-0.34801762114537443,-0.8193832599118943,-0.4008810572687225,-1.0,-0.2599118942731278,-0.6784140969162996,-0.6431718061674009,-0.6035242290748899,-0.5594713656387665,-0.4933920704845815,-0.45374449339207046,-0.4845814977973568,-0.21145374449339208,-0.5682819383259912,-0.6607929515418502,-0.46255506607929514,-0.5506607929515418,-0.3700440528634361,-0.44933920704845814,-0.3744493392070485,-0.20704845814977973,-0.4185022026431718,-0.6167400881057269,-0.34801762114537443,-0.5066079295154186,-0.2775330396475771,-0.3876651982378855,-0.2643171806167401,-0.21145374449339208,-0.24669603524229075,-0.5198237885462555,-0.2907488986784141,-0.7180616740088106,-0.31718061674008813,-0.8942731277533039,-0.3392070484581498
4,0.0,0.0,-0.08786610878661087,-0.2594142259414226,-0.2301255230125523,-0.5690376569037657,-0.3179916317991632,-0.8075313807531381,-0.3472803347280335,-1.0,-0.23430962343096234,-0.6276150627615062,-0.5983263598326359,-0.5355648535564853,-0.5230125523012552,-0.4393305439330544,-0.42677824267782427,-0.4351464435146444,-0.1799163179916318,-0.5188284518828452,-0.6150627615062761,-0.40585774058577406,-0.5104602510460251,-0.3305439330543933,-0.42677824267782427,-0.3389121338912134,-0.17573221757322174,-0.3723849372384937,-0.5774058577405857,-0.3138075313807531,-0.4811715481171548,-0.2510460251046025,-0.37656903765690375,-0.23430962343096234,-0.18828451882845187,-0.20502092050209206,-0.4811715481171548,-0.2510460251046025,-0.6527196652719666,-0.27615062761506276,-0.8117154811715481,-0.301255230125523
4,0.0,0.0,-0.0970464135021097,-0.27848101265822783,-0.25738396624472576,-0.569620253164557,-0.3628691983122363,-0.8059071729957806,-0.4008438818565401,-1.0,-0.28270042194092826,-0.6371308016877637,-0.6455696202531646,-0.5274261603375527,-0.5654008438818565,-0.42616033755274263,-0.4641350210970464,-0.42616033755274263,-0.22362869198312235,-0.5232067510548524,-0.6582278481012658,-0.38396624472573837,-0.5485232067510548,-0.3080168776371308,-0.4472573839662447,-0.3291139240506329,-0.20675105485232068,-0.3628691983122363,-0.6075949367088608,-0.270042194092827,-0.5063291139240507,-0.21940928270042195,-0.3924050632911392,-0.21940928270042195,-0.20675105485232068,-0.18565400843881857,-0.510548523206751,-0.20675105485232068,-0.6962025316455697,-0.22784810126582278,-0.8607594936708861,-0.24472573839662448
4,0.0,0.0,-0.1206896551724138,-0.2801724137931034,-0.29310344827586204,-0.5775862068965517,-0.4051724137931034,-0.8146551724137931,-0.46120689655172414,-1.0,-0.3146551724137931,-0.6293103448275862,-0.6853448275862069,-0.5258620689655172,-0.603448275862069,-0.4396551724137931,-0.5129310344827587,-0.4482758620689655,-0.25862068965517243,-0.5129310344827587,-0.6982758620689655,-0.39655172413793105,-0.5948275862068966,-0.3232758620689655,-0.5043103448275862,-0.33620689655172414,-0.24568965517241378,-0.35344827586206895,-0.6594827586206896,-0.3017241379310345,-0.5689655172413793,-0.23706896551724138,-0.46551724137931033,-0.21982758620689655,-0.24568965517241378,-0.17672413793103448,-0.5431034482758621,-0.21120689655172414,-0.728448275862069,-0.23275862068965517,-0.896551724137931,-0.24568965517241378
4,0.0,0.0,-0.11320754716981132,-0.3018867924528302,-0.3018867924528302,-0.5707547169811321,-0.46226415094339623,-0.7735849056603774,-0.5707547169811321,-0.8773584905660378,-0.33962264150943394,-0.7028301886792453,-0.7358490566037735,-0.5801886792452831,-0.6462264150943396,-0.47641509433962265,-0.5471698113207547,-0.4811320754716981,-0.2783018867924528,-0.5943396226415094,-0.7452830188679245,-0.42452830188679247,-0.6226415094339622,-0.3443396226415094,-0.5188679245283019,-0.36792452830188677,-0.25943396226415094,-0.42452830188679247,-0.6933962264150944,-0.3018867924528302,-0.5801886792452831,-0.25471698113207547,-0.4669811320754717,-0.25943396226415094,-0.25471698113207547,-0.23113207547169812,-0.5943396226415094,-0.21226415094339623,-0.8066037735849056,-0.20754716981132076,-1.0,-0.21226415094339623
4,0.0,0.0,-0.13636363636363635,-0.2727272727272727,-0.32727272727272727,-0.5636363636363636,-0.45,-0.7954545454545454,-0.5045454545454545,-1.0,-0.36363636363636365,-0.5909090909090909,-0.75,-0.44545454545454544,-0.6409090909090909,-0.35454545454545455,-0.5227272727272727,-0.36818181818181817,-0.3,-0.4590909090909091,-0.7545454545454545,-0.2772727272727273,-0.6136363636363636,-0.20454545454545456,-0.5045454545454545,-0.24545454545454545,-0.2772727272727273,-0.2818181818181818,-0.7,-0.16363636363636364,-0.5818181818181818,-0.12272727272727273,-0.4590909090909091,-0.1409090909090909,-0.2636363636363636,-0.09545454545454546,-0.5954545454545455,-0.08181818181818182,-0.7772727272727272,-0.07272727272727272,-0.9454545454545454,-0.06363636363636363
4,0.0,0.0,-0.15765765765765766,-0.2702702702702703,-0.36936936936936937,-0.5675675675675675,-0.4954954954954955,-0.8018018018018018,-0.5720720720720721,-1.0,-0.3963963963963964,-0.5405405405405406,-0.7792792792792793,-0.35585585585585583,-0.6576576576576577,-0.2927927927927928,-0.5405405405405406,-0.3333333333333333,-0.32882882882882886,-0.3918918918918919,-0.7522522522522522,-0.2072072072072072,-0.6171171171171171,-0.16666666666666666,-0.5135135135135135,-0.21621621621621623,-0.2927927927927928,-0.2072072072072072,-0.6936936936936937,-0.08558558558558559,-0.581081081081081,-0.05855855855855856,-0.4594594594594595,-0.09009009009009009,-0.2747747747747748,-0.018018018018018018,-0.6126126126126126,0.0,-0.8153153153153153,0.018018018018018018,-0.9954954954954955,0.02702702702702703
4,0.0,0.0,-0.16143497757847533,-0.26905829596412556,-0.3721973094170404,-0.5560538116591929,-0.515695067264574,-0.7847533632286996,-0.6053811659192825,-0.9730941704035875,-0.3991031390134529,-0.5605381165919282,-0.7668161434977578,-0.38565022421524664,-0.6591928251121076,-0.31390134529147984,-0.5560538116591929,-0.34977578475336324,-0.33183856502242154,-0.4260089686098655,-0.7488789237668162,-0.242152466367713,-0.6322869955156951,-0.19282511210762332,-0.5381165919282511,-0.22869955156950672,-0.30493273542600896,-0.2600896860986547,-0.7174887892376681,-0.13901345291479822,-0.6188340807174888,-0.09865470852017937,-0.5112107623318386,-0.11659192825112108,-0.29596412556053814,-0.07623318385650224,-0.6322869955156951,-0.04932735426008968,-0.8295964125560538,-0.02242152466367713,-1.0,-0.004484304932735426
4,0.0,0.0,-0.16203703703703703,-0.27314814814814814,-0.37962962962962965,-0.5648148148148148,-0.5324074074074074,-0.7870370370370371,-0.625,-0.9768518518518519,-0.41203703703703703,-0.6018518518518519,-0.8055555555555556,-0.4444444444444444,-0.6990740740740741,-0.35648148148148145,-0.5879629629629629,-0.37962962962962965,-0.3425925925925926,-0.47685185185185186,-0.7777777777777778,-0.2777777777777778,-0.6527777777777778,-0.2222222222222222,-0.5555555555555556,-0.25925925925925924,-0.3055555555555556,-0.30092592592592593,-0.7175925925925926,-0.1574074074074074,-0.6111111111111112,-0.11574074074074074,-0.49537037037037035,-0.14351851851851852,-0.28703703703703703,-0.1111111111111111,-0.6342592592592593,-0.06481481481481481,-0.8287037037037037,-0.032407407407407406,-1.0,-0.013888888888888888
4,0.0,0.0,-0.17180616740088106,-0.2687224669603524,-0.40969162995594716,-0.5330396475770925,-0.5638766519823789,-0.7444933920704846,-0.6651982378854625,-0.933920704845815,-0.45374449339207046,-0.4889867841409692,-0.8061674008810573,-0.31277533039647576,-0.6784140969162996,-0.2643171806167401,-0.5594713656387665,-0.31277533039647576,-0.4008810572687225,-0.34801762114537443,-0.7709251101321586,-0.17180616740088106,-0.6343612334801763,-0.14537444933920704,-0.5374449339207048,-0.20704845814977973,-0.3700440528634361,-0.1762114537444934,-0.7268722466960352,-0.05286343612334802,-0.6167400881057269,-0.02643171806167401,-0.5022026431718062,-0.06167400881057269,-0.3436123348017621,0.004405286343612335,-0.6651982378854625,0.039647577092511016,-0.8458149779735683,0.06607929515418502,-1.0,0.09251101321585903
4,0.0,0.0,-0.17410714285714285,-0.23214285714285715,-0.4017857142857143,-0.5089285714285714,-0.5535714285714286,-0.7232142857142857,-0.6607142857142857,-0.90625,-0.44642857142857145,-0.5178571428571429,-0.8169642857142857,-0.3125,-0.7455357142857143,-0.22321428571428573,-0.6473214285714286,-0.23214285714285715,-0.38392857142857145,-0.39285714285714285,-0.7723214285714286,-0.17857142857142858,-0.6830357142857143,-0.12053571428571429,-0.59375,-0.14285714285714285,-0.3392857142857143,-0.22321428571428573,-0.7276785714285714,-0.07142857142857142,-0.6473214285714286,-0.017857142857142856,-0.5446428571428571,-0.022321428571428572,-0.3125,-0.03571428571428571,-0.65625,0.022321428571428572,-0.8482142857142857,0.05803571428571429,-1.0,0.08482142857142858
4,0.0,0.0,-0.16455696202531644,-0.23628691983122363,-0.4008438818565401,-0.48523206751054854,-0.569620253164557,-0.6708860759493671,-0.6751054852320675,-0.8438818565400844,-0.46835443037974683,-0.45569620253164556,-0.810126582278481,-0.25738396624472576,-0.7130801687763713,-0.1940928270042194,-0.6033755274261603,-0.22362869198312235,-0.41350210970464135,-0.32489451476793246,-0.7721518987341772,-0.12236286919831224,-0.6582278481012658,-0.08016877637130802,-0.5611814345991561,-0.11814345991561181,-0.37130801687763715,-0.16033755274261605,-0.7172995780590717,-0.008438818565400843,-0.620253164556962,0.02531645569620253,-0.5147679324894515,0.004219409282700422,-0.3333333333333333,0.016877637130801686,-0.6540084388185654,0.07172995780590717,-0.8396624472573839,0.11392405063291139,-1.0,0.14767932489451477
4,0.0,0.0,-0.15450643776824036,-0.2317596566523605,-0.38626609442060084,-0.49356223175965663,-0.5450643776824035,-0.6866952789699571,-0.6566523605150214,-0.8583690987124464,-0.4592274678111588,-0.47639484978540775,-0.8025751072961373,-0.2832618025751073,-0.7124463519313304,-0.21030042918454936,-0.6051502145922747,-0.24034334763948498,-0.4034334763948498,-0.34334763948497854,-0.7725321888412017,-0.15021459227467812,-0.6738197424892703,-0.1072961373390558,-0.5793991416309013,-0.13733905579399142,-0.3648068669527897,-0.18025751072961374,-0.721030042918455,-0.03862660944206009,-0.630901287553648,0.0,-0.5321888412017167,-0.017167381974248927,-0.33476394849785407,-0.004291845493562232,-0.6523605150214592,0.060085836909871244,-0.8412017167381974,0.09871244635193133,-1.0,0.12446351931330472
4,0.0,0.0,-0.1566265060240964,-0.21686746987951808,-0.40160642570281124,-0.4497991967871486,-0.5662650602409639,-0.6265060240963856,-0.6827309236947792,-0.7831325301204819,-0.4779116465863454,-0.41767068273092367,-0.7871485943775101,-0.1927710843373494,-0.678714859437751,-0.1566265060240964,-0.5823293172690763,-0.20481927710843373,-0.41767068273092367,-0.28112449799196787,-0.7469879518072289,-0.060240963855421686,-0.6265060240963856,-0.04417670682730924,-0.5421686746987951,-0.08835341365461848,-0.37349397590361444,-0.12048192771084337,-0.7028112449799196,0.040160642570281124,-0.6024096385542169,0.060240963855421686,-0.5020080321285141,0.040160642570281124,-0.3333333333333333,0.04819277108433735,-0.6546184738955824,0.11646586345381527,-0.8393574297188755,0.1566265060240964,-1.0,0.18473895582329317
4,0.0,0.0,-0.1589958158995816,-0.21338912133891214,-0.40585774058577406,-0.4560669456066946,-0.5732217573221757,-0.6443514644351465,-0.694560669456067,-0.803347280334728,-0.46443514644351463,-0.4393305439330544,-0.8117154811715481,-0.24267782426778242,-0.7112970711297071,-0.1799163179916318,-0.5941422594142259,-0.20920502092050208,-0.41841004184100417,-0.30962343096234307,-0.7656903765690377,-0.11297071129707113,-0.6694560669456067,-0.07112970711297072,-0.5857740585774058,-0.10460251046025104,-0.3807531380753138,-0.14225941422594143,-0.7196652719665272,-0.0041841004184100415,-0.6359832635983264,0.03765690376569038,-0.5355648535564853,0.016736401673640166,-0.35564853556485354,0.03347280334728033,-0.6694560669456067,0.100418410041841,-0.8535564853556485,0.1506276150627615,-1.0,0.18828451882845187
4,0.0,0.0,-0.16597510373443983,-0.2157676348547718,-0.3983402489626556,-0.45228215767634855,-0.5601659751037344,-0.6348547717842323,-0.6887966804979253,-0.7883817427385892,-0.47717842323651455,-0.45228215767634855,-0.7842323651452282,-0.2157676348547718,-0.7053941908713693,-0.14937759336099585,-0.6099585062240664,-0.16597510373443983,-0.4107883817427386,-0.33195020746887965,-0.7385892116182573,-0.08713692946058091,-0.6680497925311203,-0.04979253112033195,-0.5975103734439834,-0.06639004149377593,-0.36099585062240663,-0.17012448132780084,-0.6929460580912863,0.012448132780082987,-0.6390041493775933,0.06224066390041494,-0.5726141078838174,0.06639004149377593,-0.31950207468879666,0.004149377593360996,-0.6431535269709544,0.0912863070539419,-0.8340248962655602,0.13692946058091288,-1.0,0.17427385892116182
4,0.0,0.0,-0.16666666666666666,-0.2073170731707317,-0.4186991869918699,-0.43902439024390244,-0.5975609756097561,-0.6056910569105691,-0.7235772357723578,-0.7601626016260162,-0.4878048780487805,-0.4105691056910569,-0.7845528455284553,-0.18699186991869918,-0.6788617886178862,-0.14634146341463414,-0.573170731707317,-0.18699186991869918,-0.4349593495934959,-0.2682926829268293,-0.7398373983739838,-0.06097560975609756,-0.6260162601626016,-0.04878048780487805,-0.540650406504065,-0.08536585365853659,-0.3861788617886179,-0.10975609756097561,-0.6991869918699187,0.04065040650406504,-0.6097560975609756,0.06910569105691057,-0.5203252032520326,0.056910569105691054,-0.34146341463414637,0.056910569105691054,-0.6585365853658537,0.12195121951219512,-0.8414634146341463,0.16666666666666666,-1.0,0.2032520325203252
4,0.0,0.0,-0.1829787234042553,-0.2127659574468085,-0.425531914893617,-0.4425531914893617,-0.6,-0.6382978723404256,-0.7148936170212766,-0.8042553191489362,-0.4808510638297872,-0.44680851063829785,-0.825531914893617,-0.20851063829787234,-0.7531914893617021,-0.1276595744680851,-0.6553191489361702,-0.13617021276595745,-0.42127659574468085,-0.3276595744680851,-0.7702127659574468,-0.06808510638297872,-0.6936170212765957,-0.029787234042553193,-0.6170212765957447,-0.05106382978723404,-0.3702127659574468,-0.16595744680851063,-0.7191489361702128,0.029787234042553193,-0.6638297872340425,0.0851063829787234,-0.5914893617021276,0.08936170212765958,-0.33617021276595743,0.01276595744680851,-0.6553191489361702,0.11914893617021277,-0.8425531914893617,0.17446808510638298,-1.0,0.22127659574468084
4,0.0,0.0,-0.1853448275862069,-0.22844827586206898,-0.4525862068965517,-0.4482758620689655,-0.646551724137931,-0.6077586206896551,-0.7801724137931034,-0.771551724137931,-0.5301724137931034,-0.4224137931034483,-0.8362068965517241,-0.1810344827586207,-0.7198275862068966,-0.1336206896551724,-0.6077586206896551,-0.17672413793103448,-0.46551724137931033,-0.27586206896551724,-0.771551724137931,-0.05172413793103448,-0.6724137931034483,-0.034482758620689655,-0.5775862068965517,-0.07327586206896551,-0.4051724137931034,-0.10775862068965517,-0.7068965517241379,0.06465517241379311,-0.6206896551724138,0.08189655172413793,-0.5258620689655172,0.05172413793103448,-0.35344827586206895,0.06465517241379311,-0.6724137931034483,0.15086206896551724,-0.853448275862069,0.1939655172413793,-1.0,0.23275862068965517
4,0.0,0.0,-0.16532258064516128,-0.1975806451612903,-0.41935483870967744,-0.41935483870967744,-0.6008064516129032,-0.5806451612903226,-0.717741935483871,-0.7258064516129032,-0.5,-0.3951612903225806,-0.7903225806451613,-0.16532258064516128,-0.6774193548387096,-0.11290322580645161,-0.5766129032258065,-0.15725806451612903,-0.4475806451612903,-0.2701612903225806,-0.7419354838709677,-0.04032258064516129,-0.625,-0.008064516129032258,-0.5403225806451613,-0.04435483870967742,-0.4032258064516129,-0.10887096774193548,-0.6975806451612904,0.07258064516129033,-0.5967741935483871,0.10080645161290322,-0.4959677419354839,0.07661290322580645,-0.3709677419354839,0.06048387096774194,-0.6733870967741935,0.13709677419354838,-0.8508064516129032,0.1935483870967742,-1.0,0.22983870967741934
4,0.0,0.0,-0.16942148760330578,-0.21074380165289255,-0.44214876033057854,-0.4297520661157025,-0.640495867768595,-0.5909090909090909,-0.7768595041322314,-0.7355371900826446,-0.5206611570247934,-0.3884297520661157,-0.7975206611570248,-0.15702479338842976,-0.6859504132231405,-0.12396694214876033,-0.5867768595041323,-0.16942148760330578,-0.47107438016528924,-0.24793388429752067,-0.7479338842975206,-0.028925619834710745,-0.628099173553719,-0.02066115702479339,-0.5371900826446281,-0.06198347107438017,-0.4256198347107438,-0.08677685950413223,-0.7107438016528925,0.08677685950413223,-0.5950413223140496,0.09504132231404959,-0.49586776859504134,0.06198347107438017,-0.38016528925619836,0.08264462809917356,-0.6776859504132231,0.16942148760330578,-0.8512396694214877,0.2396694214876033,-1.0,0.2975206611570248
4,0.0,0.0,-0.17479674796747968,-0.2032520325203252,-0.44308943089430897,-0.4105691056910569,-0.6300813008130082,-0.573170731707317,-0.7560975609756098,-0.7235772357723578,-0.524390243902439,-0.3821138211382114,-0.8048780487804879,-0.15447154471544716,-0.6951219512195121,-0.10975609756097561,-0.5934959349593496,-0.15040650406504066,-0.4715447154471545,-0.24796747967479674,-0.7520325203252033,-0.02032520325203252,-0.6382113821138211,-0.0040650406504065045,-0.5528455284552846,-0.044715447154471545,-0.4146341463414634,-0.08943089430894309,-0.7032520325203252,0.08536585365853659,-0.6016260162601627,0.10569105691056911,-0.508130081300813,0.07723577235772358,-0.36585365853658536,0.07317073170731707,-0.6666666666666666,0.16666666666666666,-0.8455284552845529,0.23170731707317074,-1.0,0.2845528455284553
4,0.0,0.0,-0.18672199170124482,-0.21161825726141079,-0.44398340248962653,-0.4315352697095436,-0.6307053941908713,-0.5933609958506224,-0.7634854771784232,-0.7510373443983402,-0.5186721991701245,-0.4066390041493776,-0.7925311203319502,-0.15352697095435686,-0.6804979253112033,-0.11203319502074689,-0.5767634854771784,-0.16182572614107885,-0.45643153526970953,-0.27800829875518673,-0.7427385892116183,-0.03319502074688797,-0.6307053941908713,-0.012448132780082987,-0.5477178423236515,-0.05394190871369295,-0.4024896265560166,-0.11618257261410789,-0.7012448132780082,0.07053941908713693,-0.6016597510373444,0.0995850622406639,-0.5020746887966805,0.06639004149377593,-0.36099585062240663,0.04979253112033195,-0.6639004149377593,0.14937759336099585,-0.8464730290456431,0.21161825726141079,-1.0,0.2572614107883817
4,0.0,0.0,-0.19469026548672566,-0.2168141592920354,-0.4911504424778761,-0.4247787610619469,-0.7123893805309734,-0.5929203539823009,-0.8672566371681416,-0.7433628318584071,-0.5575221238938053,-0.415929203539823,-0.8893805309734514,-0.18141592920353983,-0.7787610619469026,-0.12831858407079647,-0.672566371681416,-0.16371681415929204,-0.4911504424778761,-0.2831858407079646,-0.8185840707964602,-0.035398230088495575,-0.6946902654867256,-0.022123893805309734,-0.6106194690265486,-0.0752212389380531,-0.42920353982300885,-0.11061946902654868,-0.7477876106194691,0.07964601769911504,-0.6415929203539823,0.09734513274336283,-0.5486725663716814,0.06637168141592921,-0.37610619469026546,0.07079646017699115,-0.6814159292035398,0.168141592920354,-0.8495575221238938,0.23893805309734514,-1.0,0.29646017699115046
4,0.0,0.0,-0.16666666666666666,-0.21138211382113822,-0.3902439024390244,-0.44308943089430897,-0.5528455284552846,-0.6178861788617886,-0.6544715447154471,-0.7845528455284553,-0.45528455284552843,-0.43089430894308944,-0.7520325203252033,-0.21951219512195122,-0.6504065040650406,-0.17073170731707318,-0.556910569105691,-0.2032520325203252,-0.4105691056910569,-0.3130081300813008,-0.7276422764227642,-0.0975609756097561,-0.6138211382113821,-0.06097560975609756,-0.532520325203252,-0.09349593495934959,-0.37398373983739835,-0.15853658536585366,-0.6991869918699187,0.0040650406504065045,-0.6016260162601627,0.04065040650406504,-0.5040650406504065,0.02032520325203252,-0.34959349593495936,0.008130081300813009,-0.6626016260162602,0.07723577235772358,-0.8414634146341463,0.12601626016260162,-1.0,0.16260162601626016
4,0.0,0.0,-0.1487603305785124,-0.2231404958677686,-0.38016528925619836,-0.45867768595041325,-0.5413223140495868,-0.640495867768595,-0.6570247933884298,-0.8057851239669421,-0.45041322314049587,-0.43388429752066116,-0.7603305785123967,-0.2231404958677686,-0.6694214876033058,-0.1652892561983471,-0.5619834710743802,-0.1859504132231405,-0.4049586776859504,-0.30991735537190085,-0.71900826446281,-0.10330578512396695,-0.6198347107438017,-0.06611570247933884,-0.5371900826446281,-0.09504132231404959,-0.3677685950413223,-0.1487603305785124,-0.6818181818181818,0.004132231404958678,-0.5991735537190083,0.045454545454545456,-0.5041322314049587,0.028925619834710745,-0.34297520661157027,0.02066115702479339,-0.6570247933884298,0.08677685950413223,-0.8429752066115702,0.1446280991735537,-1.0,0.1859504132231405
4,0.0,0.0,-0.14285714285714285,-0.226890756302521,-0.36554621848739494,-0.47058823529411764,-0.5168067226890757,-0.6680672268907563,-0.6134453781512605,-0.8445378151260504,-0.44537815126050423,-0.4411764705882353,-0.7521008403361344,-0.22268907563025211,-0.6554621848739496,-0.16806722689075632,-0.5462184873949579,-0.19327731092436976,-0.3949579831932773,-0.31932773109243695,-0.7142857142857143,-0.09663865546218488,-0.6050420168067226,-0.07142857142857142,-0.5252100840336135,-0.1092436974789916,-0.35714285714285715,-0.15546218487394958,-0.680672268907563,0.008403361344537815,-0.5882352941176471,0.04201680672268908,-0.49159663865546216,0.029411764705882353,-0.3319327731092437,0.01680672268907563,-0.6512605042016807,0.08403361344537816,-0.8403361344537815,0.13025210084033614,-1.0,0.1638655462184874
4,0.0,0.0,-0.15178571428571427,-0.23214285714285715,-0.375,-0.4955357142857143,-0.53125,-0.7142857142857143,-0.6160714285714286,-0.8973214285714286,-0.4107142857142857,-0.49107142857142855,-0.7678571428571429,-0.33035714285714285,-0.6919642857142857,-0.25,-0.5892857142857143,-0.24553571428571427,-0.3794642857142857,-0.38392857142857145,-0.7589285714285714,-0.20089285714285715,-0.6607142857142857,-0.13839285714285715,-0.5758928571428571,-0.15625,-0.35714285714285715,-0.21428571428571427,-0.7276785714285714,-0.09375,-0.6517857142857143,-0.03125,-0.5625,-0.03125,-0.34375,-0.026785714285714284,-0.65625,0.04017857142857143,-0.8392857142857143,0.10267857142857142,-1.0,0.14285714285714285
4,0.0,0.0,-0.125,-0.225,-0.3416666666666667,-0.4791666666666667,-0.48333333333333334,-0.6833333333333333,-0.5666666666666667,-0.8541666666666666,-0.42083333333333334,-0.45,-0.7541666666666667,-0.2833333333333333,-0.6666666666666666,-0.22916666666666666,-0.5708333333333333,-0.25416666666666665,-0.3875,-0.31666666666666665,-0.7375,-0.15416666666666667,-0.6458333333333334,-0.1125,-0.5625,-0.1375,-0.36666666666666664,-0.15,-0.7166666666666667,-0.0375,-0.6416666666666667,0.004166666666666667,-0.55,0.0,-0.3625,0.020833333333333332,-0.6708333333333333,0.07083333333333333,-0.8458333333333333,0.10416666666666667,-1.0,0.125
4,0.0,0.0,-0.13191489361702127,-0.225531914893617,-0.3276595744680851,-0.5234042553191489,-0.44680851063829785,-0.7404255319148936,-0.5106382978723404,-0.9319148936170213,-0.39574468085106385,-0.5319148936170213,-0.7361702127659574,-0.3659574468085106,-0.6297872340425532,-0.2936170212765957,-0.5276595744680851,-0.33191489361702126,-0.34893617021276596,-0.4,-0.7148936170212766,-0.2425531914893617,-0.6085106382978723,-0.1829787234042553,-0.5191489361702127,-0.20425531914893616,-0.32340425531914896,-0.23829787234042554,-0.6978723404255319,-0.13191489361702127,-0.6042553191489362,-0.08085106382978724,-0.48936170212765956,-0.08936170212765958,-0.32340425531914896,-0.06382978723404255,-0.6553191489361702,-0.03829787234042553,-0.8468085106382979,-0.029787234042553193,-1.0,-0.0425531914893617
4,0.0,0.0,-0.1148936170212766,-0.2297872340425532,-0.28936170212765955,-0.5276595744680851,-0.39574468085106385,-0.7531914893617021,-0.44680851063829785,-0.9404255319148936,-0.3446808510638298,-0.5446808510638298,-0.7148936170212766,-0.425531914893617,-0.6212765957446809,-0.33191489361702126,-0.5191489361702127,-0.35319148936170214,-0.3191489361702128,-0.42127659574468085,-0.7106382978723405,-0.2936170212765957,-0.6170212765957447,-0.225531914893617,-0.5276595744680851,-0.23829787234042554,-0.3148936170212766,-0.25957446808510637,-0.6893617021276596,-0.1829787234042553,-0.6085106382978723,-0.11914893617021277,-0.5063829787234042,-0.11914893617021277,-0.3276595744680851,-0.09787234042553192,-0.6510638297872341,-0.10212765957446808,-0.8425531914893617,-0.10212765957446808,-1.0,-0.1148936170212766
4,0.0,0.0,-0.11013215859030837,-0.2422907488986784,-0.2907488986784141,-0.5594713656387665,-0.4052863436123348,-0.788546255506608,-0.46255506607929514,-0.986784140969163,-0.3568281938325991,-0.5550660792951542,-0.7136563876651982,-0.42731277533039647,-0.6167400881057269,-0.3392070484581498,-0.5022026431718062,-0.3568281938325991,-0.3303964757709251,-0.42290748898678415,-0.7224669603524229,-0.29515418502202645,-0.6167400881057269,-0.2290748898678414,-0.5198237885462555,-0.23788546255506607,-0.32599118942731276,-0.2555066079295154,-0.7092511013215859,-0.18502202643171806,-0.6167400881057269,-0.12334801762114538,-0.5110132158590308,-0.1145374449339207,-0.33480176211453744,-0.08370044052863436,-0.6607929515418502,-0.1013215859030837,-0.8458149779735683,-0.10572687224669604,-1.0,-0.1145374449339207
4,0.0,0.0,-0.10434782608695652,-0.24347826086956523,-0.2782608695652174,-0.5521739130434783,-0.3869565217391304,-0.782608695652174,-0.4434782608695652,-0.9782608695652174,-0.3217391304347826,-0.5739130434782609,-0.6956521739130435,-0.45217391304347826,-0.6130434782608696,-0.3565217391304348,-0.5043478260869565,-0.3695652173913043,-0.2956521739130435,-0.4391304347826087,-0.7,-0.3217391304347826,-0.6086956521739131,-0.24782608695652175,-0.5173913043478261,-0.2565217391304348,-0.3,-0.27391304347826084,-0.691304347826087,-0.20869565217391303,-0.6130434782608696,-0.14347826086956522,-0.5130434782608696,-0.13478260869565217,-0.3217391304347826,-0.10434782608695652,-0.6608695652173913,-0.12608695652173912,-0.8478260869565217,-0.13478260869565217,-1.0,-0.15217391304347827
4,0.0,0.0,-0.10043668122270742,-0.2445414847161572,-0.26200873362445415,-0.5589519650655022,-0.36681222707423583,-0.7991266375545851,-0.4148471615720524,-1.0,-0.30131004366812225,-0.5764192139737991,-0.6768558951965066,-0.47161572052401746,-0.5895196506550219,-0.3799126637554585,-0.4759825327510917,-0.388646288209607,-0.2794759825327511,-0.4410480349344978,-0.6855895196506551,-0.3318777292576419,-0.5851528384279476,-0.2663755458515284,-0.4847161572052402,-0.2794759825327511,-0.28820960698689957,-0.27510917030567683,-0.6637554585152838,-0.2183406113537118,-0.5720524017467249,-0.1615720524017467,-0.4672489082969432,-0.16593886462882096,-0.31004366812227074,-0.1091703056768559,-0.6200873362445415,-0.12663755458515283,-0.8034934497816594,-0.13100436681222707,-0.9606986899563319,-0.14410480349344978
4,0.0,0.0,-0.07456140350877193,-0.2631578947368421,-0.24561403508771928,-0.5789473684210527,-0.34649122807017546,-0.8201754385964912,-0.39035087719298245,-1.0,-0.27631578947368424,-0.6491228070175439,-0.6798245614035088,-0.5263157894736842,-0.5921052631578947,-0.42543859649122806,-0.4824561403508772,-0.4473684210526316,-0.2412280701754386,-0.5307017543859649,-0.6842105263157895,-0.3991228070175439,-0.5745614035087719,-0.32456140350877194,-0.4868421052631579,-0.34649122807017546,-0.2543859649122807,-0.3684210526315789,-0.6666666666666666,-0.3026315789473684,-0.5657894736842105,-0.2412280701754386,-0.4517543859649123,-0.2324561403508772,-0.2894736842105263,-0.19736842105263158,-0.6140350877192983,-0.24561403508771928,-0.8070175438596491,-0.2719298245614035,-0.9692982456140351,-0.2982456140350877
4,0.0,0.0,-0.07531380753138076,-0.25523012552301255,-0.20920502092050208,-0.5690376569037657,-0.28451882845188287,-0.8075313807531381,-0.3054393305439331,-1.0,-0.2384937238493724,-0.6150627615062761,-0.606694560669456,-0.5271966527196653,-0.5271966527196653,-0.4351464435146444,-0.42677824267782427,-0.4393305439330544,-0.20920502092050208,-0.5062761506276151,-0.6150627615062761,-0.40585774058577406,-0.5146443514644351,-0.33472803347280333,-0.42677824267782427,-0.33472803347280333,-0.2175732217573222,-0.3598326359832636,-0.5941422594142259,-0.30962343096234307,-0.5062761506276151,-0.24267782426778242,-0.4100418410041841,-0.2217573221757322,-0.23430962343096234,-0.200836820083682,-0.5397489539748954,-0.24686192468619247,-0.7196652719665272,-0.27615062761506276,-0.8744769874476988,-0.301255230125523
4,0.0,0.0,-0.07112970711297072,-0.26359832635983266,-0.200836820083682,-0.5690376569037657,-0.2803347280334728,-0.8075313807531381,-0.3138075313807531,-1.0,-0.24267782426778242,-0.6234309623430963,-0.6150627615062761,-0.5523012552301255,-0.5355648535564853,-0.4560669456066946,-0.4435146443514644,-0.4476987447698745,-0.21338912133891214,-0.5146443514644351,-0.6234309623430963,-0.41841004184100417,-0.5230125523012552,-0.3389121338912134,-0.4309623430962343,-0.3472803347280335,-0.2217573221757322,-0.36401673640167365,-0.602510460251046,-0.3263598326359833,-0.5146443514644351,-0.2594142259414226,-0.41841004184100417,-0.2384937238493724,-0.2384937238493724,-0.200836820083682,-0.5397489539748954,-0.2510460251046025,-0.7238493723849372,-0.28451882845188287,-0.8870292887029289,-0.3138075313807531
4,0.0,0.0,-0.07083333333333333,-0.2625,-0.18333333333333332,-0.575,-0.25416666666666665,-0.8125,-0.2875,-1.0,-0.21666666666666667,-0.6125,-0.575,-0.5375,-0.5041666666666667,-0.45,-0.4083333333333333,-0.45,-0.1875,-0.5,-0.5958333333333333,-0.4166666666666667,-0.5041666666666667,-0.3541666666666667,-0.42083333333333334,-0.35833333333333334,-0.2,-0.35833333333333334,-0.5833333333333334,-0.3333333333333333,-0.5083333333333333,-0.275,-0.4166666666666667,-0.25833333333333336,-0.22916666666666666,-0.2,-0.5291666666666667,-0.2625,-0.7041666666666667,-0.3,-0.8583333333333333,-0.32916666666666666
4,0.0,0.0,-0.06751054852320675,-0.26582278481012656,-0.20675105485232068,-0.569620253164557,-0.29535864978902954,-0.8059071729957806,-0.3333333333333333,-1.0,-0.24050632911392406,-0.6075949367088608,-0.5991561181434599,-0.5485232067510548,-0.540084388185654,-0.4472573839662447,-0.45569620253164556,-0.4345991561181435,-0.21518987341772153,-0.5063291139240507,-0.6244725738396625,-0.42616033755274263,-0.5274261603375527,-0.3459915611814346,-0.4388185654008439,-0.350210970464135,-0.22362869198312235,-0.3670886075949367,-0.5949367088607594,-0.3333333333333333,-0.5189873417721519,-0.26582278481012656,-0.42616033755274263,-0.24472573839662448,-0.23628691983122363,-0.21518987341772153,-0.5358649789029536,-0.25316455696202533,-0.7257383966244726,-0.28270042194092826,-0.9029535864978903,-0.31223628691983124
4,0.0,0.0,-0.11790393013100436,-0.2794759825327511,-0.28820960698689957,-0.5676855895196506,-0.4017467248908297,-0.7947598253275109,-0.4497816593886463,-1.0,-0.3231441048034934,-0.5589519650655022,-0.6943231441048034,-0.44541484716157204,-0.6026200873362445,-0.3624454148471616,-0.4847161572052402,-0.37117903930131,-0.29694323144104806,-0.4192139737991266,-0.6943231441048034,-0.2925764192139738,-0.5851528384279476,-0.24017467248908297,-0.4759825327510917,-0.26200873362445415,-0.30131004366812225,-0.2576419213973799,-0.6724890829694323,-0.18340611353711792,-0.5764192139737991,-0.13973799126637554,-0.4585152838427948,-0.1615720524017467,-0.31004366812227074,-0.09170305676855896,-0.6244541484716157,-0.09170305676855896,-0.8078602620087336,-0.08733624454148471,-0.9694323144104804,-0.08733624454148471
4,0.0,0.0,-0.1111111111111111,-0.24444444444444444,-0.3022222222222222,-0.5466666666666666,-0.4311111111111111,-0.7822222222222223,-0.5155555555555555,-0.9688888888888889,-0.3422222222222222,-0.5511111111111111,-0.7155555555555555,-0.4444444444444444,-0.6177777777777778,-0.36444444444444446,-0.5111111111111111,-0.37333333333333335,-0.3111111111111111,-0.4266666666666667,-0.7288888888888889,-0.3111111111111111,-0.6311111111111111,-0.25333333333333335,-0.5377777777777778,-0.27111111111111114,-0.3111111111111111,-0.26222222222222225,-0.7155555555555555,-0.2088888888888889,-0.6311111111111111,-0.1511111111111111,-0.5333333333333333,-0.14666666666666667,-0.3244444444444444,-0.08888888888888889,-0.6488888888888888,-0.10222222222222223,-0.8355555555555556,-0.09777777777777778,-1.0,-0.08888888888888889
4,0.0,0.0,-0.14666666666666667,-0.24444444444444444,-0.36444444444444446,-0.5333333333333333,-0.49777777777777776,-0.7555555555555555,-0.5777777777777777,-0.9511111111111111,-0.41333333333333333,-0.5422222222222223,-0.7644444444444445,-0.3688888888888889,-0.6533333333333333,-0.29777777777777775,-0.5511111111111111,-0.3288888888888889,-0.36,-0.41333333333333333,-0.7555555555555555,-0.2311111111111111,-0.6355555555555555,-0.17777777777777778,-0.5377777777777778,-0.2088888888888889,-0.3377777777777778,-0.24444444444444444,-0.72,-0.12444444444444444,-0.6177777777777778,-0.07555555555555556,-0.5111111111111111,-0.08888888888888889,-0.3244444444444444,-0.06222222222222222,-0.6444444444444445,-0.04888888888888889,-0.8355555555555556,-0.04,-1.0,-0.035555555555555556
4,0.0,0.0,-0.14977973568281938,-0.2422907488986784,-0.36123348017621143,-0.5154185022026432,-0.5066079295154186,-0.7180616740088106,-0.6079295154185022,-0.8986784140969163,-0.41409691629955947,-0.5022026431718062,-0.7533039647577092,-0.3436123348017621,-0.6475770925110133,-0.2775330396475771,-0.5418502202643172,-0.29955947136563876,-0.3788546255506608,-0.3788546255506608,-0.7533039647577092,-0.21145374449339208,-0.6431718061674009,-0.15859030837004406,-0.5462555066079295,-0.1894273127753304,-0.36123348017621143,-0.21585903083700442,-0.7400881057268722,-0.1145374449339207,-0.6387665198237885,-0.06607929515418502,-0.5286343612334802,-0.08370044052863436,-0.3524229074889868,-0.039647577092511016,-0.6696035242290749,-0.022026431718061675,-0.8458149779735683,0.0,-1.0,0.013215859030837005
4,0.0,0.0,-0.15486725663716813,-0.23008849557522124,-0.38495575221238937,-0.504424778761062,-0.5442477876106194,-0.7079646017699115,-0.6548672566371682,-0.8849557522123894,-0.4646017699115044,-0.5,-0.7831858407079646,-0.28761061946902655,-0.668141592920354,-0.2345132743362832,-0.5575221238938053,-0.2743362831858407,-0.40707964601769914,-0.37168141592920356,-0.7566371681415929,-0.1504424778761062,-0.6327433628318584,-0.11946902654867257,-0.5353982300884956,-0.15486725663716813,-0.37168141592920356,-0.20353982300884957,-0.7212389380530974,-0.048672566371681415,-0.6061946902654868,-0.01327433628318584,-0.5,-0.035398230088495575,-0.3407079646017699,-0.022123893805309734,-0.6637168141592921,0.030973451327433628,-0.8407079646017699,0.07079646017699115,-1.0,0.09734513274336283
4,0.0,0.0,-0.16591928251121077,-0.24663677130044842,-0.4080717488789238,-0.5022421524663677,-0.5695067264573991,-0.6995515695067265,-0.6816143497757847,-0.8654708520179372,-0.47085201793721976,-0.45739910313901344,-0.7937219730941704,-0.2600896860986547,-0.6816143497757847,-0.21524663677130046,-0.5829596412556054,-0.2556053811659193,-0.4170403587443946,-0.3273542600896861,-0.7668161434977578,-0.12556053811659193,-0.6502242152466368,-0.09417040358744394,-0.5605381165919282,-0.14349775784753363,-0.3811659192825112,-0.16143497757847533,-0.7354260089686099,-0.026905829596412557,-0.6367713004484304,0.008968609865470852,-0.5291479820627802,-0.017937219730941704,-0.34977578475336324,0.02242152466367713,-0.6636771300448431,0.06726457399103139,-0.8475336322869955,0.1210762331838565,-1.0,0.15695067264573992
4,0.0,0.0,-0.17209302325581396,-0.2372093023255814,-0.4418604651162791,-0.5023255813953489,-0.627906976744186,-0.6976744186046512,-0.7534883720930232,-0.8697674418604651,-0.5348837209302325,-0.46511627906976744,-0.8651162790697674,-0.23255813953488372,-0.7441860465116279,-0.1813953488372093,-0.6232558139534884,-0.2186046511627907,-0.48372093023255813,-0.32558139534883723,-0.8186046511627907,-0.09302325581395349,-0.6883720930232559,-0.06046511627906977,-0.5953488372093023,-0.11162790697674418,-0.4418604651162791,-0.15348837209302327,-0.772093023255814,0.018604651162790697,-0.6511627906976745,0.046511627906976744,-0.5441860465116279,0.018604651162790697,-0.3953488372093023,0.037209302325581395,-0.6883720930232559,0.12558139534883722,-0.8558139534883721,0.19534883720930232,-1.0,0.25116279069767444
4,0.0,0.0,-0.16228070175438597,-0.22807017543859648,-0.41228070175438597,-0.4780701754385965,-0.5789473684210527,-0.6710526315789473,-0.6929824561403509,-0.8333333333333334,-0.4868421052631579,-0.4342105263157895,-0.8114035087719298,-0.2236842105263158,-0.7017543859649122,-0.17543859649122806,-0.5964912280701754,-0.2236842105263158,-0.4298245614035088,-0.3026315789473684,-0.7631578947368421,-0.08771929824561403,-0.6491228070175439,-0.06140350877192982,-0.5657894736842105,-0.10526315789473684,-0.3815789473684211,-0.13157894736842105,-0.7192982456140351,0.03070175438596491,-0.6140350877192983,0.05701754385964912,-0.5175438596491229,0.03070175438596491,-0.34210526315789475,0.043859649122807015,-0.6535087719298246,0.12719298245614036,-0.8377192982456141,0.17982456140350878,-1.0,0.21052631578947367
4,0.0,0.0,-0.17105263157894737,-0.21929824561403508,-0.4342105263157895,-0.4605263157894737,-0.618421052631579,-0.6359649122807017,-0.75,-0.7982456140350878,-0.5087719298245614,-0.4166666666666667,-0.8333333333333334,-0.19736842105263158,-0.7192982456140351,-0.15350877192982457,-0.6008771929824561,-0.19736842105263158,-0.4473684210526316,-0.2719298245614035,-0.7850877192982456,-0.04824561403508772,-0.6666666666666666,-0.03508771929824561,-0.5657894736842105,-0.07894736842105263,-0.39473684210526316,-0.10087719298245613,-0.7280701754385965,0.07456140350877193,-0.6228070175438597,0.08771929824561403,-0.5175438596491229,0.05701754385964912,-0.3508771929824561,0.07894736842105263,-0.6666666666666666,0.17105263157894737,-0.8464912280701754,0.22807017543859648,-1.0,0.2719298245614035
4,0.0,0.0,-0.16299559471365638,-0.21145374449339208,-0.4052863436123348,-0.4581497797356828,-0.5814977973568282,-0.6431718061674009,-0.6960352422907489,-0.8061674008810573,-0.4845814977973568,-0.42290748898678415,-0.8061674008810573,-0.20704845814977973,-0.6916299559471366,-0.14977973568281938,-0.5814977973568282,-0.19823788546255505,-0.42731277533039647,-0.29515418502202645,-0.762114537444934,-0.07048458149779736,-0.6519823788546255,-0.04405286343612335,-0.5594713656387665,-0.08370044052863436,-0.3744493392070485,-0.1277533039647577,-0.7092511013215859,0.04405286343612335,-0.6035242290748899,0.07488986784140969,-0.5022026431718062,0.039647577092511016,-0.33480176211453744,0.05286343612334802,-0.6475770925110133,0.15418502202643172,-0.8325991189427313,0.21145374449339208,-1.0,0.2422907488986784
4,0.0,0.0,-0.1759656652360515,-0.2017167381974249,-0.44206008583690987,-0.4206008583690987,-0.6223175965665236,-0.5965665236051502,-0.7553648068669528,-0.7553648068669528,-0.51931330472103,-0.4034334763948498,-0.8240343347639485,-0.15450643776824036,-0.7253218884120172,-0.1072961373390558,-0.630901287553648,-0.1459227467811159,-0.45064377682403434,-0.27896995708154504,-0.7639484978540773,-0.030042918454935622,-0.6523605150214592,-0.004291845493562232,-0.5793991416309013,-0.04721030042918455,-0.3905579399141631,-0.12017167381974249,-0.6995708154506438,0.08583690987124463,-0.6094420600858369,0.1072961373390558,-0.51931330472103,0.0815450643776824,-0.33905579399141633,0.05150214592274678,-0.648068669527897,0.18025751072961374,-0.8326180257510729,0.2575107296137339,-1.0,0.3133047210300429
4,0.0,0.0,-0.1694915254237288,-0.2076271186440678,-0.4491525423728814,-0.4322033898305085,-0.6398305084745762,-0.6016949152542372,-0.7796610169491526,-0.7457627118644068,-0.5423728813559322,-0.3813559322033898,-0.8389830508474576,-0.1440677966101695,-0.7203389830508474,-0.11440677966101695,-0.6186440677966102,-0.1652542372881356,-0.4745762711864407,-0.24152542372881355,-0.7796610169491526,-0.01694915254237288,-0.652542372881356,-0.00423728813559322,-0.5677966101694916,-0.05084745762711865,-0.4152542372881356,-0.07203389830508475,-0.7288135593220338,0.09745762711864407,-0.614406779661017,0.11440677966101695,-0.5042372881355932,0.0847457627118644,-0.3601694915254237,0.11016949152542373,-0.6652542372881356,0.2033898305084746,-0.8432203389830508,0.2796610169491525,-1.0,0.3389830508474576
4,0.0,0.0,-0.18859649122807018,-0.21052631578947367,-0.4692982456140351,-0.4298245614035088,-0.6710526315789473,-0.5921052631578947,-0.8289473684210527,-0.7280701754385965,-0.5570175438596491,-0.37280701754385964,-0.8508771929824561,-0.12719298245614036,-0.7236842105263158,-0.10087719298245613,-0.618421052631579,-0.16228070175438597,-0.49122807017543857,-0.2324561403508772,-0.7894736842105263,0.0043859649122807015,-0.6710526315789473,0.0043859649122807015,-0.5833333333333334,-0.04824561403508772,-0.42105263157894735,-0.05701754385964912,-0.7412280701754386,0.11842105263157894,-0.631578947368421,0.12719298245614036,-0.5219298245614035,0.08771929824561403,-0.35964912280701755,0.12280701754385964,-0.6754385964912281,0.23684210526315788,-0.8508771929824561,0.3201754385964912,-1.0,0.3815789473684211
4,0.0,0.0,-0.20276497695852536,-0.21658986175115208,-0.4976958525345622,-0.4377880184331797,-0.7142857142857143,-0.5990783410138248,-0.8709677419354839,-0.7419354838709677,-0.5944700460829493,-0.4009216589861751,-0.9124423963133641,-0.12903225806451613,-0.783410138248848,-0.09216589861751152,-0.663594470046083,-0.14746543778801843,-0.5207373271889401,-0.2672811059907834,-0.8294930875576036,-0.004608294930875576,-0.7096774193548387,0.0,-0.6221198156682027,-0.05069124423963134,-0.4470046082949309,-0.09216589861751152,-0.7511520737327189,0.11059907834101383,-0.6405529953917051,0.11981566820276497,-0.5391705069124424,0.07834101382488479,-0.37327188940092165,0.0967741935483871,-0.6912442396313364,0.2350230414746544,-0.8571428571428571,0.31797235023041476,-1.0,0.3824884792626728
4,0.0,0.0,-0.17154811715481172,-0.20920502092050208,-0.42677824267782427,-0.42677824267782427,-0.6192468619246861,-0.5732217573221757,-0.7531380753138075,-0.7154811715481172,-0.5230125523012552,-0.38493723849372385,-0.8117154811715481,-0.16317991631799164,-0.7071129707112971,-0.1297071129707113,-0.606694560669456,-0.17154811715481172,-0.46443514644351463,-0.25523012552301255,-0.7573221757322176,-0.03765690376569038,-0.6610878661087866,-0.02510460251046025,-0.5815899581589958,-0.058577405857740586,-0.4100418410041841,-0.100418410041841,-0.7112970711297071,0.07112970711297072,-0.6234309623430963,0.09623430962343096,-0.5355648535564853,0.07112970711297072,-0.3598326359832636,0.07112970711297072,-0.6610878661087866,0.17154811715481172,-0.8410041841004184,0.22594142259414227,-1.0,0.26778242677824265
4,0.0,0.0,-0.14473684210526316,-0.2236842105263158,-0.35964912280701755,-0.5,-0.5219298245614035,-0.6973684210526315,-0.6359649122807017,-0.8552631578947368,-0.4473684210526316,-0.4956140350877193,-0.7807017543859649,-0.30701754385964913,-0.6710526315789473,-0.2412280701754386,-0.5657894736842105,-0.27631578947368424,-0.3991228070175439,-0.37719298245614036,-0.75,-0.17982456140350878,-0.6447368421052632,-0.13157894736842105,-0.5526315789473685,-0.16228070175438597,-0.35964912280701755,-0.2149122807017544,-0.7236842105263158,-0.07456140350877193,-0.631578947368421,-0.02631578947368421,-0.5219298245614035,-0.039473684210526314,-0.34210526315789475,-0.039473684210526314,-0.6622807017543859,0.017543859649122806,-0.8464912280701754,0.04824561403508772,-1.0,0.05263157894736842
4,0.0,0.0,-0.14096916299559473,-0.23788546255506607,-0.3656387665198238,-0.5066079295154186,-0.5154185022026432,-0.7136563876651982,-0.6123348017621145,-0.8942731277533039,-0.43612334801762115,-0.4933920704845815,-0.762114537444934,-0.29955947136563876,-0.6607929515418502,-0.23348017621145375,-0.5594713656387665,-0.27312775330396477,-0.3876651982378855,-0.3656387665198238,-0.7400881057268722,-0.16299559471365638,-0.6343612334801763,-0.11894273127753303,-0.5462555066079295,-0.14977973568281938,-0.36123348017621143,-0.2026431718061674,-0.7048458149779736,-0.05726872246696035,-0.6123348017621145,-0.013215859030837005,-0.5066079295154186,-0.030837004405286344,-0.3392070484581498,-0.02643171806167401,-0.6519823788546255,0.02643171806167401,-0.8414096916299559,0.06167400881057269,-1.0,0.07488986784140969
4,0.0,0.0,-0.15350877192982457,-0.2236842105263158,-0.37280701754385964,-0.4824561403508772,-0.5219298245614035,-0.6885964912280702,-0.618421052631579,-0.868421052631579,-0.44298245614035087,-0.4649122807017544,-0.7763157894736842,-0.2894736842105263,-0.6754385964912281,-0.21929824561403508,-0.5745614035087719,-0.25,-0.39473684210526316,-0.34649122807017546,-0.7456140350877193,-0.15789473684210525,-0.6535087719298246,-0.10964912280701754,-0.5657894736842105,-0.13596491228070176,-0.35964912280701755,-0.18421052631578946,-0.7149122807017544,-0.04824561403508772,-0.6359649122807017,0.008771929824561403,-0.5350877192982456,0.0,-0.33771929824561403,-0.017543859649122806,-0.6578947368421053,0.043859649122807015,-0.8464912280701754,0.08333333333333333,-1.0,0.10526315789473684
4,0.0,0.0,-0.14347826086956522,-0.22608695652173913,-0.3565217391304348,-0.49130434782608695,-0.5043478260869565,-0.6956521739130435,-0.6043478260869565,-0.8652173913043478,-0.4260869565217391,-0.4652173913043478,-0.7478260869565218,-0.3,-0.6478260869565218,-0.23478260869565218,-0.5434782608695652,-0.26956521739130435,-0.3869565217391304,-0.3391304347826087,-0.7217391304347827,-0.16521739130434782,-0.6173913043478261,-0.11739130434782609,-0.5304347826086957,-0.15217391304347827,-0.3565217391304348,-0.1782608695652174,-0.6956521739130435,-0.04782608695652174,-0.6043478260869565,-0.004347826086956522,-0.5,-0.021739130434782608,-0.3391304347826087,-0.004347826086956522,-0.6521739130434783,0.04782608695652174,-0.8434782608695652,0.08260869565217391,-1.0,0.09565217391304348
4,0.0,0.0,-0.13793103448275862,-0.22844827586206898,-0.36637931034482757,-0.4956896551724138,-0.521551724137931,-0.6939655172413793,-0.6293103448275862,-0.8577586206896551,-0.4353448275862069,-0.4525862068965517,-0.7844827586206896,-0.27586206896551724,-0.6724137931034483,-0.21120689655172414,-0.5560344827586207,-0.2413793103448276,-0.3922413793103448,-0.30603448275862066,-0.7543103448275862,-0.12931034482758622,-0.6422413793103449,-0.08620689655172414,-0.5474137931034483,-0.125,-0.3706896551724138,-0.1336206896551724,-0.7155172413793104,-0.004310344827586207,-0.6163793103448276,0.03017241379310345,-0.5129310344827587,0.004310344827586207,-0.35344827586206895,0.04310344827586207,-0.6681034482758621,0.09482758620689655,-0.8491379310344828,0.12931034482758622,-1.0,0.14224137931034483
4,0.0,0.0,-0.13304721030042918,-0.2317596566523605,-0.34763948497854075,-0.51931330472103,-0.48497854077253216,-0.7296137339055794,-0.5708154506437768,-0.9055793991416309,-0.40772532188841204,-0.5107296137339056,-0.7424892703862661,-0.34334763948497854,-0.630901287553648,-0.27896995708154504,-0.5236051502145923,-0.3218884120171674,-0.3605150214592275,-0.37339055793991416,-0.7296137339055794,-0.2017167381974249,-0.6180257510729614,-0.15450643776824036,-0.5236051502145923,-0.19313304721030042,-0.33476394849785407,-0.19742489270386265,-0.7081545064377682,-0.08583690987124463,-0.6137339055793991,-0.04291845493562232,-0.5064377682403434,-0.06437768240343347,-0.3261802575107296,-0.017167381974248927,-0.6566523605150214,0.02575107296137339,-0.8454935622317596,0.04721030042918455,-1.0,0.03862660944206009
4,0.0,0.0,-0.125,-0.2413793103448276,-0.33620689655172414,-0.5129310344827587,-0.4827586206896552,-0.7155172413793104,-0.5689655172413793,-0.8922413793103449,-0.40948275862068967,-0.47844827586206895,-0.7413793103448276,-0.3275862068965517,-0.6293103448275862,-0.2672413793103448,-0.5172413793103449,-0.30603448275862066,-0.3793103448275862,-0.33620689655172414,-0.7198275862068966,-0.17672413793103448,-0.5991379310344828,-0.14224137931034483,-0.5,-0.1853448275862069,-0.3577586206896552,-0.16810344827586207,-0.6896551724137931,-0.05603448275862069,-0.5775862068965517,-0.03017241379310345,-0.46551724137931033,-0.06465517241379311,-0.3448275862068966,0.004310344827586207,-0.6551724137931034,0.05172413793103448,-0.8405172413793104,0.08620689655172414,-1.0,0.10344827586206896
4,0.0,0.0,-0.12334801762114538,-0.2422907488986784,-0.3303964757709251,-0.5374449339207048,-0.4581497797356828,-0.762114537444934,-0.5418502202643172,-0.9427312775330396,-0.3832599118942731,-0.5374449339207048,-0.73568281938326,-0.3876651982378855,-0.6255506607929515,-0.31718061674008813,-0.5154185022026432,-0.36123348017621143,-0.3436123348017621,-0.3964757709251101,-0.7312775330396476,-0.24669603524229075,-0.6167400881057269,-0.19383259911894274,-0.5198237885462555,-0.23348017621145375,-0.32599118942731276,-0.22466960352422907,-0.7136563876651982,-0.13215859030837004,-0.6123348017621145,-0.0881057268722467,-0.5022026431718062,-0.10572687224669604,-0.32599118942731276,-0.04405286343612335,-0.6563876651982379,-0.013215859030837005,-0.8414096916299559,0.00881057268722467,-1.0,0.004405286343612335
4,0.0,0.0,-0.13488372093023257,-0.26046511627906976,-0.33488372093023255,-0.5581395348837209,-0.4744186046511628,-0.786046511627907,-0.5674418604651162,-0.9767441860465116,-0.3813953488372093,-0.5209302325581395,-0.7534883720930232,-0.4186046511627907,-0.6651162790697674,-0.34418604651162793,-0.5441860465116279,-0.3488372093023256,-0.3581395348837209,-0.37209302325581395,-0.7534883720930232,-0.26976744186046514,-0.6651162790697674,-0.21395348837209302,-0.5534883720930233,-0.23255813953488372,-0.35348837209302325,-0.19534883720930232,-0.7302325581395349,-0.14418604651162792,-0.6465116279069767,-0.09302325581395349,-0.5348837209302325,-0.11162790697674418,-0.35348837209302325,-0.018604651162790697,-0.6744186046511628,0.0,-0.8558139534883721,0.023255813953488372,-1.0,0.03255813953488372
4,0.0,0.0,-0.12162162162162163,-0.24324324324324326,-0.3333333333333333,-0.545045045045045,-0.47297297297297297,-0.7702702702702703,-0.5675675675675675,-0.9504504504504504,-0.3963963963963964,-0.527027027027027,-0.7522522522522522,-0.38738738738738737,-0.6486486486486487,-0.3153153153153153,-0.536036036036036,-0.34234234234234234,-0.36036036036036034,-0.38738738738738737,-0.7342342342342343,-0.23873873873873874,-0.6306306306306306,-0.18468468468468469,-0.536036036036036,-0.22072072072072071,-0.34234234234234234,-0.21621621621621623,-0.7027027027027027,-0.11261261261261261,-0.6126126126126126,-0.07207207207207207,-0.5045045045045045,-0.0945945945945946,-0.34234234234234234,-0.04054054054054054,-0.6576576576576577,-0.018018018018018018,-0.8468468468468469,-0.0045045045045045045,-1.0,-0.0045045045045045045
4,0.0,0.0,-0.11926605504587157,-0.25688073394495414,-0.3348623853211009,-0.555045871559633,-0.47706422018348627,-0.7798165137614679,-0.5642201834862385,-0.9678899082568807,-0.3944954128440367,-0.5229357798165137,-0.7660550458715596,-0.4036697247706422,-0.6605504587155964,-0.3256880733944954,-0.536697247706422,-0.3532110091743119,-0.3669724770642202,-0.37155963302752293,-0.7477064220183486,-0.24311926605504589,-0.6422018348623854,-0.19724770642201836,-0.536697247706422,-0.23394495412844038,-0.3486238532110092,-0.19724770642201836,-0.7201834862385321,-0.11926605504587157,-0.6238532110091743,-0.0779816513761468,-0.5137614678899083,-0.10550458715596331,-0.3394495412844037,-0.022935779816513763,-0.6605504587155964,0.0,-0.8486238532110092,0.022935779816513763,-1.0,0.027522935779816515
4,0.0,0.0,-0.11961722488038277,-0.2583732057416268,-0.33014354066985646,-0.5645933014354066,-0.45454545454545453,-0.8038277511961722,-0.5263157894736842,-0.9952153110047847,-0.3492822966507177,-0.5406698564593302,-0.7416267942583732,-0.41626794258373206,-0.6363636363636364,-0.3444976076555024,-0.5215311004784688,-0.37320574162679426,-0.31100478468899523,-0.3875598086124402,-0.7320574162679426,-0.2583732057416268,-0.631578947368421,-0.21052631578947367,-0.5263157894736842,-0.24401913875598086,-0.3062200956937799,-0.20574162679425836,-0.7081339712918661,-0.1339712918660287,-0.6220095693779905,-0.0861244019138756,-0.5167464114832536,-0.11004784688995216,-0.32057416267942584,-0.028708133971291867,-0.6650717703349283,0.0,-0.8516746411483254,0.023923444976076555,-1.0,0.023923444976076555
4,0.0,0.0,-0.13023255813953488,-0.24651162790697675,-0.3302325581395349,-0.5441860465116279,-0.4558139534883721,-0.7767441860465116,-0.5302325581395348,-0.9767441860465116,-0.3627906976744186,-0.5302325581395348,-0.7534883720930232,-0.3953488372093023,-0.6465116279069767,-0.32558139534883723,-0.5255813953488372,-0.3488372093023256,-0.3302325581395349,-0.386046511627907,-0.7395348837209302,-0.25116279069767444,-0.6372093023255814,-0.20465116279069767,-0.5348837209302325,-0.23255813953488372,-0.3209302325581395,-0.20465116279069767,-0.7162790697674418,-0.12558139534883722,-0.6232558139534884,-0.07441860465116279,-0.5209302325581395,-0.08837209302325581,-0.3209302325581395,-0.027906976744186046,-0.6651162790697674,-0.004651162790697674,-0.8465116279069768,0.023255813953488372,-1.0,0.04186046511627907
4,0.0,0.0,-0.125,-0.25462962962962965,-0.33796296296296297,-0.5462962962962963,-0.4722222222222222,-0.7731481481481481,-0.5601851851851852,-0.9675925925925926,-0.38425925925925924,-0.5277777777777778,-0.7638888888888888,-0.39351851851851855,-0.6481481481481481,-0.3194444444444444,-0.5277777777777778,-0.3472222222222222,-0.3472222222222222,-0.37962962962962965,-0.75,-0.2361111111111111,-0.6342592592592593,-0.18518518518518517,-0.5231481481481481,-0.22685185185185186,-0.33796296296296297,-0.19444444444444445,-0.7129629629629629,-0.10648148148148148,-0.6111111111111112,-0.06944444444444445,-0.49537037037037035,-0.10185185185185185,-0.3333333333333333,-0.009259259259259259,-0.6574074074074074,0.013888888888888888,-0.8472222222222222,0.041666666666666664,-1.0,0.05555555555555555
4,0.0,0.0,-0.11374407582938388,-0.26066350710900477,-0.32701421800947866,-0.5687203791469194,-0.46445497630331756,-0.8056872037914692,-0.5497630331753555,-0.995260663507109,-0.36492890995260663,-0.5450236966824644,-0.7582938388625592,-0.4265402843601896,-0.6445497630331753,-0.35545023696682465,-0.5260663507109005,-0.3791469194312796,-0.33175355450236965,-0.4028436018957346,-0.7582938388625592,-0.2796208530805687,-0.6492890995260664,-0.22274881516587677,-0.5497630331753555,-0.2559241706161137,-0.32701421800947866,-0.21800947867298578,-0.7440758293838863,-0.15639810426540285,-0.6398104265402843,-0.10900473933649289,-0.5260663507109005,-0.12796208530805686,-0.3412322274881517,-0.02843601895734597,-0.6729857819905213,-0.014218009478672985,-0.8530805687203792,0.004739336492890996,-1.0,0.014218009478672985
4,0.0,0.0,-0.11627906976744186,-0.2744186046511628,-0.32558139534883723,-0.5813953488372093,-0.4697674418604651,-0.8046511627906977,-0.5720930232558139,-0.9906976744186047,-0.4,-0.5348837209302325,-0.7767441860465116,-0.386046511627907,-0.6558139534883721,-0.3209302325581395,-0.5302325581395348,-0.3581395348837209,-0.3627906976744186,-0.3767441860465116,-0.7534883720930232,-0.22325581395348837,-0.6325581395348837,-0.18604651162790697,-0.5209302325581395,-0.23255813953488372,-0.33488372093023255,-0.19069767441860466,-0.7116279069767442,-0.09767441860465116,-0.6,-0.06976744186046512,-0.4744186046511628,-0.10232558139534884,-0.31627906976744186,-0.009302325581395349,-0.6465116279069767,0.023255813953488372,-0.8372093023255814,0.05116279069767442,-1.0,0.06511627906976744
4,0.0,0.0,-0.13574660633484162,-0.248868778280543,-0.3393665158371041,-0.5384615384615384,-0.4660633484162896,-0.7647058823529411,-0.5429864253393665,-0.9457013574660633,-0.3891402714932127,-0.5294117647058824,-0.7601809954751131,-0.3755656108597285,-0.6515837104072398,-0.3031674208144796,-0.5294117647058824,-0.3438914027149321,-0.34841628959276016,-0.38461538461538464,-0.746606334841629,-0.23529411764705882,-0.6380090497737556,-0.19004524886877827,-0.5429864253393665,-0.23076923076923078,-0.334841628959276,-0.2081447963800905,-0.7194570135746606,-0.12217194570135746,-0.6199095022624435,-0.08144796380090498,-0.5113122171945701,-0.1085972850678733,-0.33031674208144796,-0.03167420814479638,-0.6561085972850679,-0.00904977375565611,-0.8461538461538461,0.01809954751131222,-1.0,0.027149321266968326
4,0.0,0.0,-0.12558139534883722,-0.26046511627906976,-0.3302325581395349,-0.5581395348837209,-0.4744186046511628,-0.7767441860465116,-0.5627906976744186,-0.9674418604651163,-0.39069767441860465,-0.5116279069767442,-0.7767441860465116,-0.386046511627907,-0.6651162790697674,-0.3116279069767442,-0.5395348837209303,-0.3302325581395349,-0.3581395348837209,-0.3581395348837209,-0.7534883720930232,-0.20930232558139536,-0.6465116279069767,-0.16744186046511628,-0.5348837209302325,-0.20465116279069767,-0.3395348837209302,-0.17674418604651163,-0.7116279069767442,-0.07441860465116279,-0.6186046511627907,-0.046511627906976744,-0.5069767441860465,-0.08372093023255814,-0.3302325581395349,0.004651162790697674,-0.6511627906976745,0.06046511627906977,-0.8418604651162791,0.09302325581395349,-1.0,0.10232558139534884
4,0.0,0.0,-0.12173913043478261,-0.2391304347826087,-0.34347826086956523,-0.5217391304347826,-0.4826086956521739,-0.7347826086956522,-0.5869565217391305,-0.908695652173913,-0.39565217391304347,-0.5043478260869565,-0.7608695652173914,-0.3652173913043478,-0.6478260869565218,-0.2956521739130435,-0.5260869565217391,-0.33043478260869563,-0.3652173913043478,-0.3521739130434783,-0.7478260869565218,-0.20869565217391303,-0.6304347826086957,-0.1608695652173913,-0.5347826086956522,-0.20434782608695654,-0.34347826086956523,-0.16956521739130434,-0.717391304347826,-0.08260869565217391,-0.6130434782608696,-0.043478260869565216,-0.4956521739130435,-0.06956521739130435,-0.3347826086956522,0.013043478260869565,-0.6521739130434783,0.0391304347826087,-0.8391304347826087,0.06956521739130435,-1.0,0.08260869565217391
4,0.0,0.0,-0.12608695652173912,-0.2391304347826087,-0.33043478260869563,-0.5260869565217391,-0.46956521739130436,-0.7391304347826086,-0.5608695652173913,-0.908695652173913,-0.4,-0.5217391304347826,-0.7521739130434782,-0.3739130434782609,-0.6478260869565218,-0.30434782608695654,-0.5347826086956522,-0.34347826086956523,-0.3695652173913043,-0.3739130434782609,-0.7434782608695653,-0.23043478260869565,-0.6391304347826087,-0.1782608695652174,-0.5391304347826087,-0.20869565217391303,-0.34782608695652173,-0.1956521739130435,-0.717391304347826,-0.10434782608695652,-0.6217391304347826,-0.05652173913043478,-0.5130434782608696,-0.07391304347826087,-0.34347826086956523,-0.013043478260869565,-0.6608695652173913,0.013043478260869565,-0.8478260869565217,0.034782608695652174,-1.0,0.0391304347826087
4,0.0,0.0,-0.1320754716981132,-0.2688679245283019,-0.3584905660377358,-0.5801886792452831,-0.5141509433962265,-0.8113207547169812,-0.6320754716981132,-1.0,-0.44339622641509435,-0.5471698113207547,-0.8160377358490566,-0.4009433962264151,-0.6981132075471698,-0.33490566037735847,-0.5707547169811321,-0.3584905660377358,-0.41509433962264153,-0.4009433962264151,-0.7971698113207547,-0.24056603773584906,-0.6745283018867925,-0.19339622641509435,-0.5707547169811321,-0.2358490566037736,-0.39622641509433965,-0.2169811320754717,-0.7688679245283019,-0.12264150943396226,-0.6556603773584906,-0.08018867924528301,-0.5377358490566038,-0.10377358490566038,-0.37264150943396224,-0.02358490566037736,-0.6698113207547169,0.014150943396226415,-0.8349056603773585,0.05660377358490566,-0.9764150943396226,0.08962264150943396
4,0.0,0.0,-0.12554112554112554,-0.23809523809523808,-0.31601731601731603,-0.5324675324675324,-0.4458874458874459,-0.7445887445887446,-0.5281385281385281,-0.922077922077922,-0.3939393939393939,-0.5151515151515151,-0.7489177489177489,-0.354978354978355,-0.6406926406926406,-0.2813852813852814,-0.5238095238095238,-0.3203463203463203,-0.35064935064935066,-0.36796536796536794,-0.7316017316017316,-0.21645021645021645,-0.6233766233766234,-0.1645021645021645,-0.5238095238095238,-0.19480519480519481,-0.3333333333333333,-0.19480519480519481,-0.7012987012987013,-0.08658008658008658,-0.6017316017316018,-0.047619047619047616,-0.4935064935064935,-0.06926406926406926,-0.33766233766233766,-0.012987012987012988,-0.6623376623376623,0.017316017316017316,-0.8484848484848485,0.025974025974025976,-1.0,0.021645021645021644
4,0.0,0.0,-0.1346153846153846,-0.25961538461538464,-0.3557692307692308,-0.5673076923076923,-0.4951923076923077,-0.8076923076923077,-0.5913461538461539,-1.0,-0.42788461538461536,-0.5528846153846154,-0.8076923076923077,-0.40865384615384615,-0.7067307692307693,-0.34615384615384615,-0.5961538461538461,-0.375,-0.3942307692307692,-0.3942307692307692,-0.7836538461538461,-0.25,-0.6923076923076923,-0.21153846153846154,-0.6009615384615384,-0.2403846153846154,-0.3701923076923077,-0.20673076923076922,-0.7451923076923077,-0.1201923076923077,-0.6682692307692307,-0.0673076923076923,-0.5721153846153846,-0.07692307692307693,-0.3557692307692308,-0.014423076923076924,-0.6923076923076923,0.004807692307692308,-0.8125,0.028846153846153848,-0.8942307692307693,0.04326923076923077
4,0.0,0.0,-0.12334801762114538,-0.23788546255506607,-0.3392070484581498,-0.5154185022026432,-0.4845814977973568,-0.7224669603524229,-0.5859030837004405,-0.8942731277533039,-0.4185022026431718,-0.4977973568281938,-0.7665198237885462,-0.3436123348017621,-0.6519823788546255,-0.28193832599118945,-0.5330396475770925,-0.31277533039647576,-0.3876651982378855,-0.3568281938325991,-0.748898678414097,-0.1894273127753304,-0.6299559471365639,-0.15418502202643172,-0.5374449339207048,-0.19383259911894274,-0.3700440528634361,-0.18502202643171806,-0.7268722466960352,-0.07488986784140969,-0.6255506607929515,-0.03524229074889868,-0.5154185022026432,-0.05286343612334802,-0.3568281938325991,0.0,-0.6651982378854625,0.039647577092511016,-0.8458149779735683,0.07929515418502203,-1.0,0.1013215859030837
4,0.0,0.0,-0.12393162393162394,-0.2264957264957265,-0.3162393162393162,-0.5128205128205128,-0.4444444444444444,-0.7264957264957265,-0.5256410256410257,-0.9017094017094017,-0.4017094017094017,-0.5128205128205128,-0.7478632478632479,-0.34615384615384615,-0.6410256410256411,-0.27350427350427353,-0.5299145299145299,-0.3076923076923077,-0.358974358974359,-0.3803418803418803,-0.7264957264957265,-0.21794871794871795,-0.6196581196581197,-0.1623931623931624,-0.5299145299145299,-0.18803418803418803,-0.3418803418803419,-0.2094017094017094,-0.7008547008547008,-0.09829059829059829,-0.6025641025641025,-0.04700854700854701,-0.49572649572649574,-0.05982905982905983,-0.33760683760683763,-0.02564102564102564,-0.6581196581196581,0.01282051282051282,-0.8418803418803419,0.02564102564102564,-1.0,0.021367521367521368
4,0.0,0.0,-0.12393162393162394,-0.23931623931623933,-0.32905982905982906,-0.5128205128205128,-0.4700854700854701,-0.7136752136752137,-0.5683760683760684,-0.8846153846153846,-0.3974358974358974,-0.48717948717948717,-0.7521367521367521,-0.3247863247863248,-0.6581196581196581,-0.2564102564102564,-0.5384615384615384,-0.27350427350427353,-0.3717948717948718,-0.3504273504273504,-0.7264957264957265,-0.18803418803418803,-0.6239316239316239,-0.14102564102564102,-0.5299145299145299,-0.17094017094017094,-0.358974358974359,-0.18376068376068377,-0.6965811965811965,-0.06837606837606838,-0.6068376068376068,-0.021367521367521368,-0.5042735042735043,-0.038461538461538464,-0.3504273504273504,-0.004273504273504274,-0.6623931623931624,0.03418803418803419,-0.8461538461538461,0.0811965811965812,-1.0,0.10683760683760683
4,0.0,0.0,-0.1148936170212766,-0.23404255319148937,-0.3148936170212766,-0.5063829787234042,-0.4553191489361702,-0.7063829787234043,-0.548936170212766,-0.8723404255319149,-0.40425531914893614,-0.48936170212765956,-0.7489361702127659,-0.3446808510638298,-0.6382978723404256,-0.2765957446808511,-0.5234042553191489,-0.3021276595744681,-0.37872340425531914,-0.35319148936170214,-0.7404255319148936,-0.2127659574468085,-0.6340425531914894,-0.16170212765957448,-0.5404255319148936,-0.19148936170212766,-0.3702127659574468,-0.1829787234042553,-0.723404255319149,-0.09787234042553192,-0.6212765957446809,-0.04680851063829787,-0.5148936170212766,-0.059574468085106386,-0.3659574468085106,-0.00425531914893617,-0.6723404255319149,0.01702127659574468,-0.851063829787234,0.04680851063829787,-1.0,0.06382978723404255
4,0.0,0.0,-0.11983471074380166,-0.23140495867768596,-0.3181818181818182,-0.49586776859504134,-0.44214876033057854,-0.7024793388429752,-0.5454545454545454,-0.859504132231405,-0.4132231404958678,-0.4834710743801653,-0.7479338842975206,-0.30991735537190085,-0.6487603305785123,-0.2644628099173554,-0.5454545454545454,-0.29338842975206614,-0.3760330578512397,-0.3512396694214876,-0.71900826446281,-0.19008264462809918,-0.6198347107438017,-0.1487603305785124,-0.5371900826446281,-0.17768595041322313,-0.35537190082644626,-0.18181818181818182,-0.6942148760330579,-0.0743801652892562,-0.6115702479338843,-0.03305785123966942,-0.512396694214876,-0.049586776859504134,-0.34297520661157027,0.0,-0.6528925619834711,0.04132231404958678,-0.8429752066115702,0.07024793388429752,-1.0,0.08677685950413223
4,0.0,0.0,-0.11203319502074689,-0.23236514522821577,-0.3153526970954357,-0.4979253112033195,-0.44813278008298757,-0.6929460580912863,-0.5394190871369294,-0.8547717842323651,-0.4066390041493776,-0.45643153526970953,-0.7302904564315352,-0.3029045643153527,-0.6182572614107884,-0.2572614107883817,-0.5103734439834025,-0.2946058091286307,-0.3775933609958506,-0.3153526970954357,-0.7095435684647303,-0.17012448132780084,-0.5975103734439834,-0.14107883817427386,-0.5103734439834025,-0.17842323651452283,-0.36929460580912865,-0.14522821576763487,-0.6970954356846473,-0.05394190871369295,-0.6016597510373444,-0.029045643153526972,-0.4979253112033195,-0.04979253112033195,-0.36929460580912865,0.024896265560165973,-0.6763485477178424,0.05394190871369295,-0.8506224066390041,0.08713692946058091,-1.0,0.1037344398340249
4,0.0,0.0,-0.11522633744855967,-0.22633744855967078,-0.3168724279835391,-0.49382716049382713,-0.4567901234567901,-0.6831275720164609,-0.5432098765432098,-0.8436213991769548,-0.411522633744856,-0.45267489711934156,-0.7283950617283951,-0.2962962962962963,-0.6255144032921811,-0.24691358024691357,-0.5185185185185185,-0.27983539094650206,-0.3786008230452675,-0.3168724279835391,-0.7160493827160493,-0.16872427983539096,-0.6131687242798354,-0.13168724279835392,-0.5308641975308642,-0.1646090534979424,-0.36213991769547327,-0.14814814814814814,-0.6995884773662552,-0.04526748971193416,-0.6131687242798354,-0.00823045267489712,-0.51440329218107,-0.0205761316872428,-0.35390946502057613,0.024691358024691357,-0.6666666666666666,0.053497942386831275,-0.8477366255144033,0.07407407407407407,-1.0,0.07818930041152264
4,0.0,0.0,-0.11627906976744186,-0.20930232558139536,-0.32558139534883723,-0.4573643410852713,-0.46511627906976744,-0.6395348837209303,-0.5503875968992248,-0.7906976744186046,-0.43410852713178294,-0.4186046511627907,-0.7364341085271318,-0.2558139534883721,-0.6317829457364341,-0.21705426356589147,-0.5348837209302325,-0.2596899224806202,-0.4069767441860465,-0.2713178294573643,-0.7248062015503876,-0.11627906976744186,-0.6162790697674418,-0.08527131782945736,-0.5348837209302325,-0.12015503875968993,-0.38372093023255816,-0.10852713178294573,-0.7093023255813954,0.003875968992248062,-0.624031007751938,0.03488372093023256,-0.5271317829457365,0.023255813953488372,-0.37209302325581395,0.05426356589147287,-0.6744186046511628,0.09302325581395349,-0.8527131782945736,0.12403100775193798,-1.0,0.13953488372093023
4,0.0,0.0,-0.124,-0.224,-0.328,-0.48,-0.464,-0.672,-0.548,-0.832,-0.416,-0.46,-0.74,-0.304,-0.64,-0.248,-0.54,-0.284,-0.384,-0.32,-0.712,-0.168,-0.616,-0.132,-0.536,-0.168,-0.364,-0.152,-0.688,-0.048,-0.612,-0.012,-0.52,-0.036,-0.364,0.024,-0.672,0.068,-0.856,0.092,-1.0,0.1
4,0.0,0.0,-0.12133891213389121,-0.22594142259414227,-0.30962343096234307,-0.497907949790795,-0.4435146443514644,-0.694560669456067,-0.5355648535564853,-0.8577405857740585,-0.39748953974895396,-0.46443514644351463,-0.7364016736401674,-0.28870292887029286,-0.6401673640167364,-0.22594142259414227,-0.5313807531380753,-0.25523012552301255,-0.36401673640167365,-0.3263598326359833,-0.7071129707112971,-0.1506276150627615,-0.6108786610878661,-0.11297071129707113,-0.5230125523012552,-0.14225941422594143,-0.34309623430962344,-0.1589958158995816,-0.6778242677824268,-0.03765690376569038,-0.5941422594142259,0.0041841004184100415,-0.497907949790795,-0.016736401673640166,-0.3389121338912134,0.012552301255230125,-0.6610878661087866,0.058577405857740586,-0.8451882845188284,0.08368200836820083,-1.0,0.09623430962343096
4,0.0,0.0,-0.12195121951219512,-0.21951219512195122,-0.3252032520325203,-0.4796747967479675,-0.4634146341463415,-0.6747967479674797,-0.5650406504065041,-0.8333333333333334,-0.4065040650406504,-0.45121951219512196,-0.7276422764227642,-0.2886178861788618,-0.6463414634146342,-0.21544715447154472,-0.5447154471544715,-0.22764227642276422,-0.37398373983739835,-0.3170731707317073,-0.6910569105691057,-0.15447154471544716,-0.5934959349593496,-0.10569105691056911,-0.508130081300813,-0.13008130081300814,-0.34959349593495936,-0.15040650406504066,-0.6626016260162602,-0.036585365853658534,-0.5813008130081301,0.0,-0.4796747967479675,-0.016260162601626018,-0.33739837398373984,0.024390243902439025,-0.6463414634146342,0.07317073170731707,-0.8373983739837398,0.11382113821138211,-1.0,0.13008130081300814
4,0.0,0.0,-0.11983471074380166,-0.2190082644628099,-0.32644628099173556,-0.48760330578512395,-0.4628099173553719,-0.6983471074380165,-0.5454545454545454,-0.871900826446281,-0.39669421487603307,-0.5,-0.731404958677686,-0.34710743801652894,-0.628099173553719,-0.2768595041322314,-0.5247933884297521,-0.3140495867768595,-0.36363636363636365,-0.371900826446281,-0.71900826446281,-0.21487603305785125,-0.6157024793388429,-0.16115702479338842,-0.5330578512396694,-0.19834710743801653,-0.3512396694214876,-0.2024793388429752,-0.7024793388429752,-0.09504132231404959,-0.6115702479338843,-0.045454545454545456,-0.512396694214876,-0.06611570247933884,-0.3512396694214876,-0.02066115702479339,-0.6652892561983471,0.012396694214876033,-0.8471074380165289,0.0371900826446281,-1.0,0.04132231404958678
4,0.0,0.0,-0.1346153846153846,-0.2548076923076923,-0.3557692307692308,-0.5673076923076923,-0.5144230769230769,-0.8076923076923077,-0.6201923076923077,-1.0,-0.4423076923076923,-0.5240384615384616,-0.8269230769230769,-0.40865384615384615,-0.7307692307692307,-0.34615384615384615,-0.6057692307692307,-0.36538461538461536,-0.4182692307692308,-0.36538461538461536,-0.8125,-0.25,-0.7211538461538461,-0.21153846153846154,-0.6105769230769231,-0.23076923076923078,-0.39903846153846156,-0.1875,-0.7740384615384616,-0.11057692307692307,-0.6971153846153846,-0.057692307692307696,-0.5865384615384616,-0.0673076923076923,-0.38461538461538464,-0.004807692307692308,-0.7067307692307693,0.052884615384615384,-0.7307692307692307,0.10096153846153846,-0.7163461538461539,0.1201923076923077
4,0.0,0.0,-0.1380952380952381,-0.2523809523809524,-0.3619047619047619,-0.5666666666666667,-0.5,-0.8095238095238095,-0.6047619047619047,-1.0,-0.38571428571428573,-0.5476190476190477,-0.7952380952380952,-0.4,-0.6857142857142857,-0.3238095238095238,-0.5619047619047619,-0.3523809523809524,-0.34285714285714286,-0.38095238095238093,-0.7761904761904762,-0.22857142857142856,-0.6714285714285714,-0.1761904761904762,-0.5571428571428572,-0.20952380952380953,-0.3238095238095238,-0.18095238095238095,-0.7428571428571429,-0.09523809523809523,-0.6476190476190476,-0.0380952380952381,-0.5285714285714286,-0.06190476190476191,-0.3238095238095238,0.01904761904761905,-0.6571428571428571,0.05238095238095238,-0.8333333333333334,0.0761904761904762,-0.9714285714285714,0.0761904761904762
4,0.0,0.0,-0.12442396313364056,-0.24423963133640553,-0.3456221198156682,-0.5576036866359447,-0.47465437788018433,-0.8018433179723502,-0.543778801843318,-1.0,-0.37327188940092165,-0.5391705069124424,-0.7788018433179723,-0.41935483870967744,-0.663594470046083,-0.34101382488479265,-0.543778801843318,-0.3686635944700461,-0.3317972350230415,-0.39631336405529954,-0.7741935483870968,-0.2626728110599078,-0.6589861751152074,-0.20276497695852536,-0.5529953917050692,-0.24423963133640553,-0.3225806451612903,-0.2119815668202765,-0.7327188940092166,-0.12442396313364056,-0.631336405529954,-0.07373271889400922,-0.511520737327189,-0.10138248847926268,-0.3317972350230415,-0.018433179723502304,-0.6589861751152074,0.004608294930875576,-0.8387096774193549,0.03225806451612903,-0.9953917050691244,0.041474654377880185
4,0.0,0.0,-0.12217194570135746,-0.26244343891402716,-0.33031674208144796,-0.5746606334841629,-0.45248868778280543,-0.8054298642533937,-0.5339366515837104,-1.0,-0.3755656108597285,-0.5113122171945701,-0.7601809954751131,-0.38009049773755654,-0.6425339366515838,-0.3167420814479638,-0.5203619909502263,-0.36199095022624433,-0.33031674208144796,-0.34841628959276016,-0.746606334841629,-0.21266968325791855,-0.6199095022624435,-0.17647058823529413,-0.5067873303167421,-0.22624434389140272,-0.31221719457013575,-0.16289592760180996,-0.7104072398190046,-0.08597285067873303,-0.5972850678733032,-0.049773755656108594,-0.47058823529411764,-0.08597285067873303,-0.3031674208144796,0.02262443438914027,-0.6380090497737556,0.03619909502262444,-0.8371040723981901,0.06787330316742081,-1.0,0.08597285067873303
4,0.0,0.0,-0.11504424778761062,-0.252212389380531,-0.3008849557522124,-0.5663716814159292,-0.415929203539823,-0.8053097345132744,-0.48672566371681414,-1.0,-0.3407079646017699,-0.5752212389380531,-0.7212389380530974,-0.45132743362831856,-0.6238938053097345,-0.3672566371681416,-0.504424778761062,-0.40707964601769914,-0.3053097345132743,-0.4336283185840708,-0.7212389380530974,-0.3053097345132743,-0.6194690265486725,-0.23893805309734514,-0.5176991150442478,-0.27876106194690264,-0.29646017699115046,-0.252212389380531,-0.6991150442477876,-0.18584070796460178,-0.6106194690265486,-0.12831858407079647,-0.5,-0.1415929203539823,-0.30973451327433627,-0.0752212389380531,-0.6460176991150443,-0.06637168141592921,-0.831858407079646,-0.05752212389380531,-0.9778761061946902,-0.06637168141592921
4,0.0,0.0,-0.1206896551724138,-0.25862068965517243,-0.3146551724137931,-0.5646551724137931,-0.4396551724137931,-0.7844827586206896,-0.5,-0.9827586206896551,-0.375,-0.5387931034482759,-0.75,-0.40948275862068967,-0.6422413793103449,-0.33620689655172414,-0.5258620689655172,-0.3620689655172414,-0.33620689655172414,-0.3879310344827586,-0.7370689655172413,-0.25,-0.6163793103448276,-0.2025862068965517,-0.5086206896551724,-0.2413793103448276,-0.3146551724137931,-0.21120689655172414,-0.6982758620689655,-0.12931034482758622,-0.5775862068965517,-0.10344827586206896,-0.4482758620689655,-0.1336206896551724,-0.30603448275862066,-0.03017241379310345,-0.6422413793103449,-0.008620689655172414,-0.8362068965517241,0.01293103448275862,-1.0,0.021551724137931036
4,0.0,0.0,-0.12121212121212122,-0.26406926406926406,-0.3116883116883117,-0.5714285714285714,-0.4155844155844156,-0.8051948051948052,-0.47619047619047616,-1.0,-0.35064935064935066,-0.5584415584415584,-0.7142857142857143,-0.42424242424242425,-0.6147186147186147,-0.35064935064935066,-0.49783549783549785,-0.38961038961038963,-0.3116883116883117,-0.4069264069264069,-0.7186147186147186,-0.27705627705627706,-0.6147186147186147,-0.22510822510822512,-0.5108225108225108,-0.26406926406926406,-0.2943722943722944,-0.22943722943722944,-0.696969696969697,-0.1645021645021645,-0.6060606060606061,-0.11688311688311688,-0.49783549783549785,-0.1341991341991342,-0.2987012987012987,-0.047619047619047616,-0.6190476190476191,-0.04329004329004329,-0.8095238095238095,-0.04329004329004329,-0.961038961038961,-0.05627705627705628
4,0.0,0.0,-0.12280701754385964,-0.2631578947368421,-0.3201754385964912,-0.5657894736842105,-0.43859649122807015,-0.8026315789473685,-0.5087719298245614,-1.0,-0.36403508771929827,-0.543859649122807,-0.7456140350877193,-0.4342105263157895,-0.6403508771929824,-0.3684210526315789,-0.5175438596491229,-0.39473684210526316,-0.32894736842105265,-0.39473684210526316,-0.7368421052631579,-0.2807017543859649,-0.6271929824561403,-0.2324561403508772,-0.5219298245614035,-0.2675438596491228,-0.3201754385964912,-0.2149122807017544,-0.706140350877193,-0.14912280701754385,-0.6096491228070176,-0.10526315789473684,-0.5,-0.12719298245614036,-0.3201754385964912,-0.03070175438596491,-0.6403508771929824,-0.03508771929824561,-0.8201754385964912,-0.03070175438596491,-0.9692982456140351,-0.039473684210526314
4,0.0,0.0,-0.12831858407079647,-0.2610619469026549,-0.336283185840708,-0.5619469026548672,-0.46017699115044247,-0.7964601769911505,-0.5353982300884956,-1.0,-0.37168141592920356,-0.5398230088495575,-0.7654867256637168,-0.42035398230088494,-0.6504424778761062,-0.34513274336283184,-0.5221238938053098,-0.3584070796460177,-0.33185840707964603,-0.3893805309734513,-0.7522123893805309,-0.252212389380531,-0.6327433628318584,-0.19469026548672566,-0.5221238938053098,-0.23008849557522124,-0.30973451327433627,-0.19911504424778761,-0.7079646017699115,-0.12831858407079647,-0.6017699115044248,-0.08849557522123894,-0.4823008849557522,-0.11504424778761062,-0.29646017699115046,-0.004424778761061947,-0.6150442477876106,0.017699115044247787,-0.8008849557522124,0.03982300884955752,-0.9690265486725663,0.04424778761061947
4,0.0,0.0,-0.11403508771929824,-0.25,-0.30701754385964913,-0.5614035087719298,-0.40789473684210525,-0.8026315789473685,-0.4605263157894737,-1.0,-0.35526315789473684,-0.5657894736842105,-0.7236842105263158,-0.4298245614035088,-0.618421052631579,-0.34210526315789475,-0.5043859649122807,-0.37719298245614036,-0.30701754385964913,-0.42105263157894735,-0.7149122807017544,-0.2850877192982456,-0.6052631578947368,-0.21929824561403508,-0.5,-0.25,-0.2894736842105263,-0.23684210526315788,-0.6798245614035088,-0.16228070175438597,-0.5833333333333334,-0.10964912280701754,-0.47368421052631576,-0.12719298245614036,-0.2894736842105263,-0.05701754385964912,-0.6140350877192983,-0.04824561403508772,-0.8026315789473685,-0.043859649122807015,-0.9649122807017544,-0.04824561403508772
4,0.0,0.0,-0.12727272727272726,-0.2590909090909091,-0.33636363636363636,-0.5590909090909091,-0.4409090909090909,-0.8,-0.4954545454545455,-1.0,-0.34545454545454546,-0.5045454545454545,-0.7545454545454545,-0.42727272727272725,-0.6454545454545455,-0.36363636363636365,-0.5318181818181819,-0.37727272727272726,-0.31363636363636366,-0.35,-0.7454545454545455,-0.2727272727272727,-0.6318181818181818,-0.2318181818181818,-0.5272727272727272,-0.25,-0.3090909090909091,-0.16818181818181818,-0.7136363636363636,-0.1409090909090909,-0.6272727272727273,-0.09545454545454546,-0.5227272727272727,-0.1,-0.32727272727272727,0.01818181818181818,-0.6590909090909091,-0.00909090909090909,-0.7818181818181819,0.0,-0.8590909090909091,0.004545454545454545
4,0.0,0.0,-0.12962962962962962,-0.2638888888888889,-0.3333333333333333,-0.5694444444444444,-0.48148148148148145,-0.8009259259259259,-0.5787037037037037,-1.0,-0.38425925925925924,-0.5138888888888888,-0.7916666666666666,-0.4074074074074074,-0.6851851851851852,-0.35185185185185186,-0.5601851851851852,-0.37037037037037035,-0.35648148148148145,-0.35185185185185186,-0.7870370370370371,-0.25,-0.6805555555555556,-0.20833333333333334,-0.5740740740740741,-0.24074074074074073,-0.3472222222222222,-0.1574074074074074,-0.7592592592592593,-0.11574074074074074,-0.6666666666666666,-0.06944444444444445,-0.5509259259259259,-0.08333333333333333,-0.3425925925925926,0.027777777777777776,-0.6666666666666666,0.07407407407407407,-0.8425925925925926,0.1111111111111111,-0.9953703703703703,0.125
4,0.0,0.0,-0.13852813852813853,-0.23809523809523808,-0.36363636363636365,-0.5238095238095238,-0.5021645021645021,-0.7359307359307359,-0.6017316017316018,-0.9047619047619048,-0.4329004329004329,-0.5021645021645021,-0.7705627705627706,-0.3333333333333333,-0.6623376623376623,-0.2727272727272727,-0.5454545454545454,-0.3116883116883117,-0.38095238095238093,-0.35064935064935066,-0.7489177489177489,-0.18181818181818182,-0.6320346320346321,-0.13852813852813853,-0.5367965367965368,-0.1774891774891775,-0.35064935064935066,-0.1645021645021645,-0.7142857142857143,-0.05627705627705628,-0.6147186147186147,-0.017316017316017316,-0.5064935064935064,-0.04329004329004329,-0.3246753246753247,0.021645021645021644,-0.6536796536796536,0.06493506493506493,-0.8398268398268398,0.09956709956709957,-1.0,0.11255411255411256
4,0.0,0.0,-0.14473684210526316,-0.24561403508771928,-0.38596491228070173,-0.5263157894736842,-0.5394736842105263,-0.7324561403508771,-0.6447368421052632,-0.9078947368421053,-0.4649122807017544,-0.4824561403508772,-0.8026315789473685,-0.29385964912280704,-0.6929824561403509,-0.25,-0.5745614035087719,-0.2850877192982456,-0.4166666666666667,-0.3201754385964912,-0.7763157894736842,-0.13596491228070176,-0.6447368421052632,-0.12280701754385964,-0.5350877192982456,-0.16666666666666666,-0.3815789473684211,-0.14035087719298245,-0.7368421052631579,-0.017543859649122806,-0.6140350877192983,-0.008771929824561403,-0.4956140350877193,-0.039473684210526314,-0.34649122807017546,0.043859649122807015,-0.6622807017543859,0.10964912280701754,-0.8377192982456141,0.14912280701754385,-1.0,0.17543859649122806
4,0.0,0.0,-0.14864864864864866,-0.23873873873873874,-0.3963963963963964,-0.527027027027027,-0.5585585585585585,-0.7477477477477478,-0.6711711711711712,-0.9279279279279279,-0.481981981981982,-0.5,-0.8378378378378378,-0.2972972972972973,-0.7207207207207207,-0.23873873873873874,-0.6036036036036037,-0.28378378378378377,-0.42792792792792794,-0.35585585585585583,-0.8018018018018018,-0.14414414414414414,-0.6801801801801802,-0.1036036036036036,-0.5855855855855856,-0.15315315315315314,-0.38738738738738737,-0.17117117117117117,-0.7657657657657657,-0.02702702702702703,-0.6531531531531531,0.018018018018018018,-0.5405405405405406,-0.0045045045045045045,-0.35135135135135137,0.02252252252252252,-0.6576576576576577,0.0945945945945946,-0.8378378378378378,0.14864864864864866,-1.0,0.1891891891891892
4,0.0,0.0,-0.17647058823529413,-0.2647058823529412,-0.4411764705882353,-0.5637254901960784,-0.6176470588235294,-0.7941176470588235,-0.7549019607843137,-0.9803921568627451,-0.5147058823529411,-0.5098039215686274,-0.8970588235294118,-0.29411764705882354,-0.7794117647058824,-0.22549019607843138,-0.6568627450980392,-0.2647058823529412,-0.45588235294117646,-0.35294117647058826,-0.8529411764705882,-0.1323529411764706,-0.7303921568627451,-0.09313725490196079,-0.6225490196078431,-0.14215686274509803,-0.4019607843137255,-0.16176470588235295,-0.8088235294117647,-0.0196078431372549,-0.6911764705882353,0.029411764705882353,-0.5686274509803921,0.0,-0.3480392156862745,0.03431372549019608,-0.6666666666666666,0.1323529411764706,-0.8431372549019608,0.20098039215686275,-1.0,0.2549019607843137
4,0.0,0.0,-0.1552511415525114,-0.2465753424657534,-0.3926940639269406,-0.5342465753424658,-0.54337899543379,-0.7579908675799086,-0.6575342465753424,-0.9360730593607306,-0.4611872146118721,-0.4977168949771689,-0.8264840182648402,-0.3150684931506849,-0.7214611872146118,-0.2465753424657534,-0.6118721461187214,-0.2785388127853881,-0.4063926940639269,-0.3607305936073059,-0.7853881278538812,-0.1643835616438356,-0.6757990867579908,-0.1232876712328767,-0.5844748858447488,-0.1598173515981735,-0.3607305936073059,-0.1780821917808219,-0.7442922374429224,-0.0410958904109589,-0.639269406392694,0.0091324200913242,-0.5342465753424658,-0.0045662100456621,-0.3333333333333333,0.0136986301369863,-0.6666666666666666,0.091324200913242,-0.8447488584474886,0.1415525114155251,-1.0,0.1735159817351598
4,0.0,0.0,-0.13983050847457626,-0.2330508474576271,-0.3728813559322034,-0.5042372881355932,-0.5084745762711864,-0.7161016949152542,-0.5889830508474576,-0.8940677966101694,-0.4152542372881356,-0.4788135593220339,-0.75,-0.3093220338983051,-0.652542372881356,-0.25,-0.5550847457627118,-0.2923728813559322,-0.3644067796610169,-0.3389830508474576,-0.7288135593220338,-0.1652542372881356,-0.6228813559322034,-0.1271186440677966,-0.538135593220339,-0.1694915254237288,-0.3305084745762712,-0.1652542372881356,-0.6864406779661016,-0.046610169491525424,-0.597457627118644,-0.012711864406779662,-0.4957627118644068,-0.038135593220338986,-0.3093220338983051,0.00847457627118644,-0.6398305084745762,0.059322033898305086,-0.8347457627118644,0.0847457627118644,-1.0,0.09322033898305085
4,0.0,0.0,-0.12875536480686695,-0.2317596566523605,-0.34763948497854075,-0.5150214592274678,-0.4892703862660944,-0.7381974248927039,-0.5793991416309013,-0.9227467811158798,-0.40772532188841204,-0.51931330472103,-0.7682403433476395,-0.37339055793991416,-0.6609442060085837,-0.296137339055794,-0.5493562231759657,-0.3261802575107296,-0.3648068669527897,-0.3948497854077253,-0.7467811158798283,-0.22746781115879827,-0.6394849785407726,-0.16738197424892703,-0.5493562231759657,-0.20600858369098712,-0.34334763948497854,-0.21888412017167383,-0.7124463519313304,-0.10300429184549356,-0.6094420600858369,-0.055793991416309016,-0.4978540772532189,-0.09012875536480687,-0.33476394849785407,-0.034334763948497854,-0.6523605150214592,0.004291845493562232,-0.8412017167381974,0.04291845493562232,-1.0,0.055793991416309016
4,0.0,0.0,-0.1222707423580786,-0.24890829694323144,-0.32751091703056767,-0.5545851528384279,-0.45414847161572053,-0.7860262008733624,-0.5327510917030568,-0.9737991266375546,-0.37554585152838427,-0.537117903930131,-0.7292576419213974,-0.4104803493449782,-0.6375545851528385,-0.33624454148471616,-0.5240174672489083,-0.3624454148471616,-0.3406113537117904,-0.388646288209607,-0.7292576419213974,-0.2576419213973799,-0.6331877729257642,-0.2052401746724891,-0.5283842794759825,-0.23580786026200873,-0.32751091703056767,-0.21397379912663755,-0.7074235807860262,-0.13100436681222707,-0.6157205240174672,-0.08296943231441048,-0.5021834061135371,-0.10043668122270742,-0.32751091703056767,-0.034934497816593885,-0.6506550218340611,-0.013100436681222707,-0.8427947598253275,0.0,-1.0,-0.008733624454148471
4,0.0,0.0,-0.11965811965811966,-0.25213675213675213,-0.32051282051282054,-0.5470085470085471,-0.452991452991453,-0.7649572649572649,-0.5341880341880342,-0.9572649572649573,-0.39316239316239315,-0.5299145299145299,-0.7478632478632479,-0.3888888888888889,-0.6410256410256411,-0.3162393162393162,-0.5256410256410257,-0.33760683760683763,-0.36752136752136755,-0.3803418803418803,-0.7307692307692307,-0.23076923076923078,-0.6196581196581197,-0.18376068376068377,-0.5170940170940171,-0.21794871794871795,-0.3547008547008547,-0.20085470085470086,-0.7008547008547008,-0.10683760683760683,-0.594017094017094,-0.07692307692307693,-0.47863247863247865,-0.10683760683760683,-0.3504273504273504,-0.017094017094017096,-0.6623931623931624,0.017094017094017096,-0.8461538461538461,0.042735042735042736,-1.0,0.04700854700854701
4,0.0,0.0,-0.11061946902654868,-0.26548672566371684,-0.30973451327433627,-0.5752212389380531,-0.4336283185840708,-0.8097345132743363,-0.5132743362831859,-1.0,-0.3584070796460177,-0.5575221238938053,-0.7389380530973452,-0.4247787610619469,-0.6327433628318584,-0.35398230088495575,-0.5176991150442478,-0.3893805309734513,-0.33185840707964603,-0.41150442477876104,-0.7345132743362832,-0.2743362831858407,-0.6238938053097345,-0.22123893805309736,-0.5353982300884956,-0.2610619469026549,-0.3230088495575221,-0.22566371681415928,-0.7212389380530974,-0.1504424778761062,-0.6283185840707964,-0.09734513274336283,-0.5221238938053098,-0.11504424778761062,-0.33185840707964603,-0.03982300884955752,-0.6548672566371682,-0.017699115044247787,-0.831858407079646,0.01327433628318584,-0.9734513274336283,0.02654867256637168
4,0.0,0.0,-0.12831858407079647,-0.252212389380531,-0.33185840707964603,-0.5530973451327433,-0.47345132743362833,-0.7831858407079646,-0.5707964601769911,-0.9734513274336283,-0.39823008849557523,-0.5265486725663717,-0.7699115044247787,-0.415929203539823,-0.668141592920354,-0.3407079646017699,-0.5486725663716814,-0.35398230088495575,-0.3672566371681416,-0.38495575221238937,-0.7566371681415929,-0.2610619469026549,-0.6592920353982301,-0.20353982300884957,-0.5530973451327433,-0.22566371681415928,-0.35398230088495575,-0.2079646017699115,-0.7256637168141593,-0.13716814159292035,-0.6415929203539823,-0.07964601769911504,-0.5309734513274337,-0.09292035398230089,-0.34513274336283184,-0.02654867256637168,-0.668141592920354,0.02654867256637168,-0.8495575221238938,0.05752212389380531,-1.0,0.07079646017699115
4,0.0,0.0,-0.1318181818181818,-0.2545454545454545,-0.3409090909090909,-0.5590909090909091,-0.4727272727272727,-0.7954545454545454,-0.5454545454545454,-1.0,-0.38181818181818183,-0.5227272727272727,-0.7681818181818182,-0.41818181818181815,-0.6818181818181818,-0.3409090909090909,-0.5636363636363636,-0.35,-0.34545454545454546,-0.38636363636363635,-0.7727272727272727,-0.2818181818181818,-0.6818181818181818,-0.21363636363636362,-0.5681818181818182,-0.22727272727272727,-0.32272727272727275,-0.21363636363636362,-0.740909090909091,-0.1590909090909091,-0.6636363636363637,-0.08636363636363636,-0.55,-0.08181818181818182,-0.31363636363636366,-0.03636363636363636,-0.6363636363636364,0.0,-0.8090909090909091,0.04090909090909091,-0.9409090909090909,0.06818181818181818
