6,0.0,0.0,-0.20316622691292877,-0.07651715039577836,-0.37730870712401055,-0.3007915567282322,-0.48548812664907653,-0.46965699208443273,-0.5936675461741425,-0.5725593667546174,-0.2691292875989446,-0.5092348284960422,-0.3087071240105541,-0.7361477572559367,-0.3245382585751979,-0.8759894459102903,-0.34300791556728233,-1.0,-0.14775725593667546,-0.5197889182058048,-0.18997361477572558,-0.5672823218997362,-0.19261213720316622,-0.37467018469656993,-0.19261213720316622,-0.22691292875989447,-0.0316622691292876,-0.5092348284960422,-0.079155672823219,-0.5646437994722955,-0.09498680738786279,-0.37730870712401055,-0.11345646437994723,-0.24538258575197888,0.08179419525065963,-0.49340369393139843,0.0712401055408971,-0.6754617414248021,0.06068601583113457,-0.783641160949868,0.036939313984168866,-0.8944591029023746
6,0.0,0.0,-0.21333333333333335,-0.07733333333333334,-0.3893333333333333,-0.2986666666666667,-0.504,-0.4666666666666667,-0.616,-0.568,-0.288,-0.504,-0.328,-0.736,-0.3466666666666667,-0.8773333333333333,-0.368,-1.0,-0.16533333333333333,-0.5146666666666667,-0.2,-0.5706666666666667,-0.2,-0.38133333333333336,-0.20266666666666666,-0.23466666666666666,-0.050666666666666665,-0.5093333333333333,-0.08533333333333333,-0.576,-0.096,-0.4,-0.112,-0.2693333333333333,0.064,-0.5013333333333333,0.056,-0.688,0.04533333333333334,-0.8026666666666666,0.02666666666666667,-0.9093333333333333
6,0.0,0.0,-0.21447721179624665,-0.07506702412868632,-0.3941018766756032,-0.2975871313672922,-0.5093833780160858,-0.46380697050938335,-0.6193029490616622,-0.5656836461126006,-0.289544235924933,-0.49865951742627346,-0.3324396782841823,-0.7372654155495979,-0.3485254691689008,-0.8766756032171582,-0.3726541554959786,-1.0,-0.16890080428954424,-0.5120643431635389,-0.19839142091152814,-0.5764075067024129,-0.19571045576407506,-0.3806970509383378,-0.19839142091152814,-0.23324396782841822,-0.05630026809651475,-0.5093833780160858,-0.08579088471849866,-0.5844504021447721,-0.09651474530831099,-0.40214477211796246,-0.11528150134048257,-0.2734584450402145,0.058981233243967826,-0.5067024128686327,0.05630026809651475,-0.6916890080428955,0.05093833780160858,-0.8042895442359249,0.032171581769437,-0.9115281501340483
6,0.0,0.0,-0.21066666666666667,-0.08266666666666667,-0.392,-0.304,-0.5093333333333333,-0.4666666666666667,-0.624,-0.5653333333333334,-0.2826666666666667,-0.49866666666666665,-0.33066666666666666,-0.736,-0.352,-0.8746666666666667,-0.37866666666666665,-1.0,-0.16266666666666665,-0.5093333333333333,-0.19733333333333333,-0.568,-0.19733333333333333,-0.37333333333333335,-0.19733333333333333,-0.22933333333333333,-0.048,-0.5066666666666667,-0.08533333333333333,-0.5786666666666667,-0.09866666666666667,-0.39466666666666667,-0.11733333333333333,-0.264,0.06933333333333333,-0.5013333333333333,0.058666666666666666,-0.6906666666666667,0.048,-0.8053333333333333,0.02666666666666667,-0.92
6,0.0,0.0,-0.21081081081081082,-0.07567567567567568,-0.3891891891891892,-0.2945945945945946,-0.5108108108108108,-0.4594594594594595,-0.6297297297297297,-0.5567567567567567,-0.2945945945945946,-0.5162162162162162,-0.33513513513513515,-0.7486486486486487,-0.35405405405405405,-0.8837837837837837,-0.3810810810810811,-1.0,-0.1783783783783784,-0.527027027027027,-0.21081081081081082,-0.5945945945945946,-0.20810810810810812,-0.3918918918918919,-0.21621621621621623,-0.24594594594594596,-0.062162162162162166,-0.518918918918919,-0.08648648648648649,-0.5891891891891892,-0.0972972972972973,-0.40540540540540543,-0.11891891891891893,-0.27837837837837837,0.05675675675675676,-0.5054054054054054,0.04594594594594595,-0.6918918918918919,0.032432432432432434,-0.7972972972972973,0.010810810810810811,-0.9
6,0.0,0.0,-0.21798365122615804,-0.1008174386920981,-0.3896457765667575,-0.3079019073569482,-0.5068119891008175,-0.46866485013623976,-0.6130790190735694,-0.5749318801089919,-0.28610354223433243,-0.5013623978201635,-0.3215258855585831,-0.7329700272479565,-0.33787465940054495,-0.8746594005449592,-0.36239782016348776,-1.0,-0.16076294277929154,-0.5149863760217984,-0.1880108991825613,-0.5858310626702997,-0.18256130790190736,-0.39509536784741145,-0.18528610354223432,-0.24795640326975477,-0.04087193460490463,-0.5149863760217984,-0.07356948228882834,-0.5885558583106267,-0.08174386920980926,-0.40599455040871935,-0.09536784741144415,-0.2724795640326976,0.07629427792915532,-0.5095367847411444,0.07629427792915532,-0.6975476839237057,0.0681198910081744,-0.8119891008174387,0.043596730245231606,-0.9209809264305178
6,0.0,0.0,-0.21910112359550563,-0.07865168539325842,-0.398876404494382,-0.29213483146067415,-0.5196629213483146,-0.45224719101123595,-0.6376404494382022,-0.5533707865168539,-0.29775280898876405,-0.5056179775280899,-0.34269662921348315,-0.7415730337078652,-0.36235955056179775,-0.8792134831460674,-0.38764044943820225,-1.0,-0.18258426966292135,-0.5140449438202247,-0.21629213483146068,-0.5842696629213483,-0.21348314606741572,-0.3904494382022472,-0.22191011235955055,-0.2443820224719101,-0.06741573033707865,-0.5084269662921348,-0.0898876404494382,-0.5870786516853933,-0.10393258426966293,-0.4101123595505618,-0.12921348314606743,-0.28651685393258425,0.05337078651685393,-0.49719101123595505,0.0449438202247191,-0.6910112359550562,0.03651685393258427,-0.8061797752808989,0.014044943820224719,-0.9185393258426966
6,0.0,0.0,-0.2111111111111111,-0.07777777777777778,-0.4027777777777778,-0.2916666666666667,-0.525,-0.45,-0.6388888888888888,-0.55,-0.28888888888888886,-0.49722222222222223,-0.35,-0.7305555555555555,-0.375,-0.8722222222222222,-0.40555555555555556,-1.0,-0.17222222222222222,-0.5111111111111111,-0.2222222222222222,-0.5777777777777777,-0.2222222222222222,-0.3861111111111111,-0.2222222222222222,-0.2388888888888889,-0.05555555555555555,-0.5111111111111111,-0.10277777777777777,-0.5944444444444444,-0.125,-0.4111111111111111,-0.14444444444444443,-0.2722222222222222,0.06388888888888888,-0.5083333333333333,0.05,-0.6972222222222222,0.03333333333333333,-0.8166666666666667,0.002777777777777778,-0.9333333333333333
6,0.0,0.0,-0.2175141242937853,-0.07627118644067797,-0.4011299435028249,-0.2824858757062147,-0.5225988700564972,-0.4491525423728814,-0.6440677966101694,-0.5508474576271186,-0.3192090395480226,-0.4915254237288136,-0.3700564971751412,-0.7344632768361582,-0.3926553672316384,-0.8757062146892656,-0.4209039548022599,-1.0,-0.2033898305084746,-0.5084745762711864,-0.2401129943502825,-0.5932203389830508,-0.22598870056497175,-0.4011299435028249,-0.22033898305084745,-0.2598870056497175,-0.08757062146892655,-0.5141242937853108,-0.11581920903954802,-0.6045197740112994,-0.11016949152542373,-0.4350282485875706,-0.11864406779661017,-0.3163841807909605,0.03672316384180791,-0.5141242937853108,0.025423728813559324,-0.7090395480225988,0.005649717514124294,-0.8192090395480226,-0.02824858757062147,-0.9293785310734464
6,0.0,0.0,-0.2175141242937853,-0.07344632768361582,-0.4124293785310734,-0.2740112994350282,-0.5423728813559322,-0.4293785310734463,-0.6694915254237288,-0.5282485875706214,-0.327683615819209,-0.4943502824858757,-0.3870056497175141,-0.7344632768361582,-0.4209039548022599,-0.8757062146892656,-0.4604519774011299,-1.0,-0.2033898305084746,-0.5141242937853108,-0.2401129943502825,-0.5847457627118644,-0.2175141242937853,-0.3954802259887006,-0.2062146892655367,-0.24858757062146894,-0.0847457627118644,-0.519774011299435,-0.11864406779661017,-0.6129943502824858,-0.11581920903954802,-0.4350282485875706,-0.12146892655367232,-0.3050847457627119,0.03672316384180791,-0.5225988700564972,0.01694915254237288,-0.7175141242937854,-0.011299435028248588,-0.8361581920903954,-0.0480225988700565,-0.9519774011299436
6,0.0,0.0,-0.23410404624277456,-0.057803468208092484,-0.43641618497109824,-0.26011560693641617,-0.5751445086705202,-0.42485549132947975,-0.7109826589595376,-0.523121387283237,-0.36416184971098264,-0.4913294797687861,-0.430635838150289,-0.7312138728323699,-0.47398843930635837,-0.8728323699421965,-0.5173410404624278,-1.0,-0.2543352601156069,-0.5202312138728323,-0.30346820809248554,-0.6098265895953757,-0.28034682080924855,-0.41040462427745666,-0.26011560693641617,-0.26011560693641617,-0.13583815028901733,-0.5317919075144508,-0.18786127167630057,-0.6242774566473989,-0.17630057803468208,-0.4421965317919075,-0.17341040462427745,-0.315028901734104,-0.014450867052023121,-0.5375722543352601,-0.04335260115606936,-0.7341040462427746,-0.06936416184971098,-0.8497109826589595,-0.11271676300578035,-0.9595375722543352
6,0.0,0.0,-0.23255813953488372,-0.05813953488372093,-0.4418604651162791,-0.25872093023255816,-0.5813953488372093,-0.4186046511627907,-0.7093023255813954,-0.5058139534883721,-0.3430232558139535,-0.4796511627906977,-0.41569767441860467,-0.7267441860465116,-0.4622093023255814,-0.872093023255814,-0.5145348837209303,-1.0,-0.2238372093023256,-0.502906976744186,-0.27325581395348836,-0.5813953488372093,-0.25290697674418605,-0.38372093023255816,-0.24127906976744187,-0.23255813953488372,-0.10755813953488372,-0.5145348837209303,-0.15988372093023256,-0.6104651162790697,-0.15406976744186046,-0.4186046511627907,-0.15406976744186046,-0.2761627906976744,0.011627906976744186,-0.5261627906976745,-0.023255813953488372,-0.7238372093023255,-0.05813953488372093,-0.8459302325581395,-0.10465116279069768,-0.9651162790697675
6,0.0,0.0,-0.24307692307692308,-0.052307692307692305,-0.4553846153846154,-0.23692307692307693,-0.5969230769230769,-0.39692307692307693,-0.7323076923076923,-0.49846153846153846,-0.38153846153846155,-0.48615384615384616,-0.46153846153846156,-0.7323076923076923,-0.5107692307692308,-0.8769230769230769,-0.563076923076923,-1.0,-0.26461538461538464,-0.5169230769230769,-0.3261538461538461,-0.6,-0.2953846153846154,-0.39384615384615385,-0.27384615384615385,-0.24307692307692308,-0.14153846153846153,-0.5323076923076923,-0.19076923076923077,-0.6246153846153846,-0.1723076923076923,-0.4369230769230769,-0.16615384615384615,-0.3046153846153846,-0.015384615384615385,-0.5476923076923077,-0.055384615384615386,-0.7538461538461538,-0.08923076923076922,-0.8738461538461538,-0.13538461538461538,-0.9876923076923076
6,0.0,0.0,-0.22916666666666666,-0.0625,-0.44642857142857145,-0.25595238095238093,-0.5833333333333334,-0.41369047619047616,-0.7023809523809523,-0.5178571428571429,-0.35119047619047616,-0.4880952380952381,-0.4255952380952381,-0.7291666666666666,-0.47619047619047616,-0.875,-0.5267857142857143,-1.0,-0.23214285714285715,-0.5208333333333334,-0.28869047619047616,-0.5744047619047619,-0.25892857142857145,-0.37797619047619047,-0.23511904761904762,-0.23214285714285715,-0.1130952380952381,-0.5357142857142857,-0.16666666666666666,-0.5982142857142857,-0.15178571428571427,-0.4226190476190476,-0.1488095238095238,-0.2916666666666667,0.005952380952380952,-0.5446428571428571,-0.02976190476190476,-0.7440476190476191,-0.0625,-0.8630952380952381,-0.11011904761904762,-0.9732142857142857
6,0.0,0.0,-0.2028985507246377,-0.08405797101449275,-0.391304347826087,-0.2927536231884058,-0.5072463768115942,-0.45217391304347826,-0.6202898550724638,-0.5565217391304348,-0.2811594202898551,-0.5043478260869565,-0.34202898550724636,-0.7420289855072464,-0.3739130434782609,-0.8782608695652174,-0.4144927536231884,-1.0,-0.16521739130434782,-0.5246376811594203,-0.22318840579710145,-0.6028985507246377,-0.2028985507246377,-0.4028985507246377,-0.19130434782608696,-0.2492753623188406,-0.04927536231884058,-0.5246376811594203,-0.10434782608695652,-0.6202898550724638,-0.10434782608695652,-0.43768115942028984,-0.11304347826086956,-0.2985507246376812,0.06666666666666667,-0.5217391304347826,0.04927536231884058,-0.7188405797101449,0.02318840579710145,-0.8347826086956521,-0.020289855072463767,-0.9478260869565217
6,0.0,0.0,-0.20679886685552407,-0.0764872521246459,-0.38526912181303113,-0.29178470254957506,-0.4985835694050991,-0.45609065155807366,-0.6147308781869688,-0.5580736543909348,-0.2719546742209632,-0.4985835694050991,-0.32294617563739375,-0.7393767705382436,-0.35694050991501414,-0.8781869688385269,-0.39660056657223797,-1.0,-0.1529745042492918,-0.509915014164306,-0.21246458923512748,-0.5750708215297451,-0.20113314447592068,-0.37677053824362605,-0.18980169971671387,-0.22946175637393768,-0.039660056657223795,-0.5042492917847026,-0.0906515580736544,-0.5835694050991501,-0.1048158640226629,-0.39660056657223797,-0.11898016997167139,-0.26345609065155806,0.07365439093484419,-0.4985835694050991,0.056657223796033995,-0.6968838526912181,0.031161473087818695,-0.8158640226628895,-0.0028328611898017,-0.9291784702549575
6,0.0,0.0,-0.2033898305084746,-0.07909604519774012,-0.3757062146892655,-0.2994350282485876,-0.4830508474576271,-0.4689265536723164,-0.5988700564971752,-0.576271186440678,-0.2711864406779661,-0.4943502824858757,-0.3192090395480226,-0.7344632768361582,-0.3474576271186441,-0.8757062146892656,-0.3813559322033898,-1.0,-0.1553672316384181,-0.5084745762711864,-0.211864406779661,-0.5875706214689266,-0.2033898305084746,-0.3926553672316384,-0.192090395480226,-0.24293785310734464,-0.03954802259887006,-0.5056497175141242,-0.08757062146892655,-0.5988700564971752,-0.096045197740113,-0.4180790960451977,-0.10451977401129943,-0.2824858757062147,0.07909604519774012,-0.5028248587570622,0.062146892655367235,-0.6949152542372882,0.03954802259887006,-0.807909604519774,0.00847457627118644,-0.9152542372881356
6,0.0,0.0,-0.19613259668508287,-0.07734806629834254,-0.36187845303867405,-0.3011049723756906,-0.46685082872928174,-0.4696132596685083,-0.5773480662983426,-0.5718232044198895,-0.2596685082872928,-0.5082872928176796,-0.30386740331491713,-0.7403314917127072,-0.32320441988950277,-0.8784530386740331,-0.34806629834254144,-1.0,-0.143646408839779,-0.5220994475138122,-0.19337016574585636,-0.5883977900552486,-0.19337016574585636,-0.39779005524861877,-0.1878453038674033,-0.2513812154696133,-0.027624309392265192,-0.5165745856353591,-0.07734806629834254,-0.580110497237569,-0.09392265193370165,-0.4005524861878453,-0.10773480662983426,-0.27071823204419887,0.0856353591160221,-0.505524861878453,0.07734806629834254,-0.6988950276243094,0.06077348066298342,-0.8093922651933702,0.03038674033149171,-0.914364640883978
6,0.0,0.0,-0.20555555555555555,-0.08055555555555556,-0.38055555555555554,-0.29444444444444445,-0.4888888888888889,-0.4638888888888889,-0.6083333333333333,-0.5722222222222222,-0.2777777777777778,-0.5027777777777778,-0.31666666666666665,-0.7388888888888889,-0.3472222222222222,-0.8777777777777778,-0.38333333333333336,-1.0,-0.16111111111111112,-0.5138888888888888,-0.2111111111111111,-0.5888888888888889,-0.2111111111111111,-0.3972222222222222,-0.20833333333333334,-0.25277777777777777,-0.05,-0.5111111111111111,-0.08888888888888889,-0.5972222222222222,-0.1,-0.41944444444444445,-0.1111111111111111,-0.2916666666666667,0.06944444444444445,-0.5027777777777778,0.05277777777777778,-0.6944444444444444,0.03333333333333333,-0.8027777777777778,0.005555555555555556,-0.9055555555555556
6,0.0,0.0,-0.21568627450980393,-0.08683473389355742,-0.3865546218487395,-0.30532212885154064,-0.49859943977591037,-0.4677871148459384,-0.6190476190476191,-0.5630252100840336,-0.27170868347338933,-0.5042016806722689,-0.3277310924369748,-0.7394957983193278,-0.3557422969187675,-0.876750700280112,-0.38935574229691877,-1.0,-0.15966386554621848,-0.5182072829131653,-0.20728291316526612,-0.5966386554621849,-0.20728291316526612,-0.40336134453781514,-0.20448179271708683,-0.2605042016806723,-0.047619047619047616,-0.5154061624649859,-0.09523809523809523,-0.6078431372549019,-0.1092436974789916,-0.4257703081232493,-0.12044817927170869,-0.2913165266106443,0.06722689075630252,-0.5098039215686274,0.058823529411764705,-0.7002801120448179,0.0392156862745098,-0.8123249299719888,0.008403361344537815,-0.9215686274509803
6,0.0,0.0,-0.20277777777777778,-0.08888888888888889,-0.3861111111111111,-0.3055555555555556,-0.5111111111111111,-0.4583333333333333,-0.625,-0.5555555555555556,-0.26944444444444443,-0.5138888888888888,-0.3138888888888889,-0.7444444444444445,-0.3388888888888889,-0.8805555555555555,-0.36666666666666664,-1.0,-0.15,-0.5277777777777778,-0.19722222222222222,-0.5916666666666667,-0.19444444444444445,-0.39166666666666666,-0.19444444444444445,-0.24722222222222223,-0.03611111111111111,-0.5194444444444445,-0.08055555555555556,-0.5833333333333334,-0.09166666666666666,-0.39444444444444443,-0.10555555555555556,-0.2638888888888889,0.08055555555555556,-0.5111111111111111,0.06388888888888888,-0.7027777777777777,0.04722222222222222,-0.8111111111111111,0.013888888888888888,-0.9194444444444444
6,0.0,0.0,-0.21306818181818182,-0.08522727272727272,-0.38636363636363635,-0.29261363636363635,-0.5028409090909091,-0.45170454545454547,-0.625,-0.5539772727272727,-0.2755681818181818,-0.5056818181818182,-0.32386363636363635,-0.7414772727272727,-0.3465909090909091,-0.8778409090909091,-0.375,-1.0,-0.16193181818181818,-0.5170454545454546,-0.21022727272727273,-0.5909090909090909,-0.21306818181818182,-0.39488636363636365,-0.21306818181818182,-0.2471590909090909,-0.045454545454545456,-0.5085227272727273,-0.08806818181818182,-0.5909090909090909,-0.09943181818181818,-0.4119318181818182,-0.11363636363636363,-0.2840909090909091,0.07386363636363637,-0.5,0.056818181818181816,-0.6960227272727273,0.03977272727272727,-0.8096590909090909,0.008522727272727272,-0.9147727272727273
6,0.0,0.0,-0.19273743016759776,-0.07262569832402235,-0.38268156424581007,-0.276536312849162,-0.5111731843575419,-0.4245810055865922,-0.6312849162011173,-0.5195530726256983,-0.27932960893854747,-0.5027932960893855,-0.33519553072625696,-0.7346368715083799,-0.36312849162011174,-0.8770949720670391,-0.39385474860335196,-1.0,-0.164804469273743,-0.5223463687150838,-0.2346368715083799,-0.5726256983240223,-0.22625698324022347,-0.3743016759776536,-0.20949720670391062,-0.22346368715083798,-0.04748603351955307,-0.5223463687150838,-0.11452513966480447,-0.5782122905027933,-0.12849162011173185,-0.4022346368715084,-0.1340782122905028,-0.2709497206703911,0.07262569832402235,-0.5139664804469274,0.05307262569832402,-0.7067039106145251,0.025139664804469275,-0.8240223463687151,-0.0111731843575419,-0.9273743016759777
6,0.0,0.0,-0.2011173184357542,-0.0782122905027933,-0.3687150837988827,-0.2905027932960894,-0.4888268156424581,-0.44972067039106145,-0.611731843575419,-0.5446927374301676,-0.2569832402234637,-0.5027932960893855,-0.3100558659217877,-0.7374301675977654,-0.3463687150837989,-0.8770949720670391,-0.3854748603351955,-1.0,-0.14804469273743018,-0.5139664804469274,-0.21787709497206703,-0.5810055865921788,-0.21508379888268156,-0.37988826815642457,-0.2011173184357542,-0.2346368715083799,-0.0335195530726257,-0.5111731843575419,-0.09776536312849161,-0.5893854748603352,-0.10335195530726257,-0.4106145251396648,-0.10335195530726257,-0.28212290502793297,0.08379888268156424,-0.5027932960893855,0.0670391061452514,-0.7039106145251397,0.03910614525139665,-0.8240223463687151,-0.002793296089385475,-0.9329608938547486
6,0.0,0.0,-0.1842818428184282,-0.0921409214092141,-0.34959349593495936,-0.3143631436314363,-0.45257452574525747,-0.4715447154471545,-0.5663956639566395,-0.5691056910569106,-0.2222222222222222,-0.5067750677506775,-0.26558265582655827,-0.7398373983739838,-0.2953929539295393,-0.8807588075880759,-0.33062330623306235,-1.0,-0.11382113821138211,-0.5121951219512195,-0.1897018970189702,-0.5718157181571816,-0.19241192411924118,-0.38482384823848237,-0.18157181571815717,-0.24390243902439024,-0.005420054200542005,-0.5013550135501355,-0.07859078590785908,-0.5772357723577236,-0.0975609756097561,-0.4010840108401084,-0.10569105691056911,-0.27371273712737126,0.10840108401084012,-0.4932249322493225,0.0948509485094851,-0.6937669376693767,0.06775067750677506,-0.8102981029810298,0.02710027100271003,-0.9159891598915989
6,0.0,0.0,-0.17678100263852242,-0.10290237467018469,-0.3245382585751979,-0.3245382585751979,-0.41424802110817943,-0.48284960422163586,-0.5171503957783641,-0.5778364116094987,-0.1741424802110818,-0.5065963060686016,-0.22163588390501318,-0.7387862796833773,-0.2559366754617414,-0.8786279683377308,-0.2955145118733509,-1.0,-0.07651715039577836,-0.503957783641161,-0.16886543535620052,-0.5672823218997362,-0.18469656992084432,-0.38522427440633245,-0.17678100263852242,-0.24802110817941952,0.023746701846965697,-0.48812664907651715,-0.0712401055408971,-0.5646437994722955,-0.09498680738786279,-0.38786279683377306,-0.09498680738786279,-0.2638522427440633,0.12928759894459102,-0.47493403693931396,0.12401055408970976,-0.6728232189973615,0.09498680738786279,-0.7862796833773087,0.052770448548812667,-0.8918205804749341
6,0.0,0.0,-0.18157894736842106,-0.10263157894736842,-0.31842105263157894,-0.3236842105263158,-0.4052631578947368,-0.4842105263157895,-0.5157894736842106,-0.5815789473684211,-0.1736842105263158,-0.5131578947368421,-0.2131578947368421,-0.7473684210526316,-0.25,-0.8842105263157894,-0.29473684210526313,-1.0,-0.07631578947368421,-0.5131578947368421,-0.16842105263157894,-0.5763157894736842,-0.1868421052631579,-0.39210526315789473,-0.18157894736842106,-0.25526315789473686,0.021052631578947368,-0.49736842105263157,-0.06842105263157895,-0.5736842105263158,-0.09473684210526316,-0.3973684210526316,-0.09736842105263158,-0.2710526315789474,0.12894736842105264,-0.4842105263157895,0.11842105263157894,-0.6868421052631579,0.09210526315789473,-0.8,0.05526315789473684,-0.9
6,0.0,0.0,-0.18421052631578946,-0.1,-0.3236842105263158,-0.32105263157894737,-0.4105263157894737,-0.48157894736842105,-0.5184210526315789,-0.5789473684210527,-0.18421052631578946,-0.5131578947368421,-0.22894736842105262,-0.7447368421052631,-0.2657894736842105,-0.881578947368421,-0.30526315789473685,-1.0,-0.08157894736842106,-0.5105263157894737,-0.1763157894736842,-0.5684210526315789,-0.19473684210526315,-0.3868421052631579,-0.18947368421052632,-0.25263157894736843,0.018421052631578946,-0.49736842105263157,-0.07368421052631578,-0.5631578947368421,-0.10526315789473684,-0.39210526315789473,-0.11578947368421053,-0.2710526315789474,0.12631578947368421,-0.4842105263157895,0.11578947368421053,-0.6868421052631579,0.08947368421052632,-0.7973684210526316,0.05,-0.8921052631578947
6,0.0,0.0,-0.20270270270270271,-0.08648648648648649,-0.35945945945945945,-0.2945945945945946,-0.4702702702702703,-0.45675675675675675,-0.5918918918918918,-0.5621621621621622,-0.24864864864864866,-0.5027027027027027,-0.2891891891891892,-0.7378378378378379,-0.3162162162162162,-0.8756756756756757,-0.34864864864864864,-1.0,-0.14054054054054055,-0.5108108108108108,-0.1864864864864865,-0.5783783783783784,-0.1891891891891892,-0.3891891891891892,-0.1891891891891892,-0.25135135135135134,-0.032432432432432434,-0.5081081081081081,-0.07837837837837838,-0.5918918918918918,-0.0918918918918919,-0.41621621621621624,-0.1,-0.2918918918918919,0.08378378378378379,-0.5027027027027027,0.07297297297297298,-0.7027027027027027,0.05405405405405406,-0.8108108108108109,0.024324324324324326,-0.9162162162162162
6,0.0,0.0,-0.20765027322404372,-0.08196721311475409,-0.38524590163934425,-0.2978142076502732,-0.5,-0.45901639344262296,-0.6174863387978142,-0.5519125683060109,-0.27049180327868855,-0.4972677595628415,-0.3251366120218579,-0.7349726775956285,-0.3551912568306011,-0.8743169398907104,-0.3907103825136612,-1.0,-0.15300546448087432,-0.5081967213114754,-0.20765027322404372,-0.5765027322404371,-0.20491803278688525,-0.38524590163934425,-0.19398907103825136,-0.2459016393442623,-0.040983606557377046,-0.505464480874317,-0.09562841530054644,-0.592896174863388,-0.1092896174863388,-0.4098360655737705,-0.11475409836065574,-0.27595628415300544,0.07650273224043716,-0.505464480874317,0.06284153005464481,-0.6994535519125683,0.03825136612021858,-0.8114754098360656,0.00273224043715847,-0.9180327868852459
6,0.0,0.0,-0.21944444444444444,-0.08333333333333333,-0.39444444444444443,-0.3,-0.5111111111111111,-0.4638888888888889,-0.6305555555555555,-0.5666666666666667,-0.2833333333333333,-0.5,-0.33055555555555555,-0.7361111111111112,-0.35555555555555557,-0.875,-0.3888888888888889,-1.0,-0.17222222222222222,-0.5138888888888888,-0.2222222222222222,-0.6027777777777777,-0.21388888888888888,-0.4111111111111111,-0.20555555555555555,-0.26666666666666666,-0.058333333333333334,-0.5138888888888888,-0.10277777777777777,-0.6138888888888889,-0.1111111111111111,-0.43333333333333335,-0.11944444444444445,-0.3,0.06111111111111111,-0.5111111111111111,0.044444444444444446,-0.6972222222222222,0.025,-0.8083333333333333,-0.008333333333333333,-0.9138888888888889
6,0.0,0.0,-0.20891364902506965,-0.07799442896935933,-0.3955431754874652,-0.28969359331476324,-0.5125348189415042,-0.44846796657381616,-0.6267409470752089,-0.5459610027855153,-0.28133704735376047,-0.4958217270194986,-0.3398328690807799,-0.7381615598885793,-0.37047353760445684,-0.8774373259052924,-0.40668523676880225,-1.0,-0.1615598885793872,-0.5097493036211699,-0.2200557103064067,-0.5877437325905293,-0.20891364902506965,-0.39275766016713093,-0.19498607242339833,-0.25069637883008355,-0.04735376044568245,-0.5097493036211699,-0.10306406685236769,-0.5988857938718662,-0.11142061281337047,-0.415041782729805,-0.11977715877437325,-0.28133704735376047,0.06963788300835655,-0.5069637883008357,0.05013927576601671,-0.6991643454038997,0.022284122562674095,-0.8161559888579387,-0.019498607242339833,-0.9303621169916435
6,0.0,0.0,-0.21008403361344538,-0.07563025210084033,-0.4061624649859944,-0.2773109243697479,-0.5322128851540616,-0.42857142857142855,-0.6470588235294118,-0.5294117647058824,-0.3081232492997199,-0.5042016806722689,-0.36134453781512604,-0.7366946778711485,-0.3949579831932773,-0.876750700280112,-0.42857142857142855,-1.0,-0.18487394957983194,-0.5238095238095238,-0.23809523809523808,-0.5854341736694678,-0.22408963585434175,-0.38935574229691877,-0.20728291316526612,-0.23809523809523808,-0.06722689075630252,-0.5238095238095238,-0.12044817927170869,-0.5938375350140056,-0.12885154061624648,-0.41456582633053224,-0.13445378151260504,-0.2801120448179272,0.05322128851540616,-0.5210084033613446,0.03081232492997199,-0.7142857142857143,0.0,-0.8291316526610645,-0.04201680672268908,-0.938375350140056
6,0.0,0.0,-0.2112676056338028,-0.08169014084507042,-0.4,-0.29295774647887324,-0.5267605633802817,-0.4507042253521127,-0.6507042253521127,-0.5464788732394367,-0.29577464788732394,-0.5098591549295775,-0.3492957746478873,-0.7464788732394366,-0.38309859154929576,-0.8816901408450705,-0.4253521126760563,-1.0,-0.17746478873239438,-0.5267605633802817,-0.22816901408450704,-0.5887323943661972,-0.21690140845070421,-0.39436619718309857,-0.2112676056338028,-0.24507042253521127,-0.061971830985915494,-0.523943661971831,-0.11267605633802817,-0.5915492957746479,-0.10985915492957747,-0.4056338028169014,-0.11830985915492957,-0.2704225352112676,0.056338028169014086,-0.5154929577464789,0.03380281690140845,-0.7098591549295775,0.011267605633802818,-0.8225352112676056,-0.022535211267605635,-0.9267605633802817
6,0.0,0.0,-0.20977011494252873,-0.08620689655172414,-0.3936781609195402,-0.2959770114942529,-0.5201149425287356,-0.45689655172413796,-0.646551724137931,-0.5488505747126436,-0.28448275862068967,-0.5086206896551724,-0.34195402298850575,-0.7471264367816092,-0.3793103448275862,-0.882183908045977,-0.4166666666666667,-1.0,-0.16954022988505746,-0.5258620689655172,-0.22988505747126436,-0.5977011494252874,-0.22701149425287356,-0.4051724137931034,-0.21551724137931033,-0.25862068965517243,-0.05747126436781609,-0.5229885057471264,-0.11206896551724138,-0.603448275862069,-0.12643678160919541,-0.41954022988505746,-0.13505747126436782,-0.28448275862068967,0.0603448275862069,-0.5201149425287356,0.04597701149425287,-0.7155172413793104,0.02586206896551724,-0.8333333333333334,-0.008620689655172414,-0.9454022988505747
6,0.0,0.0,-0.20056497175141244,-0.07909604519774012,-0.3926553672316384,-0.2853107344632768,-0.519774011299435,-0.4406779661016949,-0.635593220338983,-0.536723163841808,-0.2824858757062147,-0.5056497175141242,-0.3389830508474576,-0.7429378531073446,-0.3757062146892655,-0.8813559322033898,-0.4124293785310734,-1.0,-0.16666666666666666,-0.5254237288135594,-0.2288135593220339,-0.5932203389830508,-0.22598870056497175,-0.3983050847457627,-0.21468926553672316,-0.2457627118644068,-0.05084745762711865,-0.5225988700564972,-0.11016949152542373,-0.5903954802259888,-0.12429378531073447,-0.4096045197740113,-0.13559322033898305,-0.2768361581920904,0.06497175141242938,-0.5141242937853108,0.05367231638418079,-0.7146892655367232,0.03954802259887006,-0.8361581920903954,0.00847457627118644,-0.9491525423728814
6,0.0,0.0,-0.19373219373219372,-0.07977207977207977,-0.37606837606837606,-0.28774928774928776,-0.4985754985754986,-0.45014245014245013,-0.6210826210826211,-0.5527065527065527,-0.28205128205128205,-0.5156695156695157,-0.33618233618233617,-0.7492877492877493,-0.37037037037037035,-0.8803418803418803,-0.4045584045584046,-1.0,-0.16524216524216523,-0.5327635327635327,-0.22507122507122507,-0.6096866096866097,-0.22507122507122507,-0.4131054131054131,-0.2222222222222222,-0.26495726495726496,-0.05128205128205128,-0.5270655270655271,-0.10541310541310542,-0.6096866096866097,-0.11965811965811966,-0.42165242165242167,-0.13105413105413105,-0.28205128205128205,0.06552706552706553,-0.5156695156695157,0.06552706552706553,-0.7150997150997151,0.04843304843304843,-0.8376068376068376,0.017094017094017096,-0.9515669515669516
6,0.0,0.0,-0.18956043956043955,-0.09065934065934066,-0.37637362637362637,-0.30494505494505497,-0.5027472527472527,-0.46153846153846156,-0.6208791208791209,-0.5521978021978022,-0.260989010989011,-0.5164835164835165,-0.3159340659340659,-0.7417582417582418,-0.34615384615384615,-0.8818681318681318,-0.37637362637362637,-1.0,-0.14835164835164835,-0.5302197802197802,-0.21428571428571427,-0.5989010989010989,-0.21153846153846154,-0.4065934065934066,-0.20054945054945056,-0.25824175824175827,-0.03571428571428571,-0.5247252747252747,-0.09615384615384616,-0.6071428571428571,-0.11538461538461539,-0.43131868131868134,-0.12637362637362637,-0.2967032967032967,0.07967032967032966,-0.5164835164835165,0.08516483516483517,-0.7142857142857143,0.08516483516483517,-0.8324175824175825,0.07142857142857142,-0.9478021978021978
6,0.0,0.0,-0.20809248554913296,-0.09826589595375723,-0.3815028901734104,-0.30346820809248554,-0.5057803468208093,-0.4595375722543353,-0.630057803468208,-0.5549132947976878,-0.27167630057803466,-0.5260115606936416,-0.33236994219653176,-0.7456647398843931,-0.3670520231213873,-0.8815028901734104,-0.40173410404624277,-1.0,-0.15606936416184972,-0.5433526011560693,-0.21676300578034682,-0.6098265895953757,-0.21965317919075145,-0.41040462427745666,-0.2138728323699422,-0.25722543352601157,-0.03757225433526012,-0.5375722543352601,-0.0953757225433526,-0.6069364161849711,-0.11560693641618497,-0.4277456647398844,-0.12427745664739884,-0.2947976878612717,0.0838150289017341,-0.5289017341040463,0.0953757225433526,-0.7341040462427746,0.09248554913294797,-0.8526011560693642,0.07225433526011561,-0.9624277456647399
6,0.0,0.0,-0.20168067226890757,-0.08123249299719888,-0.3865546218487395,-0.2913165266106443,-0.5098039215686274,-0.45098039215686275,-0.6274509803921569,-0.5546218487394958,-0.27170868347338933,-0.49859943977591037,-0.3389355742296919,-0.7310924369747899,-0.3753501400560224,-0.8739495798319328,-0.4117647058823529,-1.0,-0.1568627450980392,-0.5210084033613446,-0.22969187675070027,-0.5854341736694678,-0.22969187675070027,-0.3949579831932773,-0.21008403361344538,-0.24649859943977592,-0.04201680672268908,-0.5210084033613446,-0.11204481792717087,-0.5910364145658263,-0.13445378151260504,-0.4117647058823529,-0.1400560224089636,-0.2773109243697479,0.0784313725490196,-0.5182072829131653,0.08683473389355742,-0.7226890756302521,0.07563025210084033,-0.8515406162464986,0.05042016806722689,-0.969187675070028
6,0.0,0.0,-0.218562874251497,-0.07784431137724551,-0.40718562874251496,-0.26646706586826346,-0.5359281437125748,-0.4221556886227545,-0.6616766467065869,-0.5269461077844312,-0.3023952095808383,-0.5179640718562875,-0.38323353293413176,-0.7395209580838323,-0.4341317365269461,-0.874251497005988,-0.48502994011976047,-1.0,-0.19161676646706588,-0.5449101796407185,-0.2694610778443114,-0.6017964071856288,-0.2634730538922156,-0.39221556886227543,-0.24850299401197604,-0.23952095808383234,-0.0748502994011976,-0.5449101796407185,-0.1437125748502994,-0.6167664670658682,-0.15568862275449102,-0.4251497005988024,-0.16167664670658682,-0.2904191616766467,0.04790419161676647,-0.5419161676646707,0.03592814371257485,-0.7485029940119761,0.017964071856287425,-0.8712574850299402,-0.017964071856287425,-0.9850299401197605
6,0.0,0.0,-0.20821114369501467,-0.07624633431085044,-0.40762463343108507,-0.26392961876832843,-0.533724340175953,-0.41348973607038125,-0.6539589442815249,-0.5131964809384164,-0.30498533724340177,-0.5073313782991202,-0.3812316715542522,-0.7360703812316716,-0.4310850439882698,-0.8768328445747801,-0.4780058651026393,-1.0,-0.187683284457478,-0.530791788856305,-0.25513196480938416,-0.5982404692082112,-0.2375366568914956,-0.39589442815249265,-0.21114369501466276,-0.2404692082111437,-0.07038123167155426,-0.5366568914956011,-0.13196480938416422,-0.6187683284457478,-0.1378299120234604,-0.436950146627566,-0.1378299120234604,-0.2991202346041056,0.05278592375366569,-0.5395894428152492,0.04398826979472141,-0.7448680351906158,0.02346041055718475,-0.8651026392961877,-0.008797653958944282,-0.9736070381231672
6,0.0,0.0,-0.208955223880597,-0.06567164179104477,-0.408955223880597,-0.25671641791044775,-0.5462686567164179,-0.408955223880597,-0.6805970149253732,-0.5074626865671642,-0.3194029850746269,-0.5134328358208955,-0.40298507462686567,-0.7402985074626866,-0.4597014925373134,-0.8776119402985074,-0.5104477611940299,-1.0,-0.20298507462686566,-0.5432835820895522,-0.2656716417910448,-0.608955223880597,-0.24776119402985075,-0.4059701492537313,-0.22686567164179106,-0.24776119402985075,-0.08059701492537313,-0.5492537313432836,-0.1373134328358209,-0.6268656716417911,-0.13432835820895522,-0.4388059701492537,-0.13432835820895522,-0.29850746268656714,0.04776119402985075,-0.5462686567164179,0.03582089552238806,-0.7492537313432835,0.014925373134328358,-0.8686567164179104,-0.020895522388059702,-0.9791044776119403
6,0.0,0.0,-0.21515151515151515,-0.06666666666666667,-0.4090909090909091,-0.2606060606060606,-0.5393939393939394,-0.41515151515151516,-0.6757575757575758,-0.5151515151515151,-0.31212121212121213,-0.5121212121212121,-0.3939393939393939,-0.7424242424242424,-0.45151515151515154,-0.8787878787878788,-0.5,-1.0,-0.19696969696969696,-0.5393939393939394,-0.27575757575757576,-0.6090909090909091,-0.2696969696969697,-0.403030303030303,-0.2515151515151515,-0.24545454545454545,-0.08181818181818182,-0.5454545454545454,-0.15151515151515152,-0.6212121212121212,-0.16363636363636364,-0.42727272727272725,-0.16666666666666666,-0.2878787878787879,0.04242424242424243,-0.5424242424242425,0.02727272727272727,-0.7484848484848485,0.0030303030303030303,-0.8727272727272727,-0.03636363636363636,-0.990909090909091
6,0.0,0.0,-0.2319277108433735,-0.06626506024096386,-0.4427710843373494,-0.2560240963855422,-0.5903614457831325,-0.4036144578313253,-0.7228915662650602,-0.49096385542168675,-0.3313253012048193,-0.4879518072289157,-0.4246987951807229,-0.7228915662650602,-0.48493975903614456,-0.8704819277108434,-0.5421686746987951,-0.9969879518072289,-0.21686746987951808,-0.5210843373493976,-0.3102409638554217,-0.5813253012048193,-0.2921686746987952,-0.37650602409638556,-0.2560240963855422,-0.22590361445783133,-0.09939759036144578,-0.536144578313253,-0.1897590361445783,-0.5993975903614458,-0.1927710843373494,-0.4126506024096386,-0.1746987951807229,-0.2740963855421687,0.024096385542168676,-0.5512048192771084,0.009036144578313253,-0.7650602409638554,-0.024096385542168676,-0.8885542168674698,-0.06927710843373494,-1.0
6,0.0,0.0,-0.22910216718266255,-0.04953560371517028,-0.44272445820433437,-0.22291021671826625,-0.5975232198142415,-0.3653250773993808,-0.7461300309597523,-0.4458204334365325,-0.3591331269349845,-0.4953560371517028,-0.4613003095975232,-0.7120743034055728,-0.5294117647058824,-0.8452012383900929,-0.5975232198142415,-0.9659442724458205,-0.25077399380804954,-0.5356037151702786,-0.33126934984520123,-0.5789473684210527,-0.30030959752321984,-0.3715170278637771,-0.26625386996904027,-0.21362229102167182,-0.13312693498452013,-0.5541795665634675,-0.21362229102167182,-0.6191950464396285,-0.20123839009287925,-0.43034055727554177,-0.18575851393188855,-0.29102167182662536,-0.009287925696594427,-0.56656346749226,-0.043343653250773995,-0.7770897832817337,-0.07430340557275542,-0.8947368421052632,-0.1238390092879257,-1.0
6,0.0,0.0,-0.22699386503067484,-0.03680981595092025,-0.450920245398773,-0.20552147239263804,-0.6134969325153374,-0.34049079754601225,-0.7638036809815951,-0.41411042944785276,-0.3773006134969325,-0.46319018404907975,-0.48773006134969327,-0.6932515337423313,-0.5613496932515337,-0.8343558282208589,-0.6319018404907976,-0.9539877300613497,-0.26380368098159507,-0.5061349693251533,-0.34355828220858897,-0.5674846625766872,-0.3128834355828221,-0.36503067484662577,-0.27300613496932513,-0.2116564417177914,-0.147239263803681,-0.5306748466257669,-0.22392638036809817,-0.6073619631901841,-0.21779141104294478,-0.4171779141104294,-0.20552147239263804,-0.27607361963190186,-0.024539877300613498,-0.5521472392638037,-0.06748466257668712,-0.7638036809815951,-0.11349693251533742,-0.8895705521472392,-0.1656441717791411,-1.0
6,0.0,0.0,-0.24203821656050956,-0.03503184713375796,-0.4681528662420382,-0.19745222929936307,-0.6337579617834395,-0.3375796178343949,-0.7898089171974523,-0.410828025477707,-0.40445859872611467,-0.4713375796178344,-0.5254777070063694,-0.6910828025477707,-0.6019108280254777,-0.821656050955414,-0.678343949044586,-0.9394904458598726,-0.2961783439490446,-0.5191082802547771,-0.37579617834394907,-0.5668789808917197,-0.33121019108280253,-0.3630573248407643,-0.2929936305732484,-0.21019108280254778,-0.17834394904458598,-0.5445859872611465,-0.25796178343949044,-0.6114649681528662,-0.23248407643312102,-0.42038216560509556,-0.21337579617834396,-0.2802547770700637,-0.050955414012738856,-0.5700636942675159,-0.10509554140127389,-0.7834394904458599,-0.14968152866242038,-0.8980891719745223,-0.2070063694267516,-1.0
6,0.0,0.0,-0.2524271844660194,-0.03559870550161812,-0.49514563106796117,-0.1779935275080906,-0.6731391585760518,-0.30097087378640774,-0.8349514563106796,-0.36893203883495146,-0.44660194174757284,-0.44336569579288027,-0.5663430420711975,-0.6634304207119741,-0.6472491909385113,-0.7961165048543689,-0.7249190938511327,-0.912621359223301,-0.3333333333333333,-0.4919093851132686,-0.4110032362459547,-0.5598705501618123,-0.3559870550161812,-0.3559870550161812,-0.3074433656957929,-0.20064724919093851,-0.21359223300970873,-0.5242718446601942,-0.284789644012945,-0.6051779935275081,-0.24919093851132687,-0.42071197411003236,-0.22006472491909385,-0.2815533980582524,-0.08414239482200647,-0.5501618122977346,-0.13268608414239483,-0.7669902912621359,-0.18122977346278318,-0.889967637540453,-0.24271844660194175,-1.0
6,0.0,0.0,-0.23974763406940064,-0.03470031545741325,-0.47003154574132494,-0.17350157728706625,-0.6403785488958991,-0.2807570977917981,-0.7917981072555205,-0.33753943217665616,-0.41009463722397477,-0.444794952681388,-0.5331230283911672,-0.6624605678233438,-0.6182965299684543,-0.7949526813880127,-0.6971608832807571,-0.9022082018927445,-0.29652996845425866,-0.4889589905362776,-0.3785488958990536,-0.5457413249211357,-0.3280757097791798,-0.3470031545741325,-0.2807570977917981,-0.19242902208201892,-0.17981072555205047,-0.5205047318611987,-0.2618296529968454,-0.5930599369085173,-0.2302839116719243,-0.40063091482649843,-0.19873817034700317,-0.2555205047318612,-0.05993690851735016,-0.5520504731861199,-0.11041009463722397,-0.7665615141955836,-0.15772870662460567,-0.889589905362776,-0.21766561514195584,-1.0
6,0.0,0.0,-0.2334384858044164,-0.031545741324921134,-0.47003154574132494,-0.1861198738170347,-0.6435331230283912,-0.31230283911671924,-0.7949526813880127,-0.38485804416403785,-0.41324921135646686,-0.444794952681388,-0.5394321766561514,-0.668769716088328,-0.6214511041009464,-0.8012618296529969,-0.7003154574132492,-0.9116719242902208,-0.2996845425867508,-0.4921135646687697,-0.38485804416403785,-0.5520504731861199,-0.3312302839116719,-0.3501577287066246,-0.2744479495268139,-0.19558359621451105,-0.17981072555205047,-0.5236593059936908,-0.26498422712933756,-0.6025236593059937,-0.23974763406940064,-0.41324921135646686,-0.2082018927444795,-0.27129337539432175,-0.05362776025236593,-0.555205047318612,-0.10410094637223975,-0.7728706624605678,-0.15772870662460567,-0.8958990536277602,-0.22082018927444794,-1.0
6,0.0,0.0,-0.2197452229299363,-0.04777070063694268,-0.4267515923566879,-0.21656050955414013,-0.5732484076433121,-0.3535031847133758,-0.7101910828025477,-0.43312101910828027,-0.37579617834394907,-0.48089171974522293,-0.47770700636942676,-0.697452229299363,-0.5477707006369427,-0.8248407643312102,-0.6178343949044586,-0.9363057324840764,-0.2611464968152866,-0.5191082802547771,-0.3375796178343949,-0.5859872611464968,-0.30254777070063693,-0.3885350318471338,-0.2643312101910828,-0.2356687898089172,-0.14331210191082802,-0.5414012738853503,-0.21337579617834396,-0.6146496815286624,-0.19745222929936307,-0.4299363057324841,-0.17834394904458598,-0.2898089171974522,-0.01910828025477707,-0.5573248407643312,-0.06687898089171974,-0.7643312101910829,-0.11464968152866242,-0.8885350318471338,-0.17197452229299362,-1.0
6,0.0,0.0,-0.21875,-0.078125,-0.425,-0.259375,-0.56875,-0.40625,-0.70625,-0.490625,-0.321875,-0.5,-0.409375,-0.725,-0.465625,-0.8625,-0.51875,-0.98125,-0.203125,-0.528125,-0.271875,-0.6,-0.240625,-0.4,-0.209375,-0.24375,-0.08125,-0.540625,-0.15,-0.6125,-0.1375,-0.428125,-0.125,-0.290625,0.04375,-0.54375,0.021875,-0.7625,-0.0125,-0.8875,-0.065625,-1.0
6,0.0,0.0,-0.2113095238095238,-0.08333333333333333,-0.39880952380952384,-0.2857142857142857,-0.5208333333333334,-0.43452380952380953,-0.6279761904761905,-0.5327380952380952,-0.2708333333333333,-0.49404761904761907,-0.3392857142857143,-0.7321428571428571,-0.37797619047619047,-0.875,-0.4226190476190476,-1.0,-0.15773809523809523,-0.5119047619047619,-0.23214285714285715,-0.5773809523809523,-0.22023809523809523,-0.38095238095238093,-0.19642857142857142,-0.22916666666666666,-0.03869047619047619,-0.5119047619047619,-0.10416666666666667,-0.5773809523809523,-0.1130952380952381,-0.39285714285714285,-0.11607142857142858,-0.25892857142857145,0.08630952380952381,-0.5059523809523809,0.08630952380952381,-0.7083333333333334,0.06547619047619048,-0.8363095238095238,0.02976190476190476,-0.9553571428571429
6,0.0,0.0,-0.18571428571428572,-0.08571428571428572,-0.36,-0.3057142857142857,-0.4714285714285714,-0.46285714285714286,-0.5885714285714285,-0.5485714285714286,-0.2342857142857143,-0.5085714285714286,-0.28285714285714286,-0.7428571428571429,-0.3171428571428571,-0.88,-0.35428571428571426,-1.0,-0.11714285714285715,-0.5171428571428571,-0.18,-0.5857142857142857,-0.18285714285714286,-0.3914285714285714,-0.17142857142857143,-0.24571428571428572,-0.002857142857142857,-0.5028571428571429,-0.054285714285714284,-0.5771428571428572,-0.07714285714285714,-0.39714285714285713,-0.09142857142857143,-0.26571428571428574,0.11428571428571428,-0.49142857142857144,0.12,-0.6942857142857143,0.10571428571428572,-0.8142857142857143,0.07142857142857142,-0.9257142857142857
6,0.0,0.0,-0.19273743016759776,-0.0893854748603352,-0.36033519553072624,-0.30726256983240224,-0.4692737430167598,-0.46089385474860334,-0.5865921787709497,-0.5558659217877095,-0.24581005586592178,-0.5139664804469274,-0.2905027932960894,-0.7430167597765364,-0.32122905027932963,-0.8798882681564246,-0.3547486033519553,-1.0,-0.12849162011173185,-0.5223463687150838,-0.1871508379888268,-0.5810055865921788,-0.19553072625698323,-0.39106145251396646,-0.19273743016759776,-0.24860335195530725,-0.013966480446927373,-0.505586592178771,-0.06424581005586592,-0.5698324022346368,-0.09497206703910614,-0.39385474860335196,-0.11731843575418995,-0.26536312849162014,0.10335195530726257,-0.49162011173184356,0.11173184357541899,-0.6871508379888268,0.10335195530726257,-0.8072625698324022,0.0782122905027933,-0.9134078212290503
6,0.0,0.0,-0.18559556786703602,-0.0997229916897507,-0.3407202216066482,-0.32132963988919666,-0.44321329639889195,-0.48476454293628807,-0.5512465373961218,-0.5872576177285319,-0.2077562326869806,-0.5124653739612188,-0.23822714681440443,-0.7479224376731302,-0.25761772853185594,-0.8808864265927978,-0.2880886426592798,-1.0,-0.09418282548476455,-0.5152354570637119,-0.14127423822714683,-0.592797783933518,-0.15789473684210525,-0.3988919667590028,-0.17174515235457063,-0.2520775623268698,0.019390581717451522,-0.5013850415512465,-0.0221606648199446,-0.592797783933518,-0.05263157894736842,-0.4265927977839335,-0.08033240997229917,-0.29916897506925205,0.1329639889196676,-0.48476454293628807,0.1523545706371191,-0.6731301939058172,0.14958448753462603,-0.7922437673130194,0.12742382271468145,-0.9058171745152355
6,0.0,0.0,-0.20385674931129477,-0.12121212121212122,-0.349862258953168,-0.349862258953168,-0.4462809917355372,-0.509641873278237,-0.5537190082644629,-0.5977961432506887,-0.19008264462809918,-0.5316804407713499,-0.21212121212121213,-0.7493112947658402,-0.2369146005509642,-0.8842975206611571,-0.26721763085399447,-1.0,-0.0743801652892562,-0.5289256198347108,-0.12672176308539945,-0.5840220385674931,-0.14600550964187328,-0.41046831955922863,-0.1487603305785124,-0.2699724517906336,0.03305785123966942,-0.5068870523415978,-0.01928374655647383,-0.5619834710743802,-0.05509641873278237,-0.4049586776859504,-0.07713498622589532,-0.2837465564738292,0.13774104683195593,-0.4820936639118457,0.15977961432506887,-0.6694214876033058,0.15977961432506887,-0.7878787878787878,0.14600550964187328,-0.8925619834710744
6,0.0,0.0,-0.1780821917808219,-0.10684931506849316,-0.3178082191780822,-0.33424657534246577,-0.4054794520547945,-0.5013698630136987,-0.5013698630136987,-0.6109589041095891,-0.1726027397260274,-0.5178082191780822,-0.18356164383561643,-0.7479452054794521,-0.19726027397260273,-0.8794520547945206,-0.2191780821917808,-1.0,-0.057534246575342465,-0.5123287671232877,-0.10410958904109589,-0.5917808219178082,-0.13150684931506848,-0.4054794520547945,-0.14520547945205478,-0.2602739726027397,0.0547945205479452,-0.4904109589041096,0.021917808219178082,-0.5835616438356165,-0.021917808219178082,-0.4191780821917808,-0.0547945205479452,-0.2958904109589041,0.16712328767123288,-0.46301369863013697,0.2054794520547945,-0.6465753424657534,0.2136986301369863,-0.7671232876712328,0.20821917808219179,-0.8849315068493151
6,0.0,0.0,-0.1827956989247312,-0.12096774193548387,-0.3172043010752688,-0.34946236559139787,-0.40860215053763443,-0.510752688172043,-0.510752688172043,-0.6102150537634409,-0.17204301075268819,-0.521505376344086,-0.18548387096774194,-0.7473118279569892,-0.19623655913978494,-0.8817204301075269,-0.21505376344086022,-1.0,-0.05913978494623656,-0.5134408602150538,-0.10215053763440861,-0.5913978494623656,-0.12634408602150538,-0.4112903225806452,-0.1424731182795699,-0.271505376344086,0.051075268817204304,-0.49193548387096775,0.016129032258064516,-0.5860215053763441,-0.02956989247311828,-0.4274193548387097,-0.06182795698924731,-0.3064516129032258,0.16129032258064516,-0.46236559139784944,0.19623655913978494,-0.6424731182795699,0.20698924731182797,-0.7580645161290323,0.20430107526881722,-0.8682795698924731
6,0.0,0.0,-0.18956043956043955,-0.10714285714285714,-0.32142857142857145,-0.33516483516483514,-0.40384615384615385,-0.5082417582417582,-0.5054945054945055,-0.6181318681318682,-0.17582417582417584,-0.5164835164835165,-0.18406593406593408,-0.7445054945054945,-0.19230769230769232,-0.8791208791208791,-0.21153846153846154,-1.0,-0.06318681318681318,-0.5137362637362637,-0.10714285714285714,-0.5989010989010989,-0.13736263736263737,-0.41483516483516486,-0.15384615384615385,-0.27472527472527475,0.04395604395604396,-0.49175824175824173,0.013736263736263736,-0.5851648351648352,-0.03296703296703297,-0.41483516483516486,-0.06868131868131869,-0.29120879120879123,0.1565934065934066,-0.46153846153846156,0.19230769230769232,-0.6483516483516484,0.2032967032967033,-0.7637362637362637,0.20054945054945056,-0.8763736263736264
6,0.0,0.0,-0.18037135278514588,-0.129973474801061,-0.2917771883289125,-0.363395225464191,-0.3740053050397878,-0.5305039787798409,-0.47745358090185674,-0.6312997347480106,-0.13262599469496023,-0.5225464190981433,-0.13527851458885942,-0.7427055702917772,-0.14058355437665782,-0.8806366047745358,-0.15915119363395225,-1.0,-0.026525198938992044,-0.5145888594164456,-0.06631299734748011,-0.583554376657825,-0.09283819628647215,-0.41379310344827586,-0.10610079575596817,-0.27851458885941643,0.07692307692307693,-0.4854111405835544,0.042440318302387266,-0.5623342175066313,0.0,-0.41114058355437666,-0.03183023872679045,-0.29708222811671087,0.1830238726790451,-0.4509283819628647,0.22546419098143236,-0.6312997347480106,0.23076923076923078,-0.7427055702917772,0.22281167108753316,-0.8488063660477454
6,0.0,0.0,-0.17379679144385027,-0.12299465240641712,-0.2914438502673797,-0.35294117647058826,-0.3609625668449198,-0.5267379679144385,-0.44385026737967914,-0.6443850267379679,-0.13903743315508021,-0.5187165775401069,-0.13636363636363635,-0.7433155080213903,-0.13636363636363635,-0.8770053475935828,-0.14705882352941177,-1.0,-0.026737967914438502,-0.5053475935828877,-0.06149732620320856,-0.5909090909090909,-0.09893048128342247,-0.4117647058823529,-0.12566844919786097,-0.2727272727272727,0.08288770053475936,-0.4786096256684492,0.06149732620320856,-0.5775401069518716,0.00267379679144385,-0.4144385026737968,-0.040106951871657755,-0.29411764705882354,0.1925133689839572,-0.44385026737967914,0.24598930481283424,-0.6176470588235294,0.2620320855614973,-0.7299465240641712,0.2620320855614973,-0.839572192513369
6,0.0,0.0,-0.18598382749326145,-0.12398921832884097,-0.31805929919137466,-0.3557951482479784,-0.40161725067385445,-0.5283018867924528,-0.49326145552560646,-0.6415094339622641,-0.1752021563342318,-0.5202156334231806,-0.1778975741239892,-0.7439353099730458,-0.1778975741239892,-0.8787061994609164,-0.18598382749326145,-1.0,-0.06199460916442048,-0.5121293800539084,-0.0889487870619946,-0.5929919137466307,-0.12668463611859837,-0.41778975741239893,-0.15363881401617252,-0.2830188679245283,0.04851752021563342,-0.48787061994609165,0.029649595687331536,-0.5795148247978437,-0.02425876010781671,-0.41778975741239893,-0.0646900269541779,-0.2991913746630728,0.15633423180592992,-0.4555256064690027,0.20215633423180593,-0.6307277628032345,0.2183288409703504,-0.738544474393531,0.22371967654986524,-0.8463611859838275
6,0.0,0.0,-0.1827956989247312,-0.10752688172043011,-0.31989247311827956,-0.31451612903225806,-0.4032258064516129,-0.4731182795698925,-0.47580645161290325,-0.5940860215053764,-0.1881720430107527,-0.5188172043010753,-0.19623655913978494,-0.739247311827957,-0.20430107526881722,-0.8817204301075269,-0.21505376344086022,-1.0,-0.07526881720430108,-0.5161290322580645,-0.12365591397849462,-0.5779569892473119,-0.1532258064516129,-0.4032258064516129,-0.16666666666666666,-0.26344086021505375,0.03494623655913978,-0.5,-0.005376344086021506,-0.5672043010752689,-0.0456989247311828,-0.41397849462365593,-0.07258064516129033,-0.29838709677419356,0.1478494623655914,-0.478494623655914,0.17204301075268819,-0.6666666666666666,0.17473118279569894,-0.782258064516129,0.1639784946236559,-0.8870967741935484
6,0.0,0.0,-0.20334261838440112,-0.09192200557103064,-0.3788300835654596,-0.30362116991643456,-0.49025069637883006,-0.4596100278551532,-0.5988857938718662,-0.5571030640668524,-0.2618384401114206,-0.5069637883008357,-0.3064066852367688,-0.7353760445682451,-0.3342618384401114,-0.8746518105849582,-0.3593314763231198,-1.0,-0.14484679665738162,-0.5153203342618384,-0.181058495821727,-0.5766016713091922,-0.18662952646239556,-0.3816155988857939,-0.19498607242339833,-0.23119777158774374,-0.027855153203342618,-0.5069637883008357,-0.06128133704735376,-0.5766016713091922,-0.07799442896935933,-0.4011142061281337,-0.0947075208913649,-0.27298050139275765,0.09192200557103064,-0.49025069637883006,0.0947075208913649,-0.6880222841225627,0.0807799442896936,-0.8050139275766016,0.055710306406685235,-0.9136490250696379
6,0.0,0.0,-0.212707182320442,-0.08287292817679558,-0.38950276243093923,-0.292817679558011,-0.5027624309392266,-0.44751381215469616,-0.6215469613259669,-0.5359116022099447,-0.27348066298342544,-0.5,-0.32044198895027626,-0.7348066298342542,-0.35359116022099446,-0.8756906077348067,-0.39226519337016574,-1.0,-0.1574585635359116,-0.511049723756906,-0.212707182320442,-0.5718232044198895,-0.212707182320442,-0.39226519337016574,-0.20718232044198895,-0.2569060773480663,-0.04696132596685083,-0.505524861878453,-0.09392265193370165,-0.580110497237569,-0.11049723756906077,-0.40607734806629836,-0.12430939226519337,-0.281767955801105,0.0718232044198895,-0.5,0.06629834254143646,-0.6933701657458563,0.052486187845303865,-0.8093922651933702,0.027624309392265192,-0.9226519337016574
6,0.0,0.0,-0.22063037249283668,-0.06876790830945559,-0.4269340974212034,-0.27793696275071633,-0.5673352435530086,-0.4326647564469914,-0.6934097421203438,-0.5243553008595988,-0.3237822349570201,-0.501432664756447,-0.4040114613180516,-0.7306590257879656,-0.44126074498567336,-0.8710601719197708,-0.47564469914040114,-1.0,-0.2034383954154728,-0.5214899713467048,-0.25787965616045844,-0.5873925501432665,-0.2492836676217765,-0.3868194842406877,-0.23782234957020057,-0.2349570200573066,-0.0830945558739255,-0.5243553008595988,-0.1318051575931232,-0.5988538681948424,-0.14326647564469913,-0.4068767908309456,-0.15472779369627507,-0.2664756446991404,0.04011461318051576,-0.5214899713467048,0.03151862464183381,-0.7163323782234957,0.0057306590257879654,-0.839541547277937,-0.03151862464183381,-0.9570200573065902
6,0.0,0.0,-0.23372781065088757,-0.07988165680473373,-0.4408284023668639,-0.28994082840236685,-0.5769230769230769,-0.4408284023668639,-0.7041420118343196,-0.5236686390532544,-0.31952662721893493,-0.5059171597633136,-0.39644970414201186,-0.7396449704142012,-0.4408284023668639,-0.8757396449704142,-0.4911242603550296,-1.0,-0.1952662721893491,-0.5207100591715976,-0.2455621301775148,-0.5857988165680473,-0.23076923076923078,-0.3875739644970414,-0.21597633136094674,-0.23964497041420119,-0.07692307692307693,-0.5236686390532544,-0.1301775147928994,-0.5976331360946746,-0.13313609467455623,-0.40532544378698226,-0.13609467455621302,-0.26627218934911245,0.04142011834319527,-0.5266272189349113,0.026627218934911243,-0.727810650887574,0.0029585798816568047,-0.849112426035503,-0.03254437869822485,-0.9674556213017751
6,0.0,0.0,-0.23867069486404835,-0.0513595166163142,-0.4743202416918429,-0.23867069486404835,-0.6435045317220544,-0.38368580060422963,-0.7945619335347432,-0.4622356495468278,-0.40483383685800606,-0.48036253776435045,-0.4984894259818731,-0.7220543806646526,-0.5498489425981873,-0.8700906344410876,-0.6012084592145015,-1.0,-0.2809667673716012,-0.5196374622356495,-0.32628398791540786,-0.5830815709969789,-0.29003021148036257,-0.37462235649546827,-0.26586102719033233,-0.21450151057401812,-0.1510574018126888,-0.5377643504531722,-0.19637462235649547,-0.6163141993957704,-0.1782477341389728,-0.4229607250755287,-0.17220543806646527,-0.27794561933534745,-0.01812688821752266,-0.5498489425981873,-0.04833836858006042,-0.7522658610271903,-0.08459214501510574,-0.8700906344410876,-0.13293051359516617,-0.9818731117824774
6,0.0,0.0,-0.2468354430379747,-0.06645569620253164,-0.4873417721518987,-0.25949367088607594,-0.6613924050632911,-0.3924050632911392,-0.8164556962025317,-0.4588607594936709,-0.39556962025316456,-0.509493670886076,-0.49683544303797467,-0.7468354430379747,-0.5569620253164557,-0.879746835443038,-0.620253164556962,-1.0,-0.2721518987341772,-0.5379746835443038,-0.3291139240506329,-0.6107594936708861,-0.2911392405063291,-0.40189873417721517,-0.2626582278481013,-0.23734177215189872,-0.14556962025316456,-0.5474683544303798,-0.19936708860759494,-0.6170886075949367,-0.18354430379746836,-0.4177215189873418,-0.17721518987341772,-0.2721518987341772,-0.0189873417721519,-0.5537974683544303,-0.04746835443037975,-0.759493670886076,-0.07911392405063292,-0.8860759493670886,-0.12341772151898735,-1.0
6,0.0,0.0,-0.23219814241486067,-0.06191950464396285,-0.47678018575851394,-0.25386996904024767,-0.653250773993808,-0.39009287925696595,-0.8080495356037152,-0.4551083591331269,-0.38390092879256965,-0.49226006191950467,-0.48606811145510836,-0.7306501547987616,-0.5479876160990712,-0.8761609907120743,-0.6068111455108359,-1.0,-0.26006191950464397,-0.5263157894736842,-0.32507739938080493,-0.5944272445820433,-0.2848297213622291,-0.38080495356037153,-0.2476780185758514,-0.21671826625386997,-0.13312693498452013,-0.541795665634675,-0.19504643962848298,-0.6099071207430341,-0.17647058823529413,-0.4117647058823529,-0.1609907120743034,-0.2631578947368421,-0.0030959752321981426,-0.5510835913312694,-0.04024767801857585,-0.7554179566563467,-0.07739938080495357,-0.8823529411764706,-0.13003095975232198,-0.9969040247678018
6,0.0,0.0,-0.2276923076923077,-0.052307692307692305,-0.4523076923076923,-0.24,-0.6215384615384615,-0.37846153846153846,-0.7753846153846153,-0.4584615384615385,-0.38461538461538464,-0.49230769230769234,-0.48307692307692307,-0.7261538461538461,-0.5507692307692308,-0.8584615384615385,-0.6153846153846154,-0.9815384615384616,-0.27076923076923076,-0.5323076923076923,-0.3415384615384615,-0.6030769230769231,-0.3169230769230769,-0.40307692307692305,-0.28307692307692306,-0.24615384615384617,-0.15076923076923077,-0.5476923076923077,-0.21846153846153846,-0.6184615384615385,-0.20923076923076922,-0.4276923076923077,-0.20307692307692307,-0.28923076923076924,-0.024615384615384615,-0.5538461538461539,-0.06769230769230769,-0.7630769230769231,-0.1076923076923077,-0.8892307692307693,-0.15692307692307692,-1.0
6,0.0,0.0,-0.2324159021406728,-0.05504587155963303,-0.45871559633027525,-0.22324159021406728,-0.6238532110091743,-0.36085626911314983,-0.7675840978593272,-0.44036697247706424,-0.3761467889908257,-0.4801223241590214,-0.4831804281345566,-0.7125382262996942,-0.5535168195718655,-0.8562691131498471,-0.6207951070336392,-0.981651376146789,-0.2599388379204893,-0.5229357798165137,-0.3363914373088685,-0.5902140672782875,-0.30275229357798167,-0.37920489296636084,-0.2691131498470948,-0.21406727828746178,-0.14067278287461774,-0.5504587155963303,-0.22018348623853212,-0.6330275229357798,-0.19877675840978593,-0.44036697247706424,-0.18042813455657492,-0.29357798165137616,-0.01834862385321101,-0.5688073394495413,-0.05504587155963303,-0.7828746177370031,-0.09785932721712538,-0.8990825688073395,-0.15902140672782875,-1.0
6,0.0,0.0,-0.23974763406940064,-0.050473186119873815,-0.4637223974763407,-0.22397476340694006,-0.6182965299684543,-0.36908517350157727,-0.7570977917981072,-0.4605678233438486,-0.38170347003154576,-0.48580441640378547,-0.4794952681388013,-0.7287066246056783,-0.5425867507886435,-0.8643533123028391,-0.6056782334384858,-0.9810725552050473,-0.26498422712933756,-0.5205047318611987,-0.3438485804416404,-0.5899053627760252,-0.30914826498422715,-0.3785488958990536,-0.2744479495268139,-0.22397476340694006,-0.14195583596214512,-0.5362776025236593,-0.22082018927444794,-0.6214511041009464,-0.20189274447949526,-0.43217665615141954,-0.1892744479495268,-0.2902208201892745,-0.015772870662460567,-0.5488958990536278,-0.056782334384858045,-0.7602523659305994,-0.10094637223974763,-0.886435331230284,-0.15772870662460567,-1.0
6,0.0,0.0,-0.21791044776119403,-0.07462686567164178,-0.42686567164179107,-0.2656716417910448,-0.564179104477612,-0.41492537313432837,-0.6925373134328359,-0.5074626865671642,-0.31044776119402984,-0.5074626865671642,-0.39104477611940297,-0.7373134328358208,-0.4537313432835821,-0.8805970149253731,-0.5223880597014925,-0.9970149253731343,-0.19402985074626866,-0.5373134328358209,-0.2865671641791045,-0.5761194029850746,-0.2656716417910448,-0.37910447761194027,-0.23283582089552238,-0.23283582089552238,-0.07761194029850746,-0.5492537313432836,-0.16417910447761194,-0.6149253731343284,-0.16417910447761194,-0.4298507462686567,-0.15522388059701492,-0.28955223880597014,0.041791044776119404,-0.5611940298507463,0.008955223880597015,-0.7701492537313432,-0.026865671641791045,-0.8895522388059701,-0.08059701492537313,-1.0
6,0.0,0.0,-0.2195845697329377,-0.06231454005934718,-0.42136498516320475,-0.258160237388724,-0.5548961424332344,-0.41839762611275966,-0.6913946587537092,-0.5103857566765578,-0.32047477744807124,-0.5014836795252225,-0.4094955489614243,-0.7359050445103857,-0.47181008902077154,-0.8783382789317508,-0.5370919881305638,-1.0,-0.20178041543026706,-0.5311572700296736,-0.29080118694362017,-0.5875370919881305,-0.27299703264094954,-0.3827893175074184,-0.24629080118694363,-0.228486646884273,-0.0830860534124629,-0.5459940652818991,-0.1661721068249258,-0.6261127596439169,-0.1661721068249258,-0.4362017804154303,-0.1572700296735905,-0.29080118694362017,0.04154302670623145,-0.5578635014836796,0.002967359050445104,-0.7685459940652819,-0.03857566765578635,-0.887240356083086,-0.09198813056379822,-0.9910979228486647
6,0.0,0.0,-0.20408163265306123,-0.07580174927113703,-0.37900874635568516,-0.27696793002915454,-0.5043731778425656,-0.4402332361516035,-0.6326530612244898,-0.5481049562682215,-0.27988338192419826,-0.5189504373177842,-0.34110787172011664,-0.7434402332361516,-0.3965014577259475,-0.8833819241982507,-0.45481049562682213,-1.0,-0.16326530612244897,-0.5481049562682215,-0.2594752186588921,-0.5947521865889213,-0.2536443148688047,-0.3965014577259475,-0.2303206997084548,-0.24489795918367346,-0.04956268221574344,-0.5539358600583091,-0.13702623906705538,-0.6209912536443148,-0.1457725947521866,-0.44314868804664725,-0.13994169096209913,-0.30903790087463556,0.0728862973760933,-0.5597667638483965,0.04956268221574344,-0.7755102040816326,0.014577259475218658,-0.8950437317784257,-0.03206997084548105,-0.9970845481049563
6,0.0,0.0,-0.18696883852691218,-0.09348441926345609,-0.33994334277620397,-0.3031161473087819,-0.45325779036827196,-0.46175637393767704,-0.5750708215297451,-0.5637393767705382,-0.22662889518413598,-0.5184135977337111,-0.2747875354107649,-0.7393767705382436,-0.31728045325779036,-0.8781869688385269,-0.3626062322946176,-1.0,-0.11331444759206799,-0.5297450424929179,-0.20113314447592068,-0.5835694050991501,-0.2096317280453258,-0.38243626062322944,-0.1954674220963173,-0.23229461756373937,0.0,-0.5212464589235127,-0.08498583569405099,-0.5864022662889519,-0.1048158640226629,-0.40509915014164305,-0.10764872521246459,-0.2719546742209632,0.11614730878186968,-0.5127478753541076,0.10198300283286119,-0.7223796033994334,0.07365439093484419,-0.8470254957507082,0.028328611898016998,-0.9518413597733711
6,0.0,0.0,-0.19166666666666668,-0.09722222222222222,-0.3527777777777778,-0.3055555555555556,-0.45555555555555555,-0.46944444444444444,-0.5694444444444444,-0.5722222222222222,-0.21666666666666667,-0.5194444444444445,-0.25555555555555554,-0.7416666666666667,-0.2916666666666667,-0.8805555555555555,-0.3277777777777778,-1.0,-0.10555555555555556,-0.525,-0.18888888888888888,-0.5861111111111111,-0.2,-0.39166666666666666,-0.18333333333333332,-0.24166666666666667,0.002777777777777778,-0.5138888888888888,-0.08055555555555556,-0.5805555555555556,-0.10555555555555556,-0.4111111111111111,-0.10555555555555556,-0.2777777777777778,0.11666666666666667,-0.49722222222222223,0.11666666666666667,-0.7027777777777777,0.08888888888888889,-0.8305555555555556,0.05,-0.9361111111111111
6,0.0,0.0,-0.18598382749326145,-0.10242587601078167,-0.3261455525606469,-0.32075471698113206,-0.42587601078167114,-0.49056603773584906,-0.5390835579514824,-0.5902964959568733,-0.20215633423180593,-0.5040431266846361,-0.23450134770889489,-0.7331536388140162,-0.2641509433962264,-0.876010781671159,-0.3018867924528302,-1.0,-0.09433962264150944,-0.5121293800539084,-0.15363881401617252,-0.5795148247978437,-0.1778975741239892,-0.39892183288409705,-0.18059299191374664,-0.261455525606469,0.016172506738544475,-0.5013477088948787,-0.04582210242587601,-0.5822102425876011,-0.08355795148247978,-0.41778975741239893,-0.09973045822102426,-0.29649595687331537,0.1293800539083558,-0.48787061994609165,0.13746630727762804,-0.6846361185983828,0.12398921832884097,-0.8005390835579514,0.09973045822102426,-0.9056603773584906
6,0.0,0.0,-0.1827956989247312,-0.11021505376344086,-0.3225806451612903,-0.33602150537634407,-0.41397849462365593,-0.5,-0.5188172043010753,-0.6102150537634409,-0.1827956989247312,-0.510752688172043,-0.20698924731182797,-0.739247311827957,-0.23118279569892472,-0.8763440860215054,-0.260752688172043,-1.0,-0.07526881720430108,-0.510752688172043,-0.13978494623655913,-0.5913978494623656,-0.1639784946236559,-0.4032258064516129,-0.16666666666666666,-0.25806451612903225,0.03225806451612903,-0.4946236559139785,-0.024193548387096774,-0.5887096774193549,-0.06451612903225806,-0.4166666666666667,-0.08602150537634409,-0.2849462365591398,0.15053763440860216,-0.47580645161290325,0.16666666666666666,-0.6720430107526881,0.1586021505376344,-0.793010752688172,0.13440860215053763,-0.9005376344086021
6,0.0,0.0,-0.1736842105263158,-0.11315789473684211,-0.3105263157894737,-0.34210526315789475,-0.4026315789473684,-0.5078947368421053,-0.5026315789473684,-0.6105263157894737,-0.16842105263157894,-0.5210526315789473,-0.18947368421052632,-0.7447368421052631,-0.2026315789473684,-0.881578947368421,-0.2236842105263158,-1.0,-0.05789473684210526,-0.5184210526315789,-0.11842105263157894,-0.5842105263157895,-0.14736842105263157,-0.4052631578947368,-0.16052631578947368,-0.2657894736842105,0.05263157894736842,-0.49473684210526314,-0.002631578947368421,-0.5605263157894737,-0.05263157894736842,-0.3973684210526316,-0.08157894736842106,-0.27631578947368424,0.16052631578947368,-0.46578947368421053,0.19473684210526315,-0.6578947368421053,0.19736842105263158,-0.7763157894736842,0.18157894736842106,-0.881578947368421
6,0.0,0.0,-0.18598382749326145,-0.12129380053908356,-0.31536388140161725,-0.3504043126684636,-0.40431266846361186,-0.5202156334231806,-0.5013477088948787,-0.628032345013477,-0.16442048517520216,-0.5175202156334232,-0.1752021563342318,-0.7466307277628033,-0.18328840970350405,-0.8814016172506739,-0.20215633423180593,-1.0,-0.05660377358490566,-0.5121293800539084,-0.10512129380053908,-0.5902964959568733,-0.1347708894878706,-0.4123989218328841,-0.15363881401617252,-0.2749326145552561,0.05121293800539083,-0.48787061994609165,0.013477088948787063,-0.5795148247978437,-0.03504043126684636,-0.42048517520215634,-0.07008086253369272,-0.2991913746630728,0.16442048517520216,-0.4609164420485175,0.1967654986522911,-0.6469002695417789,0.20485175202156333,-0.7628032345013477,0.19946091644204852,-0.8706199460916442
6,0.0,0.0,-0.1820580474934037,-0.12401055408970976,-0.316622691292876,-0.3562005277044855,-0.40369393139841686,-0.525065963060686,-0.503957783641161,-0.6279683377308707,-0.15567282321899736,-0.5303430079155673,-0.1662269129287599,-0.7493403693931399,-0.1741424802110818,-0.8839050131926122,-0.18733509234828497,-1.0,-0.047493403693931395,-0.525065963060686,-0.09498680738786279,-0.5910290237467019,-0.12137203166226913,-0.41688654353562005,-0.1345646437994723,-0.28232189973614774,0.05804749340369393,-0.49868073878627966,0.010554089709762533,-0.5672823218997362,-0.03430079155672823,-0.41160949868073876,-0.05804749340369393,-0.2955145118733509,0.16358839050131926,-0.46701846965699206,0.19788918205804748,-0.6569920844327177,0.20844327176781002,-0.7704485488126649,0.20844327176781002,-0.8733509234828496
6,0.0,0.0,-0.1675531914893617,-0.11436170212765957,-0.2978723404255319,-0.3537234042553192,-0.3803191489361702,-0.5292553191489362,-0.47606382978723405,-0.6356382978723404,-0.13829787234042554,-0.5292553191489362,-0.14095744680851063,-0.7526595744680851,-0.14627659574468085,-0.8829787234042553,-0.15691489361702127,-1.0,-0.026595744680851064,-0.5212765957446809,-0.0797872340425532,-0.5824468085106383,-0.11436170212765957,-0.39893617021276595,-0.13297872340425532,-0.2579787234042553,0.08244680851063829,-0.4920212765957447,0.0425531914893617,-0.5691489361702128,-0.010638297872340425,-0.4095744680851064,-0.047872340425531915,-0.2898936170212766,0.19414893617021275,-0.4574468085106383,0.2393617021276596,-0.6329787234042553,0.2632978723404255,-0.7446808510638298,0.2712765957446808,-0.8590425531914894
6,0.0,0.0,-0.16886543535620052,-0.12928759894459102,-0.2955145118733509,-0.36675461741424803,-0.37467018469656993,-0.5329815303430079,-0.46174142480211083,-0.6385224274406333,-0.13192612137203166,-0.5224274406332454,-0.1345646437994723,-0.7440633245382586,-0.13720316622691292,-0.8812664907651715,-0.14511873350923482,-1.0,-0.018469656992084433,-0.5145118733509235,-0.06860158311345646,-0.5725593667546174,-0.10290237467018469,-0.40105540897097625,-0.11873350923482849,-0.26649076517150394,0.0870712401055409,-0.48548812664907653,0.044854881266490766,-0.5514511873350924,-0.0079155672823219,-0.39577836411609496,-0.044854881266490766,-0.2796833773087071,0.19525065963060687,-0.45382585751978893,0.24538258575197888,-0.6279683377308707,0.2717678100263852,-0.7361477572559367,0.2849604221635884,-0.841688654353562
6,0.0,0.0,-0.17473118279569894,-0.13172043010752688,-0.29838709677419356,-0.3655913978494624,-0.3790322580645161,-0.5376344086021505,-0.4731182795698925,-0.6424731182795699,-0.13440860215053763,-0.5268817204301075,-0.13440860215053763,-0.7473118279569892,-0.13440860215053763,-0.8817204301075269,-0.13978494623655913,-1.0,-0.01881720430107527,-0.5188172043010753,-0.06451612903225806,-0.5806451612903226,-0.10215053763440861,-0.40591397849462363,-0.12365591397849462,-0.26344086021505375,0.0913978494623656,-0.489247311827957,0.056451612903225805,-0.5564516129032258,-0.005376344086021506,-0.4032258064516129,-0.04838709677419355,-0.28763440860215056,0.20430107526881722,-0.4543010752688172,0.260752688172043,-0.6263440860215054,0.2903225806451613,-0.739247311827957,0.30376344086021506,-0.8440860215053764
6,0.0,0.0,-0.1742627345844504,-0.13672922252010725,-0.29222520107238603,-0.3726541554959786,-0.3699731903485255,-0.5495978552278821,-0.4584450402144772,-0.6541554959785523,-0.11528150134048257,-0.5361930294906166,-0.11796246648793565,-0.7506702412868632,-0.1126005361930295,-0.8847184986595175,-0.10991957104557641,-1.0,-0.005361930294906166,-0.5201072386058981,-0.045576407506702415,-0.5844504021447721,-0.08579088471849866,-0.4155495978552279,-0.11528150134048257,-0.27882037533512066,0.09919571045576407,-0.4879356568364611,0.06166219839142091,-0.5576407506702413,0.00804289544235925,-0.4075067024128686,-0.02680965147453083,-0.289544235924933,0.20107238605898123,-0.4477211796246649,0.257372654155496,-0.6219839142091153,0.2868632707774799,-0.7319034852546917,0.30294906166219837,-0.8364611260053619
6,0.0,0.0,-0.17066666666666666,-0.13066666666666665,-0.2853333333333333,-0.37066666666666664,-0.35733333333333334,-0.552,-0.43466666666666665,-0.672,-0.128,-0.5306666666666666,-0.12,-0.7466666666666667,-0.10933333333333334,-0.88,-0.10666666666666667,-1.0,-0.013333333333333334,-0.5173333333333333,-0.042666666666666665,-0.5893333333333334,-0.09333333333333334,-0.4186666666666667,-0.13066666666666665,-0.28,0.096,-0.4826666666666667,0.07466666666666667,-0.5653333333333334,0.010666666666666666,-0.4186666666666667,-0.034666666666666665,-0.30666666666666664,0.20266666666666666,-0.44,0.272,-0.6106666666666667,0.30933333333333335,-0.72,0.3333333333333333,-0.832
6,0.0,0.0,-0.18256130790190736,-0.1362397820163488,-0.28610354223433243,-0.37057220708446864,-0.35967302452316074,-0.547683923705722,-0.44686648501362397,-0.659400544959128,-0.1307901907356948,-0.5286103542234333,-0.12534059945504086,-0.7438692098092643,-0.11716621253405994,-0.8801089918256131,-0.11444141689373297,-1.0,-0.013623978201634877,-0.5177111716621253,-0.04904632152588556,-0.5858310626702997,-0.09264305177111716,-0.42779291553133514,-0.11716621253405994,-0.30517711171662126,0.09536784741144415,-0.4904632152588556,0.0653950953678474,-0.5613079019073569,0.0,-0.41689373297002724,-0.043596730245231606,-0.3106267029972752,0.20708446866485014,-0.45231607629427795,0.26975476839237056,-0.6185286103542235,0.30517711171662126,-0.7247956403269755,0.329700272479564,-0.8256130790190735
6,0.0,0.0,-0.19137466307277629,-0.15363881401617252,-0.30727762803234504,-0.38544474393531,-0.38274932614555257,-0.5606469002695418,-0.46630727762803237,-0.6711590296495957,-0.1293800539083558,-0.5283018867924528,-0.1293800539083558,-0.7493261455525606,-0.11590296495956873,-0.8867924528301887,-0.11590296495956873,-1.0,-0.0215633423180593,-0.5121293800539084,-0.07277628032345014,-0.5660377358490566,-0.11859838274932614,-0.40700808625336926,-0.1509433962264151,-0.2803234501347709,0.0862533692722372,-0.48517520215633425,0.018867924528301886,-0.5390835579514824,-0.04043126684636118,-0.38544474393531,-0.07277628032345014,-0.2641509433962264,0.1967654986522911,-0.4420485175202156,0.14285714285714285,-0.522911051212938,0.07816711590296496,-0.431266846361186,0.0431266846361186,-0.33962264150943394
6,0.0,0.0,-0.18933333333333333,-0.14933333333333335,-0.296,-0.37333333333333335,-0.36,-0.5546666666666666,-0.432,-0.6773333333333333,-0.144,-0.5146666666666667,-0.11733333333333333,-0.7493333333333333,-0.09333333333333334,-0.88,-0.08,-1.0,-0.04,-0.49066666666666664,-0.042666666666666665,-0.576,-0.088,-0.416,-0.128,-0.2906666666666667,0.06133333333333333,-0.4613333333333333,0.050666666666666665,-0.552,-0.013333333333333334,-0.4,-0.058666666666666666,-0.28,0.16266666666666665,-0.4186666666666667,0.15733333333333333,-0.536,0.104,-0.464,0.06666666666666667,-0.384
6,0.0,0.0,-0.17066666666666666,-0.14666666666666667,-0.27466666666666667,-0.37333333333333335,-0.3413333333333333,-0.552,-0.4186666666666667,-0.6693333333333333,-0.11733333333333333,-0.5226666666666666,-0.09066666666666667,-0.7493333333333333,-0.06666666666666667,-0.8826666666666667,-0.056,-1.0,-0.010666666666666666,-0.49866666666666665,-0.032,-0.56,-0.08,-0.39466666666666667,-0.112,-0.26666666666666666,0.08533333333333333,-0.4693333333333333,0.056,-0.5306666666666666,-0.008,-0.37066666666666664,-0.048,-0.248,0.18133333333333335,-0.424,0.14933333333333335,-0.512,0.09066666666666667,-0.4186666666666667,0.058666666666666666,-0.3333333333333333
6,0.0,0.0,-0.19946091644204852,-0.14016172506738545,-0.30727762803234504,-0.3746630727762803,-0.3746630727762803,-0.555256064690027,-0.4501347708894879,-0.6765498652291105,-0.15633423180592992,-0.5256064690026954,-0.1347708894878706,-0.7493261455525606,-0.11590296495956873,-0.8814016172506739,-0.10512129380053908,-1.0,-0.04582210242587601,-0.5040431266846361,-0.04851752021563342,-0.5902964959568733,-0.09164420485175202,-0.431266846361186,-0.11859838274932614,-0.31266846361185985,0.05660377358490566,-0.4716981132075472,0.05660377358490566,-0.5606469002695418,0.0026954177897574125,-0.41778975741239893,-0.03504043126684636,-0.31536388140161725,0.15902964959568733,-0.42857142857142855,0.22911051212938005,-0.5956873315363881,0.24258760107816713,-0.6954177897574124,0.24258760107816713,-0.784366576819407
6,0.0,0.0,-0.17989417989417988,-0.12962962962962962,-0.30687830687830686,-0.37037037037037035,-0.3941798941798942,-0.5423280423280423,-0.48677248677248675,-0.6455026455026455,-0.14814814814814814,-0.5238095238095238,-0.14285714285714285,-0.7486772486772487,-0.12962962962962962,-0.8835978835978836,-0.12433862433862433,-1.0,-0.03439153439153439,-0.5079365079365079,-0.05555555555555555,-0.5529100529100529,-0.09788359788359788,-0.3862433862433862,-0.13227513227513227,-0.2619047619047619,0.07936507936507936,-0.4708994708994709,0.06084656084656084,-0.5317460317460317,0.005291005291005291,-0.3835978835978836,-0.03968253968253968,-0.2777777777777778,0.19047619047619047,-0.4312169312169312,0.24867724867724866,-0.6031746031746031,0.2804232804232804,-0.7195767195767195,0.30158730158730157,-0.8306878306878307
6,0.0,0.0,-0.1940700808625337,-0.14016172506738545,-0.31266846361185985,-0.3719676549865229,-0.3908355795148248,-0.5498652291105122,-0.48247978436657685,-0.660377358490566,-0.15633423180592992,-0.5256064690026954,-0.1509433962264151,-0.7493261455525606,-0.14285714285714285,-0.8787061994609164,-0.14285714285714285,-1.0,-0.0431266846361186,-0.5067385444743935,-0.0646900269541779,-0.5768194070080862,-0.10512129380053908,-0.4123989218328841,-0.13746630727762804,-0.2884097035040431,0.0673854447439353,-0.477088948787062,0.05660377358490566,-0.568733153638814,-0.005390835579514825,-0.42318059299191374,-0.05390835579514825,-0.31266846361185985,0.1778975741239892,-0.4420485175202156,0.2398921832884097,-0.6145552560646901,0.2722371967654987,-0.7304582210242587,0.29110512129380056,-0.8436657681940701
6,0.0,0.0,-0.17493472584856398,-0.1174934725848564,-0.30809399477806787,-0.35509138381201044,-0.391644908616188,-0.5274151436031331,-0.4908616187989556,-0.6318537859007833,-0.1514360313315927,-0.5143603133159269,-0.15404699738903394,-0.7389033942558747,-0.1514360313315927,-0.8798955613577023,-0.1566579634464752,-1.0,-0.0391644908616188,-0.5117493472584856,-0.08093994778067885,-0.5587467362924282,-0.1174934725848564,-0.381201044386423,-0.1409921671018277,-0.24804177545691905,0.0731070496083551,-0.4856396866840731,0.0391644908616188,-0.5456919060052219,-0.013054830287206266,-0.39425587467362927,-0.05221932114882506,-0.2793733681462141,0.185378590078329,-0.4490861618798956,0.23759791122715404,-0.6240208877284595,0.26109660574412535,-0.7362924281984334,0.26631853785900783,-0.8433420365535248
6,0.0,0.0,-0.1875,-0.13043478260869565,-0.3125,-0.358695652173913,-0.40217391304347827,-0.5190217391304348,-0.5,-0.6195652173913043,-0.14130434782608695,-0.5190217391304348,-0.14130434782608695,-0.7418478260869565,-0.14402173913043478,-0.8777173913043478,-0.15760869565217392,-1.0,-0.02717391304347826,-0.5081521739130435,-0.07065217391304347,-0.5788043478260869,-0.11141304347826086,-0.3967391304347826,-0.1358695652173913,-0.2608695652173913,0.08695652173913043,-0.48097826086956524,0.051630434782608696,-0.5597826086956522,0.0,-0.39945652173913043,-0.03804347826086957,-0.28532608695652173,0.1983695652173913,-0.4429347826086957,0.25271739130434784,-0.6222826086956522,0.26902173913043476,-0.7364130434782609,0.266304347826087,-0.845108695652174
6,0.0,0.0,-0.18298969072164947,-0.10051546391752578,-0.3247422680412371,-0.32989690721649484,-0.41494845360824745,-0.49742268041237114,-0.5154639175257731,-0.6030927835051546,-0.18556701030927836,-0.5077319587628866,-0.211340206185567,-0.7345360824742269,-0.22422680412371135,-0.8762886597938144,-0.2345360824742268,-1.0,-0.07216494845360824,-0.5077319587628866,-0.12628865979381443,-0.5695876288659794,-0.15463917525773196,-0.38917525773195877,-0.15979381443298968,-0.24742268041237114,0.041237113402061855,-0.4896907216494845,-0.020618556701030927,-0.5541237113402062,-0.06701030927835051,-0.39690721649484534,-0.08762886597938144,-0.2757731958762887,0.15721649484536082,-0.46649484536082475,0.18298969072164947,-0.654639175257732,0.18556701030927836,-0.7628865979381443,0.17783505154639176,-0.8634020618556701
6,0.0,0.0,-0.1837270341207349,-0.12073490813648294,-0.32808398950131235,-0.34120734908136485,-0.4304461942257218,-0.5013123359580053,-0.5354330708661418,-0.5905511811023622,-0.19160104986876642,-0.5196850393700787,-0.2230971128608924,-0.7401574803149606,-0.24146981627296588,-0.8766404199475065,-0.25984251968503935,-1.0,-0.08136482939632546,-0.5223097112860893,-0.15485564304461943,-0.5853018372703412,-0.18110236220472442,-0.4015748031496063,-0.18635170603674542,-0.2572178477690289,0.028871391076115485,-0.5013123359580053,-0.04461942257217848,-0.5721784776902887,-0.07874015748031496,-0.4094488188976378,-0.09448818897637795,-0.28608923884514437,0.14173228346456693,-0.4776902887139108,0.1732283464566929,-0.6666666666666666,0.18110236220472442,-0.7821522309711286,0.1679790026246719,-0.884514435695538
6,0.0,0.0,-0.18449197860962566,-0.10695187165775401,-0.32887700534759357,-0.3181818181818182,-0.42780748663101603,-0.4786096256684492,-0.5427807486631016,-0.56951871657754,-0.1925133689839572,-0.5133689839572193,-0.232620320855615,-0.7379679144385026,-0.25668449197860965,-0.8743315508021391,-0.28609625668449196,-1.0,-0.0855614973262032,-0.516042780748663,-0.15775401069518716,-0.5748663101604278,-0.18181818181818182,-0.37967914438502676,-0.18716577540106952,-0.23529411764705882,0.026737967914438502,-0.5,-0.0481283422459893,-0.5721925133689839,-0.08823529411764706,-0.39572192513368987,-0.10695187165775401,-0.26737967914438504,0.13903743315508021,-0.4786096256684492,0.16844919786096257,-0.6737967914438503,0.16042780748663102,-0.7914438502673797,0.13368983957219252,-0.8983957219251337
6,0.0,0.0,-0.1856763925729443,-0.09283819628647215,-0.3448275862068966,-0.29708222811671087,-0.4562334217506631,-0.4535809018567639,-0.5676392572944297,-0.5596816976127321,-0.22015915119363394,-0.5145888594164456,-0.27055702917771884,-0.7374005305039788,-0.3050397877984085,-0.8779840848806366,-0.33687002652519893,-1.0,-0.10875331564986737,-0.5251989389920424,-0.20159151193633953,-0.5729442970822282,-0.21220159151193635,-0.3793103448275862,-0.1962864721485411,-0.23342175066312998,0.002652519893899204,-0.5119363395225465,-0.07957559681697612,-0.5702917771883289,-0.10875331564986737,-0.3952254641909814,-0.11936339522546419,-0.26525198938992045,0.11671087533156499,-0.493368700265252,0.13262599469496023,-0.6870026525198939,0.1220159151193634,-0.8037135278514589,0.09549071618037135,-0.9071618037135278
6,0.0,0.0,-0.1907356948228883,-0.10626702997275204,-0.34332425068119893,-0.3106267029972752,-0.44686648501362397,-0.46321525885558584,-0.5613079019073569,-0.5613079019073569,-0.2125340599455041,-0.5258855585831063,-0.2561307901907357,-0.7465940054495913,-0.2888283378746594,-0.8801089918256131,-0.32697547683923706,-1.0,-0.09809264305177112,-0.5313351498637602,-0.17438692098092642,-0.5776566757493188,-0.1907356948228883,-0.38419618528610355,-0.1880108991825613,-0.23705722070844687,0.010899182561307902,-0.5177111716621253,-0.05994550408719346,-0.5803814713896458,-0.08446866485013624,-0.4087193460490463,-0.09536784741144415,-0.28337874659400547,0.12534059945504086,-0.4986376021798365,0.13896457765667575,-0.7002724795640327,0.1307901907356948,-0.8174386920980926,0.10626702997275204,-0.9209809264305178
6,0.0,0.0,-0.19346049046321526,-0.08446866485013624,-0.3678474114441417,-0.29155313351498635,-0.4822888283378747,-0.44959128065395093,-0.5967302452316077,-0.5504087193460491,-0.2452316076294278,-0.4986376021798365,-0.3106267029972752,-0.7302452316076294,-0.3542234332425068,-0.8719346049046321,-0.4032697547683924,-1.0,-0.1362397820163488,-0.5177111716621253,-0.23160762942779292,-0.55858310626703,-0.23160762942779292,-0.35967302452316074,-0.21525885558583105,-0.21525885558583105,-0.021798365122615803,-0.5149863760217984,-0.11716621253405994,-0.5803814713896458,-0.1362397820163488,-0.40054495912806537,-0.1362397820163488,-0.26975476839237056,0.09536784741144415,-0.5095367847411444,0.08991825613079019,-0.7138964577656676,0.07084468664850137,-0.8337874659400545,0.03814713896457766,-0.9427792915531336
6,0.0,0.0,-0.1978021978021978,-0.07142857142857142,-0.35714285714285715,-0.2692307692307692,-0.4642857142857143,-0.4340659340659341,-0.5879120879120879,-0.532967032967033,-0.2664835164835165,-0.5054945054945055,-0.3269230769230769,-0.7362637362637363,-0.3791208791208791,-0.8763736263736264,-0.43131868131868134,-1.0,-0.15384615384615385,-0.5247252747252747,-0.25,-0.5796703296703297,-0.25824175824175827,-0.38461538461538464,-0.24725274725274726,-0.23626373626373626,-0.038461538461538464,-0.5274725274725275,-0.1346153846153846,-0.5989010989010989,-0.15384615384615385,-0.41483516483516486,-0.1510989010989011,-0.2802197802197802,0.08241758241758242,-0.5274725274725275,0.07692307692307693,-0.739010989010989,0.054945054945054944,-0.8571428571428571,0.016483516483516484,-0.9642857142857143
6,0.0,0.0,-0.22,-0.08857142857142856,-0.38571428571428573,-0.28285714285714286,-0.49142857142857144,-0.43714285714285717,-0.6114285714285714,-0.5257142857142857,-0.26857142857142857,-0.5028571428571429,-0.3314285714285714,-0.7371428571428571,-0.38,-0.8742857142857143,-0.42857142857142855,-1.0,-0.15142857142857144,-0.5228571428571429,-0.2542857142857143,-0.5657142857142857,-0.26,-0.35428571428571426,-0.24571428571428572,-0.2,-0.03142857142857143,-0.52,-0.12571428571428572,-0.5885714285714285,-0.13428571428571429,-0.4,-0.13142857142857142,-0.26285714285714284,0.09428571428571429,-0.5171428571428571,0.08857142857142856,-0.7285714285714285,0.06285714285714286,-0.8457142857142858,0.008571428571428572,-0.9514285714285714
6,0.0,0.0,-0.21068249258160238,-0.09198813056379822,-0.3827893175074184,-0.29080118694362017,-0.5014836795252225,-0.44510385756676557,-0.629080118694362,-0.5341246290801187,-0.2818991097922849,-0.5103857566765578,-0.34124629080118696,-0.7299703264094956,-0.4065281899109792,-0.8635014836795252,-0.4629080118694362,-0.9762611275964391,-0.16023738872403562,-0.5341246290801187,-0.26112759643916916,-0.5845697329376854,-0.26409495548961426,-0.3857566765578635,-0.23738872403560832,-0.228486646884273,-0.04154302670623145,-0.543026706231454,-0.13353115727002968,-0.5964391691394659,-0.1513353115727003,-0.41839762611275966,-0.1394658753709199,-0.2789317507418398,0.08605341246290801,-0.5489614243323442,0.07418397626112759,-0.7685459940652819,0.04451038575667656,-0.8961424332344213,0.005934718100890208,-1.0
6,0.0,0.0,-0.20958083832335328,-0.08083832335329341,-0.39520958083832336,-0.2754491017964072,-0.5239520958083832,-0.4251497005988024,-0.6586826347305389,-0.5149700598802395,-0.281437125748503,-0.5029940119760479,-0.3502994011976048,-0.7335329341317365,-0.4101796407185629,-0.874251497005988,-0.47305389221556887,-1.0,-0.16766467065868262,-0.5269461077844312,-0.26646706586826346,-0.5808383233532934,-0.2634730538922156,-0.3652694610778443,-0.24251497005988024,-0.20658682634730538,-0.04491017964071856,-0.5329341317365269,-0.1407185628742515,-0.6047904191616766,-0.1497005988023952,-0.41317365269461076,-0.1407185628742515,-0.2694610778443114,0.08682634730538923,-0.5359281437125748,0.0718562874251497,-0.7574850299401198,0.03592814371257485,-0.8832335329341318,-0.017964071856287425,-0.9910179640718563
6,0.0,0.0,-0.21148036253776434,-0.07250755287009064,-0.38972809667673713,-0.2628398791540785,-0.5196374622356495,-0.4108761329305136,-0.6586102719033232,-0.5015105740181269,-0.2688821752265861,-0.49244712990936557,-0.3474320241691843,-0.7311178247734139,-0.4108761329305136,-0.8731117824773413,-0.4743202416918429,-1.0,-0.16012084592145015,-0.5166163141993958,-0.2688821752265861,-0.5649546827794562,-0.26586102719033233,-0.3564954682779456,-0.24471299093655588,-0.20241691842900303,-0.045317220543806644,-0.5226586102719033,-0.1540785498489426,-0.5891238670694864,-0.16314199395770393,-0.3987915407854985,-0.1540785498489426,-0.2628398791540785,0.08157099697885196,-0.5317220543806647,0.0513595166163142,-0.7492447129909365,0.021148036253776436,-0.8761329305135952,-0.027190332326283987,-0.9879154078549849
6,0.0,0.0,-0.2042042042042042,-0.07207207207207207,-0.3933933933933934,-0.2702702702702703,-0.5255255255255256,-0.4174174174174174,-0.6666666666666666,-0.4924924924924925,-0.2822822822822823,-0.4894894894894895,-0.3663663663663664,-0.7297297297297297,-0.43243243243243246,-0.8768768768768769,-0.4984984984984985,-1.0,-0.17417417417417416,-0.5135135135135135,-0.29429429429429427,-0.5555555555555556,-0.2822822822822823,-0.34234234234234234,-0.24624624624624625,-0.18618618618618618,-0.057057057057057055,-0.5165165165165165,-0.17417417417417416,-0.5795795795795796,-0.17717717717717718,-0.3933933933933934,-0.15615615615615616,-0.2552552552552553,0.07207207207207207,-0.5255255255255256,0.04504504504504504,-0.7567567567567568,0.0,-0.8828828828828829,-0.06006006006006006,-0.990990990990991
6,0.0,0.0,-0.208955223880597,-0.05970149253731343,-0.39104477611940297,-0.24776119402985075,-0.5134328358208955,-0.4,-0.6477611940298508,-0.48656716417910445,-0.2716417910447761,-0.4925373134328358,-0.35522388059701493,-0.7283582089552239,-0.42686567164179107,-0.8716417910447761,-0.4925373134328358,-0.9970149253731343,-0.16417910447761194,-0.5194029850746269,-0.29253731343283584,-0.5582089552238806,-0.27761194029850744,-0.3522388059701492,-0.23283582089552238,-0.20298507462686566,-0.05373134328358209,-0.5283582089552239,-0.17313432835820897,-0.5791044776119403,-0.17313432835820897,-0.39104477611940297,-0.14328358208955225,-0.2537313432835821,0.06865671641791045,-0.5432835820895522,0.03880597014925373,-0.7731343283582089,-0.008955223880597015,-0.8985074626865671,-0.06865671641791045,-1.0
6,0.0,0.0,-0.20597014925373133,-0.05970149253731343,-0.39104477611940297,-0.2537313432835821,-0.5074626865671642,-0.4059701492537313,-0.6447761194029851,-0.4925373134328358,-0.2716417910447761,-0.48955223880597015,-0.3582089552238806,-0.7253731343283583,-0.4298507462686567,-0.8716417910447761,-0.49850746268656715,-1.0,-0.16119402985074627,-0.5134328358208955,-0.2865671641791045,-0.5582089552238806,-0.2716417910447761,-0.3522388059701492,-0.2298507462686567,-0.20298507462686566,-0.04776119402985075,-0.5223880597014925,-0.16417910447761194,-0.5850746268656717,-0.1582089552238806,-0.3970149253731343,-0.13432835820895522,-0.2626865671641791,0.08059701492537313,-0.5373134328358209,0.050746268656716415,-0.764179104477612,0.005970149253731343,-0.8895522388059701,-0.05373134328358209,-0.9940298507462687
6,0.0,0.0,-0.2012012012012012,-0.07807807807807808,-0.38738738738738737,-0.27627627627627627,-0.5165165165165165,-0.4264264264264264,-0.6516516516516516,-0.5135135135135135,-0.2972972972972973,-0.5135135135135135,-0.36936936936936937,-0.7387387387387387,-0.4294294294294294,-0.8768768768768769,-0.4954954954954955,-1.0,-0.18018018018018017,-0.5405405405405406,-0.26126126126126126,-0.5975975975975976,-0.25225225225225223,-0.3783783783783784,-0.23423423423423423,-0.2132132132132132,-0.057057057057057055,-0.5465465465465466,-0.14414414414414414,-0.6216216216216216,-0.14414414414414414,-0.4294294294294294,-0.12912912912912913,-0.2822822822822823,0.07207207207207207,-0.5465465465465466,0.05105105105105105,-0.7657657657657657,0.006006006006006006,-0.8888888888888888,-0.05405405405405406,-0.990990990990991
6,0.0,0.0,-0.19701492537313434,-0.08059701492537313,-0.373134328358209,-0.2835820895522388,-0.5074626865671642,-0.44477611940298506,-0.6358208955223881,-0.5402985074626866,-0.2746268656716418,-0.5164179104477612,-0.3492537313432836,-0.7402985074626866,-0.4208955223880597,-0.8776119402985074,-0.48656716417910445,-0.991044776119403,-0.15522388059701492,-0.5462686567164179,-0.25970149253731345,-0.5970149253731343,-0.2507462686567164,-0.4,-0.21492537313432836,-0.25671641791044775,-0.03283582089552239,-0.5552238805970149,-0.1373134328358209,-0.6208955223880597,-0.14925373134328357,-0.43582089552238806,-0.12835820895522387,-0.2955223880597015,0.09253731343283582,-0.5611940298507463,0.07761194029850746,-0.7761194029850746,0.04776119402985075,-0.8955223880597015,0.011940298507462687,-1.0
6,0.0,0.0,-0.21142857142857144,-0.08571428571428572,-0.3914285714285714,-0.28,-0.5142857142857142,-0.4342857142857143,-0.6314285714285715,-0.5342857142857143,-0.26857142857142857,-0.5,-0.34,-0.7314285714285714,-0.38857142857142857,-0.8742857142857143,-0.44285714285714284,-1.0,-0.15714285714285714,-0.52,-0.24857142857142858,-0.5714285714285714,-0.24,-0.37142857142857144,-0.20857142857142857,-0.22285714285714286,-0.04285714285714286,-0.5228571428571429,-0.13428571428571429,-0.5885714285714285,-0.14285714285714285,-0.4057142857142857,-0.13142857142857142,-0.26571428571428574,0.07714285714285714,-0.5228571428571429,0.07142857142857142,-0.7314285714285714,0.04285714285714286,-0.8542857142857143,0.0,-0.9571428571428572
6,0.0,0.0,-0.18487394957983194,-0.08123249299719888,-0.3473389355742297,-0.28291316526610644,-0.46218487394957986,-0.4341736694677871,-0.5742296918767507,-0.5350140056022409,-0.24369747899159663,-0.5042016806722689,-0.30532212885154064,-0.7366946778711485,-0.35014005602240894,-0.8795518207282913,-0.39775910364145656,-1.0,-0.13165266106442577,-0.5126050420168067,-0.21008403361344538,-0.5714285714285714,-0.21008403361344538,-0.37815126050420167,-0.19327731092436976,-0.23529411764705882,-0.0196078431372549,-0.5042016806722689,-0.09523809523809523,-0.5630252100840336,-0.1092436974789916,-0.38375350140056025,-0.10084033613445378,-0.25210084033613445,0.09523809523809523,-0.49299719887955185,0.10644257703081232,-0.7002801120448179,0.08683473389355742,-0.8179271708683473,0.05322128851540616,-0.9187675070028011
6,0.0,0.0,-0.1883656509695291,-0.09695290858725762,-0.3490304709141274,-0.3074792243767313,-0.46537396121883656,-0.4598337950138504,-0.5789473684210527,-0.5595567867036011,-0.23545706371191136,-0.5124653739612188,-0.2853185595567867,-0.7423822714681441,-0.32132963988919666,-0.8808864265927978,-0.3601108033240997,-1.0,-0.12465373961218837,-0.5235457063711911,-0.1994459833795014,-0.5872576177285319,-0.2077562326869806,-0.40166204986149584,-0.19667590027700832,-0.2631578947368421,-0.013850415512465374,-0.5124653739612188,-0.0886426592797784,-0.5678670360110804,-0.10526315789473684,-0.39335180055401664,-0.10526315789473684,-0.2659279778393352,0.10249307479224377,-0.4986149584487535,0.11080332409972299,-0.703601108033241,0.0997229916897507,-0.8254847645429363,0.07202216066481995,-0.9279778393351801
6,0.0,0.0,-0.18956043956043955,-0.08516483516483517,-0.3516483516483517,-0.3021978021978022,-0.4642857142857143,-0.4642857142857143,-0.5741758241758241,-0.5714285714285714,-0.23351648351648352,-0.5027472527472527,-0.27197802197802196,-0.739010989010989,-0.3021978021978022,-0.8763736263736264,-0.33791208791208793,-1.0,-0.11813186813186813,-0.5082417582417582,-0.18406593406593408,-0.5851648351648352,-0.19230769230769232,-0.3873626373626374,-0.18406593406593408,-0.23901098901098902,-0.005494505494505495,-0.5,-0.06318681318681318,-0.5851648351648352,-0.08516483516483517,-0.40384615384615385,-0.09340659340659341,-0.2692307692307692,0.11263736263736264,-0.48626373626373626,0.12637362637362637,-0.6813186813186813,0.11813186813186813,-0.8021978021978022,0.09340659340659341,-0.9175824175824175
6,0.0,0.0,-0.19618528610354224,-0.09809264305177112,-0.3542234332425068,-0.3106267029972752,-0.46866485013623976,-0.46866485013623976,-0.5776566757493188,-0.5640326975476839,-0.22615803814713897,-0.5068119891008175,-0.25885558583106266,-0.7384196185286104,-0.28065395095367845,-0.8801089918256131,-0.3106267029972752,-1.0,-0.11171662125340599,-0.5095367847411444,-0.16348773841961853,-0.5667574931880109,-0.17166212534059946,-0.3869209809264305,-0.1771117166212534,-0.24795640326975477,0.0027247956403269754,-0.4986376021798365,-0.04632152588555858,-0.553133514986376,-0.07356948228882834,-0.3869209809264305,-0.09264305177111716,-0.2670299727520436,0.11716621253405994,-0.47956403269754766,0.13896457765667575,-0.6648501362397821,0.13896457765667575,-0.779291553133515,0.1226158038147139,-0.885558583106267
6,0.0,0.0,-0.19786096256684493,-0.09358288770053476,-0.36363636363636365,-0.3155080213903743,-0.4732620320855615,-0.48128342245989303,-0.5828877005347594,-0.5748663101604278,-0.22459893048128343,-0.5106951871657754,-0.25935828877005346,-0.7379679144385026,-0.2807486631016043,-0.8796791443850267,-0.3048128342245989,-1.0,-0.11229946524064172,-0.5187165775401069,-0.1657754010695187,-0.5775401069518716,-0.18449197860962566,-0.393048128342246,-0.18716577540106952,-0.25133689839572193,0.0,-0.5026737967914439,-0.0481283422459893,-0.5668449197860963,-0.0748663101604278,-0.3983957219251337,-0.09090909090909091,-0.2807486631016043,0.11497326203208556,-0.47593582887700536,0.13368983957219252,-0.660427807486631,0.13636363636363635,-0.7700534759358288,0.12566844919786097,-0.8743315508021391
6,0.0,0.0,-0.18997361477572558,-0.09498680738786279,-0.33773087071240104,-0.3034300791556728,-0.44063324538258575,-0.46174142480211083,-0.5356200527704486,-0.5672823218997362,-0.21108179419525067,-0.5145118733509235,-0.24802110817941952,-0.741424802110818,-0.26649076517150394,-0.8812664907651715,-0.29023746701846964,-1.0,-0.09498680738786279,-0.5171503957783641,-0.14775725593667546,-0.5646437994722955,-0.158311345646438,-0.38786279683377306,-0.16094986807387862,-0.25065963060686014,0.018469656992084433,-0.5013192612137203,-0.03430079155672823,-0.554089709762533,-0.06860158311345646,-0.38786279683377306,-0.09234828496042216,-0.26649076517150394,0.13192612137203166,-0.48021108179419525,0.15303430079155672,-0.6569920844327177,0.16094986807387862,-0.7678100263852242,0.15303430079155672,-0.8707124010554089
6,0.0,0.0,-0.19576719576719576,-0.10582010582010581,-0.3412698412698413,-0.3148148148148148,-0.43915343915343913,-0.47883597883597884,-0.544973544973545,-0.5793650793650794,-0.21164021164021163,-0.5211640211640212,-0.23544973544973544,-0.7433862433862434,-0.24867724867724866,-0.8809523809523809,-0.2671957671957672,-1.0,-0.09259259259259259,-0.5185185185185185,-0.1349206349206349,-0.5714285714285714,-0.15608465608465608,-0.3888888888888889,-0.1693121693121693,-0.24603174603174602,0.021164021164021163,-0.4973544973544973,-0.018518518518518517,-0.5582010582010583,-0.047619047619047616,-0.3888888888888889,-0.07671957671957672,-0.2671957671957672,0.1349206349206349,-0.46825396825396826,0.17195767195767195,-0.6428571428571429,0.18253968253968253,-0.7513227513227513,0.1746031746031746,-0.8571428571428571
6,0.0,0.0,-0.1962864721485411,-0.10875331564986737,-0.3421750663129973,-0.33156498673740054,-0.44562334217506633,-0.5039787798408488,-0.5517241379310345,-0.6021220159151194,-0.20689655172413793,-0.519893899204244,-0.22811671087533156,-0.7453580901856764,-0.23872679045092837,-0.8806366047745358,-0.2572944297082228,-1.0,-0.08488063660477453,-0.5172413793103449,-0.129973474801061,-0.5702917771883289,-0.15119363395225463,-0.38992042440318303,-0.16710875331564987,-0.2493368700265252,0.03183023872679045,-0.4960212201591512,-0.007957559681697613,-0.5596816976127321,-0.04509283819628647,-0.3925729442970822,-0.07692307692307693,-0.27320954907161804,0.14588859416445624,-0.46684350132625996,0.1830238726790451,-0.6445623342175066,0.20159151193633953,-0.7586206896551724,0.20159151193633953,-0.870026525198939
6,0.0,0.0,-0.20052083333333334,-0.09635416666666667,-0.3489583333333333,-0.3177083333333333,-0.4479166666666667,-0.4921875,-0.5494791666666666,-0.6015625,-0.21354166666666666,-0.5130208333333334,-0.23697916666666666,-0.7369791666666666,-0.24739583333333334,-0.8776041666666666,-0.2604166666666667,-1.0,-0.09635416666666667,-0.5104166666666666,-0.12760416666666666,-0.5572916666666666,-0.15104166666666666,-0.3880208333333333,-0.16927083333333334,-0.2604166666666667,0.020833333333333332,-0.4921875,-0.013020833333333334,-0.5390625,-0.049479166666666664,-0.375,-0.08072916666666667,-0.2604166666666667,0.13802083333333334,-0.4661458333333333,0.16145833333333334,-0.6432291666666666,0.18489583333333334,-0.75,0.19791666666666666,-0.8541666666666666
6,0.0,0.0,-0.20708446866485014,-0.10899182561307902,-0.35149863760217986,-0.3215258855585831,-0.4550408719346049,-0.49591280653950953,-0.555858310626703,-0.6021798365122616,-0.2125340599455041,-0.5013623978201635,-0.23978201634877383,-0.7356948228882834,-0.24250681198910082,-0.8746594005449592,-0.25340599455040874,-1.0,-0.09809264305177112,-0.49318801089918257,-0.1335149863760218,-0.5640326975476839,-0.15803814713896458,-0.38419618528610355,-0.1771117166212534,-0.24795640326975477,0.01907356948228883,-0.47956403269754766,0.0,-0.555858310626703,-0.04632152588555858,-0.3869209809264305,-0.08446866485013624,-0.26430517711171664,0.13896457765667575,-0.4550408719346049,0.17166212534059946,-0.6321525885558583,0.1907356948228883,-0.7493188010899182,0.2016348773841962,-0.8610354223433242
6,0.0,0.0,-0.1746031746031746,-0.1111111111111111,-0.3148148148148148,-0.335978835978836,-0.40476190476190477,-0.5079365079365079,-0.49206349206349204,-0.6190476190476191,-0.16666666666666666,-0.5158730158730159,-0.17724867724867724,-0.7433862433862434,-0.17724867724867724,-0.8835978835978836,-0.18253968253968253,-1.0,-0.05555555555555555,-0.5,-0.11375661375661375,-0.5582010582010583,-0.14285714285714285,-0.3783068783068783,-0.15343915343915343,-0.24603174603174602,0.05026455026455026,-0.47619047619047616,-0.023809523809523808,-0.5264550264550265,-0.06878306878306878,-0.34656084656084657,-0.08465608465608465,-0.21957671957671956,0.16137566137566137,-0.43915343915343913,0.08994708994708994,-0.5185185185185185,0.03439153439153439,-0.40476190476190477,0.013227513227513227,-0.30952380952380953
6,0.0,0.0,-0.19473684210526315,-0.13157894736842105,-0.3263157894736842,-0.3526315789473684,-0.41842105263157897,-0.5263157894736842,-0.5210526315789473,-0.6289473684210526,-0.18157894736842106,-0.5078947368421053,-0.19210526315789472,-0.7421052631578947,-0.1868421052631579,-0.881578947368421,-0.18947368421052632,-1.0,-0.07105263157894737,-0.48947368421052634,-0.11315789473684211,-0.5447368421052632,-0.14736842105263157,-0.3763157894736842,-0.16578947368421051,-0.24473684210526317,0.034210526315789476,-0.4631578947368421,-0.013157894736842105,-0.5263157894736842,-0.06842105263157895,-0.3631578947368421,-0.09210526315789473,-0.23684210526315788,0.14210526315789473,-0.4263157894736842,0.09210526315789473,-0.5,0.02894736842105263,-0.4052631578947368,0.002631578947368421,-0.3157894736842105
6,0.0,0.0,-0.17875647668393782,-0.12694300518134716,-0.3082901554404145,-0.3549222797927461,-0.3911917098445596,-0.5207253886010362,-0.47668393782383417,-0.6321243523316062,-0.15803108808290156,-0.5259067357512953,-0.16580310880829016,-0.7487046632124352,-0.16062176165803108,-0.8808290155440415,-0.16062176165803108,-1.0,-0.04404145077720207,-0.5103626943005182,-0.08549222797927461,-0.5569948186528497,-0.11658031088082901,-0.38341968911917096,-0.14248704663212436,-0.25647668393782386,0.06217616580310881,-0.48186528497409326,0.018134715025906734,-0.5284974093264249,-0.02849740932642487,-0.3601036269430052,-0.05958549222797927,-0.24093264248704663,0.16580310880829016,-0.44559585492227977,0.18652849740932642,-0.5932642487046632,0.19170984455958548,-0.6398963730569949,0.19170984455958548,-0.6813471502590673
6,0.0,0.0,-0.19329896907216496,-0.14690721649484537,-0.3247422680412371,-0.37628865979381443,-0.422680412371134,-0.5463917525773195,-0.5257731958762887,-0.6494845360824743,-0.18556701030927836,-0.5257731958762887,-0.18298969072164947,-0.7474226804123711,-0.17525773195876287,-0.8788659793814433,-0.17783505154639176,-1.0,-0.07216494845360824,-0.5077319587628866,-0.08505154639175258,-0.5670103092783505,-0.11855670103092783,-0.4020618556701031,-0.15206185567010308,-0.2757731958762887,0.03608247422680412,-0.4793814432989691,0.030927835051546393,-0.5463917525773195,-0.007731958762886598,-0.39948453608247425,-0.04639175257731959,-0.2912371134020619,0.14432989690721648,-0.44329896907216493,0.1958762886597938,-0.6134020618556701,0.22422680412371135,-0.7190721649484536,0.23711340206185566,-0.8170103092783505
6,0.0,0.0,-0.20051413881748073,-0.12853470437017994,-0.32904884318766064,-0.35989717223650386,-0.4190231362467866,-0.5347043701799485,-0.519280205655527,-0.6323907455012854,-0.1928020565552699,-0.5089974293059126,-0.19023136246786632,-0.7377892030848329,-0.18251928020565553,-0.8740359897172236,-0.17994858611825193,-1.0,-0.07969151670951156,-0.4910025706940874,-0.08997429305912596,-0.5578406169665809,-0.12853470437017994,-0.38303341902313626,-0.15938303341902313,-0.2570694087403599,0.028277634961439587,-0.4652956298200514,0.02570694087403599,-0.5526992287917738,-0.028277634961439587,-0.39331619537275064,-0.06940874035989718,-0.2802056555269923,0.13881748071979436,-0.43444730077120824,0.19794344473007713,-0.609254498714653,0.2262210796915167,-0.7249357326478149,0.2442159383033419,-0.8431876606683805
6,0.0,0.0,-0.18734177215189873,-0.11139240506329114,-0.3265822784810127,-0.3468354430379747,-0.42025316455696204,-0.5215189873417722,-0.5164556962025316,-0.6253164556962025,-0.18227848101265823,-0.5088607594936709,-0.189873417721519,-0.739240506329114,-0.19746835443037974,-0.8759493670886076,-0.20759493670886076,-1.0,-0.06835443037974684,-0.5088607594936709,-0.10632911392405063,-0.5746835443037974,-0.1291139240506329,-0.40253164556962023,-0.1468354430379747,-0.26582278481012656,0.04556962025316456,-0.48860759493670886,0.012658227848101266,-0.5721518987341773,-0.03291139240506329,-0.4253164556962025,-0.06582278481012659,-0.30632911392405066,0.1620253164556962,-0.4607594936708861,0.20506329113924052,-0.6430379746835443,0.22025316455696203,-0.7620253164556962,0.22025316455696203,-0.8759493670886076
6,0.0,0.0,-0.19852941176470587,-0.1053921568627451,-0.35784313725490197,-0.3431372549019608,-0.4632352941176471,-0.5171568627450981,-0.5833333333333334,-0.6078431372549019,-0.20833333333333334,-0.5098039215686274,-0.21323529411764705,-0.7377450980392157,-0.22058823529411764,-0.8774509803921569,-0.23284313725490197,-1.0,-0.09068627450980392,-0.5147058823529411,-0.12990196078431374,-0.5784313725490197,-0.15196078431372548,-0.39215686274509803,-0.1642156862745098,-0.25245098039215685,0.02696078431372549,-0.49754901960784315,-0.0024509803921568627,-0.5735294117647058,-0.04411764705882353,-0.4117647058823529,-0.07598039215686274,-0.28921568627450983,0.14460784313725492,-0.47058823529411764,0.17892156862745098,-0.6568627450980392,0.19117647058823528,-0.7769607843137255,0.18627450980392157,-0.8872549019607843
6,0.0,0.0,-0.20243902439024392,-0.1,-0.375609756097561,-0.33902439024390246,-0.4853658536585366,-0.5121951219512195,-0.6,-0.6170731707317073,-0.21951219512195122,-0.5146341463414634,-0.24146341463414633,-0.7439024390243902,-0.26097560975609757,-0.8804878048780488,-0.28536585365853656,-1.0,-0.1,-0.5195121951219512,-0.14390243902439023,-0.5951219512195122,-0.16341463414634147,-0.4,-0.17317073170731706,-0.24878048780487805,0.01707317073170732,-0.5073170731707317,-0.01707317073170732,-0.6024390243902439,-0.05609756097560976,-0.4292682926829268,-0.08536585365853659,-0.2951219512195122,0.13902439024390245,-0.4878048780487805,0.17317073170731706,-0.6902439024390243,0.1878048780487805,-0.8170731707317073,0.1878048780487805,-0.9390243902439024
6,0.0,0.0,-0.19347319347319347,-0.07925407925407925,-0.3776223776223776,-0.3076923076923077,-0.4988344988344988,-0.47785547785547783,-0.627039627039627,-0.578088578088578,-0.2564102564102564,-0.5011655011655012,-0.30303030303030304,-0.7365967365967366,-0.3333333333333333,-0.8764568764568764,-0.3706293706293706,-1.0,-0.13986013986013987,-0.5174825174825175,-0.1958041958041958,-0.5757575757575758,-0.20046620046620048,-0.36596736596736595,-0.19114219114219114,-0.21212121212121213,-0.013986013986013986,-0.5081585081585082,-0.06293706293706294,-0.5874125874125874,-0.09557109557109557,-0.40792540792540793,-0.11421911421911422,-0.2727272727272727,0.11655011655011654,-0.49184149184149184,0.13053613053613053,-0.6993006993006993,0.12354312354312354,-0.8275058275058275,0.1048951048951049,-0.9463869463869464
6,0.0,0.0,-0.19909502262443438,-0.08597285067873303,-0.38461538461538464,-0.3054298642533937,-0.5067873303167421,-0.4683257918552036,-0.6289592760180995,-0.5633484162895928,-0.24660633484162897,-0.502262443438914,-0.29411764705882354,-0.7398190045248869,-0.3257918552036199,-0.8800904977375565,-0.36425339366515835,-1.0,-0.1334841628959276,-0.5135746606334841,-0.2149321266968326,-0.5633484162895928,-0.2239819004524887,-0.3665158371040724,-0.2149321266968326,-0.22171945701357465,-0.01809954751131222,-0.504524886877828,-0.09728506787330317,-0.5769230769230769,-0.11764705882352941,-0.4004524886877828,-0.12669683257918551,-0.2669683257918552,0.09954751131221719,-0.49095022624434387,0.11085972850678733,-0.6923076923076923,0.10633484162895927,-0.8122171945701357,0.08597285067873303,-0.9253393665158371
6,0.0,0.0,-0.1966019417475728,-0.09223300970873786,-0.36893203883495146,-0.2961165048543689,-0.4830097087378641,-0.4538834951456311,-0.5995145631067961,-0.5533980582524272,-0.26941747572815533,-0.5097087378640777,-0.3276699029126214,-0.7427184466019418,-0.3737864077669903,-0.8786407766990292,-0.42475728155339804,-1.0,-0.1553398058252427,-0.5242718446601942,-0.23300970873786409,-0.587378640776699,-0.2354368932038835,-0.40048543689320387,-0.220873786407767,-0.25728155339805825,-0.043689320388349516,-0.5218446601941747,-0.11650485436893204,-0.6019417475728155,-0.13592233009708737,-0.4223300970873786,-0.1407766990291262,-0.28640776699029125,0.07524271844660194,-0.5145631067961165,0.0825242718446602,-0.7135922330097088,0.06796116504854369,-0.8325242718446602,0.038834951456310676,-0.9441747572815534
6,0.0,0.0,-0.19854721549636803,-0.08232445520581114,-0.3801452784503632,-0.29055690072639223,-0.5060532687651331,-0.44794188861985473,-0.6319612590799032,-0.5375302663438256,-0.26634382566585957,-0.5084745762711864,-0.3341404358353511,-0.7409200968523002,-0.38498789346246975,-0.8789346246973365,-0.4358353510895884,-1.0,-0.1549636803874092,-0.5181598062953995,-0.23002421307506055,-0.5690072639225182,-0.22518159806295399,-0.37772397094430993,-0.20823244552058112,-0.2397094430992736,-0.04116222760290557,-0.5108958837772397,-0.11380145278450363,-0.576271186440678,-0.13075060532687652,-0.3922518159806295,-0.13317191283292978,-0.26150121065375304,0.07506053268765134,-0.5012106537530266,0.07021791767554479,-0.6997578692493946,0.05084745762711865,-0.8208232445520581,0.01937046004842615,-0.9346246973365617
6,0.0,0.0,-0.1974025974025974,-0.0987012987012987,-0.35584415584415585,-0.2935064935064935,-0.4805194805194805,-0.44675324675324674,-0.6,-0.548051948051948,-0.2623376623376623,-0.5064935064935064,-0.3220779220779221,-0.7402597402597403,-0.36363636363636365,-0.8779220779220779,-0.4103896103896104,-1.0,-0.15584415584415584,-0.5194805194805194,-0.23116883116883116,-0.587012987012987,-0.22597402597402597,-0.3974025974025974,-0.21298701298701297,-0.2545454545454545,-0.046753246753246755,-0.5168831168831168,-0.11688311688311688,-0.5974025974025974,-0.12987012987012986,-0.4155844155844156,-0.12727272727272726,-0.2831168831168831,0.05974025974025974,-0.509090909090909,0.07012987012987013,-0.7064935064935065,0.05714285714285714,-0.8155844155844156,0.025974025974025976,-0.9194805194805195
6,0.0,0.0,-0.1945945945945946,-0.08108108108108109,-0.37567567567567567,-0.2891891891891892,-0.5054054054054054,-0.44594594594594594,-0.6378378378378379,-0.5405405405405406,-0.28378378378378377,-0.5081081081081081,-0.34864864864864864,-0.7405405405405405,-0.3945945945945946,-0.8756756756756757,-0.43783783783783786,-1.0,-0.17027027027027028,-0.527027027027027,-0.23513513513513515,-0.5837837837837838,-0.22702702702702704,-0.3918918918918919,-0.20270270270270271,-0.25135135135135134,-0.05945945945945946,-0.518918918918919,-0.12162162162162163,-0.5837837837837838,-0.13513513513513514,-0.4027027027027027,-0.13783783783783785,-0.2702702702702703,0.051351351351351354,-0.5081081081081081,0.04594594594594595,-0.7054054054054054,0.02702702702702703,-0.8189189189189189,0.0,-0.9297297297297298
6,0.0,0.0,-0.19767441860465115,-0.09883720930232558,-0.3691860465116279,-0.29651162790697677,-0.4941860465116279,-0.4418604651162791,-0.6075581395348837,-0.5465116279069767,-0.2761627906976744,-0.5174418604651163,-0.33430232558139533,-0.75,-0.375,-0.8837209302325582,-0.41569767441860467,-1.0,-0.15988372093023256,-0.5290697674418605,-0.22674418604651161,-0.5930232558139535,-0.21511627906976744,-0.4011627906976744,-0.19476744186046513,-0.25290697674418605,-0.046511627906976744,-0.5232558139534884,-0.11046511627906977,-0.5959302325581395,-0.11627906976744186,-0.4127906976744186,-0.11918604651162791,-0.2761627906976744,0.06686046511627906,-0.5174418604651163,0.06686046511627906,-0.7122093023255814,0.055232558139534885,-0.8284883720930233,0.02616279069767442,-0.9331395348837209
6,0.0,0.0,-0.21282798833819241,-0.09620991253644315,-0.3819241982507289,-0.3032069970845481,-0.5072886297376094,-0.4606413994169096,-0.6326530612244898,-0.5451895043731778,-0.26239067055393583,-0.5160349854227405,-0.3323615160349854,-0.7376093294460642,-0.37317784256559766,-0.8775510204081632,-0.41690962099125367,-1.0,-0.15160349854227406,-0.5247813411078717,-0.21574344023323616,-0.5830903790087464,-0.21574344023323616,-0.39941690962099125,-0.2099125364431487,-0.2594752186588921,-0.04081632653061224,-0.521865889212828,-0.11078717201166181,-0.5714285714285714,-0.119533527696793,-0.3935860058309038,-0.12244897959183673,-0.26822157434402333,0.06997084548104957,-0.5131195335276968,0.0641399416909621,-0.7026239067055393,0.05539358600583091,-0.8104956268221575,0.029154518950437316,-0.9096209912536443
6,0.0,0.0,-0.2191358024691358,-0.09259259259259259,-0.39814814814814814,-0.2993827160493827,-0.5277777777777778,-0.4537037037037037,-0.654320987654321,-0.5462962962962963,-0.2777777777777778,-0.5185185185185185,-0.345679012345679,-0.7438271604938271,-0.3888888888888889,-0.8796296296296297,-0.42592592592592593,-1.0,-0.1574074074074074,-0.5339506172839507,-0.2191358024691358,-0.5895061728395061,-0.2191358024691358,-0.39197530864197533,-0.2037037037037037,-0.23765432098765432,-0.040123456790123455,-0.5277777777777778,-0.10185185185185185,-0.5925925925925926,-0.12345679012345678,-0.41358024691358025,-0.13271604938271606,-0.2777777777777778,0.07407407407407407,-0.5216049382716049,0.07098765432098765,-0.7129629629629629,0.05555555555555555,-0.8271604938271605,0.024691358024691357,-0.9351851851851852
6,0.0,0.0,-0.21474358974358973,-0.08653846153846154,-0.3942307692307692,-0.28525641025641024,-0.5160256410256411,-0.4358974358974359,-0.6378205128205128,-0.5192307692307693,-0.28525641025641024,-0.5224358974358975,-0.34935897435897434,-0.7435897435897436,-0.38461538461538464,-0.8782051282051282,-0.4198717948717949,-1.0,-0.16346153846153846,-0.5384615384615384,-0.21794871794871795,-0.5833333333333334,-0.21153846153846154,-0.38782051282051283,-0.20833333333333334,-0.23397435897435898,-0.041666666666666664,-0.532051282051282,-0.09615384615384616,-0.5833333333333334,-0.10576923076923077,-0.3974358974358974,-0.11217948717948718,-0.26282051282051283,0.08012820512820513,-0.5160256410256411,0.07692307692307693,-0.6955128205128205,0.0641025641025641,-0.8044871794871795,0.028846153846153848,-0.9102564102564102
6,0.0,0.0,-0.22442244224422442,-0.07920792079207921,-0.4158415841584158,-0.2838283828382838,-0.5445544554455446,-0.43234323432343236,-0.6765676567656765,-0.5181518151815182,-0.30363036303630364,-0.5082508250825083,-0.36303630363036304,-0.7392739273927392,-0.39933993399339934,-0.8778877887788779,-0.43564356435643564,-1.0,-0.1782178217821782,-0.528052805280528,-0.24422442244224424,-0.5907590759075908,-0.22772277227722773,-0.38943894389438943,-0.20462046204620463,-0.23102310231023102,-0.0594059405940594,-0.5247524752475248,-0.11221122112211221,-0.594059405940594,-0.11551155115511551,-0.41254125412541254,-0.11551155115511551,-0.2739273927392739,0.0627062706270627,-0.5214521452145214,0.0462046204620462,-0.7062706270627063,0.033003300330033,-0.8151815181518152,0.006600660066006601,-0.9207920792079208
6,0.0,0.0,-0.21666666666666667,-0.06,-0.42333333333333334,-0.24666666666666667,-0.5666666666666667,-0.39666666666666667,-0.7033333333333334,-0.48333333333333334,-0.35333333333333333,-0.5066666666666667,-0.43333333333333335,-0.7366666666666667,-0.47333333333333333,-0.8766666666666667,-0.51,-1.0,-0.22666666666666666,-0.54,-0.28,-0.5933333333333334,-0.25333333333333335,-0.39666666666666667,-0.22666666666666666,-0.24333333333333335,-0.1,-0.55,-0.15,-0.6,-0.14333333333333334,-0.41333333333333333,-0.14666666666666667,-0.27666666666666667,0.02666666666666667,-0.55,0.01,-0.7433333333333333,-0.006666666666666667,-0.85,-0.043333333333333335,-0.9533333333333334
6,0.0,0.0,-0.2526690391459075,-0.06405693950177936,-0.4697508896797153,-0.2491103202846975,-0.6298932384341637,-0.3807829181494662,-0.7722419928825622,-0.4483985765124555,-0.3701067615658363,-0.505338078291815,-0.47686832740213525,-0.7295373665480427,-0.5409252669039146,-0.8576512455516014,-0.604982206405694,-0.9608540925266904,-0.2491103202846975,-0.5338078291814946,-0.3309608540925267,-0.5836298932384342,-0.30604982206405695,-0.38434163701067614,-0.2669039145907473,-0.2313167259786477,-0.12811387900355872,-0.5516014234875445,-0.2099644128113879,-0.594306049822064,-0.199288256227758,-0.4092526690391459,-0.18861209964412812,-0.2775800711743772,-0.0071174377224199285,-0.5622775800711743,-0.042704626334519574,-0.7651245551601423,-0.07473309608540925,-0.8861209964412812,-0.12099644128113879,-1.0
6,0.0,0.0,-0.23776223776223776,-0.03146853146853147,-0.4825174825174825,-0.20279720279720279,-0.6503496503496503,-0.32867132867132864,-0.8041958041958042,-0.3776223776223776,-0.4160839160839161,-0.4755244755244755,-0.541958041958042,-0.6958041958041958,-0.6153846153846154,-0.8321678321678322,-0.6818181818181818,-0.951048951048951,-0.2972027972027972,-0.5174825174825175,-0.3881118881118881,-0.5664335664335665,-0.33916083916083917,-0.3531468531468531,-0.2937062937062937,-0.1958041958041958,-0.17132867132867133,-0.541958041958042,-0.25524475524475526,-0.5979020979020979,-0.22377622377622378,-0.3986013986013986,-0.19230769230769232,-0.25874125874125875,-0.04195804195804196,-0.5629370629370629,-0.0979020979020979,-0.7727272727272727,-0.15034965034965034,-0.8916083916083916,-0.2097902097902098,-1.0
6,0.0,0.0,-0.24731182795698925,-0.03225806451612903,-0.4982078853046595,-0.1863799283154122,-0.6666666666666666,-0.3118279569892473,-0.8207885304659498,-0.36917562724014336,-0.43727598566308246,-0.46953405017921146,-0.5698924731182796,-0.6989247311827957,-0.6451612903225806,-0.8351254480286738,-0.7204301075268817,-0.956989247311828,-0.31899641577060933,-0.5161290322580645,-0.4229390681003584,-0.5734767025089605,-0.35842293906810035,-0.36200716845878134,-0.2974910394265233,-0.2007168458781362,-0.1971326164874552,-0.5412186379928315,-0.2903225806451613,-0.6057347670250897,-0.24372759856630824,-0.4121863799283154,-0.2078853046594982,-0.2724014336917563,-0.06810035842293907,-0.5627240143369175,-0.13261648745519714,-0.7777777777777778,-0.17921146953405018,-0.8924731182795699,-0.24372759856630824,-1.0
6,0.0,0.0,-0.22758620689655173,-0.02413793103448276,-0.46551724137931033,-0.16206896551724137,-0.6344827586206897,-0.27241379310344827,-0.7896551724137931,-0.32068965517241377,-0.43448275862068964,-0.44482758620689655,-0.5655172413793104,-0.6689655172413793,-0.6482758620689655,-0.8,-0.7275862068965517,-0.9241379310344827,-0.32413793103448274,-0.496551724137931,-0.4206896551724138,-0.5517241379310345,-0.3586206896551724,-0.33793103448275863,-0.29310344827586204,-0.18275862068965518,-0.2,-0.5275862068965518,-0.29310344827586204,-0.593103448275862,-0.25517241379310346,-0.39655172413793105,-0.21379310344827587,-0.25862068965517243,-0.06896551724137931,-0.5551724137931034,-0.12413793103448276,-0.7793103448275862,-0.1793103448275862,-0.896551724137931,-0.25517241379310346,-1.0
6,0.0,0.0,-0.2482758620689655,-0.03793103448275862,-0.5,-0.19655172413793104,-0.6793103448275862,-0.32068965517241377,-0.8310344827586207,-0.4103448275862069,-0.4379310344827586,-0.4482758620689655,-0.5689655172413793,-0.6620689655172414,-0.6517241379310345,-0.7931034482758621,-0.7310344827586207,-0.903448275862069,-0.32413793103448274,-0.5,-0.4206896551724138,-0.5482758620689655,-0.3620689655172414,-0.3448275862068966,-0.30344827586206896,-0.1896551724137931,-0.2,-0.5310344827586206,-0.29310344827586204,-0.5862068965517241,-0.25517241379310346,-0.4,-0.2206896551724138,-0.2620689655172414,-0.07241379310344828,-0.5586206896551724,-0.13448275862068965,-0.7758620689655172,-0.1896551724137931,-0.9,-0.25517241379310346,-1.0
6,0.0,0.0,-0.22112211221122113,-0.06930693069306931,-0.4521452145214521,-0.25742574257425743,-0.6105610561056105,-0.40264026402640263,-0.7458745874587459,-0.49174917491749176,-0.33993399339933994,-0.49174917491749176,-0.44554455445544555,-0.7194719471947195,-0.5148514851485149,-0.8547854785478548,-0.5841584158415841,-0.9735973597359736,-0.22442244224422442,-0.5247524752475248,-0.31353135313531355,-0.5841584158415841,-0.2739273927392739,-0.3795379537953795,-0.23432343234323433,-0.22442244224422442,-0.10561056105610561,-0.5412541254125413,-0.19801980198019803,-0.6105610561056105,-0.1716171617161716,-0.4158415841584158,-0.14521452145214522,-0.2706270627062706,0.019801980198019802,-0.5511551155115512,-0.026402640264026403,-0.768976897689769,-0.07260726072607261,-0.8910891089108911,-0.1353135313531353,-1.0
6,0.0,0.0,-0.20846905537459284,-0.06514657980456026,-0.40716612377850164,-0.2671009771986971,-0.5439739413680782,-0.41368078175895767,-0.6612377850162866,-0.501628664495114,-0.2931596091205212,-0.504885993485342,-0.3778501628664495,-0.739413680781759,-0.42671009771986973,-0.8762214983713354,-0.4755700325732899,-1.0,-0.18241042345276873,-0.5309446254071661,-0.2671009771986971,-0.6058631921824105,-0.254071661237785,-0.40716612377850164,-0.23452768729641693,-0.250814332247557,-0.06514657980456026,-0.5342019543973942,-0.1498371335504886,-0.5863192182410424,-0.1465798045602606,-0.39087947882736157,-0.14332247557003258,-0.250814332247557,0.06188925081433225,-0.5309446254071661,0.04560260586319218,-0.7296416938110749,0.02280130293159609,-0.8534201954397395,-0.02280130293159609,-0.9706840390879479
6,0.0,0.0,-0.1892744479495268,-0.0694006309148265,-0.36908517350157727,-0.277602523659306,-0.4889589905362776,-0.42902208201892744,-0.6088328075709779,-0.5173501577287066,-0.23974763406940064,-0.5047318611987381,-0.31230283911671924,-0.7413249211356467,-0.35646687697160884,-0.8801261829652997,-0.4037854889589905,-1.0,-0.12933753943217666,-0.5236593059936908,-0.22082018927444794,-0.5867507886435331,-0.21766561514195584,-0.38485804416403785,-0.19873817034700317,-0.23974763406940064,-0.015772870662460567,-0.5173501577287066,-0.10725552050473186,-0.583596214511041,-0.1167192429022082,-0.38801261829652994,-0.1167192429022082,-0.24921135646687698,0.10094637223974763,-0.5141955835962145,0.0914826498422713,-0.7160883280757098,0.07570977917981073,-0.8296529968454258,0.03785488958990536,-0.9463722397476341
6,0.0,0.0,-0.20689655172413793,-0.07523510971786834,-0.39184952978056425,-0.2884012539184953,-0.5109717868338558,-0.44200626959247646,-0.6363636363636364,-0.5297805642633229,-0.25705329153605017,-0.5109717868338558,-0.329153605015674,-0.7429467084639498,-0.3761755485893417,-0.8808777429467085,-0.4200626959247649,-1.0,-0.13793103448275862,-0.5297805642633229,-0.22570532915360503,-0.5830721003134797,-0.219435736677116,-0.3793103448275862,-0.19435736677115986,-0.22884012539184953,-0.0219435736677116,-0.5266457680250783,-0.10031347962382445,-0.5862068965517241,-0.11598746081504702,-0.3981191222570533,-0.12225705329153605,-0.26332288401253917,0.10344827586206896,-0.5203761755485894,0.09090909090909091,-0.7241379310344828,0.06583072100313479,-0.8463949843260188,0.025078369905956112,-0.9529780564263323
6,0.0,0.0,-0.20426829268292682,-0.10365853658536585,-0.36585365853658536,-0.31097560975609756,-0.4817073170731707,-0.4573170731707317,-0.600609756097561,-0.5396341463414634,-0.21951219512195122,-0.5152439024390244,-0.2804878048780488,-0.7408536585365854,-0.3201219512195122,-0.8810975609756098,-0.3567073170731707,-1.0,-0.10975609756097561,-0.5213414634146342,-0.18902439024390244,-0.5762195121951219,-0.19207317073170732,-0.3871951219512195,-0.17682926829268292,-0.24085365853658536,0.0,-0.5121951219512195,-0.07621951219512195,-0.5609756097560976,-0.09451219512195122,-0.38414634146341464,-0.0975609756097561,-0.2530487804878049,0.11280487804878049,-0.5,0.11890243902439024,-0.698170731707317,0.10670731707317073,-0.8170731707317073,0.07926829268292683,-0.9207317073170732
6,0.0,0.0,-0.19195046439628483,-0.08978328173374613,-0.35294117647058826,-0.30030959752321984,-0.4551083591331269,-0.4582043343653251,-0.5572755417956656,-0.5603715170278638,-0.20743034055727555,-0.5170278637770898,-0.2476780185758514,-0.7492260061919505,-0.2724458204334365,-0.8823529411764706,-0.3065015479876161,-1.0,-0.09287925696594428,-0.5232198142414861,-0.1609907120743034,-0.5913312693498453,-0.17027863777089783,-0.39009287925696595,-0.16718266253869968,-0.23219814241486067,0.02476780185758514,-0.5077399380804953,-0.03715170278637771,-0.5851393188854489,-0.07120743034055728,-0.4086687306501548,-0.09287925696594428,-0.2786377708978328,0.14241486068111456,-0.4891640866873065,0.1609907120743034,-0.6811145510835913,0.15479876160990713,-0.8018575851393189,0.13003095975232198,-0.9195046439628483
6,0.0,0.0,-0.19642857142857142,-0.09523809523809523,-0.3630952380952381,-0.30952380952380953,-0.46726190476190477,-0.46726190476190477,-0.5744047619047619,-0.5625,-0.22023809523809523,-0.5029761904761905,-0.25595238095238093,-0.7380952380952381,-0.28273809523809523,-0.8779761904761905,-0.3125,-1.0,-0.10416666666666667,-0.5119047619047619,-0.16071428571428573,-0.5773809523809523,-0.1636904761904762,-0.3869047619047619,-0.15773809523809523,-0.24404761904761904,0.008928571428571428,-0.5,-0.044642857142857144,-0.5714285714285714,-0.06547619047619048,-0.39880952380952384,-0.07738095238095238,-0.27380952380952384,0.12202380952380952,-0.4851190476190476,0.13392857142857142,-0.6785714285714286,0.13392857142857142,-0.7916666666666666,0.11904761904761904,-0.9047619047619048
6,0.0,0.0,-0.19469026548672566,-0.09734513274336283,-0.35398230088495575,-0.31563421828908556,-0.45722713864306785,-0.4690265486725664,-0.5634218289085545,-0.56047197640118,-0.20353982300884957,-0.5162241887905604,-0.2359882005899705,-0.7433628318584071,-0.25958702064896755,-0.8820058997050148,-0.2890855457227139,-1.0,-0.0855457227138643,-0.5221238938053098,-0.1504424778761062,-0.5811209439528023,-0.16224188790560473,-0.39233038348082594,-0.15634218289085547,-0.24188790560471976,0.029498525073746312,-0.5073746312684366,-0.029498525073746312,-0.5722713864306784,-0.061946902654867256,-0.40412979351032446,-0.07964601769911504,-0.2743362831858407,0.1415929203539823,-0.4896755162241888,0.1592920353982301,-0.6784660766961652,0.16224188790560473,-0.7964601769911505,0.15339233038348082,-0.9026548672566371
6,0.0,0.0,-0.19005847953216373,-0.09941520467836257,-0.3538011695906433,-0.30409356725146197,-0.4619883040935672,-0.4590643274853801,-0.5672514619883041,-0.5584795321637427,-0.22514619883040934,-0.5087719298245614,-0.260233918128655,-0.7397660818713451,-0.2777777777777778,-0.8801169590643275,-0.2953216374269006,-1.0,-0.10526315789473684,-0.5146198830409356,-0.1608187134502924,-0.5847953216374269,-0.16666666666666666,-0.3888888888888889,-0.16374269005847952,-0.23684210526315788,0.008771929824561403,-0.5058479532163743,-0.04093567251461988,-0.5877192982456141,-0.06432748538011696,-0.42105263157894735,-0.07894736842105263,-0.29239766081871343,0.12573099415204678,-0.49415204678362573,0.14619883040935672,-0.6812865497076024,0.15204678362573099,-0.7923976608187134,0.14035087719298245,-0.8976608187134503
6,0.0,0.0,-0.19345238095238096,-0.1130952380952381,-0.34523809523809523,-0.33035714285714285,-0.4494047619047619,-0.49107142857142855,-0.5535714285714286,-0.5922619047619048,-0.20238095238095238,-0.5327380952380952,-0.22321428571428573,-0.7529761904761905,-0.23511904761904762,-0.8839285714285714,-0.25595238095238093,-1.0,-0.07738095238095238,-0.5357142857142857,-0.1130952380952381,-0.5952380952380952,-0.12797619047619047,-0.4017857142857143,-0.13988095238095238,-0.25,0.044642857142857144,-0.5178571428571429,0.011904761904761904,-0.5892857142857143,-0.020833333333333332,-0.4255952380952381,-0.050595238095238096,-0.30357142857142855,0.16071428571428573,-0.49107142857142855,0.20535714285714285,-0.6785714285714286,0.23214285714285715,-0.7946428571428571,0.24107142857142858,-0.9047619047619048
6,0.0,0.0,-0.18658892128279883,-0.11661807580174927,-0.34402332361516036,-0.34110787172011664,-0.4489795918367347,-0.5014577259475219,-0.5481049562682215,-0.6034985422740525,-0.20699708454810495,-0.521865889212828,-0.2303206997084548,-0.7434402332361516,-0.239067055393586,-0.880466472303207,-0.2536443148688047,-1.0,-0.08746355685131195,-0.521865889212828,-0.13411078717201166,-0.5860058309037901,-0.14868804664723032,-0.3965014577259475,-0.14868804664723032,-0.2478134110787172,0.029154518950437316,-0.5102040816326531,-0.01749271137026239,-0.5860058309037901,-0.052478134110787174,-0.4227405247813411,-0.07871720116618076,-0.29737609329446063,0.14285714285714285,-0.4956268221574344,0.18075801749271136,-0.6793002915451894,0.20699708454810495,-0.7900874635568513,0.21865889212827988,-0.8979591836734694
6,0.0,0.0,-0.19753086419753085,-0.1111111111111111,-0.3487654320987654,-0.33024691358024694,-0.4506172839506173,-0.49382716049382713,-0.558641975308642,-0.595679012345679,-0.19753086419753085,-0.5370370370370371,-0.20987654320987653,-0.75,-0.21604938271604937,-0.8827160493827161,-0.22839506172839505,-1.0,-0.07407407407407407,-0.5339506172839507,-0.12037037037037036,-0.5925925925925926,-0.1388888888888889,-0.3950617283950617,-0.14814814814814814,-0.24074074074074073,0.046296296296296294,-0.5123456790123457,0.009259259259259259,-0.5740740740740741,-0.027777777777777776,-0.39814814814814814,-0.05864197530864197,-0.27469135802469136,0.16666666666666666,-0.4845679012345679,0.21604938271604937,-0.6728395061728395,0.25308641975308643,-0.7839506172839507,0.2654320987654321,-0.9012345679012346
6,0.0,0.0,-0.17507418397626112,-0.11275964391691394,-0.3264094955489614,-0.3264094955489614,-0.42136498516320475,-0.486646884272997,-0.5103857566765578,-0.599406528189911,-0.18397626112759644,-0.5252225519287834,-0.19584569732937684,-0.744807121661721,-0.20771513353115728,-0.8813056379821959,-0.22255192878338279,-1.0,-0.06231454005934718,-0.5222551928783383,-0.11275964391691394,-0.5875370919881305,-0.13056379821958458,-0.39762611275964393,-0.1394658753709199,-0.24629080118694363,0.05637982195845697,-0.5044510385756676,0.01483679525222552,-0.5845697329376854,-0.026706231454005934,-0.42433234421364985,-0.05637982195845697,-0.29673590504451036,0.17210682492581603,-0.47774480712166173,0.2195845697329377,-0.6646884272997032,0.24629080118694363,-0.7833827893175074,0.2551928783382789,-0.8961424332344213
6,0.0,0.0,-0.17318435754189945,-0.1005586592178771,-0.3268156424581006,-0.31843575418994413,-0.4273743016759777,-0.4776536312849162,-0.5223463687150838,-0.5865921787709497,-0.19553072625698323,-0.5139664804469274,-0.20949720670391062,-0.7346368715083799,-0.2206703910614525,-0.8770949720670391,-0.23743016759776536,-1.0,-0.07541899441340782,-0.5139664804469274,-0.12569832402234637,-0.5670391061452514,-0.1452513966480447,-0.3743016759776536,-0.15083798882681565,-0.22905027932960895,0.04189944134078212,-0.4972067039106145,-0.002793296089385475,-0.5614525139664804,-0.04189944134078212,-0.39664804469273746,-0.07262569832402235,-0.2737430167597765,0.15921787709497207,-0.4720670391061452,0.19832402234636873,-0.664804469273743,0.22346368715083798,-0.7793296089385475,0.23184357541899442,-0.8910614525139665
6,0.0,0.0,-0.19420289855072465,-0.09565217391304348,-0.34782608695652173,-0.3217391304347826,-0.463768115942029,-0.48695652173913045,-0.5826086956521739,-0.5739130434782609,-0.2144927536231884,-0.527536231884058,-0.2463768115942029,-0.7478260869565218,-0.263768115942029,-0.881159420289855,-0.2811594202898551,-1.0,-0.09565217391304348,-0.5420289855072464,-0.1565217391304348,-0.5826086956521739,-0.16521739130434782,-0.3884057971014493,-0.1536231884057971,-0.24057971014492754,0.02318840579710145,-0.5304347826086957,-0.02608695652173913,-0.5884057971014492,-0.06666666666666667,-0.41739130434782606,-0.08985507246376812,-0.28695652173913044,0.14202898550724638,-0.5130434782608696,0.17681159420289855,-0.6985507246376812,0.18840579710144928,-0.8115942028985508,0.1826086956521739,-0.9246376811594202
6,0.0,0.0,-0.2023121387283237,-0.10404624277456648,-0.3554913294797688,-0.3208092485549133,-0.4682080924855491,-0.476878612716763,-0.5722543352601156,-0.5780346820809249,-0.21965317919075145,-0.523121387283237,-0.25722543352601157,-0.7427745664739884,-0.28034682080924855,-0.8815028901734104,-0.3063583815028902,-1.0,-0.10404624277456648,-0.5289017341040463,-0.1676300578034682,-0.5780346820809249,-0.18208092485549132,-0.3988439306358382,-0.17341040462427745,-0.2543352601156069,0.011560693641618497,-0.5202312138728323,-0.049132947976878616,-0.5867052023121387,-0.0838150289017341,-0.42196531791907516,-0.10115606936416185,-0.2947976878612717,0.12427745664739884,-0.5086705202312138,0.15606936416184972,-0.6994219653179191,0.1676300578034682,-0.8179190751445087,0.1676300578034682,-0.9277456647398844
6,0.0,0.0,-0.20175438596491227,-0.09064327485380116,-0.3684210526315789,-0.30116959064327486,-0.4824561403508772,-0.45614035087719296,-0.5964912280701754,-0.543859649122807,-0.24269005847953215,-0.5029239766081871,-0.2894736842105263,-0.7368421052631579,-0.3157894736842105,-0.8742690058479532,-0.34502923976608185,-1.0,-0.12573099415204678,-0.5175438596491229,-0.195906432748538,-0.5730994152046783,-0.20175438596491227,-0.3713450292397661,-0.195906432748538,-0.2222222222222222,-0.008771929824561403,-0.5058479532163743,-0.06725146198830409,-0.5760233918128655,-0.0935672514619883,-0.39473684210526316,-0.10818713450292397,-0.260233918128655,0.1111111111111111,-0.49415204678362573,0.13157894736842105,-0.6929824561403509,0.12280701754385964,-0.8128654970760234,0.09064327485380116,-0.9269005847953217
6,0.0,0.0,-0.2,-0.08115942028985507,-0.3855072463768116,-0.2782608695652174,-0.5101449275362319,-0.4318840579710145,-0.6231884057971014,-0.5391304347826087,-0.26666666666666666,-0.5043478260869565,-0.3188405797101449,-0.7333333333333333,-0.3536231884057971,-0.8753623188405797,-0.3884057971014493,-1.0,-0.14782608695652175,-0.5217391304347826,-0.22028985507246376,-0.5797101449275363,-0.22608695652173913,-0.3826086956521739,-0.21159420289855072,-0.2289855072463768,-0.034782608695652174,-0.5217391304347826,-0.09565217391304348,-0.5971014492753624,-0.11594202898550725,-0.42318840579710143,-0.12173913043478261,-0.2898550724637681,0.08695652173913043,-0.518840579710145,0.08405797101449275,-0.7188405797101449,0.06666666666666667,-0.8405797101449275,0.034782608695652174,-0.9449275362318841
6,0.0,0.0,-0.2005813953488372,-0.0755813953488372,-0.3633720930232558,-0.25872093023255816,-0.4738372093023256,-0.4069767441860465,-0.5872093023255814,-0.5087209302325582,-0.2558139534883721,-0.502906976744186,-0.313953488372093,-0.7296511627906976,-0.3546511627906977,-0.872093023255814,-0.3953488372093023,-1.0,-0.14825581395348839,-0.5203488372093024,-0.23255813953488372,-0.5784883720930233,-0.23837209302325582,-0.37790697674418605,-0.22674418604651161,-0.23255813953488372,-0.0377906976744186,-0.5232558139534884,-0.11337209302325581,-0.5988372093023255,-0.13372093023255813,-0.42151162790697677,-0.13662790697674418,-0.29069767441860467,0.07848837209302326,-0.5232558139534884,0.0872093023255814,-0.7325581395348837,0.06395348837209303,-0.8517441860465116,0.023255813953488372,-0.9593023255813954
6,0.0,0.0,-0.19825072886297376,-0.08454810495626822,-0.3819241982507289,-0.27988338192419826,-0.5072886297376094,-0.4227405247813411,-0.6209912536443148,-0.5160349854227405,-0.26239067055393583,-0.5072886297376094,-0.32653061224489793,-0.7346938775510204,-0.37026239067055394,-0.8775510204081632,-0.41690962099125367,-1.0,-0.14868804664723032,-0.5189504373177842,-0.23323615160349853,-0.5714285714285714,-0.22740524781341107,-0.37317784256559766,-0.20408163265306123,-0.22448979591836735,-0.03498542274052478,-0.521865889212828,-0.11078717201166181,-0.5918367346938775,-0.12536443148688048,-0.4139941690962099,-0.12536443148688048,-0.27696793002915454,0.08454810495626822,-0.521865889212828,0.08163265306122448,-0.7346938775510204,0.05539358600583091,-0.8542274052478134,0.01749271137026239,-0.9591836734693877
6,0.0,0.0,-0.21212121212121213,-0.08787878787878788,-0.38181818181818183,-0.2818181818181818,-0.503030303030303,-0.42727272727272725,-0.6272727272727273,-0.5151515151515151,-0.2636363636363636,-0.5121212121212121,-0.32727272727272727,-0.7424242424242424,-0.3696969696969697,-0.8787878787878788,-0.41818181818181815,-1.0,-0.15454545454545454,-0.5303030303030303,-0.24545454545454545,-0.5757575757575758,-0.23939393939393938,-0.37272727272727274,-0.21818181818181817,-0.22424242424242424,-0.04242424242424243,-0.5272727272727272,-0.12727272727272726,-0.593939393939394,-0.1393939393939394,-0.41515151515151516,-0.1393939393939394,-0.2818181818181818,0.07272727272727272,-0.5212121212121212,0.0696969696969697,-0.7303030303030303,0.048484848484848485,-0.8515151515151516,0.00909090909090909,-0.9636363636363636
6,0.0,0.0,-0.21148036253776434,-0.04833836858006042,-0.40181268882175225,-0.2175226586102719,-0.5317220543806647,-0.3595166163141994,-0.6616314199395771,-0.4501510574018127,-0.2930513595166163,-0.48942598187311176,-0.3685800604229607,-0.7250755287009063,-0.4229607250755287,-0.8700906344410876,-0.4743202416918429,-0.9939577039274925,-0.18429003021148035,-0.5166163141993958,-0.27492447129909364,-0.5649546827794562,-0.256797583081571,-0.3595166163141994,-0.2175226586102719,-0.21148036253776434,-0.06646525679758308,-0.5287009063444109,-0.1510574018126888,-0.5981873111782477,-0.15709969788519637,-0.4108761329305136,-0.1419939577039275,-0.27492447129909364,0.05740181268882175,-0.5347432024169184,0.04833836858006042,-0.7552870090634441,0.012084592145015106,-0.8851963746223565,-0.03927492447129909,-1.0
6,0.0,0.0,-0.20795107033639143,-0.06422018348623854,-0.39143730886850153,-0.23547400611620795,-0.5168195718654435,-0.3853211009174312,-0.6391437308868502,-0.48623853211009177,-0.28440366972477066,-0.4954128440366973,-0.3577981651376147,-0.7155963302752294,-0.41284403669724773,-0.8532110091743119,-0.46788990825688076,-0.9724770642201835,-0.1743119266055046,-0.5229357798165137,-0.2782874617737003,-0.581039755351682,-0.2691131498470948,-0.3853211009174312,-0.23547400611620795,-0.23547400611620795,-0.06422018348623854,-0.5321100917431193,-0.15902140672782875,-0.5963302752293578,-0.1712538226299694,-0.41896024464831805,-0.1559633027522936,-0.28134556574923547,0.0581039755351682,-0.5351681957186545,0.045871559633027525,-0.7584097859327217,0.009174311926605505,-0.8899082568807339,-0.04281345565749235,-1.0
6,0.0,0.0,-0.18309859154929578,-0.07605633802816901,-0.3464788732394366,-0.2704225352112676,-0.4619718309859155,-0.4225352112676056,-0.5802816901408451,-0.5126760563380282,-0.24225352112676057,-0.476056338028169,-0.29577464788732394,-0.7126760563380282,-0.3464788732394366,-0.8704225352112676,-0.4,-1.0,-0.1352112676056338,-0.49859154929577465,-0.21690140845070421,-0.5690140845070423,-0.21971830985915494,-0.38028169014084506,-0.2,-0.24225352112676057,-0.022535211267605635,-0.5014084507042254,-0.10704225352112676,-0.5774647887323944,-0.12112676056338029,-0.4084507042253521,-0.11267605633802817,-0.28450704225352114,0.09295774647887324,-0.49859154929577465,0.08732394366197183,-0.7098591549295775,0.059154929577464786,-0.8253521126760563,0.02535211267605634,-0.923943661971831
6,0.0,0.0,-0.18356164383561643,-0.07945205479452055,-0.336986301369863,-0.28493150684931506,-0.4465753424657534,-0.4410958904109589,-0.5589041095890411,-0.5424657534246575,-0.2136986301369863,-0.4821917808219178,-0.25205479452054796,-0.7232876712328767,-0.27671232876712326,-0.8712328767123287,-0.30684931506849317,-1.0,-0.1095890410958904,-0.4931506849315068,-0.1780821917808219,-0.5589041095890411,-0.19452054794520549,-0.36712328767123287,-0.1863013698630137,-0.2191780821917808,0.0027397260273972603,-0.4904109589041096,-0.057534246575342465,-0.5671232876712329,-0.08767123287671233,-0.3972602739726027,-0.10136986301369863,-0.2684931506849315,0.1232876712328767,-0.4821917808219178,0.136986301369863,-0.684931506849315,0.12602739726027398,-0.810958904109589,0.09863013698630137,-0.9232876712328767
6,0.0,0.0,-0.19023136246786632,-0.061696658097686374,-0.37275064267352187,-0.2622107969151671,-0.4910025706940874,-0.4138817480719794,-0.6015424164524421,-0.5115681233933161,-0.2596401028277635,-0.4781491002570694,-0.2930591259640103,-0.7146529562982005,-0.31362467866323906,-0.8663239074550129,-0.3341902313624679,-1.0,-0.14138817480719795,-0.493573264781491,-0.2133676092544987,-0.5475578406169666,-0.2133676092544987,-0.33676092544987146,-0.1953727506426735,-0.19023136246786632,-0.017994858611825194,-0.4884318766066838,-0.07455012853470437,-0.5526992287917738,-0.10025706940874037,-0.37789203084832906,-0.11311053984575835,-0.2493573264781491,0.10539845758354756,-0.480719794344473,0.11311053984575835,-0.6889460154241646,0.09768637532133675,-0.8123393316195373,0.06940874035989718,-0.922879177377892
6,0.0,0.0,-0.20822622107969152,-0.06426735218508997,-0.42159383033419023,-0.2519280205655527,-0.5681233933161953,-0.38817480719794345,-0.6966580976863753,-0.4781491002570694,-0.3213367609254499,-0.48586118251928023,-0.38046272493573263,-0.7223650385604113,-0.4138817480719794,-0.8688946015424165,-0.4473007712082262,-1.0,-0.20308483290488433,-0.5089974293059126,-0.2544987146529563,-0.5449871465295629,-0.2390745501285347,-0.34190231362467866,-0.2210796915167095,-0.18766066838046272,-0.07969151670951156,-0.5115681233933161,-0.12339331619537275,-0.5681233933161953,-0.13110539845758354,-0.390745501285347,-0.13624678663239073,-0.2544987146529563,0.04884318766066838,-0.506426735218509,0.05141388174807198,-0.7095115681233933,0.038560411311053984,-0.8329048843187661,0.010282776349614395,-0.9434447300771208
6,0.0,0.0,-0.2262210796915167,-0.056555269922879174,-0.44473007712082263,-0.2467866323907455,-0.5989717223650386,-0.38817480719794345,-0.7300771208226221,-0.4730077120822622,-0.3393316195372751,-0.4730077120822622,-0.4138817480719794,-0.7249357326478149,-0.455012853470437,-0.87146529562982,-0.506426735218509,-1.0,-0.2210796915167095,-0.493573264781491,-0.2647814910025707,-0.5501285347043702,-0.23393316195372751,-0.35218508997429304,-0.21079691516709512,-0.20308483290488433,-0.10282776349614396,-0.5038560411311054,-0.13881748071979436,-0.5861182519280206,-0.13881748071979436,-0.40102827763496146,-0.14395886889460155,-0.2622107969151671,0.017994858611825194,-0.5115681233933161,0.017994858611825194,-0.7069408740359897,0.007712082262210797,-0.8354755784061697,-0.012853470437017995,-0.9562982005141388
6,0.0,0.0,-0.21963824289405684,-0.059431524547803614,-0.4392764857881137,-0.2454780361757106,-0.599483204134367,-0.38242894056847543,-0.7390180878552972,-0.4625322997416021,-0.35917312661498707,-0.4728682170542636,-0.4263565891472868,-0.7235142118863049,-0.46511627906976744,-0.8708010335917312,-0.5090439276485789,-1.0,-0.23772609819121446,-0.49870801033591733,-0.2739018087855297,-0.5503875968992248,-0.24289405684754523,-0.3488372093023256,-0.2248062015503876,-0.19896640826873385,-0.12144702842377261,-0.5116279069767442,-0.14987080103359174,-0.58656330749354,-0.14728682170542637,-0.4082687338501292,-0.16020671834625322,-0.2739018087855297,-0.002583979328165375,-0.5167958656330749,-0.007751937984496124,-0.710594315245478,-0.015503875968992248,-0.8320413436692506,-0.041343669250646,-0.9509043927648578
6,0.0,0.0,-0.22606382978723405,-0.05585106382978723,-0.43351063829787234,-0.23138297872340424,-0.5877659574468085,-0.3723404255319149,-0.7207446808510638,-0.47074468085106386,-0.3617021276595745,-0.46808510638297873,-0.43351063829787234,-0.7207446808510638,-0.47606382978723405,-0.8696808510638298,-0.5212765957446809,-1.0,-0.24202127659574468,-0.4946808510638298,-0.2712765957446808,-0.5611702127659575,-0.2473404255319149,-0.3670212765957447,-0.22872340425531915,-0.2154255319148936,-0.125,-0.5079787234042553,-0.15159574468085107,-0.598404255319149,-0.14627659574468085,-0.4175531914893617,-0.14893617021276595,-0.27925531914893614,-0.005319148936170213,-0.5159574468085106,-0.007978723404255319,-0.7154255319148937,-0.018617021276595744,-0.8404255319148937,-0.04521276595744681,-0.9574468085106383
6,0.0,0.0,-0.21657754010695188,-0.06684491978609626,-0.41711229946524064,-0.24866310160427807,-0.5668449197860963,-0.393048128342246,-0.7005347593582888,-0.4786096256684492,-0.34759358288770054,-0.48128342245989303,-0.4197860962566845,-0.7219251336898396,-0.4572192513368984,-0.8689839572192514,-0.5,-1.0,-0.22994652406417113,-0.5080213903743316,-0.26737967914438504,-0.5641711229946524,-0.23796791443850268,-0.3716577540106952,-0.21657754010695188,-0.22459893048128343,-0.11229946524064172,-0.5187165775401069,-0.15508021390374332,-0.6016042780748663,-0.14705882352941177,-0.42245989304812837,-0.14171122994652408,-0.28609625668449196,0.00267379679144385,-0.5267379679144385,-0.0053475935828877,-0.7219251336898396,-0.0213903743315508,-0.8422459893048129,-0.05614973262032086,-0.9625668449197861
6,0.0,0.0,-0.23480662983425415,-0.055248618784530384,-0.4613259668508287,-0.23756906077348067,-0.6270718232044199,-0.3812154696132597,-0.7707182320441989,-0.46685082872928174,-0.3784530386740331,-0.494475138121547,-0.4613259668508287,-0.7348066298342542,-0.5138121546961326,-0.8756906077348067,-0.5607734806629834,-1.0,-0.2541436464088398,-0.5220994475138122,-0.30386740331491713,-0.574585635359116,-0.27348066298342544,-0.3701657458563536,-0.2430939226519337,-0.20994475138121546,-0.1298342541436464,-0.5303867403314917,-0.17955801104972377,-0.6022099447513812,-0.1685082872928177,-0.4171270718232044,-0.16574585635359115,-0.27900552486187846,-0.0027624309392265192,-0.5359116022099447,-0.022099447513812154,-0.7375690607734806,-0.04419889502762431,-0.8646408839779005,-0.08287292817679558,-0.9861878453038674
6,0.0,0.0,-0.24649859943977592,-0.06162464985994398,-0.46218487394957986,-0.24649859943977592,-0.6134453781512605,-0.39215686274509803,-0.7535014005602241,-0.48179271708683474,-0.36694677871148457,-0.48179271708683474,-0.4369747899159664,-0.7310924369747899,-0.47619047619047616,-0.8739495798319328,-0.5210084033613446,-1.0,-0.24089635854341737,-0.5070028011204482,-0.28291316526610644,-0.5630252100840336,-0.24649859943977592,-0.3557422969187675,-0.2184873949579832,-0.19607843137254902,-0.11484593837535013,-0.5182072829131653,-0.15406162464985995,-0.5966386554621849,-0.1400560224089636,-0.40896358543417366,-0.13725490196078433,-0.2661064425770308,0.008403361344537815,-0.5266106442577031,-0.0028011204481792717,-0.7310924369747899,-0.0196078431372549,-0.8543417366946778,-0.056022408963585436,-0.9663865546218487
6,0.0,0.0,-0.21842105263157896,-0.05263157894736842,-0.4473684210526316,-0.24736842105263157,-0.6026315789473684,-0.3973684210526316,-0.7368421052631579,-0.47368421052631576,-0.3447368421052632,-0.48157894736842105,-0.41578947368421054,-0.7236842105263158,-0.45526315789473687,-0.8710526315789474,-0.5026315789473684,-1.0,-0.21842105263157896,-0.5157894736842106,-0.2710526315789474,-0.5447368421052632,-0.24736842105263157,-0.33157894736842103,-0.22894736842105262,-0.1736842105263158,-0.09210526315789473,-0.5236842105263158,-0.1394736842105263,-0.5684210526315789,-0.14210526315789473,-0.37894736842105264,-0.15263157894736842,-0.24210526315789474,0.03684210526315789,-0.5263157894736842,0.018421052631578946,-0.7315789473684211,-0.002631578947368421,-0.8552631578947368,-0.042105263157894736,-0.9710526315789474
6,0.0,0.0,-0.2198952879581152,-0.05759162303664921,-0.4293193717277487,-0.2513089005235602,-0.581151832460733,-0.4005235602094241,-0.7172774869109948,-0.4869109947643979,-0.35602094240837695,-0.4895287958115183,-0.4293193717277487,-0.725130890052356,-0.4738219895287958,-0.8743455497382199,-0.518324607329843,-1.0,-0.2356020942408377,-0.5235602094240838,-0.2931937172774869,-0.5497382198952879,-0.27225130890052357,-0.3586387434554974,-0.24345549738219896,-0.21727748691099477,-0.11780104712041885,-0.5340314136125655,-0.17277486910994763,-0.5890052356020943,-0.17801047120418848,-0.4109947643979058,-0.17539267015706805,-0.2801047120418848,0.0,-0.5418848167539267,-0.015706806282722512,-0.7382198952879581,-0.031413612565445025,-0.856020942408377,-0.060209424083769635,-0.9633507853403142
6,0.0,0.0,-0.2346368715083799,-0.05027932960893855,-0.4581005586592179,-0.23743016759776536,-0.6256983240223464,-0.37988826815642457,-0.7821229050279329,-0.4441340782122905,-0.37988826815642457,-0.48324022346368717,-0.4720670391061452,-0.729050279329609,-0.5251396648044693,-0.8715083798882681,-0.5782122905027933,-1.0,-0.26256983240223464,-0.5251396648044693,-0.3268156424581006,-0.5586592178770949,-0.2905027932960894,-0.35195530726256985,-0.25977653631284914,-0.19832402234636873,-0.13687150837988826,-0.5418994413407822,-0.2011173184357542,-0.5977653631284916,-0.1871508379888268,-0.4106145251396648,-0.1787709497206704,-0.2737430167597765,-0.0111731843575419,-0.553072625698324,-0.0446927374301676,-0.7458100558659218,-0.06983240223463687,-0.8575418994413407,-0.10893854748603352,-0.9608938547486033
6,0.0,0.0,-0.23714285714285716,-0.06,-0.45714285714285713,-0.2542857142857143,-0.62,-0.4,-0.7714285714285715,-0.47714285714285715,-0.37142857142857144,-0.49142857142857144,-0.45714285714285713,-0.7342857142857143,-0.5142857142857142,-0.8742857142857143,-0.5742857142857143,-1.0,-0.25142857142857145,-0.5285714285714286,-0.3314285714285714,-0.5771428571428572,-0.3,-0.36857142857142855,-0.26857142857142857,-0.21428571428571427,-0.12857142857142856,-0.5485714285714286,-0.2057142857142857,-0.62,-0.19428571428571428,-0.4257142857142857,-0.18857142857142858,-0.28285714285714286,-0.002857142857142857,-0.5628571428571428,-0.03142857142857143,-0.7714285714285715,-0.06,-0.8914285714285715,-0.10571428571428572,-1.0
6,0.0,0.0,-0.21823204419889503,-0.06629834254143646,-0.430939226519337,-0.24861878453038674,-0.585635359116022,-0.38950276243093923,-0.7320441988950276,-0.46685082872928174,-0.35359116022099446,-0.5027624309392266,-0.42265193370165743,-0.7375690607734806,-0.48066298342541436,-0.8812154696132597,-0.5386740331491713,-1.0,-0.2265193370165746,-0.5386740331491713,-0.292817679558011,-0.5718232044198895,-0.26795580110497236,-0.3674033149171271,-0.24033149171270718,-0.2154696132596685,-0.10220994475138122,-0.5497237569060773,-0.16574585635359115,-0.6077348066298343,-0.1574585635359116,-0.4198895027624309,-0.15469613259668508,-0.281767955801105,0.024861878453038673,-0.5552486187845304,-0.0055248618784530384,-0.7624309392265194,-0.03314917127071823,-0.8839779005524862,-0.07734806629834254,-0.994475138121547
6,0.0,0.0,-0.22284122562674094,-0.05013927576601671,-0.4428969359331476,-0.22562674094707522,-0.6016713091922006,-0.37047353760445684,-0.7520891364902507,-0.4568245125348189,-0.36768802228412256,-0.4818941504178273,-0.46518105849582175,-0.7214484679665738,-0.5264623955431755,-0.871866295264624,-0.584958217270195,-1.0,-0.2479108635097493,-0.5181058495821727,-0.34540389972144847,-0.5598885793871866,-0.31754874651810583,-0.3593314763231198,-0.2757660167130919,-0.20891364902506965,-0.12813370473537605,-0.5348189415041783,-0.22284122562674094,-0.5988857938718662,-0.2116991643454039,-0.4206128133704735,-0.19220055710306408,-0.2841225626740947,0.0,-0.5487465181058496,-0.03064066852367688,-0.7632311977715878,-0.06963788300835655,-0.883008356545961,-0.12256267409470752,-0.9860724233983287
6,0.0,0.0,-0.2184873949579832,-0.05042016806722689,-0.43977591036414565,-0.2184873949579832,-0.6022408963585434,-0.35014005602240894,-0.7450980392156863,-0.4425770308123249,-0.3585434173669468,-0.49299719887955185,-0.4565826330532213,-0.7170868347338936,-0.5210084033613446,-0.8571428571428571,-0.5770308123249299,-0.9775910364145658,-0.24089635854341737,-0.5266106442577031,-0.3473389355742297,-0.5630252100840336,-0.3165266106442577,-0.3641456582633053,-0.26330532212885155,-0.2184873949579832,-0.12605042016806722,-0.5462184873949579,-0.23249299719887956,-0.5994397759103641,-0.22969187675070027,-0.42016806722689076,-0.21008403361344538,-0.28851540616246496,-0.0056022408963585435,-0.5658263305322129,-0.036414565826330535,-0.7815126050420168,-0.0784313725490196,-0.9019607843137255,-0.13445378151260504,-1.0
6,0.0,0.0,-0.2175141242937853,-0.04519774011299435,-0.4435028248587571,-0.2175141242937853,-0.6016949152542372,-0.3531073446327684,-0.7457627118644068,-0.4463276836158192,-0.3502824858757062,-0.4943502824858757,-0.4576271186440678,-0.7203389830508474,-0.5338983050847458,-0.8587570621468926,-0.5988700564971752,-0.9774011299435028,-0.2401129943502825,-0.5282485875706214,-0.3615819209039548,-0.556497175141243,-0.327683615819209,-0.3502824858757062,-0.268361581920904,-0.20056497175141244,-0.1271186440677966,-0.5423728813559322,-0.2457627118644068,-0.5847457627118644,-0.23728813559322035,-0.3954802259887006,-0.20903954802259886,-0.2570621468926554,-0.005649717514124294,-0.556497175141243,-0.0480225988700565,-0.7740112994350282,-0.09322033898305085,-0.8954802259887006,-0.14689265536723164,-1.0
6,0.0,0.0,-0.22253521126760564,-0.04225352112676056,-0.4535211267605634,-0.21690140845070421,-0.6,-0.35774647887323946,-0.7380281690140845,-0.4507042253521127,-0.3408450704225352,-0.5154929577464789,-0.43380281690140843,-0.7352112676056338,-0.5098591549295775,-0.8676056338028169,-0.5774647887323944,-0.9802816901408451,-0.22253521126760564,-0.5492957746478874,-0.3436619718309859,-0.5774647887323944,-0.30704225352112674,-0.36619718309859156,-0.24225352112676057,-0.2112676056338028,-0.10704225352112676,-0.5605633802816902,-0.22253521126760564,-0.6,-0.2140845070422535,-0.4056338028169014,-0.17746478873239438,-0.2676056338028169,0.016901408450704224,-0.571830985915493,-0.028169014084507043,-0.7943661971830986,-0.08169014084507042,-0.9070422535211268,-0.13802816901408452,-1.0
6,0.0,0.0,-0.23512747875354106,-0.042492917847025496,-0.46458923512747874,-0.21813031161473087,-0.6147308781869688,-0.35410764872521244,-0.7507082152974505,-0.44192634560906513,-0.3626062322946176,-0.5127478753541076,-0.45325779036827196,-0.7252124645892352,-0.5212464589235127,-0.8498583569405099,-0.5779036827195467,-0.9546742209631728,-0.24362606232294617,-0.546742209631728,-0.33994334277620397,-0.5835694050991501,-0.3087818696883853,-0.38243626062322944,-0.254957507082153,-0.23229461756373937,-0.12464589235127478,-0.5609065155807366,-0.2237960339943343,-0.603399433427762,-0.2096317280453258,-0.4164305949008499,-0.17847025495750707,-0.28328611898017,0.0056657223796034,-0.5722379603399433,-0.0453257790368272,-0.7875354107648725,-0.09915014164305949,-0.9065155807365439,-0.1529745042492918,-1.0
6,0.0,0.0,-0.2175141242937853,-0.05084745762711865,-0.4293785310734463,-0.2288135593220339,-0.5903954802259888,-0.3728813559322034,-0.7429378531073446,-0.4548022598870056,-0.3531073446327684,-0.4887005649717514,-0.4435028248587571,-0.7288135593220338,-0.5112994350282486,-0.8757062146892656,-0.5706214689265536,-1.0,-0.24293785310734464,-0.5225988700564972,-0.3418079096045198,-0.5734463276836158,-0.3135593220338983,-0.3644067796610169,-0.2711864406779661,-0.20903954802259886,-0.1271186440677966,-0.5423728813559322,-0.22598870056497175,-0.6101694915254238,-0.22033898305084745,-0.4265536723163842,-0.20056497175141244,-0.288135593220339,-0.002824858757062147,-0.559322033898305,-0.04519774011299435,-0.7627118644067796,-0.0903954802259887,-0.8757062146892656,-0.14689265536723164,-0.9774011299435028
6,0.0,0.0,-0.2222222222222222,-0.06111111111111111,-0.4305555555555556,-0.2611111111111111,-0.5833333333333334,-0.41388888888888886,-0.725,-0.49444444444444446,-0.3472222222222222,-0.4861111111111111,-0.41944444444444445,-0.725,-0.48055555555555557,-0.875,-0.5388888888888889,-1.0,-0.23333333333333334,-0.5277777777777778,-0.3194444444444444,-0.5694444444444444,-0.28888888888888886,-0.37777777777777777,-0.24722222222222223,-0.2388888888888889,-0.11388888888888889,-0.55,-0.2,-0.6111111111111112,-0.19444444444444445,-0.425,-0.18055555555555555,-0.28888888888888886,0.008333333333333333,-0.5694444444444444,-0.025,-0.775,-0.05555555555555555,-0.8861111111111111,-0.10277777777777777,-0.9861111111111112
6,0.0,0.0,-0.2288135593220339,-0.062146892655367235,-0.4350282485875706,-0.2598870056497175,-0.5903954802259888,-0.4152542372881356,-0.7401129943502824,-0.4971751412429379,-0.3474576271186441,-0.4887005649717514,-0.4265536723163842,-0.731638418079096,-0.480225988700565,-0.8757062146892656,-0.536723163841808,-1.0,-0.2288135593220339,-0.5225988700564972,-0.3022598870056497,-0.5734463276836158,-0.2711864406779661,-0.3757062146892655,-0.2401129943502825,-0.2231638418079096,-0.11016949152542373,-0.5423728813559322,-0.1807909604519774,-0.6101694915254238,-0.17231638418079095,-0.4265536723163842,-0.16101694915254236,-0.288135593220339,0.014124293785310734,-0.5621468926553672,-0.011299435028248588,-0.768361581920904,-0.03672316384180791,-0.8898305084745762,-0.07627118644067797,-0.9943502824858758
6,0.0,0.0,-0.18983957219251338,-0.06149732620320856,-0.36363636363636365,-0.232620320855615,-0.48663101604278075,-0.3663101604278075,-0.5962566844919787,-0.45187165775401067,-0.30213903743315507,-0.48663101604278075,-0.36363636363636365,-0.7165775401069518,-0.4037433155080214,-0.8689839572192514,-0.446524064171123,-1.0,-0.18983957219251338,-0.5106951871657754,-0.24866310160427807,-0.5641711229946524,-0.24064171122994651,-0.3850267379679144,-0.22994652406417113,-0.24331550802139038,-0.0748663101604278,-0.5240641711229946,-0.13636363636363635,-0.5802139037433155,-0.14705882352941177,-0.4090909090909091,-0.15508021390374332,-0.28342245989304815,0.040106951871657755,-0.5347593582887701,0.0213903743315508,-0.7272727272727273,0.0106951871657754,-0.8342245989304813,-0.016042780748663103,-0.9331550802139037
6,0.0,0.0,-0.19293478260869565,-0.08695652173913043,-0.3641304347826087,-0.29347826086956524,-0.48641304347826086,-0.4483695652173913,-0.6032608695652174,-0.5543478260869565,-0.24728260869565216,-0.5054347826086957,-0.2907608695652174,-0.7391304347826086,-0.3125,-0.8777173913043478,-0.33967391304347827,-1.0,-0.12771739130434784,-0.5190217391304348,-0.1875,-0.5679347826086957,-0.19021739130434784,-0.3641304347826087,-0.1875,-0.20652173913043478,-0.010869565217391304,-0.5135869565217391,-0.06793478260869565,-0.5815217391304348,-0.08967391304347826,-0.39945652173913043,-0.10869565217391304,-0.26358695652173914,0.10597826086956522,-0.5054347826086957,0.11413043478260869,-0.6956521739130435,0.11141304347826086,-0.8125,0.08695652173913043,-0.9184782608695652
6,0.0,0.0,-0.1909814323607427,-0.09018567639257294,-0.35278514588859416,-0.3103448275862069,-0.46153846153846156,-0.47214854111405835,-0.5702917771883289,-0.5755968169761273,-0.22015915119363394,-0.506631299734748,-0.2572944297082228,-0.7400530503978779,-0.27320954907161804,-0.8779840848806366,-0.29708222811671087,-1.0,-0.10875331564986737,-0.5145888594164456,-0.16976127320954906,-0.5755968169761273,-0.17771883289124668,-0.38992042440318303,-0.1724137931034483,-0.246684350132626,0.005305039787798408,-0.506631299734748,-0.04509283819628647,-0.5729442970822282,-0.07161803713527852,-0.40318302387267907,-0.08753315649867374,-0.27586206896551724,0.1220159151193634,-0.4907161803713528,0.14058355437665782,-0.6790450928381963,0.13262599469496023,-0.7957559681697612,0.10875331564986737,-0.9045092838196287
6,0.0,0.0,-0.1834625322997416,-0.10335917312661498,-0.3333333333333333,-0.3152454780361757,-0.4392764857881137,-0.4780361757105943,-0.5452196382428941,-0.5839793281653747,-0.19638242894056848,-0.5012919896640827,-0.21188630490956073,-0.7338501291989664,-0.2144702842377261,-0.8733850129198967,-0.2248062015503876,-1.0,-0.08785529715762273,-0.5038759689922481,-0.13695090439276486,-0.5607235142118863,-0.15503875968992248,-0.37467700258397935,-0.16279069767441862,-0.23255813953488372,0.025839793281653745,-0.4883720930232558,-0.01808785529715762,-0.5529715762273901,-0.05167958656330749,-0.39018087855297157,-0.08010335917312661,-0.268733850129199,0.13953488372093023,-0.46770025839793283,0.165374677002584,-0.648578811369509,0.17054263565891473,-0.7622739018087855,0.15762273901808785,-0.8708010335917312
6,0.0,0.0,-0.18622448979591838,-0.10459183673469388,-0.33418367346938777,-0.34183673469387754,-0.4387755102040816,-0.5076530612244898,-0.548469387755102,-0.6020408163265306,-0.1836734693877551,-0.5153061224489796,-0.19387755102040816,-0.7474489795918368,-0.1989795918367347,-0.8826530612244898,-0.20918367346938777,-1.0,-0.07397959183673469,-0.5153061224489796,-0.13010204081632654,-0.5637755102040817,-0.15306122448979592,-0.3826530612244898,-0.15816326530612246,-0.2423469387755102,0.03826530612244898,-0.4923469387755102,-0.012755102040816327,-0.5459183673469388,-0.05357142857142857,-0.3826530612244898,-0.08163265306122448,-0.2602040816326531,0.14795918367346939,-0.46683673469387754,0.1760204081632653,-0.6505102040816326,0.18112244897959184,-0.7653061224489796,0.17346938775510204,-0.8724489795918368
6,0.0,0.0,-0.17783505154639176,-0.11855670103092783,-0.31443298969072164,-0.34536082474226804,-0.41237113402061853,-0.5128865979381443,-0.5103092783505154,-0.6262886597938144,-0.16752577319587628,-0.5257731958762887,-0.17268041237113402,-0.75,-0.17783505154639176,-0.884020618556701,-0.18556701030927836,-1.0,-0.05670103092783505,-0.5231958762886598,-0.11082474226804123,-0.5721649484536082,-0.13659793814432988,-0.39948453608247425,-0.14690721649484537,-0.2603092783505155,0.04896907216494845,-0.5,-0.002577319587628866,-0.5541237113402062,-0.041237113402061855,-0.4020618556701031,-0.06958762886597938,-0.2860824742268041,0.15206185567010308,-0.4742268041237113,0.17783505154639176,-0.654639175257732,0.18556701030927836,-0.7680412371134021,0.17783505154639176,-0.8685567010309279
6,0.0,0.0,-0.17571059431524547,-0.12403100775193798,-0.3023255813953488,-0.3488372093023256,-0.3875968992248062,-0.5142118863049095,-0.4728682170542636,-0.627906976744186,-0.13695090439276486,-0.5271317829457365,-0.13178294573643412,-0.7493540051679587,-0.12403100775193798,-0.8811369509043928,-0.11886304909560723,-1.0,-0.025839793281653745,-0.5142118863049095,-0.06459948320413436,-0.5555555555555556,-0.10077519379844961,-0.3772609819121447,-0.12919896640826872,-0.2454780361757106,0.08527131782945736,-0.48578811369509045,0.03617571059431524,-0.5400516795865633,-0.012919896640826873,-0.37209302325581395,-0.05426356589147287,-0.25064599483204136,0.1937984496124031,-0.4496124031007752,0.22739018087855298,-0.6253229974160207,0.25064599483204136,-0.7260981912144703,0.2558139534883721,-0.8294573643410853
6,0.0,0.0,-0.18324607329842932,-0.12303664921465969,-0.3036649214659686,-0.35602094240837695,-0.3900523560209424,-0.5340314136125655,-0.4869109947643979,-0.643979057591623,-0.14136125654450263,-0.5261780104712042,-0.13089005235602094,-0.7513089005235603,-0.12041884816753927,-0.8848167539267016,-0.12303664921465969,-1.0,-0.02617801047120419,-0.5157068062827225,-0.06282722513089005,-0.5680628272251309,-0.10209424083769633,-0.3900523560209424,-0.13089005235602094,-0.2513089005235602,0.08376963350785341,-0.4895287958115183,0.05759162303664921,-0.5549738219895288,0.007853403141361256,-0.39790575916230364,-0.03664921465968586,-0.28272251308900526,0.193717277486911,-0.45549738219895286,0.23298429319371727,-0.6230366492146597,0.25392670157068065,-0.7303664921465969,0.2643979057591623,-0.8298429319371727
6,0.0,0.0,-0.17435897435897435,-0.12564102564102564,-0.28974358974358977,-0.36153846153846153,-0.36666666666666664,-0.5358974358974359,-0.45897435897435895,-0.6461538461538462,-0.12307692307692308,-0.5282051282051282,-0.11025641025641025,-0.7435897435897436,-0.09487179487179487,-0.882051282051282,-0.08717948717948718,-1.0,-0.010256410256410256,-0.5128205128205128,-0.041025641025641026,-0.5564102564102564,-0.08461538461538462,-0.3871794871794872,-0.11282051282051282,-0.258974358974359,0.09487179487179487,-0.4794871794871795,0.06666666666666667,-0.5256410256410257,0.01282051282051282,-0.36923076923076925,-0.02564102564102564,-0.2564102564102564,0.2,-0.43846153846153846,0.24871794871794872,-0.6102564102564103,0.2846153846153846,-0.7128205128205128,0.3076923076923077,-0.8128205128205128
6,0.0,0.0,-0.18112244897959184,-0.13520408163265307,-0.29336734693877553,-0.36989795918367346,-0.37244897959183676,-0.548469387755102,-0.45918367346938777,-0.6632653061224489,-0.12755102040816327,-0.5229591836734694,-0.11224489795918367,-0.7474489795918368,-0.09183673469387756,-0.8801020408163265,-0.08673469387755102,-1.0,-0.012755102040816327,-0.5102040816326531,-0.03571428571428571,-0.5586734693877551,-0.07908163265306123,-0.3877551020408163,-0.11734693877551021,-0.2576530612244898,0.09693877551020408,-0.48214285714285715,0.08163265306122448,-0.5510204081632653,0.02295918367346939,-0.4005102040816326,-0.02806122448979592,-0.29336734693877553,0.20408163265306123,-0.44642857142857145,0.2627551020408163,-0.6122448979591837,0.3010204081632653,-0.7142857142857143,0.32653061224489793,-0.8188775510204082
6,0.0,0.0,-0.17054263565891473,-0.13178294573643412,-0.2868217054263566,-0.3695090439276486,-0.3643410852713178,-0.5452196382428941,-0.4470284237726098,-0.6563307493540051,-0.12661498708010335,-0.5297157622739018,-0.1111111111111111,-0.7493540051679587,-0.09302325581395349,-0.8811369509043928,-0.08010335917312661,-1.0,-0.0103359173126615,-0.5116279069767442,-0.046511627906976744,-0.5503875968992248,-0.08785529715762273,-0.38242894056847543,-0.11627906976744186,-0.2532299741602067,0.09560723514211886,-0.4806201550387597,0.06201550387596899,-0.5322997416020672,0.00516795865633075,-0.37467700258397935,-0.03875968992248062,-0.2558139534883721,0.19896640826873385,-0.4496124031007752,0.25839793281653745,-0.6124031007751938,0.2997416020671835,-0.7157622739018088,0.32299741602067183,-0.8165374677002584
6,0.0,0.0,-0.17922077922077922,-0.13246753246753246,-0.2857142857142857,-0.37662337662337664,-0.35844155844155845,-0.561038961038961,-0.44155844155844154,-0.6805194805194805,-0.12207792207792208,-0.535064935064935,-0.1038961038961039,-0.7532467532467533,-0.08571428571428572,-0.8831168831168831,-0.07792207792207792,-1.0,-0.007792207792207792,-0.522077922077922,-0.03636363636363636,-0.5792207792207792,-0.07792207792207792,-0.4051948051948052,-0.11428571428571428,-0.2727272727272727,0.1012987012987013,-0.4935064935064935,0.07792207792207792,-0.5636363636363636,0.015584415584415584,-0.4103896103896104,-0.03896103896103896,-0.2961038961038961,0.2077922077922078,-0.45714285714285713,0.2701298701298701,-0.6181818181818182,0.3116883116883117,-0.7220779220779221,0.33506493506493507,-0.825974025974026
6,0.0,0.0,-0.165374677002584,-0.12661498708010335,-0.27648578811369506,-0.35917312661498707,-0.3462532299741602,-0.5348837209302325,-0.4263565891472868,-0.6537467700258398,-0.11627906976744186,-0.5297157622739018,-0.09819121447028424,-0.7467700258397932,-0.08010335917312661,-0.8811369509043928,-0.06718346253229975,-1.0,0.0,-0.5116279069767442,-0.031007751937984496,-0.5607235142118863,-0.06976744186046512,-0.3953488372093023,-0.10077519379844961,-0.26356589147286824,0.10335917312661498,-0.4780361757105943,0.07751937984496124,-0.537467700258398,0.020671834625323,-0.3850129198966408,-0.023255813953488372,-0.268733850129199,0.20671834625322996,-0.4418604651162791,0.2661498708010336,-0.6098191214470284,0.3049095607235142,-0.7157622739018088,0.3281653746770026,-0.8217054263565892
6,0.0,0.0,-0.1784776902887139,-0.12860892388451445,-0.29396325459317585,-0.36220472440944884,-0.3700787401574803,-0.5406824146981627,-0.4566929133858268,-0.6561679790026247,-0.13385826771653545,-0.5328083989501312,-0.11548556430446194,-0.7454068241469817,-0.09448818897637795,-0.8792650918635171,-0.07874015748031496,-1.0,-0.02099737532808399,-0.5118110236220472,-0.03937007874015748,-0.5774278215223098,-0.07874015748031496,-0.4199475065616798,-0.10761154855643044,-0.29396325459317585,0.08136482939632546,-0.4776902887139108,0.06299212598425197,-0.5511811023622047,0.007874015748031496,-0.4094488188976378,-0.03674540682414698,-0.30183727034120733,0.1837270341207349,-0.4409448818897638,0.24934383202099739,-0.5984251968503937,0.29133858267716534,-0.7007874015748031,0.31758530183727035,-0.7979002624671916
6,0.0,0.0,-0.18911917098445596,-0.10362694300518134,-0.3316062176165803,-0.33419689119170987,-0.4170984455958549,-0.49740932642487046,-0.5103626943005182,-0.6036269430051814,-0.18652849740932642,-0.5129533678756477,-0.19430051813471502,-0.7357512953367875,-0.19430051813471502,-0.8756476683937824,-0.19430051813471502,-1.0,-0.07253886010362694,-0.5129533678756477,-0.12176165803108809,-0.5518134715025906,-0.14507772020725387,-0.3626943005181347,-0.15544041450777202,-0.22279792746113988,0.04404145077720207,-0.4896373056994819,-0.0051813471502590676,-0.5414507772020726,-0.05181347150259067,-0.3756476683937824,-0.08290155440414508,-0.2538860103626943,0.16062176165803108,-0.4637305699481865,0.19170984455958548,-0.6398963730569949,0.21243523316062177,-0.7487046632124352,0.22020725388601037,-0.8549222797927462
6,0.0,0.0,-0.18586387434554974,-0.112565445026178,-0.3324607329842932,-0.34293193717277487,-0.4319371727748691,-0.5026178010471204,-0.5287958115183246,-0.599476439790576,-0.193717277486911,-0.5235602094240838,-0.20680628272251309,-0.743455497382199,-0.2094240837696335,-0.8769633507853403,-0.2094240837696335,-1.0,-0.07591623036649214,-0.5157068062827225,-0.11780104712041885,-0.5706806282722513,-0.14136125654450263,-0.387434554973822,-0.1518324607329843,-0.24607329842931938,0.034031413612565446,-0.49214659685863876,-0.010471204188481676,-0.5497382198952879,-0.04450261780104712,-0.38481675392670156,-0.06544502617801047,-0.2617801047120419,0.14659685863874344,-0.468586387434555,0.1806282722513089,-0.6465968586387435,0.20157068062827224,-0.756544502617801,0.2094240837696335,-0.8612565445026178
6,0.0,0.0,-0.1968503937007874,-0.10498687664041995,-0.35170603674540685,-0.32020997375328086,-0.4540682414698163,-0.48031496062992124,-0.5485564304461942,-0.5853018372703412,-0.2230971128608924,-0.5170603674540682,-0.24934383202099739,-0.7349081364829396,-0.2572178477690289,-0.8740157480314961,-0.26246719160104987,-1.0,-0.10498687664041995,-0.5196850393700787,-0.15485564304461943,-0.5748031496062992,-0.1784776902887139,-0.3858267716535433,-0.1889763779527559,-0.2440944881889764,0.007874015748031496,-0.5039370078740157,-0.03937007874015748,-0.5669291338582677,-0.07611548556430446,-0.3937007874015748,-0.10236220472440945,-0.2650918635170604,0.12598425196850394,-0.48293963254593175,0.15748031496062992,-0.6666666666666666,0.17060367454068243,-0.7847769028871391,0.1679790026246719,-0.8976377952755905
6,0.0,0.0,-0.19170984455958548,-0.09844559585492228,-0.35751295336787564,-0.31865284974093266,-0.4637305699481865,-0.47150259067357514,-0.5569948186528497,-0.5777202072538861,-0.23316062176165803,-0.5077720207253886,-0.2694300518134715,-0.7357512953367875,-0.2849740932642487,-0.8782383419689119,-0.3005181347150259,-1.0,-0.11658031088082901,-0.5155440414507773,-0.17357512953367876,-0.5544041450777202,-0.18911917098445596,-0.3704663212435233,-0.18911917098445596,-0.22797927461139897,-0.0025906735751295338,-0.5025906735751295,-0.05699481865284974,-0.5569948186528497,-0.08549222797927461,-0.38341968911917096,-0.10362694300518134,-0.2538860103626943,0.11398963730569948,-0.4896373056994819,0.11917098445595854,-0.6709844559585493,0.12435233160621761,-0.7849740932642487,0.12176165803108809,-0.8937823834196891
6,0.0,0.0,-0.20266666666666666,-0.088,-0.37333333333333335,-0.296,-0.496,-0.4533333333333333,-0.6133333333333333,-0.544,-0.256,-0.504,-0.304,-0.7333333333333333,-0.328,-0.872,-0.34933333333333333,-1.0,-0.144,-0.5173333333333333,-0.20533333333333334,-0.5626666666666666,-0.22133333333333333,-0.368,-0.22666666666666666,-0.22133333333333333,-0.029333333333333333,-0.5093333333333333,-0.09066666666666667,-0.5653333333333334,-0.12,-0.38666666666666666,-0.13866666666666666,-0.25866666666666666,0.08533333333333333,-0.49333333333333335,0.10133333333333333,-0.6773333333333333,0.09866666666666667,-0.792,0.08,-0.896
6,0.0,0.0,-0.19321148825065274,-0.0835509138381201,-0.381201044386423,-0.2924281984334204,-0.5143603133159269,-0.4464751958224543,-0.6344647519582245,-0.5404699738903395,-0.26109660574412535,-0.5013054830287206,-0.31070496083550914,-0.7310704960835509,-0.3368146214099217,-0.8746736292428199,-0.360313315926893,-1.0,-0.14360313315926893,-0.5169712793733682,-0.206266318537859,-0.556135770234987,-0.20365535248041775,-0.3629242819843342,-0.19321148825065274,-0.2193211488250653,-0.02610966057441253,-0.5091383812010444,-0.08616187989556136,-0.5535248041775457,-0.10443864229765012,-0.370757180156658,-0.1174934725848564,-0.23759791122715404,0.09399477806788512,-0.49869451697127937,0.09138381201044386,-0.6840731070496083,0.0835509138381201,-0.793733681462141,0.06005221932114883,-0.9007832898172323
6,0.0,0.0,-0.2074468085106383,-0.0851063829787234,-0.3962765957446808,-0.2872340425531915,-0.5212765957446809,-0.43882978723404253,-0.6382978723404256,-0.5398936170212766,-0.28191489361702127,-0.5053191489361702,-0.3324468085106383,-0.7340425531914894,-0.3617021276595745,-0.8776595744680851,-0.39361702127659576,-1.0,-0.16489361702127658,-0.5186170212765957,-0.2154255319148936,-0.5664893617021277,-0.21808510638297873,-0.3803191489361702,-0.2154255319148936,-0.23404255319148937,-0.05053191489361702,-0.5186170212765957,-0.10904255319148937,-0.5797872340425532,-0.11702127659574468,-0.40691489361702127,-0.125,-0.27925531914893614,0.06648936170212766,-0.5159574468085106,0.061170212765957445,-0.7074468085106383,0.05851063829787234,-0.8191489361702128,0.04521276595744681,-0.9202127659574468
6,0.0,0.0,-0.21122994652406418,-0.06149732620320856,-0.4144385026737968,-0.2620320855614973,-0.5508021390374331,-0.41711229946524064,-0.6818181818181818,-0.5106951871657754,-0.31016042780748665,-0.4786096256684492,-0.3877005347593583,-0.7192513368983957,-0.4304812834224599,-0.8689839572192514,-0.47058823529411764,-1.0,-0.19518716577540107,-0.5053475935828877,-0.2647058823529412,-0.5614973262032086,-0.24598930481283424,-0.3663101604278075,-0.2192513368983957,-0.22459893048128343,-0.0748663101604278,-0.516042780748663,-0.14171122994652408,-0.5855614973262032,-0.1443850267379679,-0.4090909090909091,-0.13903743315508021,-0.2807486631016043,0.053475935828877004,-0.5267379679144385,0.029411764705882353,-0.732620320855615,0.0106951871657754,-0.8582887700534759,-0.01871657754010695,-0.9679144385026738
6,0.0,0.0,-0.22764227642276422,-0.06504065040650407,-0.4254742547425474,-0.25745257452574527,-0.5636856368563685,-0.4146341463414634,-0.6991869918699187,-0.5013550135501355,-0.33875338753387535,-0.48509485094850946,-0.4037940379403794,-0.7235772357723578,-0.44715447154471544,-0.8726287262872628,-0.5013550135501355,-1.0,-0.21951219512195122,-0.5149051490514905,-0.28184281842818426,-0.5609756097560976,-0.2601626016260163,-0.3523035230352303,-0.24390243902439024,-0.2032520325203252,-0.1002710027100271,-0.5311653116531165,-0.15718157181571815,-0.6043360433604336,-0.15447154471544716,-0.4173441734417344,-0.15447154471544716,-0.28184281842818426,0.024390243902439025,-0.5447154471544715,0.0027100271002710027,-0.7479674796747967,-0.018970189701897018,-0.8644986449864499,-0.05962059620596206,-0.975609756097561
6,0.0,0.0,-0.2073490813648294,-0.05774278215223097,-0.4146981627296588,-0.24671916010498687,-0.5590551181102362,-0.3937007874015748,-0.6929133858267716,-0.48556430446194226,-0.31496062992125984,-0.48031496062992124,-0.3963254593175853,-0.7244094488188977,-0.44881889763779526,-0.8740157480314961,-0.5065616797900262,-1.0,-0.1994750656167979,-0.5065616797900262,-0.2755905511811024,-0.5433070866141733,-0.24671916010498687,-0.33858267716535434,-0.2125984251968504,-0.1889763779527559,-0.08136482939632546,-0.5196850393700787,-0.15748031496062992,-0.5774278215223098,-0.14698162729658792,-0.3884514435695538,-0.13648293963254593,-0.25196850393700787,0.03937007874015748,-0.5328083989501312,0.010498687664041995,-0.7349081364829396,-0.010498687664041995,-0.8530183727034121,-0.047244094488188976,-0.963254593175853
6,0.0,0.0,-0.22162162162162163,-0.05405405405405406,-0.4297297297297297,-0.23783783783783785,-0.5783783783783784,-0.3864864864864865,-0.7189189189189189,-0.4756756756756757,-0.35405405405405405,-0.4891891891891892,-0.44054054054054054,-0.7324324324324324,-0.4918918918918919,-0.8756756756756757,-0.5432432432432432,-1.0,-0.24324324324324326,-0.518918918918919,-0.3162162162162162,-0.5648648648648649,-0.28378378378378377,-0.3621621621621622,-0.25675675675675674,-0.20810810810810812,-0.12432432432432433,-0.5324324324324324,-0.1891891891891892,-0.6,-0.17567567567567569,-0.4135135135135135,-0.16756756756756758,-0.27837837837837837,0.0,-0.5432432432432432,-0.02702702702702703,-0.7486486486486487,-0.05405405405405406,-0.8675675675675676,-0.0972972972972973,-0.972972972972973
6,0.0,0.0,-0.21052631578947367,-0.06578947368421052,-0.40789473684210525,-0.25,-0.5526315789473685,-0.3973684210526316,-0.6894736842105263,-0.48157894736842105,-0.3078947368421053,-0.4842105263157895,-0.39210526315789473,-0.7263157894736842,-0.45,-0.8763157894736842,-0.5078947368421053,-1.0,-0.19473684210526315,-0.5131578947368421,-0.28421052631578947,-0.55,-0.25526315789473686,-0.3526315789473684,-0.22105263157894736,-0.21052631578947367,-0.08157894736842106,-0.5289473684210526,-0.16578947368421051,-0.5868421052631579,-0.16052631578947368,-0.3973684210526316,-0.14736842105263157,-0.2631578947368421,0.034210526315789476,-0.5473684210526316,0.010526315789473684,-0.75,-0.013157894736842105,-0.868421052631579,-0.05789473684210526,-0.9789473684210527
6,0.0,0.0,-0.21774193548387097,-0.06182795698924731,-0.4220430107526882,-0.25806451612903225,-0.5645161290322581,-0.41397849462365593,-0.696236559139785,-0.5188172043010753,-0.3279569892473118,-0.49193548387096775,-0.4112903225806452,-0.7311827956989247,-0.4650537634408602,-0.8790322580645161,-0.521505376344086,-1.0,-0.21236559139784947,-0.5241935483870968,-0.2903225806451613,-0.5725806451612904,-0.26344086021505375,-0.3790322580645161,-0.23118279569892472,-0.22849462365591397,-0.09408602150537634,-0.5376344086021505,-0.17473118279569894,-0.6021505376344086,-0.16666666666666666,-0.4220430107526882,-0.15591397849462366,-0.28763440860215056,0.02956989247311828,-0.553763440860215,0.005376344086021506,-0.7634408602150538,-0.021505376344086023,-0.8844086021505376,-0.06720430107526881,-0.9919354838709677
6,0.0,0.0,-0.1984732824427481,-0.06870229007633588,-0.39185750636132316,-0.26717557251908397,-0.5114503816793893,-0.4223918575063613,-0.6208651399491094,-0.5190839694656488,-0.30025445292620867,-0.49363867684478374,-0.356234096692112,-0.7251908396946565,-0.3893129770992366,-0.8753180661577609,-0.4223918575063613,-1.0,-0.1806615776081425,-0.5190839694656488,-0.22900763358778625,-0.5801526717557252,-0.2035623409669211,-0.3893129770992366,-0.178117048346056,-0.2366412213740458,-0.061068702290076333,-0.5190839694656488,-0.11704834605597965,-0.5877862595419847,-0.10432569974554708,-0.4122137404580153,-0.0916030534351145,-0.27735368956743,0.061068702290076333,-0.5139949109414759,0.04580152671755725,-0.7048346055979644,0.027989821882951654,-0.811704834605598,-0.005089058524173028,-0.9134860050890585
6,0.0,0.0,-0.20865139949109415,-0.07888040712468193,-0.3994910941475827,-0.2926208651399491,-0.5216284987277354,-0.45038167938931295,-0.628498727735369,-0.544529262086514,-0.2748091603053435,-0.5190839694656488,-0.3231552162849873,-0.7430025445292621,-0.3511450381679389,-0.8804071246819338,-0.37659033078880405,-1.0,-0.15012722646310434,-0.5368956743002544,-0.2035623409669211,-0.5750636132315522,-0.19592875318066158,-0.37150127226463103,-0.183206106870229,-0.21882951653944022,-0.02544529262086514,-0.5267175572519084,-0.08396946564885496,-0.5648854961832062,-0.09414758269720101,-0.37150127226463103,-0.10178117048346055,-0.2340966921119593,0.10432569974554708,-0.5089058524173028,0.10432569974554708,-0.6972010178117048,0.10178117048346055,-0.811704834605598,0.07888040712468193,-0.926208651399491
6,0.0,0.0,-0.21794871794871795,-0.07948717948717948,-0.4076923076923077,-0.2948717948717949,-0.5461538461538461,-0.45384615384615384,-0.6641025641025641,-0.5487179487179488,-0.28717948717948716,-0.5051282051282051,-0.3435897435897436,-0.735897435897436,-0.36666666666666664,-0.8769230769230769,-0.3923076923076923,-1.0,-0.16923076923076924,-0.5205128205128206,-0.2230769230769231,-0.5615384615384615,-0.21025641025641026,-0.3717948717948718,-0.18974358974358974,-0.2282051282051282,-0.05128205128205128,-0.517948717948718,-0.10256410256410256,-0.5641025641025641,-0.11794871794871795,-0.39487179487179486,-0.12564102564102564,-0.26666666666666666,0.0641025641025641,-0.5128205128205128,0.06923076923076923,-0.6974358974358974,0.0641025641025641,-0.8102564102564103,0.041025641025641026,-0.9205128205128205
6,0.0,0.0,-0.2066326530612245,-0.08418367346938775,-0.3877551020408163,-0.2780612244897959,-0.5076530612244898,-0.42346938775510207,-0.6275510204081632,-0.49489795918367346,-0.2627551020408163,-0.5127551020408163,-0.3010204081632653,-0.7295918367346939,-0.31887755102040816,-0.8724489795918368,-0.336734693877551,-1.0,-0.1326530612244898,-0.5204081632653061,-0.16581632653061223,-0.5535714285714286,-0.1556122448979592,-0.3520408163265306,-0.14540816326530612,-0.1989795918367347,-0.012755102040816327,-0.5076530612244898,-0.058673469387755105,-0.5306122448979592,-0.05102040816326531,-0.3392857142857143,-0.04846938775510204,-0.2066326530612245,0.10459183673469388,-0.4923469387755102,0.09948979591836735,-0.6760204081632653,0.09948979591836735,-0.7831632653061225,0.08673469387755102,-0.8903061224489796
6,0.0,0.0,-0.21079691516709512,-0.07455012853470437,-0.38817480719794345,-0.2750642673521851,-0.519280205655527,-0.42930591259640105,-0.6426735218508998,-0.5167095115681234,-0.2827763496143959,-0.4832904884318766,-0.3264781491002571,-0.7223650385604113,-0.3393316195372751,-0.8688946015424165,-0.35475578406169667,-1.0,-0.16452442159383032,-0.5012853470437018,-0.1928020565552699,-0.532133676092545,-0.18766066838046272,-0.3444730077120823,-0.18508997429305912,-0.20822622107969152,-0.043701799485861184,-0.4961439588688946,-0.07969151670951156,-0.5424164524421594,-0.09254498714652956,-0.36246786632390743,-0.11053984575835475,-0.2365038560411311,0.07969151670951156,-0.48586118251928023,0.08740359897172237,-0.6658097686375322,0.09511568123393316,-0.7763496143958869,0.08483290488431877,-0.8868894601542416
6,0.0,0.0,-0.2047244094488189,-0.08661417322834646,-0.3805774278215223,-0.28346456692913385,-0.49343832020997375,-0.4304461942257218,-0.5905511811023622,-0.5380577427821522,-0.2388451443569554,-0.5249343832020997,-0.28346456692913385,-0.7427821522309711,-0.29658792650918636,-0.8818897637795275,-0.30708661417322836,-1.0,-0.11023622047244094,-0.5354330708661418,-0.1679790026246719,-0.5748031496062992,-0.17585301837270342,-0.4041994750656168,-0.17060367454068243,-0.2782152230971129,0.013123359580052493,-0.5223097112860893,-0.05511811023622047,-0.5643044619422573,-0.07349081364829396,-0.3884514435695538,-0.08661417322834646,-0.2650918635170604,0.14173228346456693,-0.5013123359580053,0.13123359580052493,-0.6850393700787402,0.13385826771653545,-0.7900262467191601,0.12598425196850394,-0.8976377952755905
6,0.0,0.0,-0.20157068062827224,-0.11518324607329843,-0.337696335078534,-0.337696335078534,-0.4293193717277487,-0.5104712041884817,-0.5157068062827225,-0.6230366492146597,-0.21465968586387435,-0.5157068062827225,-0.21465968586387435,-0.743455497382199,-0.19633507853403143,-0.8795811518324608,-0.18586387434554974,-1.0,-0.10209424083769633,-0.5130890052356021,-0.0968586387434555,-0.5549738219895288,-0.112565445026178,-0.38219895287958117,-0.1387434554973822,-0.2486910994764398,0.010471204188481676,-0.4973821989528796,0.007853403141361256,-0.5523560209424084,-0.02356020942408377,-0.3900523560209424,-0.060209424083769635,-0.27486910994764396,0.12303664921465969,-0.47643979057591623,0.15968586387434555,-0.643979057591623,0.18324607329842932,-0.7486910994764397,0.19109947643979058,-0.8455497382198953
6,0.0,0.0,-0.19525065963060687,-0.10290237467018469,-0.32981530343007914,-0.32717678100263853,-0.40897097625329815,-0.503957783641161,-0.48812664907651715,-0.6200527704485488,-0.18469656992084432,-0.5171503957783641,-0.1820580474934037,-0.7467018469656992,-0.16358839050131926,-0.8812664907651715,-0.1503957783641161,-1.0,-0.0633245382585752,-0.5092348284960422,-0.0870712401055409,-0.5672823218997362,-0.11345646437994723,-0.38522427440633245,-0.13192612137203166,-0.24538258575197888,0.052770448548812667,-0.48812664907651715,0.0316622691292876,-0.5567282321899736,-0.010554089709762533,-0.37994722955145116,-0.047493403693931395,-0.2532981530343008,0.1662269129287599,-0.46174142480211083,0.20580474934036938,-0.6358839050131926,0.23218997361477572,-0.7440633245382586,0.24274406332453827,-0.8522427440633246
6,0.0,0.0,-0.19896640826873385,-0.13178294573643412,-0.32041343669250644,-0.36175710594315247,-0.4005167958656331,-0.5297157622739018,-0.48320413436692505,-0.6382428940568475,-0.17571059431524547,-0.524547803617571,-0.16020671834625322,-0.7416020671834626,-0.13695090439276486,-0.8811369509043928,-0.12403100775193798,-1.0,-0.05426356589147287,-0.5090439276485789,-0.06718346253229975,-0.5503875968992248,-0.10077519379844961,-0.3798449612403101,-0.12919896640826872,-0.25064599483204136,0.056847545219638244,-0.4806201550387597,0.041343669250646,-0.5297157622739018,-0.00516795865633075,-0.3695090439276486,-0.04392764857881137,-0.25839793281653745,0.165374677002584,-0.4444444444444444,0.21963824289405684,-0.6175710594315246,0.24031007751937986,-0.7183462532299741,0.2532299741602067,-0.8113695090439277
6,0.0,0.0,-0.17391304347826086,-0.10485933503836317,-0.30434782608695654,-0.3375959079283887,-0.3836317135549872,-0.5115089514066496,-0.46547314578005117,-0.629156010230179,-0.16624040920716113,-0.5242966751918159,-0.15601023017902813,-0.7468030690537084,-0.1329923273657289,-0.8823529411764706,-0.11764705882352941,-1.0,-0.05115089514066496,-0.5089514066496164,-0.07672634271099744,-0.5549872122762148,-0.09718670076726342,-0.37851662404092073,-0.11253196930946291,-0.24552429667519182,0.058823529411764705,-0.48081841432225064,0.03324808184143223,-0.5294117647058824,-0.005115089514066497,-0.3631713554987212,-0.03580562659846547,-0.24296675191815856,0.16879795396419436,-0.4475703324808184,0.2020460358056266,-0.6214833759590793,0.22506393861892582,-0.7289002557544757,0.23529411764705882,-0.8337595907928389
6,0.0,0.0,-0.2047244094488189,-0.12073490813648294,-0.3464566929133858,-0.3543307086614173,-0.4409448818897638,-0.5301837270341208,-0.5249343832020997,-0.6404199475065617,-0.1968503937007874,-0.5328083989501312,-0.1968503937007874,-0.7480314960629921,-0.18635170603674542,-0.8818897637795275,-0.1784776902887139,-1.0,-0.07874015748031496,-0.5223097112860893,-0.09973753280839895,-0.5721784776902887,-0.12598425196850394,-0.4015748031496063,-0.14960629921259844,-0.2677165354330709,0.031496062992125984,-0.49868766404199477,0.010498687664041995,-0.5511811023622047,-0.028871391076115485,-0.3963254593175853,-0.06299212598425197,-0.28346456692913385,0.14173228346456693,-0.4671916010498688,0.1837270341207349,-0.6404199475065617,0.2099737532808399,-0.7506561679790026,0.2230971128608924,-0.8530183727034121
6,0.0,0.0,-0.19487179487179487,-0.08205128205128205,-0.358974358974359,-0.3,-0.46153846153846156,-0.4641025641025641,-0.5666666666666667,-0.5692307692307692,-0.2358974358974359,-0.5076923076923077,-0.2564102564102564,-0.7333333333333333,-0.26153846153846155,-0.8769230769230769,-0.2692307692307692,-1.0,-0.11282051282051282,-0.5153846153846153,-0.15897435897435896,-0.5512820512820513,-0.1641025641025641,-0.35384615384615387,-0.16153846153846155,-0.21025641025641026,0.010256410256410256,-0.5025641025641026,-0.038461538461538464,-0.5435897435897435,-0.06153846153846154,-0.3641025641025641,-0.07948717948717948,-0.23846153846153847,0.13076923076923078,-0.48205128205128206,0.14615384615384616,-0.6615384615384615,0.16153846153846155,-0.7666666666666667,0.1641025641025641,-0.8717948717948718
6,0.0,0.0,-0.20365535248041775,-0.0783289817232376,-0.37597911227154046,-0.28720626631853785,-0.4960835509138381,-0.45430809399477806,-0.608355091383812,-0.5613577023498695,-0.2506527415143603,-0.5143603133159269,-0.2741514360313316,-0.7389033942558747,-0.2793733681462141,-0.8772845953002611,-0.28720626631853785,-1.0,-0.13054830287206268,-0.5195822454308094,-0.1514360313315927,-0.5587467362924282,-0.1566579634464752,-0.370757180156658,-0.1618798955613577,-0.2297650130548303,-0.018276762402088774,-0.5065274151436031,-0.0391644908616188,-0.5587467362924282,-0.05221932114882506,-0.3838120104438642,-0.07049608355091384,-0.26109660574412535,0.09399477806788512,-0.4908616187989556,0.1174934725848564,-0.6762402088772846,0.1227154046997389,-0.7885117493472585,0.11488250652741515,-0.8981723237597912
6,0.0,0.0,-0.20151133501259447,-0.0654911838790932,-0.380352644836272,-0.28463476070528965,-0.5012594458438288,-0.4609571788413098,-0.6297229219143576,-0.5390428211586902,-0.2795969773299748,-0.48614609571788414,-0.30982367758186397,-0.7229219143576826,-0.327455919395466,-0.871536523929471,-0.3526448362720403,-1.0,-0.16624685138539042,-0.5037783375314862,-0.20906801007556675,-0.5566750629722922,-0.2040302267002519,-0.35768261964735515,-0.1964735516372796,-0.21158690176322417,-0.04534005037783375,-0.5012594458438288,-0.08816120906801007,-0.5642317380352645,-0.10579345088161209,-0.3879093198992443,-0.12594458438287154,-0.26448362720403024,0.07556675062972293,-0.491183879093199,0.08564231738035265,-0.6801007556675063,0.08312342569269521,-0.7934508816120907,0.0654911838790932,-0.9042821158690176
6,0.0,0.0,-0.19592875318066158,-0.07633587786259542,-0.37404580152671757,-0.27735368956743,-0.4961832061068702,-0.42493638676844786,-0.6081424936386769,-0.5216284987277354,-0.2748091603053435,-0.49872773536895676,-0.32061068702290074,-0.7302798982188295,-0.3486005089058524,-0.8753180661577609,-0.3791348600508906,-1.0,-0.1628498727735369,-0.5114503816793893,-0.22137404580152673,-0.5572519083969466,-0.21374045801526717,-0.356234096692112,-0.1984732824427481,-0.20610687022900764,-0.043256997455470736,-0.5063613231552163,-0.09923664122137404,-0.5648854961832062,-0.11450381679389313,-0.3893129770992366,-0.11959287531806616,-0.26208651399491095,0.07888040712468193,-0.49363867684478374,0.09414758269720101,-0.6921119592875318,0.08651399491094147,-0.8142493638676844,0.061068702290076333,-0.926208651399491
6,0.0,0.0,-0.20050125313283207,-0.07769423558897243,-0.39097744360902253,-0.2756892230576441,-0.5213032581453634,-0.42606516290726815,-0.6416040100250626,-0.5238095238095238,-0.2857142857142857,-0.49624060150375937,-0.3383458646616541,-0.7343358395989975,-0.37343358395989973,-0.8771929824561403,-0.41353383458646614,-1.0,-0.17042606516290726,-0.5137844611528822,-0.24060150375939848,-0.5588972431077694,-0.23308270676691728,-0.3659147869674185,-0.21303258145363407,-0.22055137844611528,-0.05513784461152882,-0.5087719298245614,-0.11528822055137844,-0.568922305764411,-0.12781954887218044,-0.39348370927318294,-0.13533834586466165,-0.2631578947368421,0.06516290726817042,-0.5012531328320802,0.07017543859649122,-0.7017543859649122,0.06015037593984962,-0.8220551378446115,0.03007518796992481,-0.9373433583959899
6,0.0,0.0,-0.19900497512437812,-0.07711442786069651,-0.3805970149253731,-0.2835820895522388,-0.5024875621890548,-0.43781094527363185,-0.6194029850746269,-0.5298507462686567,-0.2810945273631841,-0.5024875621890548,-0.3407960199004975,-0.736318407960199,-0.3805970149253731,-0.8805970149253731,-0.42039800995024873,-1.0,-0.1691542288557214,-0.5174129353233831,-0.236318407960199,-0.572139303482587,-0.22885572139303484,-0.3855721393034826,-0.21144278606965175,-0.24378109452736318,-0.05472636815920398,-0.5124378109452736,-0.11691542288557213,-0.5895522388059702,-0.12935323383084577,-0.4129353233830846,-0.13432835820895522,-0.2810945273631841,0.06218905472636816,-0.5074626865671642,0.06716417910447761,-0.7039800995024875,0.05721393034825871,-0.8233830845771144,0.03731343283582089,-0.9378109452736318
6,0.0,0.0,-0.21761658031088082,-0.08290155440414508,-0.3911917098445596,-0.27202072538860106,-0.5077720207253886,-0.4274611398963731,-0.6295336787564767,-0.5310880829015544,-0.2927461139896373,-0.5077720207253886,-0.34974093264248707,-0.7383419689119171,-0.38860103626943004,-0.8782383419689119,-0.4326424870466321,-1.0,-0.17875647668393782,-0.5233160621761658,-0.25129533678756477,-0.5751295336787565,-0.24093264248704663,-0.3756476683937824,-0.22279792746113988,-0.22797927461139897,-0.06217616580310881,-0.5233160621761658,-0.13471502590673576,-0.5932642487046632,-0.14507772020725387,-0.41450777202072536,-0.14248704663212436,-0.2849740932642487,0.054404145077720206,-0.5207253886010362,0.05699481865284974,-0.727979274611399,0.038860103626943004,-0.8497409326424871,0.0025906735751295338,-0.9585492227979274
6,0.0,0.0,-0.2099737532808399,-0.07611548556430446,-0.3858267716535433,-0.2782152230971129,-0.5065616797900262,-0.4356955380577428,-0.6299212598425197,-0.5328083989501312,-0.28083989501312334,-0.5091863517060368,-0.3438320209973753,-0.7401574803149606,-0.3858267716535433,-0.8792650918635171,-0.4330708661417323,-1.0,-0.16535433070866143,-0.5249343832020997,-0.2388451443569554,-0.5774278215223098,-0.23097112860892388,-0.3805774278215223,-0.2125984251968504,-0.2335958005249344,-0.049868766404199474,-0.5249343832020997,-0.12073490813648294,-0.5984251968503937,-0.13385826771653545,-0.4146981627296588,-0.13385826771653545,-0.2782152230971129,0.06561679790026247,-0.5223097112860893,0.06561679790026247,-0.7322834645669292,0.04461942257217848,-0.8530183727034121,0.007874015748031496,-0.9711286089238845
6,0.0,0.0,-0.2066326530612245,-0.07142857142857142,-0.39540816326530615,-0.2729591836734694,-0.5229591836734694,-0.42857142857142855,-0.6505102040816326,-0.5255102040816326,-0.288265306122449,-0.49744897959183676,-0.35459183673469385,-0.7346938775510204,-0.3979591836734694,-0.8775510204081632,-0.44387755102040816,-1.0,-0.1760204081632653,-0.5153061224489796,-0.25510204081632654,-0.5663265306122449,-0.23979591836734693,-0.37244897959183676,-0.21428571428571427,-0.22959183673469388,-0.061224489795918366,-0.5127551020408163,-0.13520408163265307,-0.5867346938775511,-0.14285714285714285,-0.40561224489795916,-0.1377551020408163,-0.2729591836734694,0.05357142857142857,-0.5102040816326531,0.04591836734693878,-0.7142857142857143,0.030612244897959183,-0.8392857142857143,0.0,-0.9540816326530612
6,0.0,0.0,-0.2071611253196931,-0.06649616368286446,-0.3938618925831202,-0.2557544757033248,-0.5217391304347826,-0.41687979539641945,-0.6368286445012787,-0.5319693094629157,-0.31202046035805625,-0.5012787723785166,-0.37084398976982097,-0.731457800511509,-0.4092071611253197,-0.8772378516624041,-0.45012787723785164,-1.0,-0.19948849104859334,-0.5242966751918159,-0.26342710997442453,-0.5652173913043478,-0.2506393861892583,-0.37084398976982097,-0.23017902813299232,-0.22762148337595908,-0.08695652173913043,-0.5319693094629157,-0.1483375959079284,-0.59846547314578,-0.15601023017902813,-0.42455242966751916,-0.16112531969309463,-0.29411764705882354,0.028132992327365727,-0.5345268542199488,0.015345268542199489,-0.7289002557544757,0.0,-0.8388746803069054,-0.03324808184143223,-0.9437340153452686
6,0.0,0.0,-0.19543147208121828,-0.06598984771573604,-0.383248730964467,-0.2639593908629442,-0.5177664974619289,-0.41624365482233505,-0.6395939086294417,-0.5228426395939086,-0.2868020304568528,-0.5,-0.35279187817258884,-0.733502538071066,-0.39086294416243655,-0.8781725888324873,-0.434010152284264,-1.0,-0.1751269035532995,-0.5177664974619289,-0.2436548223350254,-0.5609137055837563,-0.22588832487309646,-0.3680203045685279,-0.20050761421319796,-0.22081218274111675,-0.06345177664974619,-0.5203045685279187,-0.12690355329949238,-0.583756345177665,-0.13705583756345177,-0.41116751269035534,-0.1446700507614213,-0.2817258883248731,0.048223350253807105,-0.5177664974619289,0.04568527918781726,-0.7106598984771574,0.03299492385786802,-0.8248730964467005,0.0025380710659898475,-0.9289340101522843
6,0.0,0.0,-0.2098092643051771,-0.07629427792915532,-0.38419618528610355,-0.26430517711171664,-0.5122615803814714,-0.41689373297002724,-0.6376021798365122,-0.5177111716621253,-0.29155313351498635,-0.4986376021798365,-0.3569482288828338,-0.7356948228882834,-0.40054495912806537,-0.8773841961852861,-0.44686648501362397,-1.0,-0.1771117166212534,-0.5204359673024523,-0.24795640326975477,-0.5667574931880109,-0.23978201634877383,-0.3678474114441417,-0.22343324250681199,-0.22070844686648503,-0.0653950953678474,-0.5258855585831063,-0.1307901907356948,-0.5912806539509536,-0.1444141689373297,-0.40599455040871935,-0.14986376021798364,-0.27520435967302453,0.04632152588555858,-0.5258855585831063,0.035422343324250684,-0.7193460490463215,0.01634877384196185,-0.8283378746594006,-0.021798365122615803,-0.9291553133514986
6,0.0,0.0,-0.207492795389049,-0.08357348703170028,-0.38904899135446686,-0.276657060518732,-0.5187319884726225,-0.42939481268011526,-0.6455331412103746,-0.5331412103746398,-0.2881844380403458,-0.5100864553314121,-0.34870317002881845,-0.7406340057636888,-0.3919308357348703,-0.8789625360230547,-0.43515850144092216,-1.0,-0.17002881844380405,-0.5331412103746398,-0.2420749279538905,-0.5821325648414986,-0.23054755043227665,-0.3861671469740634,-0.21037463976945245,-0.2334293948126801,-0.05475504322766571,-0.5360230547550432,-0.12680115273775217,-0.6051873198847262,-0.12968299711815562,-0.42363112391930835,-0.12680115273775217,-0.2881844380403458,0.06051873198847262,-0.5389048991354467,0.05187319884726225,-0.7377521613832853,0.0345821325648415,-0.8501440922190202,-0.002881844380403458,-0.9510086455331412
6,0.0,0.0,-0.2099125364431487,-0.0728862973760933,-0.39941690962099125,-0.27405247813411077,-0.5247813411078717,-0.42857142857142855,-0.6472303206997084,-0.5335276967930029,-0.30903790087463556,-0.5072886297376094,-0.37026239067055394,-0.7346938775510204,-0.4110787172011662,-0.8775510204081632,-0.4518950437317784,-1.0,-0.18658892128279883,-0.5276967930029155,-0.2594752186588921,-0.565597667638484,-0.24198250728862974,-0.3760932944606414,-0.21282798833819241,-0.2303206997084548,-0.06997084548104957,-0.5335276967930029,-0.14285714285714285,-0.5801749271137027,-0.14285714285714285,-0.40233236151603496,-0.13702623906705538,-0.27113702623906705,0.04664723032069971,-0.5335276967930029,0.029154518950437316,-0.7288629737609329,0.008746355685131196,-0.8396501457725948,-0.029154518950437316,-0.9416909620991254
6,0.0,0.0,-0.20489296636085627,-0.07339449541284404,-0.38837920489296635,-0.2691131498470948,-0.5168195718654435,-0.41896024464831805,-0.6422018348623854,-0.5290519877675841,-0.3058103975535168,-0.5076452599388379,-0.37003058103975534,-0.7400611620795107,-0.41284403669724773,-0.8807339449541285,-0.45565749235474007,-1.0,-0.1834862385321101,-0.5321100917431193,-0.25688073394495414,-0.5871559633027523,-0.2415902140672783,-0.38837920489296635,-0.22324159021406728,-0.23547400611620795,-0.06422018348623854,-0.5382262996941896,-0.13149847094801223,-0.6085626911314985,-0.1345565749235474,-0.42507645259938837,-0.1345565749235474,-0.2874617737003058,0.05504587155963303,-0.5382262996941896,0.04281345565749235,-0.7308868501529052,0.021406727828746176,-0.8470948012232415,-0.012232415902140673,-0.9480122324159022
6,0.0,0.0,-0.20359281437125748,-0.0718562874251497,-0.38922155688622756,-0.26047904191616766,-0.5089820359281437,-0.40718562874251496,-0.6197604790419161,-0.5119760479041916,-0.3023952095808383,-0.5,-0.3652694610778443,-0.7305389221556886,-0.39820359281437123,-0.874251497005988,-0.4311377245508982,-1.0,-0.18562874251497005,-0.5209580838323353,-0.24251497005988024,-0.5748502994011976,-0.2245508982035928,-0.38323353293413176,-0.20059880239520958,-0.23353293413173654,-0.0688622754491018,-0.5209580838323353,-0.1347305389221557,-0.5898203592814372,-0.12874251497005987,-0.4101796407185629,-0.11976047904191617,-0.27844311377245506,0.04790419161676647,-0.5209580838323353,0.03293413173652695,-0.718562874251497,0.008982035928143712,-0.8293413173652695,-0.02694610778443114,-0.9311377245508982
6,0.0,0.0,-0.2120253164556962,-0.08544303797468354,-0.3860759493670886,-0.2879746835443038,-0.5158227848101266,-0.4462025316455696,-0.629746835443038,-0.5537974683544303,-0.2848101265822785,-0.509493670886076,-0.3449367088607595,-0.7373417721518988,-0.379746835443038,-0.8765822784810127,-0.41139240506329117,-1.0,-0.16455696202531644,-0.5316455696202531,-0.22784810126582278,-0.5917721518987342,-0.22151898734177214,-0.3987341772151899,-0.20253164556962025,-0.24050632911392406,-0.04746835443037975,-0.5348101265822784,-0.10443037974683544,-0.6012658227848101,-0.12341772151898735,-0.4272151898734177,-0.13291139240506328,-0.29430379746835444,0.06645569620253164,-0.5348101265822784,0.0759493670886076,-0.7278481012658228,0.060126582278481014,-0.8417721518987342,0.02531645569620253,-0.9493670886075949
6,0.0,0.0,-0.22006472491909385,-0.07119741100323625,-0.4110032362459547,-0.2815533980582524,-0.540453074433657,-0.4401294498381877,-0.6634304207119741,-0.5339805825242718,-0.2912621359223301,-0.511326860841424,-0.34951456310679613,-0.7411003236245954,-0.3786407766990291,-0.8802588996763754,-0.4077669902912621,-1.0,-0.1715210355987055,-0.5339805825242718,-0.24271844660194175,-0.6019417475728155,-0.23300970873786409,-0.3948220064724919,-0.21359223300970873,-0.23300970873786409,-0.05501618122977346,-0.5372168284789643,-0.11974110032362459,-0.6181229773462783,-0.1262135922330097,-0.43042071197411,-0.12944983818770225,-0.2912621359223301,0.06472491909385113,-0.5339805825242718,0.05825242718446602,-0.7249190938511327,0.042071197411003236,-0.8349514563106796,0.009708737864077669,-0.9385113268608414
6,0.0,0.0,-0.21753246753246752,-0.09415584415584416,-0.39935064935064934,-0.30194805194805197,-0.525974025974026,-0.4512987012987013,-0.6428571428571429,-0.538961038961039,-0.2727272727272727,-0.5162337662337663,-0.31493506493506496,-0.7402597402597403,-0.33766233766233766,-0.8798701298701299,-0.36363636363636365,-1.0,-0.1461038961038961,-0.5292207792207793,-0.20454545454545456,-0.5909090909090909,-0.19805194805194806,-0.39285714285714285,-0.18181818181818182,-0.23376623376623376,-0.025974025974025976,-0.5227272727272727,-0.08116883116883117,-0.577922077922078,-0.09090909090909091,-0.39935064935064934,-0.09740259740259741,-0.2662337662337662,0.09415584415584416,-0.512987012987013,0.09740259740259741,-0.7045454545454546,0.08766233766233766,-0.8214285714285714,0.06168831168831169,-0.9253246753246753
6,0.0,0.0,-0.2214765100671141,-0.09060402684563758,-0.40268456375838924,-0.2953020134228188,-0.5302013422818792,-0.4463087248322148,-0.6409395973154363,-0.5436241610738255,-0.2785234899328859,-0.5100671140939598,-0.32550335570469796,-0.7416107382550335,-0.34563758389261745,-0.8791946308724832,-0.36577181208053694,-1.0,-0.15100671140939598,-0.5234899328859061,-0.20134228187919462,-0.5906040268456376,-0.19463087248322147,-0.38926174496644295,-0.18456375838926176,-0.22818791946308725,-0.030201342281879196,-0.5167785234899329,-0.07046979865771812,-0.5939597315436241,-0.0738255033557047,-0.41946308724832215,-0.08053691275167785,-0.28859060402684567,0.09060402684563758,-0.5067114093959731,0.1040268456375839,-0.7013422818791947,0.10067114093959731,-0.8221476510067114,0.07718120805369127,-0.9395973154362416
6,0.0,0.0,-0.20068027210884354,-0.09523809523809523,-0.3741496598639456,-0.30272108843537415,-0.4931972789115646,-0.4523809523809524,-0.5986394557823129,-0.5476190476190477,-0.24829931972789115,-0.5238095238095238,-0.2789115646258503,-0.7414965986394558,-0.2925170068027211,-0.8809523809523809,-0.30952380952380953,-1.0,-0.11904761904761904,-0.5340136054421769,-0.16326530612244897,-0.5816326530612245,-0.16326530612244897,-0.38095238095238093,-0.15306122448979592,-0.22789115646258504,0.003401360544217687,-0.5204081632653061,-0.03741496598639456,-0.564625850340136,-0.05782312925170068,-0.38095238095238093,-0.07142857142857142,-0.24829931972789115,0.12244897959183673,-0.5068027210884354,0.14625850340136054,-0.7006802721088435,0.15306122448979592,-0.8163265306122449,0.13945578231292516,-0.9217687074829932
6,0.0,0.0,-0.2080536912751678,-0.09060402684563758,-0.3825503355704698,-0.30201342281879195,-0.49328859060402686,-0.4563758389261745,-0.5973154362416108,-0.5469798657718121,-0.24496644295302014,-0.5100671140939598,-0.2751677852348993,-0.7348993288590604,-0.28859060402684567,-0.8758389261744967,-0.3053691275167785,-1.0,-0.12080536912751678,-0.5201342281879194,-0.17114093959731544,-0.5805369127516778,-0.17114093959731544,-0.3859060402684564,-0.1610738255033557,-0.2348993288590604,0.0,-0.5134228187919463,-0.04697986577181208,-0.5738255033557047,-0.06375838926174497,-0.39932885906040266,-0.0738255033557047,-0.2684563758389262,0.12080536912751678,-0.5033557046979866,0.14093959731543623,-0.6946308724832215,0.14429530201342283,-0.8087248322147651,0.13087248322147652,-0.9161073825503355
6,0.0,0.0,-0.2040133779264214,-0.09364548494983277,-0.3712374581939799,-0.3076923076923077,-0.4816053511705686,-0.46153846153846156,-0.5919732441471572,-0.5484949832775919,-0.23745819397993312,-0.5183946488294314,-0.2608695652173913,-0.745819397993311,-0.27424749163879597,-0.882943143812709,-0.2909698996655518,-1.0,-0.11371237458193979,-0.5250836120401338,-0.1605351170568562,-0.5852842809364549,-0.16387959866220736,-0.391304347826087,-0.1605351170568562,-0.23745819397993312,0.010033444816053512,-0.5150501672240803,-0.030100334448160536,-0.5852842809364549,-0.05016722408026756,-0.4180602006688963,-0.06688963210702341,-0.29431438127090304,0.12709030100334448,-0.49498327759197325,0.15384615384615385,-0.6789297658862876,0.1605351170568562,-0.7959866220735786,0.15384615384615385,-0.9063545150501672
6,0.0,0.0,-0.19933554817275748,-0.08637873754152824,-0.3654485049833887,-0.29900332225913623,-0.4750830564784053,-0.4584717607973422,-0.5813953488372093,-0.5514950166112956,-0.24584717607973422,-0.5149501661129569,-0.2691029900332226,-0.7408637873754153,-0.2757475083056478,-0.8770764119601329,-0.2857142857142857,-1.0,-0.12292358803986711,-0.521594684385382,-0.16611295681063123,-0.5813953488372093,-0.16943521594684385,-0.38870431893687707,-0.16611295681063123,-0.23920265780730898,-0.006644518272425249,-0.5083056478405316,-0.04983388704318937,-0.5647840531561462,-0.06976744186046512,-0.3853820598006645,-0.08637873754152824,-0.2558139534883721,0.10963455149501661,-0.4950166112956811,0.12292358803986711,-0.6810631229235881,0.132890365448505,-0.7906976744186046,0.12624584717607973,-0.9003322259136213
6,0.0,0.0,-0.2226148409893993,-0.0989399293286219,-0.38869257950530034,-0.30742049469964666,-0.49469964664310956,-0.46996466431095407,-0.5971731448763251,-0.5724381625441696,-0.2508833922261484,-0.5229681978798587,-0.27208480565371024,-0.7491166077738516,-0.2826855123674912,-0.8833922261484098,-0.2968197879858657,-1.0,-0.12014134275618374,-0.5335689045936396,-0.1625441696113074,-0.6113074204946997,-0.16607773851590105,-0.4134275618374558,-0.1696113074204947,-0.254416961130742,0.0,-0.5300353356890459,-0.03180212014134275,-0.6113074204946997,-0.04946996466431095,-0.4381625441696113,-0.0706713780918728,-0.30742049469964666,0.12014134275618374,-0.5159010600706714,0.14487632508833923,-0.6996466431095406,0.1519434628975265,-0.8127208480565371,0.1413427561837456,-0.9222614840989399
6,0.0,0.0,-0.20774647887323944,-0.1056338028169014,-0.36619718309859156,-0.31690140845070425,-0.47183098591549294,-0.4788732394366197,-0.5809859154929577,-0.573943661971831,-0.22887323943661972,-0.5211267605633803,-0.24647887323943662,-0.7429577464788732,-0.25,-0.8802816901408451,-0.2535211267605634,-1.0,-0.10211267605633803,-0.5246478873239436,-0.13732394366197184,-0.5880281690140845,-0.14084507042253522,-0.397887323943662,-0.1443661971830986,-0.25,0.017605633802816902,-0.5105633802816901,-0.014084507042253521,-0.5774647887323944,-0.035211267605633804,-0.40492957746478875,-0.04929577464788732,-0.27816901408450706,0.13380281690140844,-0.4894366197183099,0.15492957746478872,-0.676056338028169,0.1619718309859155,-0.7887323943661971,0.15845070422535212,-0.8943661971830986
6,0.0,0.0,-0.2210144927536232,-0.09420289855072464,-0.391304347826087,-0.31521739130434784,-0.5,-0.48188405797101447,-0.6159420289855072,-0.5760869565217391,-0.2463768115942029,-0.5144927536231884,-0.26811594202898553,-0.7391304347826086,-0.26811594202898553,-0.8768115942028986,-0.2753623188405797,-1.0,-0.12318840579710146,-0.5181159420289855,-0.15217391304347827,-0.605072463768116,-0.15217391304347827,-0.42391304347826086,-0.15217391304347827,-0.2717391304347826,-0.007246376811594203,-0.5108695652173914,-0.03260869565217391,-0.5905797101449275,-0.04710144927536232,-0.4166666666666667,-0.06521739130434782,-0.2826086956521739,0.10869565217391304,-0.4963768115942029,0.11956521739130435,-0.6702898550724637,0.12318840579710146,-0.7789855072463768,0.11231884057971014,-0.8768115942028986
6,0.0,0.0,-0.22743682310469315,-0.07581227436823104,-0.4223826714801444,-0.26714801444043323,-0.5451263537906137,-0.4223826714801444,-0.6570397111913358,-0.516245487364621,-0.30324909747292417,-0.48375451263537905,-0.35018050541516244,-0.7220216606498195,-0.36462093862815886,-0.8700361010830325,-0.37906137184115524,-1.0,-0.17689530685920576,-0.5090252707581228,-0.19494584837545126,-0.5523465703971119,-0.18050541516245489,-0.3574007220216607,-0.16967509025270758,-0.20577617328519857,-0.05054151624548736,-0.51985559566787,-0.06498194945848375,-0.5703971119133574,-0.07581227436823104,-0.4007220216606498,-0.08664259927797834,-0.27075812274368233,0.07942238267148015,-0.51985559566787,0.07942238267148015,-0.7075812274368231,0.06498194945848375,-0.8158844765342961,0.04332129963898917,-0.9097472924187726
6,0.0,0.0,-0.22105263157894736,-0.06666666666666667,-0.43157894736842106,-0.2596491228070175,-0.5719298245614035,-0.4105263157894737,-0.6982456140350877,-0.5017543859649123,-0.32280701754385965,-0.47719298245614034,-0.37543859649122807,-0.7228070175438597,-0.39649122807017545,-0.8701754385964913,-0.42105263157894735,-1.0,-0.19298245614035087,-0.5052631578947369,-0.21403508771929824,-0.5473684210526316,-0.19649122807017544,-0.3473684210526316,-0.1824561403508772,-0.19298245614035087,-0.07017543859649122,-0.5157894736842106,-0.08421052631578947,-0.5754385964912281,-0.08771929824561403,-0.39649122807017545,-0.09824561403508772,-0.2596491228070175,0.056140350877192984,-0.519298245614035,0.05263157894736842,-0.712280701754386,0.042105263157894736,-0.8315789473684211,0.017543859649122806,-0.9333333333333333
6,0.0,0.0,-0.23404255319148937,-0.07092198581560284,-0.4432624113475177,-0.2730496453900709,-0.5780141843971631,-0.425531914893617,-0.6985815602836879,-0.5141843971631206,-0.3262411347517731,-0.48936170212765956,-0.3723404255319149,-0.7340425531914894,-0.39361702127659576,-0.875886524822695,-0.4219858156028369,-1.0,-0.19148936170212766,-0.5106382978723404,-0.22340425531914893,-0.5851063829787234,-0.19858156028368795,-0.3829787234042553,-0.18085106382978725,-0.22695035460992907,-0.06382978723404255,-0.5212765957446809,-0.09219858156028368,-0.599290780141844,-0.09219858156028368,-0.41843971631205673,-0.10638297872340426,-0.2765957446808511,0.06028368794326241,-0.524822695035461,0.05319148936170213,-0.7127659574468085,0.03900709219858156,-0.8262411347517731,0.010638297872340425,-0.9326241134751773
6,0.0,0.0,-0.22377622377622378,-0.06643356643356643,-0.43006993006993005,-0.25874125874125875,-0.5664335664335665,-0.4090909090909091,-0.6853146853146853,-0.506993006993007,-0.3321678321678322,-0.4825174825174825,-0.3776223776223776,-0.7307692307692307,-0.3951048951048951,-0.8741258741258742,-0.4195804195804196,-1.0,-0.20279720279720279,-0.506993006993007,-0.22727272727272727,-0.5699300699300699,-0.1993006993006993,-0.3706293706293706,-0.18181818181818182,-0.21678321678321677,-0.07692307692307693,-0.5174825174825175,-0.0979020979020979,-0.6048951048951049,-0.0944055944055944,-0.4125874125874126,-0.10139860139860139,-0.2727272727272727,0.045454545454545456,-0.5244755244755245,0.03146853146853147,-0.7167832167832168,0.017482517482517484,-0.8321678321678322,-0.01048951048951049,-0.9440559440559441
6,0.0,0.0,-0.23465703971119134,-0.06498194945848375,-0.4368231046931408,-0.259927797833935,-0.5740072202166066,-0.4187725631768953,-0.7003610108303249,-0.5126353790613718,-0.3285198555956679,-0.49097472924187724,-0.37906137184115524,-0.7328519855595668,-0.4007220216606498,-0.8736462093862816,-0.4223826714801444,-1.0,-0.19494584837545126,-0.516245487364621,-0.24187725631768953,-0.5992779783393501,-0.21299638989169675,-0.3862815884476534,-0.18411552346570398,-0.22021660649819494,-0.06859205776173286,-0.5234657039711191,-0.10469314079422383,-0.6064981949458483,-0.09747292418772563,-0.4151624548736462,-0.10108303249097472,-0.27075812274368233,0.061371841155234655,-0.5234657039711191,0.061371841155234655,-0.7111913357400722,0.05054151624548736,-0.8267148014440433,0.021660649819494584,-0.9314079422382672
6,0.0,0.0,-0.21453287197231835,-0.07958477508650519,-0.41522491349480967,-0.2768166089965398,-0.5467128027681661,-0.4186851211072664,-0.6608996539792388,-0.5121107266435986,-0.3079584775086505,-0.48788927335640137,-0.356401384083045,-0.7231833910034602,-0.3806228373702422,-0.8719723183391004,-0.4083044982698962,-1.0,-0.17993079584775087,-0.5121107266435986,-0.22491349480968859,-0.5640138408304498,-0.20761245674740483,-0.35986159169550175,-0.18685121107266436,-0.2041522491349481,-0.05190311418685121,-0.5155709342560554,-0.09688581314878893,-0.5709342560553633,-0.09688581314878893,-0.39100346020761245,-0.09688581314878893,-0.25259515570934254,0.07612456747404844,-0.5155709342560554,0.0657439446366782,-0.7093425605536332,0.04844290657439446,-0.8235294117647058,0.01384083044982699,-0.9307958477508651
6,0.0,0.0,-0.22661870503597123,-0.06115107913669065,-0.4316546762589928,-0.2697841726618705,-0.5575539568345323,-0.4316546762589928,-0.6726618705035972,-0.5359712230215827,-0.3129496402877698,-0.49640287769784175,-0.35611510791366907,-0.737410071942446,-0.38489208633093525,-0.8776978417266187,-0.4136690647482014,-1.0,-0.17985611510791366,-0.5215827338129496,-0.2302158273381295,-0.5899280575539568,-0.2158273381294964,-0.381294964028777,-0.1906474820143885,-0.22302158273381295,-0.0539568345323741,-0.5251798561151079,-0.09352517985611511,-0.6007194244604317,-0.09712230215827339,-0.41007194244604317,-0.10071942446043165,-0.2697841726618705,0.07553956834532374,-0.5251798561151079,0.07553956834532374,-0.7158273381294964,0.05755395683453238,-0.8309352517985612,0.03237410071942446,-0.935251798561151
6,0.0,0.0,-0.2112676056338028,-0.06338028169014084,-0.4119718309859155,-0.24647887323943662,-0.5633802816901409,-0.3873239436619718,-0.6936619718309859,-0.4823943661971831,-0.3345070422535211,-0.4859154929577465,-0.40492957746478875,-0.7183098591549296,-0.44014084507042256,-0.8697183098591549,-0.46830985915492956,-1.0,-0.20774647887323944,-0.5140845070422535,-0.2535211267605634,-0.5598591549295775,-0.23591549295774647,-0.3732394366197183,-0.2147887323943662,-0.22887323943661972,-0.08450704225352113,-0.528169014084507,-0.1267605633802817,-0.5845070422535211,-0.13028169014084506,-0.4154929577464789,-0.13028169014084506,-0.28169014084507044,0.04225352112676056,-0.5352112676056338,0.03169014084507042,-0.7288732394366197,0.014084507042253521,-0.8450704225352113,-0.01056338028169014,-0.9471830985915493
6,0.0,0.0,-0.21660649819494585,-0.05415162454873646,-0.4223826714801444,-0.24548736462093862,-0.5523465703971119,-0.3935018050541516,-0.6714801444043321,-0.49458483754512633,-0.3212996389891697,-0.5018050541516246,-0.38267148014440433,-0.7364620938628159,-0.4151624548736462,-0.8772563176895307,-0.45126353790613716,-1.0,-0.19855595667870035,-0.5270758122743683,-0.26353790613718414,-0.5992779783393501,-0.24548736462093862,-0.38267148014440433,-0.22382671480144403,-0.22021660649819494,-0.07220216606498195,-0.5270758122743683,-0.1299638989169675,-0.6028880866425993,-0.1263537906137184,-0.40794223826714804,-0.1299638989169675,-0.26714801444043323,0.05415162454873646,-0.5234657039711191,0.04332129963898917,-0.7184115523465704,0.02527075812274368,-0.8339350180505415,-0.007220216606498195,-0.9458483754512635
6,0.0,0.0,-0.22183098591549297,-0.07746478873239436,-0.4154929577464789,-0.27816901408450706,-0.545774647887324,-0.43661971830985913,-0.6654929577464789,-0.5352112676056338,-0.30985915492957744,-0.5070422535211268,-0.36619718309859156,-0.7359154929577465,-0.39436619718309857,-0.8767605633802817,-0.4225352112676056,-1.0,-0.1795774647887324,-0.5352112676056338,-0.2323943661971831,-0.5774647887323944,-0.21830985915492956,-0.38380281690140844,-0.2007042253521127,-0.23591549295774647,-0.056338028169014086,-0.5387323943661971,-0.10915492957746478,-0.5809859154929577,-0.11267605633802817,-0.4014084507042254,-0.11971830985915492,-0.2676056338028169,0.06690140845070422,-0.5387323943661971,0.045774647887323945,-0.7253521126760564,0.028169014084507043,-0.8345070422535211,-0.0035211267605633804,-0.9330985915492958
6,0.0,0.0,-0.23104693140794225,-0.06859205776173286,-0.4296028880866426,-0.26353790613718414,-0.5667870036101083,-0.4223826714801444,-0.6859205776173285,-0.5270758122743683,-0.3212996389891697,-0.5018050541516246,-0.37545126353790614,-0.740072202166065,-0.4043321299638989,-0.8808664259927798,-0.4332129963898917,-1.0,-0.19133574007220217,-0.5306859205776173,-0.24187725631768953,-0.5992779783393501,-0.23104693140794225,-0.3898916967509025,-0.21660649819494585,-0.22743682310469315,-0.06498194945848375,-0.5379061371841155,-0.10830324909747292,-0.6101083032490975,-0.11552346570397112,-0.4259927797833935,-0.11913357400722022,-0.2888086642599278,0.05776173285198556,-0.5379061371841155,0.05415162454873646,-0.7256317689530686,0.036101083032490974,-0.8411552346570397,0.010830324909747292,-0.9458483754512635
6,0.0,0.0,-0.2229965156794425,-0.08013937282229965,-0.41114982578397213,-0.27177700348432055,-0.5365853658536586,-0.43205574912891986,-0.6480836236933798,-0.5331010452961672,-0.30662020905923343,-0.5017421602787456,-0.3588850174216028,-0.7282229965156795,-0.37630662020905925,-0.8745644599303136,-0.39372822299651566,-1.0,-0.18118466898954705,-0.519163763066202,-0.2229965156794425,-0.5888501742160279,-0.21254355400696864,-0.397212543554007,-0.1951219512195122,-0.24738675958188153,-0.059233449477351915,-0.519163763066202,-0.10452961672473868,-0.5818815331010453,-0.10452961672473868,-0.41114982578397213,-0.10104529616724739,-0.28222996515679444,0.059233449477351915,-0.5087108013937283,0.05574912891986063,-0.6968641114982579,0.03832752613240418,-0.8013937282229965,0.013937282229965157,-0.9024390243902439
6,0.0,0.0,-0.2099644128113879,-0.08185053380782918,-0.3879003558718861,-0.28825622775800713,-0.5124555160142349,-0.44483985765124556,-0.6263345195729537,-0.5338078291814946,-0.2704626334519573,-0.505338078291815,-0.302491103202847,-0.7366548042704626,-0.3096085409252669,-0.8754448398576512,-0.3167259786476868,-1.0,-0.1494661921708185,-0.5195729537366548,-0.17793594306049823,-0.5871886120996441,-0.17437722419928825,-0.40213523131672596,-0.17437722419928825,-0.2491103202846975,-0.03202846975088968,-0.5088967971530249,-0.06761565836298933,-0.5693950177935944,-0.07473309608540925,-0.3914590747330961,-0.08540925266903915,-0.2597864768683274,0.08540925266903915,-0.49466192170818507,0.08896797153024912,-0.6690391459074733,0.08185053380782918,-0.7829181494661922,0.05693950177935943,-0.8932384341637011
6,0.0,0.0,-0.213768115942029,-0.08333333333333333,-0.391304347826087,-0.2971014492753623,-0.5108695652173914,-0.4673913043478261,-0.6340579710144928,-0.5543478260869565,-0.27898550724637683,-0.5108695652173914,-0.3079710144927536,-0.7391304347826086,-0.3188405797101449,-0.8768115942028986,-0.32971014492753625,-1.0,-0.15579710144927536,-0.5217391304347826,-0.18115942028985507,-0.5978260869565217,-0.17391304347826086,-0.40942028985507245,-0.17028985507246377,-0.2572463768115942,-0.036231884057971016,-0.5144927536231884,-0.057971014492753624,-0.5797101449275363,-0.06521739130434782,-0.40217391304347827,-0.07971014492753623,-0.2717391304347826,0.08333333333333333,-0.5036231884057971,0.08695652173913043,-0.6847826086956522,0.07971014492753623,-0.7971014492753623,0.05434782608695652,-0.9021739130434783
6,0.0,0.0,-0.21554770318021202,-0.08480565371024736,-0.38162544169611307,-0.29328621908127206,-0.49823321554770317,-0.4664310954063604,-0.6148409893992933,-0.5653710247349824,-0.2579505300353357,-0.5017667844522968,-0.28975265017667845,-0.7385159010600707,-0.29328621908127206,-0.8798586572438163,-0.303886925795053,-1.0,-0.13780918727915195,-0.5123674911660777,-0.17667844522968199,-0.5830388692579506,-0.17314487632508835,-0.3957597173144876,-0.1696113074204947,-0.2508833922261484,-0.02120141342756184,-0.508833922261484,-0.053003533568904596,-0.5830388692579506,-0.06713780918727916,-0.4098939929328622,-0.0812720848056537,-0.2791519434628975,0.09187279151943463,-0.4911660777385159,0.10600706713780919,-0.6749116607773852,0.10600706713780919,-0.7879858657243817,0.08833922261484099,-0.8975265017667845
6,0.0,0.0,-0.2206405693950178,-0.09252669039145907,-0.3914590747330961,-0.31316725978647686,-0.5088967971530249,-0.48398576512455516,-0.6263345195729537,-0.5800711743772242,-0.25622775800711745,-0.5088967971530249,-0.28113879003558717,-0.7402135231316725,-0.2846975088967972,-0.8790035587188612,-0.2918149466192171,-1.0,-0.13523131672597866,-0.5160142348754448,-0.16370106761565836,-0.5871886120996441,-0.16725978647686832,-0.398576512455516,-0.1708185053380783,-0.2491103202846975,-0.014234875444839857,-0.505338078291815,-0.03558718861209965,-0.5729537366548043,-0.05338078291814947,-0.40569395017793597,-0.07829181494661921,-0.28113879003558717,0.099644128113879,-0.49110320284697506,0.11387900355871886,-0.6690391459074733,0.11743772241992882,-0.7829181494661922,0.10320284697508897,-0.8932384341637011
6,0.0,0.0,-0.20848056537102475,-0.09187279151943463,-0.37809187279151946,-0.31448763250883394,-0.49469964664310956,-0.4840989399293286,-0.6042402826855123,-0.5936395759717314,-0.24734982332155478,-0.5123674911660777,-0.26501766784452296,-0.7455830388692579,-0.26855123674911663,-0.8798586572438163,-0.27208480565371024,-1.0,-0.12014134275618374,-0.519434628975265,-0.1519434628975265,-0.5936395759717314,-0.1519434628975265,-0.4028268551236749,-0.14487632508833923,-0.2579505300353357,0.0,-0.508833922261484,-0.024734982332155476,-0.5830388692579506,-0.04240282685512368,-0.4134275618374558,-0.05653710247349823,-0.2862190812720848,0.1166077738515901,-0.49469964664310956,0.13074204946996468,-0.6784452296819788,0.127208480565371,-0.7915194346289752,0.10954063604240283,-0.8939929328621908
6,0.0,0.0,-0.21403508771929824,-0.0912280701754386,-0.3824561403508772,-0.3087719298245614,-0.49473684210526314,-0.47719298245614034,-0.6035087719298246,-0.5824561403508772,-0.24561403508771928,-0.5052631578947369,-0.27017543859649124,-0.7403508771929824,-0.2736842105263158,-0.8807017543859649,-0.28421052631578947,-1.0,-0.12280701754385964,-0.5087719298245614,-0.1543859649122807,-0.5789473684210527,-0.15789473684210525,-0.38596491228070173,-0.15789473684210525,-0.23859649122807017,-0.0035087719298245615,-0.4982456140350877,-0.02456140350877193,-0.5719298245614035,-0.0456140350877193,-0.39649122807017545,-0.06666666666666667,-0.26666666666666666,0.11228070175438597,-0.4807017543859649,0.12631578947368421,-0.6666666666666666,0.12280701754385964,-0.7824561403508772,0.11228070175438597,-0.887719298245614
6,0.0,0.0,-0.2152777777777778,-0.09027777777777778,-0.3819444444444444,-0.3055555555555556,-0.4895833333333333,-0.4756944444444444,-0.5972222222222222,-0.5868055555555556,-0.2465277777777778,-0.4930555555555556,-0.2708333333333333,-0.7361111111111112,-0.2708333333333333,-0.875,-0.2777777777777778,-1.0,-0.12152777777777778,-0.4965277777777778,-0.1527777777777778,-0.5694444444444444,-0.14930555555555555,-0.3819444444444444,-0.14930555555555555,-0.23958333333333334,-0.003472222222222222,-0.4895833333333333,-0.024305555555555556,-0.5798611111111112,-0.041666666666666664,-0.40625,-0.0625,-0.2777777777777778,0.1111111111111111,-0.4826388888888889,0.12152777777777778,-0.6666666666666666,0.11805555555555555,-0.78125,0.10416666666666667,-0.8888888888888888
6,0.0,0.0,-0.21453287197231835,-0.08996539792387544,-0.3737024221453287,-0.31141868512110726,-0.4844290657439446,-0.48788927335640137,-0.5916955017301038,-0.5916955017301038,-0.2491349480968858,-0.5051903114186851,-0.25951557093425603,-0.7439446366782007,-0.25951557093425603,-0.8788927335640139,-0.2664359861591695,-1.0,-0.1245674740484429,-0.5051903114186851,-0.1384083044982699,-0.5778546712802768,-0.1453287197231834,-0.38408304498269896,-0.16262975778546712,-0.23529411764705882,-0.010380622837370242,-0.4913494809688581,-0.006920415224913495,-0.5743944636678201,-0.031141868512110725,-0.40484429065743943,-0.0657439446366782,-0.2837370242214533,0.10726643598615918,-0.4740484429065744,0.1245674740484429,-0.6539792387543253,0.1245674740484429,-0.7681660899653979,0.11418685121107267,-0.8823529411764706
6,0.0,0.0,-0.20202020202020202,-0.08754208754208755,-0.36363636363636365,-0.2895622895622896,-0.468013468013468,-0.45791245791245794,-0.5589225589225589,-0.5723905723905723,-0.24242424242424243,-0.5016835016835017,-0.26262626262626265,-0.7373737373737373,-0.25925925925925924,-0.8787878787878788,-0.26262626262626265,-1.0,-0.11784511784511785,-0.5084175084175084,-0.1447811447811448,-0.5723905723905723,-0.13804713804713806,-0.3838383838383838,-0.13468013468013468,-0.2356902356902357,0.0,-0.5016835016835017,-0.030303030303030304,-0.5622895622895623,-0.04377104377104377,-0.3872053872053872,-0.06397306397306397,-0.2558922558922559,0.11784511784511785,-0.4882154882154882,0.13131313131313133,-0.6666666666666666,0.13468013468013468,-0.7744107744107744,0.11447811447811448,-0.8821548821548821
6,0.0,0.0,-0.21942446043165467,-0.08992805755395683,-0.3776978417266187,-0.3057553956834532,-0.4856115107913669,-0.4784172661870504,-0.6007194244604317,-0.579136690647482,-0.2517985611510791,-0.5143884892086331,-0.2697841726618705,-0.7517985611510791,-0.2697841726618705,-0.8848920863309353,-0.2805755395683453,-1.0,-0.12589928057553956,-0.5107913669064749,-0.14028776978417265,-0.5683453237410072,-0.1474820143884892,-0.37050359712230213,-0.1618705035971223,-0.2158273381294964,-0.007194244604316547,-0.49640287769784175,-0.0035971223021582736,-0.564748201438849,-0.02158273381294964,-0.38489208633093525,-0.050359712230215826,-0.25539568345323743,0.11510791366906475,-0.4748201438848921,0.12949640287769784,-0.6546762589928058,0.12949640287769784,-0.7733812949640287,0.11510791366906475,-0.8884892086330936
6,0.0,0.0,-0.20557491289198607,-0.10104529616724739,-0.36585365853658536,-0.3205574912891986,-0.46689895470383275,-0.49477351916376305,-0.5679442508710801,-0.5993031358885017,-0.23344947735191637,-0.5087108013937283,-0.24738675958188153,-0.7421602787456446,-0.24041811846689895,-0.8815331010452961,-0.24390243902439024,-1.0,-0.11149825783972125,-0.5121951219512195,-0.13240418118466898,-0.578397212543554,-0.13588850174216027,-0.3902439024390244,-0.14634146341463414,-0.24738675958188153,0.003484320557491289,-0.5017421602787456,-0.013937282229965157,-0.5714285714285714,-0.0313588850174216,-0.39372822299651566,-0.05574912891986063,-0.26480836236933797,0.11498257839721254,-0.47735191637630664,0.13937282229965156,-0.6585365853658537,0.14285714285714285,-0.7700348432055749,0.1289198606271777,-0.8780487804878049
6,0.0,0.0,-0.2097902097902098,-0.0944055944055944,-0.36363636363636365,-0.3111888111888112,-0.46503496503496505,-0.486013986013986,-0.5664335664335665,-0.6048951048951049,-0.23076923076923078,-0.5034965034965035,-0.24475524475524477,-0.7377622377622378,-0.24125874125874125,-0.8776223776223776,-0.24475524475524477,-1.0,-0.11188811188811189,-0.4965034965034965,-0.1258741258741259,-0.5699300699300699,-0.13636363636363635,-0.3881118881118881,-0.14685314685314685,-0.24825174825174826,0.0,-0.4825174825174825,-0.006993006993006993,-0.5629370629370629,-0.038461538461538464,-0.3951048951048951,-0.06993006993006994,-0.2727272727272727,0.11538461538461539,-0.46153846153846156,0.13286713286713286,-0.6398601398601399,0.13636363636363635,-0.7517482517482518,0.12937062937062938,-0.8636363636363636
6,0.0,0.0,-0.20557491289198607,-0.09407665505226481,-0.36585365853658536,-0.30662020905923343,-0.4634146341463415,-0.4843205574912892,-0.554006968641115,-0.6062717770034843,-0.23693379790940766,-0.5017421602787456,-0.24390243902439024,-0.7386759581881533,-0.23344947735191637,-0.8780487804878049,-0.22996515679442509,-1.0,-0.11149825783972125,-0.5052264808362369,-0.12195121951219512,-0.5749128919860628,-0.1254355400696864,-0.3902439024390244,-0.13240418118466898,-0.24390243902439024,0.003484320557491289,-0.4912891986062718,-0.010452961672473868,-0.5644599303135889,-0.027874564459930314,-0.3867595818815331,-0.05226480836236934,-0.25435540069686413,0.11498257839721254,-0.47038327526132406,0.13588850174216027,-0.6515679442508711,0.14285714285714285,-0.7630662020905923,0.13240418118466898,-0.8780487804878049
6,0.0,0.0,-0.2112676056338028,-0.1056338028169014,-0.36971830985915494,-0.323943661971831,-0.4753521126760563,-0.4964788732394366,-0.5809859154929577,-0.602112676056338,-0.24647887323943662,-0.5035211267605634,-0.25,-0.7429577464788732,-0.25,-0.8802816901408451,-0.25704225352112675,-1.0,-0.12323943661971831,-0.5035211267605634,-0.11971830985915492,-0.5669014084507042,-0.13028169014084506,-0.3732394366197183,-0.14788732394366197,-0.22183098591549297,-0.007042253521126761,-0.4859154929577465,0.0,-0.5563380281690141,-0.017605633802816902,-0.38380281690140844,-0.045774647887323945,-0.25704225352112675,0.1056338028169014,-0.4612676056338028,0.1267605633802817,-0.6373239436619719,0.13028169014084506,-0.75,0.11971830985915492,-0.8591549295774648
6,0.0,0.0,-0.1950354609929078,-0.1099290780141844,-0.34397163120567376,-0.3191489361702128,-0.4432624113475177,-0.48936170212765956,-0.5283687943262412,-0.6134751773049646,-0.2127659574468085,-0.5177304964539007,-0.21631205673758866,-0.74822695035461,-0.20567375886524822,-0.8829787234042553,-0.20567375886524822,-1.0,-0.09219858156028368,-0.5106382978723404,-0.11347517730496454,-0.5957446808510638,-0.12411347517730496,-0.4148936170212766,-0.13120567375886524,-0.26595744680851063,0.01773049645390071,-0.4929078014184397,-0.0070921985815602835,-0.5638297872340425,-0.02127659574468085,-0.38652482269503546,-0.03900709219858156,-0.2553191489361702,0.12411347517730496,-0.46808510638297873,0.1524822695035461,-0.6347517730496454,0.1595744680851064,-0.7375886524822695,0.1453900709219858,-0.8368794326241135
6,0.0,0.0,-0.19649122807017544,-0.10526315789473684,-0.34035087719298246,-0.3263157894736842,-0.4245614035087719,-0.512280701754386,-0.5017543859649123,-0.6350877192982456,-0.2,-0.519298245614035,-0.18596491228070175,-0.743859649122807,-0.1649122807017544,-0.8807017543859649,-0.15087719298245614,-1.0,-0.08421052631578947,-0.512280701754386,-0.09824561403508772,-0.5929824561403508,-0.11228070175438597,-0.4105263157894737,-0.12631578947368421,-0.26666666666666666,0.028070175438596492,-0.49122807017543857,0.010526315789473684,-0.5719298245614035,-0.021052631578947368,-0.40350877192982454,-0.04912280701754386,-0.2771929824561403,0.1368421052631579,-0.45964912280701753,0.17543859649122806,-0.6280701754385964,0.19298245614035087,-0.7263157894736842,0.19298245614035087,-0.8245614035087719
6,0.0,0.0,-0.2007042253521127,-0.11619718309859155,-0.3380281690140845,-0.3415492957746479,-0.426056338028169,-0.528169014084507,-0.5140845070422535,-0.6584507042253521,-0.19718309859154928,-0.5140845070422535,-0.18309859154929578,-0.7464788732394366,-0.16549295774647887,-0.8802816901408451,-0.15492957746478872,-1.0,-0.08098591549295775,-0.5035211267605634,-0.0880281690140845,-0.5985915492957746,-0.1056338028169014,-0.426056338028169,-0.11971830985915492,-0.29225352112676056,0.028169014084507043,-0.4859154929577465,0.03169014084507042,-0.5774647887323944,-0.0035211267605633804,-0.4154929577464789,-0.03873239436619718,-0.29577464788732394,0.13380281690140844,-0.45422535211267606,0.17253521126760563,-0.6232394366197183,0.18309859154929578,-0.7323943661971831,0.18661971830985916,-0.8345070422535211
6,0.0,0.0,-0.21223021582733814,-0.11510791366906475,-0.35251798561151076,-0.3345323741007194,-0.4460431654676259,-0.5143884892086331,-0.5287769784172662,-0.6402877697841727,-0.20503597122302158,-0.5179856115107914,-0.19424460431654678,-0.7446043165467626,-0.17266187050359713,-0.8848920863309353,-0.16546762589928057,-1.0,-0.08273381294964029,-0.5035971223021583,-0.08992805755395683,-0.5683453237410072,-0.11510791366906475,-0.39928057553956836,-0.14028776978417265,-0.26618705035971224,0.02877697841726619,-0.4856115107913669,0.02877697841726619,-0.5539568345323741,-0.01079136690647482,-0.39928057553956836,-0.046762589928057555,-0.2841726618705036,0.14028776978417265,-0.4568345323741007,0.17985611510791366,-0.6223021582733813,0.19424460431654678,-0.7302158273381295,0.19424460431654678,-0.8345323741007195
6,0.0,0.0,-0.20216606498194944,-0.11913357400722022,-0.33935018050541516,-0.33574007220216606,-0.4332129963898917,-0.516245487364621,-0.5090252707581228,-0.6498194945848376,-0.19494584837545126,-0.5126353790613718,-0.17689530685920576,-0.740072202166065,-0.15162454873646208,-0.8772563176895307,-0.1407942238267148,-1.0,-0.07581227436823104,-0.5018050541516246,-0.07220216606498195,-0.5740072202166066,-0.09386281588447654,-0.40794223826714804,-0.12274368231046931,-0.27075812274368233,0.032490974729241874,-0.48375451263537905,0.04332129963898917,-0.5595667870036101,0.010830324909747292,-0.4043321299638989,-0.032490974729241874,-0.2924187725631769,0.1407942238267148,-0.45126353790613716,0.18050541516245489,-0.6137184115523465,0.19855595667870035,-0.7220216606498195,0.20216606498194944,-0.8231046931407943
6,0.0,0.0,-0.20284697508896798,-0.1103202846975089,-0.33451957295373663,-0.33807829181494664,-0.4128113879003559,-0.5231316725978647,-0.48398576512455516,-0.6476868327402135,-0.17793594306049823,-0.5160142348754448,-0.16370106761565836,-0.7437722419928826,-0.1387900355871886,-0.8825622775800712,-0.12099644128113879,-1.0,-0.06761565836298933,-0.501779359430605,-0.06405693950177936,-0.5907473309608541,-0.09252669039145907,-0.41637010676156583,-0.12455516014234876,-0.2775800711743772,0.03914590747330961,-0.4804270462633452,0.046263345195729534,-0.5658362989323843,-0.0035587188612099642,-0.40569395017793597,-0.046263345195729534,-0.28825622775800713,0.1423487544483986,-0.4483985765124555,0.18505338078291814,-0.608540925266904,0.20284697508896798,-0.708185053380783,0.2099644128113879,-0.8042704626334519
6,0.0,0.0,-0.20652173913043478,-0.12681159420289856,-0.33695652173913043,-0.35144927536231885,-0.4166666666666667,-0.5362318840579711,-0.4855072463768116,-0.6739130434782609,-0.19927536231884058,-0.5181159420289855,-0.17391304347826086,-0.75,-0.14130434782608695,-0.8804347826086957,-0.11956521739130435,-1.0,-0.08333333333333333,-0.5072463768115942,-0.08333333333333333,-0.5978260869565217,-0.11231884057971014,-0.4311594202898551,-0.13768115942028986,-0.2971014492753623,0.028985507246376812,-0.4891304347826087,0.036231884057971016,-0.5833333333333334,-0.0036231884057971015,-0.4311594202898551,-0.043478260869565216,-0.3115942028985507,0.13768115942028986,-0.45652173913043476,0.18478260869565216,-0.6159420289855072,0.2028985507246377,-0.7210144927536232,0.20652173913043478,-0.822463768115942
6,0.0,0.0,-0.19081272084805653,-0.10954063604240283,-0.3215547703180212,-0.33568904593639576,-0.3957597173144876,-0.5123674911660777,-0.4664310954063604,-0.6395759717314488,-0.17667844522968199,-0.5159010600706714,-0.15547703180212014,-0.7420494699646644,-0.12367491166077739,-0.8763250883392226,-0.10600706713780919,-1.0,-0.05653710247349823,-0.5017667844522968,-0.05653710247349823,-0.5830388692579506,-0.07773851590106007,-0.3992932862190813,-0.10247349823321555,-0.26148409893992935,0.053003533568904596,-0.4734982332155477,0.053003533568904596,-0.5547703180212014,0.014134275618374558,-0.38515901060070673,-0.024734982332155476,-0.26148409893992935,0.15901060070671377,-0.4381625441696113,0.2049469964664311,-0.6042402826855123,0.22614840989399293,-0.7102473498233216,0.22968197879858657,-0.8127208480565371
6,0.0,0.0,-0.20577617328519857,-0.1299638989169675,-0.33212996389891697,-0.3574007220216607,-0.40794223826714804,-0.5415162454873647,-0.48014440433212996,-0.6678700361010831,-0.17328519855595667,-0.5270758122743683,-0.15162454873646208,-0.7545126353790613,-0.11913357400722022,-0.8844765342960289,-0.09386281588447654,-1.0,-0.061371841155234655,-0.5054151624548736,-0.061371841155234655,-0.5956678700361011,-0.09747292418772563,-0.4259927797833935,-0.1299638989169675,-0.2888086642599278,0.04332129963898917,-0.47653429602888087,0.04693140794223827,-0.5631768953068592,0.0036101083032490976,-0.4043321299638989,-0.036101083032490974,-0.2815884476534296,0.148014440433213,-0.4368231046931408,0.19855595667870035,-0.5956678700361011,0.21660649819494585,-0.7003610108303249,0.22743682310469315,-0.7942238267148014
6,0.0,0.0,-0.1872791519434629,-0.12014134275618374,-0.31802120141342755,-0.35335689045936397,-0.4028268551236749,-0.5265017667844523,-0.4840989399293286,-0.6466431095406361,-0.15547703180212014,-0.519434628975265,-0.13427561837455831,-0.7455830388692579,-0.11307420494699646,-0.8833922261484098,-0.09540636042402827,-1.0,-0.038869257950530034,-0.5017667844522968,-0.045936395759717315,-0.5724381625441696,-0.07420494699646643,-0.3957597173144876,-0.09540636042402827,-0.254416961130742,0.0706713780918728,-0.46996466431095407,0.0636042402826855,-0.5406360424028268,0.024734982332155476,-0.38162544169611307,-0.01060070671378092,-0.26501766784452296,0.17667844522968199,-0.43462897526501765,0.21908127208480566,-0.6007067137809188,0.23674911660777384,-0.7102473498233216,0.24734982332155478,-0.8127208480565371
6,0.0,0.0,-0.2049469964664311,-0.12367491166077739,-0.34275618374558303,-0.35335689045936397,-0.4204946996466431,-0.5371024734982333,-0.5017667844522968,-0.6607773851590106,-0.17314487632508835,-0.5159010600706714,-0.1519434628975265,-0.7455830388692579,-0.13427561837455831,-0.8798586572438163,-0.127208480565371,-1.0,-0.06007067137809187,-0.49823321554770317,-0.06007067137809187,-0.5830388692579506,-0.08833922261484099,-0.40636042402826855,-0.12014134275618374,-0.26855123674911663,0.045936395759717315,-0.46996466431095407,0.053003533568904596,-0.5512367491166078,0.01060070671378092,-0.3992932862190813,-0.03180212014134275,-0.2862190812720848,0.15547703180212014,-0.4381625441696113,0.1978798586572438,-0.607773851590106,0.2226148409893993,-0.7137809187279152,0.22968197879858657,-0.8162544169611308
6,0.0,0.0,-0.18456375838926176,-0.10738255033557047,-0.3221476510067114,-0.33557046979865773,-0.40604026845637586,-0.5067114093959731,-0.4966442953020134,-0.6208053691275168,-0.15771812080536912,-0.5134228187919463,-0.15100671140939598,-0.7416107382550335,-0.1342281879194631,-0.8825503355704698,-0.12416107382550336,-1.0,-0.040268456375838924,-0.5033557046979866,-0.06711409395973154,-0.5570469798657718,-0.09731543624161074,-0.3724832214765101,-0.1174496644295302,-0.23154362416107382,0.0738255033557047,-0.47315436241610737,0.04697986577181208,-0.5335570469798657,0.006711409395973154,-0.37919463087248323,-0.02348993288590604,-0.26174496644295303,0.18456375838926176,-0.4429530201342282,0.2181208053691275,-0.6208053691275168,0.23154362416107382,-0.7281879194630873,0.23825503355704697,-0.8322147651006712
6,0.0,0.0,-0.20477815699658702,-0.10580204778156997,-0.3447098976109215,-0.33447098976109213,-0.4300341296928328,-0.5085324232081911,-0.515358361774744,-0.6279863481228669,-0.17406143344709898,-0.5187713310580204,-0.16382252559726962,-0.7440273037542662,-0.15358361774744028,-0.8805460750853242,-0.14334470989761092,-1.0,-0.05802047781569966,-0.5085324232081911,-0.06825938566552901,-0.5699658703071673,-0.08873720136518772,-0.39590443686006827,-0.10580204778156997,-0.25597269624573377,0.04778156996587031,-0.4880546075085324,0.03754266211604096,-0.5460750853242321,0.010238907849829351,-0.3856655290102389,-0.020477815699658702,-0.26621160409556316,0.15699658703071673,-0.46075085324232085,0.19112627986348124,-0.6348122866894198,0.20477815699658702,-0.7440273037542662,0.20136518771331058,-0.8464163822525598
6,0.0,0.0,-0.19528619528619529,-0.09764309764309764,-0.3367003367003367,-0.31313131313131315,-0.42424242424242425,-0.4781144781144781,-0.5084175084175084,-0.5858585858585859,-0.19865319865319866,-0.5084175084175084,-0.19528619528619529,-0.7373737373737373,-0.18855218855218855,-0.8754208754208754,-0.1919191919191919,-1.0,-0.08417508417508418,-0.5084175084175084,-0.1111111111111111,-0.5791245791245792,-0.12457912457912458,-0.40404040404040403,-0.1414141414141414,-0.26936026936026936,0.03367003367003367,-0.49158249158249157,0.013468013468013467,-0.5622895622895623,-0.020202020202020204,-0.40404040404040403,-0.05723905723905724,-0.28619528619528617,0.15488215488215487,-0.4612794612794613,0.18518518518518517,-0.6464646464646465,0.1919191919191919,-0.7609427609427609,0.18855218855218855,-0.8686868686868687
6,0.0,0.0,-0.18729096989966554,-0.10033444816053512,-0.34448160535117056,-0.3110367892976589,-0.4414715719063545,-0.47157190635451507,-0.5351170568561873,-0.5819397993311036,-0.20735785953177258,-0.5083612040133779,-0.21739130434782608,-0.7357859531772575,-0.22073578595317725,-0.8762541806020067,-0.23076923076923078,-1.0,-0.08695652173913043,-0.5083612040133779,-0.12709030100334448,-0.5719063545150501,-0.14381270903010032,-0.38127090301003347,-0.1505016722408027,-0.23745819397993312,0.030100334448160536,-0.4916387959866221,0.0,-0.5551839464882943,-0.033444816053511704,-0.391304347826087,-0.06020066889632107,-0.26755852842809363,0.15384615384615385,-0.4682274247491639,0.17725752508361203,-0.6588628762541806,0.18394648829431437,-0.7792642140468228,0.16722408026755853,-0.8896321070234113
6,0.0,0.0,-0.20333333333333334,-0.1,-0.36,-0.3,-0.4533333333333333,-0.4533333333333333,-0.53,-0.57,-0.23,-0.5066666666666667,-0.24,-0.74,-0.24666666666666667,-0.8833333333333333,-0.25666666666666665,-1.0,-0.10666666666666667,-0.5066666666666667,-0.15666666666666668,-0.5733333333333334,-0.16666666666666666,-0.38666666666666666,-0.16333333333333333,-0.24333333333333335,0.013333333333333334,-0.49333333333333335,-0.03,-0.56,-0.05333333333333334,-0.3933333333333333,-0.07333333333333333,-0.26666666666666666,0.13666666666666666,-0.48,0.15333333333333332,-0.67,0.15,-0.7866666666666666,0.13333333333333333,-0.89
6,0.0,0.0,-0.20198675496688742,-0.09271523178807947,-0.37748344370860926,-0.30132450331125826,-0.49337748344370863,-0.4602649006622517,-0.5960264900662252,-0.5629139072847682,-0.25496688741721857,-0.5099337748344371,-0.2847682119205298,-0.7350993377483444,-0.2947019867549669,-0.8807947019867549,-0.3079470198675497,-1.0,-0.13245033112582782,-0.5231788079470199,-0.18543046357615894,-0.5728476821192053,-0.18874172185430463,-0.37748344370860926,-0.18211920529801323,-0.22185430463576158,-0.009933774834437087,-0.5132450331125827,-0.06291390728476821,-0.5728476821192053,-0.076158940397351,-0.40728476821192056,-0.08278145695364239,-0.27483443708609273,0.11258278145695365,-0.5,0.12251655629139073,-0.6986754966887417,0.10927152317880795,-0.8178807947019867,0.08609271523178808,-0.9205298013245033
6,0.0,0.0,-0.22525597269624573,-0.08532423208191127,-0.40273037542662116,-0.29692832764505117,-0.515358361774744,-0.45733788395904434,-0.6313993174061433,-0.552901023890785,-0.2764505119453925,-0.5085324232081911,-0.30716723549488056,-0.7406143344709898,-0.3242320819112628,-0.8771331058020477,-0.3447098976109215,-1.0,-0.15699658703071673,-0.5187713310580204,-0.21160409556313994,-0.590443686006826,-0.2150170648464164,-0.39590443686006827,-0.20819112627986347,-0.24232081911262798,-0.040955631399317405,-0.515358361774744,-0.09215017064846416,-0.5836177474402731,-0.10921501706484642,-0.4129692832764505,-0.11945392491467577,-0.28668941979522183,0.07849829351535836,-0.5051194539249146,0.08532423208191127,-0.7064846416382252,0.07849829351535836,-0.825938566552901,0.051194539249146756,-0.931740614334471
6,0.0,0.0,-0.20608108108108109,-0.07094594594594594,-0.3952702702702703,-0.2668918918918919,-0.5202702702702703,-0.4155405405405405,-0.6385135135135135,-0.5067567567567568,-0.2905405405405405,-0.49324324324324326,-0.34121621621621623,-0.722972972972973,-0.36824324324324326,-0.875,-0.3918918918918919,-1.0,-0.16891891891891891,-0.5168918918918919,-0.23310810810810811,-0.5675675675675675,-0.2195945945945946,-0.36824324324324326,-0.19594594594594594,-0.21621621621621623,-0.0472972972972973,-0.5236486486486487,-0.10135135135135136,-0.5878378378378378,-0.11486486486486487,-0.4189189189189189,-0.11486486486486487,-0.28378378378378377,0.08108108108108109,-0.5236486486486487,0.07094594594594594,-0.722972972972973,0.05405405405405406,-0.8445945945945946,0.02364864864864865,-0.9493243243243243
6,0.0,0.0,-0.22336769759450173,-0.048109965635738834,-0.41580756013745707,-0.21649484536082475,-0.5670103092783505,-0.35738831615120276,-0.7044673539518901,-0.44329896907216493,-0.3436426116838488,-0.4639175257731959,-0.4054982817869416,-0.7147766323024055,-0.43986254295532645,-0.8694158075601375,-0.4742268041237113,-1.0,-0.23367697594501718,-0.49140893470790376,-0.28865979381443296,-0.5601374570446735,-0.2611683848797251,-0.36769759450171824,-0.24054982817869416,-0.2268041237113402,-0.12027491408934708,-0.5085910652920962,-0.16838487972508592,-0.5945017182130584,-0.16151202749140894,-0.422680412371134,-0.16151202749140894,-0.29896907216494845,-0.003436426116838488,-0.5223367697594502,-0.01718213058419244,-0.7250859106529209,-0.041237113402061855,-0.8419243986254296,-0.08247422680412371,-0.9518900343642611
6,0.0,0.0,-0.23591549295774647,-0.03873239436619718,-0.4471830985915493,-0.2007042253521127,-0.5985915492957746,-0.3345070422535211,-0.721830985915493,-0.44014084507042256,-0.36619718309859156,-0.46830985915492956,-0.44366197183098594,-0.7077464788732394,-0.4964788732394366,-0.8591549295774648,-0.5492957746478874,-0.9823943661971831,-0.25,-0.5105633802816901,-0.3380281690140845,-0.5633802816901409,-0.29577464788732394,-0.36619718309859156,-0.24295774647887325,-0.21830985915492956,-0.13028169014084506,-0.5422535211267606,-0.2112676056338028,-0.6056338028169014,-0.19718309859154928,-0.4295774647887324,-0.17253521126760563,-0.29577464788732394,-0.007042253521126761,-0.5669014084507042,-0.03873239436619718,-0.7816901408450704,-0.08098591549295775,-0.897887323943662,-0.13380281690140844,-1.0
6,0.0,0.0,-0.24285714285714285,-0.02857142857142857,-0.4714285714285714,-0.19642857142857142,-0.6357142857142857,-0.32857142857142857,-0.7857142857142857,-0.4035714285714286,-0.3964285714285714,-0.4642857142857143,-0.5035714285714286,-0.7,-0.5607142857142857,-0.8464285714285714,-0.6107142857142858,-0.9714285714285714,-0.2857142857142857,-0.5035714285714286,-0.3535714285714286,-0.5607142857142857,-0.31785714285714284,-0.3607142857142857,-0.28214285714285714,-0.21071428571428572,-0.16785714285714284,-0.5321428571428571,-0.23214285714285715,-0.6071428571428571,-0.21428571428571427,-0.42857142857142855,-0.2,-0.3,-0.04642857142857143,-0.5571428571428572,-0.09642857142857143,-0.775,-0.1392857142857143,-0.8928571428571429,-0.19285714285714287,-1.0
6,0.0,0.0,-0.23958333333333334,-0.04513888888888889,-0.4722222222222222,-0.20833333333333334,-0.6284722222222222,-0.34375,-0.7569444444444444,-0.4409722222222222,-0.3680555555555556,-0.4722222222222222,-0.4652777777777778,-0.7083333333333334,-0.5243055555555556,-0.8576388888888888,-0.5833333333333334,-0.9826388888888888,-0.2534722222222222,-0.5104166666666666,-0.3368055555555556,-0.5555555555555556,-0.3020833333333333,-0.3541666666666667,-0.2569444444444444,-0.2048611111111111,-0.1388888888888889,-0.5381944444444444,-0.21875,-0.5972222222222222,-0.2048611111111111,-0.40625,-0.18055555555555555,-0.2638888888888889,-0.024305555555555556,-0.5659722222222222,-0.06597222222222222,-0.78125,-0.1111111111111111,-0.8993055555555556,-0.1701388888888889,-1.0
6,0.0,0.0,-0.23157894736842105,-0.007017543859649123,-0.4280701754385965,-0.14736842105263157,-0.5649122807017544,-0.27017543859649124,-0.6912280701754386,-0.3543859649122807,-0.40350877192982454,-0.45263157894736844,-0.512280701754386,-0.6947368421052632,-0.5789473684210527,-0.8526315789473684,-0.6350877192982456,-0.9824561403508771,-0.28771929824561404,-0.5017543859649123,-0.3684210526315789,-0.5473684210526316,-0.3298245614035088,-0.3684210526315789,-0.2771929824561403,-0.23508771929824562,-0.17543859649122806,-0.5368421052631579,-0.2596491228070175,-0.5929824561403508,-0.24561403508771928,-0.42105263157894735,-0.21754385964912282,-0.2982456140350877,-0.06666666666666667,-0.5754385964912281,-0.11228070175438597,-0.7929824561403509,-0.16842105263157894,-0.9052631578947369,-0.23157894736842105,-1.0
6,0.0,0.0,-0.2229965156794425,-0.03484320557491289,-0.4425087108013937,-0.1916376306620209,-0.5993031358885017,-0.3240418118466899,-0.735191637630662,-0.4181184668989547,-0.3902439024390244,-0.4808362369337979,-0.4843205574912892,-0.7177700348432056,-0.5331010452961672,-0.8641114982578397,-0.5818815331010453,-0.9930313588850174,-0.2682926829268293,-0.5226480836236934,-0.34494773519163763,-0.578397212543554,-0.2961672473867596,-0.3693379790940767,-0.2508710801393728,-0.20209059233449478,-0.14982578397212543,-0.5435540069686411,-0.2229965156794425,-0.6062717770034843,-0.1951219512195122,-0.4146341463414634,-0.1672473867595819,-0.27177700348432055,-0.024390243902439025,-0.5609756097560976,-0.06968641114982578,-0.7735191637630662,-0.11149825783972125,-0.8954703832752613,-0.16376306620209058,-1.0
6,0.0,0.0,-0.20394736842105263,-0.07894736842105263,-0.39144736842105265,-0.2730263157894737,-0.5098684210526315,-0.41776315789473684,-0.6019736842105263,-0.5098684210526315,-0.2631578947368421,-0.5164473684210527,-0.3125,-0.7467105263157895,-0.33223684210526316,-0.881578947368421,-0.35855263157894735,-1.0,-0.14802631578947367,-0.5230263157894737,-0.2138157894736842,-0.6052631578947368,-0.20394736842105263,-0.4144736842105263,-0.19078947368421054,-0.26973684210526316,-0.03289473684210526,-0.5098684210526315,-0.09868421052631579,-0.5822368421052632,-0.10855263157894737,-0.39144736842105265,-0.11513157894736842,-0.2532894736842105,0.08552631578947369,-0.4967105263157895,0.07236842105263158,-0.694078947368421,0.05263157894736842,-0.8125,0.009868421052631578,-0.9276315789473685
6,0.0,0.0,-0.21782178217821782,-0.07260726072607261,-0.39603960396039606,-0.2706270627062706,-0.5148514851485149,-0.42244224422442245,-0.6270627062706271,-0.5148514851485149,-0.27722772277227725,-0.5082508250825083,-0.31683168316831684,-0.7392739273927392,-0.3333333333333333,-0.8811881188118812,-0.35313531353135313,-1.0,-0.15841584158415842,-0.5214521452145214,-0.20462046204620463,-0.5874587458745875,-0.19471947194719472,-0.38943894389438943,-0.18811881188118812,-0.23432343234323433,-0.0429042904290429,-0.5181518151815182,-0.07920792079207921,-0.5808580858085809,-0.0891089108910891,-0.39933993399339934,-0.10231023102310231,-0.26732673267326734,0.07260726072607261,-0.504950495049505,0.06930693069306931,-0.693069306930693,0.052805280528052806,-0.8085808580858086,0.0231023102310231,-0.9141914191419142
6,0.0,0.0,-0.20132013201320131,-0.10231023102310231,-0.35973597359735976,-0.31353135313531355,-0.46534653465346537,-0.47854785478547857,-0.5544554455445545,-0.5874587458745875,-0.21782178217821782,-0.5181518151815182,-0.2376237623762376,-0.7425742574257426,-0.24422442244224424,-0.8811881188118812,-0.25742574257425743,-1.0,-0.09900990099009901,-0.5247524752475248,-0.1485148514851485,-0.5841584158415841,-0.1551155115511551,-0.3927392739273927,-0.15841584158415842,-0.24092409240924093,0.013201320132013201,-0.5148514851485149,-0.036303630363036306,-0.5676567656765676,-0.056105610561056105,-0.3927392739273927,-0.07590759075907591,-0.264026402640264,0.132013201320132,-0.49834983498349833,0.1485148514851485,-0.6897689768976898,0.15181518151815182,-0.8052805280528053,0.12871287128712872,-0.9141914191419142
6,0.0,0.0,-0.1986970684039088,-0.09120521172638436,-0.3517915309446254,-0.3127035830618892,-0.4495114006514658,-0.4820846905537459,-0.5537459283387622,-0.5928338762214984,-0.21172638436482086,-0.5146579804560261,-0.2247557003257329,-0.745928338762215,-0.2247557003257329,-0.8827361563517915,-0.23127035830618892,-1.0,-0.09446254071661238,-0.5146579804560261,-0.13029315960912052,-0.5765472312703583,-0.14006514657980457,-0.39087947882736157,-0.1498371335504886,-0.250814332247557,0.02280130293159609,-0.498371335504886,-0.003257328990228013,-0.5635179153094463,-0.029315960912052116,-0.3941368078175896,-0.05537459283387622,-0.2703583061889251,0.13680781758957655,-0.4820846905537459,0.15309446254071662,-0.6710097719869706,0.1563517915309446,-0.7915309446254072,0.14332247557003258,-0.8990228013029316
6,0.0,0.0,-0.19601328903654486,-0.10963455149501661,-0.33554817275747506,-0.31893687707641194,-0.42524916943521596,-0.4850498338870432,-0.5049833887043189,-0.6079734219269103,-0.18604651162790697,-0.5116279069767442,-0.17275747508305647,-0.7375415282392026,-0.15946843853820597,-0.8770764119601329,-0.15946843853820597,-1.0,-0.0664451827242525,-0.5049833887043189,-0.09302325581395349,-0.5647840531561462,-0.11295681063122924,-0.3853820598006645,-0.12956810631229235,-0.2425249169435216,0.046511627906976744,-0.4883720930232558,0.023255813953488372,-0.5548172757475083,-0.009966777408637873,-0.3920265780730897,-0.03986710963455149,-0.2691029900332226,0.15946843853820597,-0.46179401993355484,0.19269102990033224,-0.6378737541528239,0.20930232558139536,-0.7541528239202658,0.2059800664451827,-0.867109634551495
6,0.0,0.0,-0.2040133779264214,-0.11371237458193979,-0.34782608695652173,-0.33444816053511706,-0.44481605351170567,-0.5117056856187291,-0.5351170568561873,-0.6354515050167224,-0.19732441471571907,-0.5117056856187291,-0.1939799331103679,-0.7424749163879598,-0.18729096989966554,-0.8795986622073578,-0.1939799331103679,-1.0,-0.08361204013377926,-0.5050167224080268,-0.10033444816053512,-0.5752508361204013,-0.11705685618729098,-0.39464882943143814,-0.13712374581939799,-0.25418060200668896,0.030100334448160536,-0.48494983277591974,0.026755852842809364,-0.5719063545150501,-0.013377926421404682,-0.411371237458194,-0.05016722408026756,-0.2909698996655518,0.14046822742474915,-0.46153846153846156,0.17725752508361203,-0.6387959866220736,0.19732441471571907,-0.7558528428093646,0.20066889632107024,-0.8695652173913043
6,0.0,0.0,-0.1986754966887417,-0.1291390728476821,-0.33112582781456956,-0.347682119205298,-0.4271523178807947,-0.5231788079470199,-0.5132450331125827,-0.6390728476821192,-0.16556291390728478,-0.5198675496688742,-0.16225165562913907,-0.7450331125827815,-0.1456953642384106,-0.8841059602649006,-0.1390728476821192,-1.0,-0.052980132450331126,-0.5099337748344371,-0.08278145695364239,-0.5728476821192053,-0.10927152317880795,-0.40066225165562913,-0.1357615894039735,-0.26490066225165565,0.056291390728476824,-0.4867549668874172,0.033112582781456956,-0.5496688741721855,-0.006622516556291391,-0.38741721854304634,-0.046357615894039736,-0.2682119205298013,0.16556291390728478,-0.45364238410596025,0.2119205298013245,-0.6258278145695364,0.2251655629139073,-0.7384105960264901,0.22185430463576158,-0.8443708609271523
6,0.0,0.0,-0.19047619047619047,-0.12244897959183673,-0.3231292517006803,-0.336734693877551,-0.41156462585034015,-0.5068027210884354,-0.48299319727891155,-0.6394557823129252,-0.16326530612244897,-0.5204081632653061,-0.14965986394557823,-0.7482993197278912,-0.1326530612244898,-0.8843537414965986,-0.12244897959183673,-1.0,-0.047619047619047616,-0.5034013605442177,-0.06462585034013606,-0.5714285714285714,-0.10204081632653061,-0.3979591836734694,-0.1326530612244898,-0.2585034013605442,0.061224489795918366,-0.47278911564625853,0.05442176870748299,-0.5510204081632653,0.006802721088435374,-0.3945578231292517,-0.034013605442176874,-0.282312925170068,0.16666666666666666,-0.43537414965986393,0.2108843537414966,-0.6020408163265306,0.22789115646258504,-0.717687074829932,0.23469387755102042,-0.8299319727891157
6,0.0,0.0,-0.19601328903654486,-0.11960132890365449,-0.33554817275747506,-0.3488372093023256,-0.4186046511627907,-0.5282392026578073,-0.4950166112956811,-0.6445182724252492,-0.15946843853820597,-0.5249169435215947,-0.14950166112956811,-0.7441860465116279,-0.12292358803986711,-0.8837209302325582,-0.10963455149501661,-1.0,-0.046511627906976744,-0.5116279069767442,-0.0664451827242525,-0.5714285714285714,-0.09966777408637874,-0.39867109634551495,-0.12292358803986711,-0.26245847176079734,0.059800664451827246,-0.4850498338870432,0.03322259136212625,-0.5448504983388704,-0.009966777408637873,-0.38205980066445183,-0.04318936877076412,-0.26245847176079734,0.16279069767441862,-0.45182724252491696,0.20930232558139536,-0.6179401993355482,0.23255813953488372,-0.717607973421927,0.23920265780730898,-0.813953488372093
6,0.0,0.0,-0.1952054794520548,-0.11301369863013698,-0.3219178082191781,-0.3321917808219178,-0.3938356164383562,-0.5136986301369864,-0.4486301369863014,-0.6541095890410958,-0.1541095890410959,-0.5102739726027398,-0.1267123287671233,-0.7397260273972602,-0.10273972602739725,-0.8767123287671232,-0.09246575342465753,-1.0,-0.03767123287671233,-0.4965753424657534,-0.05136986301369863,-0.571917808219178,-0.0958904109589041,-0.4041095890410959,-0.13356164383561644,-0.2636986301369863,0.07534246575342465,-0.4726027397260274,0.07191780821917808,-0.5547945205479452,0.0136986301369863,-0.4041095890410959,-0.03767123287671233,-0.2876712328767123,0.1815068493150685,-0.4383561643835616,0.22945205479452055,-0.6027397260273972,0.2568493150684932,-0.7123287671232876,0.273972602739726,-0.821917808219178
6,0.0,0.0,-0.17567567567567569,-0.11486486486486487,-0.30405405405405406,-0.33783783783783783,-0.38175675675675674,-0.5101351351351351,-0.4391891891891892,-0.6385135135135135,-0.14864864864864866,-0.5236486486486487,-0.12162162162162163,-0.7466216216216216,-0.0945945945945946,-0.8817567567567568,-0.08108108108108109,-1.0,-0.02702702702702703,-0.5101351351351351,-0.04054054054054054,-0.5709459459459459,-0.0777027027027027,-0.3885135135135135,-0.11148648648648649,-0.25,0.08108108108108109,-0.4797297297297297,0.07432432432432433,-0.5506756756756757,0.02027027027027027,-0.3885135135135135,-0.02702702702702703,-0.2702702702702703,0.1858108108108108,-0.44256756756756754,0.23310810810810811,-0.6047297297297297,0.25675675675675674,-0.706081081081081,0.2668918918918919,-0.8108108108108109
6,0.0,0.0,-0.1952054794520548,-0.13013698630136986,-0.3253424657534247,-0.3527397260273973,-0.4041095890410959,-0.5273972602739726,-0.4726027397260274,-0.6575342465753424,-0.15753424657534246,-0.5205479452054794,-0.13356164383561644,-0.7465753424657534,-0.1095890410958904,-0.8835616438356164,-0.0958904109589041,-1.0,-0.03767123287671233,-0.5,-0.04452054794520548,-0.5684931506849316,-0.07534246575342465,-0.3972602739726027,-0.10616438356164383,-0.2602739726027397,0.07191780821917808,-0.4726027397260274,0.0684931506849315,-0.541095890410959,0.0273972602739726,-0.3904109589041096,-0.0136986301369863,-0.2773972602739726,0.1780821917808219,-0.4452054794520548,0.2328767123287671,-0.6061643835616438,0.2568493150684932,-0.708904109589041,0.2705479452054795,-0.8047945205479452
6,0.0,0.0,-0.18947368421052632,-0.12982456140350876,-0.3157894736842105,-0.3543859649122807,-0.3929824561403509,-0.5228070175438596,-0.45263157894736844,-0.6596491228070176,-0.15087719298245614,-0.5263157894736842,-0.11929824561403508,-0.7473684210526316,-0.09824561403508772,-0.8807017543859649,-0.08771929824561403,-1.0,-0.031578947368421054,-0.5087719298245614,-0.0456140350877193,-0.5719298245614035,-0.08421052631578947,-0.3929824561403509,-0.11929824561403508,-0.25263157894736843,0.08070175438596491,-0.47719298245614034,0.07368421052631578,-0.543859649122807,0.021052631578947368,-0.38596491228070173,-0.028070175438596492,-0.26666666666666666,0.18947368421052632,-0.4456140350877193,0.24210526315789474,-0.6140350877192983,0.2736842105263158,-0.7192982456140351,0.28771929824561404,-0.8245614035087719
6,0.0,0.0,-0.17905405405405406,-0.11486486486486487,-0.3141891891891892,-0.33783783783783783,-0.3918918918918919,-0.5101351351351351,-0.46959459459459457,-0.6283783783783784,-0.15202702702702703,-0.5236486486486487,-0.13513513513513514,-0.7432432432432432,-0.11486486486486487,-0.8817567567567568,-0.10472972972972973,-1.0,-0.02702702702702703,-0.5101351351351351,-0.05067567567567568,-0.5608108108108109,-0.08108108108108109,-0.3783783783783784,-0.10472972972972973,-0.23310810810810811,0.08783783783783784,-0.4831081081081081,0.07094594594594594,-0.5371621621621622,0.02364864864864865,-0.3783783783783784,-0.013513513513513514,-0.26013513513513514,0.19932432432432431,-0.44932432432432434,0.23986486486486486,-0.6216216216216216,0.25675675675675674,-0.7297297297297297,0.26013513513513514,-0.831081081081081
6,0.0,0.0,-0.1919191919191919,-0.08417508417508418,-0.3434343434343434,-0.29292929292929293,-0.4276094276094276,-0.4713804713804714,-0.5084175084175084,-0.5993265993265994,-0.21885521885521886,-0.5185185185185185,-0.23232323232323232,-0.7407407407407407,-0.23905723905723905,-0.8821548821548821,-0.24242424242424243,-1.0,-0.10101010101010101,-0.5218855218855218,-0.14814814814814814,-0.6195286195286195,-0.16498316498316498,-0.4444444444444444,-0.16161616161616163,-0.30303030303030304,0.013468013468013467,-0.5084175084175084,-0.03367003367003367,-0.5959595959595959,-0.06060606060606061,-0.43434343434343436,-0.06397306397306397,-0.31313131313131315,0.12457912457912458,-0.49158249158249157,0.14814814814814814,-0.67003367003367,0.1447811447811448,-0.7811447811447811,0.13804713804713806,-0.8855218855218855
6,0.0,0.0,-0.20666666666666667,-0.07666666666666666,-0.38333333333333336,-0.2833333333333333,-0.49333333333333335,-0.44333333333333336,-0.6,-0.5466666666666666,-0.27666666666666667,-0.5066666666666667,-0.30333333333333334,-0.7333333333333333,-0.31333333333333335,-0.8766666666666667,-0.33,-1.0,-0.15333333333333332,-0.5266666666666666,-0.18666666666666668,-0.5733333333333334,-0.18666666666666668,-0.37666666666666665,-0.18,-0.22333333333333333,-0.02666666666666667,-0.5233333333333333,-0.056666666666666664,-0.57,-0.07333333333333333,-0.4066666666666667,-0.09333333333333334,-0.28,0.1,-0.5066666666666667,0.1,-0.6933333333333334,0.09,-0.8133333333333334,0.06666666666666667,-0.9166666666666666
6,0.0,0.0,-0.21016949152542372,-0.08135593220338982,-0.38305084745762713,-0.29152542372881357,-0.4915254237288136,-0.4542372881355932,-0.5966101694915255,-0.559322033898305,-0.2677966101694915,-0.5152542372881356,-0.2983050847457627,-0.7457627118644068,-0.3152542372881356,-0.8813559322033898,-0.33559322033898303,-1.0,-0.14576271186440679,-0.5254237288135594,-0.19661016949152543,-0.6067796610169491,-0.19661016949152543,-0.4135593220338983,-0.19322033898305085,-0.26101694915254237,-0.02711864406779661,-0.5152542372881356,-0.06440677966101695,-0.5898305084745763,-0.07796610169491526,-0.41694915254237286,-0.09152542372881356,-0.29152542372881357,0.09491525423728814,-0.49830508474576274,0.1016949152542373,-0.6915254237288135,0.09152542372881356,-0.8067796610169492,0.06440677966101695,-0.9152542372881356
6,0.0,0.0,-0.2195945945945946,-0.060810810810810814,-0.40878378378378377,-0.25675675675675674,-0.5337837837837838,-0.40540540540540543,-0.6486486486486487,-0.49324324324324326,-0.30067567567567566,-0.5033783783783784,-0.3547297297297297,-0.7297297297297297,-0.38513513513513514,-0.8783783783783784,-0.41216216216216217,-1.0,-0.18243243243243243,-0.527027027027027,-0.24662162162162163,-0.5844594594594594,-0.23310810810810811,-0.3885135135135135,-0.20608108108108109,-0.22972972972972974,-0.060810810810810814,-0.5304054054054054,-0.11486486486486487,-0.5912162162162162,-0.12837837837837837,-0.4189189189189189,-0.13513513513513514,-0.28716216216216217,0.060810810810810814,-0.5304054054054054,0.05067567567567568,-0.7297297297297297,0.02702702702702703,-0.847972972972973,-0.006756756756756757,-0.956081081081081
6,0.0,0.0,-0.23344947735191637,-0.0627177700348432,-0.4425087108013937,-0.24738675958188153,-0.5888501742160279,-0.397212543554007,-0.710801393728223,-0.4912891986062718,-0.34146341463414637,-0.4912891986062718,-0.4146341463414634,-0.7282229965156795,-0.44947735191637633,-0.8710801393728222,-0.4843205574912892,-1.0,-0.2229965156794425,-0.5226480836236934,-0.2926829268292683,-0.5853658536585366,-0.27526132404181186,-0.3797909407665505,-0.24738675958188153,-0.22996515679442509,-0.10452961672473868,-0.5296167247386759,-0.16376306620209058,-0.6027874564459931,-0.1672473867595819,-0.42857142857142855,-0.16376306620209058,-0.30313588850174217,0.017421602787456445,-0.5296167247386759,0.013937282229965157,-0.735191637630662,-0.010452961672473868,-0.8536585365853658,-0.05226480836236934,-0.9686411149825784
6,0.0,0.0,-0.21498371335504887,-0.048859934853420196,-0.42671009771986973,-0.23778501628664495,-0.5570032573289903,-0.39087947882736157,-0.6742671009771987,-0.501628664495114,-0.3322475570032573,-0.4755700325732899,-0.4006514657980456,-0.7198697068403909,-0.44625407166123776,-0.8697068403908795,-0.495114006514658,-1.0,-0.21498371335504887,-0.504885993485342,-0.2899022801302932,-0.5635179153094463,-0.2671009771986971,-0.3550488599348534,-0.23778501628664495,-0.19543973941368079,-0.09120521172638436,-0.5146579804560261,-0.15960912052117263,-0.5863192182410424,-0.15309446254071662,-0.4006514657980456,-0.1465798045602606,-0.26058631921824105,0.03908794788273615,-0.5211726384364821,0.016286644951140065,-0.7361563517915309,-0.019543973941368076,-0.8599348534201955,-0.06840390879478828,-0.9706840390879479
6,0.0,0.0,-0.21003134796238246,-0.047021943573667714,-0.4169278996865204,-0.2413793103448276,-0.5454545454545454,-0.3981191222570533,-0.664576802507837,-0.5015673981191222,-0.3166144200626959,-0.47962382445141066,-0.39184952978056425,-0.7272727272727273,-0.438871473354232,-0.8746081504702194,-0.4890282131661442,-1.0,-0.2006269592476489,-0.5078369905956113,-0.27899686520376177,-0.5736677115987461,-0.2507836990595611,-0.36990595611285265,-0.21630094043887146,-0.21630094043887146,-0.08463949843260188,-0.5141065830721003,-0.1536050156739812,-0.5956112852664577,-0.1536050156739812,-0.4106583072100313,-0.14733542319749215,-0.2727272727272727,0.034482758620689655,-0.5172413793103449,0.018808777429467086,-0.7304075235109718,-0.009404388714733543,-0.8557993730407524,-0.05329153605015674,-0.9717868338557993
6,0.0,0.0,-0.20116618075801748,-0.052478134110787174,-0.40816326530612246,-0.24489795918367346,-0.5364431486880467,-0.3965014577259475,-0.6530612244897959,-0.5014577259475219,-0.30903790087463556,-0.48104956268221577,-0.37026239067055394,-0.7259475218658892,-0.4139941690962099,-0.8746355685131195,-0.4606413994169096,-1.0,-0.18950437317784258,-0.5014577259475219,-0.2594752186588921,-0.565597667638484,-0.23615160349854228,-0.358600583090379,-0.20699708454810495,-0.20116618075801748,-0.06705539358600583,-0.5072886297376094,-0.12536443148688048,-0.577259475218659,-0.13411078717201166,-0.39941690962099125,-0.13702623906705538,-0.2653061224489796,0.061224489795918366,-0.5072886297376094,0.04664723032069971,-0.7201166180758017,0.01749271137026239,-0.8454810495626822,-0.026239067055393587,-0.9591836734693877
6,0.0,0.0,-0.21288515406162464,-0.05042016806722689,-0.4257703081232493,-0.24369747899159663,-0.5714285714285714,-0.3949579831932773,-0.7030812324929971,-0.4957983193277311,-0.33613445378151263,-0.484593837535014,-0.4061624649859944,-0.7282913165266106,-0.45098039215686275,-0.876750700280112,-0.49859943977591037,-1.0,-0.2184873949579832,-0.5154061624649859,-0.28851540616246496,-0.5686274509803921,-0.2661064425770308,-0.36134453781512604,-0.23529411764705882,-0.20448179271708683,-0.09523809523809523,-0.5238095238095238,-0.15966386554621848,-0.5966386554621849,-0.16246498599439776,-0.42296918767507,-0.1568627450980392,-0.2857142857142857,0.03361344537815126,-0.5294117647058824,0.011204481792717087,-0.7450980392156863,-0.022408963585434174,-0.8711484593837535,-0.06722689075630252,-0.9831932773109243
6,0.0,0.0,-0.20652173913043478,-0.057065217391304345,-0.42391304347826086,-0.25815217391304346,-0.5625,-0.40217391304347827,-0.6847826086956522,-0.5,-0.3233695652173913,-0.49184782608695654,-0.39945652173913043,-0.7364130434782609,-0.45108695652173914,-0.8804347826086957,-0.5054347826086957,-1.0,-0.20652173913043478,-0.5135869565217391,-0.2798913043478261,-0.5652173913043478,-0.25815217391304346,-0.3641304347826087,-0.22826086956521738,-0.21195652173913043,-0.08695652173913043,-0.5190217391304348,-0.15760869565217392,-0.5896739130434783,-0.15217391304347827,-0.40217391304347827,-0.14673913043478262,-0.26358695652173914,0.03804347826086957,-0.5244565217391305,0.016304347826086956,-0.7445652173913043,-0.01358695652173913,-0.8722826086956522,-0.059782608695652176,-0.9891304347826086
6,0.0,0.0,-0.1937984496124031,-0.06201550387596899,-0.37467700258397935,-0.2532299741602067,-0.4935400516795866,-0.4108527131782946,-0.6046511627906976,-0.5219638242894057,-0.2842377260981912,-0.4780361757105943,-0.34366925064599485,-0.7260981912144703,-0.3772609819121447,-0.8733850129198967,-0.4160206718346253,-1.0,-0.17571059431524547,-0.49870801033591733,-0.24289405684754523,-0.5710594315245479,-0.22997416020671835,-0.3772609819121447,-0.20930232558139536,-0.22997416020671835,-0.06459948320413436,-0.5064599483204134,-0.13178294573643412,-0.5968992248062015,-0.13178294573643412,-0.4186046511627907,-0.12661498708010335,-0.2868217054263566,0.05426356589147287,-0.5116279069767442,0.041343669250646,-0.710594315245478,0.020671834625323,-0.8320413436692506,-0.0103359173126615,-0.9457364341085271
6,0.0,0.0,-0.19597989949748743,-0.06030150753768844,-0.38944723618090454,-0.27386934673366836,-0.5025125628140703,-0.4396984924623116,-0.6080402010050251,-0.5552763819095478,-0.28391959798994976,-0.48743718592964824,-0.32914572864321606,-0.7336683417085427,-0.36683417085427134,-0.8793969849246231,-0.40954773869346733,-1.0,-0.16834170854271358,-0.5050251256281407,-0.23618090452261306,-0.5653266331658291,-0.23115577889447236,-0.3693467336683417,-0.20854271356783918,-0.22110552763819097,-0.05527638190954774,-0.5025125628140703,-0.11557788944723618,-0.5753768844221105,-0.13316582914572864,-0.3969849246231156,-0.14321608040201006,-0.2663316582914573,0.06281407035175879,-0.49748743718592964,0.06030150753768844,-0.7010050251256281,0.04020100502512563,-0.821608040201005,0.007537688442211055,-0.9346733668341709
6,0.0,0.0,-0.1941747572815534,-0.08737864077669903,-0.3616504854368932,-0.2936893203883495,-0.4684466019417476,-0.45145631067961167,-0.5728155339805825,-0.558252427184466,-0.25,-0.4975728155339806,-0.27427184466019416,-0.7330097087378641,-0.2936893203883495,-0.8786407766990292,-0.32524271844660196,-1.0,-0.1383495145631068,-0.5048543689320388,-0.1820388349514563,-0.5703883495145631,-0.1820388349514563,-0.3859223300970874,-0.1796116504854369,-0.23786407766990292,-0.02669902912621359,-0.5,-0.0703883495145631,-0.5825242718446602,-0.08737864077669903,-0.41504854368932037,-0.10194174757281553,-0.28883495145631066,0.08009708737864078,-0.4878640776699029,0.08980582524271845,-0.6868932038834952,0.0825242718446602,-0.8033980582524272,0.05825242718446602,-0.9174757281553398
6,0.0,0.0,-0.21393034825870647,-0.08208955223880597,-0.40049751243781095,-0.3034825870646766,-0.5174129353233831,-0.47512437810945274,-0.6343283582089553,-0.5870646766169154,-0.2835820895522388,-0.5074626865671642,-0.31592039800995025,-0.7412935323383084,-0.3383084577114428,-0.8781094527363185,-0.3706467661691542,-1.0,-0.16666666666666666,-0.5248756218905473,-0.21641791044776118,-0.6019900497512438,-0.21890547263681592,-0.4079601990049751,-0.21393034825870647,-0.2512437810945274,-0.0472636815920398,-0.5248756218905473,-0.08955223880597014,-0.6169154228855721,-0.10696517412935323,-0.4427860696517413,-0.11940298507462686,-0.30597014925373134,0.07462686567164178,-0.5174129353233831,0.07960199004975124,-0.7213930348258707,0.07213930348258707,-0.8432835820895522,0.05472636815920398,-0.9552238805970149
6,0.0,0.0,-0.21588089330024815,-0.0794044665012407,-0.3970223325062035,-0.3027295285359802,-0.5062034739454094,-0.47146401985111663,-0.6129032258064516,-0.5880893300248139,-0.2630272952853598,-0.5086848635235732,-0.2853598014888337,-0.739454094292804,-0.3052109181141439,-0.8784119106699751,-0.33002481389578164,-1.0,-0.14640198511166252,-0.5210918114143921,-0.20595533498759305,-0.6004962779156328,-0.2109181141439206,-0.3945409429280397,-0.20099255583126552,-0.23325062034739455,-0.03225806451612903,-0.5161290322580645,-0.08188585607940446,-0.6104218362282878,-0.10421836228287841,-0.4267990074441687,-0.12406947890818859,-0.2903225806451613,0.08436724565756824,-0.5086848635235732,0.09429280397022333,-0.7146401985111662,0.08933002481389578,-0.8337468982630273,0.06947890818858561,-0.9454094292803971
6,0.0,0.0,-0.2073170731707317,-0.09268292682926829,-0.3829268292682927,-0.3048780487804878,-0.4926829268292683,-0.4682926829268293,-0.5926829268292683,-0.5804878048780487,-0.2634146341463415,-0.5146341463414634,-0.2682926829268293,-0.7365853658536585,-0.28536585365853656,-0.8804878048780488,-0.3097560975609756,-1.0,-0.14390243902439023,-0.5292682926829269,-0.1878048780487805,-0.6121951219512195,-0.1975609756097561,-0.4170731707317073,-0.1951219512195122,-0.25609756097560976,-0.02195121951219512,-0.526829268292683,-0.06097560975609756,-0.624390243902439,-0.08536585365853659,-0.4560975609756098,-0.0975609756097561,-0.32439024390243903,0.1,-0.5121951219512195,0.1073170731707317,-0.7146341463414634,0.0951219512195122,-0.8365853658536585,0.07073170731707316,-0.948780487804878
6,0.0,0.0,-0.21761658031088082,-0.08290155440414508,-0.3911917098445596,-0.29533678756476683,-0.49740932642487046,-0.4637305699481865,-0.6010362694300518,-0.5803108808290155,-0.2849740932642487,-0.5051813471502591,-0.30569948186528495,-0.7435233160621761,-0.31865284974093266,-0.883419689119171,-0.33419689119170987,-1.0,-0.17098445595854922,-0.5129533678756477,-0.21761658031088082,-0.6062176165803109,-0.22020725388601037,-0.40414507772020725,-0.21243523316062177,-0.25129533678756477,-0.05181347150259067,-0.5103626943005182,-0.08549222797927461,-0.6113989637305699,-0.10103626943005181,-0.43523316062176165,-0.11658031088082901,-0.3082901554404145,0.07253886010362694,-0.49740932642487046,0.08549222797927461,-0.6968911917098446,0.08290155440414508,-0.810880829015544,0.06735751295336788,-0.9222797927461139
6,0.0,0.0,-0.21108179419525067,-0.0870712401055409,-0.38786279683377306,-0.3034300791556728,-0.5065963060686016,-0.46701846965699206,-0.6121372031662269,-0.5699208443271768,-0.28232189973614774,-0.49868073878627966,-0.31398416886543534,-0.7361477572559367,-0.32717678100263853,-0.8759894459102903,-0.3482849604221636,-1.0,-0.1662269129287599,-0.5118733509234829,-0.21372031662269128,-0.5804749340369393,-0.20580474934036938,-0.39313984168865435,-0.19788918205804748,-0.2532981530343008,-0.052770448548812667,-0.5118733509234829,-0.09498680738786279,-0.5857519788918206,-0.10817941952506596,-0.40633245382585753,-0.12401055408970976,-0.2796833773087071,0.0633245382585752,-0.5065963060686016,0.06860158311345646,-0.6912928759894459,0.05804749340369393,-0.8021108179419525,0.029023746701846966,-0.9155672823218998
6,0.0,0.0,-0.20435967302452315,-0.08446866485013624,-0.3814713896457766,-0.2970027247956403,-0.5040871934604905,-0.45776566757493187,-0.6130790190735694,-0.5640326975476839,-0.27520435967302453,-0.49591280653950953,-0.3079019073569482,-0.7329700272479565,-0.3242506811989101,-0.8746594005449592,-0.3460490463215259,-1.0,-0.15803814713896458,-0.5095367847411444,-0.1989100817438692,-0.5749318801089919,-0.1907356948228883,-0.3869209809264305,-0.1880108991825613,-0.2452316076294278,-0.04632152588555858,-0.5068119891008175,-0.07901907356948229,-0.5749318801089919,-0.08719346049046321,-0.4032697547683924,-0.10354223433242507,-0.28065395095367845,0.0653950953678474,-0.4986376021798365,0.07356948228882834,-0.6811989100817438,0.0653950953678474,-0.7929155313351499,0.035422343324250684,-0.9046321525885559
6,0.0,0.0,-0.21008403361344538,-0.08123249299719888,-0.38375350140056025,-0.28851540616246496,-0.5098039215686274,-0.453781512605042,-0.6218487394957983,-0.5658263305322129,-0.2969187675070028,-0.48739495798319327,-0.3389355742296919,-0.7310924369747899,-0.35294117647058826,-0.8739495798319328,-0.3697478991596639,-1.0,-0.18207282913165265,-0.5042016806722689,-0.21288515406162464,-0.5882352941176471,-0.20448179271708683,-0.4061624649859944,-0.20168067226890757,-0.2661064425770308,-0.0700280112044818,-0.5098039215686274,-0.09523809523809523,-0.6050420168067226,-0.10364145658263306,-0.42857142857142855,-0.11764705882352941,-0.29971988795518206,0.04201680672268908,-0.5070028011204482,0.05042016806722689,-0.6918767507002801,0.04481792717086835,-0.7983193277310925,0.025210084033613446,-0.9103641456582633
6,0.0,0.0,-0.22551928783382788,-0.09495548961424333,-0.39762611275964393,-0.31750741839762614,-0.516320474777448,-0.4836795252225519,-0.6201780415430267,-0.5875370919881305,-0.29080118694362017,-0.5074183976261127,-0.3293768545994065,-0.7388724035608308,-0.34718100890207715,-0.8753709198813057,-0.36795252225519287,-1.0,-0.16913946587537093,-0.5192878338278932,-0.20474777448071216,-0.6083086053412463,-0.20474777448071216,-0.42136498516320475,-0.20178041543026706,-0.27299703264094954,-0.05341246290801187,-0.5133531157270029,-0.08902077151335312,-0.5964391691394659,-0.10385756676557864,-0.41543026706231456,-0.11869436201780416,-0.2818991097922849,0.06231454005934718,-0.5014836795252225,0.06528189910979229,-0.685459940652819,0.050445103857566766,-0.7952522255192879,0.01483679525222552,-0.9050445103857567
6,0.0,0.0,-0.209375,-0.0875,-0.384375,-0.290625,-0.509375,-0.446875,-0.61875,-0.546875,-0.278125,-0.5125,-0.33125,-0.740625,-0.353125,-0.88125,-0.371875,-1.0,-0.1625,-0.53125,-0.21875,-0.5875,-0.215625,-0.39375,-0.20625,-0.240625,-0.05,-0.53125,-0.103125,-0.596875,-0.11875,-0.425,-0.128125,-0.29375,0.059375,-0.525,0.05625,-0.7125,0.04375,-0.81875,0.0125,-0.921875
6,0.0,0.0,-0.22903225806451613,-0.08064516129032258,-0.4161290322580645,-0.2903225806451613,-0.5419354838709678,-0.44193548387096776,-0.6548387096774193,-0.5290322580645161,-0.3064516129032258,-0.5064516129032258,-0.36129032258064514,-0.7354838709677419,-0.3903225806451613,-0.8774193548387097,-0.41935483870967744,-1.0,-0.18064516129032257,-0.5225806451612903,-0.23225806451612904,-0.5806451612903226,-0.2129032258064516,-0.38387096774193546,-0.1967741935483871,-0.23225806451612904,-0.06451612903225806,-0.5258064516129032,-0.10967741935483871,-0.5903225806451613,-0.11290322580645161,-0.4064516129032258,-0.11612903225806452,-0.2709677419354839,0.05161290322580645,-0.5290322580645161,0.035483870967741936,-0.7193548387096774,0.016129032258064516,-0.8290322580645161,-0.01935483870967742,-0.9354838709677419
6,0.0,0.0,-0.24125874125874125,-0.06293706293706294,-0.4370629370629371,-0.26573426573426573,-0.5594405594405595,-0.43356643356643354,-0.6678321678321678,-0.541958041958042,-0.3321678321678322,-0.506993006993007,-0.3916083916083916,-0.7412587412587412,-0.4125874125874126,-0.8776223776223776,-0.43006993006993005,-1.0,-0.2097902097902098,-0.5314685314685315,-0.2692307692307692,-0.6398601398601399,-0.25874125874125875,-0.44405594405594406,-0.24125874125874125,-0.28321678321678323,-0.09090909090909091,-0.534965034965035,-0.14685314685314685,-0.6328671328671329,-0.14685314685314685,-0.44405594405594406,-0.15034965034965034,-0.3006993006993007,0.027972027972027972,-0.5314685314685315,0.013986013986013986,-0.7202797202797203,-0.0034965034965034965,-0.8286713286713286,-0.03496503496503497,-0.9405594405594405
6,0.0,0.0,-0.21754385964912282,-0.08771929824561403,-0.39649122807017545,-0.2912280701754386,-0.5157894736842106,-0.43859649122807015,-0.6210526315789474,-0.5333333333333333,-0.28421052631578947,-0.5052631578947369,-0.32280701754385965,-0.7403508771929824,-0.3368421052631579,-0.8771929824561403,-0.3508771929824561,-1.0,-0.15789473684210525,-0.519298245614035,-0.2,-0.6,-0.18596491228070175,-0.4070175438596491,-0.17894736842105263,-0.25263157894736843,-0.042105263157894736,-0.5157894736842106,-0.07719298245614035,-0.5964912280701754,-0.08421052631578947,-0.42105263157894735,-0.09473684210526316,-0.2912280701754386,0.07368421052631578,-0.5087719298245614,0.07719298245614035,-0.6912280701754386,0.06315789473684211,-0.8,0.031578947368421054,-0.9017543859649123
6,0.0,0.0,-0.21352313167259787,-0.099644128113879,-0.38434163701067614,-0.298932384341637,-0.49110320284697506,-0.45195729537366547,-0.5836298932384342,-0.5693950177935944,-0.2597864768683274,-0.5124555160142349,-0.2846975088967972,-0.7437722419928826,-0.2918149466192171,-0.8790035587188612,-0.302491103202847,-1.0,-0.13167259786476868,-0.5195729537366548,-0.16370106761565836,-0.608540925266904,-0.16725978647686832,-0.4199288256227758,-0.1708185053380783,-0.2704626334519573,-0.014234875444839857,-0.5124555160142349,-0.046263345195729534,-0.604982206405694,-0.06405693950177936,-0.43416370106761565,-0.07829181494661921,-0.302491103202847,0.10320284697508897,-0.498220640569395,0.10676156583629894,-0.6797153024911032,0.09252669039145907,-0.7900355871886121,0.06405693950177936,-0.8896797153024911
6,0.0,0.0,-0.21863799283154123,-0.0931899641577061,-0.3906810035842294,-0.3010752688172043,-0.5017921146953405,-0.45878136200716846,-0.6057347670250897,-0.5627240143369175,-0.26523297491039427,-0.5197132616487455,-0.2939068100358423,-0.7491039426523297,-0.3046594982078853,-0.8817204301075269,-0.3154121863799283,-1.0,-0.13978494623655913,-0.5304659498207885,-0.17562724014336917,-0.6093189964157706,-0.17204301075268819,-0.41935483870967744,-0.17204301075268819,-0.26881720430107525,-0.021505376344086023,-0.5232974910394266,-0.053763440860215055,-0.6057347670250897,-0.06093189964157706,-0.43727598566308246,-0.07168458781362007,-0.3118279569892473,0.0967741935483871,-0.5053763440860215,0.0931899641577061,-0.6845878136200717,0.08243727598566308,-0.7921146953405018,0.053763440860215055,-0.8888888888888888
6,0.0,0.0,-0.20863309352517986,-0.08273381294964029,-0.381294964028777,-0.2841726618705036,-0.49640287769784175,-0.44964028776978415,-0.60431654676259,-0.5611510791366906,-0.24820143884892087,-0.5179856115107914,-0.2841726618705036,-0.7482014388489209,-0.2949640287769784,-0.8848920863309353,-0.3057553956834532,-1.0,-0.1223021582733813,-0.5215827338129496,-0.17625899280575538,-0.5971223021582733,-0.17985611510791366,-0.39928057553956836,-0.17985611510791366,-0.2446043165467626,-0.0035971223021582736,-0.5143884892086331,-0.04316546762589928,-0.6007194244604317,-0.06115107913669065,-0.42805755395683454,-0.07553956834532374,-0.2949640287769784,0.11510791366906475,-0.49640287769784175,0.1223021582733813,-0.6762589928057554,0.11151079136690648,-0.7877697841726619,0.08633093525179857,-0.89568345323741
6,0.0,0.0,-0.21561338289962825,-0.08921933085501858,-0.38661710037174724,-0.2825278810408922,-0.5018587360594795,-0.43866171003717475,-0.6059479553903345,-0.550185873605948,-0.26765799256505574,-0.5130111524163569,-0.2862453531598513,-0.7472118959107806,-0.29739776951672864,-0.8810408921933085,-0.3159851301115242,-1.0,-0.1412639405204461,-0.5204460966542751,-0.17472118959107807,-0.5947955390334573,-0.17472118959107807,-0.41263940520446096,-0.17843866171003717,-0.27137546468401486,-0.026022304832713755,-0.516728624535316,-0.05204460966542751,-0.5799256505576208,-0.06319702602230483,-0.4163568773234201,-0.08178438661710037,-0.2936802973977695,0.09293680297397769,-0.5018587360594795,0.09293680297397769,-0.6840148698884758,0.08178438661710037,-0.79182156133829,0.05204460966542751,-0.8847583643122676
6,0.0,0.0,-0.2111111111111111,-0.07037037037037037,-0.3962962962962963,-0.2740740740740741,-0.5037037037037037,-0.43703703703703706,-0.6037037037037037,-0.5444444444444444,-0.25925925925925924,-0.5037037037037037,-0.2851851851851852,-0.7407407407407407,-0.29259259259259257,-0.8814814814814815,-0.3037037037037037,-1.0,-0.13333333333333333,-0.5111111111111111,-0.17037037037037037,-0.5814814814814815,-0.15925925925925927,-0.3925925925925926,-0.15555555555555556,-0.24444444444444444,-0.014814814814814815,-0.5037037037037037,-0.044444444444444446,-0.5814814814814815,-0.05185185185185185,-0.4111111111111111,-0.06296296296296296,-0.2851851851851852,0.1037037037037037,-0.4888888888888889,0.1,-0.6703703703703704,0.08518518518518518,-0.7777777777777778,0.05555555555555555,-0.8814814814814815
6,0.0,0.0,-0.22988505747126436,-0.08045977011494253,-0.4099616858237548,-0.2835249042145594,-0.5210727969348659,-0.4444444444444444,-0.632183908045977,-0.5478927203065134,-0.2835249042145594,-0.5057471264367817,-0.2988505747126437,-0.7471264367816092,-0.30268199233716475,-0.8812260536398467,-0.31417624521072796,-1.0,-0.15708812260536398,-0.5095785440613027,-0.19540229885057472,-0.5977011494252874,-0.18773946360153257,-0.4099616858237548,-0.1839080459770115,-0.2681992337164751,-0.038314176245210725,-0.49808429118773945,-0.06896551724137931,-0.5900383141762452,-0.07279693486590039,-0.421455938697318,-0.08812260536398467,-0.30268199233716475,0.08045977011494253,-0.4827586206896552,0.08045977011494253,-0.6704980842911877,0.06513409961685823,-0.7739463601532567,0.03065134099616858,-0.8735632183908046
6,0.0,0.0,-0.2037037037037037,-0.07037037037037037,-0.3851851851851852,-0.27037037037037037,-0.4962962962962963,-0.42592592592592593,-0.5851851851851851,-0.5370370370370371,-0.24814814814814815,-0.5074074074074074,-0.2777777777777778,-0.7407407407407407,-0.29259259259259257,-0.8814814814814815,-0.3111111111111111,-1.0,-0.1259259259259259,-0.5148148148148148,-0.1814814814814815,-0.5925925925925926,-0.1814814814814815,-0.3962962962962963,-0.16666666666666666,-0.24444444444444444,-0.011111111111111112,-0.5037037037037037,-0.05925925925925926,-0.5814814814814815,-0.07407407407407407,-0.40370370370370373,-0.08518518518518518,-0.2740740740740741,0.10740740740740741,-0.4888888888888889,0.10740740740740741,-0.6703703703703704,0.08518518518518518,-0.7814814814814814,0.05185185185185185,-0.8851851851851852
6,0.0,0.0,-0.22676579925650558,-0.08550185873605948,-0.4052044609665427,-0.2862453531598513,-0.5092936802973977,-0.45353159851301117,-0.6096654275092936,-0.5576208178438662,-0.26022304832713755,-0.5092936802973977,-0.2936802973977695,-0.7434944237918215,-0.31226765799256506,-0.8810408921933085,-0.3345724907063197,-1.0,-0.1412639405204461,-0.5204460966542751,-0.1821561338289963,-0.6022304832713755,-0.1821561338289963,-0.4200743494423792,-0.1821561338289963,-0.275092936802974,-0.026022304832713755,-0.516728624535316,-0.06319702602230483,-0.5985130111524164,-0.06691449814126393,-0.4349442379182156,-0.07806691449814127,-0.30855018587360594,0.09293680297397769,-0.5055762081784386,0.08178438661710037,-0.6988847583643123,0.055762081784386616,-0.8029739776951673,0.01858736059479554,-0.8996282527881041
6,0.0,0.0,-0.21785714285714286,-0.039285714285714285,-0.42142857142857143,-0.225,-0.5571428571428572,-0.3892857142857143,-0.6785714285714286,-0.4928571428571429,-0.3107142857142857,-0.4607142857142857,-0.3607142857142857,-0.7107142857142857,-0.375,-0.8642857142857143,-0.3964285714285714,-1.0,-0.19285714285714287,-0.48928571428571427,-0.25,-0.5642857142857143,-0.22857142857142856,-0.3607142857142857,-0.21428571428571427,-0.21428571428571427,-0.06428571428571428,-0.5,-0.11785714285714285,-0.5892857142857143,-0.11428571428571428,-0.40714285714285714,-0.11071428571428571,-0.275,0.06428571428571428,-0.5035714285714286,0.04642857142857143,-0.7,0.017857142857142856,-0.8107142857142857,-0.02857142857142857,-0.9178571428571428
6,0.0,0.0,-0.22826086956521738,-0.050724637681159424,-0.44565217391304346,-0.2318840579710145,-0.5869565217391305,-0.38405797101449274,-0.717391304347826,-0.4782608695652174,-0.3115942028985507,-0.48188405797101447,-0.3695652173913043,-0.7282608695652174,-0.39492753623188404,-0.8731884057971014,-0.427536231884058,-1.0,-0.1956521739130435,-0.5036231884057971,-0.2572463768115942,-0.572463768115942,-0.2391304347826087,-0.36231884057971014,-0.21739130434782608,-0.21014492753623187,-0.07608695652173914,-0.5072463768115942,-0.13043478260869565,-0.5942028985507246,-0.12318840579710146,-0.40942028985507245,-0.12318840579710146,-0.2717391304347826,0.05434782608695652,-0.5072463768115942,0.025362318840579712,-0.7101449275362319,-0.007246376811594203,-0.8260869565217391,-0.05434782608695652,-0.9420289855072463
6,0.0,0.0,-0.22614840989399293,-0.0636042402826855,-0.4416961130742049,-0.2332155477031802,-0.6007067137809188,-0.3674911660777385,-0.7385159010600707,-0.4628975265017668,-0.3462897526501767,-0.47703180212014135,-0.3992932862190813,-0.7173144876325088,-0.4381625441696113,-0.872791519434629,-0.48056537102473496,-1.0,-0.22614840989399293,-0.508833922261484,-0.2826855123674912,-0.568904593639576,-0.254416961130742,-0.3710247349823322,-0.22614840989399293,-0.22614840989399293,-0.10600706713780919,-0.5265017667844523,-0.16607773851590105,-0.5971731448763251,-0.15547703180212014,-0.4275618374558304,-0.14487632508833923,-0.3003533568904594,0.014134275618374558,-0.5371024734982333,-0.0176678445229682,-0.7385159010600707,-0.053003533568904596,-0.8409893992932862,-0.10600706713780919,-0.9363957597173145
6,0.0,0.0,-0.24372759856630824,-0.05017921146953405,-0.46953405017921146,-0.22580645161290322,-0.6308243727598566,-0.36917562724014336,-0.7670250896057348,-0.45878136200716846,-0.35125448028673834,-0.4767025089605735,-0.4229390681003584,-0.7275985663082437,-0.45878136200716846,-0.8745519713261649,-0.4982078853046595,-1.0,-0.23297491039426524,-0.5053763440860215,-0.3010752688172043,-0.5806451612903226,-0.2724014336917563,-0.3763440860215054,-0.24372759856630824,-0.22580645161290322,-0.1111111111111111,-0.5197132616487455,-0.17921146953405018,-0.6093189964157706,-0.15770609318996415,-0.43010752688172044,-0.14336917562724014,-0.2974910394265233,0.014336917562724014,-0.5268817204301075,-0.017921146953405017,-0.7347670250896058,-0.053763440860215055,-0.8494623655913979,-0.1039426523297491,-0.956989247311828
6,0.0,0.0,-0.24087591240875914,-0.04744525547445255,-0.46715328467153283,-0.21897810218978103,-0.6277372262773723,-0.3613138686131387,-0.7664233576642335,-0.45255474452554745,-0.34306569343065696,-0.4744525547445255,-0.41605839416058393,-0.7262773722627737,-0.4562043795620438,-0.8722627737226277,-0.49635036496350365,-1.0,-0.22627737226277372,-0.5,-0.28832116788321166,-0.583941605839416,-0.26277372262773724,-0.38321167883211676,-0.23357664233576642,-0.22627737226277372,-0.10948905109489052,-0.5182481751824818,-0.17518248175182483,-0.6131386861313869,-0.15693430656934307,-0.42700729927007297,-0.145985401459854,-0.28832116788321166,0.010948905109489052,-0.5328467153284672,-0.01824817518248175,-0.7372262773722628,-0.051094890510948905,-0.8540145985401459,-0.09854014598540146,-0.9598540145985401
6,0.0,0.0,-0.22535211267605634,-0.0528169014084507,-0.426056338028169,-0.2147887323943662,-0.5774647887323944,-0.352112676056338,-0.704225352112676,-0.426056338028169,-0.3485915492957746,-0.47183098591549294,-0.397887323943662,-0.7183098591549296,-0.4225352112676056,-0.8732394366197183,-0.4507042253521127,-1.0,-0.2323943661971831,-0.5035211267605634,-0.28169014084507044,-0.5774647887323944,-0.25704225352112675,-0.3873239436619718,-0.24295774647887325,-0.23591549295774647,-0.11267605633802817,-0.5211267605633803,-0.15845070422535212,-0.5950704225352113,-0.15845070422535212,-0.4295774647887324,-0.16549295774647887,-0.3028169014084507,0.017605633802816902,-0.528169014084507,0.0,-0.7323943661971831,-0.017605633802816902,-0.8485915492957746,-0.0528169014084507,-0.9612676056338029
6,0.0,0.0,-0.21107266435986158,-0.08996539792387544,-0.39100346020761245,-0.27335640138408307,-0.5121107266435986,-0.42560553633217996,-0.6089965397923875,-0.5259515570934256,-0.2698961937716263,-0.5017301038062284,-0.3044982698961938,-0.7370242214532872,-0.3217993079584775,-0.8788927335640139,-0.3391003460207612,-1.0,-0.15570934256055363,-0.5155709342560554,-0.20761245674740483,-0.6020761245674741,-0.21107266435986158,-0.4186851211072664,-0.21107266435986158,-0.2664359861591695,-0.04152249134948097,-0.5121107266435986,-0.09342560553633218,-0.6055363321799307,-0.10380622837370242,-0.43944636678200694,-0.11072664359861592,-0.31141868512110726,0.07958477508650519,-0.4982698961937716,0.09688581314878893,-0.6920415224913494,0.08304498269896193,-0.8062283737024222,0.04844290657439446,-0.9134948096885813
6,0.0,0.0,-0.2152777777777778,-0.08333333333333333,-0.3888888888888889,-0.28125,-0.5104166666666666,-0.4375,-0.6215277777777778,-0.53125,-0.2743055555555556,-0.5034722222222222,-0.3055555555555556,-0.7361111111111112,-0.3194444444444444,-0.8784722222222222,-0.3368055555555556,-1.0,-0.15625,-0.5104166666666666,-0.19791666666666666,-0.5902777777777778,-0.19444444444444445,-0.4097222222222222,-0.1909722222222222,-0.2673611111111111,-0.03819444444444445,-0.5034722222222222,-0.0763888888888889,-0.59375,-0.09375,-0.4375,-0.1111111111111111,-0.3125,0.08333333333333333,-0.4930555555555556,0.09027777777777778,-0.6875,0.0763888888888889,-0.8055555555555556,0.052083333333333336,-0.9131944444444444
6,0.0,0.0,-0.21352313167259787,-0.09608540925266904,-0.3701067615658363,-0.2918149466192171,-0.47686832740213525,-0.4483985765124555,-0.5765124555160143,-0.5551601423487544,-0.2206405693950178,-0.501779359430605,-0.2491103202846975,-0.7366548042704626,-0.26334519572953735,-0.8790035587188612,-0.2846975088967972,-1.0,-0.1103202846975089,-0.501779359430605,-0.15302491103202848,-0.5871886120996441,-0.16370106761565836,-0.41637010676156583,-0.16725978647686832,-0.27402135231316727,0.0,-0.49466192170818507,-0.03558718861209965,-0.594306049822064,-0.06761565836298933,-0.4412811387900356,-0.09252669039145907,-0.3202846975088968,0.1103202846975089,-0.4804270462633452,0.13167259786476868,-0.6654804270462633,0.12811387900355872,-0.7864768683274022,0.10676156583629894,-0.896797153024911
6,0.0,0.0,-0.2049469964664311,-0.10600706713780919,-0.3568904593639576,-0.303886925795053,-0.45229681978798586,-0.45936395759717313,-0.5441696113074205,-0.568904593639576,-0.1978798586572438,-0.5053003533568905,-0.21554770318021202,-0.7279151943462897,-0.21554770318021202,-0.8763250883392226,-0.2226148409893993,-1.0,-0.08480565371024736,-0.5053003533568905,-0.0989399293286219,-0.5724381625441696,-0.10600706713780919,-0.3957597173144876,-0.1166077738515901,-0.2579505300353357,0.028268551236749116,-0.49469964664310956,0.0035335689045936395,-0.5618374558303887,-0.014134275618374558,-0.4098939929328622,-0.03180212014134275,-0.29328621908127206,0.14487632508833923,-0.4734982332155477,0.16607773851590105,-0.657243816254417,0.1625441696113074,-0.7667844522968198,0.1413427561837456,-0.872791519434629
6,0.0,0.0,-0.20279720279720279,-0.1258741258741259,-0.33916083916083917,-0.34615384615384615,-0.4195804195804196,-0.5174825174825175,-0.5034965034965035,-0.6223776223776224,-0.16783216783216784,-0.513986013986014,-0.15034965034965034,-0.7412587412587412,-0.13286713286713286,-0.8776223776223776,-0.13286713286713286,-1.0,-0.055944055944055944,-0.5034965034965035,-0.06993006993006994,-0.5909090909090909,-0.0979020979020979,-0.4125874125874126,-0.11538461538461539,-0.2762237762237762,0.05244755244755245,-0.479020979020979,0.04895104895104895,-0.5734265734265734,0.0034965034965034965,-0.4125874125874126,-0.03146853146853147,-0.2937062937062937,0.16783216783216784,-0.44405594405594406,0.2097902097902098,-0.6118881118881119,0.2202797202797203,-0.7272727272727273,0.21328671328671328,-0.8391608391608392
6,0.0,0.0,-0.2007042253521127,-0.1267605633802817,-0.3345070422535211,-0.34507042253521125,-0.4154929577464789,-0.5140845070422535,-0.4894366197183099,-0.6232394366197183,-0.15845070422535212,-0.5140845070422535,-0.1443661971830986,-0.7429577464788732,-0.1267605633802817,-0.8802816901408451,-0.11619718309859155,-1.0,-0.04225352112676056,-0.5,-0.056338028169014086,-0.5950704225352113,-0.0880281690140845,-0.4225352112676056,-0.11619718309859155,-0.27816901408450706,0.07042253521126761,-0.47183098591549294,0.06338028169014084,-0.573943661971831,0.017605633802816902,-0.4225352112676056,-0.02112676056338028,-0.3028169014084507,0.18309859154929578,-0.43661971830985913,0.23943661971830985,-0.602112676056338,0.25704225352112675,-0.7147887323943662,0.2605633802816901,-0.8274647887323944
6,0.0,0.0,-0.20802919708029197,-0.12043795620437957,-0.33941605839416056,-0.34306569343065696,-0.40875912408759124,-0.5182481751824818,-0.4854014598540146,-0.6313868613138686,-0.15693430656934307,-0.5182481751824818,-0.13138686131386862,-0.7445255474452555,-0.10583941605839416,-0.8795620437956204,-0.08394160583941605,-1.0,-0.0364963503649635,-0.5,-0.043795620437956206,-0.6058394160583942,-0.08759124087591241,-0.42700729927007297,-0.12043795620437957,-0.28102189781021897,0.08029197080291971,-0.4708029197080292,0.08029197080291971,-0.583941605839416,0.025547445255474453,-0.42700729927007297,-0.01824817518248175,-0.30656934306569344,0.19708029197080293,-0.4343065693430657,0.26277372262773724,-0.6021897810218978,0.2846715328467153,-0.7116788321167883,0.291970802919708,-0.8248175182481752
6,0.0,0.0,-0.20209059233449478,-0.12195121951219512,-0.3310104529616725,-0.34494773519163763,-0.397212543554007,-0.5226480836236934,-0.47038327526132406,-0.6341463414634146,-0.14285714285714285,-0.5121951219512195,-0.11846689895470383,-0.7421602787456446,-0.09407665505226481,-0.8815331010452961,-0.07665505226480836,-1.0,-0.0313588850174216,-0.4912891986062718,-0.04529616724738676,-0.5818815331010453,-0.08710801393728224,-0.4076655052264808,-0.11846689895470383,-0.27177700348432055,0.08013937282229965,-0.45993031358885017,0.06968641114982578,-0.5574912891986062,0.013937282229965157,-0.40069686411149824,-0.0313588850174216,-0.28222996515679444,0.1916376306620209,-0.4181184668989547,0.2613240418118467,-0.5853658536585366,0.289198606271777,-0.7003484320557491,0.29965156794425085,-0.8153310104529616
6,0.0,0.0,-0.20284697508896798,-0.12099644128113879,-0.33807829181494664,-0.34519572953736655,-0.4092526690391459,-0.5231316725978647,-0.47686832740213525,-0.6441281138790036,-0.15658362989323843,-0.5160142348754448,-0.12099644128113879,-0.7437722419928826,-0.099644128113879,-0.8790035587188612,-0.08896797153024912,-1.0,-0.03914590747330961,-0.498220640569395,-0.046263345195729534,-0.604982206405694,-0.08896797153024912,-0.42704626334519574,-0.12099644128113879,-0.28825622775800713,0.07473309608540925,-0.47330960854092524,0.08185053380782918,-0.5800711743772242,0.02491103202846975,-0.4306049822064057,-0.02491103202846975,-0.31316725978647686,0.18861209964412812,-0.43416370106761565,0.25622775800711745,-0.6014234875444839,0.28825622775800713,-0.7117437722419929,0.302491103202847,-0.8256227758007118
6,0.0,0.0,-0.19133574007220217,-0.1371841155234657,-0.3140794223826715,-0.36462093862815886,-0.37906137184115524,-0.5415162454873647,-0.44404332129963897,-0.6606498194945848,-0.11913357400722022,-0.5270758122743683,-0.08664259927797834,-0.7509025270758123,-0.061371841155234655,-0.8844765342960289,-0.039711191335740074,-1.0,-0.0036101083032490976,-0.4981949458483754,-0.010830324909747292,-0.5992779783393501,-0.05776173285198556,-0.4296028880866426,-0.09386281588447654,-0.2888086642599278,0.10830324909747292,-0.4620938628158845,0.11191335740072202,-0.5776173285198556,0.05776173285198556,-0.4296028880866426,0.010830324909747292,-0.30685920577617326,0.22021660649819494,-0.41155234657039713,0.296028880866426,-0.5703971119133574,0.3285198555956679,-0.6823104693140795,0.34296028880866425,-0.8014440433212996
6,0.0,0.0,-0.21245421245421245,-0.1282051282051282,-0.32967032967032966,-0.3553113553113553,-0.3882783882783883,-0.5274725274725275,-0.4542124542124542,-0.6410256410256411,-0.15018315018315018,-0.5164835164835165,-0.12454212454212454,-0.73992673992674,-0.09523809523809523,-0.8791208791208791,-0.0695970695970696,-1.0,-0.03663003663003663,-0.4945054945054945,-0.04395604395604396,-0.5934065934065934,-0.08791208791208792,-0.42124542124542125,-0.11355311355311355,-0.2893772893772894,0.07326007326007326,-0.4652014652014652,0.07326007326007326,-0.5641025641025641,0.01098901098901099,-0.42124542124542125,-0.029304029304029304,-0.31135531135531136,0.18315018315018314,-0.4249084249084249,0.2490842490842491,-0.5897435897435898,0.2783882783882784,-0.7032967032967034,0.304029304029304,-0.8205128205128205
6,0.0,0.0,-0.1958041958041958,-0.08741258741258741,-0.3356643356643357,-0.2867132867132867,-0.4370629370629371,-0.458041958041958,-0.5454545454545454,-0.5524475524475524,-0.21328671328671328,-0.486013986013986,-0.19230769230769232,-0.7167832167832168,-0.17832167832167833,-0.8706293706293706,-0.16433566433566432,-1.0,-0.1048951048951049,-0.48951048951048953,-0.10839160839160839,-0.5699300699300699,-0.12937062937062938,-0.3986013986013986,-0.13986013986013987,-0.2692307692307692,0.0034965034965034965,-0.4755244755244755,0.006993006993006993,-0.5559440559440559,-0.027972027972027972,-0.4160839160839161,-0.055944055944055944,-0.3146853146853147,0.11188811188811189,-0.45104895104895104,0.15734265734265734,-0.6223776223776224,0.17132867132867133,-0.7272727272727273,0.17482517482517482,-0.8391608391608392
6,0.0,0.0,-0.21830985915492956,-0.07042253521126761,-0.4014084507042254,-0.2711267605633803,-0.5140845070422535,-0.43661971830985913,-0.6267605633802817,-0.5316901408450704,-0.2746478873239437,-0.4753521126760563,-0.29225352112676056,-0.721830985915493,-0.2887323943661972,-0.8697183098591549,-0.2887323943661972,-1.0,-0.15140845070422534,-0.4859154929577465,-0.1619718309859155,-0.573943661971831,-0.15845070422535212,-0.38380281690140844,-0.1619718309859155,-0.24647887323943662,-0.028169014084507043,-0.4823943661971831,-0.03169014084507042,-0.5774647887323944,-0.045774647887323945,-0.4084507042253521,-0.06690140845070422,-0.28169014084507044,0.09507042253521127,-0.4647887323943662,0.11619718309859155,-0.6514084507042254,0.11267605633802817,-0.7676056338028169,0.09507042253521127,-0.8838028169014085
6,0.0,0.0,-0.2226027397260274,-0.05821917808219178,-0.4212328767123288,-0.24315068493150685,-0.5513698630136986,-0.4006849315068493,-0.6712328767123288,-0.4931506849315068,-0.3116438356164384,-0.4657534246575342,-0.3458904109589041,-0.7157534246575342,-0.3561643835616438,-0.8664383561643836,-0.3732876712328767,-1.0,-0.18493150684931506,-0.4863013698630137,-0.20205479452054795,-0.5582191780821918,-0.1780821917808219,-0.363013698630137,-0.1643835616438356,-0.21575342465753425,-0.06164383561643835,-0.4931506849315068,-0.07876712328767123,-0.571917808219178,-0.0821917808219178,-0.3972602739726027,-0.0958904109589041,-0.2705479452054795,0.05821917808219178,-0.4931506849315068,0.06506849315068493,-0.684931506849315,0.06164383561643835,-0.8013698630136986,0.03767123287671233,-0.9178082191780822
6,0.0,0.0,-0.23674911660777384,-0.04240282685512368,-0.45229681978798586,-0.2226148409893993,-0.6007067137809188,-0.3745583038869258,-0.7279151943462897,-0.4664310954063604,-0.36395759717314485,-0.46996466431095407,-0.4204946996466431,-0.7173144876325088,-0.4452296819787986,-0.8692579505300353,-0.46996466431095407,-1.0,-0.24028268551236748,-0.49469964664310956,-0.2508833922261484,-0.558303886925795,-0.21908127208480566,-0.3674911660777385,-0.19434628975265017,-0.2226148409893993,-0.12014134275618374,-0.5053003533568905,-0.13074204946996468,-0.5759717314487632,-0.1166077738515901,-0.40636042402826855,-0.12014134275618374,-0.2791519434628975,0.0035335689045936395,-0.508833922261484,-0.007067137809187279,-0.7067137809187279,-0.0176678445229682,-0.8268551236749117,-0.038869257950530034,-0.9434628975265018
6,0.0,0.0,-0.2463768115942029,-0.04710144927536232,-0.48188405797101447,-0.2318840579710145,-0.6340579710144928,-0.37681159420289856,-0.7608695652173914,-0.45652173913043476,-0.38768115942028986,-0.4746376811594203,-0.4528985507246377,-0.7246376811594203,-0.4855072463768116,-0.8695652173913043,-0.5217391304347826,-1.0,-0.2572463768115942,-0.5036231884057971,-0.26811594202898553,-0.5797101449275363,-0.22826086956521738,-0.38405797101449274,-0.213768115942029,-0.23550724637681159,-0.13405797101449277,-0.5144927536231884,-0.13768115942028986,-0.605072463768116,-0.12318840579710146,-0.42391304347826086,-0.13043478260869565,-0.2898550724637681,-0.010869565217391304,-0.5181159420289855,-0.025362318840579712,-0.717391304347826,-0.04710144927536232,-0.8442028985507246,-0.07971014492753623,-0.967391304347826
6,0.0,0.0,-0.2463768115942029,-0.04710144927536232,-0.4782608695652174,-0.22826086956521738,-0.6304347826086957,-0.36594202898550726,-0.7608695652173914,-0.44565217391304346,-0.38405797101449274,-0.4746376811594203,-0.4601449275362319,-0.7246376811594203,-0.5,-0.8695652173913043,-0.5471014492753623,-1.0,-0.2536231884057971,-0.5,-0.27898550724637683,-0.572463768115942,-0.2391304347826087,-0.37318840579710144,-0.21739130434782608,-0.2210144927536232,-0.13043478260869565,-0.5108695652173914,-0.15217391304347827,-0.6014492753623188,-0.13405797101449277,-0.4166666666666667,-0.13768115942028986,-0.2753623188405797,-0.007246376811594203,-0.5217391304347826,-0.021739130434782608,-0.7210144927536232,-0.043478260869565216,-0.8478260869565217,-0.08333333333333333,-0.9710144927536232
6,0.0,0.0,-0.2518518518518518,-0.05925925925925926,-0.4703703703703704,-0.24074074074074073,-0.6185185185185185,-0.3888888888888889,-0.7481481481481481,-0.4888888888888889,-0.36666666666666664,-0.4703703703703704,-0.43703703703703706,-0.7222222222222222,-0.4703703703703704,-0.8703703703703703,-0.5074074074074074,-1.0,-0.24074074074074073,-0.5,-0.2740740740740741,-0.5962962962962963,-0.23703703703703705,-0.4074074074074074,-0.21851851851851853,-0.25555555555555554,-0.12222222222222222,-0.5148148148148148,-0.15555555555555556,-0.6111111111111112,-0.13333333333333333,-0.44074074074074077,-0.1259259259259259,-0.3074074074074074,0.003703703703703704,-0.5259259259259259,-0.003703703703703704,-0.725925925925926,-0.02962962962962963,-0.8444444444444444,-0.07037037037037037,-0.9555555555555556
6,0.0,0.0,-0.25,-0.05970149253731343,-0.48134328358208955,-0.23880597014925373,-0.6380597014925373,-0.3805970149253731,-0.7611940298507462,-0.4701492537313433,-0.3619402985074627,-0.48880597014925375,-0.44029850746268656,-0.7276119402985075,-0.48134328358208955,-0.8768656716417911,-0.5223880597014925,-1.0,-0.23880597014925373,-0.5149253731343284,-0.29850746268656714,-0.5783582089552238,-0.2574626865671642,-0.3843283582089552,-0.22014925373134328,-0.23134328358208955,-0.11940298507462686,-0.5261194029850746,-0.17537313432835822,-0.6044776119402985,-0.15671641791044777,-0.4216417910447761,-0.14925373134328357,-0.2798507462686567,0.0037313432835820895,-0.5373134328358209,-0.011194029850746268,-0.7388059701492538,-0.041044776119402986,-0.8582089552238806,-0.09328358208955224,-0.9701492537313433
6,0.0,0.0,-0.2490118577075099,-0.043478260869565216,-0.4624505928853755,-0.22529644268774704,-0.6007905138339921,-0.383399209486166,-0.7193675889328063,-0.4901185770750988,-0.3715415019762846,-0.48616600790513836,-0.4505928853754941,-0.7312252964426877,-0.4782608695652174,-0.8774703557312253,-0.5059288537549407,-1.0,-0.2490118577075099,-0.5098814229249012,-0.2964426877470356,-0.6086956521739131,-0.2608695652173913,-0.4031620553359684,-0.233201581027668,-0.2450592885375494,-0.1225296442687747,-0.525691699604743,-0.16600790513833993,-0.6363636363636364,-0.1541501976284585,-0.4505928853754941,-0.1541501976284585,-0.31225296442687744,0.0,-0.5296442687747036,-0.011857707509881422,-0.7312252964426877,-0.039525691699604744,-0.849802371541502,-0.08695652173913043,-0.9683794466403162
6,0.0,0.0,-0.23622047244094488,-0.051181102362204724,-0.452755905511811,-0.24015748031496062,-0.5984251968503937,-0.3858267716535433,-0.7165354330708661,-0.4881889763779528,-0.35826771653543305,-0.49606299212598426,-0.41732283464566927,-0.7362204724409449,-0.4448818897637795,-0.8818897637795275,-0.4763779527559055,-1.0,-0.2283464566929134,-0.5236220472440944,-0.2795275590551181,-0.5984251968503937,-0.2440944881889764,-0.38976377952755903,-0.21653543307086615,-0.23228346456692914,-0.10236220472440945,-0.5354330708661418,-0.14566929133858267,-0.610236220472441,-0.14173228346456693,-0.42913385826771655,-0.14173228346456693,-0.2952755905511811,0.01968503937007874,-0.5393700787401575,0.007874015748031496,-0.7362204724409449,-0.01968503937007874,-0.8503937007874016,-0.06299212598425197,-0.9645669291338582
6,0.0,0.0,-0.24015748031496062,-0.05511811023622047,-0.452755905511811,-0.23622047244094488,-0.5905511811023622,-0.38188976377952755,-0.6968503937007874,-0.48031496062992124,-0.35039370078740156,-0.5,-0.4015748031496063,-0.7401574803149606,-0.4330708661417323,-0.8818897637795275,-0.46062992125984253,-1.0,-0.2204724409448819,-0.5275590551181102,-0.28346456692913385,-0.6141732283464567,-0.24803149606299213,-0.4094488188976378,-0.2125984251968504,-0.24803149606299213,-0.09448818897637795,-0.5354330708661418,-0.14173228346456693,-0.6062992125984252,-0.12992125984251968,-0.421259842519685,-0.12598425196850394,-0.28346456692913385,0.031496062992125984,-0.5354330708661418,0.007874015748031496,-0.7322834645669292,-0.01968503937007874,-0.8464566929133859,-0.06692913385826772,-0.9488188976377953
6,0.0,0.0,-0.2450592885375494,-0.04743083003952569,-0.4624505928853755,-0.22924901185770752,-0.6086956521739131,-0.3715415019762846,-0.7351778656126482,-0.466403162055336,-0.3675889328063241,-0.49407114624505927,-0.4308300395256917,-0.7351778656126482,-0.4624505928853755,-0.8814229249011858,-0.4980237154150198,-1.0,-0.23715415019762845,-0.5217391304347826,-0.2885375494071146,-0.5928853754940712,-0.25296442687747034,-0.3952569169960474,-0.22134387351778656,-0.23715415019762845,-0.11067193675889328,-0.5296442687747036,-0.14624505928853754,-0.6007905138339921,-0.13043478260869565,-0.4268774703557312,-0.13043478260869565,-0.2964426877470356,0.019762845849802372,-0.5375494071146245,-0.007905138339920948,-0.7312252964426877,-0.039525691699604744,-0.8379446640316206,-0.08300395256916997,-0.9367588932806324
6,0.0,0.0,-0.25206611570247933,-0.05785123966942149,-0.45867768595041325,-0.23140495867768596,-0.6033057851239669,-0.38016528925619836,-0.7148760330578512,-0.49586776859504134,-0.371900826446281,-0.5,-0.44214876033057854,-0.7396694214876033,-0.4669421487603306,-0.8801652892561983,-0.49586776859504134,-1.0,-0.24380165289256198,-0.5247933884297521,-0.30165289256198347,-0.628099173553719,-0.2727272727272727,-0.4297520661157025,-0.24793388429752067,-0.2644628099173554,-0.11983471074380166,-0.5330578512396694,-0.15702479338842976,-0.6198347107438017,-0.14049586776859505,-0.4380165289256198,-0.14049586776859505,-0.30165289256198347,0.008264462809917356,-0.5289256198347108,-0.008264462809917356,-0.7231404958677686,-0.04132231404958678,-0.8388429752066116,-0.09504132231404959,-0.9504132231404959
6,0.0,0.0,-0.23651452282157676,-0.05394190871369295,-0.45228215767634855,-0.23236514522821577,-0.5975103734439834,-0.38589211618257263,-0.7219917012448133,-0.4896265560165975,-0.3651452282157676,-0.5020746887966805,-0.42738589211618255,-0.7385892116182573,-0.45643153526970953,-0.8796680497925311,-0.4854771784232365,-1.0,-0.23651452282157676,-0.5228215767634855,-0.27385892116182575,-0.6182572614107884,-0.24896265560165975,-0.42738589211618255,-0.22821576763485477,-0.2697095435684647,-0.11203319502074689,-0.5269709543568465,-0.13692946058091288,-0.6099585062240664,-0.12863070539419086,-0.43568464730290457,-0.13278008298755187,-0.3070539419087137,0.012448132780082987,-0.5228215767634855,-0.008298755186721992,-0.7136929460580913,-0.03734439834024896,-0.8298755186721992,-0.08298755186721991,-0.9377593360995851
6,0.0,0.0,-0.2457627118644068,-0.05084745762711865,-0.4703389830508475,-0.2457627118644068,-0.614406779661017,-0.4067796610169492,-0.7415254237288136,-0.5084745762711864,-0.3771186440677966,-0.5042372881355932,-0.4364406779661017,-0.7457627118644068,-0.461864406779661,-0.8813559322033898,-0.4872881355932203,-1.0,-0.25,-0.5254237288135594,-0.2966101694915254,-0.635593220338983,-0.2711864406779661,-0.4406779661016949,-0.25,-0.2838983050847458,-0.1271186440677966,-0.5338983050847458,-0.16101694915254236,-0.6313559322033898,-0.1440677966101695,-0.4449152542372881,-0.1483050847457627,-0.3135593220338983,0.0,-0.5296610169491526,-0.0211864406779661,-0.7245762711864406,-0.05508474576271186,-0.8389830508474576,-0.09745762711864407,-0.9533898305084746
6,0.0,0.0,-0.2384937238493724,-0.05439330543933055,-0.4435146443514644,-0.2510460251046025,-0.5815899581589958,-0.4100418410041841,-0.698744769874477,-0.5062761506276151,-0.3514644351464435,-0.5062761506276151,-0.401673640167364,-0.7405857740585774,-0.4225941422594142,-0.8786610878661087,-0.4393305439330544,-1.0,-0.2217573221757322,-0.5313807531380753,-0.26778242677824265,-0.6276150627615062,-0.24267782426778242,-0.4351464435146444,-0.22594142259414227,-0.27615062761506276,-0.09623430962343096,-0.5313807531380753,-0.13807531380753138,-0.602510460251046,-0.13389121338912133,-0.4225941422594142,-0.13389121338912133,-0.28870292887029286,0.029288702928870293,-0.5188284518828452,0.012552301255230125,-0.7071129707112971,-0.008368200836820083,-0.8158995815899581,-0.05439330543933055,-0.9163179916317992
6,0.0,0.0,-0.24034334763948498,-0.060085836909871244,-0.43776824034334766,-0.23605150214592274,-0.5579399141630901,-0.39914163090128757,-0.6652360515021459,-0.5064377682403434,-0.3133047210300429,-0.4892703862660944,-0.3562231759656652,-0.7296137339055794,-0.37339055793991416,-0.871244635193133,-0.3905579399141631,-1.0,-0.1888412017167382,-0.5021459227467812,-0.2317596566523605,-0.6051502145922747,-0.2145922746781116,-0.41201716738197425,-0.2017167381974249,-0.2575107296137339,-0.06866952789699571,-0.5064377682403434,-0.10300429184549356,-0.6094420600858369,-0.1072961373390558,-0.43776824034334766,-0.11587982832618025,-0.30472103004291845,0.05150214592274678,-0.5021459227467812,0.055793991416309016,-0.6781115879828327,0.03862660944206009,-0.7854077253218884,0.004291845493562232,-0.8969957081545065
6,0.0,0.0,-0.2264957264957265,-0.05128205128205128,-0.4358974358974359,-0.24786324786324787,-0.5641025641025641,-0.41452991452991456,-0.6752136752136753,-0.5213675213675214,-0.3247863247863248,-0.5042735042735043,-0.36324786324786323,-0.7393162393162394,-0.3803418803418803,-0.8846153846153846,-0.3974358974358974,-1.0,-0.19230769230769232,-0.5213675213675214,-0.23076923076923078,-0.6025641025641025,-0.2094017094017094,-0.41025641025641024,-0.19230769230769232,-0.2606837606837607,-0.06837606837606838,-0.5128205128205128,-0.09401709401709402,-0.5897435897435898,-0.08974358974358974,-0.4230769230769231,-0.09829059829059829,-0.2948717948717949,0.05982905982905983,-0.5,0.05555555555555555,-0.688034188034188,0.03418803418803419,-0.8034188034188035,-0.004273504273504274,-0.9102564102564102
6,0.0,0.0,-0.2320675105485232,-0.07172995780590717,-0.42616033755274263,-0.2616033755274262,-0.5485232067510548,-0.42616033755274263,-0.6497890295358649,-0.5443037974683544,-0.29957805907172996,-0.510548523206751,-0.3333333333333333,-0.7426160337552743,-0.3459915611814346,-0.8818565400843882,-0.3628691983122363,-1.0,-0.17721518987341772,-0.5189873417721519,-0.21518987341772153,-0.6075949367088608,-0.20253164556962025,-0.4177215189873418,-0.19831223628691982,-0.26582278481012656,-0.05485232067510549,-0.5147679324894515,-0.0759493670886076,-0.6033755274261603,-0.08860759493670886,-0.43037974683544306,-0.10548523206751055,-0.3037974683544304,0.07172995780590717,-0.4978902953586498,0.08016877637130802,-0.6877637130801688,0.07172995780590717,-0.8059071729957806,0.04219409282700422,-0.919831223628692
6,0.0,0.0,-0.22784810126582278,-0.0759493670886076,-0.4219409282700422,-0.27848101265822783,-0.5443037974683544,-0.4472573839662447,-0.6455696202531646,-0.5611814345991561,-0.2911392405063291,-0.5232067510548524,-0.32489451476793246,-0.7468354430379747,-0.33755274261603374,-0.8818565400843882,-0.3459915611814346,-1.0,-0.16455696202531644,-0.5358649789029536,-0.1940928270042194,-0.6075949367088608,-0.17721518987341772,-0.41350210970464135,-0.1729957805907173,-0.26582278481012656,-0.0379746835443038,-0.5232067510548524,-0.05907172995780591,-0.5864978902953587,-0.06329113924050633,-0.41350210970464135,-0.0759493670886076,-0.2911392405063291,0.08438818565400844,-0.5021097046413502,0.10548523206751055,-0.6919831223628692,0.10548523206751055,-0.8059071729957806,0.08438818565400844,-0.919831223628692
6,0.0,0.0,-0.22594142259414227,-0.0794979079497908,-0.4100418410041841,-0.28451882845188287,-0.5313807531380753,-0.4560669456066946,-0.6317991631799164,-0.5648535564853556,-0.2719665271966527,-0.5230125523012552,-0.3054393305439331,-0.7447698744769874,-0.3138075313807531,-0.8828451882845189,-0.3179916317991632,-1.0,-0.14644351464435146,-0.5313807531380753,-0.1799163179916318,-0.6150627615062761,-0.1799163179916318,-0.42677824267782427,-0.17573221757322174,-0.2719665271966527,-0.02510460251046025,-0.5188284518828452,-0.0502092050209205,-0.5899581589958159,-0.06694560669456066,-0.41422594142259417,-0.08368200836820083,-0.28451882845188287,0.09623430962343096,-0.49372384937238495,0.12133891213389121,-0.6736401673640168,0.12133891213389121,-0.7866108786610879,0.10460251046025104,-0.895397489539749
6,0.0,0.0,-0.22317596566523606,-0.08583690987124463,-0.3948497854077253,-0.27896995708154504,-0.5064377682403434,-0.44635193133047213,-0.6008583690987125,-0.5622317596566524,-0.2575107296137339,-0.5064377682403434,-0.27467811158798283,-0.7424892703862661,-0.27467811158798283,-0.8798283261802575,-0.27467811158798283,-1.0,-0.12875536480686695,-0.5064377682403434,-0.15021459227467812,-0.6094420600858369,-0.1630901287553648,-0.4291845493562232,-0.17167381974248927,-0.2703862660944206,-0.004291845493562232,-0.4978540772532189,-0.017167381974248927,-0.5965665236051502,-0.04721030042918455,-0.43776824034334766,-0.07296137339055794,-0.3090128755364807,0.11158798283261803,-0.47639484978540775,0.1459227467811159,-0.6566523605150214,0.15450643776824036,-0.776824034334764,0.14163090128755365,-0.8927038626609443
6,0.0,0.0,-0.22510822510822512,-0.08225108225108226,-0.4025974025974026,-0.29004329004329005,-0.5151515151515151,-0.46320346320346323,-0.6103896103896104,-0.5800865800865801,-0.2683982683982684,-0.5108225108225108,-0.2813852813852814,-0.7402597402597403,-0.2857142857142857,-0.8787878787878788,-0.2857142857142857,-1.0,-0.13852813852813853,-0.5151515151515151,-0.16017316017316016,-0.6147186147186147,-0.16017316017316016,-0.43722943722943725,-0.16017316017316016,-0.29004329004329005,-0.012987012987012988,-0.5064935064935064,-0.021645021645021644,-0.6060606060606061,-0.04329004329004329,-0.4458874458874459,-0.06493506493506493,-0.3203463203463203,0.11255411255411256,-0.48484848484848486,0.14285714285714285,-0.6666666666666666,0.15151515151515152,-0.7835497835497836,0.14285714285714285,-0.8961038961038961
6,0.0,0.0,-0.23788546255506607,-0.07929515418502203,-0.42290748898678415,-0.2907488986784141,-0.5242290748898678,-0.4669603524229075,-0.6167400881057269,-0.5859030837004405,-0.27312775330396477,-0.4977973568281938,-0.28193832599118945,-0.73568281938326,-0.28193832599118945,-0.8766519823788547,-0.28193832599118945,-1.0,-0.14537444933920704,-0.5066079295154186,-0.16299559471365638,-0.6211453744493393,-0.16740088105726872,-0.44052863436123346,-0.17180616740088106,-0.29955947136563876,-0.022026431718061675,-0.4977973568281938,-0.02643171806167401,-0.6167400881057269,-0.05286343612334802,-0.45374449339207046,-0.07929515418502203,-0.32599118942731276,0.10572687224669604,-0.4845814977973568,0.13656387665198239,-0.6696035242290749,0.14096916299559473,-0.7841409691629956,0.13215859030837004,-0.8986784140969163
6,0.0,0.0,-0.22270742358078602,-0.08733624454148471,-0.40611353711790393,-0.28820960698689957,-0.5240174672489083,-0.4497816593886463,-0.6157205240174672,-0.5676855895196506,-0.2663755458515284,-0.5152838427947598,-0.2838427947598253,-0.7379912663755459,-0.28820960698689957,-0.8777292576419214,-0.29694323144104806,-1.0,-0.13100436681222707,-0.5240174672489083,-0.1572052401746725,-0.6069868995633187,-0.1615720524017467,-0.4192139737991266,-0.1615720524017467,-0.27074235807860264,-0.004366812227074236,-0.5152838427947598,-0.017467248908296942,-0.5938864628820961,-0.039301310043668124,-0.43231441048034935,-0.06550218340611354,-0.3056768558951965,0.1222707423580786,-0.49344978165938863,0.14410480349344978,-0.6768558951965066,0.14410480349344978,-0.7903930131004366,0.13100436681222707,-0.8995633187772926
6,0.0,0.0,-0.22943722943722944,-0.06060606060606061,-0.42424242424242425,-0.2554112554112554,-0.5367965367965368,-0.4155844155844156,-0.6320346320346321,-0.5281385281385281,-0.30303030303030304,-0.5021645021645021,-0.35064935064935066,-0.7316017316017316,-0.3722943722943723,-0.8744588744588745,-0.38961038961038963,-1.0,-0.1774891774891775,-0.5281385281385281,-0.22510822510822512,-0.6060606060606061,-0.21212121212121213,-0.41125541125541126,-0.19047619047619047,-0.2597402597402597,-0.047619047619047616,-0.5238095238095238,-0.08225108225108226,-0.5887445887445888,-0.09090909090909091,-0.42424242424242425,-0.09956709956709957,-0.2943722943722944,0.08225108225108226,-0.5108225108225108,0.09090909090909091,-0.7012987012987013,0.08225108225108226,-0.8181818181818182,0.05627705627705628,-0.922077922077922
6,0.0,0.0,-0.2264957264957265,-0.05128205128205128,-0.44017094017094016,-0.24358974358974358,-0.5726495726495726,-0.4017094017094017,-0.6923076923076923,-0.5,-0.3418803418803419,-0.5042735042735043,-0.3888888888888889,-0.7350427350427351,-0.4188034188034188,-0.8760683760683761,-0.4444444444444444,-1.0,-0.20512820512820512,-0.5299145299145299,-0.2606837606837607,-0.6153846153846154,-0.23076923076923078,-0.3974358974358974,-0.20085470085470086,-0.23076923076923078,-0.07264957264957266,-0.5299145299145299,-0.10683760683760683,-0.594017094017094,-0.10256410256410256,-0.41452991452991456,-0.10256410256410256,-0.28205128205128205,0.06837606837606838,-0.5213675213675214,0.05555555555555555,-0.7264957264957265,0.03418803418803419,-0.8418803418803419,0.0,-0.9487179487179487
6,0.0,0.0,-0.2330508474576271,-0.046610169491525424,-0.4576271186440678,-0.24152542372881355,-0.597457627118644,-0.4025423728813559,-0.7161016949152542,-0.5169491525423728,-0.3559322033898305,-0.5127118644067796,-0.4152542372881356,-0.7457627118644068,-0.4491525423728814,-0.8813559322033898,-0.4830508474576271,-1.0,-0.2245762711864407,-0.5338983050847458,-0.2838983050847458,-0.6228813559322034,-0.2584745762711864,-0.4194915254237288,-0.2288135593220339,-0.2584745762711864,-0.09322033898305085,-0.5338983050847458,-0.13983050847457626,-0.6101694915254238,-0.13559322033898305,-0.423728813559322,-0.13983050847457626,-0.288135593220339,0.038135593220338986,-0.5338983050847458,0.0211864406779661,-0.7330508474576272,0.00423728813559322,-0.847457627118644,-0.029661016949152543,-0.9576271186440678
6,0.0,0.0,-0.2457627118644068,-0.059322033898305086,-0.4788135593220339,-0.24152542372881355,-0.6271186440677966,-0.3898305084745763,-0.7457627118644068,-0.5,-0.3940677966101695,-0.5042372881355932,-0.4661016949152542,-0.7372881355932204,-0.5084745762711864,-0.8771186440677966,-0.5466101694915254,-0.9957627118644068,-0.2584745762711864,-0.538135593220339,-0.3220338983050847,-0.6313559322033898,-0.288135593220339,-0.4110169491525424,-0.2457627118644068,-0.23728813559322035,-0.11864406779661017,-0.5466101694915254,-0.1694915254237288,-0.6228813559322034,-0.15677966101694915,-0.4364406779661017,-0.1440677966101695,-0.288135593220339,0.0211864406779661,-0.5508474576271186,0.00423728813559322,-0.7627118644067796,-0.025423728813559324,-0.8898305084745762,-0.07203389830508475,-1.0
6,0.0,0.0,-0.25523012552301255,-0.04602510460251046,-0.48535564853556484,-0.23430962343096234,-0.6317991631799164,-0.39330543933054396,-0.7573221757322176,-0.49372384937238495,-0.38493723849372385,-0.49372384937238495,-0.46443514644351463,-0.7364016736401674,-0.5062761506276151,-0.8786610878661087,-0.5523012552301255,-1.0,-0.25523012552301255,-0.5230125523012552,-0.32217573221757323,-0.6192468619246861,-0.28451882845188287,-0.4100418410041841,-0.2510460251046025,-0.24686192468619247,-0.12552301255230125,-0.5355648535564853,-0.17573221757322174,-0.6150627615062761,-0.15481171548117154,-0.4225941422594142,-0.14644351464435146,-0.28451882845188287,0.008368200836820083,-0.5355648535564853,-0.008368200836820083,-0.7405857740585774,-0.03765690376569038,-0.8661087866108786,-0.0794979079497908,-0.9832635983263598
6,0.0,0.0,-0.24789915966386555,-0.0546218487394958,-0.47058823529411764,-0.23949579831932774,-0.6218487394957983,-0.39915966386554624,-0.7563025210084033,-0.5084033613445378,-0.3865546218487395,-0.5126050420168067,-0.46638655462184875,-0.7394957983193278,-0.5168067226890757,-0.8781512605042017,-0.5630252100840336,-1.0,-0.2605042016806723,-0.5378151260504201,-0.3319327731092437,-0.6302521008403361,-0.29831932773109243,-0.4369747899159664,-0.25210084033613445,-0.2773109243697479,-0.13865546218487396,-0.5462184873949579,-0.20168067226890757,-0.6218487394957983,-0.18067226890756302,-0.4327731092436975,-0.15966386554621848,-0.29831932773109243,-0.012605042016806723,-0.542016806722689,-0.029411764705882353,-0.7478991596638656,-0.0546218487394958,-0.865546218487395,-0.09243697478991597,-0.9789915966386554
6,0.0,0.0,-0.2073170731707317,-0.07723577235772358,-0.3943089430894309,-0.26422764227642276,-0.5040650406504065,-0.43089430894308944,-0.5975609756097561,-0.5447154471544715,-0.2886178861788618,-0.516260162601626,-0.3333333333333333,-0.7398373983739838,-0.35772357723577236,-0.8780487804878049,-0.3780487804878049,-1.0,-0.15853658536585366,-0.5365853658536586,-0.1951219512195122,-0.6138211382113821,-0.18699186991869918,-0.42276422764227645,-0.17886178861788618,-0.2601626016260163,-0.032520325203252036,-0.5365853658536586,-0.07317073170731707,-0.5975609756097561,-0.07317073170731707,-0.4146341463414634,-0.08130081300813008,-0.2764227642276423,0.08943089430894309,-0.5203252032520326,0.1016260162601626,-0.7113821138211383,0.09349593495934959,-0.8252032520325203,0.06097560975609756,-0.9349593495934959
6,0.0,0.0,-0.2151394422310757,-0.08366533864541832,-0.398406374501992,-0.2908366533864542,-0.50199203187251,-0.4581673306772908,-0.5896414342629482,-0.5816733067729084,-0.26693227091633465,-0.5179282868525896,-0.30677290836653387,-0.749003984063745,-0.32270916334661354,-0.8844621513944223,-0.3386454183266932,-1.0,-0.1394422310756972,-0.5298804780876494,-0.17928286852589642,-0.5936254980079682,-0.16733067729083664,-0.40239043824701193,-0.1553784860557769,-0.2549800796812749,-0.01195219123505976,-0.5258964143426295,-0.04780876494023904,-0.5896414342629482,-0.05976095617529881,-0.42231075697211157,-0.07171314741035857,-0.2948207171314741,0.11155378486055777,-0.5139442231075697,0.12749003984063745,-0.7091633466135459,0.11952191235059761,-0.8286852589641435,0.099601593625498,-0.9322709163346613
6,0.0,0.0,-0.20948616600790515,-0.08300395256916997,-0.3794466403162055,-0.2964426877470356,-0.4743083003952569,-0.466403162055336,-0.5612648221343873,-0.5849802371541502,-0.25296442687747034,-0.5138339920948617,-0.2766798418972332,-0.7430830039525692,-0.2885375494071146,-0.8814229249011858,-0.308300395256917,-1.0,-0.12648221343873517,-0.5217391304347826,-0.16600790513833993,-0.616600790513834,-0.16205533596837945,-0.4189723320158103,-0.1541501976284585,-0.26877470355731226,0.0,-0.5138339920948617,-0.02766798418972332,-0.5968379446640316,-0.04743083003952569,-0.4268774703557312,-0.05928853754940711,-0.2964426877470356,0.12648221343873517,-0.49407114624505927,0.1541501976284585,-0.6798418972332015,0.1541501976284585,-0.7984189723320159,0.13438735177865613,-0.9090909090909091
6,0.0,0.0,-0.20392156862745098,-0.10196078431372549,-0.3607843137254902,-0.3137254901960784,-0.4588235294117647,-0.4823529411764706,-0.5411764705882353,-0.6039215686274509,-0.21176470588235294,-0.5294117647058824,-0.23137254901960785,-0.7450980392156863,-0.23921568627450981,-0.8823529411764706,-0.24705882352941178,-1.0,-0.08627450980392157,-0.5294117647058824,-0.13333333333333333,-0.6039215686274509,-0.1411764705882353,-0.4196078431372549,-0.13725490196078433,-0.27058823529411763,0.03529411764705882,-0.5098039215686274,-0.00392156862745098,-0.5764705882352941,-0.027450980392156862,-0.4117647058823529,-0.043137254901960784,-0.28627450980392155,0.1568627450980392,-0.4823529411764706,0.19607843137254902,-0.6627450980392157,0.20392156862745098,-0.7764705882352941,0.19215686274509805,-0.8823529411764706
6,0.0,0.0,-0.21031746031746032,-0.10317460317460317,-0.3492063492063492,-0.32142857142857145,-0.4246031746031746,-0.5,-0.5,-0.626984126984127,-0.20238095238095238,-0.503968253968254,-0.20634920634920634,-0.7380952380952381,-0.20238095238095238,-0.876984126984127,-0.20634920634920634,-1.0,-0.07936507936507936,-0.5,-0.10714285714285714,-0.5952380952380952,-0.11507936507936507,-0.4126984126984127,-0.12301587301587301,-0.2619047619047619,0.03968253968253968,-0.48412698412698413,0.01984126984126984,-0.5912698412698413,-0.007936507936507936,-0.43253968253968256,-0.03571428571428571,-0.3134920634920635,0.16666666666666666,-0.45634920634920634,0.20634920634920634,-0.6309523809523809,0.2222222222222222,-0.7380952380952381,0.21428571428571427,-0.8452380952380952
6,0.0,0.0,-0.216,-0.108,-0.36,-0.324,-0.44,-0.5,-0.504,-0.628,-0.208,-0.5,-0.208,-0.732,-0.208,-0.872,-0.216,-1.0,-0.084,-0.496,-0.104,-0.592,-0.112,-0.42,-0.124,-0.276,0.036,-0.48,0.024,-0.584,-0.004,-0.428,-0.036,-0.308,0.156,-0.46,0.2,-0.632,0.216,-0.744,0.216,-0.852
6,0.0,0.0,-0.20948616600790515,-0.1067193675889328,-0.34782608695652173,-0.32806324110671936,-0.4150197628458498,-0.5098814229249012,-0.4743083003952569,-0.6403162055335968,-0.1857707509881423,-0.5019762845849802,-0.18181818181818182,-0.7351778656126482,-0.17391304347826086,-0.8774703557312253,-0.17786561264822134,-1.0,-0.06719367588932806,-0.4980237154150198,-0.07905138339920949,-0.5928853754940712,-0.1067193675889328,-0.4150197628458498,-0.12648221343873517,-0.2727272727272727,0.05138339920948617,-0.4782608695652174,0.05138339920948617,-0.5928853754940712,0.007905138339920948,-0.43873517786561267,-0.023715415019762844,-0.3201581027667984,0.17391304347826086,-0.4505928853754941,0.22134387351778656,-0.6205533596837944,0.23715415019762845,-0.7312252964426877,0.24110671936758893,-0.841897233201581
6,0.0,0.0,-0.19923371647509577,-0.11494252873563218,-0.34099616858237547,-0.3333333333333333,-0.41379310344827586,-0.5057471264367817,-0.47509578544061304,-0.632183908045977,-0.18773946360153257,-0.5172413793103449,-0.17624521072796934,-0.735632183908046,-0.1724137931034483,-0.8773946360153256,-0.17624521072796934,-1.0,-0.06513409961685823,-0.5095785440613027,-0.07662835249042145,-0.5900383141762452,-0.09195402298850575,-0.41379310344827586,-0.10344827586206896,-0.2681992337164751,0.05363984674329502,-0.48659003831417624,0.04980842911877394,-0.5747126436781609,0.011494252873563218,-0.421455938697318,-0.022988505747126436,-0.30268199233716475,0.1724137931034483,-0.4521072796934866,0.2260536398467433,-0.6245210727969349,0.24521072796934865,-0.735632183908046,0.24521072796934865,-0.842911877394636
6,0.0,0.0,-0.21235521235521235,-0.11583011583011583,-0.3552123552123552,-0.3474903474903475,-0.4247104247104247,-0.528957528957529,-0.4980694980694981,-0.6486486486486487,-0.20077220077220076,-0.5135135135135135,-0.19305019305019305,-0.7413127413127413,-0.18146718146718147,-0.8803088803088803,-0.1776061776061776,-1.0,-0.08108108108108109,-0.5019305019305019,-0.08494208494208494,-0.5984555984555985,-0.10424710424710425,-0.42857142857142855,-0.1274131274131274,-0.28957528957528955,0.03474903474903475,-0.47876447876447875,0.04247104247104247,-0.583011583011583,0.007722007722007722,-0.43243243243243246,-0.02702702702702703,-0.3166023166023166,0.15057915057915058,-0.44787644787644787,0.20463320463320464,-0.6216216216216216,0.22393822393822393,-0.7335907335907336,0.23166023166023167,-0.8416988416988417
6,0.0,0.0,-0.22433460076045628,-0.08745247148288973,-0.40304182509505704,-0.27756653992395436,-0.5095057034220533,-0.4448669201520912,-0.6121673003802282,-0.5513307984790875,-0.3041825095057034,-0.49049429657794674,-0.3269961977186312,-0.7262357414448669,-0.34600760456273766,-0.870722433460076,-0.3688212927756654,-1.0,-0.18250950570342206,-0.5057034220532319,-0.20532319391634982,-0.6007604562737643,-0.18631178707224336,-0.4144486692015209,-0.17110266159695817,-0.2623574144486692,-0.053231939163498096,-0.5095057034220533,-0.07224334600760456,-0.6045627376425855,-0.07604562737642585,-0.4448669201520912,-0.08365019011406843,-0.3155893536121673,0.07984790874524715,-0.49809885931558934,0.10266159695817491,-0.6920152091254753,0.09505703422053231,-0.8136882129277566,0.07224334600760456,-0.9239543726235742
6,0.0,0.0,-0.23461538461538461,-0.057692307692307696,-0.4346153846153846,-0.25769230769230766,-0.5576923076923077,-0.4269230769230769,-0.6730769230769231,-0.5307692307692308,-0.3269230769230769,-0.47692307692307695,-0.38076923076923075,-0.7230769230769231,-0.40384615384615385,-0.8692307692307693,-0.4269230769230769,-1.0,-0.20384615384615384,-0.49615384615384617,-0.23076923076923078,-0.5769230769230769,-0.2076923076923077,-0.38461538461538464,-0.18461538461538463,-0.23846153846153847,-0.08461538461538462,-0.5,-0.10384615384615385,-0.5923076923076923,-0.10384615384615385,-0.4153846153846154,-0.1076923076923077,-0.2846153846153846,0.04230769230769231,-0.49615384615384617,0.057692307692307696,-0.6923076923076923,0.057692307692307696,-0.8115384615384615,0.038461538461538464,-0.9346153846153846
6,0.0,0.0,-0.23529411764705882,-0.043137254901960784,-0.45098039215686275,-0.2235294117647059,-0.592156862745098,-0.3843137254901961,-0.7176470588235294,-0.49019607843137253,-0.3843137254901961,-0.4745098039215686,-0.45098039215686275,-0.7215686274509804,-0.48627450980392156,-0.8705882352941177,-0.5137254901960784,-1.0,-0.2549019607843137,-0.5058823529411764,-0.2784313725490196,-0.5843137254901961,-0.23921568627450981,-0.3843137254901961,-0.21568627450980393,-0.23137254901960785,-0.12156862745098039,-0.5176470588235295,-0.1450980392156863,-0.611764705882353,-0.13333333333333333,-0.43137254901960786,-0.13725490196078433,-0.2980392156862745,0.011764705882352941,-0.5176470588235295,0.00392156862745098,-0.7176470588235294,-0.01568627450980392,-0.8431372549019608,-0.047058823529411764,-0.9647058823529412
6,0.0,0.0,-0.2570281124497992,-0.0321285140562249,-0.5020080321285141,-0.20481927710843373,-0.6586345381526104,-0.3534136546184739,-0.7951807228915663,-0.44176706827309237,-0.43775100401606426,-0.4738955823293173,-0.5261044176706827,-0.7188755020080321,-0.5783132530120482,-0.8714859437751004,-0.6305220883534136,-1.0,-0.30522088353413657,-0.5140562248995983,-0.3293172690763052,-0.5823293172690763,-0.26506024096385544,-0.37349397590361444,-0.23293172690763053,-0.21285140562248997,-0.1646586345381526,-0.5341365461847389,-0.18473895582329317,-0.6104417670682731,-0.15261044176706828,-0.42570281124497994,-0.14457831325301204,-0.2891566265060241,-0.024096385542168676,-0.5461847389558233,-0.05220883534136546,-0.7469879518072289,-0.08032128514056225,-0.8755020080321285,-0.12048192771084337,-0.9919678714859438
6,0.0,0.0,-0.2682926829268293,-0.032520325203252036,-0.5284552845528455,-0.2073170731707317,-0.6991869918699187,-0.3699186991869919,-0.8414634146341463,-0.46747967479674796,-0.45528455284552843,-0.46747967479674796,-0.5447154471544715,-0.7195121951219512,-0.5975609756097561,-0.8577235772357723,-0.6504065040650406,-0.9796747967479674,-0.32113821138211385,-0.508130081300813,-0.35772357723577236,-0.5853658536585366,-0.2967479674796748,-0.3821138211382114,-0.25609756097560976,-0.22357723577235772,-0.1910569105691057,-0.532520325203252,-0.21951219512195122,-0.6219512195121951,-0.17479674796747968,-0.43902439024390244,-0.15447154471544716,-0.3008130081300813,-0.052845528455284556,-0.5487804878048781,-0.08130081300813008,-0.7601626016260162,-0.11382113821138211,-0.8821138211382114,-0.16260162601626016,-1.0
6,0.0,0.0,-0.27346938775510204,-0.04897959183673469,-0.5306122448979592,-0.22448979591836735,-0.7020408163265306,-0.37142857142857144,-0.8408163265306122,-0.47346938775510206,-0.4448979591836735,-0.46530612244897956,-0.5428571428571428,-0.7183673469387755,-0.6040816326530613,-0.8693877551020408,-0.6693877551020408,-0.9959183673469387,-0.31020408163265306,-0.5102040816326531,-0.3510204081632653,-0.5959183673469388,-0.2979591836734694,-0.4,-0.2571428571428571,-0.24489795918367346,-0.17959183673469387,-0.5387755102040817,-0.2163265306122449,-0.6285714285714286,-0.18775510204081633,-0.4489795918367347,-0.17551020408163265,-0.31020408163265306,-0.04897959183673469,-0.5510204081632653,-0.08163265306122448,-0.7591836734693878,-0.11836734693877551,-0.8857142857142857,-0.1673469387755102,-1.0
6,0.0,0.0,-0.268,-0.044,-0.512,-0.224,-0.68,-0.376,-0.816,-0.484,-0.416,-0.484,-0.508,-0.724,-0.556,-0.876,-0.612,-1.0,-0.288,-0.52,-0.332,-0.596,-0.272,-0.4,-0.232,-0.244,-0.164,-0.536,-0.204,-0.608,-0.16,-0.42,-0.136,-0.28,-0.032,-0.548,-0.064,-0.744,-0.1,-0.86,-0.156,-0.968
6,0.0,0.0,-0.2441860465116279,-0.08914728682170543,-0.4418604651162791,-0.26744186046511625,-0.5775193798449613,-0.41472868217054265,-0.6976744186046512,-0.5,-0.35658914728682173,-0.49224806201550386,-0.4186046511627907,-0.7248062015503876,-0.4418604651162791,-0.8682170542635659,-0.46124031007751937,-1.0,-0.2248062015503876,-0.5155038759689923,-0.26744186046511625,-0.5968992248062015,-0.23255813953488372,-0.4186046511627907,-0.19767441860465115,-0.2751937984496124,-0.10465116279069768,-0.5193798449612403,-0.1511627906976744,-0.5891472868217055,-0.12790697674418605,-0.41472868217054265,-0.10852713178294573,-0.27906976744186046,0.015503875968992248,-0.5116279069767442,0.007751937984496124,-0.7015503875968992,-0.01937984496124031,-0.813953488372093,-0.05813953488372093,-0.9186046511627907
6,0.0,0.0,-0.23106060606060605,-0.07196969696969698,-0.42424242424242425,-0.26136363636363635,-0.5492424242424242,-0.42803030303030304,-0.6553030303030303,-0.5416666666666666,-0.3106060606060606,-0.4810606060606061,-0.3522727272727273,-0.7234848484848485,-0.375,-0.8712121212121212,-0.4015151515151515,-1.0,-0.19318181818181818,-0.4962121212121212,-0.2159090909090909,-0.5833333333333334,-0.19318181818181818,-0.4015151515151515,-0.1856060606060606,-0.2537878787878788,-0.07196969696969698,-0.5,-0.0946969696969697,-0.5946969696969697,-0.09090909090909091,-0.42424242424242425,-0.10227272727272728,-0.29545454545454547,0.04924242424242424,-0.4962121212121212,0.06439393939393939,-0.6818181818181818,0.05303030303030303,-0.7954545454545454,0.01893939393939394,-0.9053030303030303
6,0.0,0.0,-0.2364341085271318,-0.08914728682170543,-0.4186046511627907,-0.28294573643410853,-0.5348837209302325,-0.45348837209302323,-0.6356589147286822,-0.562015503875969,-0.2868217054263566,-0.4883720930232558,-0.31007751937984496,-0.7286821705426356,-0.32558139534883723,-0.872093023255814,-0.3488372093023256,-1.0,-0.16279069767441862,-0.5,-0.18992248062015504,-0.6046511627906976,-0.17829457364341086,-0.4186046511627907,-0.1821705426356589,-0.26356589147286824,-0.046511627906976744,-0.49612403100775193,-0.06976744186046512,-0.6007751937984496,-0.07364341085271318,-0.43410852713178294,-0.08527131782945736,-0.3062015503875969,0.06976744186046512,-0.4806201550387597,0.08914728682170543,-0.6589147286821705,0.08139534883720931,-0.7713178294573644,0.05426356589147287,-0.8837209302325582
6,0.0,0.0,-0.2260536398467433,-0.09961685823754789,-0.39846743295019155,-0.31417624521072796,-0.5095785440613027,-0.48659003831417624,-0.6130268199233716,-0.5900383141762452,-0.2567049808429119,-0.5019157088122606,-0.2835249042145594,-0.735632183908046,-0.29118773946360155,-0.8773946360153256,-0.30268199233716475,-1.0,-0.1417624521072797,-0.5057471264367817,-0.14942528735632185,-0.5977011494252874,-0.14942528735632185,-0.41762452107279696,-0.1532567049808429,-0.27586206896551724,-0.022988505747126436,-0.4942528735632184,-0.02681992337164751,-0.5900383141762452,-0.0421455938697318,-0.4329501915708812,-0.06896551724137931,-0.3103448275862069,0.09578544061302682,-0.47126436781609193,0.12643678160919541,-0.6513409961685823,0.12260536398467432,-0.7624521072796935,0.10344827586206896,-0.8697318007662835
6,0.0,0.0,-0.2196969696969697,-0.10606060606060606,-0.375,-0.3181818181818182,-0.4696969696969697,-0.49242424242424243,-0.5606060606060606,-0.6022727272727273,-0.22348484848484848,-0.5075757575757576,-0.23106060606060605,-0.7424242424242424,-0.22727272727272727,-0.8787878787878788,-0.23484848484848486,-1.0,-0.10606060606060606,-0.5075757575757576,-0.12121212121212122,-0.6098484848484849,-0.12878787878787878,-0.4318181818181818,-0.14393939393939395,-0.2840909090909091,0.007575757575757576,-0.49242424242424243,0.003787878787878788,-0.5984848484848485,-0.022727272727272728,-0.4393939393939394,-0.04924242424242424,-0.3181818181818182,0.11742424242424243,-0.4621212121212121,0.1553030303030303,-0.6287878787878788,0.1590909090909091,-0.7348484848484849,0.14393939393939395,-0.8371212121212122
6,0.0,0.0,-0.2159090909090909,-0.10606060606060606,-0.3712121212121212,-0.3181818181818182,-0.4583333333333333,-0.4962121212121212,-0.5340909090909091,-0.6212121212121212,-0.2159090909090909,-0.5037878787878788,-0.2196969696969697,-0.7348484848484849,-0.2159090909090909,-0.875,-0.2196969696969697,-1.0,-0.09848484848484848,-0.5,-0.11363636363636363,-0.6022727272727273,-0.13257575757575757,-0.42803030303030304,-0.14772727272727273,-0.2840909090909091,0.015151515151515152,-0.48484848484848486,0.007575757575757576,-0.5946969696969697,-0.026515151515151516,-0.4431818181818182,-0.056818181818181816,-0.32196969696969696,0.125,-0.45454545454545453,0.16287878787878787,-0.6174242424242424,0.17045454545454544,-0.7272727272727273,0.1590909090909091,-0.8409090909090909
6,0.0,0.0,-0.2159090909090909,-0.10984848484848485,-0.3712121212121212,-0.3181818181818182,-0.45454545454545453,-0.4962121212121212,-0.5265151515151515,-0.6212121212121212,-0.2159090909090909,-0.5037878787878788,-0.21212121212121213,-0.7348484848484849,-0.20454545454545456,-0.875,-0.20454545454545456,-1.0,-0.0946969696969697,-0.4962121212121212,-0.10227272727272728,-0.6022727272727273,-0.12121212121212122,-0.42424242424242425,-0.14015151515151514,-0.2803030303030303,0.01893939393939394,-0.4810606060606061,0.01893939393939394,-0.5871212121212122,-0.01893939393939394,-0.4318181818181818,-0.05303030303030303,-0.3143939393939394,0.12878787878787878,-0.45075757575757575,0.18181818181818182,-0.6174242424242424,0.19318181818181818,-0.7272727272727273,0.1856060606060606,-0.8409090909090909
6,0.0,0.0,-0.2,-0.10714285714285714,-0.34285714285714286,-0.325,-0.425,-0.4928571428571429,-0.49642857142857144,-0.6142857142857143,-0.17857142857142858,-0.5107142857142857,-0.16785714285714284,-0.7392857142857143,-0.16071428571428573,-0.8785714285714286,-0.16428571428571428,-1.0,-0.06428571428571428,-0.5035714285714286,-0.075,-0.5785714285714286,-0.10357142857142858,-0.3964285714285714,-0.11785714285714285,-0.25357142857142856,0.05357142857142857,-0.48214285714285715,0.04642857142857143,-0.5678571428571428,0.0035714285714285713,-0.4142857142857143,-0.03214285714285714,-0.29642857142857143,0.16428571428571428,-0.45,0.20714285714285716,-0.6214285714285714,0.21428571428571427,-0.7285714285714285,0.21071428571428572,-0.8357142857142857
6,0.0,0.0,-0.19112627986348124,-0.10921501706484642,-0.3242320819112628,-0.3412969283276451,-0.3924914675767918,-0.515358361774744,-0.46075085324232085,-0.6382252559726962,-0.15017064846416384,-0.5051194539249146,-0.13993174061433447,-0.7406143344709898,-0.1296928327645051,-0.8805460750853242,-0.12627986348122866,-1.0,-0.03754266211604096,-0.49146757679180886,-0.05460750853242321,-0.5767918088737202,-0.08873720136518772,-0.3924914675767918,-0.10921501706484642,-0.2525597269624573,0.07167235494880546,-0.46757679180887374,0.07167235494880546,-0.5767918088737202,0.023890784982935155,-0.4232081911262799,-0.013651877133105802,-0.3037542662116041,0.18430034129692832,-0.4334470989761092,0.23890784982935154,-0.6075085324232082,0.2525597269624573,-0.7201365187713311,0.25597269624573377,-0.8293515358361775
6,0.0,0.0,-0.17763157894736842,-0.11842105263157894,-0.29605263157894735,-0.34210526315789475,-0.35855263157894735,-0.5098684210526315,-0.4243421052631579,-0.6282894736842105,-0.11513157894736842,-0.506578947368421,-0.09539473684210527,-0.7335526315789473,-0.08881578947368421,-0.875,-0.08881578947368421,-1.0,-0.006578947368421052,-0.4901315789473684,-0.039473684210526314,-0.5756578947368421,-0.07894736842105263,-0.39144736842105265,-0.09868421052631579,-0.24342105263157895,0.10197368421052631,-0.4605263157894737,0.07894736842105263,-0.5592105263157895,0.02631578947368421,-0.40460526315789475,-0.009868421052631578,-0.27960526315789475,0.20723684210526316,-0.4243421052631579,0.26973684210526316,-0.5986842105263158,0.28618421052631576,-0.7105263157894737,0.2894736842105263,-0.8157894736842105
6,0.0,0.0,-0.17405063291139242,-0.12658227848101267,-0.27848101265822783,-0.3670886075949367,-0.3259493670886076,-0.5443037974683544,-0.3860759493670886,-0.6708860759493671,-0.0981012658227848,-0.5126582278481012,-0.06645569620253164,-0.7373417721518988,-0.05063291139240506,-0.8765822784810127,-0.04113924050632911,-1.0,0.012658227848101266,-0.4936708860759494,-0.015822784810126583,-0.5791139240506329,-0.060126582278481014,-0.39556962025316456,-0.08227848101265822,-0.25,0.12341772151898735,-0.4588607594936709,0.10759493670886076,-0.5664556962025317,0.04746835443037975,-0.4240506329113924,0.006329113924050633,-0.3037974683544304,0.23417721518987342,-0.4177215189873418,0.3037974683544304,-0.5917721518987342,0.3259493670886076,-0.7025316455696202,0.33860759493670883,-0.8069620253164557
6,0.0,0.0,-0.17857142857142858,-0.1331168831168831,-0.2727272727272727,-0.37012987012987014,-0.3051948051948052,-0.5454545454545454,-0.3538961038961039,-0.6785714285714286,-0.08766233766233766,-0.5227272727272727,-0.048701298701298704,-0.7467532467532467,-0.025974025974025976,-0.8798701298701299,-0.012987012987012988,-1.0,0.025974025974025976,-0.4967532467532468,-0.003246753246753247,-0.5941558441558441,-0.05844155844155844,-0.4155844155844156,-0.09090909090909091,-0.275974025974026,0.1331168831168831,-0.4577922077922078,0.12012987012987013,-0.5681818181818182,0.05194805194805195,-0.4155844155844156,0.006493506493506494,-0.2987012987012987,0.24025974025974026,-0.41233766233766234,0.31493506493506496,-0.5811688311688312,0.34415584415584416,-0.6948051948051948,0.36363636363636365,-0.8051948051948052
6,0.0,0.0,-0.16613418530351437,-0.13738019169329074,-0.25559105431309903,-0.3738019169329074,-0.29073482428115016,-0.5559105431309904,-0.33865814696485624,-0.6869009584664537,-0.07667731629392971,-0.5207667731629393,-0.03194888178913738,-0.7476038338658147,-0.003194888178913738,-0.8785942492012779,0.01597444089456869,-1.0,0.03514376996805112,-0.49201277955271566,0.012779552715654952,-0.5814696485623003,-0.04153354632587859,-0.402555910543131,-0.07987220447284345,-0.26198083067092653,0.14696485623003194,-0.4536741214057508,0.14057507987220447,-0.5686900958466453,0.0670926517571885,-0.4249201277955272,0.019169329073482427,-0.30990415335463256,0.25559105431309903,-0.4057507987220447,0.33865814696485624,-0.5686900958466453,0.3706070287539936,-0.6741214057507987,0.3865814696485623,-0.7827476038338658
6,0.0,0.0,-0.17263843648208468,-0.14006514657980457,-0.250814332247557,-0.38436482084690554,-0.2703583061889251,-0.5635179153094463,-0.30618892508143325,-0.6938110749185668,-0.048859934853420196,-0.5244299674267101,0.006514657980456026,-0.749185667752443,0.03908794788273615,-0.8827361563517915,0.05863192182410423,-1.0,0.06188925081433225,-0.48859934853420195,0.03908794788273615,-0.5895765472312704,-0.026058631921824105,-0.41368078175895767,-0.06840390879478828,-0.2768729641693811,0.17263843648208468,-0.44625407166123776,0.16938110749185667,-0.5635179153094463,0.08794788273615635,-0.41368078175895767,0.035830618892508145,-0.2964169381107492,0.28338762214983715,-0.3941368078175896,0.3745928338762215,-0.5537459283387622,0.4169381107491857,-0.6612377850162866,0.44299674267100975,-0.7752442996742671
6,0.0,0.0,-0.17263843648208468,-0.15309446254071662,-0.250814332247557,-0.39087947882736157,-0.2703583061889251,-0.5667752442996743,-0.31596091205211724,-0.6938110749185668,-0.05211726384364821,-0.5211726384364821,0.0,-0.742671009771987,0.03257328990228013,-0.8794788273615635,0.05863192182410423,-1.0,0.05537459283387622,-0.48859934853420195,0.035830618892508145,-0.5830618892508144,-0.03257328990228013,-0.4201954397394137,-0.07166123778501629,-0.28664495114006516,0.15960912052117263,-0.44625407166123776,0.1563517915309446,-0.5570032573289903,0.0781758957654723,-0.4169381107491857,0.029315960912052116,-0.30293159609120524,0.2671009771986971,-0.4006514657980456,0.3583061889250814,-0.5537459283387622,0.4006514657980456,-0.6547231270358306,0.43322475570032576,-0.758957654723127
6,0.0,0.0,-0.16225165562913907,-0.1490066225165563,-0.24172185430463577,-0.38741721854304634,-0.26490066225165565,-0.5662251655629139,-0.3079470198675497,-0.6986754966887417,-0.056291390728476824,-0.5298013245033113,-0.006622516556291391,-0.7483443708609272,0.026490066225165563,-0.8807947019867549,0.04966887417218543,-1.0,0.052980132450331126,-0.49337748344370863,0.03642384105960265,-0.5894039735099338,-0.029801324503311258,-0.41721854304635764,-0.0695364238410596,-0.2814569536423841,0.15894039735099338,-0.4470198675496689,0.15562913907284767,-0.5562913907284768,0.07947019867549669,-0.40728476821192056,0.029801324503311258,-0.2913907284768212,0.26490066225165565,-0.39403973509933776,0.3543046357615894,-0.5562913907284768,0.39072847682119205,-0.6622516556291391,0.41721854304635764,-0.7682119205298014
6,0.0,0.0,-0.16835016835016836,-0.14814814814814814,-0.2558922558922559,-0.3872053872053872,-0.2895622895622896,-0.5656565656565656,-0.3333333333333333,-0.7003367003367004,-0.06734006734006734,-0.531986531986532,-0.016835016835016835,-0.7474747474747475,0.013468013468013467,-0.8821548821548821,0.03367003367003367,-1.0,0.04713804713804714,-0.5016835016835017,0.020202020202020204,-0.5925925925925926,-0.04040404040404041,-0.4175084175084175,-0.07407407407407407,-0.27946127946127947,0.15488215488215487,-0.4612794612794613,0.1447811447811448,-0.569023569023569,0.0707070707070707,-0.42424242424242425,0.026936026936026935,-0.3063973063973064,0.26262626262626265,-0.4107744107744108,0.3501683501683502,-0.569023569023569,0.3838383838383838,-0.67003367003367,0.4006734006734007,-0.7744107744107744
6,0.0,0.0,-0.17993079584775087,-0.1314878892733564,-0.2837370242214533,-0.3633217993079585,-0.33217993079584773,-0.5397923875432526,-0.3875432525951557,-0.671280276816609,-0.08650519031141868,-0.5294117647058824,-0.04844290657439446,-0.7508650519031141,-0.02422145328719723,-0.8823529411764706,-0.0034602076124567475,-1.0,0.02768166089965398,-0.5017301038062284,-0.006920415224913495,-0.5986159169550173,-0.0657439446366782,-0.4186851211072664,-0.09342560553633218,-0.2768166089965398,0.13494809688581316,-0.46366782006920415,0.11764705882352941,-0.5709342560553633,0.04498269896193772,-0.42214532871972316,0.006920415224913495,-0.3044982698961938,0.2491349480968858,-0.41522491349480967,0.32525951557093424,-0.5847750865051903,0.35294117647058826,-0.6920415224913494,0.36678200692041524,-0.8027681660899654
6,0.0,0.0,-0.1780821917808219,-0.136986301369863,-0.2979452054794521,-0.3698630136986301,-0.3527397260273973,-0.5445205479452054,-0.410958904109589,-0.6678082191780822,-0.09246575342465753,-0.5308219178082192,-0.06164383561643835,-0.7534246575342466,-0.03424657534246575,-0.8835616438356164,-0.0136986301369863,-1.0,0.02054794520547945,-0.5068493150684932,-0.00684931506849315,-0.5993150684931506,-0.0547945205479452,-0.4212328767123288,-0.08561643835616438,-0.2808219178082192,0.13356164383561644,-0.4657534246575342,0.11986301369863013,-0.5787671232876712,0.05136986301369863,-0.4315068493150685,0.00684931506849315,-0.3116438356164384,0.23972602739726026,-0.4178082191780822,0.3219178082191781,-0.5821917808219178,0.3493150684931507,-0.6952054794520548,0.3561643835616438,-0.8082191780821918
6,0.0,0.0,-0.18,-0.14333333333333334,-0.2966666666666667,-0.37,-0.37,-0.5366666666666666,-0.46,-0.6433333333333333,-0.09333333333333334,-0.52,-0.06333333333333334,-0.74,-0.043333333333333335,-0.88,-0.03333333333333333,-1.0,0.013333333333333334,-0.49666666666666665,-0.016666666666666666,-0.5766666666666667,-0.06666666666666667,-0.4066666666666667,-0.09333333333333334,-0.2733333333333333,0.12,-0.4633333333333333,0.09666666666666666,-0.5633333333333334,0.04,-0.42,0.006666666666666667,-0.30333333333333334,0.22666666666666666,-0.42333333333333334,0.2866666666666667,-0.5933333333333334,0.31,-0.7033333333333334,0.3233333333333333,-0.8133333333333334
6,0.0,0.0,-0.18835616438356165,-0.11986301369863013,-0.3184931506849315,-0.339041095890411,-0.4041095890410959,-0.4931506849315068,-0.5,-0.589041095890411,-0.14383561643835616,-0.5068493150684932,-0.1232876712328767,-0.7363013698630136,-0.1095890410958904,-0.8767123287671232,-0.09931506849315068,-1.0,-0.0273972602739726,-0.5,-0.05821917808219178,-0.5821917808219178,-0.0958904109589041,-0.3904109589041096,-0.11301369863013698,-0.24315068493150685,0.08904109589041095,-0.4726027397260274,0.06164383561643835,-0.565068493150685,0.010273972602739725,-0.4041095890410959,-0.023972602739726026,-0.2773972602739726,0.20205479452054795,-0.4349315068493151,0.2636986301369863,-0.6164383561643836,0.2773972602739726,-0.7328767123287672,0.2705479452054795,-0.8458904109589042
6,0.0,0.0,-0.18971061093247588,-0.09967845659163987,-0.3408360128617363,-0.31511254019292606,-0.43729903536977494,-0.4790996784565916,-0.5305466237942122,-0.5852090032154341,-0.16720257234726688,-0.5016077170418006,-0.16720257234726688,-0.7331189710610932,-0.16720257234726688,-0.8745980707395499,-0.17363344051446947,-1.0,-0.05466237942122187,-0.49517684887459806,-0.0932475884244373,-0.5787781350482315,-0.1189710610932476,-0.3858520900321543,-0.12540192926045016,-0.2379421221864952,0.05787781350482315,-0.47266881028938906,0.03215434083601286,-0.5787781350482315,-0.006430868167202572,-0.4180064308681672,-0.03215434083601286,-0.29260450160771706,0.17363344051446947,-0.4437299035369775,0.22186495176848875,-0.6270096463022508,0.2282958199356913,-0.7427652733118971,0.22186495176848875,-0.8520900321543409
6,0.0,0.0,-0.19314641744548286,-0.09968847352024922,-0.34579439252336447,-0.3146417445482866,-0.4423676012461059,-0.4735202492211838,-0.5389408099688473,-0.5794392523364486,-0.1806853582554517,-0.4984423676012461,-0.1806853582554517,-0.7320872274143302,-0.1838006230529595,-0.8722741433021807,-0.19314641744548286,-1.0,-0.06853582554517133,-0.4953271028037383,-0.09968847352024922,-0.5700934579439252,-0.12461059190031153,-0.38006230529595014,-0.14018691588785046,-0.2367601246105919,0.04672897196261682,-0.4766355140186916,0.024922118380062305,-0.5638629283489096,-0.012461059190031152,-0.40498442367601245,-0.040498442367601244,-0.2834890965732087,0.16510903426791276,-0.4517133956386293,0.2087227414330218,-0.6386292834890965,0.22118380062305296,-0.7538940809968847,0.21495327102803738,-0.8629283489096573
6,0.0,0.0,-0.19873817034700317,-0.09779179810725552,-0.35962145110410093,-0.3186119873817035,-0.45425867507886436,-0.48264984227129337,-0.5425867507886435,-0.5962145110410094,-0.1829652996845426,-0.5110410094637224,-0.1861198738170347,-0.7413249211356467,-0.1892744479495268,-0.8801261829652997,-0.20189274447949526,-1.0,-0.06624605678233439,-0.5078864353312302,-0.11041009463722397,-0.583596214511041,-0.13249211356466878,-0.3943217665615142,-0.14195583596214512,-0.24605678233438485,0.0473186119873817,-0.4889589905362776,0.012618296529968454,-0.580441640378549,-0.025236593059936908,-0.4195583596214511,-0.050473186119873815,-0.29337539432176657,0.1608832807570978,-0.47003154574132494,0.20189274447949526,-0.6593059936908517,0.21451104100946372,-0.7760252365930599,0.2113564668769716,-0.886435331230284
6,0.0,0.0,-0.19881305637982197,-0.08605341246290801,-0.36795252225519287,-0.3026706231454006,-0.47477744807121663,-0.4658753709198813,-0.5816023738872403,-0.5667655786350149,-0.20771513353115728,-0.49851632047477745,-0.2195845697329377,-0.7329376854599406,-0.228486646884273,-0.8753709198813057,-0.2433234421364985,-1.0,-0.09792284866468842,-0.49851632047477745,-0.1543026706231454,-0.5727002967359051,-0.1661721068249258,-0.3798219584569733,-0.1572700296735905,-0.23738872403560832,0.01483679525222552,-0.4836795252225519,-0.032640949554896145,-0.5727002967359051,-0.06231454005934718,-0.4094955489614243,-0.07418397626112759,-0.28486646884273,0.13353115727002968,-0.4629080118694362,0.1661721068249258,-0.6498516320474778,0.16913946587537093,-0.7685459940652819,0.1572700296735905,-0.8813056379821959
6,0.0,0.0,-0.2155688622754491,-0.08682634730538923,-0.38323353293413176,-0.30538922155688625,-0.4880239520958084,-0.47305389221556887,-0.5958083832335329,-0.5778443113772455,-0.2125748502994012,-0.49700598802395207,-0.2215568862275449,-0.7305389221556886,-0.23952095808383234,-0.8712574850299402,-0.26646706586826346,-1.0,-0.09880239520958084,-0.5029940119760479,-0.15568862275449102,-0.5988023952095808,-0.17664670658682635,-0.40119760479041916,-0.17365269461077845,-0.25149700598802394,0.014970059880239521,-0.4940119760479042,-0.02694610778443114,-0.6017964071856288,-0.059880239520958084,-0.4281437125748503,-0.07784431137724551,-0.2994011976047904,0.1377245508982036,-0.47904191616766467,0.17664670658682635,-0.6796407185628742,0.17964071856287425,-0.8023952095808383,0.16467065868263472,-0.9191616766467066
6,0.0,0.0,-0.1988472622478386,-0.08645533141210375,-0.37175792507204614,-0.30547550432276654,-0.4783861671469741,-0.4697406340057637,-0.5821325648414986,-0.579250720461095,-0.21902017291066284,-0.49855907780979825,-0.23919308357348704,-0.7319884726224783,-0.25360230547550433,-0.8789625360230547,-0.276657060518732,-1.0,-0.10662824207492795,-0.5100864553314121,-0.16714697406340057,-0.5850144092219021,-0.1786743515850144,-0.3919308357348703,-0.17002881844380405,-0.23919308357348704,0.008645533141210375,-0.5014409221902018,-0.040345821325648415,-0.5994236311239193,-0.06628242074927954,-0.43515850144092216,-0.07780979827089338,-0.30547550432276654,0.12680115273775217,-0.484149855907781,0.15561959654178675,-0.6801152737752162,0.1585014409221902,-0.8011527377521613,0.14985590778097982,-0.9135446685878963
6,0.0,0.0,-0.19540229885057472,-0.08908045977011494,-0.34770114942528735,-0.3045977011494253,-0.4482758620689655,-0.47413793103448276,-0.5488505747126436,-0.5833333333333334,-0.20689655172413793,-0.49712643678160917,-0.22413793103448276,-0.7327586206896551,-0.2413793103448276,-0.8764367816091954,-0.26436781609195403,-1.0,-0.09770114942528736,-0.5028735632183908,-0.15804597701149425,-0.5862068965517241,-0.1724137931034483,-0.3994252873563218,-0.16666666666666666,-0.25287356321839083,0.011494252873563218,-0.4942528735632184,-0.03735632183908046,-0.5948275862068966,-0.07183908045977011,-0.4339080459770115,-0.08908045977011494,-0.3045977011494253,0.1235632183908046,-0.47701149425287354,0.16091954022988506,-0.6695402298850575,0.16666666666666666,-0.7844827586206896,0.15804597701149425,-0.896551724137931
6,0.0,0.0,-0.19382022471910113,-0.10112359550561797,-0.33707865168539325,-0.30337078651685395,-0.4353932584269663,-0.45786516853932585,-0.5308988764044944,-0.5589887640449438,-0.20786516853932585,-0.4943820224719101,-0.21629213483146068,-0.7275280898876404,-0.2303370786516854,-0.8764044943820225,-0.2556179775280899,-1.0,-0.09550561797752809,-0.4943820224719101,-0.14606741573033707,-0.5702247191011236,-0.15730337078651685,-0.38764044943820225,-0.1544943820224719,-0.2443820224719101,0.016853932584269662,-0.47752808988764045,-0.03089887640449438,-0.5589887640449438,-0.056179775280898875,-0.3960674157303371,-0.07303370786516854,-0.2752808988764045,0.1348314606741573,-0.4606741573033708,0.16853932584269662,-0.651685393258427,0.16853932584269662,-0.7612359550561798,0.15168539325842698,-0.8679775280898876
6,0.0,0.0,-0.1906158357771261,-0.09970674486803519,-0.3313782991202346,-0.2991202346041056,-0.41935483870967744,-0.4574780058651026,-0.5102639296187683,-0.5689149560117303,-0.19941348973607037,-0.49853372434017595,-0.21700879765395895,-0.7302052785923754,-0.2404692082111437,-0.873900293255132,-0.2697947214076246,-1.0,-0.08797653958944282,-0.501466275659824,-0.1495601173020528,-0.5806451612903226,-0.16715542521994134,-0.39296187683284456,-0.15835777126099707,-0.24926686217008798,0.020527859237536656,-0.4897360703812317,-0.02932551319648094,-0.5747800586510264,-0.06451612903225806,-0.40762463343108507,-0.07624633431085044,-0.2844574780058651,0.1378299120234604,-0.4750733137829912,0.17595307917888564,-0.6686217008797654,0.17008797653958943,-0.782991202346041,0.1466275659824047,-0.8856304985337243
6,0.0,0.0,-0.19879518072289157,-0.09036144578313253,-0.3493975903614458,-0.29518072289156627,-0.4397590361445783,-0.45481927710843373,-0.536144578313253,-0.5662650602409639,-0.21987951807228914,-0.5,-0.24397590361445784,-0.7319277108433735,-0.2620481927710843,-0.8765060240963856,-0.2891566265060241,-1.0,-0.10843373493975904,-0.5030120481927711,-0.1746987951807229,-0.5783132530120482,-0.18373493975903615,-0.3885542168674699,-0.1716867469879518,-0.25,0.006024096385542169,-0.49096385542168675,-0.05421686746987952,-0.5753012048192772,-0.08132530120481928,-0.4036144578313253,-0.09337349397590361,-0.27710843373493976,0.12349397590361445,-0.4759036144578313,0.15060240963855423,-0.6656626506024096,0.14457831325301204,-0.7771084337349398,0.12048192771084337,-0.8855421686746988
6,0.0,0.0,-0.19814241486068113,-0.09907120743034056,-0.33746130030959753,-0.30030959752321984,-0.43034055727554177,-0.4582043343653251,-0.5263157894736842,-0.56656346749226,-0.20743034055727555,-0.4984520123839009,-0.23219814241486067,-0.7337461300309598,-0.25696594427244585,-0.8761609907120743,-0.28173374613003094,-1.0,-0.09907120743034056,-0.4984520123839009,-0.17027863777089783,-0.5820433436532507,-0.17647058823529413,-0.39628482972136225,-0.16408668730650156,-0.26006191950464397,0.009287925696594427,-0.4891640866873065,-0.04953560371517028,-0.5758513931888545,-0.07430340557275542,-0.4086687306501548,-0.08359133126934984,-0.28792569659442724,0.1238390092879257,-0.47678018575851394,0.14860681114551083,-0.6687306501547987,0.14551083591331268,-0.7801857585139319,0.12693498452012383,-0.8854489164086687
6,0.0,0.0,-0.20333333333333334,-0.08333333333333333,-0.3466666666666667,-0.2833333333333333,-0.43666666666666665,-0.45,-0.5366666666666666,-0.5633333333333334,-0.22666666666666666,-0.5033333333333333,-0.26,-0.7366666666666667,-0.28,-0.8766666666666667,-0.30666666666666664,-1.0,-0.11666666666666667,-0.51,-0.18,-0.59,-0.18333333333333332,-0.4066666666666667,-0.17333333333333334,-0.26666666666666666,-0.006666666666666667,-0.5033333333333333,-0.06666666666666667,-0.6,-0.08666666666666667,-0.4266666666666667,-0.09666666666666666,-0.3,0.10666666666666667,-0.49,0.12666666666666668,-0.68,0.11666666666666667,-0.79,0.09,-0.8933333333333333
6,0.0,0.0,-0.20833333333333334,-0.0763888888888889,-0.3645833333333333,-0.2743055555555556,-0.46875,-0.4375,-0.5763888888888888,-0.5451388888888888,-0.24305555555555555,-0.5,-0.2743055555555556,-0.7361111111111112,-0.2986111111111111,-0.8784722222222222,-0.3263888888888889,-1.0,-0.13194444444444445,-0.5104166666666666,-0.2048611111111111,-0.5972222222222222,-0.2013888888888889,-0.4027777777777778,-0.1875,-0.2569444444444444,-0.017361111111111112,-0.5069444444444444,-0.0798611111111111,-0.6041666666666666,-0.10069444444444445,-0.4305555555555556,-0.1076388888888889,-0.3020833333333333,0.10069444444444445,-0.4930555555555556,0.11805555555555555,-0.6909722222222222,0.1076388888888889,-0.8055555555555556,0.0798611111111111,-0.9131944444444444
6,0.0,0.0,-0.20557491289198607,-0.06968641114982578,-0.37282229965156793,-0.27526132404181186,-0.47735191637630664,-0.445993031358885,-0.5818815331010453,-0.5505226480836237,-0.24390243902439024,-0.5121951219512195,-0.2787456445993031,-0.7421602787456446,-0.30313588850174217,-0.8815331010452961,-0.3310104529616725,-1.0,-0.1254355400696864,-0.519163763066202,-0.18815331010452963,-0.5853658536585366,-0.18815331010452963,-0.39372822299651566,-0.17421602787456447,-0.2508710801393728,-0.010452961672473868,-0.5087108013937283,-0.06620209059233449,-0.5853658536585366,-0.09407665505226481,-0.4181184668989547,-0.11149825783972125,-0.2961672473867596,0.10452961672473868,-0.4878048780487805,0.11846689895470383,-0.686411149825784,0.10452961672473868,-0.8013937282229965,0.07665505226480836,-0.9163763066202091
6,0.0,0.0,-0.20588235294117646,-0.08455882352941177,-0.3639705882352941,-0.28308823529411764,-0.45588235294117646,-0.4522058823529412,-0.5551470588235294,-0.5661764705882353,-0.23897058823529413,-0.5073529411764706,-0.2610294117647059,-0.7426470588235294,-0.28308823529411764,-0.8786764705882353,-0.30514705882352944,-1.0,-0.1213235294117647,-0.5147058823529411,-0.1801470588235294,-0.5992647058823529,-0.18382352941176472,-0.40808823529411764,-0.17279411764705882,-0.2647058823529412,-0.007352941176470588,-0.5073529411764706,-0.058823529411764705,-0.5992647058823529,-0.08088235294117647,-0.4227941176470588,-0.09191176470588236,-0.29411764705882354,0.11029411764705882,-0.4963235294117647,0.125,-0.6911764705882353,0.11764705882352941,-0.8014705882352942,0.09558823529411764,-0.9117647058823529
6,0.0,0.0,-0.1925925925925926,-0.07777777777777778,-0.3592592592592593,-0.29259259259259257,-0.4666666666666667,-0.45925925925925926,-0.5777777777777777,-0.5592592592592592,-0.22592592592592592,-0.5148148148148148,-0.25925925925925924,-0.7444444444444445,-0.2777777777777778,-0.8851851851851852,-0.2962962962962963,-1.0,-0.10740740740740741,-0.5222222222222223,-0.17407407407407408,-0.5814814814814815,-0.17407407407407408,-0.3851851851851852,-0.16296296296296298,-0.23703703703703705,0.011111111111111112,-0.5074074074074074,-0.05185185185185185,-0.5740740740740741,-0.07037037037037037,-0.3962962962962963,-0.08148148148148149,-0.26666666666666666,0.12962962962962962,-0.4962962962962963,0.13333333333333333,-0.6851851851851852,0.12222222222222222,-0.7962962962962963,0.09259259259259259,-0.9074074074074074
6,0.0,0.0,-0.20610687022900764,-0.08015267175572519,-0.3702290076335878,-0.2900763358778626,-0.4618320610687023,-0.4580152671755725,-0.5610687022900763,-0.5648854961832062,-0.2366412213740458,-0.5190839694656488,-0.26717557251908397,-0.7480916030534351,-0.2824427480916031,-0.8816793893129771,-0.3015267175572519,-1.0,-0.11450381679389313,-0.5267175572519084,-0.183206106870229,-0.5992366412213741,-0.18702290076335878,-0.40458015267175573,-0.17557251908396945,-0.25572519083969464,0.007633587786259542,-0.5190839694656488,-0.04961832061068702,-0.5992366412213741,-0.07633587786259542,-0.42748091603053434,-0.08778625954198473,-0.29389312977099236,0.12595419847328243,-0.5076335877862596,0.14122137404580154,-0.6908396946564885,0.1297709923664122,-0.8015267175572519,0.10305343511450382,-0.9007633587786259
6,0.0,0.0,-0.20622568093385213,-0.08171206225680934,-0.377431906614786,-0.28793774319066145,-0.4785992217898833,-0.45136186770428016,-0.5719844357976653,-0.5642023346303502,-0.245136186770428,-0.5175097276264592,-0.27626459143968873,-0.7470817120622568,-0.29571984435797666,-0.8832684824902723,-0.311284046692607,-1.0,-0.12062256809338522,-0.5252918287937743,-0.1828793774319066,-0.603112840466926,-0.1867704280155642,-0.4085603112840467,-0.17509727626459143,-0.2529182879377432,0.0,-0.5136186770428015,-0.054474708171206226,-0.5914396887159533,-0.07392996108949416,-0.4163424124513619,-0.08560311284046693,-0.2840466926070039,0.12062256809338522,-0.5019455252918288,0.1245136186770428,-0.6926070038910506,0.10894941634241245,-0.8015564202334631,0.07392996108949416,-0.9027237354085603
6,0.0,0.0,-0.21774193548387097,-0.07258064516129033,-0.3951612903225806,-0.2782258064516129,-0.49193548387096775,-0.4435483870967742,-0.5887096774193549,-0.5604838709677419,-0.2661290322580645,-0.5241935483870968,-0.3064516129032258,-0.7459677419354839,-0.32661290322580644,-0.8830645161290323,-0.3467741935483871,-1.0,-0.13709677419354838,-0.5362903225806451,-0.20161290322580644,-0.625,-0.20161290322580644,-0.41935483870967744,-0.18548387096774194,-0.25806451612903225,-0.012096774193548387,-0.5282258064516129,-0.07258064516129033,-0.6088709677419355,-0.08870967741935484,-0.42338709677419356,-0.0967741935483871,-0.2903225806451613,0.11290322580645161,-0.5161290322580645,0.11290322580645161,-0.7056451612903226,0.09274193548387097,-0.8145161290322581,0.06048387096774194,-0.9153225806451613
6,0.0,0.0,-0.21951219512195122,-0.07723577235772358,-0.4065040650406504,-0.2804878048780488,-0.5121951219512195,-0.45121951219512196,-0.6219512195121951,-0.5650406504065041,-0.2845528455284553,-0.5203252032520326,-0.3252032520325203,-0.7479674796747967,-0.34552845528455284,-0.8821138211382114,-0.36585365853658536,-1.0,-0.15853658536585366,-0.5365853658536586,-0.22764227642276422,-0.6300813008130082,-0.21951219512195122,-0.4349593495934959,-0.2032520325203252,-0.2804878048780488,-0.036585365853658534,-0.532520325203252,-0.08943089430894309,-0.6138211382113821,-0.0975609756097561,-0.43902439024390244,-0.10569105691056911,-0.3089430894308943,0.08943089430894309,-0.5203252032520326,0.08943089430894309,-0.7032520325203252,0.06910569105691057,-0.8089430894308943,0.032520325203252036,-0.9065040650406504
6,0.0,0.0,-0.22857142857142856,-0.07346938775510205,-0.40408163265306124,-0.27346938775510204,-0.5142857142857142,-0.4448979591836735,-0.6163265306122448,-0.5591836734693878,-0.27755102040816326,-0.5102040816326531,-0.3183673469387755,-0.7428571428571429,-0.33877551020408164,-0.8816326530612245,-0.363265306122449,-1.0,-0.15918367346938775,-0.5224489795918368,-0.22040816326530613,-0.5959183673469388,-0.21224489795918366,-0.4,-0.20408163265306123,-0.2571428571428571,-0.04081632653061224,-0.5183673469387755,-0.08979591836734693,-0.6,-0.10204081632653061,-0.42857142857142855,-0.11836734693877551,-0.3020408163265306,0.08163265306122448,-0.5061224489795918,0.08979591836734693,-0.7061224489795919,0.07346938775510205,-0.8163265306122449,0.04081632653061224,-0.9224489795918367
6,0.0,0.0,-0.2217741935483871,-0.07258064516129033,-0.40725806451612906,-0.27419354838709675,-0.5201612903225806,-0.43951612903225806,-0.625,-0.5524193548387096,-0.27419354838709675,-0.5120967741935484,-0.3225806451612903,-0.7379032258064516,-0.3467741935483871,-0.8790322580645161,-0.375,-1.0,-0.1532258064516129,-0.5241935483870968,-0.21370967741935484,-0.592741935483871,-0.21774193548387097,-0.39919354838709675,-0.20967741935483872,-0.25,-0.03225806451612903,-0.5201612903225806,-0.08870967741935484,-0.6008064516129032,-0.10887096774193548,-0.43548387096774194,-0.12096774193548387,-0.3064516129032258,0.09274193548387097,-0.5120967741935484,0.09274193548387097,-0.7137096774193549,0.06854838709677419,-0.8225806451612904,0.024193548387096774,-0.9233870967741935
6,0.0,0.0,-0.21176470588235294,-0.07058823529411765,-0.39215686274509803,-0.2627450980392157,-0.5058823529411764,-0.42745098039215684,-0.6039215686274509,-0.5490196078431373,-0.26666666666666666,-0.5058823529411764,-0.30980392156862746,-0.7372549019607844,-0.33725490196078434,-0.8823529411764706,-0.3686274509803922,-1.0,-0.14901960784313725,-0.5215686274509804,-0.22745098039215686,-0.6,-0.22745098039215686,-0.403921568627451,-0.20784313725490197,-0.2549019607843137,-0.03137254901960784,-0.5176470588235295,-0.09411764705882353,-0.592156862745098,-0.11372549019607843,-0.42745098039215684,-0.12156862745098039,-0.30196078431372547,0.09019607843137255,-0.5098039215686274,0.08627450980392157,-0.7058823529411765,0.058823529411764705,-0.8196078431372549,0.01568627450980392,-0.9176470588235294
6,0.0,0.0,-0.21568627450980393,-0.07450980392156863,-0.4,-0.27450980392156865,-0.5137254901960784,-0.4392156862745098,-0.6196078431372549,-0.5450980392156862,-0.26666666666666666,-0.5058823529411764,-0.3137254901960784,-0.7372549019607844,-0.34509803921568627,-0.8784313725490196,-0.3803921568627451,-1.0,-0.14901960784313725,-0.5215686274509804,-0.2235294117647059,-0.596078431372549,-0.2196078431372549,-0.396078431372549,-0.2,-0.24313725490196078,-0.027450980392156862,-0.5176470588235295,-0.09803921568627451,-0.596078431372549,-0.11372549019607843,-0.41568627450980394,-0.11372549019607843,-0.2784313725490196,0.09803921568627451,-0.5098039215686274,0.09411764705882353,-0.7137254901960784,0.06666666666666667,-0.8313725490196079,0.023529411764705882,-0.9372549019607843
6,0.0,0.0,-0.19607843137254902,-0.058823529411764705,-0.3764705882352941,-0.24705882352941178,-0.49019607843137253,-0.403921568627451,-0.5882352941176471,-0.5294117647058824,-0.26666666666666666,-0.5058823529411764,-0.3176470588235294,-0.7372549019607844,-0.35294117647058826,-0.8823529411764706,-0.3843137254901961,-1.0,-0.15294117647058825,-0.5254901960784314,-0.24313725490196078,-0.611764705882353,-0.23921568627450981,-0.40784313725490196,-0.21176470588235294,-0.24705882352941178,-0.03529411764705882,-0.5254901960784314,-0.12156862745098039,-0.6,-0.12941176470588237,-0.42745098039215684,-0.12156862745098039,-0.29411764705882354,0.09411764705882353,-0.5215686274509804,0.08627450980392157,-0.7215686274509804,0.050980392156862744,-0.8352941176470589,0.00392156862745098,-0.9294117647058824
6,0.0,0.0,-0.20833333333333334,-0.05303030303030303,-0.39015151515151514,-0.24242424242424243,-0.5,-0.4090909090909091,-0.6098484848484849,-0.5265151515151515,-0.2765151515151515,-0.49242424242424243,-0.32954545454545453,-0.7310606060606061,-0.36363636363636365,-0.875,-0.4015151515151515,-1.0,-0.16666666666666666,-0.5113636363636364,-0.2537878787878788,-0.5909090909090909,-0.24621212121212122,-0.39015151515151514,-0.22348484848484848,-0.24242424242424243,-0.05303030303030303,-0.5113636363636364,-0.13257575757575757,-0.5984848484848485,-0.14015151515151514,-0.42045454545454547,-0.13636363636363635,-0.2916666666666667,0.07196969696969698,-0.5075757575757576,0.06439393939393939,-0.7121212121212122,0.03787878787878788,-0.8257575757575758,-0.007575757575757576,-0.9242424242424242
6,0.0,0.0,-0.2126865671641791,-0.06343283582089553,-0.3880597014925373,-0.26492537313432835,-0.4925373134328358,-0.4253731343283582,-0.5895522388059702,-0.5447761194029851,-0.2574626865671642,-0.4925373134328358,-0.30223880597014924,-0.7388059701492538,-0.332089552238806,-0.8805970149253731,-0.3694029850746269,-1.0,-0.1455223880597015,-0.5074626865671642,-0.22761194029850745,-0.5895522388059702,-0.22761194029850745,-0.3917910447761194,-0.208955223880597,-0.24253731343283583,-0.029850746268656716,-0.503731343283582,-0.10074626865671642,-0.6007462686567164,-0.11567164179104478,-0.4253731343283582,-0.11567164179104478,-0.291044776119403,0.09328358208955224,-0.5,0.09328358208955224,-0.7014925373134329,0.06343283582089553,-0.8208955223880597,0.022388059701492536,-0.9253731343283582
6,0.0,0.0,-0.2007168458781362,-0.08602150537634409,-0.35842293906810035,-0.2831541218637993,-0.45878136200716846,-0.4444444444444444,-0.5519713261648745,-0.5555555555555556,-0.2222222222222222,-0.4910394265232975,-0.25448028673835127,-0.7311827956989247,-0.2831541218637993,-0.8745519713261649,-0.3118279569892473,-1.0,-0.1111111111111111,-0.5017921146953405,-0.17921146953405018,-0.5878136200716846,-0.18996415770609318,-0.3942652329749104,-0.18996415770609318,-0.24731182795698925,0.0,-0.4982078853046595,-0.06093189964157706,-0.5913978494623656,-0.08602150537634409,-0.43010752688172044,-0.0967741935483871,-0.3046594982078853,0.11827956989247312,-0.4838709677419355,0.12903225806451613,-0.6738351254480287,0.10752688172043011,-0.7849462365591398,0.07526881720430108,-0.8817204301075269
6,0.0,0.0,-0.20146520146520147,-0.08058608058608059,-0.3553113553113553,-0.2857142857142857,-0.43956043956043955,-0.46153846153846156,-0.5311355311355311,-0.5714285714285714,-0.21245421245421245,-0.4945054945054945,-0.2271062271062271,-0.7326007326007326,-0.23809523809523808,-0.8754578754578755,-0.2564102564102564,-1.0,-0.09523809523809523,-0.4981684981684982,-0.15384615384615385,-0.5934065934065934,-0.17582417582417584,-0.3956043956043956,-0.17582417582417584,-0.2454212454212454,0.018315018315018316,-0.4908424908424908,-0.029304029304029304,-0.5934065934065934,-0.05860805860805861,-0.4249084249084249,-0.07326007326007326,-0.2967032967032967,0.1391941391941392,-0.4725274725274725,0.1575091575091575,-0.6666666666666666,0.14285714285714285,-0.7765567765567766,0.11721611721611722,-0.8791208791208791
6,0.0,0.0,-0.19858156028368795,-0.10283687943262411,-0.3475177304964539,-0.31560283687943264,-0.425531914893617,-0.4787234042553192,-0.5212765957446809,-0.5815602836879432,-0.19858156028368795,-0.5141843971631206,-0.20212765957446807,-0.7411347517730497,-0.21631205673758866,-0.8794326241134752,-0.23404255319148937,-1.0,-0.0851063829787234,-0.5106382978723404,-0.13120567375886524,-0.5851063829787234,-0.1453900709219858,-0.40070921985815605,-0.14184397163120568,-0.25886524822695034,0.028368794326241134,-0.49645390070921985,-0.01773049645390071,-0.5815602836879432,-0.0425531914893617,-0.4148936170212766,-0.05673758865248227,-0.2907801418439716,0.1453900709219858,-0.475177304964539,0.16312056737588654,-0.6702127659574468,0.14893617021276595,-0.776595744680851,0.11702127659574468,-0.875886524822695
6,0.0,0.0,-0.2,-0.11428571428571428,-0.3357142857142857,-0.32857142857142857,-0.4142857142857143,-0.5,-0.49642857142857144,-0.6178571428571429,-0.18571428571428572,-0.5035714285714286,-0.18928571428571428,-0.7357142857142858,-0.19285714285714287,-0.8785714285714286,-0.20714285714285716,-1.0,-0.07142857142857142,-0.5035714285714286,-0.11428571428571428,-0.5785714285714286,-0.13214285714285715,-0.40714285714285714,-0.14642857142857144,-0.26785714285714285,0.04285714285714286,-0.48928571428571427,0.007142857142857143,-0.5857142857142857,-0.03214285714285714,-0.4392857142857143,-0.05714285714285714,-0.31785714285714284,0.16071428571428573,-0.4642857142857143,0.18928571428571428,-0.6392857142857142,0.18928571428571428,-0.7464285714285714,0.17142857142857143,-0.8464285714285714
6,0.0,0.0,-0.19855595667870035,-0.10830324909747292,-0.33212996389891697,-0.3212996389891697,-0.4007220216606498,-0.49097472924187724,-0.4729241877256318,-0.6173285198555957,-0.17328519855595667,-0.5054151624548736,-0.16967509025270758,-0.740072202166065,-0.16967509025270758,-0.8772563176895307,-0.18050541516245489,-1.0,-0.05776173285198556,-0.4981949458483754,-0.10108303249097472,-0.592057761732852,-0.1299638989169675,-0.4043321299638989,-0.1444043321299639,-0.259927797833935,0.05776173285198556,-0.48014440433212996,0.021660649819494584,-0.5812274368231047,-0.021660649819494584,-0.4187725631768953,-0.05054151624548736,-0.296028880866426,0.17689530685920576,-0.45126353790613716,0.21299638989169675,-0.628158844765343,0.20938628158844766,-0.7364620938628159,0.19133574007220217,-0.8375451263537906
6,0.0,0.0,-0.18928571428571428,-0.10714285714285714,-0.32857142857142857,-0.325,-0.4,-0.5,-0.4785714285714286,-0.6178571428571429,-0.16785714285714284,-0.5107142857142857,-0.16428571428571428,-0.7392857142857143,-0.15714285714285714,-0.8785714285714286,-0.16071428571428573,-1.0,-0.05,-0.5035714285714286,-0.1,-0.5857142857142857,-0.12857142857142856,-0.4,-0.1392857142857143,-0.26071428571428573,0.06428571428571428,-0.4857142857142857,0.02142857142857143,-0.5785714285714286,-0.017857142857142856,-0.4142857142857143,-0.04285714285714286,-0.2892857142857143,0.18214285714285713,-0.45714285714285713,0.21428571428571427,-0.6357142857142857,0.21428571428571427,-0.7428571428571429,0.19642857142857142,-0.85
6,0.0,0.0,-0.18345323741007194,-0.10431654676258993,-0.30935251798561153,-0.3237410071942446,-0.37050359712230213,-0.5035971223021583,-0.4352517985611511,-0.6330935251798561,-0.14028776978417265,-0.5071942446043165,-0.12949640287769784,-0.7410071942446043,-0.11870503597122302,-0.8776978417266187,-0.11151079136690648,-1.0,-0.025179856115107913,-0.49640287769784175,-0.06474820143884892,-0.5935251798561151,-0.1079136690647482,-0.4064748201438849,-0.12949640287769784,-0.26258992805755393,0.08633093525179857,-0.4712230215827338,0.06115107913669065,-0.5827338129496403,0.0035971223021582736,-0.42805755395683454,-0.03597122302158273,-0.30935251798561153,0.20503597122302158,-0.4352517985611511,0.24820143884892087,-0.6079136690647482,0.2517985611510791,-0.7122302158273381,0.24100719424460432,-0.8201438848920863
6,0.0,0.0,-0.1836734693877551,-0.11224489795918367,-0.30612244897959184,-0.3231292517006803,-0.3741496598639456,-0.4965986394557823,-0.4557823129251701,-0.608843537414966,-0.14625850340136054,-0.5102040816326531,-0.12244897959183673,-0.7312925170068028,-0.11224489795918367,-0.8775510204081632,-0.11224489795918367,-1.0,-0.030612244897959183,-0.5,-0.06802721088435375,-0.5714285714285714,-0.1054421768707483,-0.3877551020408163,-0.12244897959183673,-0.24829931972789115,0.08503401360544217,-0.47619047619047616,0.05442176870748299,-0.5578231292517006,0.01020408163265306,-0.4013605442176871,-0.02040816326530612,-0.2857142857142857,0.20408163265306123,-0.4387755102040816,0.24829931972789115,-0.6122448979591837,0.24829931972789115,-0.7108843537414966,0.22789115646258504,-0.8129251700680272
6,0.0,0.0,-0.18815331010452963,-0.1289198606271777,-0.3170731707317073,-0.3519163763066202,-0.3832752613240418,-0.519163763066202,-0.46689895470383275,-0.6236933797909407,-0.15331010452961671,-0.5261324041811847,-0.14634146341463414,-0.7456445993031359,-0.13937282229965156,-0.8815331010452961,-0.14285714285714285,-1.0,-0.0313588850174216,-0.5121951219512195,-0.07317073170731707,-0.5888501742160279,-0.11149825783972125,-0.40418118466898956,-0.13240418118466898,-0.2578397212543554,0.08362369337979095,-0.4808362369337979,0.04878048780487805,-0.5679442508710801,-0.003484320557491289,-0.41114982578397213,-0.03484320557491289,-0.289198606271777,0.1951219512195122,-0.43902439024390244,0.23693379790940766,-0.6097560975609756,0.23344947735191637,-0.7177700348432056,0.21602787456445993,-0.818815331010453
6,0.0,0.0,-0.19285714285714287,-0.11785714285714285,-0.3107142857142857,-0.3357142857142857,-0.3678571428571429,-0.5071428571428571,-0.4357142857142857,-0.6321428571428571,-0.14285714285714285,-0.5071428571428571,-0.125,-0.7428571428571429,-0.11428571428571428,-0.8785714285714286,-0.11071428571428571,-1.0,-0.02857142857142857,-0.48928571428571427,-0.06785714285714285,-0.5892857142857143,-0.10714285714285714,-0.40714285714285714,-0.125,-0.26785714285714285,0.08214285714285714,-0.4642857142857143,0.05714285714285714,-0.5785714285714286,0.007142857142857143,-0.42142857142857143,-0.02142857142857143,-0.3,0.20357142857142857,-0.42857142857142855,0.25,-0.6071428571428571,0.2571428571428571,-0.7178571428571429,0.25,-0.8214285714285714
6,0.0,0.0,-0.19112627986348124,-0.11945392491467577,-0.30716723549488056,-0.34812286689419797,-0.36177474402730375,-0.515358361774744,-0.42662116040955633,-0.6245733788395904,-0.14334470989761092,-0.5119453924914675,-0.12286689419795221,-0.7406143344709898,-0.10580204778156997,-0.8771331058020477,-0.09897610921501707,-1.0,-0.027303754266211604,-0.49146757679180886,-0.06484641638225255,-0.5733788395904437,-0.10580204778156997,-0.3924914675767918,-0.13310580204778158,-0.25597269624573377,0.08873720136518772,-0.46075085324232085,0.05802047781569966,-0.552901023890785,0.006825938566552901,-0.3993174061433447,-0.027303754266211604,-0.28668941979522183,0.20477815699658702,-0.4232081911262799,0.2525597269624573,-0.6040955631399317,0.2593856655290102,-0.7098976109215017,0.24573378839590443,-0.8122866894197952
6,0.0,0.0,-0.17894736842105263,-0.14035087719298245,-0.2736842105263158,-0.36140350877192984,-0.3263157894736842,-0.5298245614035088,-0.37894736842105264,-0.656140350877193,-0.0912280701754386,-0.5228070175438596,-0.056140350877192984,-0.7508771929824561,-0.03859649122807018,-0.8842105263157894,-0.03508771929824561,-1.0,0.021052631578947368,-0.4982456140350877,-0.017543859649122806,-0.5789473684210527,-0.07017543859649122,-0.40350877192982454,-0.10877192982456141,-0.26666666666666666,0.12982456140350876,-0.45964912280701753,0.10526315789473684,-0.543859649122807,0.042105263157894736,-0.39649122807017545,-0.0035087719298245615,-0.28421052631578947,0.24210526315789474,-0.41403508771929826,0.2982456140350877,-0.5859649122807018,0.312280701754386,-0.6947368421052632,0.3087719298245614,-0.8
6,0.0,0.0,-0.1793103448275862,-0.1413793103448276,-0.2793103448275862,-0.3724137931034483,-0.31724137931034485,-0.5413793103448276,-0.3689655172413793,-0.6655172413793103,-0.09310344827586207,-0.5241379310344828,-0.05862068965517241,-0.7413793103448276,-0.03793103448275862,-0.8793103448275862,-0.02413793103448276,-1.0,0.020689655172413793,-0.496551724137931,-0.0034482758620689655,-0.593103448275862,-0.05517241379310345,-0.41379310344827586,-0.08620689655172414,-0.27241379310344827,0.1310344827586207,-0.4586206896551724,0.1206896551724138,-0.5724137931034483,0.05517241379310345,-0.4241379310344828,0.010344827586206896,-0.3,0.2413793103448276,-0.41379310344827586,0.30344827586206896,-0.5862068965517241,0.31724137931034485,-0.696551724137931,0.3103448275862069,-0.803448275862069
6,0.0,0.0,-0.17525773195876287,-0.14776632302405499,-0.281786941580756,-0.3711340206185567,-0.33676975945017185,-0.5360824742268041,-0.38831615120274915,-0.6597938144329897,-0.09965635738831616,-0.5326460481099656,-0.061855670103092786,-0.7457044673539519,-0.041237113402061855,-0.8831615120274914,-0.024054982817869417,-1.0,0.020618556701030927,-0.5120274914089347,-0.003436426116838488,-0.5979381443298969,-0.05154639175257732,-0.422680412371134,-0.0859106529209622,-0.27835051546391754,0.13058419243986255,-0.47079037800687284,0.1134020618556701,-0.570446735395189,0.05154639175257732,-0.422680412371134,0.006872852233676976,-0.29896907216494845,0.23711340206185566,-0.422680412371134,0.29553264604810997,-0.5910652920962199,0.30584192439862545,-0.697594501718213,0.29896907216494845,-0.7972508591065293
6,0.0,0.0,-0.17770034843205576,-0.14285714285714285,-0.27526132404181186,-0.36585365853658536,-0.3205574912891986,-0.5365853658536586,-0.37282229965156793,-0.6689895470383276,-0.08710801393728224,-0.5331010452961672,-0.05574912891986063,-0.7526132404181185,-0.03832752613240418,-0.8850174216027874,-0.0313588850174216,-1.0,0.024390243902439025,-0.5087108013937283,0.0,-0.5958188153310104,-0.05574912891986063,-0.4181184668989547,-0.0975609756097561,-0.27526132404181186,0.13240418118466898,-0.46689895470383275,0.11498257839721254,-0.5644599303135889,0.04878048780487805,-0.4146341463414634,0.0,-0.2961672473867596,0.24041811846689895,-0.4146341463414634,0.30313588850174217,-0.5818815331010453,0.3170731707317073,-0.6898954703832753,0.313588850174216,-0.7979094076655052
6,0.0,0.0,-0.1718213058419244,-0.13402061855670103,-0.26804123711340205,-0.3470790378006873,-0.30927835051546393,-0.5120274914089347,-0.3711340206185567,-0.6219931271477663,-0.08934707903780069,-0.5189003436426117,-0.048109965635738834,-0.738831615120275,-0.027491408934707903,-0.8797250859106529,-0.01718213058419244,-1.0,0.024054982817869417,-0.49140893470790376,-0.003436426116838488,-0.5807560137457045,-0.054982817869415807,-0.4020618556701031,-0.0859106529209622,-0.2611683848797251,0.13402061855670103,-0.4570446735395189,0.10652920962199312,-0.5429553264604811,0.044673539518900345,-0.3951890034364261,0.003436426116838488,-0.27835051546391754,0.24742268041237114,-0.41580756013745707,0.30584192439862545,-0.5910652920962199,0.3127147766323024,-0.697594501718213,0.3024054982817869,-0.8006872852233677
6,0.0,0.0,-0.19931271477663232,-0.12714776632302405,-0.3161512027491409,-0.33676975945017185,-0.3917525773195876,-0.5051546391752577,-0.49140893470790376,-0.6082474226804123,-0.16151202749140894,-0.5189003436426117,-0.15463917525773196,-0.7353951890034365,-0.15463917525773196,-0.8762886597938144,-0.15807560137457044,-1.0,-0.054982817869415807,-0.5223367697594502,-0.10652920962199312,-0.6013745704467354,-0.13745704467353953,-0.44329896907216493,-0.13058419243986255,-0.32989690721649484,0.05154639175257732,-0.5051546391752577,0.003436426116838488,-0.5910652920962199,-0.048109965635738834,-0.45017182130584193,-0.06529209621993128,-0.3402061855670103,0.16151202749140894,-0.4845360824742268,0.19931271477663232,-0.6632302405498282,0.19931271477663232,-0.7697594501718213,0.1958762886597938,-0.8694158075601375
6,0.0,0.0,-0.19528619528619529,-0.07744107744107744,-0.35353535353535354,-0.28619528619528617,-0.43434343434343436,-0.4612794612794613,-0.5218855218855218,-0.5824915824915825,-0.2255892255892256,-0.49158249158249157,-0.2356902356902357,-0.7272727272727273,-0.23905723905723905,-0.8720538720538721,-0.25252525252525254,-1.0,-0.10774410774410774,-0.4983164983164983,-0.16161616161616163,-0.5757575757575758,-0.1717171717171717,-0.3771043771043771,-0.1750841750841751,-0.22895622895622897,0.013468013468013467,-0.48484848484848486,-0.03367003367003367,-0.5757575757575758,-0.05723905723905724,-0.4175084175084175,-0.0707070707070707,-0.29292929292929293,0.1447811447811448,-0.46464646464646464,0.15824915824915825,-0.6531986531986532,0.1447811447811448,-0.7575757575757576,0.11447811447811448,-0.8619528619528619
6,0.0,0.0,-0.2108843537414966,-0.09523809523809523,-0.36054421768707484,-0.30952380952380953,-0.4489795918367347,-0.47959183673469385,-0.5476190476190477,-0.5850340136054422,-0.22448979591836735,-0.5,-0.24489795918367346,-0.7380952380952381,-0.25510204081632654,-0.8741496598639455,-0.272108843537415,-1.0,-0.10884353741496598,-0.5034013605442177,-0.1598639455782313,-0.5816326530612245,-0.17346938775510204,-0.391156462585034,-0.17687074829931973,-0.24829931972789115,0.003401360544217687,-0.4897959183673469,-0.03741496598639456,-0.5782312925170068,-0.06462585034013606,-0.40816326530612246,-0.08503401360544217,-0.282312925170068,0.12244897959183673,-0.46598639455782315,0.13945578231292516,-0.6564625850340136,0.12585034013605442,-0.7653061224489796,0.09863945578231292,-0.8707482993197279
6,0.0,0.0,-0.2,-0.08135593220338982,-0.36271186440677966,-0.288135593220339,-0.4576271186440678,-0.4576271186440678,-0.5491525423728814,-0.576271186440678,-0.2271186440677966,-0.5016949152542373,-0.24745762711864408,-0.735593220338983,-0.26101694915254237,-0.8779661016949153,-0.28135593220338984,-1.0,-0.10847457627118644,-0.5016949152542373,-0.17288135593220338,-0.576271186440678,-0.17627118644067796,-0.3864406779661017,-0.16271186440677965,-0.24745762711864408,0.010169491525423728,-0.4915254237288136,-0.04745762711864407,-0.576271186440678,-0.0711864406779661,-0.4033898305084746,-0.0847457627118644,-0.28135593220338984,0.1288135593220339,-0.47796610169491527,0.1423728813559322,-0.6677966101694915,0.1288135593220339,-0.7796610169491526,0.09830508474576272,-0.8915254237288136
6,0.0,0.0,-0.21678321678321677,-0.08041958041958042,-0.3776223776223776,-0.2867132867132867,-0.47202797202797203,-0.458041958041958,-0.5734265734265734,-0.5664335664335665,-0.2517482517482518,-0.4965034965034965,-0.28321678321678323,-0.7377622377622378,-0.2972027972027972,-0.8776223776223776,-0.3146853146853147,-1.0,-0.13986013986013987,-0.5034965034965035,-0.1993006993006993,-0.5909090909090909,-0.1958041958041958,-0.3951048951048951,-0.1888111888111888,-0.2517482517482518,-0.02097902097902098,-0.4965034965034965,-0.07342657342657342,-0.5909090909090909,-0.08391608391608392,-0.4195804195804196,-0.09090909090909091,-0.2937062937062937,0.10139860139860139,-0.4825174825174825,0.10839160839160839,-0.6783216783216783,0.09090909090909091,-0.7867132867132867,0.06293706293706294,-0.8951048951048951
6,0.0,0.0,-0.21602787456445993,-0.09059233449477352,-0.3797909407665505,-0.289198606271777,-0.47735191637630664,-0.44947735191637633,-0.5714285714285714,-0.554006968641115,-0.24738675958188153,-0.49825783972125437,-0.2787456445993031,-0.735191637630662,-0.29965156794425085,-0.8780487804878049,-0.3240418118466899,-1.0,-0.1289198606271777,-0.5017421602787456,-0.18815331010452963,-0.5853658536585366,-0.18815331010452963,-0.397212543554007,-0.18118466898954705,-0.25435540069686413,-0.013937282229965157,-0.49477351916376305,-0.06620209059233449,-0.5888501742160279,-0.08362369337979095,-0.4181184668989547,-0.09407665505226481,-0.289198606271777,0.10452961672473868,-0.4843205574912892,0.11846689895470383,-0.6759581881533101,0.10452961672473868,-0.7874564459930313,0.08013937282229965,-0.89198606271777
6,0.0,0.0,-0.21785714285714286,-0.08571428571428572,-0.39285714285714285,-0.275,-0.49642857142857144,-0.4357142857142857,-0.5964285714285714,-0.5464285714285714,-0.26071428571428573,-0.4928571428571429,-0.30357142857142855,-0.7285714285714285,-0.325,-0.875,-0.3464285714285714,-1.0,-0.14642857142857144,-0.5035714285714286,-0.21071428571428572,-0.5857142857142857,-0.21071428571428572,-0.4,-0.20357142857142857,-0.25357142857142856,-0.02857142857142857,-0.5035714285714286,-0.08571428571428572,-0.5964285714285714,-0.10357142857142858,-0.42857142857142855,-0.10714285714285714,-0.3,0.09285714285714286,-0.4928571428571429,0.10714285714285714,-0.6857142857142857,0.08928571428571429,-0.8,0.05714285714285714,-0.9035714285714286
6,0.0,0.0,-0.21428571428571427,-0.06428571428571428,-0.4035714285714286,-0.2571428571428571,-0.5214285714285715,-0.4142857142857143,-0.6321428571428571,-0.5142857142857142,-0.2892857142857143,-0.4928571428571429,-0.3464285714285714,-0.7321428571428571,-0.3821428571428571,-0.8785714285714286,-0.41785714285714287,-1.0,-0.18214285714285713,-0.5107142857142857,-0.25357142857142856,-0.5892857142857143,-0.2357142857142857,-0.3964285714285714,-0.20714285714285716,-0.24642857142857144,-0.06428571428571428,-0.5142857142857142,-0.13214285714285715,-0.6035714285714285,-0.1392857142857143,-0.4357142857142857,-0.13214285714285715,-0.30714285714285716,0.060714285714285714,-0.5107142857142857,0.05,-0.7142857142857143,0.017857142857142856,-0.825,-0.02142857142857143,-0.925
6,0.0,0.0,-0.22340425531914893,-0.05673758865248227,-0.4148936170212766,-0.24468085106382978,-0.5354609929078015,-0.40070921985815605,-0.6524822695035462,-0.5035460992907801,-0.3120567375886525,-0.4858156028368794,-0.3723404255319149,-0.7269503546099291,-0.41134751773049644,-0.8723404255319149,-0.450354609929078,-1.0,-0.1950354609929078,-0.5106382978723404,-0.2695035460992908,-0.5815602836879432,-0.2553191489361702,-0.3829787234042553,-0.23049645390070922,-0.23404255319148937,-0.07801418439716312,-0.5141843971631206,-0.14893617021276595,-0.599290780141844,-0.1524822695035461,-0.41843971631205673,-0.1453900709219858,-0.2872340425531915,0.0425531914893617,-0.5141843971631206,0.031914893617021274,-0.7198581560283688,0.0,-0.8333333333333334,-0.0425531914893617,-0.9326241134751773
6,0.0,0.0,-0.21942446043165467,-0.0539568345323741,-0.42805755395683454,-0.2446043165467626,-0.5575539568345323,-0.39568345323741005,-0.6726618705035972,-0.5,-0.31654676258992803,-0.4892086330935252,-0.38489208633093525,-0.7266187050359713,-0.42805755395683454,-0.8741007194244604,-0.4712230215827338,-1.0,-0.19424460431654678,-0.5107913669064749,-0.27697841726618705,-0.5863309352517986,-0.26258992805755393,-0.3776978417266187,-0.22661870503597123,-0.21942446043165467,-0.0683453237410072,-0.5143884892086331,-0.14028776978417265,-0.5863309352517986,-0.14388489208633093,-0.39568345323741005,-0.13309352517985612,-0.2589928057553957,0.05755395683453238,-0.5179856115107914,0.046762589928057555,-0.7230215827338129,0.01079136690647482,-0.841726618705036,-0.046762589928057555,-0.9460431654676259
6,0.0,0.0,-0.22426470588235295,-0.03308823529411765,-0.4375,-0.21323529411764705,-0.5698529411764706,-0.375,-0.6911764705882353,-0.4889705882352941,-0.34191176470588236,-0.48161764705882354,-0.41544117647058826,-0.7242647058823529,-0.4632352941176471,-0.8713235294117647,-0.5036764705882353,-1.0,-0.22794117647058823,-0.5147058823529411,-0.3125,-0.5955882352941176,-0.2867647058823529,-0.3897058823529412,-0.24632352941176472,-0.23529411764705882,-0.10661764705882353,-0.5294117647058824,-0.1801470588235294,-0.6213235294117647,-0.17647058823529413,-0.4375,-0.16176470588235295,-0.2977941176470588,0.022058823529411766,-0.5367647058823529,0.0,-0.7426470588235294,-0.04044117647058824,-0.8566176470588235,-0.09191176470588236,-0.9558823529411765
6,0.0,0.0,-0.21818181818181817,-0.05818181818181818,-0.43272727272727274,-0.23272727272727273,-0.5854545454545454,-0.36727272727272725,-0.7090909090909091,-0.46545454545454545,-0.3490909090909091,-0.4909090909090909,-0.4218181818181818,-0.7272727272727273,-0.4727272727272727,-0.8727272727272727,-0.52,-1.0,-0.2290909090909091,-0.52,-0.31636363636363635,-0.5927272727272728,-0.2909090909090909,-0.3890909090909091,-0.2509090909090909,-0.23272727272727273,-0.10545454545454545,-0.5272727272727272,-0.1781818181818182,-0.5890909090909091,-0.1709090909090909,-0.41454545454545455,-0.15636363636363637,-0.28,0.025454545454545455,-0.5345454545454545,0.007272727272727273,-0.7454545454545455,-0.03272727272727273,-0.8618181818181818,-0.09090909090909091,-0.96
