5,0.0,0.0,-0.19154228855721392,-0.0845771144278607,-0.2960199004975124,-0.27611940298507465,-0.31094527363184077,-0.4502487562189055,-0.3308457711442786,-0.5845771144278606,-0.21641791044776118,-0.5124378109452736,-0.236318407960199,-0.7089552238805971,-0.24378109452736318,-0.8258706467661692,-0.2462686567164179,-0.927860696517413,-0.12189054726368159,-0.5398009950248757,-0.15422885572139303,-0.7587064676616916,-0.1691542288557214,-0.8880597014925373,-0.18159203980099503,-1.0,-0.03482587064676617,-0.5298507462686567,-0.05970149253731343,-0.736318407960199,-0.07711442786069651,-0.8557213930348259,-0.0945273631840796,-0.9601990049751243,0.06467661691542288,-0.48507462686567165,0.03731343283582089,-0.6417910447761194,0.012437810945273632,-0.736318407960199,-0.009950248756218905,-0.8208955223880597
5,0.0,0.0,-0.18564356435643564,-0.08415841584158416,-0.2896039603960396,-0.2722772277227723,-0.30445544554455445,-0.44554455445544555,-0.3193069306930693,-0.5792079207920792,-0.2079207920792079,-0.5123762376237624,-0.2202970297029703,-0.7103960396039604,-0.22524752475247525,-0.8292079207920792,-0.22772277227722773,-0.9331683168316832,-0.11633663366336634,-0.5396039603960396,-0.14356435643564355,-0.7574257425742574,-0.15841584158415842,-0.8886138613861386,-0.16831683168316833,-1.0,-0.0297029702970297,-0.5297029702970297,-0.054455445544554455,-0.7351485148514851,-0.07178217821782178,-0.8564356435643564,-0.0891089108910891,-0.9628712871287128,0.06683168316831684,-0.48267326732673266,0.04207920792079208,-0.6386138613861386,0.017326732673267328,-0.7376237623762376,-0.007425742574257425,-0.8217821782178217
5,0.0,0.0,-0.18564356435643564,-0.07920792079207921,-0.29455445544554454,-0.26732673267326734,-0.3094059405940594,-0.4405940594059406,-0.3217821782178218,-0.5742574257425742,-0.21534653465346534,-0.5099009900990099,-0.22772277227722773,-0.7079207920792079,-0.23514851485148514,-0.8267326732673267,-0.23514851485148514,-0.9282178217821783,-0.12128712871287128,-0.5396039603960396,-0.15099009900990099,-0.754950495049505,-0.16584158415841585,-0.8861386138613861,-0.1782178217821782,-1.0,-0.034653465346534656,-0.5297029702970297,-0.0594059405940594,-0.7351485148514851,-0.07673267326732673,-0.8564356435643564,-0.09653465346534654,-0.9628712871287128,0.06188118811881188,-0.48267326732673266,0.034653465346534656,-0.6386138613861386,0.012376237623762377,-0.7351485148514851,-0.009900990099009901,-0.8217821782178217
5,0.0,0.0,-0.19306930693069307,-0.07920792079207921,-0.2995049504950495,-0.26732673267326734,-0.3118811881188119,-0.4381188118811881,-0.32673267326732675,-0.5717821782178217,-0.21534653465346534,-0.5099009900990099,-0.23267326732673269,-0.7054455445544554,-0.2400990099009901,-0.8267326732673267,-0.2400990099009901,-0.9282178217821783,-0.12376237623762376,-0.5396039603960396,-0.15099009900990099,-0.7574257425742574,-0.16831683168316833,-0.8886138613861386,-0.1782178217821782,-1.0,-0.034653465346534656,-0.5297029702970297,-0.06188118811881188,-0.7351485148514851,-0.08168316831683169,-0.8539603960396039,-0.09900990099009901,-0.9603960396039604,0.06188118811881188,-0.48514851485148514,0.034653465346534656,-0.6410891089108911,0.012376237623762377,-0.7376237623762376,-0.012376237623762377,-0.8217821782178217
5,0.0,0.0,-0.18581907090464547,-0.08557457212713937,-0.2982885085574572,-0.27383863080684595,-0.3202933985330073,-0.4474327628361858,-0.33007334963325186,-0.5819070904645477,-0.2176039119804401,-0.511002444987775,-0.23471882640586797,-0.7041564792176039,-0.24205378973105135,-0.823960880195599,-0.2469437652811736,-0.921760391198044,-0.12469437652811736,-0.5354523227383863,-0.1491442542787286,-0.7555012224938875,-0.16625916870415647,-0.8875305623471883,-0.18092909535452323,-1.0,-0.03178484107579462,-0.5281173594132029,-0.05623471882640587,-0.7359413202933985,-0.07579462102689487,-0.8557457212713936,-0.097799511002445,-0.9584352078239609,0.06845965770171149,-0.48655256723716384,0.04645476772616137,-0.6454767726161369,0.02444987775061125,-0.7432762836185819,0.004889975550122249,-0.8264058679706602
5,0.0,0.0,-0.1922141119221411,-0.08759124087591241,-0.29683698296836986,-0.2822384428223844,-0.31873479318734793,-0.45498783454987834,-0.3357664233576642,-0.5863746958637469,-0.22627737226277372,-0.5060827250608273,-0.24817518248175183,-0.708029197080292,-0.25547445255474455,-0.8272506082725061,-0.26034063260340634,-0.927007299270073,-0.13381995133819952,-0.5352798053527981,-0.1630170316301703,-0.754257907542579,-0.18248175182481752,-0.8880778588807786,-0.19708029197080293,-1.0,-0.043795620437956206,-0.5279805352798054,-0.0705596107055961,-0.7372262773722628,-0.09245742092457421,-0.8588807785888077,-0.11435523114355231,-0.9610705596107056,0.0535279805352798,-0.48905109489051096,0.031630170316301706,-0.6472019464720195,0.012165450121654502,-0.7420924574209246,-0.004866180048661801,-0.8272506082725061
5,0.0,0.0,-0.18072289156626506,-0.09156626506024096,-0.2819277108433735,-0.28674698795180725,-0.3036144578313253,-0.45542168674698796,-0.3301204819277108,-0.5831325301204819,-0.21204819277108433,-0.5132530120481927,-0.23373493975903614,-0.708433734939759,-0.2433734939759036,-0.8240963855421687,-0.24819277108433735,-0.9253012048192771,-0.12289156626506025,-0.5421686746987951,-0.15421686746987953,-0.7566265060240964,-0.17349397590361446,-0.8891566265060241,-0.19036144578313252,-1.0,-0.03855421686746988,-0.5325301204819277,-0.06265060240963856,-0.7397590361445783,-0.08433734939759036,-0.8578313253012049,-0.10843373493975904,-0.9614457831325302,0.05301204819277108,-0.4939759036144578,0.033734939759036145,-0.655421686746988,0.016867469879518072,-0.7518072289156627,0.0024096385542168677,-0.8361445783132531
5,0.0,0.0,-0.1791767554479419,-0.09927360774818401,-0.2784503631961259,-0.29055690072639223,-0.3050847457627119,-0.45278450363196127,-0.33171912832929784,-0.5811138014527845,-0.2106537530266344,-0.5108958837772397,-0.2397094430992736,-0.711864406779661,-0.24939467312348668,-0.8305084745762712,-0.2566585956416465,-0.9322033898305084,-0.1234866828087167,-0.5375302663438256,-0.15738498789346247,-0.7554479418886199,-0.17433414043583534,-0.8886198547215496,-0.18886198547215496,-1.0,-0.03631961259079903,-0.5302663438256658,-0.06537530266343826,-0.7360774818401937,-0.0847457627118644,-0.8571428571428571,-0.10411622276029056,-0.9588377723970944,0.06053268765133172,-0.4915254237288136,0.0387409200968523,-0.6464891041162227,0.01694915254237288,-0.7409200968523002,-0.007263922518159807,-0.8232445520581114
5,0.0,0.0,-0.17647058823529413,-0.08088235294117647,-0.2965686274509804,-0.2622549019607843,-0.3284313725490196,-0.4264705882352941,-0.3382352941176471,-0.5612745098039216,-0.23039215686274508,-0.5098039215686274,-0.25735294117647056,-0.7107843137254902,-0.27205882352941174,-0.8284313725490197,-0.28431372549019607,-0.9313725490196079,-0.14705882352941177,-0.5367647058823529,-0.17892156862745098,-0.7549019607843137,-0.2034313725490196,-0.8872549019607843,-0.22058823529411764,-1.0,-0.058823529411764705,-0.5294117647058824,-0.08823529411764706,-0.7377450980392157,-0.10784313725490197,-0.8602941176470589,-0.12990196078431374,-0.9656862745098039,0.03431372549019608,-0.49264705882352944,0.012254901960784314,-0.6495098039215687,-0.0024509803921568627,-0.7450980392156863,-0.0196078431372549,-0.8308823529411765
5,0.0,0.0,-0.18295739348370926,-0.08771929824561403,-0.2907268170426065,-0.2731829573934837,-0.3182957393483709,-0.43609022556390975,-0.3358395989974937,-0.5639097744360902,-0.23057644110275688,-0.5112781954887218,-0.2581453634085213,-0.7117794486215538,-0.2731829573934837,-0.8320802005012531,-0.2807017543859649,-0.9323308270676691,-0.14035087719298245,-0.5388471177944862,-0.17794486215538846,-0.7568922305764411,-0.20300751879699247,-0.8897243107769424,-0.22305764411027568,-1.0,-0.05012531328320802,-0.531328320802005,-0.08270676691729323,-0.7393483709273183,-0.10776942355889724,-0.8596491228070176,-0.13533834586466165,-0.9624060150375939,0.045112781954887216,-0.49373433583959897,0.022556390977443608,-0.6516290726817042,0.0,-0.7468671679197995,-0.02506265664160401,-0.8295739348370927
5,0.0,0.0,-0.17733990147783252,-0.08620689655172414,-0.28078817733990147,-0.26354679802955666,-0.3054187192118227,-0.42610837438423643,-0.33004926108374383,-0.5591133004926109,-0.21428571428571427,-0.5024630541871922,-0.2438423645320197,-0.7044334975369458,-0.25862068965517243,-0.8251231527093597,-0.2684729064039409,-0.9285714285714286,-0.12561576354679804,-0.5344827586206896,-0.16502463054187191,-0.7512315270935961,-0.1896551724137931,-0.8866995073891626,-0.20935960591133004,-1.0,-0.03694581280788178,-0.5295566502463054,-0.07142857142857142,-0.7339901477832512,-0.09359605911330049,-0.8571428571428571,-0.11822660098522167,-0.9630541871921182,0.05665024630541872,-0.49261083743842365,0.03201970443349754,-0.645320197044335,0.007389162561576354,-0.7389162561576355,-0.019704433497536946,-0.8226600985221675
5,0.0,0.0,-0.1806930693069307,-0.08415841584158416,-0.2896039603960396,-0.2623762376237624,-0.3118811881188119,-0.42574257425742573,-0.3316831683168317,-0.5618811881188119,-0.2202970297029703,-0.5099009900990099,-0.24752475247524752,-0.7103960396039604,-0.2623762376237624,-0.8341584158415841,-0.2722772277227723,-0.9381188118811881,-0.1311881188118812,-0.5371287128712872,-0.16831683168316833,-0.754950495049505,-0.1905940594059406,-0.8861386138613861,-0.2103960396039604,-1.0,-0.04207920792079208,-0.5321782178217822,-0.07425742574257425,-0.7351485148514851,-0.09405940594059406,-0.8564356435643564,-0.1188118811881188,-0.9603960396039604,0.05198019801980198,-0.49257425742574257,0.0297029702970297,-0.6435643564356436,0.0049504950495049506,-0.7400990099009901,-0.019801980198019802,-0.8217821782178217
5,0.0,0.0,-0.18045112781954886,-0.07769423558897243,-0.2932330827067669,-0.2606516290726817,-0.3182957393483709,-0.42606516290726815,-0.3408521303258145,-0.5588972431077694,-0.22305764411027568,-0.5137844611528822,-0.2531328320802005,-0.7142857142857143,-0.2681704260651629,-0.8345864661654135,-0.2807017543859649,-0.9373433583959899,-0.13533834586466165,-0.5388471177944862,-0.17293233082706766,-0.7568922305764411,-0.19799498746867167,-0.8897243107769424,-0.21804511278195488,-1.0,-0.047619047619047616,-0.5338345864661654,-0.08020050125313283,-0.7368421052631579,-0.10275689223057644,-0.8596491228070176,-0.12781954887218044,-0.9624060150375939,0.047619047619047616,-0.49373433583959897,0.02506265664160401,-0.6441102756892231,0.0,-0.7418546365914787,-0.02756892230576441,-0.8245614035087719
5,0.0,0.0,-0.1825,-0.075,-0.3,-0.2625,-0.3325,-0.425,-0.3575,-0.5575,-0.23,-0.5,-0.265,-0.6925,-0.2825,-0.81,-0.2975,-0.91,-0.1425,-0.5325,-0.1825,-0.75,-0.2075,-0.885,-0.225,-1.0,-0.0525,-0.53,-0.09,-0.735,-0.115,-0.8575,-0.14,-0.9625,0.0425,-0.495,0.015,-0.6475,-0.0075,-0.7425,-0.03,-0.825
5,0.0,0.0,-0.17380352644836272,-0.08312342569269521,-0.2795969773299748,-0.26700251889168763,-0.30730478589420657,-0.43073047858942065,-0.34005037783375314,-0.5642317380352645,-0.21662468513853905,-0.5113350125944585,-0.24685138539042822,-0.7103274559193955,-0.2619647355163728,-0.8287153652392947,-0.2695214105793451,-0.929471032745592,-0.12846347607052896,-0.5415617128463476,-0.16876574307304787,-0.7581863979848866,-0.19395465994962216,-0.8916876574307305,-0.21158690176322417,-1.0,-0.037783375314861464,-0.5365239294710328,-0.07304785894206549,-0.743073047858942,-0.10075566750629723,-0.8639798488664987,-0.12594458438287154,-0.9672544080604534,0.055415617128463476,-0.4987405541561713,0.027707808564231738,-0.654911838790932,0.005037783375314861,-0.7506297229219143,-0.020151133501259445,-0.8312342569269522
5,0.0,0.0,-0.18271604938271604,-0.07407407407407407,-0.2938271604938272,-0.2617283950617284,-0.32098765432098764,-0.4271604938271605,-0.34814814814814815,-0.5580246913580247,-0.22962962962962963,-0.5037037037037037,-0.25925925925925924,-0.7061728395061728,-0.2740740740740741,-0.8271604938271605,-0.2839506172839506,-0.9308641975308642,-0.1382716049382716,-0.5333333333333333,-0.18024691358024691,-0.7506172839506173,-0.20493827160493827,-0.8864197530864197,-0.2222222222222222,-1.0,-0.04938271604938271,-0.528395061728395,-0.08641975308641975,-0.7358024691358025,-0.10864197530864197,-0.8592592592592593,-0.13333333333333333,-0.9654320987654321,0.044444444444444446,-0.4888888888888889,0.019753086419753086,-0.6444444444444445,-0.007407407407407408,-0.7407407407407407,-0.03209876543209877,-0.8246913580246914
5,0.0,0.0,-0.18159203980099503,-0.0845771144278607,-0.2835820895522388,-0.26865671641791045,-0.3034825870646766,-0.43034825870646765,-0.3283582089552239,-0.5597014925373134,-0.208955223880597,-0.5049751243781094,-0.23383084577114427,-0.6990049751243781,-0.2462686567164179,-0.8159203980099502,-0.2537313432835821,-0.917910447761194,-0.12189054726368159,-0.5373134328358209,-0.15671641791044777,-0.753731343283582,-0.1791044776119403,-0.8880597014925373,-0.19402985074626866,-1.0,-0.03482587064676617,-0.5323383084577115,-0.06467661691542288,-0.7388059701492538,-0.08706467661691543,-0.8582089552238806,-0.10696517412935323,-0.9601990049751243,0.05721393034825871,-0.49502487562189057,0.03233830845771144,-0.6467661691542289,0.012437810945273632,-0.7412935323383084,-0.009950248756218905,-0.8233830845771144
5,0.0,0.0,-0.17590361445783131,-0.09397590361445783,-0.2674698795180723,-0.28433734939759037,-0.2746987951807229,-0.4457831325301205,-0.2891566265060241,-0.5783132530120482,-0.18072289156626506,-0.5253012048192771,-0.20240963855421687,-0.7156626506024096,-0.2216867469879518,-0.8337349397590361,-0.236144578313253,-0.9325301204819277,-0.0891566265060241,-0.5469879518072289,-0.11566265060240964,-0.7614457831325301,-0.13253012048192772,-0.891566265060241,-0.1493975903614458,-1.0,0.0,-0.5325301204819277,-0.021686746987951807,-0.7349397590361446,-0.03855421686746988,-0.8578313253012049,-0.05783132530120482,-0.9662650602409638,0.09156626506024096,-0.4819277108433735,0.07951807228915662,-0.6433734939759036,0.06506024096385542,-0.7397590361445783,0.043373493975903614,-0.8265060240963855
5,0.0,0.0,-0.17114914425427874,-0.10513447432762836,-0.2567237163814181,-0.293398533007335,-0.2591687041564792,-0.4572127139364303,-0.2665036674816626,-0.5916870415647921,-0.17603911980440098,-0.5256723716381418,-0.18581907090464547,-0.7188264058679706,-0.1882640586797066,-0.8337408312958435,-0.18581907090464547,-0.9339853300733496,-0.08801955990220049,-0.5476772616136919,-0.10024449877750612,-0.7628361858190709,-0.10513447432762836,-0.8899755501222494,-0.10513447432762836,-1.0,0.0,-0.5354523227383863,-0.009779951100244499,-0.7359413202933985,-0.014669926650366748,-0.8557457212713936,-0.022004889975550123,-0.960880195599022,0.09046454767726161,-0.4889975550122249,0.08068459657701711,-0.6454767726161369,0.06845965770171149,-0.7408312958435208,0.05378973105134474,-0.8190709046454768
5,0.0,0.0,-0.1643192488262911,-0.09859154929577464,-0.24413145539906103,-0.2887323943661972,-0.24647887323943662,-0.4507042253521127,-0.25821596244131456,-0.5821596244131455,-0.16666666666666666,-0.5211267605633803,-0.17370892018779344,-0.7206572769953051,-0.1784037558685446,-0.8450704225352113,-0.1807511737089202,-0.9483568075117371,-0.07511737089201878,-0.5375586854460094,-0.09154929577464789,-0.7511737089201878,-0.10093896713615023,-0.8849765258215962,-0.11032863849765258,-1.0,0.011737089201877934,-0.5187793427230047,-0.002347417840375587,-0.7230046948356808,-0.009389671361502348,-0.8450704225352113,-0.018779342723004695,-0.9507042253521126,0.10328638497652583,-0.4671361502347418,0.09389671361502347,-0.6220657276995305,0.07746478873239436,-0.7183098591549296,0.06103286384976526,-0.8004694835680751
5,0.0,0.0,-0.1536643026004728,-0.12293144208037825,-0.21749408983451538,-0.32387706855791965,-0.21513002364066194,-0.48226950354609927,-0.21513002364066194,-0.6122931442080378,-0.1276595744680851,-0.5342789598108747,-0.12056737588652482,-0.723404255319149,-0.11583924349881797,-0.8368794326241135,-0.10638297872340426,-0.9361702127659575,-0.0425531914893617,-0.5484633569739953,-0.0425531914893617,-0.7588652482269503,-0.04018912529550828,-0.8865248226950354,-0.03546099290780142,-1.0,0.04018912529550828,-0.5295508274231678,0.04018912529550828,-0.7304964539007093,0.0425531914893617,-0.8486997635933806,0.04018912529550828,-0.9527186761229315,0.12529550827423167,-0.475177304964539,0.13002364066193853,-0.6335697399527187,0.13002364066193853,-0.7304964539007093,0.12529550827423167,-0.8108747044917257
5,0.0,0.0,-0.15058823529411763,-0.12470588235294118,-0.2023529411764706,-0.33176470588235296,-0.19294117647058823,-0.4964705882352941,-0.18823529411764706,-0.6282352941176471,-0.09647058823529411,-0.5364705882352941,-0.08235294117647059,-0.7270588235294118,-0.07294117647058823,-0.8423529411764706,-0.058823529411764705,-0.9411764705882353,-0.009411764705882352,-0.548235294117647,-0.002352941176470588,-0.76,0.004705882352941176,-0.8894117647058823,0.011764705882352941,-1.0,0.06823529411764706,-0.5223529411764706,0.07764705882352942,-0.7247058823529412,0.08235294117647059,-0.8447058823529412,0.08470588235294117,-0.9458823529411765,0.15058823529411763,-0.4611764705882353,0.15529411764705883,-0.6141176470588235,0.15529411764705883,-0.7105882352941176,0.15058823529411763,-0.7929411764705883
5,0.0,0.0,-0.1445221445221445,-0.13053613053613053,-0.19114219114219114,-0.3333333333333333,-0.17249417249417248,-0.49417249417249415,-0.1655011655011655,-0.627039627039627,-0.06993006993006994,-0.5361305361305362,-0.04895104895104895,-0.7226107226107226,-0.03496503496503497,-0.8344988344988346,-0.018648018648018648,-0.9324009324009324,0.018648018648018648,-0.5454545454545454,0.03496503496503497,-0.7552447552447552,0.04895104895104895,-0.8857808857808858,0.06293706293706294,-1.0,0.09557109557109557,-0.5174825174825175,0.11655011655011654,-0.7156177156177156,0.1282051282051282,-0.8344988344988346,0.1351981351981352,-0.9417249417249417,0.17249417249417248,-0.45454545454545453,0.1864801864801865,-0.6083916083916084,0.1888111888111888,-0.703962703962704,0.1864801864801865,-0.7878787878787878
5,0.0,0.0,-0.15172413793103448,-0.11494252873563218,-0.20229885057471264,-0.3218390804597701,-0.1839080459770115,-0.48735632183908045,-0.17011494252873563,-0.6229885057471264,-0.07816091954022988,-0.535632183908046,-0.04827586206896552,-0.7310344827586207,-0.029885057471264367,-0.8505747126436781,-0.009195402298850575,-0.9494252873563218,0.011494252873563218,-0.5402298850574713,0.034482758620689655,-0.7586206896551724,0.04827586206896552,-0.8896551724137931,0.06436781609195402,-1.0,0.09195402298850575,-0.5103448275862069,0.1103448275862069,-0.7172413793103448,0.12183908045977011,-0.8390804597701149,0.1310344827586207,-0.9425287356321839,0.167816091954023,-0.4459770114942529,0.18160919540229886,-0.6022988505747127,0.18620689655172415,-0.7011494252873564,0.18620689655172415,-0.7862068965517242
5,0.0,0.0,-0.1554524361948956,-0.12296983758700696,-0.20185614849187936,-0.33410672853828305,-0.17633410672853828,-0.5011600928074246,-0.1716937354988399,-0.6380510440835266,-0.07424593967517401,-0.5382830626450116,-0.04408352668213457,-0.728538283062645,-0.02320185614849188,-0.8422273781902552,-0.002320185614849188,-0.9396751740139211,0.018561484918793503,-0.5475638051044084,0.04408352668213457,-0.7587006960556845,0.06264501160092807,-0.888631090487239,0.08120649651972157,-1.0,0.09976798143851508,-0.5174013921113689,0.12529002320185614,-0.7169373549883991,0.13921113689095127,-0.8375870069605569,0.15081206496519722,-0.9443155452436195,0.17633410672853828,-0.45243619489559167,0.19489559164733178,-0.6078886310904872,0.20185614849187936,-0.7053364269141531,0.20417633410672853,-0.7935034802784223
5,0.0,0.0,-0.14318706697459585,-0.13625866050808313,-0.17782909930715934,-0.3510392609699769,-0.15011547344110854,-0.5103926096997691,-0.14318706697459585,-0.6420323325635104,-0.046189376443418015,-0.5427251732101617,-0.011547344110854504,-0.7297921478060047,0.011547344110854504,-0.8429561200923787,0.03926096997690531,-0.9376443418013857,0.046189376443418015,-0.5473441108545035,0.08083140877598152,-0.7598152424942263,0.10392609699769054,-0.8891454965357968,0.13163972286374134,-1.0,0.12702078521939955,-0.5150115473441108,0.15935334872979215,-0.7159353348729792,0.18244803695150116,-0.8383371824480369,0.19861431870669746,-0.9468822170900693,0.20323325635103925,-0.44803695150115475,0.22632794457274827,-0.605080831408776,0.23556581986143188,-0.7020785219399538,0.24249422632794457,-0.7875288683602771
5,0.0,0.0,-0.14153132250580047,-0.1345707656612529,-0.18097447795823665,-0.345707656612529,-0.1554524361948956,-0.505800464037123,-0.14385150812064965,-0.6380510440835266,-0.05104408352668213,-0.54292343387471,-0.013921113689095127,-0.7308584686774942,0.013921113689095127,-0.8468677494199536,0.04408352668213457,-0.9443155452436195,0.04176334106728538,-0.54292343387471,0.0765661252900232,-0.7563805104408353,0.10440835266821345,-0.888631090487239,0.12993039443155452,-1.0,0.12296983758700696,-0.5104408352668214,0.16009280742459397,-0.7122969837587007,0.18329466357308585,-0.8329466357308585,0.19953596287703015,-0.9373549883990719,0.19953596287703015,-0.4408352668213457,0.2273781902552204,-0.5939675174013921,0.23897911832946636,-0.6937354988399071,0.2459396751740139,-0.7795823665893271
5,0.0,0.0,-0.13286713286713286,-0.1445221445221445,-0.17016317016317017,-0.34965034965034963,-0.14918414918414918,-0.5058275058275058,-0.1258741258741259,-0.6363636363636364,-0.030303030303030304,-0.5454545454545454,0.006993006993006993,-0.7342657342657343,0.03496503496503497,-0.8461538461538461,0.0675990675990676,-0.9417249417249417,0.06060606060606061,-0.5454545454545454,0.10256410256410256,-0.7575757575757576,0.13286713286713286,-0.8881118881118881,0.16317016317016317,-1.0,0.14219114219114218,-0.5081585081585082,0.18181818181818182,-0.710955710955711,0.20745920745920746,-0.8321678321678322,0.23076923076923078,-0.9393939393939394,0.2191142191142191,-0.4382284382284382,0.24708624708624707,-0.5967365967365967,0.25874125874125875,-0.6946386946386947,0.2680652680652681,-0.7808857808857809
5,0.0,0.0,-0.14418604651162792,-0.13488372093023257,-0.18372093023255814,-0.34651162790697676,-0.15813953488372093,-0.5093023255813953,-0.1325581395348837,-0.641860465116279,-0.03953488372093023,-0.5441860465116279,-0.004651162790697674,-0.7325581395348837,0.02558139534883721,-0.8465116279069768,0.05813953488372093,-0.9418604651162791,0.053488372093023255,-0.541860465116279,0.09069767441860466,-0.7558139534883721,0.1186046511627907,-0.8883720930232558,0.14418604651162792,-1.0,0.13488372093023257,-0.5046511627906977,0.17209302325581396,-0.7093023255813954,0.1930232558139535,-0.8302325581395349,0.2116279069767442,-0.9348837209302325,0.21395348837209302,-0.4325581395348837,0.23953488372093024,-0.586046511627907,0.24883720930232558,-0.686046511627907,0.2558139534883721,-0.7744186046511627
5,0.0,0.0,-0.13679245283018868,-0.125,-0.18632075471698112,-0.3419811320754717,-0.16981132075471697,-0.5,-0.16037735849056603,-0.6226415094339622,-0.07075471698113207,-0.5518867924528302,-0.04245283018867924,-0.7476415094339622,-0.01650943396226415,-0.8679245283018868,0.01179245283018868,-0.964622641509434,0.01179245283018868,-0.5471698113207547,0.03773584905660377,-0.7594339622641509,0.0589622641509434,-0.8915094339622641,0.07783018867924528,-1.0,0.08962264150943396,-0.5165094339622641,0.11084905660377359,-0.7193396226415094,0.125,-0.8443396226415094,0.1391509433962264,-0.9481132075471698,0.16745283018867924,-0.45754716981132076,0.18396226415094338,-0.6155660377358491,0.19103773584905662,-0.7193396226415094,0.1957547169811321,-0.8066037735849056
5,0.0,0.0,-0.17096018735362997,-0.09836065573770492,-0.25995316159250587,-0.30679156908665106,-0.2646370023419204,-0.477751756440281,-0.27400468384074944,-0.6112412177985949,-0.16627634660421545,-0.5292740046838408,-0.16393442622950818,-0.7283372365339579,-0.15690866510538642,-0.8407494145199064,-0.1522248243559719,-0.9391100702576113,-0.07259953161592506,-0.5456674473067916,-0.07962529274004684,-0.7611241217798594,-0.08196721311475409,-0.892271662763466,-0.08430913348946135,-1.0,0.01405152224824356,-0.5269320843091335,0.00702576112412178,-0.7306791569086651,0.00234192037470726,-0.8524590163934426,-0.00468384074941452,-0.9531615925058547,0.1053864168618267,-0.47540983606557374,0.10070257611241218,-0.6323185011709602,0.09133489461358314,-0.7306791569086651,0.08196721311475409,-0.8173302107728337
5,0.0,0.0,-0.17321016166281755,-0.10161662817551963,-0.2586605080831409,-0.302540415704388,-0.26558891454965355,-0.47344110854503463,-0.279445727482679,-0.6096997690531177,-0.16859122401847576,-0.5242494226327945,-0.17551963048498845,-0.7136258660508084,-0.17551963048498845,-0.8290993071593533,-0.17090069284064666,-0.9260969976905312,-0.08083140877598152,-0.5450346420323325,-0.09237875288683603,-0.7575057736720554,-0.09699769053117784,-0.8868360277136259,-0.09699769053117784,-1.0,0.0023094688221709007,-0.5334872979214781,-0.0023094688221709007,-0.7321016166281755,-0.009237875288683603,-0.8498845265588915,-0.016166281755196306,-0.9561200923787528,0.09006928406466513,-0.48498845265588914,0.08314087759815242,-0.6420323325635104,0.07390300230946882,-0.7367205542725174,0.06697459584295612,-0.8221709006928406
5,0.0,0.0,-0.18433179723502305,-0.08294930875576037,-0.2903225806451613,-0.2764976958525346,-0.3087557603686636,-0.44930875576036866,-0.3317972350230415,-0.5875576036866359,-0.22350230414746544,-0.5138248847926268,-0.23732718894009217,-0.7142857142857143,-0.23963133640552994,-0.8341013824884793,-0.23963133640552994,-0.9354838709677419,-0.12903225806451613,-0.5391705069124424,-0.1543778801843318,-0.7557603686635944,-0.16820276497695852,-0.8894009216589862,-0.17511520737327188,-1.0,-0.03917050691244239,-0.5276497695852534,-0.059907834101382486,-0.7350230414746544,-0.07373271889400922,-0.8548387096774194,-0.08755760368663594,-0.9608294930875576,0.055299539170506916,-0.4815668202764977,0.03456221198156682,-0.6382488479262672,0.013824884792626729,-0.7350230414746544,-0.004608294930875576,-0.8202764976958525
5,0.0,0.0,-0.19399538106235567,-0.08545034642032333,-0.2956120092378753,-0.2748267898383372,-0.3117782909930716,-0.4457274826789838,-0.3418013856812933,-0.581986143187067,-0.22401847575057737,-0.5080831408775982,-0.2471131639722864,-0.7043879907621247,-0.25635103926096997,-0.8244803695150116,-0.26096997690531176,-0.9260969976905312,-0.13163972286374134,-0.5404157043879908,-0.16397228637413394,-0.7575057736720554,-0.18475750577367206,-0.8868360277136259,-0.20092378752886836,-1.0,-0.04157043879907621,-0.535796766743649,-0.07390300230946882,-0.7413394919168591,-0.09237875288683603,-0.8614318706697459,-0.11316397228637413,-0.9653579676674365,0.05542725173210162,-0.4942263279445728,0.02771362586605081,-0.651270207852194,0.0023094688221709007,-0.745958429561201,-0.020785219399538105,-0.8314087759815243
5,0.0,0.0,-0.1990521327014218,-0.08056872037914692,-0.32701421800947866,-0.26540284360189575,-0.36255924170616116,-0.43601895734597157,-0.3933649289099526,-0.5710900473933649,-0.2796208530805687,-0.5023696682464455,-0.31516587677725116,-0.7014218009478673,-0.32701421800947866,-0.8199052132701422,-0.3341232227488152,-0.9218009478672986,-0.1872037914691943,-0.5379146919431279,-0.23222748815165878,-0.7559241706161137,-0.2559241706161137,-0.8886255924170616,-0.2725118483412322,-1.0,-0.0947867298578199,-0.5355450236966824,-0.13270142180094788,-0.7440758293838863,-0.15876777251184834,-0.8649289099526066,-0.18246445497630331,-0.9715639810426541,0.009478672985781991,-0.5,-0.026066350710900472,-0.6563981042654028,-0.054502369668246446,-0.7535545023696683,-0.08056872037914692,-0.8341232227488151
5,0.0,0.0,-0.2181372549019608,-0.06372549019607843,-0.3602941176470588,-0.24754901960784315,-0.40441176470588236,-0.42892156862745096,-0.4485294117647059,-0.5637254901960784,-0.3235294117647059,-0.4877450980392157,-0.38235294117647056,-0.696078431372549,-0.40931372549019607,-0.8161764705882353,-0.42892156862745096,-0.9191176470588235,-0.23039215686274508,-0.5343137254901961,-0.29901960784313725,-0.7598039215686274,-0.3382352941176471,-0.8921568627450981,-0.36764705882352944,-1.0,-0.13725490196078433,-0.5392156862745098,-0.19852941176470587,-0.7549019607843137,-0.23529411764705882,-0.8774509803921569,-0.2696078431372549,-0.9803921568627451,-0.03431372549019608,-0.5171568627450981,-0.0857843137254902,-0.6764705882352942,-0.125,-0.7696078431372549,-0.15931372549019607,-0.8529411764705882
5,0.0,0.0,-0.21921182266009853,-0.05172413793103448,-0.3669950738916256,-0.23891625615763548,-0.41379310344827586,-0.4187192118226601,-0.46798029556650245,-0.5517241379310345,-0.33251231527093594,-0.49507389162561577,-0.39408866995073893,-0.6970443349753694,-0.4187192118226601,-0.8152709359605911,-0.43596059113300495,-0.9187192118226601,-0.23891625615763548,-0.541871921182266,-0.3103448275862069,-0.7610837438423645,-0.3448275862068966,-0.8891625615763546,-0.3694581280788177,-1.0,-0.14532019704433496,-0.5467980295566502,-0.20689655172413793,-0.7536945812807881,-0.2413793103448276,-0.8719211822660099,-0.270935960591133,-0.9704433497536946,-0.03694581280788178,-0.5221674876847291,-0.09113300492610837,-0.6798029556650246,-0.13054187192118227,-0.770935960591133,-0.16502463054187191,-0.8497536945812808
5,0.0,0.0,-0.21428571428571427,-0.05665024630541872,-0.3669950738916256,-0.22660098522167488,-0.4211822660098522,-0.3916256157635468,-0.4802955665024631,-0.5147783251231527,-0.3374384236453202,-0.49014778325123154,-0.4064039408866995,-0.6896551724137931,-0.4482758620689655,-0.8103448275862069,-0.4827586206896552,-0.9137931034482759,-0.2438423645320197,-0.5369458128078818,-0.3226600985221675,-0.7536945812807881,-0.3669950738916256,-0.8866995073891626,-0.4064039408866995,-1.0,-0.1477832512315271,-0.5467980295566502,-0.21921182266009853,-0.7512315270935961,-0.26354679802955666,-0.8719211822660099,-0.3054187192118227,-0.9778325123152709,-0.03940886699507389,-0.5221674876847291,-0.0960591133004926,-0.6798029556650246,-0.13793103448275862,-0.770935960591133,-0.17733990147783252,-0.8522167487684729
5,0.0,0.0,-0.21393034825870647,-0.05970149253731343,-0.36069651741293535,-0.23880597014925373,-0.417910447761194,-0.4079601990049751,-0.47761194029850745,-0.5348258706467661,-0.3383084577114428,-0.48009950248756217,-0.41044776119402987,-0.6840796019900498,-0.44527363184079605,-0.8059701492537313,-0.472636815920398,-0.9104477611940298,-0.2512437810945274,-0.527363184079602,-0.3333333333333333,-0.753731343283582,-0.3805970149253731,-0.8855721393034826,-0.417910447761194,-1.0,-0.16169154228855723,-0.5373134328358209,-0.23383084577114427,-0.746268656716418,-0.27860696517412936,-0.8706467661691543,-0.31592039800995025,-0.9776119402985075,-0.05472636815920398,-0.5174129353233831,-0.11442786069651742,-0.6716417910447762,-0.15671641791044777,-0.763681592039801,-0.19402985074626866,-0.8407960199004975
5,0.0,0.0,-0.2123456790123457,-0.044444444444444446,-0.36790123456790125,-0.2222222222222222,-0.4271604938271605,-0.3950617283950617,-0.49135802469135803,-0.5185185185185185,-0.34074074074074073,-0.48148148148148145,-0.41975308641975306,-0.6888888888888889,-0.4617283950617284,-0.8098765432098766,-0.49382716049382713,-0.9160493827160494,-0.254320987654321,-0.5308641975308642,-0.3432098765432099,-0.7530864197530864,-0.3950617283950617,-0.8888888888888888,-0.43703703703703706,-1.0,-0.16049382716049382,-0.5407407407407407,-0.2419753086419753,-0.7481481481481481,-0.291358024691358,-0.8740740740740741,-0.3358024691358025,-0.9777777777777777,-0.05185185185185185,-0.5209876543209877,-0.11604938271604938,-0.6765432098765433,-0.1580246913580247,-0.7728395061728395,-0.19753086419753085,-0.8567901234567902
5,0.0,0.0,-0.2103960396039604,-0.06683168316831684,-0.3564356435643564,-0.25,-0.4084158415841584,-0.4207920792079208,-0.4628712871287129,-0.5445544554455446,-0.3292079207920792,-0.49257425742574257,-0.3910891089108911,-0.6905940594059405,-0.4282178217821782,-0.806930693069307,-0.45544554455445546,-0.9084158415841584,-0.24504950495049505,-0.5396039603960396,-0.31683168316831684,-0.7599009900990099,-0.3589108910891089,-0.8886138613861386,-0.3935643564356436,-1.0,-0.15346534653465346,-0.5470297029702971,-0.22277227722772278,-0.75,-0.2623762376237624,-0.8712871287128713,-0.30198019801980197,-0.9752475247524752,-0.04950495049504951,-0.5222772277227723,-0.10396039603960396,-0.6831683168316832,-0.14108910891089108,-0.7747524752475248,-0.1782178217821782,-0.8539603960396039
5,0.0,0.0,-0.21534653465346534,-0.06930693069306931,-0.35396039603960394,-0.25,-0.4034653465346535,-0.4207920792079208,-0.452970297029703,-0.551980198019802,-0.3193069306930693,-0.49257425742574257,-0.3811881188118812,-0.698019801980198,-0.41336633663366334,-0.8168316831683168,-0.4381188118811881,-0.9207920792079208,-0.2301980198019802,-0.5396039603960396,-0.30198019801980197,-0.7574257425742574,-0.34405940594059403,-0.8886138613861386,-0.3787128712871287,-1.0,-0.13861386138613863,-0.5445544554455446,-0.2004950495049505,-0.75,-0.24257425742574257,-0.8688118811881188,-0.27970297029702973,-0.9702970297029703,-0.0297029702970297,-0.5173267326732673,-0.08415841584158416,-0.6732673267326733,-0.12623762376237624,-0.7648514851485149,-0.16584158415841585,-0.8415841584158416
5,0.0,0.0,-0.20574162679425836,-0.07416267942583732,-0.3277511961722488,-0.2679425837320574,-0.361244019138756,-0.44258373205741625,-0.40669856459330145,-0.5717703349282297,-0.2679425837320574,-0.5,-0.31100478468899523,-0.6985645933014354,-0.33253588516746413,-0.8181818181818182,-0.34210526315789475,-0.9210526315789473,-0.18181818181818182,-0.5382775119617225,-0.23684210526315788,-0.7559808612440191,-0.26555023923444976,-0.8875598086124402,-0.28708133971291866,-1.0,-0.09330143540669857,-0.5382775119617225,-0.14354066985645933,-0.7440191387559809,-0.17464114832535885,-0.8660287081339713,-0.20334928229665072,-0.9712918660287081,0.009569377990430622,-0.5023923444976076,-0.03349282296650718,-0.6602870813397129,-0.06698564593301436,-0.7583732057416268,-0.09808612440191387,-0.8373205741626795
5,0.0,0.0,-0.1941031941031941,-0.09582309582309582,-0.3095823095823096,-0.28992628992628994,-0.343980343980344,-0.4643734643734644,-0.37346437346437344,-0.601965601965602,-0.25307125307125306,-0.5257985257985258,-0.28746928746928746,-0.7125307125307125,-0.29975429975429974,-0.8230958230958231,-0.3071253071253071,-0.9213759213759214,-0.16461916461916462,-0.5552825552825553,-0.20393120393120392,-0.769041769041769,-0.22358722358722358,-0.8918918918918919,-0.23587223587223588,-1.0,-0.07616707616707617,-0.547911547911548,-0.11056511056511056,-0.7518427518427518,-0.13022113022113022,-0.8673218673218673,-0.15233415233415235,-0.9680589680589681,0.022113022113022112,-0.5110565110565111,-0.007371007371007371,-0.6707616707616708,-0.0343980343980344,-0.7641277641277642,-0.056511056511056514,-0.8427518427518428
5,0.0,0.0,-0.19014084507042253,-0.07276995305164319,-0.3028169014084507,-0.26291079812206575,-0.323943661971831,-0.43661971830985913,-0.3474178403755869,-0.5727699530516432,-0.22769953051643194,-0.5164319248826291,-0.24882629107981222,-0.715962441314554,-0.2535211267605634,-0.8380281690140845,-0.2535211267605634,-0.9436619718309859,-0.13380281690140844,-0.5422535211267606,-0.16666666666666666,-0.755868544600939,-0.18309859154929578,-0.8873239436619719,-0.19248826291079812,-1.0,-0.04460093896713615,-0.5305164319248826,-0.07511737089201878,-0.7300469483568075,-0.09389671361502347,-0.8544600938967136,-0.11032863849765258,-0.960093896713615,0.056338028169014086,-0.4835680751173709,0.028169014084507043,-0.6431924882629108,0.004694835680751174,-0.7394366197183099,-0.01643192488262911,-0.823943661971831
5,0.0,0.0,-0.19036144578313252,-0.11325301204819277,-0.29156626506024097,-0.3132530120481928,-0.3060240963855422,-0.4867469879518072,-0.3349397590361446,-0.6120481927710844,-0.19759036144578312,-0.5325301204819277,-0.21204819277108433,-0.7301204819277108,-0.21204819277108433,-0.8409638554216867,-0.20722891566265061,-0.9397590361445783,-0.10361445783132531,-0.5566265060240964,-0.12289156626506025,-0.7734939759036145,-0.13012048192771083,-0.8987951807228916,-0.13012048192771083,-1.0,-0.012048192771084338,-0.5493975903614458,-0.03132530120481928,-0.7542168674698795,-0.043373493975903614,-0.8722891566265061,-0.05542168674698795,-0.9710843373493976,0.08674698795180723,-0.5060240963855421,0.06987951807228916,-0.6650602409638554,0.05542168674698795,-0.7566265060240964,0.03855421686746988,-0.8361445783132531
5,0.0,0.0,-0.1855421686746988,-0.1108433734939759,-0.2819277108433735,-0.30843373493975906,-0.29156626506024097,-0.4795180722891566,-0.30843373493975906,-0.6144578313253012,-0.18795180722891566,-0.5349397590361445,-0.2,-0.7253012048192771,-0.19759036144578312,-0.8409638554216867,-0.19036144578313252,-0.9397590361445783,-0.09156626506024096,-0.5566265060240964,-0.10361445783132531,-0.7662650602409639,-0.10361445783132531,-0.891566265060241,-0.09879518072289156,-1.0,-0.0024096385542168677,-0.5421686746987951,-0.00963855421686747,-0.7397590361445783,-0.012048192771084338,-0.8578313253012049,-0.014457831325301205,-0.9590361445783132,0.09156626506024096,-0.491566265060241,0.0819277108433735,-0.6457831325301204,0.06506024096385542,-0.7421686746987952,0.04819277108433735,-0.8240963855421687
5,0.0,0.0,-0.17391304347826086,-0.11352657004830918,-0.2560386473429952,-0.3140096618357488,-0.2536231884057971,-0.48792270531400966,-0.2608695652173913,-0.6207729468599034,-0.1473429951690821,-0.538647342995169,-0.15217391304347827,-0.7294685990338164,-0.1473429951690821,-0.8429951690821256,-0.13526570048309178,-0.9396135265700483,-0.05555555555555555,-0.5555555555555556,-0.057971014492753624,-0.7681159420289855,-0.05555555555555555,-0.893719806763285,-0.04830917874396135,-1.0,0.033816425120772944,-0.538647342995169,0.033816425120772944,-0.7415458937198067,0.033816425120772944,-0.8623188405797102,0.03140096618357488,-0.966183574879227,0.12560386473429952,-0.4855072463768116,0.12318840579710146,-0.642512077294686,0.11594202898550725,-0.7415458937198067,0.10386473429951691,-0.8285024154589372
5,0.0,0.0,-0.18544600938967137,-0.11502347417840375,-0.26291079812206575,-0.3192488262910798,-0.2511737089201878,-0.49295774647887325,-0.25821596244131456,-0.6267605633802817,-0.14553990610328638,-0.5328638497652582,-0.13849765258215962,-0.7276995305164319,-0.12206572769953052,-0.8450704225352113,-0.09859154929577464,-0.9413145539906104,-0.04460093896713615,-0.5516431924882629,-0.03990610328638498,-0.7652582159624414,-0.025821596244131457,-0.8943661971830986,-0.009389671361502348,-1.0,0.046948356807511735,-0.528169014084507,0.051643192488262914,-0.7276995305164319,0.05868544600938967,-0.8497652582159625,0.06338028169014084,-0.9483568075117371,0.1431924882629108,-0.47183098591549294,0.1431924882629108,-0.6314553990610329,0.13380281690140844,-0.7276995305164319,0.12441314553990611,-0.8075117370892019
5,0.0,0.0,-0.18439716312056736,-0.12056737588652482,-0.2647754137115839,-0.32387706855791965,-0.2553191489361702,-0.4988179669030733,-0.26004728132387706,-0.6335697399527187,-0.14657210401891252,-0.5390070921985816,-0.14184397163120568,-0.735224586288416,-0.12293144208037825,-0.8486997635933806,-0.1016548463356974,-0.9456264775413712,-0.04491725768321513,-0.5555555555555556,-0.03546099290780142,-0.7706855791962175,-0.02364066193853428,-0.8959810874704491,-0.0070921985815602835,-1.0,0.0425531914893617,-0.5366430260047281,0.054373522458628844,-0.735224586288416,0.061465721040189124,-0.8557919621749409,0.06855791962174941,-0.9574468085106383,0.13238770685579196,-0.4799054373522459,0.13947990543735225,-0.6335697399527187,0.13238770685579196,-0.7304964539007093,0.12293144208037825,-0.8132387706855791
5,0.0,0.0,-0.18309859154929578,-0.12206572769953052,-0.25821596244131456,-0.32629107981220656,-0.24413145539906103,-0.5,-0.24647887323943662,-0.636150234741784,-0.13145539906103287,-0.5375586854460094,-0.12206572769953052,-0.7323943661971831,-0.1056338028169014,-0.8474178403755869,-0.08450704225352113,-0.9436619718309859,-0.03051643192488263,-0.5539906103286385,-0.02112676056338028,-0.7676056338028169,-0.007042253521126761,-0.892018779342723,0.007042253521126761,-1.0,0.05868544600938967,-0.5305164319248826,0.06807511737089202,-0.7300469483568075,0.07511737089201878,-0.8497652582159625,0.07981220657276995,-0.9507042253521126,0.15023474178403756,-0.47183098591549294,0.15258215962441316,-0.6267605633802817,0.14553990610328638,-0.7206572769953051,0.13615023474178403,-0.8028169014084507
5,0.0,0.0,-0.18544600938967137,-0.11971830985915492,-0.2652582159624413,-0.3286384976525822,-0.2535211267605634,-0.5023474178403756,-0.25586854460093894,-0.6338028169014085,-0.14553990610328638,-0.5446009389671361,-0.13615023474178403,-0.7370892018779343,-0.11971830985915492,-0.852112676056338,-0.09859154929577464,-0.9483568075117371,-0.04460093896713615,-0.5563380281690141,-0.035211267605633804,-0.7699530516431925,-0.023474178403755867,-0.8967136150234741,-0.007042253521126761,-1.0,0.046948356807511735,-0.5328638497652582,0.05868544600938967,-0.7347417840375586,0.06572769953051644,-0.852112676056338,0.07276995305164319,-0.9507042253521126,0.13849765258215962,-0.47417840375586856,0.14084507042253522,-0.6291079812206573,0.13615023474178403,-0.7230046948356808,0.12910798122065728,-0.8051643192488263
5,0.0,0.0,-0.17804878048780487,-0.12682926829268293,-0.26097560975609757,-0.33414634146341465,-0.25609756097560976,-0.5097560975609756,-0.2658536585365854,-0.6390243902439025,-0.14390243902439023,-0.5439024390243903,-0.14146341463414633,-0.7390243902439024,-0.12682926829268293,-0.8512195121951219,-0.1073170731707317,-0.9463414634146341,-0.04390243902439024,-0.5609756097560976,-0.03902439024390244,-0.7780487804878049,-0.03414634146341464,-0.9,-0.024390243902439025,-1.0,0.04390243902439024,-0.5414634146341464,0.05609756097560976,-0.748780487804878,0.05365853658536585,-0.8634146341463415,0.05121951219512195,-0.9609756097560975,0.13658536585365855,-0.4902439024390244,0.13902439024390245,-0.6487804878048781,0.13170731707317074,-0.7414634146341463,0.12682926829268293,-0.824390243902439
5,0.0,0.0,-0.1859903381642512,-0.10869565217391304,-0.28019323671497587,-0.3164251207729469,-0.2777777777777778,-0.48792270531400966,-0.2753623188405797,-0.6183574879227053,-0.15942028985507245,-0.5434782608695652,-0.16183574879227053,-0.7391304347826086,-0.15217391304347827,-0.8526570048309179,-0.14009661835748793,-0.9492753623188406,-0.06038647342995169,-0.5603864734299517,-0.06038647342995169,-0.7729468599033816,-0.06038647342995169,-0.8985507246376812,-0.057971014492753624,-1.0,0.03140096618357488,-0.5434782608695652,0.036231884057971016,-0.7463768115942029,0.036231884057971016,-0.8647342995169082,0.03140096618357488,-0.9637681159420289,0.1280193236714976,-0.49033816425120774,0.13285024154589373,-0.6473429951690821,0.12560386473429952,-0.7439613526570048,0.11594202898550725,-0.8285024154589372
5,0.0,0.0,-0.1778846153846154,-0.11057692307692307,-0.27403846153846156,-0.31009615384615385,-0.28125,-0.4807692307692308,-0.28125,-0.6105769230769231,-0.15865384615384615,-0.53125,-0.1658653846153846,-0.7283653846153846,-0.15865384615384615,-0.84375,-0.14903846153846154,-0.9423076923076923,-0.06490384615384616,-0.5528846153846154,-0.06971153846153846,-0.7668269230769231,-0.06971153846153846,-0.8966346153846154,-0.0673076923076923,-1.0,0.02403846153846154,-0.5360576923076923,0.021634615384615384,-0.7403846153846154,0.019230769230769232,-0.8605769230769231,0.016826923076923076,-0.9591346153846154,0.11538461538461539,-0.4879807692307692,0.11538461538461539,-0.6466346153846154,0.10817307692307693,-0.7427884615384616,0.0985576923076923,-0.8245192307692307
5,0.0,0.0,-0.1784037558685446,-0.09624413145539906,-0.28169014084507044,-0.2981220657276995,-0.2981220657276995,-0.4694835680751174,-0.3051643192488263,-0.6056338028169014,-0.176056338028169,-0.5258215962441315,-0.18309859154929578,-0.7230046948356808,-0.1784037558685446,-0.8380281690140845,-0.17136150234741784,-0.9366197183098591,-0.08215962441314555,-0.5446009389671361,-0.08685446009389672,-0.7605633802816901,-0.0892018779342723,-0.892018779342723,-0.0892018779342723,-1.0,0.007042253521126761,-0.528169014084507,0.002347417840375587,-0.7323943661971831,-0.002347417840375587,-0.8544600938967136,-0.004694835680751174,-0.9577464788732394,0.09859154929577464,-0.4765258215962441,0.09154929577464789,-0.6314553990610329,0.07981220657276995,-0.7300469483568075,0.06807511737089202,-0.8145539906103286
5,0.0,0.0,-0.1724137931034483,-0.09885057471264368,-0.26666666666666666,-0.30344827586206896,-0.28045977011494255,-0.47126436781609193,-0.2850574712643678,-0.6,-0.17011494252873563,-0.5241379310344828,-0.17701149425287357,-0.7172413793103448,-0.1793103448275862,-0.8344827586206897,-0.18160919540229886,-0.9356321839080459,-0.07816091954022988,-0.5448275862068965,-0.0896551724137931,-0.7586206896551724,-0.10114942528735632,-0.8919540229885058,-0.10804597701149425,-1.0,0.006896551724137931,-0.5333333333333333,-0.004597701149425287,-0.735632183908046,-0.013793103448275862,-0.8551724137931035,-0.02528735632183908,-0.9540229885057471,0.09655172413793103,-0.48735632183908045,0.0896551724137931,-0.6436781609195402,0.07586206896551724,-0.7379310344827587,0.059770114942528735,-0.8183908045977012
5,0.0,0.0,-0.17688679245283018,-0.10849056603773585,-0.2688679245283019,-0.3160377358490566,-0.2806603773584906,-0.4834905660377358,-0.294811320754717,-0.6108490566037735,-0.19103773584905662,-0.5283018867924528,-0.2028301886792453,-0.7216981132075472,-0.20754716981132076,-0.839622641509434,-0.2099056603773585,-0.9410377358490566,-0.09669811320754718,-0.5542452830188679,-0.11320754716981132,-0.7665094339622641,-0.12971698113207547,-0.8962264150943396,-0.14150943396226415,-1.0,-0.007075471698113208,-0.5448113207547169,-0.02122641509433962,-0.7476415094339622,-0.03537735849056604,-0.8679245283018868,-0.05188679245283019,-0.9669811320754716,0.08962264150943396,-0.5023584905660378,0.08490566037735849,-0.6580188679245284,0.07311320754716981,-0.7547169811320755,0.0589622641509434,-0.8372641509433962
5,0.0,0.0,-0.1794871794871795,-0.10023310023310024,-0.2773892773892774,-0.3006993006993007,-0.2913752913752914,-0.47086247086247085,-0.30536130536130535,-0.6013986013986014,-0.1888111888111888,-0.5221445221445221,-0.20512820512820512,-0.717948717948718,-0.2097902097902098,-0.8344988344988346,-0.21212121212121213,-0.9347319347319347,-0.0979020979020979,-0.5454545454545454,-0.11888111888111888,-0.7599067599067599,-0.1282051282051282,-0.8904428904428905,-0.1351981351981352,-1.0,-0.009324009324009324,-0.5361305361305362,-0.027972027972027972,-0.7365967365967366,-0.037296037296037296,-0.8578088578088578,-0.04895104895104895,-0.9603729603729604,0.08391608391608392,-0.49184149184149184,0.07226107226107226,-0.6480186480186481,0.05827505827505827,-0.7435897435897436,0.04428904428904429,-0.8275058275058275
5,0.0,0.0,-0.18269230769230768,-0.10576923076923077,-0.28125,-0.3004807692307692,-0.3004807692307692,-0.46634615384615385,-0.3245192307692308,-0.5961538461538461,-0.1971153846153846,-0.5216346153846154,-0.21634615384615385,-0.7163461538461539,-0.2283653846153846,-0.8293269230769231,-0.23798076923076922,-0.9278846153846154,-0.10576923076923077,-0.5480769230769231,-0.125,-0.7644230769230769,-0.14182692307692307,-0.8918269230769231,-0.15384615384615385,-1.0,-0.019230769230769232,-0.5408653846153846,-0.03365384615384615,-0.7427884615384616,-0.04807692307692308,-0.8605769230769231,-0.06490384615384616,-0.9591346153846154,0.07211538461538461,-0.5024038461538461,0.06009615384615385,-0.65625,0.04807692307692308,-0.75,0.03365384615384615,-0.8293269230769231
5,0.0,0.0,-0.17339667458432304,-0.09738717339667459,-0.27078384798099764,-0.2921615201900237,-0.28978622327790976,-0.4584323040380047,-0.3182897862232779,-0.5914489311163895,-0.20190023752969122,-0.5154394299287411,-0.22802850356294538,-0.7102137767220903,-0.24228028503562946,-0.828978622327791,-0.2494061757719715,-0.9287410926365796,-0.10688836104513064,-0.5439429928741093,-0.1377672209026128,-0.7577197149643705,-0.15676959619952494,-0.8907363420427553,-0.171021377672209,-1.0,-0.0166270783847981,-0.5368171021377672,-0.04275534441805225,-0.7410926365795725,-0.05938242280285035,-0.8622327790973872,-0.07363420427553444,-0.9643705463182898,0.07838479809976247,-0.49406175771971494,0.06175771971496437,-0.6508313539192399,0.04275534441805225,-0.7458432304038005,0.026128266033254157,-0.828978622327791
5,0.0,0.0,-0.17464114832535885,-0.09808612440191387,-0.2703349282296651,-0.291866028708134,-0.28708133971291866,-0.45933014354066987,-0.30861244019138756,-0.5956937799043063,-0.19617224880382775,-0.5239234449760766,-0.21770334928229665,-0.722488038277512,-0.22248803827751196,-0.8397129186602871,-0.22248803827751196,-0.9401913875598086,-0.1076555023923445,-0.5478468899521531,-0.1339712918660287,-0.7607655502392344,-0.145933014354067,-0.8899521531100478,-0.15311004784688995,-1.0,-0.0215311004784689,-0.5358851674641149,-0.045454545454545456,-0.7368421052631579,-0.05980861244019139,-0.8588516746411483,-0.07177033492822966,-0.9617224880382775,0.07416267942583732,-0.4904306220095694,0.05502392344497608,-0.645933014354067,0.03588516746411483,-0.7416267942583732,0.019138755980861243,-0.8229665071770335
5,0.0,0.0,-0.16625916870415647,-0.10513447432762836,-0.2567237163814181,-0.29095354523227385,-0.2762836185819071,-0.45232273838630804,-0.293398533007335,-0.5843520782396088,-0.19070904645476772,-0.5207823960880196,-0.21026894865525672,-0.7212713936430318,-0.2200488997555012,-0.8386308068459658,-0.22493887530562348,-0.9388753056234719,-0.10513447432762836,-0.5452322738386308,-0.13202933985330073,-0.7603911980440098,-0.1466992665036675,-0.8875305623471883,-0.15647921760391198,-1.0,-0.017114914425427872,-0.5330073349633252,-0.04156479217603912,-0.7334963325183375,-0.05623471882640587,-0.8533007334963325,-0.07090464547677261,-0.9559902200488998,0.08068459657701711,-0.49144254278728605,0.061124694376528114,-0.6454767726161369,0.04156479217603912,-0.7359413202933985,0.022004889975550123,-0.8141809290953546
5,0.0,0.0,-0.1694915254237288,-0.09927360774818401,-0.2639225181598063,-0.29055690072639223,-0.2784503631961259,-0.45278450363196127,-0.30024213075060535,-0.5811138014527845,-0.19128329297820823,-0.5205811138014528,-0.20823244552058112,-0.7215496368038741,-0.21549636803874092,-0.8401937046004843,-0.2179176755447942,-0.9418886198547215,-0.10653753026634383,-0.5423728813559322,-0.13075060532687652,-0.7578692493946732,-0.14527845036319612,-0.8886198547215496,-0.1549636803874092,-1.0,-0.01937046004842615,-0.5278450363196125,-0.04600484261501211,-0.7312348668280871,-0.06053268765133172,-0.8523002421307506,-0.0774818401937046,-0.9564164648910412,0.07263922518159806,-0.48426150121065376,0.053268765133171914,-0.6416464891041163,0.03389830508474576,-0.738498789346247,0.014527845036319613,-0.8184019370460048
5,0.0,0.0,-0.17692307692307693,-0.11282051282051282,-0.2717948717948718,-0.3128205128205128,-0.28717948717948716,-0.48205128205128206,-0.3,-0.6128205128205129,-0.19230769230769232,-0.5333333333333333,-0.2076923076923077,-0.7230769230769231,-0.21025641025641026,-0.8358974358974359,-0.2128205128205128,-0.9333333333333333,-0.1076923076923077,-0.558974358974359,-0.1282051282051282,-0.7692307692307693,-0.13846153846153847,-0.8923076923076924,-0.14871794871794872,-1.0,-0.02564102564102564,-0.5461538461538461,-0.041025641025641026,-0.7461538461538462,-0.05384615384615385,-0.8615384615384616,-0.06666666666666667,-0.9641025641025641,0.06923076923076923,-0.5,0.05384615384615385,-0.6538461538461539,0.035897435897435895,-0.7461538461538462,0.017948717948717947,-0.823076923076923
5,0.0,0.0,-0.1693121693121693,-0.10846560846560846,-0.2619047619047619,-0.30158730158730157,-0.2857142857142857,-0.4656084656084656,-0.30687830687830686,-0.6005291005291006,-0.18253968253968253,-0.5238095238095238,-0.1931216931216931,-0.7195767195767195,-0.19576719576719576,-0.8333333333333334,-0.19576719576719576,-0.9338624338624338,-0.09788359788359788,-0.5476190476190477,-0.11375661375661375,-0.7619047619047619,-0.12169312169312169,-0.8888888888888888,-0.12698412698412698,-1.0,-0.013227513227513227,-0.5343915343915344,-0.026455026455026454,-0.7354497354497355,-0.03439153439153439,-0.8571428571428571,-0.047619047619047616,-0.9603174603174603,0.07936507936507936,-0.4894179894179894,0.06613756613756613,-0.6455026455026455,0.05026455026455026,-0.7380952380952381,0.031746031746031744,-0.8174603174603174
5,0.0,0.0,-0.1827956989247312,-0.0913978494623656,-0.28763440860215056,-0.2849462365591398,-0.30376344086021506,-0.45698924731182794,-0.3172043010752688,-0.5940860215053764,-0.1989247311827957,-0.5241935483870968,-0.20698924731182797,-0.7204301075268817,-0.20698924731182797,-0.8387096774193549,-0.20698924731182797,-0.9381720430107527,-0.10215053763440861,-0.5483870967741935,-0.12096774193548387,-0.760752688172043,-0.13172043010752688,-0.8897849462365591,-0.13978494623655913,-1.0,-0.013440860215053764,-0.5349462365591398,-0.02956989247311828,-0.7338709677419355,-0.043010752688172046,-0.8548387096774194,-0.056451612903225805,-0.956989247311828,0.08064516129032258,-0.48655913978494625,0.06451612903225806,-0.6397849462365591,0.0456989247311828,-0.7338709677419355,0.026881720430107527,-0.8198924731182796
5,0.0,0.0,-0.17039106145251395,-0.10335195530726257,-0.2681564245810056,-0.2988826815642458,-0.2905027932960894,-0.46368715083798884,-0.31564245810055863,-0.5949720670391061,-0.18994413407821228,-0.5223463687150838,-0.19832402234636873,-0.7150837988826816,-0.2011173184357542,-0.8296089385474861,-0.2011173184357542,-0.9273743016759777,-0.1005586592178771,-0.547486033519553,-0.11452513966480447,-0.7625698324022346,-0.12290502793296089,-0.8910614525139665,-0.12849162011173185,-1.0,-0.013966480446927373,-0.5363128491620112,-0.027932960893854747,-0.7402234636871509,-0.03910614525139665,-0.8631284916201117,-0.05027932960893855,-0.9664804469273743,0.0782122905027933,-0.49441340782122906,0.06424581005586592,-0.6508379888268156,0.04748603351955307,-0.7486033519553073,0.0335195530726257,-0.8324022346368715
5,0.0,0.0,-0.18181818181818182,-0.09659090909090909,-0.2840909090909091,-0.2869318181818182,-0.3039772727272727,-0.45454545454545453,-0.3125,-0.5852272727272727,-0.1903409090909091,-0.5227272727272727,-0.20170454545454544,-0.71875,-0.20454545454545456,-0.8380681818181818,-0.20738636363636365,-0.9375,-0.09943181818181818,-0.5454545454545454,-0.11931818181818182,-0.7613636363636364,-0.13068181818181818,-0.8892045454545454,-0.14204545454545456,-1.0,-0.011363636363636364,-0.5340909090909091,-0.03125,-0.7357954545454546,-0.045454545454545456,-0.8551136363636364,-0.05965909090909091,-0.9602272727272727,0.08238636363636363,-0.48863636363636365,0.06534090909090909,-0.6420454545454546,0.045454545454545456,-0.7386363636363636,0.028409090909090908,-0.8210227272727273
5,0.0,0.0,-0.17595307917888564,-0.10263929618768329,-0.2785923753665689,-0.2903225806451613,-0.3020527859237537,-0.45454545454545453,-0.3196480938416422,-0.5835777126099707,-0.1935483870967742,-0.5219941348973607,-0.20821114369501467,-0.7155425219941349,-0.21700879765395895,-0.8269794721407625,-0.21994134897360704,-0.9266862170087976,-0.10557184750733138,-0.5454545454545454,-0.12609970674486803,-0.7624633431085044,-0.1378299120234604,-0.8885630498533724,-0.1466275659824047,-1.0,-0.017595307917888565,-0.533724340175953,-0.03812316715542522,-0.7360703812316716,-0.04985337243401759,-0.8592375366568915,-0.06451612903225806,-0.9618768328445748,0.07917888563049853,-0.4897360703812317,0.06158357771260997,-0.6510263929618768,0.0469208211143695,-0.7478005865102639,0.02932551319648094,-0.8299120234604106
5,0.0,0.0,-0.18475073313782991,-0.08504398826979472,-0.2961876832844575,-0.2756598240469208,-0.3196480938416422,-0.44281524926686217,-0.34017595307917886,-0.5747800586510264,-0.21994134897360704,-0.5190615835777126,-0.2375366568914956,-0.7155425219941349,-0.2375366568914956,-0.8357771260997068,-0.2375366568914956,-0.9354838709677419,-0.12609970674486803,-0.5425219941348973,-0.15249266862170088,-0.7595307917888563,-0.16422287390029325,-0.8885630498533724,-0.17302052785923755,-1.0,-0.03225806451612903,-0.530791788856305,-0.06158357771260997,-0.7360703812316716,-0.07624633431085044,-0.8592375366568915,-0.09090909090909091,-0.967741935483871,0.06744868035190615,-0.4838709677419355,0.03812316715542522,-0.6422287390029325,0.017595307917888565,-0.7419354838709677,-0.005865102639296188,-0.8269794721407625
5,0.0,0.0,-0.18731117824773413,-0.09063444108761329,-0.2990936555891239,-0.27794561933534745,-0.32326283987915405,-0.44410876132930516,-0.34441087613293053,-0.5709969788519638,-0.22356495468277945,-0.5166163141993958,-0.24169184290030213,-0.7099697885196374,-0.24471299093655588,-0.8217522658610272,-0.24471299093655588,-0.9214501510574018,-0.13595166163141995,-0.5438066465256798,-0.16012084592145015,-0.7613293051359517,-0.17220543806646527,-0.8912386706948641,-0.1782477341389728,-1.0,-0.04833836858006042,-0.5377643504531722,-0.07250755287009064,-0.7371601208459214,-0.08761329305135952,-0.8580060422960725,-0.1027190332326284,-0.9637462235649547,0.0513595166163142,-0.4954682779456193,0.027190332326283987,-0.6555891238670695,0.006042296072507553,-0.7492447129909365,-0.012084592145015106,-0.8308157099697885
5,0.0,0.0,-0.19696969696969696,-0.08181818181818182,-0.30606060606060603,-0.27575757575757576,-0.32727272727272727,-0.45151515151515154,-0.3484848484848485,-0.5848484848484848,-0.23030303030303031,-0.5151515151515151,-0.24848484848484848,-0.706060606060606,-0.24848484848484848,-0.8242424242424242,-0.24545454545454545,-0.9242424242424242,-0.13333333333333333,-0.5454545454545454,-0.1606060606060606,-0.7606060606060606,-0.17272727272727273,-0.8878787878787879,-0.18181818181818182,-1.0,-0.04242424242424243,-0.5363636363636364,-0.0696969696969697,-0.7393939393939394,-0.08787878787878788,-0.8606060606060606,-0.10303030303030303,-0.9666666666666667,0.05454545454545454,-0.49393939393939396,0.02727272727272727,-0.6454545454545455,0.006060606060606061,-0.7393939393939394,-0.012121212121212121,-0.8242424242424242
5,0.0,0.0,-0.19631901840490798,-0.08588957055214724,-0.3067484662576687,-0.27607361963190186,-0.32515337423312884,-0.450920245398773,-0.3496932515337423,-0.5828220858895705,-0.22699386503067484,-0.5122699386503068,-0.24233128834355827,-0.7116564417177914,-0.24539877300613497,-0.8343558282208589,-0.24539877300613497,-0.9355828220858896,-0.13190184049079753,-0.5398773006134969,-0.15950920245398773,-0.7576687116564417,-0.17177914110429449,-0.8865030674846626,-0.18098159509202455,-1.0,-0.03987730061349693,-0.5337423312883436,-0.06748466257668712,-0.7361963190184049,-0.08588957055214724,-0.8588957055214724,-0.10122699386503067,-0.9662576687116564,0.06134969325153374,-0.49693251533742333,0.03374233128834356,-0.6533742331288344,0.012269938650306749,-0.7484662576687117,-0.012269938650306749,-0.8343558282208589
5,0.0,0.0,-0.1882716049382716,-0.09876543209876543,-0.29012345679012347,-0.2839506172839506,-0.3055555555555556,-0.4506172839506173,-0.32098765432098764,-0.5740740740740741,-0.20987654320987653,-0.5092592592592593,-0.2222222222222222,-0.6975308641975309,-0.22839506172839505,-0.8148148148148148,-0.22839506172839505,-0.9166666666666666,-0.11728395061728394,-0.5370370370370371,-0.13580246913580246,-0.7530864197530864,-0.15123456790123457,-0.8858024691358025,-0.16358024691358025,-1.0,-0.027777777777777776,-0.5277777777777778,-0.046296296296296294,-0.7314814814814815,-0.06172839506172839,-0.8518518518518519,-0.08024691358024691,-0.9567901234567902,0.06790123456790123,-0.4876543209876543,0.046296296296296294,-0.6419753086419753,0.024691358024691357,-0.7376543209876543,0.0030864197530864196,-0.8179012345679012
5,0.0,0.0,-0.18960244648318042,-0.08256880733944955,-0.2996941896024465,-0.27522935779816515,-0.3149847094801223,-0.44648318042813456,-0.3302752293577982,-0.5779816513761468,-0.21406727828746178,-0.5107033639143731,-0.23547400611620795,-0.709480122324159,-0.23547400611620795,-0.8287461773700305,-0.2324159021406728,-0.9327217125382263,-0.1162079510703364,-0.5382262996941896,-0.1437308868501529,-0.7553516819571865,-0.1559633027522936,-0.8868501529051988,-0.1620795107033639,-1.0,-0.021406727828746176,-0.5290519877675841,-0.04892966360856269,-0.7308868501529052,-0.06422018348623854,-0.8532110091743119,-0.0764525993883792,-0.9571865443425076,0.07951070336391437,-0.48623853211009177,0.0581039755351682,-0.6391437308868502,0.03363914373088685,-0.7339449541284404,0.012232415902140673,-0.8165137614678899
5,0.0,0.0,-0.18461538461538463,-0.09846153846153846,-0.28615384615384615,-0.28923076923076924,-0.3046153846153846,-0.4584615384615385,-0.31384615384615383,-0.5846153846153846,-0.20923076923076922,-0.5138461538461538,-0.2246153846153846,-0.7076923076923077,-0.2276923076923077,-0.8215384615384616,-0.22153846153846155,-0.92,-0.12,-0.5415384615384615,-0.14153846153846153,-0.7569230769230769,-0.15384615384615385,-0.8892307692307693,-0.16307692307692306,-1.0,-0.03076923076923077,-0.5323076923076923,-0.04923076923076923,-0.7384615384615385,-0.06769230769230769,-0.8615384615384616,-0.08307692307692308,-0.9661538461538461,0.06769230769230769,-0.49230769230769234,0.043076923076923075,-0.6492307692307693,0.021538461538461538,-0.7476923076923077,0.003076923076923077,-0.8307692307692308
5,0.0,0.0,-0.1903323262839879,-0.07854984894259819,-0.30513595166163143,-0.2688821752265861,-0.3202416918429003,-0.44108761329305135,-0.338368580060423,-0.5770392749244713,-0.22054380664652568,-0.5105740181268882,-0.23867069486404835,-0.7099697885196374,-0.23867069486404835,-0.8308157099697885,-0.23867069486404835,-0.9335347432024169,-0.12386706948640483,-0.5347432024169184,-0.14803625377643503,-0.7522658610271903,-0.16314199395770393,-0.8851963746223565,-0.17220543806646527,-1.0,-0.030211480362537766,-0.5226586102719033,-0.054380664652567974,-0.7250755287009063,-0.07250755287009064,-0.8489425981873112,-0.08761329305135952,-0.9516616314199395,0.06948640483383686,-0.4773413897280967,0.04833836858006042,-0.6374622356495468,0.027190332326283987,-0.7371601208459214,0.006042296072507553,-0.824773413897281
5,0.0,0.0,-0.182370820668693,-0.0972644376899696,-0.2857142857142857,-0.2826747720364742,-0.3009118541033435,-0.44984802431610943,-0.3221884498480243,-0.5775075987841946,-0.2006079027355623,-0.5106382978723404,-0.2188449848024316,-0.7082066869300911,-0.22188449848024316,-0.8267477203647416,-0.22492401215805471,-0.9270516717325228,-0.10638297872340426,-0.5379939209726444,-0.13069908814589665,-0.756838905775076,-0.1458966565349544,-0.8875379939209727,-0.1580547112462006,-1.0,-0.0182370820668693,-0.5288753799392097,-0.03951367781155015,-0.7355623100303952,-0.057750759878419454,-0.8571428571428571,-0.07598784194528875,-0.9635258358662614,0.0790273556231003,-0.48936170212765956,0.05167173252279635,-0.6474164133738601,0.030395136778115502,-0.7416413373860182,0.00911854103343465,-0.8267477203647416
5,0.0,0.0,-0.1787878787878788,-0.08787878787878788,-0.29393939393939394,-0.27575757575757576,-0.3181818181818182,-0.43636363636363634,-0.3303030303030303,-0.5636363636363636,-0.20606060606060606,-0.5121212121212121,-0.23030303030303031,-0.703030303030303,-0.23939393939393938,-0.8181818181818182,-0.24545454545454545,-0.9151515151515152,-0.11818181818181818,-0.5393939393939394,-0.14545454545454545,-0.7545454545454545,-0.1606060606060606,-0.8878787878787879,-0.17272727272727273,-1.0,-0.030303030303030304,-0.5303030303030303,-0.05454545454545454,-0.7333333333333333,-0.0696969696969697,-0.8575757575757575,-0.08484848484848485,-0.9606060606060606,0.06363636363636363,-0.48787878787878786,0.03939393939393939,-0.6454545454545455,0.021212121212121213,-0.7393939393939394,0.0030303030303030303,-0.8242424242424242
5,0.0,0.0,-0.191044776119403,-0.06865671641791045,-0.3074626865671642,-0.2537313432835821,-0.3283582089552239,-0.42686567164179107,-0.3373134328358209,-0.5552238805970149,-0.2298507462686567,-0.5044776119402985,-0.2507462686567164,-0.7074626865671642,-0.2537313432835821,-0.826865671641791,-0.2507462686567164,-0.9283582089552239,-0.12835820895522387,-0.5313432835820896,-0.16119402985074627,-0.7522388059701492,-0.1791044776119403,-0.8865671641791045,-0.1880597014925373,-1.0,-0.03283582089552239,-0.5223880597014925,-0.05970149253731343,-0.7313432835820896,-0.08059701492537313,-0.8567164179104477,-0.0955223880597015,-0.9582089552238806,0.06865671641791045,-0.48059701492537316,0.04477611940298507,-0.6358208955223881,0.01791044776119403,-0.7343283582089553,-0.005970149253731343,-0.817910447761194
5,0.0,0.0,-0.18397626112759644,-0.09792284866468842,-0.29080118694362017,-0.28486646884273,-0.3115727002967359,-0.45103857566765576,-0.32344213649851633,-0.5786350148367952,-0.21364985163204747,-0.5074183976261127,-0.2314540059347181,-0.7062314540059347,-0.2344213649851632,-0.8249258160237388,-0.2344213649851632,-0.9228486646884273,-0.11869436201780416,-0.5370919881305638,-0.14540059347181009,-0.7566765578635015,-0.1632047477744807,-0.8902077151335311,-0.17507418397626112,-1.0,-0.02967359050445104,-0.5311572700296736,-0.05341246290801187,-0.7388724035608308,-0.0712166172106825,-0.8605341246290801,-0.08902077151335312,-0.9643916913946587,0.06824925816023739,-0.49258160237388726,0.04154302670623145,-0.6498516320474778,0.020771513353115726,-0.7477744807121661,0.002967359050445104,-0.827893175074184
5,0.0,0.0,-0.18950437317784258,-0.07871720116618076,-0.30612244897959184,-0.26822157434402333,-0.32653061224489793,-0.43731778425655976,-0.3469387755102041,-0.5714285714285714,-0.21865889212827988,-0.5102040816326531,-0.24198250728862974,-0.7055393586005831,-0.25072886297376096,-0.8221574344023324,-0.2565597667638484,-0.924198250728863,-0.12536443148688048,-0.5335276967930029,-0.15451895043731778,-0.7521865889212828,-0.17201166180758018,-0.8862973760932945,-0.18950437317784258,-1.0,-0.03498542274052478,-0.5189504373177842,-0.0641399416909621,-0.7288629737609329,-0.08454810495626822,-0.8542274052478134,-0.10204081632653061,-0.9591836734693877,0.061224489795918366,-0.4752186588921283,0.037900874635568516,-0.6355685131195336,0.014577259475218658,-0.7346938775510204,-0.0058309037900874635,-0.8192419825072886
5,0.0,0.0,-0.18694362017804153,-0.09495548961424333,-0.29080118694362017,-0.2878338278931751,-0.3086053412462908,-0.456973293768546,-0.32047477744807124,-0.5875370919881305,-0.2166172106824926,-0.5133531157270029,-0.2314540059347181,-0.712166172106825,-0.2314540059347181,-0.8308605341246291,-0.2314540059347181,-0.9287833827893175,-0.12462908011869436,-0.5370919881305638,-0.14540059347181009,-0.7596439169139466,-0.16023738872403562,-0.8902077151335311,-0.1661721068249258,-1.0,-0.03560830860534125,-0.5281899109792285,-0.05637982195845697,-0.7388724035608308,-0.0712166172106825,-0.8605341246290801,-0.08605341246290801,-0.9643916913946587,0.05934718100890208,-0.4896142433234421,0.03857566765578635,-0.6498516320474778,0.020771513353115726,-0.7477744807121661,0.008902077151335312,-0.8338278931750742
5,0.0,0.0,-0.1742857142857143,-0.07714285714285714,-0.27714285714285714,-0.26571428571428574,-0.29428571428571426,-0.4342857142857143,-0.32,-0.5657142857142857,-0.20285714285714285,-0.5028571428571429,-0.2257142857142857,-0.7,-0.2342857142857143,-0.82,-0.24,-0.92,-0.11142857142857143,-0.5314285714285715,-0.14,-0.7457142857142857,-0.16,-0.8828571428571429,-0.17714285714285713,-1.0,-0.02,-0.52,-0.04857142857142857,-0.7257142857142858,-0.06571428571428571,-0.8514285714285714,-0.08571428571428572,-0.96,0.07714285714285714,-0.47714285714285715,0.054285714285714284,-0.6342857142857142,0.03428571428571429,-0.7314285714285714,0.011428571428571429,-0.8171428571428572
5,0.0,0.0,-0.17613636363636365,-0.09090909090909091,-0.2755681818181818,-0.28125,-0.29545454545454547,-0.44886363636363635,-0.3181818181818182,-0.5795454545454546,-0.20454545454545456,-0.5085227272727273,-0.22727272727272727,-0.7130681818181818,-0.23295454545454544,-0.8352272727272727,-0.23579545454545456,-0.9346590909090909,-0.11363636363636363,-0.5340909090909091,-0.14488636363636365,-0.7528409090909091,-0.16193181818181818,-0.8892045454545454,-0.17613636363636365,-1.0,-0.02556818181818182,-0.5284090909090909,-0.05397727272727273,-0.7357954545454546,-0.07102272727272728,-0.8607954545454546,-0.09090909090909091,-0.9659090909090909,0.07102272727272728,-0.48579545454545453,0.045454545454545456,-0.6448863636363636,0.022727272727272728,-0.7443181818181818,0.0,-0.8295454545454546
5,0.0,0.0,-0.17391304347826086,-0.08405797101449275,-0.2811594202898551,-0.2753623188405797,-0.30434782608695654,-0.4405797101449275,-0.3391304347826087,-0.5710144927536231,-0.2144927536231884,-0.5217391304347826,-0.24057971014492754,-0.7188405797101449,-0.25507246376811593,-0.8376811594202899,-0.26956521739130435,-0.9391304347826087,-0.12753623188405797,-0.5478260869565217,-0.15942028985507245,-0.7594202898550725,-0.17681159420289855,-0.8898550724637682,-0.19420289855072465,-1.0,-0.043478260869565216,-0.5391304347826087,-0.06956521739130435,-0.7420289855072464,-0.08695652173913043,-0.8608695652173913,-0.1072463768115942,-0.9652173913043478,0.0463768115942029,-0.5043478260869565,0.028985507246376812,-0.6608695652173913,0.014492753623188406,-0.7565217391304347,-0.002898550724637681,-0.8376811594202899
5,0.0,0.0,-0.17630057803468208,-0.09826589595375723,-0.28034682080924855,-0.28034682080924855,-0.3063583815028902,-0.4393063583815029,-0.33236994219653176,-0.5664739884393064,-0.2138728323699422,-0.5057803468208093,-0.24855491329479767,-0.708092485549133,-0.2630057803468208,-0.8294797687861272,-0.2774566473988439,-0.9335260115606936,-0.12138728323699421,-0.5346820809248555,-0.16184971098265896,-0.7514450867052023,-0.18786127167630057,-0.8872832369942196,-0.21098265895953758,-1.0,-0.031791907514450865,-0.5317919075144508,-0.06936416184971098,-0.7369942196531792,-0.0953757225433526,-0.861271676300578,-0.12427745664739884,-0.9653179190751445,0.06358381502890173,-0.49710982658959535,0.03468208092485549,-0.6560693641618497,0.008670520231213872,-0.7543352601156069,-0.017341040462427744,-0.8352601156069365
5,0.0,0.0,-0.17302052785923755,-0.09090909090909091,-0.2756598240469208,-0.2756598240469208,-0.2991202346041056,-0.4340175953079179,-0.3313782991202346,-0.5571847507331378,-0.21700879765395895,-0.5043988269794721,-0.24926686217008798,-0.7008797653958945,-0.2668621700879765,-0.8211143695014663,-0.2785923753665689,-0.9208211143695014,-0.12609970674486803,-0.5366568914956011,-0.16422287390029325,-0.7536656891495601,-0.1906158357771261,-0.8885630498533724,-0.21114369501466276,-1.0,-0.03812316715542522,-0.533724340175953,-0.07038123167155426,-0.7419354838709677,-0.0967741935483871,-0.8621700879765396,-0.12316715542521994,-0.9618768328445748,0.05571847507331378,-0.5043988269794721,0.02932551319648094,-0.6627565982404692,0.008797653958944282,-0.7565982404692082,-0.01466275659824047,-0.8387096774193549
5,0.0,0.0,-0.1976401179941003,-0.05604719764011799,-0.3333333333333333,-0.22713864306784662,-0.3687315634218289,-0.3952802359882006,-0.3952802359882006,-0.528023598820059,-0.2743362831858407,-0.4896755162241888,-0.3215339233038348,-0.696165191740413,-0.3480825958702065,-0.8200589970501475,-0.3687315634218289,-0.9262536873156342,-0.18584070796460178,-0.5250737463126843,-0.2448377581120944,-0.7463126843657817,-0.28023598820059,-0.8849557522123894,-0.30973451327433627,-1.0,-0.0943952802359882,-0.5250737463126843,-0.1504424778761062,-0.7315634218289085,-0.1887905604719764,-0.8584070796460177,-0.22123893805309736,-0.9616519174041298,0.0058997050147492625,-0.49557522123893805,-0.038348082595870206,-0.6519174041297935,-0.07374631268436578,-0.7492625368731564,-0.10324483775811209,-0.831858407079646
5,0.0,0.0,-0.19174041297935104,-0.07669616519174041,-0.30973451327433627,-0.2536873156342183,-0.3480825958702065,-0.41887905604719766,-0.3805309734513274,-0.551622418879056,-0.26843657817109146,-0.49852507374631266,-0.30973451327433627,-0.696165191740413,-0.3333333333333333,-0.8141592920353983,-0.35398230088495575,-0.9174041297935103,-0.17699115044247787,-0.5368731563421829,-0.23303834808259588,-0.7551622418879056,-0.26843657817109146,-0.887905604719764,-0.2949852507374631,-1.0,-0.0855457227138643,-0.5398230088495575,-0.13569321533923304,-0.7433628318584071,-0.1710914454277286,-0.8643067846607669,-0.20353982300884957,-0.967551622418879,0.017699115044247787,-0.5103244837758112,-0.02654867256637168,-0.6666666666666666,-0.058997050147492625,-0.7581120943952803,-0.09144542772861357,-0.8348082595870207
5,0.0,0.0,-0.20058997050147492,-0.061946902654867256,-0.3333333333333333,-0.23008849557522124,-0.37168141592920356,-0.39823008849557523,-0.41002949852507375,-0.5309734513274337,-0.2920353982300885,-0.49852507374631266,-0.3421828908554572,-0.696165191740413,-0.3687315634218289,-0.8171091445427728,-0.39233038348082594,-0.9203539823008849,-0.1976401179941003,-0.5398230088495575,-0.25958702064896755,-0.7551622418879056,-0.2949852507374631,-0.887905604719764,-0.3274336283185841,-1.0,-0.10324483775811209,-0.5427728613569321,-0.1592920353982301,-0.7463126843657817,-0.1976401179941003,-0.8643067846607669,-0.23303834808259588,-0.9646017699115044,0.0,-0.5132743362831859,-0.0471976401179941,-0.6696165191740413,-0.08259587020648967,-0.7640117994100295,-0.11504424778761062,-0.8407079646017699
5,0.0,0.0,-0.18823529411764706,-0.07941176470588235,-0.3058823529411765,-0.2676470588235294,-0.3411764705882353,-0.43529411764705883,-0.38823529411764707,-0.5617647058823529,-0.2529411764705882,-0.5176470588235295,-0.29705882352941176,-0.7088235294117647,-0.3264705882352941,-0.8235294117647058,-0.35,-0.9235294117647059,-0.16176470588235295,-0.55,-0.21470588235294116,-0.7647058823529411,-0.2529411764705882,-0.8911764705882353,-0.2852941176470588,-1.0,-0.07058823529411765,-0.5470588235294118,-0.12058823529411765,-0.75,-0.1588235294117647,-0.8735294117647059,-0.19705882352941176,-0.9794117647058823,0.029411764705882353,-0.5117647058823529,-0.011764705882352941,-0.6735294117647059,-0.03823529411764706,-0.7705882352941177,-0.06764705882352941,-0.85
5,0.0,0.0,-0.18285714285714286,-0.10285714285714286,-0.28285714285714286,-0.2914285714285714,-0.3028571428571429,-0.46285714285714286,-0.3314285714285714,-0.5942857142857143,-0.20857142857142857,-0.5228571428571429,-0.23142857142857143,-0.7228571428571429,-0.24,-0.8342857142857143,-0.24285714285714285,-0.9342857142857143,-0.12,-0.5514285714285714,-0.15142857142857144,-0.7628571428571429,-0.16857142857142857,-0.8914285714285715,-0.18,-1.0,-0.02857142857142857,-0.5457142857142857,-0.06,-0.7485714285714286,-0.08,-0.8657142857142858,-0.1,-0.9714285714285714,0.07142857142857142,-0.5057142857142857,0.04285714285714286,-0.6628571428571428,0.022857142857142857,-0.7571428571428571,0.002857142857142857,-0.8428571428571429
5,0.0,0.0,-0.18051575931232092,-0.10028653295128939,-0.27507163323782235,-0.2979942693409742,-0.2922636103151863,-0.4699140401146132,-0.3123209169054441,-0.6045845272206304,-0.19484240687679083,-0.5243553008595988,-0.20916905444126074,-0.7191977077363897,-0.2177650429799427,-0.833810888252149,-0.2177650429799427,-0.9340974212034384,-0.10601719197707736,-0.5472779369627507,-0.12607449856733524,-0.7621776504297995,-0.14040114613180515,-0.8882521489971347,-0.14613180515759314,-1.0,-0.02005730659025788,-0.5358166189111748,-0.03724928366762178,-0.7392550143266475,-0.05157593123209169,-0.8567335243553008,-0.06303724928366762,-0.9570200573065902,0.07449856733524356,-0.49283667621776506,0.06017191977077364,-0.6532951289398281,0.045845272206303724,-0.7478510028653295,0.034383954154727794,-0.830945558739255
5,0.0,0.0,-0.17191977077363896,-0.10315186246418338,-0.2636103151862464,-0.2979942693409742,-0.27793696275071633,-0.4670487106017192,-0.3008595988538682,-0.5988538681948424,-0.16905444126074498,-0.5272206303724928,-0.18051575931232092,-0.7220630372492837,-0.18051575931232092,-0.833810888252149,-0.17765042979942694,-0.9340974212034384,-0.08022922636103152,-0.5501432664756447,-0.09742120343839542,-0.7621776504297995,-0.10315186246418338,-0.8911174785100286,-0.10601719197707736,-1.0,0.0057306590257879654,-0.5358166189111748,-0.008595988538681949,-0.7363896848137536,-0.017191977077363897,-0.8567335243553008,-0.02865329512893983,-0.9627507163323782,0.10028653295128939,-0.4899713467048711,0.08595988538681948,-0.6446991404011462,0.07449856733524356,-0.7421203438395415,0.0659025787965616,-0.8252148997134671
5,0.0,0.0,-0.1744186046511628,-0.11627906976744186,-0.25290697674418605,-0.3226744186046512,-0.24709302325581395,-0.4883720930232558,-0.2558139534883721,-0.6075581395348837,-0.14244186046511628,-0.5290697674418605,-0.13953488372093023,-0.7238372093023255,-0.1308139534883721,-0.8343023255813954,-0.11627906976744186,-0.9331395348837209,-0.05232558139534884,-0.5465116279069767,-0.055232558139534885,-0.7645348837209303,-0.055232558139534885,-0.8924418604651163,-0.05232558139534884,-1.0,0.03488372093023256,-0.5319767441860465,0.03197674418604651,-0.7383720930232558,0.029069767441860465,-0.8575581395348837,0.02616279069767442,-0.9593023255813954,0.125,-0.48255813953488375,0.12209302325581395,-0.6453488372093024,0.11627906976744186,-0.7412790697674418,0.10755813953488372,-0.8255813953488372
5,0.0,0.0,-0.18,-0.1,-0.26,-0.30857142857142855,-0.2571428571428571,-0.47714285714285715,-0.26,-0.6057142857142858,-0.15428571428571428,-0.5285714285714286,-0.14857142857142858,-0.7228571428571429,-0.13714285714285715,-0.8428571428571429,-0.12571428571428572,-0.94,-0.06,-0.5457142857142857,-0.06,-0.76,-0.05714285714285714,-0.8885714285714286,-0.054285714285714284,-1.0,0.02857142857142857,-0.5285714285714286,0.025714285714285714,-0.7314285714285714,0.025714285714285714,-0.8542857142857143,0.022857142857142857,-0.9571428571428572,0.12,-0.47714285714285715,0.12,-0.6342857142857142,0.11142857142857143,-0.7342857142857143,0.10285714285714286,-0.82
5,0.0,0.0,-0.17302052785923755,-0.11730205278592376,-0.25219941348973607,-0.31671554252199413,-0.24633431085043989,-0.4780058651026393,-0.2404692082111437,-0.5982404692082112,-0.14076246334310852,-0.5395894428152492,-0.12903225806451613,-0.7331378299120235,-0.12023460410557185,-0.8475073313782991,-0.10850439882697947,-0.9442815249266863,-0.0469208211143695,-0.5483870967741935,-0.04105571847507331,-0.7624633431085044,-0.03519061583577713,-0.8914956011730205,-0.026392961876832845,-1.0,0.04105571847507331,-0.5249266862170088,0.04985337243401759,-0.7302052785923754,0.05278592375366569,-0.8475073313782991,0.05278592375366569,-0.9501466275659824,0.13196480938416422,-0.47214076246334313,0.14076246334310852,-0.6304985337243402,0.14076246334310852,-0.7272727272727273,0.1378299120234604,-0.8093841642228738
5,0.0,0.0,-0.18285714285714286,-0.11142857142857143,-0.26285714285714284,-0.3142857142857143,-0.25142857142857145,-0.4857142857142857,-0.2542857142857143,-0.6171428571428571,-0.14,-0.5257142857142857,-0.13142857142857142,-0.72,-0.11714285714285715,-0.8342857142857143,-0.1,-0.9342857142857143,-0.04285714285714286,-0.54,-0.04,-0.7571428571428571,-0.03142857142857143,-0.8885714285714286,-0.017142857142857144,-1.0,0.04285714285714286,-0.5171428571428571,0.045714285714285714,-0.7228571428571429,0.04857142857142857,-0.8457142857142858,0.05142857142857143,-0.9514285714285714,0.13142857142857142,-0.46,0.13142857142857142,-0.6171428571428571,0.12571428571428572,-0.7171428571428572,0.11714285714285715,-0.8028571428571428
5,0.0,0.0,-0.17971014492753623,-0.12173913043478261,-0.2608695652173913,-0.3217391304347826,-0.25217391304347825,-0.48695652173913045,-0.24057971014492754,-0.6115942028985507,-0.12753623188405797,-0.5362318840579711,-0.11884057971014493,-0.7275362318840579,-0.11014492753623188,-0.8434782608695652,-0.10144927536231885,-0.9420289855072463,-0.03768115942028986,-0.5478260869565217,-0.02608695652173913,-0.7623188405797101,-0.020289855072463767,-0.8898550724637682,-0.008695652173913044,-1.0,0.0463768115942029,-0.5246376811594203,0.05507246376811594,-0.7217391304347827,0.06086956521739131,-0.8434782608695652,0.06376811594202898,-0.9478260869565217,0.13333333333333333,-0.4666666666666667,0.1391304347826087,-0.6231884057971014,0.13623188405797101,-0.7159420289855073,0.13333333333333333,-0.7971014492753623
5,0.0,0.0,-0.18313953488372092,-0.125,-0.2558139534883721,-0.3226744186046512,-0.2441860465116279,-0.49127906976744184,-0.23546511627906977,-0.622093023255814,-0.11627906976744186,-0.5377906976744186,-0.10174418604651163,-0.7325581395348837,-0.0872093023255814,-0.8488372093023255,-0.06686046511627906,-0.9476744186046512,-0.02616279069767442,-0.5465116279069767,-0.011627906976744186,-0.7616279069767442,0.0029069767441860465,-0.8924418604651163,0.020348837209302327,-1.0,0.05813953488372093,-0.5232558139534884,0.06976744186046512,-0.7209302325581395,0.07848837209302326,-0.8430232558139535,0.0872093023255814,-0.9447674418604651,0.14825581395348839,-0.46511627906976744,0.1569767441860465,-0.622093023255814,0.15406976744186046,-0.7180232558139535,0.1511627906976744,-0.7994186046511628
5,0.0,0.0,-0.17507418397626112,-0.13056379821958458,-0.24925816023738873,-0.3323442136498516,-0.2344213649851632,-0.5014836795252225,-0.2344213649851632,-0.629080118694362,-0.10979228486646884,-0.5400593471810089,-0.09495548961424333,-0.7388724035608308,-0.07418397626112759,-0.8545994065281899,-0.04747774480712166,-0.9465875370919882,-0.01483679525222552,-0.5489614243323442,0.005934718100890208,-0.7685459940652819,0.020771513353115726,-0.8961424332344213,0.04154302670623145,-1.0,0.07418397626112759,-0.5222551928783383,0.08902077151335312,-0.7240356083086054,0.09792284866468842,-0.8427299703264095,0.10979228486646884,-0.9436201780415431,0.1632047477744807,-0.4658753709198813,0.17210682492581603,-0.6231454005934718,0.17210682492581603,-0.7151335311572701,0.17210682492581603,-0.7952522255192879
5,0.0,0.0,-0.17888563049853373,-0.12023460410557185,-0.25806451612903225,-0.3255131964809384,-0.2434017595307918,-0.49853372434017595,-0.23460410557184752,-0.6275659824046921,-0.12316715542521994,-0.5425219941348973,-0.09970674486803519,-0.7360703812316716,-0.07624633431085044,-0.8504398826979472,-0.05278592375366569,-0.9442815249266863,-0.02346041055718475,-0.5513196480938416,0.0,-0.7653958944281525,0.020527859237536656,-0.8944281524926686,0.04105571847507331,-1.0,0.06744868035190615,-0.5249266862170088,0.08504398826979472,-0.7214076246334311,0.0967741935483871,-0.8387096774193549,0.10557184750733138,-0.9354838709677419,0.15542521994134897,-0.4633431085043988,0.16715542521994134,-0.6158357771260997,0.16422287390029325,-0.7067448680351907,0.16129032258064516,-0.7859237536656891
5,0.0,0.0,-0.17507418397626112,-0.13353115727002968,-0.24629080118694363,-0.34124629080118696,-0.2314540059347181,-0.5074183976261127,-0.2314540059347181,-0.6350148367952523,-0.10979228486646884,-0.5459940652818991,-0.09495548961424333,-0.7388724035608308,-0.0771513353115727,-0.8486646884272997,-0.05341246290801187,-0.9406528189910979,-0.011869436201780416,-0.5548961424332344,0.005934718100890208,-0.7685459940652819,0.020771513353115726,-0.8931750741839762,0.03857566765578635,-1.0,0.07418397626112759,-0.5281899109792285,0.09198813056379822,-0.7270029673590505,0.10089020771513353,-0.8427299703264095,0.10979228486646884,-0.9406528189910979,0.16023738872403562,-0.4658753709198813,0.16913946587537093,-0.6201780415430267,0.1661721068249258,-0.712166172106825,0.16023738872403562,-0.7922848664688428
5,0.0,0.0,-0.18658892128279883,-0.10204081632653061,-0.27988338192419826,-0.30903790087463556,-0.27113702623906705,-0.48104956268221577,-0.2653061224489796,-0.6122448979591837,-0.14868804664723032,-0.5335276967930029,-0.1457725947521866,-0.7317784256559767,-0.13119533527696792,-0.8425655976676385,-0.11661807580174927,-0.9387755102040817,-0.04956268221574344,-0.5481049562682215,-0.043731778425655975,-0.7638483965014577,-0.03498542274052478,-0.8950437317784257,-0.026239067055393587,-1.0,0.037900874635568516,-0.5247813411078717,0.04664723032069971,-0.7259475218658892,0.052478134110787174,-0.8454810495626822,0.05539358600583091,-0.9475218658892128,0.12536443148688048,-0.46938775510204084,0.13119533527696792,-0.6209912536443148,0.12536443148688048,-0.717201166180758,0.11661807580174927,-0.8017492711370262
5,0.0,0.0,-0.18475073313782991,-0.11143695014662756,-0.2785923753665689,-0.31085043988269795,-0.2785923753665689,-0.4750733137829912,-0.2844574780058651,-0.6011730205278593,-0.17008797653958943,-0.5278592375366569,-0.17302052785923755,-0.7272727272727273,-0.16422287390029325,-0.844574780058651,-0.15249266862170088,-0.9442815249266863,-0.07038123167155426,-0.5425219941348973,-0.07624633431085044,-0.7624633431085044,-0.07624633431085044,-0.8944281524926686,-0.07331378299120235,-1.0,0.020527859237536656,-0.5278592375366569,0.017595307917888565,-0.7360703812316716,0.01466275659824047,-0.8563049853372434,0.008797653958944282,-0.9589442815249267,0.11436950146627566,-0.4780058651026393,0.11143695014662756,-0.6334310850439883,0.09970674486803519,-0.7302052785923754,0.08797653958944282,-0.8123167155425219
5,0.0,0.0,-0.19596541786743515,-0.0893371757925072,-0.30547550432276654,-0.28530259365994237,-0.31412103746397696,-0.4553314121037464,-0.3170028818443804,-0.590778097982709,-0.1930835734870317,-0.5187319884726225,-0.2017291066282421,-0.7146974063400576,-0.1988472622478386,-0.8357348703170029,-0.19596541786743515,-0.9365994236311239,-0.09510086455331412,-0.5417867435158501,-0.10662824207492795,-0.7550432276657061,-0.11239193083573487,-0.8904899135446686,-0.11239193083573487,-1.0,-0.005763688760806916,-0.5273775216138329,-0.01729106628242075,-0.729106628242075,-0.025936599423631124,-0.8501440922190202,-0.03170028818443804,-0.9538904899135446,0.0893371757925072,-0.4783861671469741,0.07780979827089338,-0.6311239193083573,0.06340057636887608,-0.7262247838616714,0.04610951008645533,-0.8097982708933718
5,0.0,0.0,-0.19767441860465115,-0.09593023255813954,-0.30523255813953487,-0.29069767441860467,-0.3168604651162791,-0.4622093023255814,-0.3313953488372093,-0.5901162790697675,-0.20930232558139536,-0.5145348837209303,-0.2238372093023256,-0.7122093023255814,-0.22674418604651161,-0.8313953488372093,-0.2238372093023256,-0.9302325581395349,-0.11627906976744186,-0.5406976744186046,-0.13372093023255813,-0.7587209302325582,-0.14534883720930233,-0.8924418604651163,-0.1511627906976744,-1.0,-0.02616279069767442,-0.5290697674418605,-0.040697674418604654,-0.7354651162790697,-0.055232558139534885,-0.8546511627906976,-0.06686046511627906,-0.9563953488372093,0.06686046511627906,-0.48546511627906974,0.05232558139534884,-0.6453488372093024,0.03488372093023256,-0.7412790697674418,0.020348837209302327,-0.8255813953488372
5,0.0,0.0,-0.19130434782608696,-0.07246376811594203,-0.3072463768115942,-0.2608695652173913,-0.3333333333333333,-0.4289855072463768,-0.3507246376811594,-0.5594202898550724,-0.2318840579710145,-0.5043478260869565,-0.25507246376811593,-0.7043478260869566,-0.2579710144927536,-0.8202898550724638,-0.2608695652173913,-0.9217391304347826,-0.1391304347826087,-0.5362318840579711,-0.1681159420289855,-0.7565217391304347,-0.1826086956521739,-0.8898550724637682,-0.19130434782608696,-1.0,-0.0463768115942029,-0.5304347826086957,-0.07536231884057971,-0.736231884057971,-0.09565217391304348,-0.8608695652173913,-0.11304347826086956,-0.9652173913043478,0.05507246376811594,-0.48985507246376814,0.03188405797101449,-0.6492753623188405,0.008695652173913044,-0.7478260869565218,-0.011594202898550725,-0.8318840579710145
5,0.0,0.0,-0.18803418803418803,-0.07692307692307693,-0.301994301994302,-0.26495726495726496,-0.3247863247863248,-0.4301994301994302,-0.3475783475783476,-0.5555555555555556,-0.2336182336182336,-0.5042735042735043,-0.2621082621082621,-0.698005698005698,-0.2706552706552707,-0.8176638176638177,-0.27350427350427353,-0.9202279202279202,-0.1396011396011396,-0.5356125356125356,-0.1794871794871795,-0.7492877492877493,-0.19658119658119658,-0.886039886039886,-0.20797720797720798,-1.0,-0.04843304843304843,-0.5299145299145299,-0.08262108262108261,-0.7350427350427351,-0.10256410256410256,-0.8603988603988604,-0.11965811965811966,-0.9658119658119658,0.05128205128205128,-0.4928774928774929,0.019943019943019943,-0.6495726495726496,-0.005698005698005698,-0.7464387464387464,-0.02849002849002849,-0.8290598290598291
5,0.0,0.0,-0.18413597733711048,-0.0764872521246459,-0.3002832861189802,-0.2577903682719547,-0.3286118980169972,-0.42209631728045327,-0.34560906515580736,-0.5439093484419264,-0.23512747875354106,-0.5014164305949008,-0.2719546742209632,-0.6968838526912181,-0.2804532577903683,-0.8158640226628895,-0.2804532577903683,-0.9178470254957507,-0.141643059490085,-0.5325779036827195,-0.18413597733711048,-0.7507082152974505,-0.20396600566572237,-0.886685552407932,-0.21529745042492918,-1.0,-0.05099150141643059,-0.5297450424929179,-0.08498583569405099,-0.7365439093484419,-0.11048158640226628,-0.8583569405099151,-0.1274787535410765,-0.9631728045325779,0.04815864022662889,-0.49575070821529743,0.019830028328611898,-0.6515580736543909,-0.0084985835694051,-0.7478753541076487,-0.031161473087818695,-0.830028328611898
5,0.0,0.0,-0.19197707736389685,-0.08022922636103152,-0.3237822349570201,-0.25787965616045844,-0.3553008595988539,-0.42120343839541546,-0.3753581661891118,-0.5472779369627507,-0.25787965616045844,-0.5071633237822349,-0.28939828080229224,-0.7077363896848138,-0.3008595988538682,-0.8252148997134671,-0.30659025787965616,-0.9255014326647565,-0.16332378223495703,-0.5386819484240688,-0.20630372492836677,-0.7564469914040115,-0.22922636103151864,-0.8911174785100286,-0.24355300859598855,-1.0,-0.06876790830945559,-0.5329512893982808,-0.10315186246418338,-0.7421203438395415,-0.12893982808022922,-0.8624641833810889,-0.1489971346704871,-0.9627507163323782,0.03724928366762178,-0.49570200573065903,0.0057306590257879654,-0.6504297994269341,-0.022922636103151862,-0.7449856733524355,-0.05157593123209169,-0.8252148997134671
5,0.0,0.0,-0.1871345029239766,-0.07017543859649122,-0.32748538011695905,-0.25146198830409355,-0.37719298245614036,-0.41812865497076024,-0.4064327485380117,-0.543859649122807,-0.27485380116959063,-0.5116959064327485,-0.31871345029239767,-0.7105263157894737,-0.3304093567251462,-0.8333333333333334,-0.3362573099415205,-0.9385964912280702,-0.1871345029239766,-0.5380116959064327,-0.23684210526315788,-0.7543859649122807,-0.2573099415204678,-0.8888888888888888,-0.26900584795321636,-1.0,-0.09649122807017543,-0.5350877192982456,-0.14327485380116958,-0.7397660818713451,-0.16666666666666666,-0.8625730994152047,-0.19005847953216373,-0.9649122807017544,0.0029239766081871343,-0.5029239766081871,-0.03216374269005848,-0.6637426900584795,-0.05847953216374269,-0.7602339181286549,-0.0847953216374269,-0.8450292397660819
5,0.0,0.0,-0.187683284457478,-0.07038123167155426,-0.3196480938416422,-0.24633431085043989,-0.36656891495601174,-0.41348973607038125,-0.3870967741935484,-0.5454545454545454,-0.2697947214076246,-0.5102639296187683,-0.30498533724340177,-0.7126099706744868,-0.31378299120234604,-0.8387096774193549,-0.31671554252199413,-0.9472140762463344,-0.17888563049853373,-0.5366568914956011,-0.22580645161290322,-0.7536656891495601,-0.24926686217008798,-0.8885630498533724,-0.25806451612903225,-1.0,-0.08797653958944282,-0.5366568914956011,-0.12903225806451613,-0.7360703812316716,-0.15835777126099707,-0.8621700879765396,-0.18181818181818182,-0.9648093841642229,0.01466275659824047,-0.5043988269794721,-0.020527859237536656,-0.6598240469208211,-0.05278592375366569,-0.7565982404692082,-0.07917888563049853,-0.841642228739003
5,0.0,0.0,-0.19941348973607037,-0.07038123167155426,-0.33724340175953077,-0.2375366568914956,-0.3841642228739003,-0.40175953079178883,-0.41348973607038125,-0.533724340175953,-0.28152492668621704,-0.4868035190615836,-0.3284457478005865,-0.6862170087976539,-0.3489736070381232,-0.8064516129032258,-0.36656891495601174,-0.9120234604105572,-0.1935483870967742,-0.5249266862170088,-0.25219941348973607,-0.750733137829912,-0.2903225806451613,-0.8885630498533724,-0.3225806451612903,-1.0,-0.10263929618768329,-0.5278592375366569,-0.15835777126099707,-0.7419354838709677,-0.1935483870967742,-0.8651026392961877,-0.2287390029325513,-0.9648093841642229,0.0,-0.501466275659824,-0.04105571847507331,-0.6627565982404692,-0.07624633431085044,-0.7595307917888563,-0.10557184750733138,-0.8387096774193549
5,0.0,0.0,-0.2046783625730994,-0.05847953216374269,-0.3508771929824561,-0.23684210526315788,-0.40058479532163743,-0.4093567251461988,-0.43567251461988304,-0.5497076023391813,-0.2894736842105263,-0.49415204678362573,-0.3362573099415205,-0.695906432748538,-0.3567251461988304,-0.8187134502923976,-0.3713450292397661,-0.9239766081871345,-0.19883040935672514,-0.5292397660818714,-0.2543859649122807,-0.7514619883040936,-0.28654970760233917,-0.8859649122807017,-0.3128654970760234,-1.0,-0.10526315789473684,-0.5321637426900585,-0.1608187134502924,-0.7426900584795322,-0.195906432748538,-0.8654970760233918,-0.22514619883040934,-0.9678362573099415,-0.0029239766081871343,-0.5058479532163743,-0.043859649122807015,-0.6637426900584795,-0.08187134502923976,-0.7602339181286549,-0.11403508771929824,-0.8421052631578947
5,0.0,0.0,-0.195906432748538,-0.07017543859649122,-0.32748538011695905,-0.24561403508771928,-0.3713450292397661,-0.41228070175438597,-0.4093567251461988,-0.543859649122807,-0.2807017543859649,-0.4853801169590643,-0.32456140350877194,-0.6842105263157895,-0.34210526315789475,-0.8011695906432749,-0.3538011695906433,-0.9035087719298246,-0.19298245614035087,-0.5233918128654971,-0.24561403508771928,-0.7485380116959064,-0.2777777777777778,-0.8859649122807017,-0.2982456140350877,-1.0,-0.09941520467836257,-0.5292397660818714,-0.14912280701754385,-0.7397660818713451,-0.18128654970760233,-0.8654970760233918,-0.20760233918128654,-0.9707602339181286,0.005847953216374269,-0.5029239766081871,-0.03508771929824561,-0.6637426900584795,-0.07017543859649122,-0.7631578947368421,-0.09941520467836257,-0.8450292397660819
5,0.0,0.0,-0.1924198250728863,-0.061224489795918366,-0.33527696793002915,-0.23615160349854228,-0.3848396501457726,-0.40233236151603496,-0.42565597667638483,-0.5393586005830904,-0.282798833819242,-0.5014577259475219,-0.3323615160349854,-0.7055393586005831,-0.36151603498542273,-0.8250728862973761,-0.3877551020408163,-0.9300291545189504,-0.19533527696793002,-0.5335276967930029,-0.25072886297376096,-0.7551020408163265,-0.2857142857142857,-0.8892128279883382,-0.31486880466472306,-1.0,-0.10495626822157435,-0.5335276967930029,-0.15451895043731778,-0.7405247813411079,-0.18658892128279883,-0.8688046647230321,-0.21574344023323616,-0.9708454810495627,-0.0029154518950437317,-0.5014577259475219,-0.043731778425655975,-0.6618075801749271,-0.06997084548104957,-0.760932944606414,-0.09912536443148688,-0.8396501457725948
5,0.0,0.0,-0.19411764705882353,-0.07058823529411765,-0.3264705882352941,-0.24705882352941178,-0.3764705882352941,-0.42058823529411765,-0.4117647058823529,-0.5588235294117647,-0.2823529411764706,-0.48823529411764705,-0.32941176470588235,-0.6823529411764706,-0.35,-0.7970588235294118,-0.36176470588235293,-0.8970588235294118,-0.19411764705882353,-0.5264705882352941,-0.25,-0.7529411764705882,-0.27941176470588236,-0.8852941176470588,-0.29705882352941176,-1.0,-0.10294117647058823,-0.5323529411764706,-0.15294117647058825,-0.7441176470588236,-0.18529411764705883,-0.8676470588235294,-0.2088235294117647,-0.9735294117647059,0.0,-0.5058823529411764,-0.047058823529411764,-0.6676470588235294,-0.07941176470588235,-0.7647058823529411,-0.10882352941176471,-0.8470588235294118
5,0.0,0.0,-0.19533527696793002,-0.0641399416909621,-0.3323615160349854,-0.24198250728862974,-0.3760932944606414,-0.40524781341107874,-0.4139941690962099,-0.5364431486880467,-0.2653061224489796,-0.49271137026239065,-0.3177842565597668,-0.6909620991253644,-0.34402332361516036,-0.8104956268221575,-0.3673469387755102,-0.9125364431486881,-0.17784256559766765,-0.5306122448979592,-0.23323615160349853,-0.7521865889212828,-0.27113702623906705,-0.8862973760932945,-0.30029154518950435,-1.0,-0.08746355685131195,-0.5335276967930029,-0.14285714285714285,-0.7434402332361516,-0.17784256559766765,-0.8688046647230321,-0.21282798833819241,-0.9766763848396501,0.011661807580174927,-0.5043731778425656,-0.026239067055393587,-0.6618075801749271,-0.05539358600583091,-0.7638483965014577,-0.08746355685131195,-0.8483965014577259
5,0.0,0.0,-0.18475073313782991,-0.07917888563049853,-0.31671554252199413,-0.25219941348973607,-0.36070381231671556,-0.41642228739002934,-0.40175953079178883,-0.5454545454545454,-0.2668621700879765,-0.501466275659824,-0.3225806451612903,-0.7008797653958945,-0.3519061583577713,-0.8211143695014663,-0.3724340175953079,-0.9208211143695014,-0.18181818181818182,-0.5395894428152492,-0.2404692082111437,-0.7595307917888563,-0.2727272727272727,-0.8914956011730205,-0.2991202346041056,-1.0,-0.09090909090909091,-0.5425219941348973,-0.1436950146627566,-0.750733137829912,-0.17302052785923755,-0.873900293255132,-0.20234604105571846,-0.9794721407624634,0.008797653958944282,-0.5131964809384164,-0.03225806451612903,-0.6744868035190615,-0.06451612903225806,-0.7683284457478006,-0.0967741935483871,-0.8475073313782991
5,0.0,0.0,-0.19637462235649547,-0.06948640483383686,-0.34441087613293053,-0.23867069486404835,-0.4078549848942598,-0.3957703927492447,-0.4652567975830816,-0.5196374622356495,-0.32326283987915405,-0.4984894259818731,-0.38972809667673713,-0.6978851963746223,-0.4259818731117825,-0.8187311178247734,-0.4561933534743202,-0.918429003021148,-0.23867069486404835,-0.540785498489426,-0.31419939577039274,-0.7583081570996979,-0.3595166163141994,-0.8912386706948641,-0.3987915407854985,-1.0,-0.14803625377643503,-0.552870090634441,-0.2175226586102719,-0.7613293051359517,-0.2628398791540785,-0.8851963746223565,-0.3081570996978852,-0.9848942598187311,-0.04229607250755287,-0.5347432024169184,-0.09365558912386707,-0.6948640483383686,-0.13293051359516617,-0.7915407854984894,-0.17220543806646527,-0.8700906344410876
5,0.0,0.0,-0.21036585365853658,-0.051829268292682924,-0.375,-0.21646341463414634,-0.45121951219512196,-0.3780487804878049,-0.524390243902439,-0.5,-0.35365853658536583,-0.4817073170731707,-0.4298780487804878,-0.6798780487804879,-0.47560975609756095,-0.7987804878048781,-0.5121951219512195,-0.899390243902439,-0.2682926829268293,-0.5365853658536586,-0.3567073170731707,-0.7560975609756098,-0.4115853658536585,-0.8932926829268293,-0.4573170731707317,-1.0,-0.17073170731707318,-0.5548780487804879,-0.25609756097560976,-0.7652439024390244,-0.3079268292682927,-0.8871951219512195,-0.35365853658536583,-0.9847560975609756,-0.06097560975609756,-0.5426829268292683,-0.125,-0.7042682926829268,-0.17073170731707318,-0.7987804878048781,-0.21646341463414634,-0.8719512195121951
5,0.0,0.0,-0.2116564417177914,-0.046012269938650305,-0.37423312883435583,-0.2147239263803681,-0.44785276073619634,-0.3834355828220859,-0.5214723926380368,-0.5122699386503068,-0.36809815950920244,-0.4754601226993865,-0.44171779141104295,-0.6779141104294478,-0.4785276073619632,-0.8006134969325154,-0.5061349693251533,-0.901840490797546,-0.2791411042944785,-0.5276073619631901,-0.36503067484662577,-0.754601226993865,-0.41411042944785276,-0.8895705521472392,-0.450920245398773,-1.0,-0.18098159509202455,-0.5460122699386503,-0.26380368098159507,-0.754601226993865,-0.3128834355828221,-0.8803680981595092,-0.3558282208588957,-0.9877300613496932,-0.06748466257668712,-0.5337423312883436,-0.13190184049079753,-0.696319018404908,-0.17791411042944785,-0.7914110429447853,-0.2147239263803681,-0.8742331288343558
5,0.0,0.0,-0.2191358024691358,-0.046296296296296294,-0.38580246913580246,-0.2191358024691358,-0.46296296296296297,-0.3888888888888889,-0.5370370370370371,-0.5154320987654321,-0.3611111111111111,-0.48148148148148145,-0.4444444444444444,-0.6759259259259259,-0.49074074074074076,-0.7932098765432098,-0.5277777777777778,-0.8981481481481481,-0.27469135802469136,-0.5370370370370371,-0.37037037037037035,-0.7530864197530864,-0.42901234567901236,-0.8888888888888888,-0.47530864197530864,-1.0,-0.17901234567901234,-0.5555555555555556,-0.27469135802469136,-0.7654320987654321,-0.3333333333333333,-0.8888888888888888,-0.38580246913580246,-0.9938271604938271,-0.06481481481481481,-0.5432098765432098,-0.1388888888888889,-0.7067901234567902,-0.19444444444444445,-0.8024691358024691,-0.24382716049382716,-0.8827160493827161
5,0.0,0.0,-0.21428571428571427,-0.052795031055900624,-0.37888198757763975,-0.21428571428571427,-0.45962732919254656,-0.37888198757763975,-0.5341614906832298,-0.5093167701863354,-0.37577639751552794,-0.4720496894409938,-0.453416149068323,-0.6739130434782609,-0.4906832298136646,-0.7950310559006211,-0.5186335403726708,-0.8975155279503105,-0.2888198757763975,-0.5279503105590062,-0.38198757763975155,-0.7546583850931677,-0.43788819875776397,-0.8881987577639752,-0.4813664596273292,-1.0,-0.19254658385093168,-0.5496894409937888,-0.2795031055900621,-0.7639751552795031,-0.33540372670807456,-0.8881987577639752,-0.38198757763975155,-0.9906832298136646,-0.08074534161490683,-0.5372670807453416,-0.14906832298136646,-0.6987577639751553,-0.20186335403726707,-0.7950310559006211,-0.2422360248447205,-0.8757763975155279
5,0.0,0.0,-0.21084337349397592,-0.045180722891566265,-0.3674698795180723,-0.20783132530120482,-0.4427710843373494,-0.37650602409638556,-0.5150602409638554,-0.5030120481927711,-0.3493975903614458,-0.4759036144578313,-0.4307228915662651,-0.6746987951807228,-0.47289156626506024,-0.7981927710843374,-0.5090361445783133,-0.9066265060240963,-0.26506024096385544,-0.5271084337349398,-0.35843373493975905,-0.7469879518072289,-0.4126506024096386,-0.8825301204819277,-0.4608433734939759,-1.0,-0.1746987951807229,-0.5451807228915663,-0.2560240963855422,-0.7560240963855421,-0.3102409638554217,-0.8765060240963856,-0.35843373493975905,-0.9789156626506024,-0.06626506024096386,-0.5301204819277109,-0.12951807228915663,-0.6927710843373494,-0.1746987951807229,-0.7891566265060241,-0.21686746987951808,-0.8704819277108434
5,0.0,0.0,-0.21981424148606812,-0.04953560371517028,-0.38699690402476783,-0.21052631578947367,-0.4674922600619195,-0.3715170278637771,-0.5325077399380805,-0.5015479876160991,-0.38390092879256965,-0.4674922600619195,-0.46439628482972134,-0.6749226006191951,-0.5108359133126935,-0.7987616099071208,-0.544891640866873,-0.9071207430340558,-0.29411764705882354,-0.5232198142414861,-0.39628482972136225,-0.7523219814241486,-0.4613003095975232,-0.8885448916408669,-0.5108359133126935,-1.0,-0.19814241486068113,-0.541795665634675,-0.29721362229102166,-0.7647058823529411,-0.3591331269349845,-0.8885448916408669,-0.4117647058823529,-0.9907120743034056,-0.08359133126934984,-0.5325077399380805,-0.15479876160990713,-0.6965944272445821,-0.20743034055727555,-0.7894736842105263,-0.25077399380804954,-0.8699690402476781
5,0.0,0.0,-0.21951219512195122,-0.03353658536585366,-0.3871951219512195,-0.18597560975609756,-0.46646341463414637,-0.3567073170731707,-0.5365853658536586,-0.5,-0.3628048780487805,-0.4695121951219512,-0.4420731707317073,-0.6646341463414634,-0.4878048780487805,-0.7835365853658537,-0.5213414634146342,-0.8871951219512195,-0.27439024390243905,-0.5304878048780488,-0.36585365853658536,-0.7530487804878049,-0.42378048780487804,-0.8902439024390244,-0.4725609756097561,-1.0,-0.1798780487804878,-0.5487804878048781,-0.2682926829268293,-0.7621951219512195,-0.3231707317073171,-0.8841463414634146,-0.3719512195121951,-0.9847560975609756,-0.0701219512195122,-0.5365853658536586,-0.13719512195121952,-0.698170731707317,-0.18597560975609756,-0.7957317073170732,-0.22865853658536586,-0.8719512195121951
5,0.0,0.0,-0.22085889570552147,-0.05214723926380368,-0.3803680981595092,-0.20552147239263804,-0.450920245398773,-0.37116564417177916,-0.5,-0.50920245398773,-0.3558282208588957,-0.48466257668711654,-0.4263803680981595,-0.6871165644171779,-0.46932515337423314,-0.8067484662576687,-0.5030674846625767,-0.9079754601226994,-0.26380368098159507,-0.5337423312883436,-0.34662576687116564,-0.7607361963190185,-0.3987730061349693,-0.8926380368098159,-0.44171779141104295,-1.0,-0.16257668711656442,-0.549079754601227,-0.24539877300613497,-0.7607361963190185,-0.29754601226993865,-0.8803680981595092,-0.34355828220858897,-0.9815950920245399,-0.05214723926380368,-0.5368098159509203,-0.1165644171779141,-0.7085889570552147,-0.16257668711656442,-0.8067484662576687,-0.20552147239263804,-0.8865030674846626
5,0.0,0.0,-0.21921921921921922,-0.042042042042042045,-0.36936936936936937,-0.1981981981981982,-0.42342342342342343,-0.36936936936936937,-0.47147147147147145,-0.5045045045045045,-0.33633633633633636,-0.4774774774774775,-0.40540540540540543,-0.6786786786786787,-0.44144144144144143,-0.8048048048048048,-0.46546546546546547,-0.9099099099099099,-0.24624624624624625,-0.5315315315315315,-0.32732732732732733,-0.7507507507507507,-0.3783783783783784,-0.8858858858858859,-0.4144144144144144,-1.0,-0.15315315315315314,-0.5525525525525525,-0.22522522522522523,-0.7597597597597597,-0.2732732732732733,-0.8768768768768769,-0.3153153153153153,-0.978978978978979,-0.04504504504504504,-0.5405405405405406,-0.0990990990990991,-0.6996996996996997,-0.14414414414414414,-0.7927927927927928,-0.18618618618618618,-0.8678678678678678
5,0.0,0.0,-0.21068249258160238,-0.05637982195845697,-0.34421364985163205,-0.22255192878338279,-0.3916913946587537,-0.3887240356083086,-0.45103857566765576,-0.5133531157270029,-0.3086053412462908,-0.4807121661721068,-0.37091988130563797,-0.6795252225519288,-0.4035608308605341,-0.798219584569733,-0.42433234421364985,-0.9020771513353115,-0.22255192878338279,-0.5311572700296736,-0.29673590504451036,-0.7507418397626113,-0.34124629080118696,-0.884272997032641,-0.37388724035608306,-1.0,-0.13056379821958458,-0.5459940652818991,-0.19881305637982197,-0.7537091988130564,-0.2433234421364985,-0.8724035608308606,-0.2818991097922849,-0.9792284866468842,-0.026706231454005934,-0.5281899109792285,-0.0830860534124629,-0.6884272997032641,-0.12166172106824925,-0.7804154302670623,-0.16023738872403562,-0.857566765578635
5,0.0,0.0,-0.20658682634730538,-0.06287425149700598,-0.344311377245509,-0.23353293413173654,-0.39520958083832336,-0.39221556886227543,-0.4491017964071856,-0.5209580838323353,-0.3023952095808383,-0.49101796407185627,-0.36227544910179643,-0.6946107784431138,-0.38922155688622756,-0.8173652694610778,-0.4101796407185629,-0.9191616766467066,-0.218562874251497,-0.5329341317365269,-0.2904191616766467,-0.7544910179640718,-0.3323353293413174,-0.8892215568862275,-0.36227544910179643,-1.0,-0.12574850299401197,-0.5449101796407185,-0.19461077844311378,-0.7514970059880239,-0.23652694610778444,-0.874251497005988,-0.27245508982035926,-0.9760479041916168,-0.023952095808383235,-0.5239520958083832,-0.0748502994011976,-0.6826347305389222,-0.11676646706586827,-0.7754491017964071,-0.15568862275449102,-0.8562874251497006
5,0.0,0.0,-0.19822485207100593,-0.05029585798816568,-0.34023668639053256,-0.21893491124260356,-0.39349112426035504,-0.38461538461538464,-0.4467455621301775,-0.5118343195266272,-0.3047337278106509,-0.47633136094674555,-0.3668639053254438,-0.6715976331360947,-0.40236686390532544,-0.7899408284023669,-0.4319526627218935,-0.8905325443786982,-0.21893491124260356,-0.5236686390532544,-0.2958579881656805,-0.7455621301775148,-0.3431952662721893,-0.8846153846153846,-0.3816568047337278,-1.0,-0.1242603550295858,-0.5325443786982249,-0.20118343195266272,-0.7455621301775148,-0.2455621301775148,-0.8698224852071006,-0.2869822485207101,-0.9763313609467456,-0.01775147928994083,-0.5118343195266272,-0.07100591715976332,-0.6775147928994083,-0.11242603550295859,-0.7781065088757396,-0.15384615384615385,-0.8668639053254438
5,0.0,0.0,-0.19941348973607037,-0.05865102639296188,-0.3343108504398827,-0.22287390029325513,-0.3870967741935484,-0.3870967741935484,-0.44574780058651026,-0.5190615835777126,-0.30498533724340177,-0.4809384164222874,-0.36363636363636365,-0.6774193548387096,-0.39589442815249265,-0.7976539589442815,-0.41348973607038125,-0.8973607038123167,-0.21994134897360704,-0.5278592375366569,-0.2903225806451613,-0.7478005865102639,-0.3313782991202346,-0.8856304985337243,-0.36363636363636365,-1.0,-0.12903225806451613,-0.5395894428152492,-0.1935483870967742,-0.7478005865102639,-0.2316715542521994,-0.8709677419354839,-0.2668621700879765,-0.9794721407624634,-0.02346041055718475,-0.5190615835777126,-0.07038123167155426,-0.6803519061583577,-0.10850439882697947,-0.7800586510263929,-0.1466275659824047,-0.8592375366568915
5,0.0,0.0,-0.19881305637982197,-0.06528189910979229,-0.3293768545994065,-0.23738872403560832,-0.3768545994065282,-0.40059347181008903,-0.42729970326409494,-0.5341246290801187,-0.2878338278931751,-0.49554896142433236,-0.34718100890207715,-0.6884272997032641,-0.3798219584569733,-0.8041543026706232,-0.40059347181008903,-0.9050445103857567,-0.20474777448071216,-0.5400593471810089,-0.27299703264094954,-0.7596439169139466,-0.314540059347181,-0.8902077151335311,-0.34421364985163205,-1.0,-0.11572700296735905,-0.5519287833827893,-0.17804154302670624,-0.7626112759643917,-0.2166172106824926,-0.8813056379821959,-0.2551928783382789,-0.9792284866468842,-0.017804154302670624,-0.5341246290801187,-0.05934718100890208,-0.6943620178041543,-0.09495548961424333,-0.7893175074183977,-0.12759643916913946,-0.8694362017804155
5,0.0,0.0,-0.1893491124260355,-0.05917159763313609,-0.31952662721893493,-0.23668639053254437,-0.363905325443787,-0.40532544378698226,-0.41124260355029585,-0.5414201183431953,-0.2692307692307692,-0.5,-0.3254437869822485,-0.6952662721893491,-0.35502958579881655,-0.8136094674556213,-0.3757396449704142,-0.9142011834319527,-0.1863905325443787,-0.5384615384615384,-0.2485207100591716,-0.7544378698224852,-0.28402366863905326,-0.8875739644970414,-0.3106508875739645,-1.0,-0.10059171597633136,-0.5443786982248521,-0.15384615384615385,-0.7485207100591716,-0.19230769230769232,-0.8668639053254438,-0.22781065088757396,-0.9704142011834319,0.0,-0.5236686390532544,-0.038461538461538464,-0.6834319526627219,-0.07100591715976332,-0.7810650887573964,-0.10650887573964497,-0.8698224852071006
5,0.0,0.0,-0.18361581920903955,-0.07909604519774012,-0.2853107344632768,-0.2570621468926554,-0.3107344632768362,-0.4180790960451977,-0.3418079096045198,-0.5480225988700564,-0.2175141242937853,-0.4943502824858757,-0.24858757062146894,-0.6892655367231638,-0.2711864406779661,-0.807909604519774,-0.2853107344632768,-0.9096045197740112,-0.1327683615819209,-0.5310734463276836,-0.17231638418079095,-0.748587570621469,-0.20056497175141244,-0.884180790960452,-0.2231638418079096,-1.0,-0.0480225988700565,-0.5310734463276836,-0.08192090395480225,-0.7372881355932204,-0.11016949152542373,-0.8615819209039548,-0.1384180790960452,-0.9689265536723164,0.0423728813559322,-0.4971751412429379,0.022598870056497175,-0.6581920903954802,-0.002824858757062147,-0.7570621468926554,-0.02824858757062147,-0.8418079096045198
5,0.0,0.0,-0.17166212534059946,-0.08174386920980926,-0.25885558583106266,-0.26430517711171664,-0.2724795640326976,-0.4223433242506812,-0.2997275204359673,-0.5449591280653951,-0.17983651226158037,-0.5068119891008175,-0.19618528610354224,-0.7111716621253406,-0.20708446866485014,-0.8392370572207084,-0.2098092643051771,-0.9482288828337875,-0.09264305177111716,-0.5258855585831063,-0.11989100817438691,-0.7465940054495913,-0.13896457765667575,-0.8828337874659401,-0.14986376021798364,-1.0,-0.010899182561307902,-0.5149863760217984,-0.035422343324250684,-0.7220708446866485,-0.05449591280653951,-0.8474114441416893,-0.07084468664850137,-0.9564032697547684,0.07629427792915532,-0.47411444141689374,0.05994550408719346,-0.6348773841961853,0.04087193460490463,-0.7384196185286104,0.01907356948228883,-0.8256130790190735
5,0.0,0.0,-0.17415730337078653,-0.09550561797752809,-0.2640449438202247,-0.2808988764044944,-0.2752808988764045,-0.4438202247191011,-0.30337078651685395,-0.5758426966292135,-0.1853932584269663,-0.5168539325842697,-0.199438202247191,-0.7162921348314607,-0.20786516853932585,-0.8370786516853933,-0.21067415730337077,-0.9353932584269663,-0.09831460674157304,-0.5393258426966292,-0.12078651685393259,-0.7584269662921348,-0.1348314606741573,-0.8904494382022472,-0.1404494382022472,-1.0,-0.014044943820224719,-0.5337078651685393,-0.03089887640449438,-0.7387640449438202,-0.042134831460674156,-0.8623595505617978,-0.05337078651685393,-0.9719101123595506,0.07865168539325842,-0.4943820224719101,0.0702247191011236,-0.6573033707865169,0.05898876404494382,-0.7556179775280899,0.047752808988764044,-0.8370786516853933
5,0.0,0.0,-0.1769436997319035,-0.08579088471849866,-0.26273458445040215,-0.2680965147453083,-0.2680965147453083,-0.4262734584450402,-0.289544235924933,-0.5576407506702413,-0.18498659517426275,-0.5040214477211796,-0.20107238605898123,-0.7050938337801609,-0.2064343163538874,-0.8310991957104558,-0.20911528150134048,-0.938337801608579,-0.09651474530831099,-0.5254691689008043,-0.12064343163538874,-0.7453083109919572,-0.13941018766756033,-0.8820375335120644,-0.15013404825737264,-1.0,-0.010723860589812333,-0.5120643431635389,-0.029490616621983913,-0.7184986595174263,-0.045576407506702415,-0.8445040214477212,-0.06166219839142091,-0.9517426273458445,0.0777479892761394,-0.4691689008042895,0.064343163538874,-0.6219839142091153,0.045576407506702415,-0.7211796246648794,0.024128686327077747,-0.806970509383378
5,0.0,0.0,-0.16802168021680217,-0.11653116531165311,-0.24661246612466126,-0.3089430894308943,-0.25474254742547425,-0.46612466124661245,-0.2845528455284553,-0.5880758807588076,-0.16802168021680217,-0.5149051490514905,-0.1897018970189702,-0.7127371273712737,-0.2032520325203252,-0.8346883468834688,-0.2140921409214092,-0.9376693766937669,-0.08401084010840108,-0.5338753387533876,-0.10569105691056911,-0.7506775067750677,-0.12466124661246612,-0.8861788617886179,-0.13821138211382114,-1.0,0.0027100271002710027,-0.5257452574525745,-0.016260162601626018,-0.7289972899728997,-0.032520325203252036,-0.8536585365853658,-0.04878048780487805,-0.962059620596206,0.0948509485094851,-0.4878048780487805,0.08672086720867209,-0.6476964769647696,0.07317073170731707,-0.7452574525745257,0.05962059620596206,-0.8292682926829268
5,0.0,0.0,-0.16839378238341968,-0.09326424870466321,-0.25129533678756477,-0.28756476683937826,-0.26424870466321243,-0.45077720207253885,-0.2823834196891192,-0.5854922279792746,-0.17098445595854922,-0.5077720207253886,-0.18652849740932642,-0.7098445595854922,-0.18911917098445596,-0.8341968911917098,-0.18652849740932642,-0.9378238341968912,-0.08549222797927461,-0.5259067357512953,-0.10362694300518134,-0.7435233160621761,-0.11139896373056994,-0.883419689119171,-0.11398963730569948,-1.0,0.0025906735751295338,-0.5077720207253886,-0.018134715025906734,-0.7176165803108808,-0.031088082901554404,-0.8471502590673575,-0.04145077720207254,-0.9585492227979274,0.09326424870466321,-0.46113989637305697,0.07772020725388601,-0.6217616580310881,0.06476683937823834,-0.7227979274611399,0.05181347150259067,-0.8082901554404145
5,0.0,0.0,-0.16449086161879894,-0.10966057441253264,-0.24281984334203655,-0.30548302872062666,-0.2402088772845953,-0.4725848563968668,-0.24804177545691905,-0.6031331592689295,-0.1409921671018277,-0.5221932114882507,-0.13577023498694518,-0.7258485639686684,-0.13054830287206268,-0.8459530026109661,-0.1174934725848564,-0.9477806788511749,-0.05483028720626632,-0.5378590078328982,-0.06005221932114883,-0.7571801566579635,-0.06005221932114883,-0.8903394255874674,-0.05483028720626632,-1.0,0.031331592689295036,-0.5248041775456919,0.02349869451697128,-0.7310704960835509,0.018276762402088774,-0.856396866840731,0.013054830287206266,-0.9608355091383812,0.1227154046997389,-0.47780678851174935,0.12010443864229765,-0.639686684073107,0.10966057441253264,-0.7389033942558747,0.09921671018276762,-0.8276762402088773
5,0.0,0.0,-0.15601023017902813,-0.10741687979539642,-0.23273657289002558,-0.30434782608695654,-0.24552429667519182,-0.46547314578005117,-0.25831202046035806,-0.5959079283887468,-0.1483375959079284,-0.5217391304347826,-0.14066496163682865,-0.7135549872122762,-0.1329923273657289,-0.8337595907928389,-0.12276214833759591,-0.9335038363171355,-0.056265984654731455,-0.5370843989769821,-0.058823529411764705,-0.7493606138107417,-0.058823529411764705,-0.8823529411764706,-0.056265984654731455,-1.0,0.028132992327365727,-0.5191815856777494,0.02557544757033248,-0.7212276214833759,0.020460358056265986,-0.8414322250639387,0.015345268542199489,-0.948849104859335,0.11764705882352941,-0.46547314578005117,0.11253196930946291,-0.6240409207161125,0.10485933503836317,-0.7237851662404092,0.09207161125319693,-0.8081841432225064
5,0.0,0.0,-0.15544041450777202,-0.11398963730569948,-0.23575129533678757,-0.3082901554404145,-0.24611398963730569,-0.4689119170984456,-0.24611398963730569,-0.5984455958549223,-0.12694300518134716,-0.5233160621761658,-0.11917098445595854,-0.7202072538860104,-0.11658031088082901,-0.8419689119170984,-0.11398963730569948,-0.9430051813471503,-0.04145077720207254,-0.533678756476684,-0.038860103626943004,-0.7538860103626943,-0.04145077720207254,-0.8860103626943006,-0.04145077720207254,-1.0,0.038860103626943004,-0.5129533678756477,0.04404145077720207,-0.7176165803108808,0.04404145077720207,-0.844559585492228,0.04145077720207254,-0.9507772020725389,0.12435233160621761,-0.46113989637305697,0.12694300518134716,-0.6217616580310881,0.12435233160621761,-0.7227979274611399,0.11658031088082901,-0.8082901554404145
5,0.0,0.0,-0.15885416666666666,-0.109375,-0.23697916666666666,-0.3098958333333333,-0.234375,-0.4765625,-0.23958333333333334,-0.609375,-0.12760416666666666,-0.5286458333333334,-0.1171875,-0.7239583333333334,-0.10416666666666667,-0.8411458333333334,-0.08854166666666667,-0.9401041666666666,-0.0390625,-0.5416666666666666,-0.033854166666666664,-0.7578125,-0.0234375,-0.890625,-0.010416666666666666,-1.0,0.044270833333333336,-0.5208333333333334,0.046875,-0.7239583333333334,0.0546875,-0.8489583333333334,0.059895833333333336,-0.9557291666666666,0.13020833333333334,-0.4635416666666667,0.1328125,-0.6197916666666666,0.13020833333333334,-0.71875,0.125,-0.8046875
5,0.0,0.0,-0.15625,-0.12239583333333333,-0.2265625,-0.3203125,-0.21614583333333334,-0.4817708333333333,-0.2109375,-0.6067708333333334,-0.10416666666666667,-0.5364583333333334,-0.09114583333333333,-0.7213541666666666,-0.078125,-0.8385416666666666,-0.06510416666666667,-0.9375,-0.015625,-0.5442708333333334,-0.0026041666666666665,-0.7526041666666666,0.005208333333333333,-0.8854166666666666,0.015625,-1.0,0.0625,-0.5182291666666666,0.078125,-0.7161458333333334,0.0859375,-0.8385416666666666,0.08854166666666667,-0.9453125,0.14583333333333334,-0.4583333333333333,0.15885416666666666,-0.6119791666666666,0.1640625,-0.7109375,0.1640625,-0.796875
5,0.0,0.0,-0.16230366492146597,-0.12303664921465969,-0.225130890052356,-0.32460732984293195,-0.2094240837696335,-0.4816753926701571,-0.20680628272251309,-0.6099476439790575,-0.10732984293193717,-0.5340314136125655,-0.08900523560209424,-0.7225130890052356,-0.07329842931937172,-0.8350785340314136,-0.0549738219895288,-0.9319371727748691,-0.013089005235602094,-0.5445026178010471,0.005235602094240838,-0.756544502617801,0.020942408376963352,-0.887434554973822,0.03664921465968586,-1.0,0.07329842931937172,-0.518324607329843,0.09162303664921466,-0.7172774869109948,0.10209424083769633,-0.837696335078534,0.1099476439790576,-0.9397905759162304,0.1544502617801047,-0.4581151832460733,0.17015706806282724,-0.612565445026178,0.17015706806282724,-0.7120418848167539,0.1649214659685864,-0.7958115183246073
5,0.0,0.0,-0.165374677002584,-0.11627906976744186,-0.23255813953488372,-0.3178294573643411,-0.21188630490956073,-0.48320413436692505,-0.2041343669250646,-0.6149870801033591,-0.10335917312661498,-0.5271317829457365,-0.08527131782945736,-0.7209302325581395,-0.06459948320413436,-0.8372093023255814,-0.04392764857881137,-0.9354005167958657,-0.007751937984496124,-0.537467700258398,0.012919896640826873,-0.7545219638242894,0.028423772609819122,-0.8888888888888888,0.046511627906976744,-1.0,0.08010335917312661,-0.5090439276485789,0.09819121447028424,-0.7131782945736435,0.10852713178294573,-0.8397932816537468,0.11886304909560723,-0.9457364341085271,0.165374677002584,-0.4470284237726098,0.17829457364341086,-0.6046511627906976,0.17829457364341086,-0.7054263565891473,0.17571059431524547,-0.7932816537467701
5,0.0,0.0,-0.15885416666666666,-0.125,-0.22135416666666666,-0.3307291666666667,-0.20572916666666666,-0.4921875,-0.20052083333333334,-0.6223958333333334,-0.1015625,-0.5338541666666666,-0.08072916666666667,-0.7239583333333334,-0.0625,-0.8385416666666666,-0.0390625,-0.9348958333333334,-0.010416666666666666,-0.5442708333333334,0.013020833333333334,-0.7578125,0.028645833333333332,-0.8880208333333334,0.049479166666666664,-1.0,0.07291666666666667,-0.5182291666666666,0.09635416666666667,-0.7213541666666666,0.109375,-0.84375,0.12239583333333333,-0.953125,0.15625,-0.4583333333333333,0.171875,-0.6145833333333334,0.17447916666666666,-0.7161458333333334,0.17447916666666666,-0.8046875
5,0.0,0.0,-0.16103896103896104,-0.13246753246753246,-0.22077922077922077,-0.33766233766233766,-0.1974025974025974,-0.4987012987012987,-0.18701298701298702,-0.6285714285714286,-0.08571428571428572,-0.5376623376623376,-0.06233766233766234,-0.7272727272727273,-0.04415584415584416,-0.8467532467532467,-0.025974025974025976,-0.948051948051948,0.007792207792207792,-0.5428571428571428,0.03116883116883117,-0.7558441558441559,0.04935064935064935,-0.8883116883116883,0.07012987012987013,-1.0,0.08831168831168831,-0.5142857142857142,0.11168831168831168,-0.7116883116883117,0.12727272727272726,-0.8363636363636363,0.14025974025974025,-0.9428571428571428,0.17142857142857143,-0.44675324675324674,0.18701298701298702,-0.6051948051948052,0.18961038961038962,-0.7038961038961039,0.18961038961038962,-0.7896103896103897
5,0.0,0.0,-0.16752577319587628,-0.1211340206185567,-0.2268041237113402,-0.33762886597938147,-0.20618556701030927,-0.5025773195876289,-0.19329896907216496,-0.6314432989690721,-0.0979381443298969,-0.5412371134020618,-0.07474226804123711,-0.7345360824742269,-0.05154639175257732,-0.8530927835051546,-0.02577319587628866,-0.9510309278350515,-0.005154639175257732,-0.5463917525773195,0.01804123711340206,-0.7603092783505154,0.03865979381443299,-0.8917525773195877,0.059278350515463915,-1.0,0.07989690721649484,-0.5180412371134021,0.0979381443298969,-0.7190721649484536,0.1134020618556701,-0.8402061855670103,0.12371134020618557,-0.9432989690721649,0.16494845360824742,-0.4536082474226804,0.17783505154639176,-0.6056701030927835,0.18041237113402062,-0.7061855670103093,0.17525773195876287,-0.7938144329896907
5,0.0,0.0,-0.1534526854219949,-0.14578005115089515,-0.20460358056265984,-0.35038363171355497,-0.17902813299232737,-0.5089514066496164,-0.1636828644501279,-0.6342710997442456,-0.07161125319693094,-0.5396419437340153,-0.04092071611253197,-0.731457800511509,-0.017902813299232736,-0.8465473145780051,0.0076726342710997444,-0.9437340153452686,0.020460358056265986,-0.5447570332480819,0.05370843989769821,-0.7595907928388747,0.07672634271099744,-0.8925831202046036,0.10230179028132992,-1.0,0.10741687979539642,-0.5140664961636828,0.13810741687979539,-0.7186700767263428,0.15601023017902813,-0.8414322250639387,0.17391304347826086,-0.9437340153452686,0.1918158567774936,-0.45012787723785164,0.21227621483375958,-0.6061381074168798,0.22250639386189258,-0.7058823529411765,0.22506393861892582,-0.7902813299232737
5,0.0,0.0,-0.16666666666666666,-0.13333333333333333,-0.2205128205128205,-0.34615384615384615,-0.19230769230769232,-0.5128205128205128,-0.18205128205128204,-0.6435897435897436,-0.08717948717948718,-0.5435897435897435,-0.05897435897435897,-0.735897435897436,-0.03076923076923077,-0.8487179487179487,-0.002564102564102564,-0.9435897435897436,0.01282051282051282,-0.5487179487179488,0.04358974358974359,-0.764102564102564,0.06666666666666667,-0.8923076923076924,0.08974358974358974,-1.0,0.09743589743589744,-0.517948717948718,0.1282051282051282,-0.717948717948718,0.14615384615384616,-0.8384615384615385,0.15897435897435896,-0.9435897435897436,0.18205128205128204,-0.44871794871794873,0.2,-0.6051282051282051,0.20256410256410257,-0.7025641025641025,0.20256410256410257,-0.7897435897435897
5,0.0,0.0,-0.1649214659685864,-0.1387434554973822,-0.22774869109947643,-0.3481675392670157,-0.20680628272251309,-0.5130890052356021,-0.193717277486911,-0.6387434554973822,-0.0968586387434555,-0.5445026178010471,-0.07853403141361257,-0.7460732984293194,-0.0549738219895288,-0.8638743455497382,-0.02617801047120419,-0.9581151832460733,-0.002617801047120419,-0.5445026178010471,0.01832460732984293,-0.7643979057591623,0.034031413612565446,-0.8952879581151832,0.05235602094240838,-1.0,0.08638743455497382,-0.5157068062827225,0.1099476439790576,-0.7198952879581152,0.11780104712041885,-0.8403141361256544,0.12827225130890052,-0.9397905759162304,0.17277486910994763,-0.45549738219895286,0.19109947643979058,-0.6073298429319371,0.19633507853403143,-0.7041884816753927,0.19633507853403143,-0.7905759162303665
5,0.0,0.0,-0.16489361702127658,-0.13297872340425532,-0.22872340425531915,-0.3377659574468085,-0.2074468085106383,-0.5,-0.19414893617021275,-0.625,-0.10106382978723404,-0.5372340425531915,-0.0851063829787234,-0.7367021276595744,-0.06382978723404255,-0.8537234042553191,-0.03723404255319149,-0.949468085106383,-0.007978723404255319,-0.5452127659574468,0.013297872340425532,-0.7632978723404256,0.02925531914893617,-0.8936170212765957,0.047872340425531915,-1.0,0.0797872340425532,-0.5212765957446809,0.10372340425531915,-0.723404255319149,0.11436170212765957,-0.8404255319148937,0.125,-0.9388297872340425,0.16489361702127658,-0.4627659574468085,0.18085106382978725,-0.6117021276595744,0.18351063829787234,-0.7074468085106383,0.18085106382978725,-0.7872340425531915
5,0.0,0.0,-0.16624040920716113,-0.12276214833759591,-0.23017902813299232,-0.33248081841432225,-0.2020460358056266,-0.49872122762148335,-0.1867007672634271,-0.6240409207161125,-0.09974424552429667,-0.5345268542199488,-0.08184143222506395,-0.731457800511509,-0.056265984654731455,-0.8491048593350383,-0.030690537084398978,-0.9462915601023018,-0.0025575447570332483,-0.5421994884910486,0.020460358056265986,-0.7595907928388747,0.03836317135549872,-0.8900255754475703,0.058823529411764705,-1.0,0.08439897698209718,-0.5140664961636828,0.10230179028132992,-0.7161125319693095,0.11508951406649616,-0.8363171355498721,0.12531969309462915,-0.9360613810741688,0.17135549872122763,-0.4475703324808184,0.1815856777493606,-0.6010230179028133,0.1815856777493606,-0.6982097186700768,0.17647058823529413,-0.7800511508951407
5,0.0,0.0,-0.1595744680851064,-0.125,-0.23138297872340424,-0.32978723404255317,-0.22340425531914893,-0.4920212765957447,-0.2154255319148936,-0.6223404255319149,-0.11702127659574468,-0.5398936170212766,-0.10372340425531915,-0.7313829787234043,-0.09308510638297872,-0.8430851063829787,-0.0797872340425532,-0.9388297872340425,-0.02127659574468085,-0.5478723404255319,-0.007978723404255319,-0.7632978723404256,0.0,-0.8936170212765957,0.007978723404255319,-1.0,0.061170212765957445,-0.523936170212766,0.08244680851063829,-0.726063829787234,0.0851063829787234,-0.848404255319149,0.0851063829787234,-0.949468085106383,0.14361702127659576,-0.46808510638297873,0.1595744680851064,-0.6223404255319149,0.1595744680851064,-0.7207446808510638,0.15159574468085107,-0.8031914893617021
5,0.0,0.0,-0.1675531914893617,-0.11170212765957446,-0.25,-0.3058510638297872,-0.24202127659574468,-0.4734042553191489,-0.23138297872340424,-0.601063829787234,-0.13297872340425532,-0.5345744680851063,-0.125,-0.726063829787234,-0.11170212765957446,-0.8404255319148937,-0.09308510638297872,-0.9388297872340425,-0.0398936170212766,-0.5478723404255319,-0.02925531914893617,-0.7606382978723404,-0.02127659574468085,-0.8909574468085106,-0.010638297872340425,-1.0,0.047872340425531915,-0.523936170212766,0.061170212765957445,-0.723404255319149,0.06914893617021277,-0.8430851063829787,0.07180851063829788,-0.9414893617021277,0.13031914893617022,-0.46808510638297873,0.14361702127659576,-0.6170212765957447,0.14361702127659576,-0.7101063829787234,0.13829787234042554,-0.7898936170212766
5,0.0,0.0,-0.16971279373368145,-0.10704960835509138,-0.2506527415143603,-0.31070496083550914,-0.2402088772845953,-0.4751958224543081,-0.2349869451697128,-0.6031331592689295,-0.13054830287206268,-0.5248041775456919,-0.1279373368146214,-0.7180156657963447,-0.1174934725848564,-0.835509138381201,-0.10182767624020887,-0.9347258485639687,-0.03655352480417755,-0.5378590078328982,-0.033942558746736295,-0.7545691906005222,-0.028720626631853787,-0.8903394255874674,-0.018276762402088774,-1.0,0.04960835509138381,-0.5169712793733682,0.05483028720626632,-0.720626631853786,0.057441253263707574,-0.8433420365535248,0.06005221932114883,-0.9477806788511749,0.13838120104438642,-0.4595300261096606,0.14360313315926893,-0.6135770234986945,0.13577023498694518,-0.7127937336814621,0.12532637075718014,-0.7989556135770235
5,0.0,0.0,-0.1631578947368421,-0.11842105263157894,-0.2394736842105263,-0.3131578947368421,-0.23684210526315788,-0.4763157894736842,-0.23421052631578948,-0.6026315789473684,-0.1368421052631579,-0.5289473684210526,-0.13421052631578947,-0.7263157894736842,-0.12631578947368421,-0.8421052631578947,-0.11315789473684211,-0.9394736842105263,-0.04473684210526316,-0.5421052631578948,-0.042105263157894736,-0.7605263157894737,-0.039473684210526314,-0.8921052631578947,-0.03684210526315789,-1.0,0.04473684210526316,-0.5236842105263158,0.04736842105263158,-0.7315789473684211,0.04736842105263158,-0.8526315789473684,0.04736842105263158,-0.9552631578947368,0.1368421052631579,-0.4710526315789474,0.14210526315789473,-0.6263157894736842,0.13421052631578947,-0.7236842105263158,0.12368421052631579,-0.8026315789473685
5,0.0,0.0,-0.16623376623376623,-0.1038961038961039,-0.2597402597402597,-0.2961038961038961,-0.2649350649350649,-0.4597402597402597,-0.2545454545454545,-0.587012987012987,-0.15064935064935064,-0.5194805194805194,-0.15324675324675324,-0.7142857142857143,-0.14545454545454545,-0.8337662337662337,-0.13506493506493505,-0.9324675324675324,-0.05714285714285714,-0.535064935064935,-0.06233766233766234,-0.7506493506493507,-0.06233766233766234,-0.8857142857142857,-0.05714285714285714,-1.0,0.033766233766233764,-0.5142857142857142,0.02857142857142857,-0.7168831168831169,0.025974025974025976,-0.8389610389610389,0.02077922077922078,-0.9402597402597402,0.12467532467532468,-0.4623376623376623,0.11948051948051948,-0.612987012987013,0.10649350649350649,-0.7116883116883117,0.09350649350649351,-0.7974025974025974
5,0.0,0.0,-0.16886543535620052,-0.10554089709762533,-0.25857519788918204,-0.2928759894459103,-0.2638522427440633,-0.45382585751978893,-0.2559366754617414,-0.5804749340369393,-0.15303430079155672,-0.5197889182058048,-0.15567282321899736,-0.7203166226912929,-0.15303430079155672,-0.841688654353562,-0.1424802110817942,-0.941952506596306,-0.06068601583113457,-0.5356200527704486,-0.06860158311345646,-0.7519788918205804,-0.0712401055408971,-0.8865435356200527,-0.06860158311345646,-1.0,0.026385224274406333,-0.5171503957783641,0.023746701846965697,-0.7203166226912929,0.018469656992084433,-0.841688654353562,0.013192612137203167,-0.941952506596306,0.11873350923482849,-0.46701846965699206,0.11609498680738786,-0.6200527704485488,0.10290237467018469,-0.7150395778364116,0.08970976253298153,-0.7968337730870713
5,0.0,0.0,-0.17346938775510204,-0.09183673469387756,-0.26785714285714285,-0.288265306122449,-0.2780612244897959,-0.45153061224489793,-0.2857142857142857,-0.5867346938775511,-0.18877551020408162,-0.5051020408163265,-0.1989795918367347,-0.7117346938775511,-0.1989795918367347,-0.8341836734693877,-0.1989795918367347,-0.9387755102040817,-0.09948979591836735,-0.5229591836734694,-0.125,-0.7423469387755102,-0.13520408163265307,-0.8826530612244898,-0.1377551020408163,-1.0,-0.012755102040816327,-0.5076530612244898,-0.03826530612244898,-0.7142857142857143,-0.04846938775510204,-0.8443877551020408,-0.058673469387755105,-0.9540816326530612,0.07908163265306123,-0.45918367346938777,0.06377551020408163,-0.6173469387755102,0.04846938775510204,-0.7193877551020408,0.030612244897959183,-0.8086734693877551
5,0.0,0.0,-0.18133333333333335,-0.096,-0.2906666666666667,-0.2826666666666667,-0.32266666666666666,-0.44533333333333336,-0.336,-0.5813333333333334,-0.22666666666666666,-0.5173333333333333,-0.25333333333333335,-0.712,-0.26666666666666666,-0.8266666666666667,-0.27466666666666667,-0.9253333333333333,-0.13866666666666666,-0.5413333333333333,-0.168,-0.76,-0.18933333333333333,-0.8906666666666667,-0.208,-1.0,-0.048,-0.5333333333333333,-0.07733333333333334,-0.744,-0.10133333333333333,-0.864,-0.12533333333333332,-0.9653333333333334,0.050666666666666665,-0.5013333333333333,0.024,-0.6666666666666666,0.0,-0.7653333333333333,-0.021333333333333333,-0.8506666666666667
5,0.0,0.0,-0.20441988950276244,-0.06353591160220995,-0.356353591160221,-0.24033149171270718,-0.4143646408839779,-0.4088397790055249,-0.4613259668508287,-0.5386740331491713,-0.31767955801104975,-0.49171270718232046,-0.3729281767955801,-0.6933701657458563,-0.40331491712707185,-0.8093922651933702,-0.4281767955801105,-0.914364640883978,-0.2292817679558011,-0.5359116022099447,-0.2955801104972376,-0.7513812154696132,-0.3342541436464088,-0.8867403314917127,-0.3674033149171271,-1.0,-0.13535911602209943,-0.5414364640883977,-0.19889502762430938,-0.7486187845303868,-0.23204419889502761,-0.8729281767955801,-0.26795580110497236,-0.9779005524861878,-0.03038674033149171,-0.5138121546961326,-0.07458563535911603,-0.6685082872928176,-0.11049723756906077,-0.7651933701657458,-0.1464088397790055,-0.8480662983425414
5,0.0,0.0,-0.19887955182072828,-0.06442577030812324,-0.3473389355742297,-0.23529411764705882,-0.40336134453781514,-0.40336134453781514,-0.4341736694677871,-0.5406162464985994,-0.31092436974789917,-0.49299719887955185,-0.3753501400560224,-0.6946778711484594,-0.4117647058823529,-0.8123249299719888,-0.43977591036414565,-0.9131652661064426,-0.226890756302521,-0.5350140056022409,-0.2969187675070028,-0.7591036414565826,-0.34173669467787116,-0.8907563025210085,-0.3753501400560224,-1.0,-0.13445378151260504,-0.5406162464985994,-0.19887955182072828,-0.7507002801120448,-0.24089635854341737,-0.8739495798319328,-0.2773109243697479,-0.9775910364145658,-0.03081232492997199,-0.5154061624649859,-0.08123249299719888,-0.6750700280112045,-0.12324929971988796,-0.7703081232492998,-0.15966386554621848,-0.84593837535014
5,0.0,0.0,-0.20728291316526612,-0.06162464985994398,-0.3585434173669468,-0.23529411764705882,-0.41456582633053224,-0.39775910364145656,-0.45938375350140054,-0.5238095238095238,-0.31932773109243695,-0.48739495798319327,-0.38935574229691877,-0.6862745098039216,-0.42857142857142855,-0.8067226890756303,-0.45938375350140054,-0.9103641456582633,-0.22969187675070027,-0.5322128851540616,-0.3081232492997199,-0.7535014005602241,-0.35294117647058826,-0.8879551820728291,-0.38935574229691877,-1.0,-0.13445378151260504,-0.5406162464985994,-0.20448179271708683,-0.7507002801120448,-0.24649859943977592,-0.8739495798319328,-0.2857142857142857,-0.9747899159663865,-0.025210084033613446,-0.5182072829131653,-0.0784313725490196,-0.6750700280112045,-0.12044817927170869,-0.7703081232492998,-0.16246498599439776,-0.8487394957983193
5,0.0,0.0,-0.21159420289855072,-0.05507246376811594,-0.3710144927536232,-0.22608695652173913,-0.43478260869565216,-0.39710144927536234,-0.48405797101449277,-0.5246376811594203,-0.3507246376811594,-0.4753623188405797,-0.42318840579710143,-0.6782608695652174,-0.463768115942029,-0.8028985507246377,-0.4956521739130435,-0.9072463768115943,-0.2608695652173913,-0.5246376811594203,-0.34202898550724636,-0.7507246376811594,-0.39420289855072466,-0.8869565217391304,-0.4318840579710145,-1.0,-0.16521739130434782,-0.5391304347826087,-0.23478260869565218,-0.7536231884057971,-0.28405797101449276,-0.8782608695652174,-0.32463768115942027,-0.9826086956521739,-0.05507246376811594,-0.518840579710145,-0.1072463768115942,-0.6811594202898551,-0.15072463768115943,-0.7768115942028986,-0.18840579710144928,-0.8579710144927536
5,0.0,0.0,-0.21306818181818182,-0.05397727272727273,-0.36363636363636365,-0.22727272727272727,-0.4147727272727273,-0.3977272727272727,-0.4602272727272727,-0.5284090909090909,-0.33238636363636365,-0.4772727272727273,-0.4005681818181818,-0.6846590909090909,-0.4346590909090909,-0.8096590909090909,-0.4602272727272727,-0.9147727272727273,-0.24147727272727273,-0.5255681818181818,-0.3210227272727273,-0.75,-0.3664772727272727,-0.8863636363636364,-0.4005681818181818,-1.0,-0.14488636363636365,-0.5340909090909091,-0.21875,-0.7443181818181818,-0.26420454545454547,-0.8693181818181818,-0.3039772727272727,-0.9715909090909091,-0.03409090909090909,-0.5113636363636364,-0.09375,-0.6676136363636364,-0.13920454545454544,-0.7613636363636364,-0.17897727272727273,-0.8352272727272727
5,0.0,0.0,-0.1978319783197832,-0.07588075880758807,-0.32791327913279134,-0.24661246612466126,-0.37398373983739835,-0.4146341463414634,-0.3875338753387534,-0.5528455284552846,-0.2601626016260163,-0.5013550135501355,-0.3008130081300813,-0.7046070460704607,-0.3170731707317073,-0.8238482384823849,-0.3252032520325203,-0.9295392953929539,-0.17615176151761516,-0.5338753387533876,-0.22493224932249323,-0.7560975609756098,-0.25203252032520324,-0.8888888888888888,-0.27100271002710025,-1.0,-0.08672086720867209,-0.5311653116531165,-0.13550135501355012,-0.7398373983739838,-0.16531165311653118,-0.8617886178861789,-0.1897018970189702,-0.964769647696477,0.016260162601626018,-0.4932249322493225,-0.02168021680216802,-0.6531165311653117,-0.051490514905149054,-0.7506775067750677,-0.08130081300813008,-0.8319783197831978
5,0.0,0.0,-0.19623655913978494,-0.08064516129032258,-0.31451612903225806,-0.26344086021505375,-0.34408602150537637,-0.4327956989247312,-0.3763440860215054,-0.5672043010752689,-0.25,-0.49731182795698925,-0.2849462365591398,-0.6935483870967742,-0.29838709677419356,-0.8118279569892473,-0.3064516129032258,-0.9139784946236559,-0.1586021505376344,-0.5349462365591398,-0.1989247311827957,-0.7553763440860215,-0.22043010752688172,-0.8870967741935484,-0.23655913978494625,-1.0,-0.06989247311827956,-0.5295698924731183,-0.10752688172043011,-0.7365591397849462,-0.13172043010752688,-0.8602150537634409,-0.15053763440860216,-0.9623655913978495,0.02956989247311828,-0.489247311827957,-0.002688172043010753,-0.6451612903225806,-0.03225806451612903,-0.739247311827957,-0.05913978494623656,-0.8172043010752689
5,0.0,0.0,-0.18666666666666668,-0.07466666666666667,-0.30933333333333335,-0.25866666666666666,-0.344,-0.4266666666666667,-0.3626666666666667,-0.5653333333333334,-0.24266666666666667,-0.5013333333333333,-0.272,-0.696,-0.2853333333333333,-0.816,-0.29333333333333333,-0.92,-0.152,-0.5333333333333333,-0.18666666666666668,-0.752,-0.208,-0.8853333333333333,-0.22666666666666666,-1.0,-0.06133333333333333,-0.528,-0.096,-0.7333333333333333,-0.11733333333333333,-0.856,-0.136,-0.9573333333333334,0.037333333333333336,-0.49066666666666664,0.008,-0.6453333333333333,-0.018666666666666668,-0.7413333333333333,-0.042666666666666665,-0.8213333333333334
5,0.0,0.0,-0.17941952506596306,-0.09234828496042216,-0.2849604221635884,-0.2796833773087071,-0.30606860158311344,-0.44327176781002636,-0.32981530343007914,-0.575197889182058,-0.20316622691292877,-0.5118733509234829,-0.22427440633245382,-0.712401055408971,-0.23218997361477572,-0.8311345646437994,-0.23482849604221637,-0.9313984168865436,-0.11345646437994723,-0.5356200527704486,-0.1424802110817942,-0.7546174142480211,-0.158311345646438,-0.8865435356200527,-0.16886543535620052,-1.0,-0.026385224274406333,-0.5224274406332454,-0.055408970976253295,-0.7282321899736148,-0.07651715039577836,-0.8548812664907651,-0.09234828496042216,-0.9604221635883905,0.06860158311345646,-0.48021108179419525,0.044854881266490766,-0.6385224274406333,0.023746701846965697,-0.7387862796833773,0.002638522427440633,-0.820580474934037
5,0.0,0.0,-0.17647058823529413,-0.09090909090909091,-0.2914438502673797,-0.2727272727272727,-0.32085561497326204,-0.4385026737967914,-0.3342245989304813,-0.56951871657754,-0.21122994652406418,-0.5080213903743316,-0.232620320855615,-0.7085561497326203,-0.23796791443850268,-0.8262032085561497,-0.24064171122994651,-0.9278074866310161,-0.12299465240641712,-0.5320855614973262,-0.14705882352941177,-0.7540106951871658,-0.16042780748663102,-0.8877005347593583,-0.16844919786096257,-1.0,-0.034759358288770054,-0.5240641711229946,-0.058823529411764705,-0.7299465240641712,-0.07219251336898395,-0.8556149732620321,-0.0855614973262032,-0.9598930481283422,0.058823529411764705,-0.4839572192513369,0.034759358288770054,-0.6417112299465241,0.013368983957219251,-0.7379679144385026,-0.0053475935828877,-0.820855614973262
5,0.0,0.0,-0.17989417989417988,-0.09523809523809523,-0.2804232804232804,-0.2857142857142857,-0.2962962962962963,-0.4523809523809524,-0.30423280423280424,-0.582010582010582,-0.18253968253968253,-0.5185185185185185,-0.20105820105820105,-0.7195767195767195,-0.2037037037037037,-0.8412698412698413,-0.20105820105820105,-0.9417989417989417,-0.09259259259259259,-0.5370370370370371,-0.11375661375661375,-0.7566137566137566,-0.12698412698412698,-0.8888888888888888,-0.1349206349206349,-1.0,-0.005291005291005291,-0.5238095238095238,-0.0291005291005291,-0.7275132275132276,-0.042328042328042326,-0.8518518518518519,-0.05291005291005291,-0.9523809523809523,0.0873015873015873,-0.47619047619047616,0.06613756613756613,-0.6322751322751323,0.04497354497354497,-0.7275132275132276,0.0291005291005291,-0.8068783068783069
5,0.0,0.0,-0.17232375979112272,-0.08877284595300261,-0.27676240208877284,-0.27154046997389036,-0.3002610966057441,-0.4281984334203655,-0.31070496083550914,-0.556135770234987,-0.1906005221932115,-0.5143603133159269,-0.19843342036553524,-0.7101827676240209,-0.19843342036553524,-0.8302872062663186,-0.195822454308094,-0.9321148825065274,-0.09921671018276762,-0.5378590078328982,-0.1174934725848564,-0.7519582245430809,-0.1279373368146214,-0.8851174934725848,-0.13315926892950392,-1.0,-0.010443864229765013,-0.5221932114882507,-0.028720626631853787,-0.7258485639686684,-0.0391644908616188,-0.8485639686684073,-0.04960835509138381,-0.9556135770234987,0.0835509138381201,-0.4725848563968668,0.06788511749347259,-0.6318537859007833,0.04960835509138381,-0.7310704960835509,0.028720626631853787,-0.8172323759791122
5,0.0,0.0,-0.17647058823529413,-0.10695187165775401,-0.2700534759358289,-0.2994652406417112,-0.27540106951871657,-0.4679144385026738,-0.2887700534759358,-0.5935828877005348,-0.17379679144385027,-0.5240641711229946,-0.17647058823529413,-0.7192513368983957,-0.1711229946524064,-0.8342245989304813,-0.16310160427807488,-0.9278074866310161,-0.08288770053475936,-0.5401069518716578,-0.08823529411764706,-0.7620320855614974,-0.09358288770053476,-0.893048128342246,-0.09358288770053476,-1.0,0.0053475935828877,-0.5240641711229946,0.00267379679144385,-0.732620320855615,-0.0053475935828877,-0.8556149732620321,-0.013368983957219251,-0.9572192513368984,0.09893048128342247,-0.47593582887700536,0.0962566844919786,-0.6363636363636364,0.0855614973262032,-0.732620320855615,0.0748663101604278,-0.8155080213903744
5,0.0,0.0,-0.1836734693877551,-0.09438775510204081,-0.26785714285714285,-0.29336734693877553,-0.2576530612244898,-0.4642857142857143,-0.25510204081632654,-0.5943877551020408,-0.1556122448979592,-0.5153061224489796,-0.15306122448979592,-0.7091836734693877,-0.14285714285714285,-0.8290816326530612,-0.13010204081632654,-0.9260204081632653,-0.061224489795918366,-0.5357142857142857,-0.06377551020408163,-0.7551020408163265,-0.058673469387755105,-0.8903061224489796,-0.05102040816326531,-1.0,0.025510204081632654,-0.5178571428571429,0.02040816326530612,-0.7219387755102041,0.017857142857142856,-0.8443877551020408,0.02040816326530612,-0.9489795918367347,0.11734693877551021,-0.461734693877551,0.1096938775510204,-0.6224489795918368,0.09948979591836735,-0.7193877551020408,0.08928571428571429,-0.798469387755102
5,0.0,0.0,-0.1717948717948718,-0.1076923076923077,-0.2512820512820513,-0.30512820512820515,-0.24358974358974358,-0.4717948717948718,-0.24102564102564103,-0.6,-0.14358974358974358,-0.5256410256410257,-0.13846153846153847,-0.7153846153846154,-0.1282051282051282,-0.8333333333333334,-0.11538461538461539,-0.9307692307692308,-0.04871794871794872,-0.541025641025641,-0.046153846153846156,-0.7564102564102564,-0.041025641025641026,-0.8871794871794871,-0.03333333333333333,-1.0,0.038461538461538464,-0.5230769230769231,0.038461538461538464,-0.7230769230769231,0.041025641025641026,-0.8435897435897436,0.041025641025641026,-0.9461538461538461,0.1282051282051282,-0.46923076923076923,0.12564102564102564,-0.6205128205128205,0.11794871794871795,-0.717948717948718,0.10512820512820513,-0.8
5,0.0,0.0,-0.16842105263157894,-0.11842105263157894,-0.24736842105263157,-0.3131578947368421,-0.24210526315789474,-0.4763157894736842,-0.24736842105263157,-0.5947368421052631,-0.14473684210526316,-0.5236842105263158,-0.14210526315789473,-0.7236842105263158,-0.12894736842105264,-0.8394736842105263,-0.11315789473684211,-0.9342105263157895,-0.05263157894736842,-0.5394736842105263,-0.05,-0.7578947368421053,-0.04473684210526316,-0.8894736842105263,-0.03684210526315789,-1.0,0.034210526315789476,-0.5210526315789473,0.042105263157894736,-0.7289473684210527,0.04473684210526316,-0.85,0.04473684210526316,-0.95,0.12105263157894737,-0.4710526315789474,0.12368421052631579,-0.6263157894736842,0.11842105263157894,-0.7210526315789474,0.11052631578947368,-0.8026315789473685
5,0.0,0.0,-0.16449086161879894,-0.10966057441253264,-0.2506527415143603,-0.30548302872062666,-0.2454308093994778,-0.4699738903394256,-0.2402088772845953,-0.5953002610966057,-0.13315926892950392,-0.5274151436031331,-0.13315926892950392,-0.720626631853786,-0.1227154046997389,-0.8381201044386423,-0.10704960835509138,-0.9373368146214099,-0.04177545691906005,-0.5404699738903395,-0.0391644908616188,-0.7545691906005222,-0.03655352480417755,-0.8877284595300261,-0.028720626631853787,-1.0,0.04699738903394256,-0.5169712793733682,0.04960835509138381,-0.720626631853786,0.05221932114882506,-0.8433420365535248,0.05221932114882506,-0.9477806788511749,0.13577023498694518,-0.4621409921671018,0.1409921671018277,-0.6135770234986945,0.13315926892950392,-0.7127937336814621,0.12532637075718014,-0.7963446475195822
5,0.0,0.0,-0.15425531914893617,-0.125,-0.23138297872340424,-0.3191489361702128,-0.2393617021276596,-0.4734042553191489,-0.24202127659574468,-0.598404255319149,-0.125,-0.5292553191489362,-0.12234042553191489,-0.7207446808510638,-0.1196808510638298,-0.8351063829787234,-0.11436170212765957,-0.9361702127659575,-0.0398936170212766,-0.5425531914893617,-0.03723404255319149,-0.7579787234042553,-0.03723404255319149,-0.8909574468085106,-0.03723404255319149,-1.0,0.0425531914893617,-0.523936170212766,0.047872340425531915,-0.7287234042553191,0.04521276595744681,-0.8537234042553191,0.0398936170212766,-0.9547872340425532,0.1276595744680851,-0.47074468085106386,0.13297872340425532,-0.6276595744680851,0.1276595744680851,-0.726063829787234,0.11702127659574468,-0.8058510638297872
5,0.0,0.0,-0.16623376623376623,-0.1038961038961039,-0.24935064935064935,-0.3012987012987013,-0.24935064935064935,-0.4649350649350649,-0.2519480519480519,-0.5974025974025974,-0.13766233766233765,-0.5194805194805194,-0.13766233766233765,-0.7194805194805195,-0.13246753246753246,-0.8389610389610389,-0.12207792207792208,-0.9402597402597402,-0.046753246753246755,-0.535064935064935,-0.05194805194805195,-0.7506493506493507,-0.05194805194805195,-0.8883116883116883,-0.04935064935064935,-1.0,0.03636363636363636,-0.5142857142857142,0.033766233766233764,-0.7194805194805195,0.03116883116883117,-0.8415584415584415,0.025974025974025976,-0.9428571428571428,0.12467532467532468,-0.4649350649350649,0.12467532467532468,-0.6181818181818182,0.11688311688311688,-0.7142857142857143,0.1038961038961039,-0.7974025974025974
5,0.0,0.0,-0.1622340425531915,-0.11702127659574468,-0.23670212765957446,-0.31117021276595747,-0.23670212765957446,-0.47074468085106386,-0.2473404255319149,-0.6037234042553191,-0.13829787234042554,-0.526595744680851,-0.14095744680851063,-0.726063829787234,-0.1356382978723404,-0.8430851063829787,-0.125,-0.9414893617021277,-0.047872340425531915,-0.5425531914893617,-0.05319148936170213,-0.7632978723404256,-0.05585106382978723,-0.8936170212765957,-0.05585106382978723,-1.0,0.034574468085106384,-0.523936170212766,0.034574468085106384,-0.7367021276595744,0.02925531914893617,-0.8563829787234043,0.026595744680851064,-0.9601063829787234,0.12234042553191489,-0.4734042553191489,0.1196808510638298,-0.6303191489361702,0.10904255319148937,-0.7287234042553191,0.09840425531914894,-0.8138297872340425
5,0.0,0.0,-0.16452442159383032,-0.10025706940874037,-0.2416452442159383,-0.29562982005141386,-0.2365038560411311,-0.4601542416452442,-0.2442159383033419,-0.5861182519280206,-0.13624678663239073,-0.5167095115681234,-0.13367609254498714,-0.7172236503856041,-0.12339331619537275,-0.8406169665809768,-0.11311053984575835,-0.9408740359897172,-0.04627249357326478,-0.532133676092545,-0.05141388174807198,-0.7506426735218509,-0.04884318766066838,-0.8868894601542416,-0.04627249357326478,-1.0,0.03598971722365039,-0.5089974293059126,0.033419023136246784,-0.7146529562982005,0.030848329048843187,-0.8380462724935732,0.028277634961439587,-0.9408740359897172,0.12339331619537275,-0.45758354755784064,0.12596401028277635,-0.609254498714653,0.12082262210796915,-0.7095115681233933,0.11311053984575835,-0.794344473007712
5,0.0,0.0,-0.15844155844155844,-0.12207792207792208,-0.22857142857142856,-0.3194805194805195,-0.22597402597402597,-0.4805194805194805,-0.23896103896103896,-0.6077922077922078,-0.13246753246753246,-0.5272727272727272,-0.13506493506493505,-0.7246753246753247,-0.13246753246753246,-0.8441558441558441,-0.12207792207792208,-0.9428571428571428,-0.04155844155844156,-0.5428571428571428,-0.046753246753246755,-0.7584415584415585,-0.04935064935064935,-0.8909090909090909,-0.04935064935064935,-1.0,0.04415584415584416,-0.522077922077922,0.04155844155844156,-0.7298701298701299,0.03896103896103896,-0.8493506493506493,0.033766233766233764,-0.9532467532467532,0.12987012987012986,-0.4701298701298701,0.12727272727272726,-0.6233766233766234,0.11688311688311688,-0.7220779220779221,0.1038961038961039,-0.8051948051948052
5,0.0,0.0,-0.15324675324675324,-0.11948051948051948,-0.22337662337662337,-0.3194805194805195,-0.22077922077922077,-0.4753246753246753,-0.22337662337662337,-0.5948051948051948,-0.12207792207792208,-0.5324675324675324,-0.12207792207792208,-0.7220779220779221,-0.11948051948051948,-0.8363636363636363,-0.11688311688311688,-0.9324675324675324,-0.03636363636363636,-0.5454545454545454,-0.03636363636363636,-0.7558441558441559,-0.03896103896103896,-0.8883116883116883,-0.04155844155844156,-1.0,0.04415584415584416,-0.5246753246753246,0.046753246753246755,-0.7246753246753247,0.04415584415584416,-0.8467532467532467,0.03896103896103896,-0.9506493506493506,0.12467532467532468,-0.4727272727272727,0.13246753246753246,-0.625974025974026,0.12467532467532468,-0.7246753246753247,0.11428571428571428,-0.8025974025974026
5,0.0,0.0,-0.16103896103896104,-0.10909090909090909,-0.24155844155844156,-0.3090909090909091,-0.24675324675324675,-0.4675324675324675,-0.2571428571428571,-0.5922077922077922,-0.14545454545454545,-0.5246753246753246,-0.15064935064935064,-0.7194805194805195,-0.15584415584415584,-0.8389610389610389,-0.15584415584415584,-0.935064935064935,-0.05974025974025974,-0.5402597402597402,-0.06753246753246753,-0.7558441558441559,-0.07272727272727272,-0.8909090909090909,-0.07792207792207792,-1.0,0.023376623376623377,-0.522077922077922,0.015584415584415584,-0.7272727272727273,0.01038961038961039,-0.8519480519480519,0.0025974025974025974,-0.9532467532467532,0.10649350649350649,-0.4753246753246753,0.10649350649350649,-0.6285714285714286,0.09610389610389611,-0.7246753246753247,0.08571428571428572,-0.8051948051948052
5,0.0,0.0,-0.15584415584415584,-0.11948051948051948,-0.22337662337662337,-0.3116883116883117,-0.21818181818181817,-0.4701298701298701,-0.22597402597402597,-0.5974025974025974,-0.13246753246753246,-0.5246753246753246,-0.13506493506493505,-0.7246753246753247,-0.13506493506493505,-0.8467532467532467,-0.13506493506493505,-0.9454545454545454,-0.046753246753246755,-0.5402597402597402,-0.05454545454545454,-0.7532467532467533,-0.05974025974025974,-0.8883116883116883,-0.06493506493506493,-1.0,0.033766233766233764,-0.522077922077922,0.03116883116883117,-0.7272727272727273,0.025974025974025976,-0.8467532467532467,0.01818181818181818,-0.948051948051948,0.11948051948051948,-0.4753246753246753,0.11948051948051948,-0.6285714285714286,0.11168831168831168,-0.7246753246753247,0.0987012987012987,-0.8051948051948052
5,0.0,0.0,-0.1636828644501279,-0.09718670076726342,-0.24296675191815856,-0.29411764705882354,-0.24808184143222506,-0.45268542199488493,-0.26854219948849106,-0.5805626598465473,-0.1534526854219949,-0.5166240409207161,-0.16879795396419436,-0.7135549872122762,-0.17647058823529413,-0.8337595907928389,-0.1815856777493606,-0.9335038363171355,-0.06649616368286446,-0.5345268542199488,-0.08184143222506395,-0.7493606138107417,-0.09207161125319693,-0.887468030690537,-0.09974424552429667,-1.0,0.017902813299232736,-0.5191815856777494,0.0076726342710997444,-0.7212276214833759,0.0,-0.8439897698209718,-0.01278772378516624,-0.948849104859335,0.10485933503836317,-0.47058823529411764,0.09974424552429667,-0.6240409207161125,0.08695652173913043,-0.7212276214833759,0.06905370843989769,-0.8056265984654731
5,0.0,0.0,-0.16449086161879894,-0.10443864229765012,-0.2402088772845953,-0.28720626631853785,-0.23759791122715404,-0.4490861618798956,-0.25326370757180156,-0.5822454308093995,-0.14882506527415143,-0.5195822454308094,-0.15926892950391644,-0.720626631853786,-0.16449086161879894,-0.8433420365535248,-0.1671018276762402,-0.9451697127937336,-0.06005221932114883,-0.5352480417754569,-0.07049608355091384,-0.7519582245430809,-0.08093994778067885,-0.8877284595300261,-0.08877284595300261,-1.0,0.02349869451697128,-0.5195822454308094,0.018276762402088774,-0.7258485639686684,0.007832898172323759,-0.8511749347258486,-0.005221932114882507,-0.9530026109660574,0.10704960835509138,-0.47780678851174935,0.10704960835509138,-0.6318537859007833,0.09399477806788512,-0.7284595300261096,0.08093994778067885,-0.8120104438642297
5,0.0,0.0,-0.1569620253164557,-0.09620253164556962,-0.23037974683544304,-0.28860759493670884,-0.23037974683544304,-0.44050632911392407,-0.25063291139240507,-0.5670886075949367,-0.14430379746835442,-0.5113924050632911,-0.15949367088607594,-0.7139240506329114,-0.16962025316455695,-0.8354430379746836,-0.17468354430379746,-0.9392405063291139,-0.05822784810126582,-0.5265822784810127,-0.07848101265822785,-0.7417721518987341,-0.09113924050632911,-0.8810126582278481,-0.10126582278481013,-1.0,0.02531645569620253,-0.5063291139240507,0.012658227848101266,-0.7088607594936709,0.002531645569620253,-0.8354430379746836,-0.012658227848101266,-0.9443037974683545,0.11139240506329114,-0.4531645569620253,0.10379746835443038,-0.6075949367088608,0.08860759493670886,-0.7063291139240506,0.06835443037974684,-0.7924050632911392
5,0.0,0.0,-0.15926892950391644,-0.1122715404699739,-0.23237597911227154,-0.2950391644908616,-0.23237597911227154,-0.4490861618798956,-0.24281984334203655,-0.5796344647519582,-0.15404699738903394,-0.5143603133159269,-0.1671018276762402,-0.7127937336814621,-0.17232375979112272,-0.8328981723237598,-0.17232375979112272,-0.9373368146214099,-0.06527415143603134,-0.5300261096605744,-0.08093994778067885,-0.7493472584856397,-0.09138381201044386,-0.8851174934725848,-0.09660574412532637,-1.0,0.020887728459530026,-0.5143603133159269,0.010443864229765013,-0.7258485639686684,0.0026109660574412533,-0.8511749347258486,-0.007832898172323759,-0.95822454308094,0.10966057441253264,-0.4699738903394256,0.10182767624020887,-0.6240208877284595,0.09138381201044386,-0.7232375979112271,0.07571801566579635,-0.8120104438642297
5,0.0,0.0,-0.15897435897435896,-0.09743589743589744,-0.23333333333333334,-0.28717948717948716,-0.2358974358974359,-0.44358974358974357,-0.26153846153846155,-0.5666666666666667,-0.14615384615384616,-0.5076923076923077,-0.1564102564102564,-0.7076923076923077,-0.1641025641025641,-0.8307692307692308,-0.1717948717948718,-0.9358974358974359,-0.06153846153846154,-0.5230769230769231,-0.07692307692307693,-0.7410256410256411,-0.08974358974358974,-0.8794871794871795,-0.10256410256410256,-1.0,0.023076923076923078,-0.5025641025641026,0.01282051282051282,-0.7102564102564103,0.002564102564102564,-0.8358974358974359,-0.01282051282051282,-0.9461538461538461,0.1076923076923077,-0.44871794871794873,0.10512820512820513,-0.6051282051282051,0.09487179487179487,-0.7076923076923077,0.07948717948717948,-0.8
5,0.0,0.0,-0.1556122448979592,-0.09438775510204081,-0.23214285714285715,-0.28316326530612246,-0.23469387755102042,-0.4413265306122449,-0.25255102040816324,-0.576530612244898,-0.14795918367346939,-0.5102040816326531,-0.15816326530612246,-0.7091836734693877,-0.1683673469387755,-0.8316326530612245,-0.17346938775510204,-0.9336734693877551,-0.061224489795918366,-0.5255102040816326,-0.07908163265306123,-0.7474489795918368,-0.09438775510204081,-0.8852040816326531,-0.10459183673469388,-1.0,0.02295918367346939,-0.5102040816326531,0.007653061224489796,-0.7193877551020408,-0.002551020408163265,-0.8418367346938775,-0.017857142857142856,-0.9489795918367347,0.1096938775510204,-0.45918367346938777,0.10204081632653061,-0.6147959183673469,0.08928571428571429,-0.7168367346938775,0.07397959183673469,-0.8035714285714286
5,0.0,0.0,-0.15206185567010308,-0.10309278350515463,-0.22164948453608246,-0.2963917525773196,-0.22422680412371135,-0.45103092783505155,-0.23969072164948454,-0.5798969072164949,-0.13917525773195877,-0.520618556701031,-0.14175257731958762,-0.7190721649484536,-0.14432989690721648,-0.8402061855670103,-0.14432989690721648,-0.9407216494845361,-0.05412371134020619,-0.5335051546391752,-0.06443298969072164,-0.7525773195876289,-0.07474226804123711,-0.8891752577319587,-0.08505154639175258,-1.0,0.028350515463917526,-0.5154639175257731,0.020618556701030927,-0.7268041237113402,0.010309278350515464,-0.8505154639175257,-0.005154639175257732,-0.9536082474226805,0.1134020618556701,-0.4690721649484536,0.1134020618556701,-0.6262886597938144,0.1056701030927835,-0.7268041237113402,0.09020618556701031,-0.8118556701030928
5,0.0,0.0,-0.1518987341772152,-0.09873417721518987,-0.22784810126582278,-0.29620253164556964,-0.23544303797468355,-0.4481012658227848,-0.2430379746835443,-0.5746835443037974,-0.1341772151898734,-0.5164556962025316,-0.13924050632911392,-0.7063291139240506,-0.14430379746835442,-0.8227848101265823,-0.14936708860759493,-0.9240506329113924,-0.05063291139240506,-0.5316455696202531,-0.06329113924050633,-0.7468354430379747,-0.07341772151898734,-0.8835443037974684,-0.08354430379746836,-1.0,0.030379746835443037,-0.5113924050632911,0.020253164556962026,-0.7139240506329114,0.010126582278481013,-0.8379746835443038,-0.005063291139240506,-0.9417721518987342,0.10886075949367088,-0.4582278481012658,0.10632911392405063,-0.610126582278481,0.09367088607594937,-0.7088607594936709,0.07848101265822785,-0.7949367088607595
5,0.0,0.0,-0.1475826972010178,-0.09923664122137404,-0.22137404580152673,-0.2900763358778626,-0.23155216284987276,-0.44529262086513993,-0.24681933842239187,-0.5801526717557252,-0.13994910941475827,-0.5139949109414759,-0.13994910941475827,-0.7150127226463104,-0.13994910941475827,-0.8396946564885496,-0.13740458015267176,-0.9414758269720102,-0.058524173027989825,-0.5292620865139949,-0.06615776081424936,-0.7480916030534351,-0.0737913486005089,-0.8829516539440203,-0.07888040712468193,-1.0,0.020356234096692113,-0.5114503816793893,0.015267175572519083,-0.7201017811704835,0.010178117048346057,-0.8422391857506362,-0.002544529262086514,-0.9491094147582697,0.10178117048346055,-0.4631043256997455,0.10178117048346055,-0.6208651399491094,0.09414758269720101,-0.7201017811704835,0.08396946564885496,-0.8040712468193384
5,0.0,0.0,-0.14463840399002495,-0.09975062344139651,-0.2169576059850374,-0.2942643391521197,-0.22693266832917705,-0.44389027431421446,-0.24189526184538654,-0.571072319201995,-0.12967581047381546,-0.516209476309227,-0.13466334164588528,-0.713216957605985,-0.14214463840399003,-0.830423940149626,-0.14962593516209477,-0.9326683291770573,-0.04738154613466334,-0.5311720698254364,-0.06234413965087282,-0.743142144638404,-0.07231920199501247,-0.8827930174563591,-0.08229426433915212,-1.0,0.032418952618453865,-0.5087281795511222,0.022443890274314215,-0.713216957605985,0.00997506234413965,-0.8354114713216958,-0.004987531172069825,-0.942643391521197,0.1172069825436409,-0.456359102244389,0.11221945137157108,-0.6084788029925187,0.09725685785536159,-0.7057356608478803,0.0798004987531172,-0.7930174563591023
5,0.0,0.0,-0.14395886889460155,-0.11053984575835475,-0.2133676092544987,-0.30848329048843187,-0.2262210796915167,-0.45758354755784064,-0.2416452442159383,-0.5886889460154242,-0.13624678663239073,-0.5167095115681234,-0.14395886889460155,-0.712082262210797,-0.14652956298200515,-0.8303341902313625,-0.14910025706940874,-0.9280205655526992,-0.056555269922879174,-0.532133676092545,-0.061696658097686374,-0.7506426735218509,-0.06940874035989718,-0.8868894601542416,-0.07455012853470437,-1.0,0.02313624678663239,-0.5167095115681234,0.02056555269922879,-0.7249357326478149,0.015424164524421594,-0.8457583547557841,0.002570694087403599,-0.9511568123393316,0.10539845758354756,-0.4704370179948586,0.10796915167095116,-0.6246786632390745,0.10025706940874037,-0.7223650385604113,0.08997429305912596,-0.8071979434447301
5,0.0,0.0,-0.1319796954314721,-0.1116751269035533,-0.19543147208121828,-0.30456852791878175,-0.20558375634517767,-0.44923857868020306,-0.21065989847715735,-0.5736040609137056,-0.10913705583756345,-0.5126903553299492,-0.116751269035533,-0.7208121827411168,-0.11928934010152284,-0.8426395939086294,-0.1218274111675127,-0.9467005076142132,-0.03299492385786802,-0.5253807106598984,-0.04568527918781726,-0.7436548223350253,-0.05583756345177665,-0.883248730964467,-0.06091370558375635,-1.0,0.048223350253807105,-0.5025380710659898,0.03553299492385787,-0.7157360406091371,0.027918781725888325,-0.8426395939086294,0.017766497461928935,-0.9517766497461929,0.12944162436548223,-0.44923857868020306,0.12690355329949238,-0.6091370558375635,0.116751269035533,-0.7157360406091371,0.09898477157360407,-0.8096446700507615
5,0.0,0.0,-0.13695090439276486,-0.11627906976744186,-0.19896640826873385,-0.3049095607235142,-0.2041343669250646,-0.45219638242894056,-0.2041343669250646,-0.5839793281653747,-0.11886304909560723,-0.5142118863049095,-0.11886304909560723,-0.7157622739018088,-0.11886304909560723,-0.8372093023255814,-0.11627906976744186,-0.9405684754521964,-0.03875968992248062,-0.5271317829457365,-0.046511627906976744,-0.7493540051679587,-0.05167958656330749,-0.8837209302325582,-0.059431524547803614,-1.0,0.041343669250646,-0.5090439276485789,0.03359173126614987,-0.7209302325581395,0.028423772609819122,-0.8423772609819121,0.015503875968992248,-0.9483204134366925,0.12919896640826872,-0.4625322997416021,0.12661498708010335,-0.6201550387596899,0.11886304909560723,-0.7183462532299741,0.1111111111111111,-0.8062015503875969
5,0.0,0.0,-0.11568123393316196,-0.12082262210796915,-0.15681233933161953,-0.3161953727506427,-0.15424164524421594,-0.45758354755784064,-0.16709511568123395,-0.5809768637532133,-0.07197943444730077,-0.5244215938303342,-0.07712082262210797,-0.7223650385604113,-0.07969151670951156,-0.8457583547557841,-0.07712082262210797,-0.9511568123393316,0.0,-0.5347043701799485,-0.010282776349614395,-0.7455012853470437,-0.015424164524421594,-0.8817480719794345,-0.02056555269922879,-1.0,0.07455012853470437,-0.5167095115681234,0.06940874035989718,-0.7197943444730077,0.06683804627249357,-0.8457583547557841,0.056555269922879174,-0.9562982005141388,0.14910025706940874,-0.4704370179948586,0.15167095115681234,-0.6298200514138818,0.14652956298200515,-0.7352185089974294,0.13624678663239073,-0.8251928020565553
5,0.0,0.0,-0.12628865979381443,-0.10824742268041238,-0.17783505154639176,-0.30412371134020616,-0.18556701030927836,-0.4536082474226804,-0.20876288659793815,-0.5798969072164949,-0.11597938144329897,-0.5180412371134021,-0.1211340206185567,-0.7164948453608248,-0.12628865979381443,-0.8376288659793815,-0.12628865979381443,-0.9381443298969072,-0.041237113402061855,-0.5360824742268041,-0.059278350515463915,-0.7474226804123711,-0.06701030927835051,-0.884020618556701,-0.07474226804123711,-1.0,0.03350515463917526,-0.5180412371134021,0.01804123711340206,-0.7242268041237113,0.010309278350515464,-0.8479381443298969,-0.005154639175257732,-0.9561855670103093,0.11597938144329897,-0.4690721649484536,0.11082474226804123,-0.6262886597938144,0.10051546391752578,-0.7319587628865979,0.08762886597938144,-0.8247422680412371
5,0.0,0.0,-0.12176165803108809,-0.12435233160621761,-0.16839378238341968,-0.3134715025906736,-0.17098445595854922,-0.45595854922279794,-0.18911917098445596,-0.5751295336787565,-0.10621761658031088,-0.5259067357512953,-0.11398963730569948,-0.7150259067357513,-0.11658031088082901,-0.8316062176165803,-0.11658031088082901,-0.9300518134715026,-0.031088082901554404,-0.5414507772020726,-0.04404145077720207,-0.7512953367875648,-0.05181347150259067,-0.8860103626943006,-0.05958549222797927,-1.0,0.04404145077720207,-0.5233160621761658,0.03626943005181347,-0.727979274611399,0.031088082901554404,-0.8497409326424871,0.02072538860103627,-0.9585492227979274,0.12435233160621761,-0.4740932642487047,0.12176165803108809,-0.6347150259067358,0.11398963730569948,-0.7357512953367875,0.10362694300518134,-0.8264248704663213
5,0.0,0.0,-0.13131313131313133,-0.10101010101010101,-0.17929292929292928,-0.29292929292929293,-0.17676767676767677,-0.4444444444444444,-0.20202020202020202,-0.5732323232323232,-0.10353535353535354,-0.5176767676767676,-0.11616161616161616,-0.7121212121212122,-0.12878787878787878,-0.8308080808080808,-0.13636363636363635,-0.9343434343434344,-0.030303030303030304,-0.5328282828282829,-0.05303030303030303,-0.7449494949494949,-0.07323232323232323,-0.8813131313131313,-0.08838383838383838,-1.0,0.04292929292929293,-0.5176767676767676,0.022727272727272728,-0.7272727272727273,0.010101010101010102,-0.851010101010101,-0.010101010101010102,-0.9595959595959596,0.12373737373737374,-0.47474747474747475,0.11616161616161616,-0.6388888888888888,0.10101010101010101,-0.7449494949494949,0.08080808080808081,-0.8358585858585859
5,0.0,0.0,-0.12207792207792208,-0.12727272727272726,-0.16883116883116883,-0.3142857142857143,-0.16883116883116883,-0.45194805194805193,-0.18701298701298702,-0.5792207792207792,-0.1012987012987013,-0.5194805194805194,-0.10909090909090909,-0.7090909090909091,-0.11948051948051948,-0.8207792207792208,-0.12467532467532468,-0.9194805194805195,-0.025974025974025976,-0.535064935064935,-0.04155844155844156,-0.7506493506493507,-0.05454545454545454,-0.8831168831168831,-0.07012987012987013,-1.0,0.046753246753246755,-0.5168831168831168,0.03636363636363636,-0.7272727272727273,0.025974025974025976,-0.8493506493506493,0.01038961038961039,-0.9584415584415584,0.13246753246753246,-0.4701298701298701,0.12727272727272726,-0.6337662337662338,0.11428571428571428,-0.7376623376623377,0.09610389610389611,-0.8311688311688312
5,0.0,0.0,-0.15789473684210525,-0.08270676691729323,-0.23057644110275688,-0.2681704260651629,-0.22556390977443608,-0.42355889724310775,-0.23057644110275688,-0.5588972431077694,-0.13533834586466165,-0.506265664160401,-0.14285714285714285,-0.7017543859649122,-0.15538847117794485,-0.8195488721804511,-0.16290726817042606,-0.9223057644110275,-0.05764411027568922,-0.5263157894736842,-0.07769423558897243,-0.7393483709273183,-0.10275689223057644,-0.8796992481203008,-0.12531328320802004,-1.0,0.017543859649122806,-0.5087719298245614,0.0,-0.7167919799498746,-0.020050125313283207,-0.8446115288220551,-0.042606516290726815,-0.9548872180451128,0.09774436090225563,-0.45864661654135336,0.09022556390977443,-0.6165413533834586,0.07268170426065163,-0.7243107769423559,0.05513784461152882,-0.8220551378446115
5,0.0,0.0,-0.13383838383838384,-0.10101010101010101,-0.18181818181818182,-0.2803030303030303,-0.16414141414141414,-0.4318181818181818,-0.16666666666666666,-0.5606060606060606,-0.09090909090909091,-0.5176767676767676,-0.09343434343434344,-0.7095959595959596,-0.10353535353535354,-0.8282828282828283,-0.10858585858585859,-0.9292929292929293,-0.010101010101010102,-0.5328282828282829,-0.025252525252525252,-0.75,-0.045454545454545456,-0.8863636363636364,-0.06565656565656566,-1.0,0.06313131313131314,-0.5176767676767676,0.050505050505050504,-0.7297979797979798,0.03535353535353535,-0.851010101010101,0.012626262626262626,-0.9595959595959596,0.14393939393939395,-0.4722222222222222,0.1388888888888889,-0.6363636363636364,0.12373737373737374,-0.7348484848484849,0.10606060606060606,-0.8257575757575758
5,0.0,0.0,-0.17,-0.0875,-0.2525,-0.255,-0.2475,-0.4125,-0.22,-0.55,-0.13,-0.515,-0.1275,-0.7075,-0.14,-0.825,-0.1475,-0.93,-0.0475,-0.5325,-0.06,-0.745,-0.085,-0.885,-0.11,-1.0,0.03,-0.515,0.0125,-0.72,-0.01,-0.8425,-0.0375,-0.95,0.115,-0.465,0.115,-0.6225,0.095,-0.725,0.07,-0.815
5,0.0,0.0,-0.16331658291457288,-0.08542713567839195,-0.24623115577889448,-0.2562814070351759,-0.24120603015075376,-0.41708542713567837,-0.20854271356783918,-0.5527638190954773,-0.12562814070351758,-0.5150753768844221,-0.135678391959799,-0.7060301507537688,-0.1507537688442211,-0.8241206030150754,-0.16080402010050251,-0.9246231155778895,-0.04522613065326633,-0.5376884422110553,-0.06030150753768844,-0.7512562814070352,-0.0829145728643216,-0.8844221105527639,-0.10804020100502512,-1.0,0.03015075376884422,-0.5226130653266332,0.017587939698492462,-0.7286432160804021,-0.005025125628140704,-0.8492462311557789,-0.03015075376884422,-0.9547738693467337,0.11055276381909548,-0.4748743718592965,0.10552763819095477,-0.6331658291457286,0.08542713567839195,-0.7311557788944724,0.05778894472361809,-0.821608040201005
5,0.0,0.0,-0.15897435897435896,-0.1,-0.24615384615384617,-0.27692307692307694,-0.2512820512820513,-0.4256410256410256,-0.24871794871794872,-0.5615384615384615,-0.14871794871794872,-0.5358974358974359,-0.16666666666666666,-0.7230769230769231,-0.18974358974358974,-0.8384615384615385,-0.21025641025641026,-0.9384615384615385,-0.07435897435897436,-0.5512820512820513,-0.10256410256410256,-0.7589743589743589,-0.13333333333333333,-0.8897435897435897,-0.1641025641025641,-1.0,0.002564102564102564,-0.5333333333333333,-0.03076923076923077,-0.735897435897436,-0.05897435897435897,-0.8615384615384616,-0.09230769230769231,-0.9717948717948718,0.08717948717948718,-0.4846153846153846,0.07179487179487179,-0.6512820512820513,0.046153846153846156,-0.7589743589743589,0.01282051282051282,-0.8589743589743589
5,0.0,0.0,-0.1641025641025641,-0.1,-0.24615384615384617,-0.2743589743589744,-0.24615384615384617,-0.4282051282051282,-0.23846153846153847,-0.558974358974359,-0.1564102564102564,-0.5153846153846153,-0.1794871794871795,-0.7051282051282052,-0.19743589743589743,-0.8205128205128205,-0.2076923076923077,-0.9205128205128205,-0.07948717948717948,-0.5358974358974359,-0.11025641025641025,-0.7512820512820513,-0.1358974358974359,-0.8846153846153846,-0.15897435897435896,-1.0,-0.002564102564102564,-0.5230769230769231,-0.03333333333333333,-0.7333333333333333,-0.05641025641025641,-0.8564102564102564,-0.08205128205128205,-0.9615384615384616,0.08461538461538462,-0.4794871794871795,0.06923076923076923,-0.6435897435897436,0.046153846153846156,-0.7487179487179487,0.020512820512820513,-0.8435897435897436
5,0.0,0.0,-0.15167095115681234,-0.09511568123393316,-0.2365038560411311,-0.2699228791773779,-0.2570694087403599,-0.41645244215938304,-0.27249357326478146,-0.5552699228791774,-0.17223650385604114,-0.5141388174807198,-0.20308483290488433,-0.7043701799485861,-0.2262210796915167,-0.8200514138817481,-0.2416452442159383,-0.9203084832904884,-0.10282776349614396,-0.5347043701799485,-0.14395886889460155,-0.7455012853470437,-0.17480719794344474,-0.8817480719794345,-0.20051413881748073,-1.0,-0.028277634961439587,-0.5218508997429306,-0.06426735218508997,-0.7300771208226221,-0.09254498714652956,-0.8586118251928021,-0.12339331619537275,-0.9691516709511568,0.056555269922879174,-0.4781491002570694,0.038560411311053984,-0.6401028277634961,0.015424164524421594,-0.7455012853470437,-0.017994858611825194,-0.8380462724935732
5,0.0,0.0,-0.16452442159383032,-0.09768637532133675,-0.2467866323907455,-0.27249357326478146,-0.2493573264781491,-0.4267352185089974,-0.2544987146529563,-0.5604113110539846,-0.16709511568123395,-0.5218508997429306,-0.19023136246786632,-0.7146529562982005,-0.20822622107969152,-0.8329048843187661,-0.2210796915167095,-0.9331619537275064,-0.09511568123393316,-0.5424164524421594,-0.12596401028277635,-0.7532133676092545,-0.15424164524421594,-0.884318766066838,-0.17480719794344474,-1.0,-0.017994858611825194,-0.5269922879177378,-0.04884318766066838,-0.7352185089974294,-0.07197943444730077,-0.8560411311053985,-0.10025706940874037,-0.961439588688946,0.06940874035989718,-0.4832904884318766,0.05398457583547558,-0.6478149100257069,0.033419023136246784,-0.7532133676092545,0.005141388174807198,-0.8483290488431876
5,0.0,0.0,-0.16414141414141414,-0.08585858585858586,-0.25757575757575757,-0.2601010101010101,-0.26515151515151514,-0.4166666666666667,-0.2474747474747475,-0.553030303030303,-0.14898989898989898,-0.5303030303030303,-0.1691919191919192,-0.7171717171717171,-0.18434343434343434,-0.8383838383838383,-0.1893939393939394,-0.9419191919191919,-0.07575757575757576,-0.5454545454545454,-0.10353535353535354,-0.7525252525252525,-0.12626262626262627,-0.8813131313131313,-0.1414141414141414,-1.0,0.0,-0.5303030303030303,-0.025252525252525252,-0.7297979797979798,-0.05303030303030303,-0.8560606060606061,-0.07575757575757576,-0.9722222222222222,0.08585858585858586,-0.4823232323232323,0.07575757575757576,-0.6464646464646465,0.050505050505050504,-0.7525252525252525,0.020202020202020204,-0.8484848484848485
5,0.0,0.0,-0.18453865336658354,-0.0798004987531172,-0.2817955112219451,-0.2593516209476309,-0.2817955112219451,-0.42144638403990026,-0.24189526184538654,-0.5511221945137157,-0.14463840399002495,-0.5211970074812967,-0.1546134663341646,-0.7057356608478803,-0.16957605985037408,-0.8254364089775561,-0.17955112219451372,-0.9301745635910225,-0.06234413965087282,-0.543640897755611,-0.0773067331670823,-0.7506234413965087,-0.10224438902743142,-0.885286783042394,-0.12718204488778054,-1.0,0.014962593516209476,-0.5361596009975063,0.0024937655860349127,-0.7356608478802993,-0.02493765586034913,-0.8603491271820449,-0.05236907730673317,-0.970074812967581,0.09476309226932668,-0.49625935162094764,0.08728179551122195,-0.6608478802992519,0.06234413965087282,-0.7605985037406484,0.034912718204488775,-0.8503740648379052
5,0.0,0.0,-0.16243654822335024,-0.09390862944162437,-0.24873096446700507,-0.2868020304568528,-0.26649746192893403,-0.44416243654822335,-0.2918781725888325,-0.5685279187817259,-0.19289340101522842,-0.5126903553299492,-0.2182741116751269,-0.7055837563451777,-0.22842639593908629,-0.8147208121827412,-0.233502538071066,-0.9137055837563451,-0.1116751269035533,-0.5406091370558376,-0.1446700507614213,-0.7563451776649747,-0.1649746192893401,-0.8883248730964467,-0.1802030456852792,-1.0,-0.030456852791878174,-0.5329949238578681,-0.06091370558375635,-0.7385786802030457,-0.08121827411167512,-0.8578680203045685,-0.10406091370558376,-0.9593908629441624,0.06598984771573604,-0.49238578680203043,0.04314720812182741,-0.649746192893401,0.025380710659898477,-0.7461928934010152,0.005076142131979695,-0.8324873096446701
5,0.0,0.0,-0.16879795396419436,-0.08951406649616368,-0.25831202046035806,-0.2710997442455243,-0.27621483375959077,-0.4322250639386189,-0.30179028132992325,-0.5652173913043478,-0.1969309462915601,-0.5115089514066496,-0.21994884910485935,-0.7084398976982097,-0.23017902813299232,-0.8286445012787724,-0.23273657289002558,-0.928388746803069,-0.11253196930946291,-0.5370843989769821,-0.1432225063938619,-0.7570332480818415,-0.16112531969309463,-0.887468030690537,-0.16879795396419436,-1.0,-0.028132992327365727,-0.5294117647058824,-0.056265984654731455,-0.7340153452685422,-0.07161125319693094,-0.8542199488491049,-0.08951406649616368,-0.9616368286445013,0.0639386189258312,-0.4884910485933504,0.04603580562659847,-0.6470588235294118,0.030690537084398978,-0.7442455242966752,0.01278772378516624,-0.8286445012787724
5,0.0,0.0,-0.17721518987341772,-0.08354430379746836,-0.2759493670886076,-0.26582278481012656,-0.3012658227848101,-0.4253164556962025,-0.33164556962025316,-0.5645569620253165,-0.21265822784810126,-0.5088607594936709,-0.23291139240506328,-0.7113924050632912,-0.2430379746835443,-0.8329113924050633,-0.2481012658227848,-0.9392405063291139,-0.1240506329113924,-0.5316455696202531,-0.1569620253164557,-0.7493670886075949,-0.17721518987341772,-0.8835443037974684,-0.1949367088607595,-1.0,-0.035443037974683546,-0.5215189873417722,-0.06582278481012659,-0.7240506329113924,-0.08860759493670886,-0.8481012658227848,-0.11139240506329114,-0.9544303797468354,0.060759493670886074,-0.47848101265822784,0.0379746835443038,-0.6379746835443038,0.015189873417721518,-0.7367088607594937,-0.012658227848101266,-0.8253164556962025
5,0.0,0.0,-0.18527918781725888,-0.08121827411167512,-0.2893401015228426,-0.25888324873096447,-0.31725888324873097,-0.4213197969543147,-0.350253807106599,-0.5609137055837563,-0.2182741116751269,-0.5177664974619289,-0.23857868020304568,-0.7182741116751269,-0.24873096446700507,-0.8426395939086294,-0.2512690355329949,-0.949238578680203,-0.12944162436548223,-0.5380710659898477,-0.1598984771573604,-0.7538071065989848,-0.17766497461928935,-0.8857868020304569,-0.18781725888324874,-1.0,-0.04314720812182741,-0.5253807106598984,-0.06852791878172589,-0.7233502538071066,-0.08883248730964467,-0.8477157360406091,-0.10406091370558376,-0.9543147208121827,0.0532994923857868,-0.47715736040609136,0.03299492385786802,-0.631979695431472,0.012690355329949238,-0.7284263959390863,-0.007614213197969543,-0.8147208121827412
5,0.0,0.0,-0.1806930693069307,-0.0891089108910891,-0.28465346534653463,-0.2722772277227723,-0.2995049504950495,-0.43564356435643564,-0.3292079207920792,-0.5668316831683168,-0.20297029702970298,-0.5123762376237624,-0.22277227722772278,-0.7103960396039604,-0.23514851485148514,-0.8341584158415841,-0.24752475247524752,-0.9381188118811881,-0.11386138613861387,-0.5346534653465347,-0.14356435643564355,-0.7524752475247525,-0.16584158415841585,-0.8886138613861386,-0.18316831683168316,-1.0,-0.027227722772277228,-0.5222772277227723,-0.05693069306930693,-0.7252475247524752,-0.07425742574257425,-0.849009900990099,-0.09653465346534654,-0.9579207920792079,0.06683168316831684,-0.4777227722772277,0.04455445544554455,-0.6336633663366337,0.024752475247524754,-0.7301980198019802,0.0024752475247524753,-0.8118811881188119
5,0.0,0.0,-0.18518518518518517,-0.08641975308641975,-0.291358024691358,-0.26666666666666666,-0.30864197530864196,-0.4345679012345679,-0.3333333333333333,-0.5679012345679012,-0.21481481481481482,-0.508641975308642,-0.23703703703703705,-0.7086419753086419,-0.2518518518518518,-0.8320987654320988,-0.2617283950617284,-0.9382716049382716,-0.1259259259259259,-0.5333333333333333,-0.16049382716049382,-0.7506172839506173,-0.17777777777777778,-0.8839506172839506,-0.1925925925925926,-1.0,-0.04197530864197531,-0.5234567901234568,-0.0691358024691358,-0.7283950617283951,-0.08641975308641975,-0.8493827160493828,-0.1037037037037037,-0.9555555555555556,0.05185185185185185,-0.48148148148148145,0.03209876543209877,-0.6395061728395062,0.01728395061728395,-0.7382716049382716,0.0,-0.8197530864197531
5,0.0,0.0,-0.1725,-0.095,-0.2725,-0.285,-0.29,-0.4525,-0.3075,-0.585,-0.2025,-0.515,-0.2275,-0.71,-0.24,-0.8275,-0.2475,-0.93,-0.1175,-0.54,-0.1475,-0.7575,-0.1625,-0.8875,-0.1725,-1.0,-0.03,-0.53,-0.0575,-0.735,-0.0725,-0.86,-0.0875,-0.9675,0.065,-0.49,0.0425,-0.6475,0.025,-0.745,0.01,-0.83
5,0.0,0.0,-0.1820388349514563,-0.08980582524271845,-0.279126213592233,-0.279126213592233,-0.2912621359223301,-0.4441747572815534,-0.3106796116504854,-0.5752427184466019,-0.2087378640776699,-0.5097087378640777,-0.23058252427184467,-0.7111650485436893,-0.23786407766990292,-0.8325242718446602,-0.23786407766990292,-0.9368932038834952,-0.12135922330097088,-0.5339805825242718,-0.15048543689320387,-0.75,-0.16747572815533981,-0.883495145631068,-0.17718446601941748,-1.0,-0.03155339805825243,-0.5218446601941747,-0.06310679611650485,-0.7257281553398058,-0.08009708737864078,-0.8495145631067961,-0.09466019417475728,-0.9538834951456311,0.06310679611650485,-0.47815533980582525,0.038834951456310676,-0.6359223300970874,0.01699029126213592,-0.7305825242718447,-0.0048543689320388345,-0.8106796116504854
5,0.0,0.0,-0.17412935323383086,-0.09950248756218906,-0.27860696517412936,-0.2860696517412935,-0.3034825870646766,-0.4527363184079602,-0.31592039800995025,-0.5845771144278606,-0.19900497512437812,-0.5174129353233831,-0.21641791044776118,-0.7164179104477612,-0.2263681592039801,-0.8333333333333334,-0.22885572139303484,-0.9353233830845771,-0.11194029850746269,-0.5398009950248757,-0.13681592039800994,-0.7587064676616916,-0.15422885572139303,-0.8880597014925373,-0.16666666666666666,-1.0,-0.024875621890547265,-0.5298507462686567,-0.0472636815920398,-0.7338308457711443,-0.06467661691542288,-0.8532338308457711,-0.08208955223880597,-0.9577114427860697,0.07213930348258707,-0.48507462686567165,0.05472636815920398,-0.6467661691542289,0.03731343283582089,-0.7412935323383084,0.022388059701492536,-0.8258706467661692
5,0.0,0.0,-0.17530864197530865,-0.08148148148148149,-0.2814814814814815,-0.2740740740740741,-0.3037037037037037,-0.4444444444444444,-0.31851851851851853,-0.5777777777777777,-0.20246913580246914,-0.5111111111111111,-0.21975308641975308,-0.7185185185185186,-0.22469135802469137,-0.8395061728395061,-0.22469135802469137,-0.9407407407407408,-0.10864197530864197,-0.5358024691358024,-0.13333333333333333,-0.7555555555555555,-0.14814814814814814,-0.8864197530864197,-0.1580246913580247,-1.0,-0.01728395061728395,-0.5209876543209877,-0.044444444444444446,-0.7283950617283951,-0.06172839506172839,-0.8518518518518519,-0.07654320987654321,-0.9580246913580247,0.07901234567901234,-0.4765432098765432,0.05432098765432099,-0.6320987654320988,0.0345679012345679,-0.7308641975308642,0.014814814814814815,-0.8148148148148148
5,0.0,0.0,-0.18673218673218672,-0.07862407862407862,-0.29975429975429974,-0.25307125307125306,-0.32678132678132676,-0.4201474201474201,-0.3464373464373464,-0.5577395577395577,-0.21375921375921375,-0.5036855036855037,-0.23587223587223588,-0.7027027027027027,-0.24324324324324326,-0.8206388206388207,-0.24324324324324326,-0.9287469287469288,-0.12776412776412777,-0.5282555282555282,-0.1547911547911548,-0.7469287469287469,-0.16707616707616707,-0.8796068796068796,-0.17444717444717445,-1.0,-0.04176904176904177,-0.5184275184275184,-0.0687960687960688,-0.7223587223587223,-0.08108108108108109,-0.8427518427518428,-0.09336609336609336,-0.9508599508599509,0.051597051597051594,-0.47665847665847666,0.029484029484029485,-0.6363636363636364,0.012285012285012284,-0.7321867321867321,-0.004914004914004914,-0.8181818181818182
5,0.0,0.0,-0.18811881188118812,-0.07178217821782178,-0.3069306930693069,-0.24752475247524752,-0.3341584158415842,-0.41336633663366334,-0.35396039603960394,-0.5495049504950495,-0.22524752475247525,-0.5024752475247525,-0.25,-0.7004950495049505,-0.2599009900990099,-0.8217821782178217,-0.2623762376237624,-0.9306930693069307,-0.13613861386138615,-0.5297029702970297,-0.16336633663366337,-0.7475247524752475,-0.17574257425742573,-0.8836633663366337,-0.18316831683168316,-1.0,-0.04950495049504951,-0.5173267326732673,-0.07673267326732673,-0.7227722772277227,-0.09653465346534654,-0.849009900990099,-0.11386138613861387,-0.9603960396039604,0.04702970297029703,-0.47277227722772275,0.024752475247524754,-0.6287128712871287,0.0024752475247524753,-0.7301980198019802,-0.019801980198019802,-0.8193069306930693
5,0.0,0.0,-0.18407960199004975,-0.07960199004975124,-0.2935323383084577,-0.25870646766169153,-0.31592039800995025,-0.4228855721393035,-0.3407960199004975,-0.554726368159204,-0.21144278606965175,-0.5074626865671642,-0.23383084577114427,-0.7039800995024875,-0.24378109452736318,-0.8233830845771144,-0.2462686567164179,-0.927860696517413,-0.12189054726368159,-0.5298507462686567,-0.14676616915422885,-0.7512437810945274,-0.16169154228855723,-0.8830845771144279,-0.1691542288557214,-1.0,-0.03482587064676617,-0.5199004975124378,-0.05970149253731343,-0.7238805970149254,-0.07462686567164178,-0.8507462686567164,-0.09203980099502487,-0.9626865671641791,0.06218905472636816,-0.47512437810945274,0.04228855721393035,-0.6343283582089553,0.024875621890547265,-0.7338308457711443,0.007462686567164179,-0.8208955223880597
5,0.0,0.0,-0.1935483870967742,-0.07692307692307693,-0.3002481389578164,-0.2630272952853598,-0.3176178660049628,-0.43424317617866004,-0.3399503722084367,-0.56575682382134,-0.21836228287841192,-0.5012406947890818,-0.23821339950372208,-0.7022332506203474,-0.23573200992555832,-0.8238213399503722,-0.23076923076923078,-0.9280397022332506,-0.12406947890818859,-0.5310173697270472,-0.1488833746898263,-0.7518610421836228,-0.15632754342431762,-0.8858560794044665,-0.1588089330024814,-1.0,-0.03225806451612903,-0.5235732009925558,-0.05955334987593052,-0.7245657568238213,-0.06947890818858561,-0.8486352357320099,-0.0794044665012407,-0.9528535980148883,0.06699751861042183,-0.4813895781637717,0.03970223325062035,-0.6377171215880894,0.017369727047146403,-0.7320099255583127,-0.007444168734491315,-0.8138957816377171
5,0.0,0.0,-0.1926829268292683,-0.08048780487804878,-0.2975609756097561,-0.25853658536585367,-0.32195121951219513,-0.4292682926829268,-0.3439024390243902,-0.5609756097560976,-0.2146341463414634,-0.4975609756097561,-0.23170731707317074,-0.7,-0.23170731707317074,-0.8219512195121951,-0.22682926829268293,-0.926829268292683,-0.12195121951219512,-0.524390243902439,-0.14878048780487804,-0.7439024390243902,-0.15609756097560976,-0.8829268292682927,-0.15609756097560976,-1.0,-0.03170731707317073,-0.5146341463414634,-0.05853658536585366,-0.7170731707317073,-0.07073170731707316,-0.8414634146341463,-0.08048780487804878,-0.948780487804878,0.06829268292682927,-0.47073170731707314,0.041463414634146344,-0.6268292682926829,0.01707317073170732,-0.724390243902439,-0.0024390243902439024,-0.8048780487804879
5,0.0,0.0,-0.1935483870967742,-0.07692307692307693,-0.31265508684863524,-0.2555831265508685,-0.3399503722084367,-0.4292803970223325,-0.3598014888337469,-0.56575682382134,-0.23573200992555832,-0.5037220843672456,-0.26054590570719605,-0.7047146401985112,-0.2630272952853598,-0.826302729528536,-0.25806451612903225,-0.9330024813895782,-0.14392059553349876,-0.5285359801488834,-0.17369727047146402,-0.749379652605459,-0.18362282878411912,-0.8833746898263027,-0.18610421836228289,-1.0,-0.052109181141439205,-0.5186104218362283,-0.08188585607940446,-0.7196029776674938,-0.0967741935483871,-0.8436724565756824,-0.10669975186104218,-0.9528535980148883,0.04714640198511166,-0.4739454094292804,0.019851116625310174,-0.630272952853598,-0.004962779156327543,-0.7270471464019851,-0.02729528535980149,-0.8114143920595533
5,0.0,0.0,-0.19164619164619165,-0.07616707616707617,-0.2972972972972973,-0.25307125307125306,-0.3144963144963145,-0.4226044226044226,-0.3366093366093366,-0.5552825552825553,-0.20638820638820637,-0.49385749385749383,-0.22113022113022113,-0.6953316953316954,-0.22358722358722358,-0.8206388206388207,-0.22113022113022113,-0.9287469287469288,-0.11793611793611794,-0.5208845208845209,-0.13513513513513514,-0.742014742014742,-0.14250614250614252,-0.8820638820638821,-0.14250614250614252,-1.0,-0.03194103194103194,-0.5135135135135135,-0.05405405405405406,-0.714987714987715,-0.0687960687960688,-0.8427518427518428,-0.07862407862407862,-0.9484029484029484,0.05896805896805897,-0.47174447174447176,0.03931203931203931,-0.628992628992629,0.022113022113022112,-0.7297297297297297,0.004914004914004914,-0.8132678132678133
5,0.0,0.0,-0.18686868686868688,-0.08585858585858586,-0.29545454545454547,-0.2702020202020202,-0.3207070707070707,-0.44191919191919193,-0.33080808080808083,-0.5782828282828283,-0.2222222222222222,-0.5,-0.2398989898989899,-0.6994949494949495,-0.23737373737373738,-0.8181818181818182,-0.2297979797979798,-0.9217171717171717,-0.13636363636363635,-0.5252525252525253,-0.15404040404040403,-0.75,-0.1590909090909091,-0.8863636363636364,-0.15656565656565657,-1.0,-0.047979797979797977,-0.5176767676767676,-0.06313131313131314,-0.7222222222222222,-0.0707070707070707,-0.8434343434343434,-0.07323232323232323,-0.9494949494949495,0.047979797979797977,-0.4772727272727273,0.03282828282828283,-0.6363636363636364,0.020202020202020204,-0.7348484848484849,0.007575757575757576,-0.8207070707070707
5,0.0,0.0,-0.18765432098765433,-0.07901234567901234,-0.2839506172839506,-0.254320987654321,-0.3037037037037037,-0.4246913580246914,-0.3234567901234568,-0.562962962962963,-0.2,-0.49135802469135803,-0.2123456790123457,-0.6938271604938272,-0.2123456790123457,-0.8222222222222222,-0.2074074074074074,-0.9308641975308642,-0.1111111111111111,-0.5160493827160494,-0.1259259259259259,-0.7407407407407407,-0.1259259259259259,-0.8814814814814815,-0.12345679012345678,-1.0,-0.024691358024691357,-0.508641975308642,-0.04197530864197531,-0.7135802469135802,-0.05185185185185185,-0.8419753086419753,-0.05925925925925926,-0.9506172839506173,0.06666666666666667,-0.4666666666666667,0.056790123456790124,-0.6246913580246913,0.04197530864197531,-0.725925925925926,0.024691358024691357,-0.8123456790123457
5,0.0,0.0,-0.1889168765743073,-0.08816120906801007,-0.2947103274559194,-0.26448362720403024,-0.3148614609571788,-0.43073047858942065,-0.3224181360201511,-0.5667506297229219,-0.21914357682619648,-0.49370277078085645,-0.22670025188916876,-0.6926952141057935,-0.2216624685138539,-0.8161209068010076,-0.20906801007556675,-0.9219143576826196,-0.1309823677581864,-0.5214105793450882,-0.1385390428211587,-0.7455919395465995,-0.1385390428211587,-0.8841309823677582,-0.1309823677581864,-1.0,-0.04534005037783375,-0.5138539042821159,-0.05289672544080604,-0.7204030226700252,-0.055415617128463476,-0.8438287153652393,-0.05793450881612091,-0.9521410579345088,0.04785894206549118,-0.4760705289672544,0.04030226700251889,-0.6322418136020151,0.030226700251889168,-0.7329974811083123,0.017632241813602016,-0.8211586901763224
5,0.0,0.0,-0.1890547263681592,-0.07462686567164178,-0.2885572139303483,-0.2462686567164179,-0.3034825870646766,-0.4129353233830846,-0.31592039800995025,-0.5522388059701493,-0.19154228855721392,-0.4900497512437811,-0.208955223880597,-0.6940298507462687,-0.2064676616915423,-0.8208955223880597,-0.19900497512437812,-0.927860696517413,-0.10199004975124377,-0.5174129353233831,-0.11940298507462686,-0.7412935323383084,-0.12189054726368159,-0.8805970149253731,-0.11691542288557213,-1.0,-0.017412935323383085,-0.5099502487562189,-0.03731343283582089,-0.7114427860696517,-0.0472636815920398,-0.8383084577114428,-0.05472636815920398,-0.945273631840796,0.07462686567164178,-0.46766169154228854,0.05721393034825871,-0.6243781094527363,0.03980099502487562,-0.7213930348258707,0.022388059701492536,-0.8059701492537313
5,0.0,0.0,-0.1928020565552699,-0.09254498714652956,-0.3059125964010283,-0.26735218508997427,-0.32904884318766064,-0.43444730077120824,-0.3264781491002571,-0.5604113110539846,-0.2210796915167095,-0.4961439588688946,-0.2365038560411311,-0.699228791773779,-0.23393316195372751,-0.8200514138817481,-0.2236503856041131,-0.9254498714652957,-0.12596401028277635,-0.5218508997429306,-0.14395886889460155,-0.7455012853470437,-0.14652956298200515,-0.884318766066838,-0.14138817480719795,-1.0,-0.03598971722365039,-0.5115681233933161,-0.05398457583547558,-0.7146529562982005,-0.061696658097686374,-0.8406169665809768,-0.06683804627249357,-0.9460154241645244,0.061696658097686374,-0.4704370179948586,0.04884318766066838,-0.6246786632390745,0.033419023136246784,-0.7223650385604113,0.017994858611825194,-0.8046272493573264
5,0.0,0.0,-0.19387755102040816,-0.07908163265306123,-0.30612244897959184,-0.2602040816326531,-0.32653061224489793,-0.43112244897959184,-0.33418367346938777,-0.5663265306122449,-0.21683673469387754,-0.49489795918367346,-0.23214285714285715,-0.6938775510204082,-0.22704081632653061,-0.8163265306122449,-0.21683673469387754,-0.9209183673469388,-0.12244897959183673,-0.5204081632653061,-0.1377551020408163,-0.7448979591836735,-0.14540816326530612,-0.8852040816326531,-0.14285714285714285,-1.0,-0.030612244897959183,-0.5127551020408163,-0.04846938775510204,-0.7142857142857143,-0.058673469387755105,-0.8367346938775511,-0.0663265306122449,-0.9387755102040817,0.0663265306122449,-0.46938775510204084,0.05102040816326531,-0.625,0.030612244897959183,-0.7219387755102041,0.01020408163265306,-0.8035714285714286
5,0.0,0.0,-0.19289340101522842,-0.08375634517766498,-0.30710659898477155,-0.2639593908629442,-0.32741116751269034,-0.4289340101522843,-0.3299492385786802,-0.5609137055837563,-0.20812182741116753,-0.5,-0.22081218274111675,-0.700507614213198,-0.21573604060913706,-0.8223350253807107,-0.20558375634517767,-0.9289340101522843,-0.1116751269035533,-0.5228426395939086,-0.12436548223350254,-0.7436548223350253,-0.12690355329949238,-0.883248730964467,-0.12436548223350254,-1.0,-0.02030456852791878,-0.5101522842639594,-0.03553299492385787,-0.7131979695431472,-0.04568527918781726,-0.8350253807106599,-0.050761421319796954,-0.9390862944162437,0.07868020304568528,-0.46446700507614214,0.06091370558375635,-0.6192893401015228,0.04060913705583756,-0.7182741116751269,0.02030456852791878,-0.8020304568527918
5,0.0,0.0,-0.18974358974358974,-0.09487179487179487,-0.29743589743589743,-0.2794871794871795,-0.30512820512820515,-0.45384615384615384,-0.31794871794871793,-0.5871794871794872,-0.19487179487179487,-0.5153846153846153,-0.20512820512820512,-0.717948717948718,-0.19487179487179487,-0.8358974358974359,-0.17692307692307693,-0.9333333333333333,-0.1,-0.5358974358974359,-0.11282051282051282,-0.7564102564102564,-0.11025641025641025,-0.8897435897435897,-0.09743589743589744,-1.0,-0.010256410256410256,-0.517948717948718,-0.017948717948717947,-0.7205128205128205,-0.023076923076923078,-0.8435897435897436,-0.020512820512820513,-0.9461538461538461,0.08717948717948718,-0.4717948717948718,0.07435897435897436,-0.6282051282051282,0.05897435897435897,-0.7230769230769231,0.046153846153846156,-0.8076923076923077
5,0.0,0.0,-0.1890547263681592,-0.0945273631840796,-0.291044776119403,-0.2835820895522388,-0.2960199004975124,-0.4577114427860697,-0.29850746268656714,-0.5945273631840796,-0.18159203980099503,-0.5124378109452736,-0.1865671641791045,-0.7139303482587065,-0.17661691542288557,-0.8383084577114428,-0.16169154228855723,-0.9402985074626866,-0.08208955223880597,-0.5348258706467661,-0.09203980099502487,-0.753731343283582,-0.0845771144278607,-0.8880597014925373,-0.07213930348258707,-1.0,0.009950248756218905,-0.5174129353233831,-0.0024875621890547263,-0.7189054726368159,-0.0024875621890547263,-0.8432835820895522,-0.0024875621890547263,-0.945273631840796,0.10696517412935323,-0.46766169154228854,0.09203980099502487,-0.6243781094527363,0.07711442786069651,-0.7238805970149254,0.05970149253731343,-0.8059701492537313
5,0.0,0.0,-0.18546365914786966,-0.11027568922305764,-0.2832080200501253,-0.3032581453634085,-0.2882205513784461,-0.47117794486215536,-0.2882205513784461,-0.6040100250626567,-0.17042606516290726,-0.5238095238095238,-0.17293233082706766,-0.7167919799498746,-0.16040100250626566,-0.8345864661654135,-0.14285714285714285,-0.9348370927318296,-0.07268170426065163,-0.5413533834586466,-0.07268170426065163,-0.7568922305764411,-0.06516290726817042,-0.8897243107769424,-0.05513784461152882,-1.0,0.017543859649122806,-0.5213032581453634,0.017543859649122806,-0.7218045112781954,0.017543859649122806,-0.8421052631578947,0.017543859649122806,-0.9423558897243107,0.11027568922305764,-0.46867167919799496,0.10275689223057644,-0.6240601503759399,0.09022556390977443,-0.7218045112781954,0.07518796992481203,-0.8020050125313283
5,0.0,0.0,-0.1865671641791045,-0.10696517412935323,-0.2810945273631841,-0.3034825870646766,-0.27860696517412936,-0.472636815920398,-0.2835820895522388,-0.6019900497512438,-0.16417910447761194,-0.5174129353233831,-0.16666666666666666,-0.7139303482587065,-0.1517412935323383,-0.8333333333333334,-0.13432835820895522,-0.9353233830845771,-0.06467661691542288,-0.5348258706467661,-0.06467661691542288,-0.753731343283582,-0.05970149253731343,-0.8855721393034826,-0.04975124378109453,-1.0,0.024875621890547265,-0.5199004975124378,0.022388059701492536,-0.7164179104477612,0.022388059701492536,-0.8383084577114428,0.024875621890547265,-0.9402985074626866,0.11442786069651742,-0.46766169154228854,0.10696517412935323,-0.6218905472636815,0.0945273631840796,-0.7164179104477612,0.08208955223880597,-0.7960199004975125
5,0.0,0.0,-0.18434343434343434,-0.1111111111111111,-0.2727272727272727,-0.3106060606060606,-0.2727272727272727,-0.4797979797979798,-0.2777777777777778,-0.6111111111111112,-0.16161616161616163,-0.5252525252525253,-0.16161616161616163,-0.7196969696969697,-0.14898989898989898,-0.8358585858585859,-0.12878787878787878,-0.9343434343434344,-0.06565656565656566,-0.5429292929292929,-0.06060606060606061,-0.76010101010101,-0.05555555555555555,-0.8888888888888888,-0.04292929292929293,-1.0,0.022727272727272728,-0.5227272727272727,0.027777777777777776,-0.7222222222222222,0.030303030303030304,-0.8409090909090909,0.030303030303030304,-0.9393939393939394,0.1111111111111111,-0.4722222222222222,0.1111111111111111,-0.6237373737373737,0.09848484848484848,-0.7171717171717171,0.08585858585858586,-0.797979797979798
5,0.0,0.0,-0.1905940594059406,-0.08663366336633663,-0.297029702970297,-0.2722772277227723,-0.3094059405940594,-0.44554455445544555,-0.3069306930693069,-0.5841584158415841,-0.19554455445544555,-0.504950495049505,-0.2004950495049505,-0.7054455445544554,-0.19554455445544555,-0.8267326732673267,-0.18811881188118812,-0.9331683168316832,-0.09900990099009901,-0.5297029702970297,-0.11138613861386139,-0.75,-0.11138613861386139,-0.8861386138613861,-0.10891089108910891,-1.0,-0.009900990099009901,-0.5148514851485149,-0.019801980198019802,-0.7227722772277227,-0.024752475247524754,-0.8465346534653465,-0.027227722772277228,-0.9529702970297029,0.08663366336633663,-0.46782178217821785,0.07425742574257425,-0.6237623762376238,0.06188118811881188,-0.7227722772277227,0.04702970297029703,-0.8118811881188119
5,0.0,0.0,-0.19047619047619047,-0.09523809523809523,-0.3032581453634085,-0.2706766917293233,-0.3308270676691729,-0.43609022556390975,-0.3433583959899749,-0.568922305764411,-0.22556390977443608,-0.49624060150375937,-0.2506265664160401,-0.6942355889724311,-0.2556390977443609,-0.8145363408521303,-0.2581453634085213,-0.9197994987468672,-0.13533834586466165,-0.5263157894736842,-0.16290726817042606,-0.7468671679197995,-0.18045112781954886,-0.8822055137844611,-0.19298245614035087,-1.0,-0.047619047619047616,-0.518796992481203,-0.07268170426065163,-0.7243107769423559,-0.08771929824561403,-0.8471177944862155,-0.10526315789473684,-0.9523809523809523,0.05012531328320802,-0.47869674185463656,0.03007518796992481,-0.6365914786967418,0.010025062656641603,-0.731829573934837,-0.010025062656641603,-0.8170426065162907
5,0.0,0.0,-0.20558375634517767,-0.06345177664974619,-0.33248730964467005,-0.24111675126903553,-0.3604060913705584,-0.4137055837563452,-0.38578680203045684,-0.550761421319797,-0.25888324873096447,-0.4873096446700508,-0.2893401015228426,-0.6954314720812182,-0.29441624365482233,-0.8223350253807107,-0.2918781725888325,-0.9289340101522843,-0.16243654822335024,-0.5228426395939086,-0.20304568527918782,-0.7461928934010152,-0.2182741116751269,-0.8857868020304569,-0.22588832487309646,-1.0,-0.06852791878172589,-0.5177664974619289,-0.1116751269035533,-0.7233502538071066,-0.1319796954314721,-0.850253807106599,-0.1446700507614213,-0.9568527918781726,0.03807106598984772,-0.48223350253807107,0.005076142131979695,-0.6370558375634517,-0.02284263959390863,-0.7360406091370558,-0.050761421319796954,-0.8197969543147208
5,0.0,0.0,-0.19338422391857507,-0.07633587786259542,-0.30788804071246817,-0.2544529262086514,-0.33078880407124683,-0.4198473282442748,-0.35368956743002544,-0.549618320610687,-0.23918575063613232,-0.49363867684478374,-0.26463104325699743,-0.6895674300254453,-0.2748091603053435,-0.811704834605598,-0.2748091603053435,-0.9134860050890585,-0.1450381679389313,-0.5267175572519084,-0.178117048346056,-0.7480916030534351,-0.19338422391857507,-0.8854961832061069,-0.2035623409669211,-1.0,-0.05089058524173028,-0.5241730279898219,-0.08396946564885496,-0.7302798982188295,-0.10432569974554708,-0.8549618320610687,-0.12468193384223919,-0.9618320610687023,0.04834605597964377,-0.4860050890585242,0.017811704834605598,-0.6437659033078881,-0.010178117048346057,-0.7404580152671756,-0.03816793893129771,-0.821882951653944
5,0.0,0.0,-0.20050761421319796,-0.0583756345177665,-0.33756345177664976,-0.23096446700507614,-0.3730964467005076,-0.4010152284263959,-0.4035532994923858,-0.5380710659898477,-0.2715736040609137,-0.4847715736040609,-0.3096446700507614,-0.6878172588832487,-0.3223350253807107,-0.8121827411167513,-0.3350253807106599,-0.9187817258883249,-0.1751269035532995,-0.5228426395939086,-0.2233502538071066,-0.7461928934010152,-0.24873096446700507,-0.883248730964467,-0.26903553299492383,-1.0,-0.08121827411167512,-0.5203045685279187,-0.12690355329949238,-0.7284263959390863,-0.15228426395939088,-0.8527918781725888,-0.1751269035532995,-0.9619289340101523,0.02030456852791878,-0.4847715736040609,-0.012690355329949238,-0.6395939086294417,-0.04314720812182741,-0.7360406091370558,-0.06852791878172589,-0.8248730964467005
5,0.0,0.0,-0.2020460358056266,-0.06649616368286446,-0.3350383631713555,-0.23529411764705882,-0.3734015345268542,-0.40664961636828645,-0.391304347826087,-0.5396419437340153,-0.27877237851662406,-0.4859335038363171,-0.31202046035805625,-0.6879795396419437,-0.3248081841432225,-0.8107416879795396,-0.33248081841432225,-0.9156010230179028,-0.1815856777493606,-0.5242966751918159,-0.22762148337595908,-0.7468030690537084,-0.2531969309462916,-0.8823529411764706,-0.26854219948849106,-1.0,-0.08695652173913043,-0.5242966751918159,-0.1278772378516624,-0.731457800511509,-0.15601023017902813,-0.8542199488491049,-0.17902813299232737,-0.959079283887468,0.017902813299232736,-0.49104859335038364,-0.020460358056265986,-0.6470588235294118,-0.05370843989769821,-0.7442455242966752,-0.08439897698209718,-0.8286445012787724
5,0.0,0.0,-0.19638242894056848,-0.07235142118863049,-0.3333333333333333,-0.2454780361757106,-0.3772609819121447,-0.4108527131782946,-0.3979328165374677,-0.5452196382428941,-0.2713178294573643,-0.49612403100775193,-0.32041343669250644,-0.6976744186046512,-0.34366925064599485,-0.8191214470284238,-0.35917312661498707,-0.9250645994832042,-0.18604651162790697,-0.5297157622739018,-0.2351421188630491,-0.751937984496124,-0.268733850129199,-0.8863049095607235,-0.29198966408268734,-1.0,-0.09560723514211886,-0.5271317829457365,-0.13953488372093023,-0.7390180878552972,-0.16795865633074936,-0.8630490956072352,-0.19638242894056848,-0.9689922480620154,0.00516795865633075,-0.4935400516795866,-0.028423772609819122,-0.6537467700258398,-0.05426356589147287,-0.751937984496124,-0.07751937984496124,-0.8372093023255814
5,0.0,0.0,-0.2047872340425532,-0.06914893617021277,-0.34574468085106386,-0.23670212765957446,-0.39095744680851063,-0.40425531914893614,-0.4175531914893617,-0.5319148936170213,-0.29521276595744683,-0.48404255319148937,-0.3404255319148936,-0.6835106382978723,-0.35638297872340424,-0.8058510638297872,-0.36436170212765956,-0.9095744680851063,-0.20212765957446807,-0.523936170212766,-0.2579787234042553,-0.7473404255319149,-0.2872340425531915,-0.8829787234042553,-0.3058510638297872,-1.0,-0.10904255319148937,-0.5292553191489362,-0.15425531914893617,-0.7393617021276596,-0.18351063829787234,-0.8617021276595744,-0.21010638297872342,-0.9680851063829787,-0.0026595744680851063,-0.5,-0.0398936170212766,-0.6595744680851063,-0.06914893617021277,-0.7553191489361702,-0.09840425531914894,-0.8377659574468085
5,0.0,0.0,-0.2026315789473684,-0.06315789473684211,-0.3394736842105263,-0.24473684210526317,-0.38421052631578945,-0.4131578947368421,-0.4131578947368421,-0.55,-0.2789473684210526,-0.49473684210526314,-0.3263157894736842,-0.6868421052631579,-0.3447368421052632,-0.8078947368421052,-0.3526315789473684,-0.9131578947368421,-0.1868421052631579,-0.531578947368421,-0.2394736842105263,-0.7473684210526316,-0.2710526315789474,-0.8842105263157894,-0.2894736842105263,-1.0,-0.09473684210526316,-0.531578947368421,-0.14210526315789473,-0.7368421052631579,-0.1736842105263158,-0.8578947368421053,-0.2026315789473684,-0.9631578947368421,0.013157894736842105,-0.5026315789473684,-0.02894736842105263,-0.6578947368421053,-0.060526315789473685,-0.7552631578947369,-0.09210526315789473,-0.8394736842105263
5,0.0,0.0,-0.2037533512064343,-0.0777479892761394,-0.3351206434316354,-0.26005361930294907,-0.3753351206434316,-0.4316353887399464,-0.4101876675603217,-0.5656836461126006,-0.2868632707774799,-0.5013404825737265,-0.3324396782841823,-0.7024128686327078,-0.3485254691689008,-0.8230563002680965,-0.35656836461126007,-0.9249329758713136,-0.19839142091152814,-0.5361930294906166,-0.24932975871313673,-0.7560321715817694,-0.27882037533512066,-0.8900804289544236,-0.3002680965147453,-1.0,-0.10455764075067024,-0.5361930294906166,-0.15013404825737264,-0.7479892761394102,-0.17962466487935658,-0.868632707774799,-0.2064343163538874,-0.9731903485254692,0.0,-0.5013404825737265,-0.03753351206434316,-0.6621983914209115,-0.06702412868632708,-0.7587131367292225,-0.0938337801608579,-0.8445040214477212
5,0.0,0.0,-0.20424403183023873,-0.0636604774535809,-0.3395225464190981,-0.2413793103448276,-0.376657824933687,-0.41379310344827586,-0.40583554376657827,-0.5543766578249337,-0.27320954907161804,-0.4986737400530504,-0.32360742705570295,-0.7029177718832891,-0.3448275862068966,-0.8275862068965517,-0.36074270557029176,-0.9336870026525199,-0.18037135278514588,-0.5358090185676393,-0.23872679045092837,-0.7506631299734748,-0.27055702917771884,-0.8859416445623343,-0.2917771883289125,-1.0,-0.08753315649867374,-0.5358090185676393,-0.14058355437665782,-0.7400530503978779,-0.1724137931034483,-0.8620689655172413,-0.1989389920424403,-0.9655172413793104,0.015915119363395226,-0.5039787798408488,-0.023872679045092837,-0.6604774535809018,-0.05570291777188329,-0.7559681697612732,-0.09018567639257294,-0.8408488063660478
5,0.0,0.0,-0.20380434782608695,-0.07608695652173914,-0.33967391304347827,-0.25815217391304346,-0.38315217391304346,-0.43478260869565216,-0.41304347826086957,-0.5706521739130435,-0.29347826086956524,-0.5,-0.3423913043478261,-0.7065217391304348,-0.3641304347826087,-0.8288043478260869,-0.375,-0.9293478260869565,-0.20380434782608695,-0.5353260869565217,-0.2608695652173913,-0.7581521739130435,-0.29347826086956524,-0.8913043478260869,-0.31521739130434784,-1.0,-0.11141304347826086,-0.5353260869565217,-0.16032608695652173,-0.7472826086956522,-0.19021739130434784,-0.8695652173913043,-0.21739130434782608,-0.970108695652174,-0.005434782608695652,-0.5054347826086957,-0.04619565217391304,-0.6657608695652174,-0.07880434782608696,-0.7608695652173914,-0.10869565217391304,-0.845108695652174
5,0.0,0.0,-0.19733333333333333,-0.06933333333333333,-0.3413333333333333,-0.248,-0.38666666666666666,-0.416,-0.42933333333333334,-0.5466666666666666,-0.2826666666666667,-0.49333333333333335,-0.3413333333333333,-0.6933333333333334,-0.368,-0.816,-0.38666666666666666,-0.9226666666666666,-0.19466666666666665,-0.5333333333333333,-0.256,-0.7493333333333333,-0.2906666666666667,-0.8853333333333333,-0.31733333333333336,-1.0,-0.10133333333333333,-0.5333333333333333,-0.16,-0.7413333333333333,-0.19466666666666665,-0.8666666666666667,-0.224,-0.9706666666666667,0.0026666666666666666,-0.504,-0.04,-0.6586666666666666,-0.07466666666666667,-0.7546666666666667,-0.10666666666666667,-0.84
5,0.0,0.0,-0.1989100817438692,-0.07356948228882834,-0.33787465940054495,-0.2506811989100817,-0.3896457765667575,-0.4141689373297003,-0.4359673024523161,-0.5449591280653951,-0.3024523160762943,-0.49591280653950953,-0.37057220708446864,-0.6948228882833788,-0.3978201634877384,-0.8147138964577657,-0.41689373297002724,-0.9182561307901907,-0.21525885558583105,-0.5340599455040872,-0.28337874659400547,-0.7547683923705722,-0.3215258855585831,-0.888283378746594,-0.34877384196185285,-1.0,-0.11989100817438691,-0.5367847411444142,-0.1771117166212534,-0.7493188010899182,-0.2098092643051771,-0.8719346049046321,-0.24250681198910082,-0.9754768392370572,-0.01634877384196185,-0.5122615803814714,-0.05722070844686648,-0.6730245231607629,-0.08991825613079019,-0.771117166212534,-0.11989100817438691,-0.8528610354223434
5,0.0,0.0,-0.2005420054200542,-0.06233062330623306,-0.34417344173441733,-0.23306233062330622,-0.3983739837398374,-0.3983739837398374,-0.44715447154471544,-0.5284552845528455,-0.2953929539295393,-0.4878048780487805,-0.35501355013550134,-0.6937669376693767,-0.38482384823848237,-0.8184281842818428,-0.4065040650406504,-0.924119241192412,-0.20596205962059622,-0.5284552845528455,-0.27371273712737126,-0.7506775067750677,-0.3116531165311653,-0.8861788617886179,-0.34417344173441733,-1.0,-0.1111111111111111,-0.5338753387533876,-0.17344173441734417,-0.7425474254742548,-0.2086720867208672,-0.8644986449864499,-0.24119241192411925,-0.967479674796748,-0.005420054200542005,-0.5040650406504065,-0.051490514905149054,-0.6639566395663956,-0.08672086720867209,-0.7588075880758808,-0.11924119241192412,-0.8401084010840109
5,0.0,0.0,-0.1917808219178082,-0.06575342465753424,-0.32602739726027397,-0.23835616438356164,-0.3780821917808219,-0.4054794520547945,-0.4246575342465753,-0.5397260273972603,-0.29863013698630136,-0.4904109589041096,-0.36164383561643837,-0.6904109589041096,-0.3863013698630137,-0.810958904109589,-0.40273972602739727,-0.915068493150685,-0.2136986301369863,-0.5287671232876713,-0.2821917808219178,-0.7506849315068493,-0.3178082191780822,-0.8849315068493151,-0.33972602739726027,-1.0,-0.1232876712328767,-0.5315068493150685,-0.18082191780821918,-0.7397260273972602,-0.2136986301369863,-0.863013698630137,-0.2410958904109589,-0.9698630136986301,-0.01643835616438356,-0.5041095890410959,-0.06301369863013699,-0.6575342465753424,-0.0958904109589041,-0.7506849315068493,-0.12876712328767123,-0.8301369863013699
5,0.0,0.0,-0.20277777777777778,-0.06388888888888888,-0.3472222222222222,-0.24722222222222223,-0.4,-0.41388888888888886,-0.44722222222222224,-0.5416666666666666,-0.3,-0.49722222222222223,-0.3611111111111111,-0.6944444444444444,-0.39166666666666666,-0.8166666666666667,-0.4166666666666667,-0.9194444444444444,-0.2111111111111111,-0.5388888888888889,-0.2777777777777778,-0.7555555555555555,-0.31666666666666665,-0.8888888888888888,-0.3472222222222222,-1.0,-0.11666666666666667,-0.5472222222222223,-0.17777777777777778,-0.7527777777777778,-0.21388888888888888,-0.8722222222222222,-0.24722222222222223,-0.9722222222222222,-0.008333333333333333,-0.5222222222222223,-0.05277777777777778,-0.6777777777777778,-0.08611111111111111,-0.7722222222222223,-0.11944444444444445,-0.8527777777777777
5,0.0,0.0,-0.19834710743801653,-0.06611570247933884,-0.3443526170798898,-0.2396694214876033,-0.4022038567493113,-0.4022038567493113,-0.45179063360881544,-0.5316804407713499,-0.3002754820936639,-0.48760330578512395,-0.3608815426997245,-0.6831955922865014,-0.3939393939393939,-0.8044077134986226,-0.42424242424242425,-0.90633608815427,-0.209366391184573,-0.5316804407713499,-0.27823691460055094,-0.7493112947658402,-0.32231404958677684,-0.8842975206611571,-0.3581267217630854,-1.0,-0.11570247933884298,-0.5371900826446281,-0.1790633608815427,-0.7465564738292011,-0.21763085399449036,-0.8677685950413223,-0.256198347107438,-0.9696969696969697,-0.013774104683195593,-0.512396694214876,-0.06060606060606061,-0.6694214876033058,-0.10192837465564739,-0.7658402203856749,-0.14325068870523416,-0.8457300275482094
5,0.0,0.0,-0.19618528610354224,-0.0681198910081744,-0.32697547683923706,-0.24250681198910082,-0.37057220708446864,-0.4087193460490463,-0.4196185286103542,-0.5367847411444142,-0.2888283378746594,-0.4904632152588556,-0.34332425068119893,-0.6866485013623979,-0.37057220708446864,-0.8065395095367848,-0.3923705722070845,-0.9100817438692098,-0.2016348773841962,-0.5340599455040872,-0.26975476839237056,-0.7493188010899182,-0.3079019073569482,-0.885558583106267,-0.3405994550408719,-1.0,-0.10626702997275204,-0.5367847411444142,-0.16893732970027248,-0.7438692098092643,-0.20708446866485014,-0.8664850136239782,-0.24250681198910082,-0.9673024523160763,-0.0027247956403269754,-0.5068119891008175,-0.051771117166212535,-0.662125340599455,-0.09264305177111716,-0.7574931880108992,-0.1307901907356948,-0.8337874659400545
5,0.0,0.0,-0.19889502762430938,-0.0718232044198895,-0.3342541436464088,-0.24585635359116023,-0.3812154696132597,-0.4143646408839779,-0.43646408839779005,-0.5441988950276243,-0.2983425414364641,-0.4972375690607735,-0.35082872928176795,-0.6961325966850829,-0.3784530386740331,-0.8176795580110497,-0.39779005524861877,-0.919889502762431,-0.20718232044198895,-0.5386740331491713,-0.27348066298342544,-0.7569060773480663,-0.31215469613259667,-0.8922651933701657,-0.3397790055248619,-1.0,-0.1132596685082873,-0.5414364640883977,-0.17403314917127072,-0.7486187845303868,-0.20994475138121546,-0.8701657458563536,-0.24033149171270718,-0.9723756906077348,-0.008287292817679558,-0.511049723756906,-0.058011049723756904,-0.6657458563535912,-0.09668508287292818,-0.7596685082872928,-0.13259668508287292,-0.8342541436464088
5,0.0,0.0,-0.19390581717451524,-0.07479224376731301,-0.32409972299168976,-0.24930747922437674,-0.3656509695290859,-0.4155124653739612,-0.4155124653739612,-0.5457063711911357,-0.2880886426592798,-0.49584487534626037,-0.34349030470914127,-0.6980609418282548,-0.3684210526315789,-0.817174515235457,-0.3850415512465374,-0.9224376731301939,-0.1994459833795014,-0.5373961218836565,-0.2631578947368421,-0.7590027700831025,-0.29916897506925205,-0.8919667590027701,-0.32409972299168976,-1.0,-0.10526315789473684,-0.5457063711911357,-0.1634349030470914,-0.7562326869806094,-0.19667590027700832,-0.8753462603878116,-0.22714681440443213,-0.9722991689750693,-0.002770083102493075,-0.5207756232686981,-0.04709141274238227,-0.6759002770083102,-0.08310249307479224,-0.7700831024930748,-0.11634349030470914,-0.8448753462603878
5,0.0,0.0,-0.20054945054945056,-0.057692307692307696,-0.34615384615384615,-0.22802197802197802,-0.3983516483516483,-0.39285714285714285,-0.4423076923076923,-0.521978021978022,-0.29395604395604397,-0.49175824175824173,-0.3516483516483517,-0.695054945054945,-0.38186813186813184,-0.8159340659340659,-0.4065934065934066,-0.9175824175824175,-0.2032967032967033,-0.532967032967033,-0.27197802197802196,-0.7527472527472527,-0.3131868131868132,-0.8873626373626373,-0.3434065934065934,-1.0,-0.10989010989010989,-0.5357142857142857,-0.17307692307692307,-0.7445054945054945,-0.2087912087912088,-0.8653846153846154,-0.24175824175824176,-0.967032967032967,-0.0027472527472527475,-0.5082417582417582,-0.04945054945054945,-0.6648351648351648,-0.08516483516483517,-0.7582417582417582,-0.12087912087912088,-0.8351648351648352
5,0.0,0.0,-0.20555555555555555,-0.05555555555555555,-0.35555555555555557,-0.20555555555555555,-0.4083333333333333,-0.36666666666666664,-0.4222222222222222,-0.5083333333333333,-0.2916666666666667,-0.49722222222222223,-0.35,-0.6972222222222222,-0.37777777777777777,-0.8194444444444444,-0.3972222222222222,-0.9222222222222223,-0.2,-0.5361111111111111,-0.2638888888888889,-0.7555555555555555,-0.30277777777777776,-0.8888888888888888,-0.3333333333333333,-1.0,-0.10555555555555556,-0.5416666666666666,-0.16111111111111112,-0.7472222222222222,-0.2,-0.8638888888888889,-0.23333333333333334,-0.9638888888888889,0.002777777777777778,-0.5138888888888888,-0.03888888888888889,-0.6694444444444444,-0.07777777777777778,-0.7583333333333333,-0.1111111111111111,-0.8333333333333334
5,0.0,0.0,-0.20612813370473537,-0.06406685236768803,-0.34540389972144847,-0.21448467966573817,-0.38997214484679665,-0.3788300835654596,-0.4178272980501393,-0.5153203342618384,-0.2924791086350975,-0.49025069637883006,-0.34540389972144847,-0.6935933147632312,-0.3732590529247911,-0.8133704735376045,-0.39275766016713093,-0.9192200557103064,-0.20334261838440112,-0.532033426183844,-0.26740947075208915,-0.7520891364902507,-0.3064066852367688,-0.8857938718662952,-0.3370473537604457,-1.0,-0.11142061281337047,-0.5376044568245125,-0.16991643454038996,-0.7409470752089137,-0.20612813370473537,-0.8607242339832869,-0.2395543175487465,-0.9637883008356546,-0.005571030640668524,-0.5097493036211699,-0.052924791086350974,-0.6629526462395543,-0.09192200557103064,-0.754874651810585,-0.1309192200557103,-0.8328690807799443
5,0.0,0.0,-0.211864406779661,-0.059322033898305086,-0.3418079096045198,-0.2175141242937853,-0.3785310734463277,-0.3870056497175141,-0.4152542372881356,-0.519774011299435,-0.2853107344632768,-0.4943502824858757,-0.3389830508474576,-0.692090395480226,-0.3672316384180791,-0.8163841807909604,-0.3870056497175141,-0.9209039548022598,-0.19491525423728814,-0.536723163841808,-0.2570621468926554,-0.7542372881355932,-0.2966101694915254,-0.884180790960452,-0.3305084745762712,-1.0,-0.10451977401129943,-0.5423728813559322,-0.16101694915254236,-0.7457627118644068,-0.1977401129943503,-0.8615819209039548,-0.23163841807909605,-0.96045197740113,-0.002824858757062147,-0.5141242937853108,-0.04519774011299435,-0.6694915254237288,-0.08192090395480225,-0.7598870056497176,-0.11864406779661017,-0.8389830508474576
5,0.0,0.0,-0.20396600566572237,-0.04815864022662889,-0.35694050991501414,-0.22096317280453256,-0.4164305949008499,-0.38526912181303113,-0.45892351274787535,-0.5155807365439093,-0.31444759206798867,-0.48158640226628896,-0.37393767705382436,-0.6770538243626062,-0.40793201133144474,-0.7932011331444759,-0.43626062322946174,-0.8923512747875354,-0.22096317280453256,-0.5297450424929179,-0.29178470254957506,-0.7478753541076487,-0.33994334277620397,-0.886685552407932,-0.37960339943342775,-1.0,-0.1274787535410765,-0.5354107648725213,-0.19263456090651557,-0.7422096317280453,-0.23512747875354106,-0.8668555240793201,-0.2776203966005666,-0.9716713881019831,-0.0226628895184136,-0.509915014164306,-0.0679886685552408,-0.6657223796033994,-0.10764872521246459,-0.7620396600566572,-0.14730878186968838,-0.8441926345609065
5,0.0,0.0,-0.20760233918128654,-0.05847953216374269,-0.3538011695906433,-0.2222222222222222,-0.4152046783625731,-0.3888888888888889,-0.4678362573099415,-0.5263157894736842,-0.32456140350877194,-0.4853801169590643,-0.3888888888888889,-0.6842105263157895,-0.42105263157894735,-0.8011695906432749,-0.4444444444444444,-0.9035087719298246,-0.23684210526315788,-0.5350877192982456,-0.30994152046783624,-0.7543859649122807,-0.3538011695906433,-0.8859649122807017,-0.3888888888888889,-1.0,-0.14327485380116958,-0.5467836257309941,-0.21052631578947367,-0.7573099415204678,-0.2543859649122807,-0.8742690058479532,-0.2953216374269006,-0.9766081871345029,-0.038011695906432746,-0.5321637426900585,-0.08771929824561403,-0.695906432748538,-0.12280701754385964,-0.7894736842105263,-0.15789473684210525,-0.8713450292397661
5,0.0,0.0,-0.2088235294117647,-0.03529411764705882,-0.36764705882352944,-0.19705882352941176,-0.43529411764705883,-0.3588235294117647,-0.4970588235294118,-0.49117647058823527,-0.36176470588235293,-0.47058823529411764,-0.4294117647058823,-0.6676470588235294,-0.47058823529411764,-0.7823529411764706,-0.5088235294117647,-0.8852941176470588,-0.2676470588235294,-0.5235294117647059,-0.35294117647058826,-0.7441176470588236,-0.4088235294117647,-0.8823529411764706,-0.4588235294117647,-1.0,-0.1676470588235294,-0.5352941176470588,-0.2529411764705882,-0.7441176470588236,-0.3058823529411765,-0.8676470588235294,-0.3558823529411765,-0.9735294117647059,-0.052941176470588235,-0.5147058823529411,-0.11470588235294117,-0.6764705882352942,-0.16176470588235295,-0.7764705882352941,-0.21176470588235294,-0.8588235294117647
5,0.0,0.0,-0.20760233918128654,-0.049707602339181284,-0.3567251461988304,-0.21052631578947367,-0.4239766081871345,-0.3713450292397661,-0.4824561403508772,-0.5087719298245614,-0.347953216374269,-0.47076023391812866,-0.4152046783625731,-0.6666666666666666,-0.45321637426900585,-0.7865497076023392,-0.47953216374269003,-0.8888888888888888,-0.260233918128655,-0.5263157894736842,-0.34502923976608185,-0.7485380116959064,-0.39766081871345027,-0.8830409356725146,-0.43859649122807015,-1.0,-0.16374269005847952,-0.5409356725146199,-0.24269005847953215,-0.7514619883040936,-0.29239766081871343,-0.8713450292397661,-0.3391812865497076,-0.97953216374269,-0.05263157894736842,-0.5263157894736842,-0.11403508771929824,-0.6842105263157895,-0.1608187134502924,-0.7807017543859649,-0.20760233918128654,-0.8625730994152047
5,0.0,0.0,-0.2017291066282421,-0.05187319884726225,-0.34293948126801155,-0.22478386167146974,-0.4034582132564842,-0.39481268011527376,-0.4610951008645533,-0.5302593659942363,-0.3170028818443804,-0.4899135446685879,-0.3861671469740634,-0.6887608069164265,-0.42363112391930835,-0.8097982708933718,-0.45244956772334294,-0.9135446685878963,-0.23054755043227665,-0.5331412103746398,-0.31412103746397696,-0.7521613832853026,-0.3659942363112392,-0.8847262247838616,-0.40634005763688763,-1.0,-0.138328530259366,-0.5446685878962536,-0.21613832853025935,-0.7492795389048992,-0.26512968299711814,-0.8731988472622478,-0.30835734870317005,-0.9827089337175793,-0.02881844380403458,-0.521613832853026,-0.08645533141210375,-0.6829971181556196,-0.12968299711815562,-0.7809798270893372,-0.1729106628242075,-0.8645533141210374
5,0.0,0.0,-0.19726027397260273,-0.06301369863013699,-0.32054794520547947,-0.2273972602739726,-0.3561643835616438,-0.38904109589041097,-0.3835616438356164,-0.5205479452054794,-0.25753424657534246,-0.4931506849315068,-0.3041095890410959,-0.6986301369863014,-0.3232876712328767,-0.8273972602739726,-0.3315068493150685,-0.9397260273972603,-0.1726027397260274,-0.5232876712328767,-0.2273972602739726,-0.7452054794520548,-0.2602739726027397,-0.8821917808219178,-0.2821917808219178,-1.0,-0.08493150684931507,-0.5260273972602739,-0.13424657534246576,-0.7287671232876712,-0.16986301369863013,-0.852054794520548,-0.20273972602739726,-0.958904109589041,0.010958904109589041,-0.4958904109589041,-0.0273972602739726,-0.6575342465753424,-0.052054794520547946,-0.7561643835616438,-0.07945205479452055,-0.8383561643835616
5,0.0,0.0,-0.1928374655647383,-0.07988980716253444,-0.30578512396694213,-0.256198347107438,-0.3278236914600551,-0.4214876033057851,-0.3581267217630854,-0.5564738292011019,-0.2396694214876033,-0.5013774104683195,-0.27548209366391185,-0.7024793388429752,-0.29476584022038566,-0.8236914600550964,-0.3085399449035813,-0.9256198347107438,-0.15151515151515152,-0.5344352617079889,-0.19559228650137742,-0.7548209366391184,-0.22589531680440772,-0.8898071625344353,-0.24517906336088155,-1.0,-0.06336088154269973,-0.5344352617079889,-0.1046831955922865,-0.7382920110192838,-0.1322314049586777,-0.859504132231405,-0.15702479338842976,-0.9641873278236914,0.03581267217630854,-0.5041322314049587,0.005509641873278237,-0.6666666666666666,-0.01928374655647383,-0.7630853994490359,-0.046831955922865015,-0.8429752066115702
5,0.0,0.0,-0.1918918918918919,-0.07837837837837838,-0.3027027027027027,-0.24864864864864866,-0.327027027027027,-0.4081081081081081,-0.35135135135135137,-0.5405405405405406,-0.23783783783783785,-0.4945945945945946,-0.2702702702702703,-0.6918918918918919,-0.2891891891891892,-0.8162162162162162,-0.3,-0.9216216216216216,-0.14864864864864866,-0.527027027027027,-0.1918918918918919,-0.745945945945946,-0.21621621621621623,-0.8837837837837837,-0.23513513513513515,-1.0,-0.05945945945945946,-0.5243243243243243,-0.0972972972972973,-0.7297297297297297,-0.12432432432432433,-0.8567567567567568,-0.14864864864864866,-0.9621621621621622,0.03783783783783784,-0.4891891891891892,0.008108108108108109,-0.6513513513513514,-0.01891891891891892,-0.7513513513513513,-0.04864864864864865,-0.8324324324324325
5,0.0,0.0,-0.18498659517426275,-0.09651474530831099,-0.289544235924933,-0.289544235924933,-0.30831099195710454,-0.4584450402144772,-0.3297587131367292,-0.5844504021447721,-0.21447721179624665,-0.514745308310992,-0.24128686327077747,-0.7184986595174263,-0.2520107238605898,-0.8364611260053619,-0.257372654155496,-0.935656836461126,-0.12332439678284182,-0.5415549597855228,-0.1554959785522788,-0.7613941018766756,-0.1769436997319035,-0.8900804289544236,-0.1903485254691689,-1.0,-0.032171581769437,-0.5361930294906166,-0.064343163538874,-0.7453083109919572,-0.08579088471849866,-0.8659517426273459,-0.10455764075067024,-0.967828418230563,0.064343163538874,-0.49865951742627346,0.040214477211796246,-0.6595174262734584,0.01876675603217158,-0.7533512064343163,-0.002680965147453083,-0.8337801608579088
5,0.0,0.0,-0.17922077922077922,-0.08831168831168831,-0.2805194805194805,-0.2779220779220779,-0.2935064935064935,-0.44415584415584414,-0.3038961038961039,-0.5792207792207792,-0.2051948051948052,-0.5142857142857142,-0.22077922077922077,-0.7168831168831169,-0.23116883116883116,-0.8389610389610389,-0.23636363636363636,-0.9428571428571428,-0.11428571428571428,-0.5376623376623376,-0.14545454545454545,-0.7532467532467533,-0.16363636363636364,-0.8857142857142857,-0.17922077922077922,-1.0,-0.02857142857142857,-0.5246753246753246,-0.05714285714285714,-0.7272727272727273,-0.07532467532467532,-0.8493506493506493,-0.09350649350649351,-0.9532467532467532,0.06753246753246753,-0.4779220779220779,0.04155844155844156,-0.6337662337662338,0.01818181818181818,-0.7298701298701299,-0.005194805194805195,-0.812987012987013
5,0.0,0.0,-0.18253968253968253,-0.10846560846560846,-0.2777777777777778,-0.2962962962962963,-0.2962962962962963,-0.46296296296296297,-0.2962962962962963,-0.5952380952380952,-0.1984126984126984,-0.5211640211640212,-0.20899470899470898,-0.7222222222222222,-0.21428571428571427,-0.8412698412698413,-0.21428571428571427,-0.9444444444444444,-0.1111111111111111,-0.5396825396825397,-0.12962962962962962,-0.7592592592592593,-0.1455026455026455,-0.8915343915343915,-0.15608465608465608,-1.0,-0.023809523809523808,-0.5264550264550265,-0.04497354497354497,-0.7328042328042328,-0.06084656084656084,-0.8571428571428571,-0.07936507936507936,-0.9603174603174603,0.07142857142857142,-0.48412698412698413,0.06084656084656084,-0.6428571428571429,0.04497354497354497,-0.7433862433862434,0.0291005291005291,-0.8253968253968254
5,0.0,0.0,-0.17480719794344474,-0.09768637532133675,-0.2699228791773779,-0.2802056555269923,-0.2853470437017995,-0.442159383033419,-0.2930591259640103,-0.5758354755784062,-0.18508997429305912,-0.506426735218509,-0.1928020565552699,-0.7043701799485861,-0.1928020565552699,-0.8251928020565553,-0.18766066838046272,-0.9305912596401028,-0.09511568123393316,-0.532133676092545,-0.11053984575835475,-0.7480719794344473,-0.11568123393316196,-0.8817480719794345,-0.11825192802056556,-1.0,-0.005141388174807198,-0.519280205655527,-0.02313624678663239,-0.7223650385604113,-0.033419023136246784,-0.8431876606683805,-0.043701799485861184,-0.9485861182519281,0.08997429305912596,-0.4704370179948586,0.07455012853470437,-0.6298200514138818,0.061696658097686374,-0.7275064267352185,0.04627249357326478,-0.8097686375321337
5,0.0,0.0,-0.1741424802110818,-0.10554089709762533,-0.2717678100263852,-0.29023746701846964,-0.29023746701846964,-0.45118733509234826,-0.29023746701846964,-0.58311345646438,-0.17678100263852242,-0.5197889182058048,-0.1820580474934037,-0.7176781002638523,-0.18469656992084432,-0.8364116094986808,-0.17941952506596306,-0.9366754617414248,-0.08970976253298153,-0.5408970976253298,-0.09762532981530343,-0.7598944591029023,-0.10290237467018469,-0.8891820580474934,-0.10290237467018469,-1.0,-0.002638522427440633,-0.5277044854881267,-0.010554089709762533,-0.7335092348284961,-0.018469656992084433,-0.8548812664907651,-0.023746701846965697,-0.9577836411609498,0.0870712401055409,-0.48021108179419525,0.08179419525065963,-0.6385224274406333,0.0712401055408971,-0.7361477572559367,0.05804749340369393,-0.8179419525065963
5,0.0,0.0,-0.17539267015706805,-0.09947643979057591,-0.2696335078534031,-0.2905759162303665,-0.27486910994764396,-0.45549738219895286,-0.27486910994764396,-0.5863874345549738,-0.16230366492146597,-0.5209424083769634,-0.1649214659685864,-0.7146596858638743,-0.1649214659685864,-0.8324607329842932,-0.15968586387434555,-0.9345549738219895,-0.07068062827225131,-0.5392670157068062,-0.08115183246073299,-0.7539267015706806,-0.08376963350785341,-0.887434554973822,-0.08376963350785341,-1.0,0.015706806282722512,-0.5235602094240838,0.005235602094240838,-0.725130890052356,0.0,-0.8507853403141361,-0.007853403141361256,-0.9554973821989529,0.10732984293193717,-0.468586387434555,0.09947643979057591,-0.6282722513089005,0.08638743455497382,-0.7277486910994765,0.07329842931937172,-0.8141361256544503
5,0.0,0.0,-0.18037135278514588,-0.10875331564986737,-0.27320954907161804,-0.29442970822281167,-0.27851458885941643,-0.4588859416445623,-0.27586206896551724,-0.5915119363395226,-0.16710875331564987,-0.519893899204244,-0.16976127320954906,-0.713527851458886,-0.16710875331564987,-0.8328912466843501,-0.15649867374005305,-0.9336870026525199,-0.07427055702917772,-0.5411140583554377,-0.07957559681697612,-0.7586206896551724,-0.07957559681697612,-0.8885941644562334,-0.07427055702917772,-1.0,0.013262599469496022,-0.5225464190981433,0.007957559681697613,-0.726790450928382,0.005305039787798408,-0.8514588859416445,0.0,-0.9575596816976127,0.10610079575596817,-0.46949602122015915,0.10344827586206896,-0.6259946949602122,0.09283819628647215,-0.7241379310344828,0.07957559681697612,-0.8063660477453581
5,0.0,0.0,-0.17480719794344474,-0.10282776349614396,-0.2544987146529563,-0.2982005141388175,-0.2467866323907455,-0.46272493573264784,-0.2493573264781491,-0.596401028277635,-0.14395886889460155,-0.5167095115681234,-0.14395886889460155,-0.7069408740359897,-0.13367609254498714,-0.8251928020565553,-0.11825192802056556,-0.9254498714652957,-0.05141388174807198,-0.5347043701799485,-0.05141388174807198,-0.7532133676092545,-0.04627249357326478,-0.8894601542416453,-0.03598971722365039,-1.0,0.038560411311053984,-0.5167095115681234,0.03598971722365039,-0.7197943444730077,0.03598971722365039,-0.8431876606683805,0.03598971722365039,-0.9485861182519281,0.12853470437017994,-0.4601542416452442,0.12853470437017994,-0.6195372750642674,0.12082262210796915,-0.7172236503856041,0.10796915167095116,-0.7994858611825193
5,0.0,0.0,-0.17525773195876287,-0.11082474226804123,-0.25773195876288657,-0.3015463917525773,-0.25257731958762886,-0.46649484536082475,-0.2551546391752577,-0.6005154639175257,-0.14948453608247422,-0.5154639175257731,-0.14948453608247422,-0.7087628865979382,-0.13659793814432988,-0.8247422680412371,-0.11597938144329897,-0.9278350515463918,-0.05412371134020619,-0.5335051546391752,-0.05154639175257732,-0.75,-0.04381443298969072,-0.884020618556701,-0.03350515463917526,-1.0,0.03350515463917526,-0.5154639175257731,0.03865979381443299,-0.7164948453608248,0.04381443298969072,-0.8402061855670103,0.04896907216494845,-0.9484536082474226,0.12371134020618557,-0.46134020618556704,0.12371134020618557,-0.615979381443299,0.11597938144329897,-0.7139175257731959,0.1056701030927835,-0.8015463917525774
5,0.0,0.0,-0.17662337662337663,-0.10909090909090909,-0.2571428571428571,-0.3090909090909091,-0.24675324675324675,-0.4753246753246753,-0.24935064935064935,-0.6077922077922078,-0.14285714285714285,-0.5272727272727272,-0.13766233766233765,-0.7220779220779221,-0.12207792207792208,-0.8389610389610389,-0.1012987012987013,-0.9324675324675324,-0.04415584415584416,-0.5428571428571428,-0.03896103896103896,-0.7610389610389611,-0.02857142857142857,-0.8909090909090909,-0.012987012987012988,-1.0,0.046753246753246755,-0.522077922077922,0.04935064935064935,-0.7246753246753247,0.05714285714285714,-0.8467532467532467,0.06233766233766234,-0.948051948051948,0.13766233766233765,-0.4623376623376623,0.13766233766233765,-0.6181818181818182,0.12987012987012986,-0.7142857142857143,0.11948051948051948,-0.7974025974025974
5,0.0,0.0,-0.17754569190600522,-0.1122715404699739,-0.25326370757180156,-0.31592689295039167,-0.24281984334203655,-0.4830287206266319,-0.24804177545691905,-0.6161879895561357,-0.13315926892950392,-0.5274151436031331,-0.1279373368146214,-0.720626631853786,-0.11488250652741515,-0.8381201044386423,-0.09660574412532637,-0.9373368146214099,-0.03655352480417755,-0.5404699738903395,-0.028720626631853787,-0.7571801566579635,-0.020887728459530026,-0.8903394255874674,-0.010443864229765013,-1.0,0.04960835509138381,-0.5169712793733682,0.057441253263707574,-0.7180156657963447,0.06266318537859007,-0.8407310704960835,0.06527415143603134,-0.9451697127937336,0.13838120104438642,-0.4595300261096606,0.14360313315926893,-0.6135770234986945,0.13577023498694518,-0.7127937336814621,0.1227154046997389,-0.7989556135770235
5,0.0,0.0,-0.1662269129287599,-0.11081794195250659,-0.25065963060686014,-0.30606860158311344,-0.25857519788918204,-0.47229551451187335,-0.26649076517150394,-0.5963060686015831,-0.16094986807387862,-0.5277044854881267,-0.16358839050131926,-0.7229551451187335,-0.1503957783641161,-0.8364116094986808,-0.13192612137203166,-0.9313984168865436,-0.06860158311345646,-0.5461741424802111,-0.06596306068601583,-0.762532981530343,-0.06068601583113457,-0.8918205804749341,-0.052770448548812667,-1.0,0.021108179419525065,-0.5277044854881267,0.021108179419525065,-0.7335092348284961,0.023746701846965697,-0.8548812664907651,0.023746701846965697,-0.9551451187335093,0.11081794195250659,-0.47493403693931396,0.11345646437994723,-0.6306068601583114,0.10817941952506596,-0.7255936675461742,0.10026385224274406,-0.8073878627968337
5,0.0,0.0,-0.171875,-0.10416666666666667,-0.2630208333333333,-0.2994791666666667,-0.2682291666666667,-0.4635416666666667,-0.2630208333333333,-0.59375,-0.1484375,-0.5234375,-0.15364583333333334,-0.7109375,-0.15104166666666666,-0.828125,-0.14583333333333334,-0.9296875,-0.057291666666666664,-0.5390625,-0.059895833333333336,-0.7526041666666666,-0.059895833333333336,-0.8880208333333334,-0.059895833333333336,-1.0,0.028645833333333332,-0.5208333333333334,0.03125,-0.7213541666666666,0.026041666666666668,-0.8463541666666666,0.020833333333333332,-0.9505208333333334,0.1171875,-0.4661458333333333,0.11979166666666667,-0.6197916666666666,0.11197916666666667,-0.71875,0.09895833333333333,-0.8072916666666666
5,0.0,0.0,-0.1693548387096774,-0.11290322580645161,-0.25806451612903225,-0.29838709677419356,-0.2661290322580645,-0.4596774193548387,-0.2661290322580645,-0.5887096774193549,-0.1532258064516129,-0.5241935483870968,-0.1532258064516129,-0.7204301075268817,-0.14516129032258066,-0.8387096774193549,-0.13440860215053763,-0.9381720430107527,-0.06182795698924731,-0.5403225806451613,-0.06182795698924731,-0.760752688172043,-0.06451612903225806,-0.8924731182795699,-0.06451612903225806,-1.0,0.024193548387096774,-0.521505376344086,0.02956989247311828,-0.728494623655914,0.021505376344086023,-0.8494623655913979,0.013440860215053764,-0.9489247311827957,0.11290322580645161,-0.47043010752688175,0.11559139784946236,-0.6290322580645161,0.11290322580645161,-0.7258064516129032,0.10752688172043011,-0.8064516129032258
5,0.0,0.0,-0.16578947368421051,-0.11052631578947368,-0.25,-0.3,-0.2578947368421053,-0.4631578947368421,-0.25,-0.5947368421052631,-0.1368421052631579,-0.5184210526315789,-0.1394736842105263,-0.7157894736842105,-0.13421052631578947,-0.8342105263157895,-0.12631578947368421,-0.9368421052631579,-0.04736842105263158,-0.5342105263157895,-0.05263157894736842,-0.75,-0.05263157894736842,-0.8868421052631579,-0.05,-1.0,0.03684210526315789,-0.5131578947368421,0.03684210526315789,-0.7157894736842105,0.034210526315789476,-0.8394736842105263,0.02894736842105263,-0.9421052631578948,0.12368421052631579,-0.45789473684210524,0.12368421052631579,-0.6105263157894737,0.11578947368421053,-0.7105263157894737,0.10526315789473684,-0.7973684210526316
5,0.0,0.0,-0.16230366492146597,-0.1099476439790576,-0.23821989528795812,-0.3089005235602094,-0.23821989528795812,-0.4712041884816754,-0.2356020942408377,-0.6020942408376964,-0.13089005235602094,-0.5287958115183246,-0.1256544502617801,-0.7225130890052356,-0.11780104712041885,-0.8403141361256544,-0.1099476439790576,-0.9424083769633508,-0.03926701570680628,-0.5418848167539267,-0.03664921465968586,-0.756544502617801,-0.03664921465968586,-0.8900523560209425,-0.034031413612565446,-1.0,0.04450261780104712,-0.5209424083769634,0.049738219895287955,-0.7225130890052356,0.049738219895287955,-0.8429319371727748,0.04712041884816754,-0.9424083769633508,0.12827225130890052,-0.468586387434555,0.13612565445026178,-0.6230366492146597,0.13089005235602094,-0.7172774869109948,0.12303664921465969,-0.8010471204188482
5,0.0,0.0,-0.15902964959568733,-0.11859838274932614,-0.22911051212938005,-0.31536388140161725,-0.22371967654986524,-0.4797843665768194,-0.22371967654986524,-0.6118598382749326,-0.12129380053908356,-0.5309973045822103,-0.11320754716981132,-0.7196765498652291,-0.10242587601078167,-0.8355795148247979,-0.0889487870619946,-0.9326145552560647,-0.029649595687331536,-0.5471698113207547,-0.0215633423180593,-0.7628032345013477,-0.016172506738544475,-0.8921832884097035,-0.008086253369272238,-1.0,0.05390835579514825,-0.5283018867924528,0.0646900269541779,-0.7304582210242587,0.0673854447439353,-0.8490566037735849,0.0673854447439353,-0.9514824797843666,0.14016172506738545,-0.4743935309973046,0.14824797843665768,-0.628032345013477,0.14824797843665768,-0.7223719676549866,0.14555256064690028,-0.8032345013477089
5,0.0,0.0,-0.16145833333333334,-0.109375,-0.2265625,-0.3098958333333333,-0.21875,-0.4713541666666667,-0.2109375,-0.6015625,-0.11197916666666667,-0.5208333333333334,-0.09635416666666667,-0.7161458333333334,-0.08072916666666667,-0.8359375,-0.06510416666666667,-0.9375,-0.020833333333333332,-0.5338541666666666,-0.010416666666666666,-0.75,-0.0026041666666666665,-0.8854166666666666,0.0078125,-1.0,0.0625,-0.5104166666666666,0.07291666666666667,-0.7135416666666666,0.07552083333333333,-0.8359375,0.08072916666666667,-0.9401041666666666,0.14583333333333334,-0.4505208333333333,0.15625,-0.6067708333333334,0.15364583333333334,-0.7057291666666666,0.1484375,-0.7890625
5,0.0,0.0,-0.15343915343915343,-0.12698412698412698,-0.21164021164021163,-0.32275132275132273,-0.2037037037037037,-0.48412698412698413,-0.20105820105820105,-0.6111111111111112,-0.10317460317460317,-0.5291005291005291,-0.0873015873015873,-0.7222222222222222,-0.07142857142857142,-0.8386243386243386,-0.05555555555555555,-0.9391534391534392,-0.010582010582010581,-0.5423280423280423,0.0026455026455026454,-0.7566137566137566,0.013227513227513227,-0.8888888888888888,0.023809523809523808,-1.0,0.07671957671957672,-0.5185185185185185,0.08994708994708994,-0.7195767195767195,0.09523809523809523,-0.8412698412698413,0.09788359788359788,-0.9417989417989417,0.16137566137566137,-0.4603174603174603,0.1693121693121693,-0.6137566137566137,0.16666666666666666,-0.708994708994709,0.15873015873015872,-0.7936507936507936
5,0.0,0.0,-0.1447721179624665,-0.13136729222520108,-0.19571045576407506,-0.3324396782841823,-0.1903485254691689,-0.4879356568364611,-0.19302949061662197,-0.6112600536193029,-0.08579088471849866,-0.5415549597855228,-0.06702412868632708,-0.7345844504021448,-0.05361930294906166,-0.8525469168900804,-0.040214477211796246,-0.9517426273458445,-0.002680965147453083,-0.5495978552278821,0.0160857908847185,-0.7613941018766756,0.029490616621983913,-0.8900804289544236,0.040214477211796246,-1.0,0.07506702412868632,-0.5254691689008043,0.09651474530831099,-0.7238605898123325,0.10723860589812333,-0.8445040214477212,0.1126005361930295,-0.9463806970509383,0.15281501340482573,-0.46648793565683644,0.1742627345844504,-0.6193029490616622,0.17962466487935658,-0.7158176943699732,0.1769436997319035,-0.8016085790884718
5,0.0,0.0,-0.15915119363395225,-0.11405835543766578,-0.22811671087533156,-0.3209549071618037,-0.22015915119363394,-0.48010610079575594,-0.21750663129973474,-0.610079575596817,-0.1220159151193634,-0.5278514588859416,-0.11671087533156499,-0.7241379310344828,-0.11671087533156499,-0.8408488063660478,-0.11405835543766578,-0.9416445623342176,-0.03713527851458886,-0.5384615384615384,-0.029177718832891247,-0.753315649867374,-0.029177718832891247,-0.8859416445623343,-0.023872679045092837,-1.0,0.04774535809018567,-0.5145888594164456,0.05570291777188329,-0.7214854111405835,0.05570291777188329,-0.8461538461538461,0.05570291777188329,-0.9496021220159151,0.13262599469496023,-0.46153846153846156,0.14323607427055704,-0.6153846153846154,0.14323607427055704,-0.7161803713527851,0.13793103448275862,-0.8037135278514589
5,0.0,0.0,-0.15384615384615385,-0.11936339522546419,-0.21220159151193635,-0.3183023872679045,-0.20424403183023873,-0.47480106100795755,-0.21485411140583555,-0.5994694960212201,-0.10610079575596817,-0.53315649867374,-0.10079575596816977,-0.7294429708222812,-0.09814323607427056,-0.8514588859416445,-0.09814323607427056,-0.9522546419098143,-0.01856763925729443,-0.5411140583554377,-0.013262599469496022,-0.753315649867374,-0.013262599469496022,-0.8885941644562334,-0.013262599469496022,-1.0,0.06631299734748011,-0.5172413793103449,0.07427055702917772,-0.7188328912466844,0.07161803713527852,-0.843501326259947,0.06631299734748011,-0.9496021220159151,0.14854111405835543,-0.46153846153846156,0.16180371352785147,-0.6153846153846154,0.15915119363395225,-0.713527851458886,0.15119363395225463,-0.7984084880636605
5,0.0,0.0,-0.15364583333333334,-0.11197916666666667,-0.21614583333333334,-0.3151041666666667,-0.20833333333333334,-0.4739583333333333,-0.21614583333333334,-0.6041666666666666,-0.109375,-0.5208333333333334,-0.109375,-0.71875,-0.109375,-0.8385416666666666,-0.11197916666666667,-0.9401041666666666,-0.020833333333333332,-0.5338541666666666,-0.020833333333333332,-0.75,-0.0234375,-0.8854166666666666,-0.028645833333333332,-1.0,0.0625,-0.5104166666666666,0.06510416666666667,-0.7135416666666666,0.06510416666666667,-0.8385416666666666,0.057291666666666664,-0.9427083333333334,0.14583333333333334,-0.4557291666666667,0.15364583333333334,-0.6119791666666666,0.1484375,-0.7109375,0.13802083333333334,-0.7942708333333334
5,0.0,0.0,-0.14395886889460155,-0.11053984575835475,-0.20051413881748073,-0.30848329048843187,-0.19023136246786632,-0.46272493573264784,-0.19794344473007713,-0.5886889460154242,-0.09511568123393316,-0.5218508997429306,-0.08483290488431877,-0.7172236503856041,-0.08483290488431877,-0.8354755784061697,-0.08226221079691516,-0.9383033419023136,-0.010282776349614395,-0.5295629820051414,-0.005141388174807198,-0.7455012853470437,-0.007712082262210797,-0.884318766066838,-0.010282776349614395,-1.0,0.06940874035989718,-0.5038560411311054,0.07969151670951156,-0.7069408740359897,0.08226221079691516,-0.8329048843187661,0.07712082262210797,-0.9383033419023136,0.14652956298200515,-0.4498714652956298,0.16452442159383032,-0.6041131105398457,0.16452442159383032,-0.7043701799485861,0.15681233933161953,-0.7866323907455013
5,0.0,0.0,-0.14248704663212436,-0.10621761658031088,-0.21502590673575128,-0.30569948186528495,-0.22020725388601037,-0.46113989637305697,-0.22797927461139897,-0.5932642487046632,-0.11398963730569948,-0.5233160621761658,-0.10621761658031088,-0.7150259067357513,-0.10880829015544041,-0.8341968911917098,-0.11139896373056994,-0.9352331606217616,-0.02849740932642487,-0.533678756476684,-0.02849740932642487,-0.7487046632124352,-0.031088082901554404,-0.883419689119171,-0.03626943005181347,-1.0,0.05181347150259067,-0.5103626943005182,0.05699481865284974,-0.7124352331606217,0.05699481865284974,-0.8316062176165803,0.05181347150259067,-0.9378238341968912,0.12953367875647667,-0.45595854922279794,0.13989637305699482,-0.6062176165803109,0.13471502590673576,-0.7020725388601037,0.12694300518134716,-0.7849740932642487
5,0.0,0.0,-0.13315926892950392,-0.11488250652741515,-0.1906005221932115,-0.30809399477806787,-0.19321148825065274,-0.45691906005221933,-0.2010443864229765,-0.5822454308093995,-0.09138381201044386,-0.5221932114882507,-0.0835509138381201,-0.7127937336814621,-0.08093994778067885,-0.8302872062663186,-0.08093994778067885,-0.9295039164490861,-0.007832898172323759,-0.5326370757180157,-0.005221932114882507,-0.7467362924281984,-0.005221932114882507,-0.8851174934725848,-0.010443864229765013,-1.0,0.07049608355091384,-0.5091383812010444,0.0783289817232376,-0.7101827676240209,0.0783289817232376,-0.8328981723237598,0.07049608355091384,-0.9373368146214099,0.14882506527415143,-0.45691906005221933,0.16449086161879894,-0.608355091383812,0.1618798955613577,-0.7023498694516971,0.15404699738903394,-0.783289817232376
5,0.0,0.0,-0.14435695538057744,-0.10236220472440945,-0.2125984251968504,-0.29658792650918636,-0.2230971128608924,-0.45144356955380577,-0.23622047244094488,-0.5826771653543307,-0.11548556430446194,-0.5196850393700787,-0.11023622047244094,-0.7112860892388452,-0.11023622047244094,-0.8241469816272966,-0.10761154855643044,-0.9238845144356955,-0.028871391076115485,-0.5328083989501312,-0.031496062992125984,-0.7480314960629921,-0.03674540682414698,-0.884514435695538,-0.04199475065616798,-1.0,0.05249343832020997,-0.5118110236220472,0.05249343832020997,-0.7165354330708661,0.047244094488188976,-0.8398950131233596,0.03937007874015748,-0.94750656167979,0.13385826771653545,-0.4540682414698163,0.13648293963254593,-0.6089238845144357,0.12860892388451445,-0.7112860892388452,0.11548556430446194,-0.8031496062992126
5,0.0,0.0,-0.13031914893617022,-0.11702127659574468,-0.18617021276595744,-0.31117021276595747,-0.18351063829787234,-0.4601063829787234,-0.18882978723404256,-0.5930851063829787,-0.09042553191489362,-0.5292553191489362,-0.0851063829787234,-0.7287234042553191,-0.0851063829787234,-0.8457446808510638,-0.08244680851063829,-0.9468085106382979,-0.007978723404255319,-0.5398936170212766,-0.005319148936170213,-0.7553191489361702,-0.010638297872340425,-0.8909574468085106,-0.015957446808510637,-1.0,0.06914893617021277,-0.5159574468085106,0.07446808510638298,-0.723404255319149,0.07180851063829788,-0.8457446808510638,0.061170212765957445,-0.949468085106383,0.14893617021276595,-0.46808510638297873,0.1622340425531915,-0.6276595744680851,0.1595744680851064,-0.726063829787234,0.15425531914893617,-0.8111702127659575
5,0.0,0.0,-0.12919896640826872,-0.10852713178294573,-0.19638242894056848,-0.29457364341085274,-0.20671834625322996,-0.4392764857881137,-0.21963824289405684,-0.5684754521963824,-0.10594315245478036,-0.5167958656330749,-0.10594315245478036,-0.7131782945736435,-0.10852713178294573,-0.8320413436692506,-0.10852713178294573,-0.9354005167958657,-0.028423772609819122,-0.5271317829457365,-0.03617571059431524,-0.7416020671834626,-0.04392764857881137,-0.8785529715762274,-0.05426356589147287,-1.0,0.04909560723514212,-0.5064599483204134,0.04392764857881137,-0.710594315245478,0.03875968992248062,-0.8372093023255814,0.025839793281653745,-0.9483204134366925,0.12919896640826872,-0.45219638242894056,0.13178294573643412,-0.6072351421188631,0.12144702842377261,-0.7131782945736435,0.10594315245478036,-0.8062015503875969
5,0.0,0.0,-0.13385826771653545,-0.11548556430446194,-0.1968503937007874,-0.30446194225721784,-0.1994750656167979,-0.45144356955380577,-0.2099737532808399,-0.5800524934383202,-0.11023622047244094,-0.5196850393700787,-0.10761154855643044,-0.7139107611548556,-0.11023622047244094,-0.8346456692913385,-0.11023622047244094,-0.9343832020997376,-0.028871391076115485,-0.5328083989501312,-0.031496062992125984,-0.7506561679790026,-0.03674540682414698,-0.8871391076115486,-0.04461942257217848,-1.0,0.049868766404199474,-0.5144356955380578,0.049868766404199474,-0.7217847769028871,0.04461942257217848,-0.8398950131233596,0.031496062992125984,-0.9422572178477691,0.13123359580052493,-0.4671916010498688,0.13385826771653545,-0.6246719160104987,0.12860892388451445,-0.7244094488188977,0.11548556430446194,-0.8083989501312336
5,0.0,0.0,-0.1279373368146214,-0.10704960835509138,-0.1906005221932115,-0.3028720626631854,-0.19843342036553524,-0.4516971279373368,-0.2193211488250653,-0.577023498694517,-0.10182767624020887,-0.5221932114882507,-0.1122715404699739,-0.720626631853786,-0.1174934725848564,-0.8381201044386423,-0.12010443864229765,-0.9399477806788512,-0.02610966057441253,-0.5326370757180157,-0.0391644908616188,-0.7441253263707572,-0.04960835509138381,-0.8825065274151436,-0.06005221932114883,-1.0,0.05221932114882506,-0.5117493472584856,0.04177545691906005,-0.7154046997389034,0.033942558746736295,-0.8407310704960835,0.018276762402088774,-0.9503916449086162,0.13315926892950392,-0.4595300261096606,0.13315926892950392,-0.6135770234986945,0.1227154046997389,-0.7180156657963447,0.10704960835509138,-0.8067885117493473
5,0.0,0.0,-0.12894736842105264,-0.11578947368421053,-0.18947368421052632,-0.3105263157894737,-0.19210526315789472,-0.45526315789473687,-0.20789473684210527,-0.5815789473684211,-0.11052631578947368,-0.5236842105263158,-0.11842105263157894,-0.718421052631579,-0.12105263157894737,-0.8342105263157895,-0.12368421052631579,-0.9315789473684211,-0.034210526315789476,-0.5342105263157895,-0.04473684210526316,-0.7526315789473684,-0.05263157894736842,-0.8894736842105263,-0.06315789473684211,-1.0,0.042105263157894736,-0.5157894736842106,0.034210526315789476,-0.7263157894736842,0.02894736842105263,-0.85,0.015789473684210527,-0.9552631578947368,0.12368421052631579,-0.46842105263157896,0.12368421052631579,-0.6289473684210526,0.11842105263157894,-0.7315789473684211,0.10526315789473684,-0.8184210526315789
5,0.0,0.0,-0.12631578947368421,-0.10789473684210527,-0.18421052631578946,-0.3026315789473684,-0.19473684210526315,-0.4473684210526316,-0.21842105263157896,-0.5736842105263158,-0.10789473684210527,-0.5157894736842106,-0.11315789473684211,-0.7157894736842105,-0.11578947368421053,-0.8342105263157895,-0.11578947368421053,-0.9368421052631579,-0.034210526315789476,-0.5289473684210526,-0.04736842105263158,-0.7447368421052631,-0.05263157894736842,-0.8842105263157894,-0.05789473684210526,-1.0,0.042105263157894736,-0.5105263157894737,0.02894736842105263,-0.718421052631579,0.02368421052631579,-0.8447368421052631,0.010526315789473684,-0.9552631578947368,0.12105263157894737,-0.4605263157894737,0.12105263157894737,-0.618421052631579,0.11315789473684211,-0.7236842105263158,0.10263157894736842,-0.8157894736842105
5,0.0,0.0,-0.129973474801061,-0.1246684350132626,-0.17771883289124668,-0.3209549071618037,-0.17506631299734748,-0.46153846153846156,-0.1909814323607427,-0.5862068965517241,-0.09549071618037135,-0.5225464190981433,-0.09814323607427056,-0.7188328912466844,-0.10344827586206896,-0.8328912466843501,-0.10079575596816977,-0.9283819628647215,-0.01856763925729443,-0.5384615384615384,-0.029177718832891247,-0.753315649867374,-0.034482758620689655,-0.8885941644562334,-0.03713527851458886,-1.0,0.058355437665782495,-0.519893899204244,0.050397877984084884,-0.726790450928382,0.04509283819628647,-0.8461538461538461,0.029177718832891247,-0.9496021220159151,0.14058355437665782,-0.47214854111405835,0.14323607427055704,-0.6312997347480106,0.13527851458885942,-0.7294429708222812,0.1220159151193634,-0.8143236074270557
5,0.0,0.0,-0.12105263157894737,-0.11052631578947368,-0.1631578947368421,-0.3105263157894737,-0.1631578947368421,-0.45789473684210524,-0.18421052631578946,-0.5815789473684211,-0.08947368421052632,-0.5236842105263158,-0.09210526315789473,-0.7210526315789474,-0.09473684210526316,-0.8421052631578947,-0.09736842105263158,-0.9447368421052632,-0.018421052631578946,-0.5394736842105263,-0.02894736842105263,-0.75,-0.039473684210526314,-0.8842105263157894,-0.05,-1.0,0.05263157894736842,-0.5263157894736842,0.042105263157894736,-0.7289473684210527,0.03684210526315789,-0.8552631578947368,0.02368421052631579,-0.9631578947368421,0.12894736842105264,-0.48157894736842105,0.12894736842105264,-0.6421052631578947,0.12105263157894737,-0.7473684210526316,0.10789473684210527,-0.8368421052631579
5,0.0,0.0,-0.12266666666666666,-0.128,-0.168,-0.31733333333333336,-0.17066666666666666,-0.4533333333333333,-0.18933333333333333,-0.576,-0.09333333333333334,-0.5226666666666666,-0.10133333333333333,-0.7146666666666667,-0.10933333333333334,-0.8266666666666667,-0.11733333333333333,-0.9253333333333333,-0.018666666666666668,-0.536,-0.032,-0.7493333333333333,-0.04533333333333334,-0.8853333333333333,-0.06133333333333333,-1.0,0.056,-0.52,0.04533333333333334,-0.7253333333333334,0.034666666666666665,-0.8506666666666667,0.016,-0.9626666666666667,0.136,-0.4746666666666667,0.13866666666666666,-0.64,0.128,-0.7413333333333333,0.112,-0.8293333333333334
5,0.0,0.0,-0.1345646437994723,-0.09234828496042216,-0.18997361477572558,-0.2770448548812665,-0.18733509234828497,-0.43007915567282323,-0.21372031662269128,-0.5646437994722955,-0.11345646437994723,-0.5118733509234829,-0.12928759894459102,-0.712401055408971,-0.1424802110817942,-0.8337730870712401,-0.1503957783641161,-0.941952506596306,-0.0395778364116095,-0.5303430079155673,-0.06596306068601583,-0.741424802110818,-0.08443271767810026,-0.8812664907651715,-0.10554089709762533,-1.0,0.03430079155672823,-0.5197889182058048,0.0079155672823219,-0.7282321899736148,-0.010554089709762533,-0.8548812664907651,-0.0316622691292876,-0.9683377308707124,0.11345646437994723,-0.48284960422163586,0.10026385224274406,-0.6517150395778364,0.08443271767810026,-0.7598944591029023,0.06860158311345646,-0.8548812664907651
5,0.0,0.0,-0.1544502617801047,-0.09162303664921466,-0.20418848167539266,-0.27486910994764396,-0.18324607329842932,-0.4293193717277487,-0.18324607329842932,-0.5602094240837696,-0.0968586387434555,-0.5157068062827225,-0.09947643979057591,-0.7041884816753927,-0.1099476439790576,-0.8167539267015707,-0.12041884816753927,-0.9162303664921466,-0.013089005235602094,-0.5366492146596858,-0.02617801047120419,-0.7513089005235603,-0.049738219895287955,-0.887434554973822,-0.07329842931937172,-1.0,0.06544502617801047,-0.5261780104712042,0.05235602094240838,-0.7356020942408377,0.034031413612565446,-0.8586387434554974,0.010471204188481676,-0.9633507853403142,0.14397905759162305,-0.4869109947643979,0.14136125654450263,-0.6465968586387435,0.1256544502617801,-0.7460732984293194,0.10471204188481675,-0.8298429319371727
5,0.0,0.0,-0.14583333333333334,-0.08854166666666667,-0.19791666666666666,-0.2708333333333333,-0.18489583333333334,-0.4192708333333333,-0.19270833333333334,-0.5494791666666666,-0.09895833333333333,-0.515625,-0.10416666666666667,-0.7005208333333334,-0.11458333333333333,-0.8125,-0.125,-0.9088541666666666,-0.020833333333333332,-0.5364583333333334,-0.036458333333333336,-0.7473958333333334,-0.057291666666666664,-0.8828125,-0.078125,-1.0,0.052083333333333336,-0.5208333333333334,0.036458333333333336,-0.7291666666666666,0.0234375,-0.8515625,0.0,-0.9609375,0.13020833333333334,-0.4765625,0.12760416666666666,-0.6302083333333334,0.109375,-0.7317708333333334,0.0859375,-0.8203125
5,0.0,0.0,-0.12010443864229765,-0.11488250652741515,-0.15926892950391644,-0.3028720626631854,-0.14882506527415143,-0.44386422976501305,-0.1618798955613577,-0.5613577023498695,-0.07049608355091384,-0.5300261096605744,-0.07571801566579635,-0.720626631853786,-0.0835509138381201,-0.8381201044386423,-0.08877284595300261,-0.9373368146214099,0.0,-0.5378590078328982,-0.013054830287206266,-0.7493472584856397,-0.02610966057441253,-0.8825065274151436,-0.04177545691906005,-1.0,0.07049608355091384,-0.5195822454308094,0.06005221932114883,-0.7232375979112271,0.04699738903394256,-0.8433420365535248,0.02610966057441253,-0.9530026109660574,0.14360313315926893,-0.4699738903394256,0.14360313315926893,-0.6240208877284595,0.13315926892950392,-0.7258485639686684,0.1122715404699739,-0.8172323759791122
5,0.0,0.0,-0.1260053619302949,-0.12064343163538874,-0.1742627345844504,-0.3109919571045576,-0.1769436997319035,-0.450402144772118,-0.1903485254691689,-0.5710455764075067,-0.10723860589812333,-0.5254691689008043,-0.10991957104557641,-0.7184986595174263,-0.11528150134048257,-0.8364611260053619,-0.11528150134048257,-0.9329758713136729,-0.03753351206434316,-0.5361930294906166,-0.04825737265415549,-0.7533512064343163,-0.06166219839142091,-0.8847184986595175,-0.07506702412868632,-1.0,0.03753351206434316,-0.5201072386058981,0.024128686327077747,-0.7319034852546917,0.010723860589812333,-0.8579088471849866,-0.005361930294906166,-0.967828418230563,0.11796246648793565,-0.4718498659517426,0.11528150134048257,-0.6434316353887399,0.10723860589812333,-0.7479892761394102,0.09651474530831099,-0.8445040214477212
5,0.0,0.0,-0.12032085561497326,-0.11764705882352941,-0.16042780748663102,-0.31016042780748665,-0.1497326203208556,-0.45454545454545453,-0.1657754010695187,-0.5775401069518716,-0.08021390374331551,-0.5133689839572193,-0.07754010695187166,-0.7085561497326203,-0.08288770053475936,-0.8262032085561497,-0.08823529411764706,-0.9278074866310161,-0.0053475935828877,-0.5294117647058824,-0.013368983957219251,-0.7433155080213903,-0.026737967914438502,-0.8823529411764706,-0.040106951871657755,-1.0,0.06684491978609626,-0.516042780748663,0.058823529411764705,-0.7272727272727273,0.0481283422459893,-0.8556149732620321,0.03208556149732621,-0.9652406417112299,0.1443850267379679,-0.4732620320855615,0.14705882352941177,-0.6390374331550802,0.13903743315508021,-0.7459893048128342,0.12566844919786097,-0.8368983957219251
5,0.0,0.0,-0.12634408602150538,-0.12096774193548387,-0.1639784946236559,-0.3118279569892473,-0.15591397849462366,-0.4489247311827957,-0.1693548387096774,-0.5698924731182796,-0.08333333333333333,-0.5134408602150538,-0.07795698924731183,-0.7096774193548387,-0.08064516129032258,-0.8306451612903226,-0.08333333333333333,-0.9354838709677419,-0.013440860215053764,-0.5241935483870968,-0.016129032258064516,-0.7419354838709677,-0.026881720430107527,-0.8790322580645161,-0.04032258064516129,-1.0,0.05913978494623656,-0.5053763440860215,0.056451612903225805,-0.7150537634408602,0.051075268817204304,-0.8440860215053764,0.03763440860215054,-0.9543010752688172,0.13440860215053763,-0.45698924731182794,0.1424731182795699,-0.6182795698924731,0.13978494623655913,-0.7258064516129032,0.12903225806451613,-0.8172043010752689
5,0.0,0.0,-0.12598425196850394,-0.09973753280839895,-0.16010498687664043,-0.2887139107611549,-0.13910761154855644,-0.4356955380577428,-0.14698162729658792,-0.5616797900262467,-0.05511811023622047,-0.5170603674540682,-0.049868766404199474,-0.7086614173228346,-0.05511811023622047,-0.8267716535433071,-0.06036745406824147,-0.926509186351706,0.013123359580052493,-0.5328083989501312,0.010498687664041995,-0.7427821522309711,-0.0026246719160104987,-0.8818897637795275,-0.015748031496062992,-1.0,0.08398950131233596,-0.5144356955380578,0.07611548556430446,-0.7244094488188977,0.06561679790026247,-0.847769028871391,0.049868766404199474,-0.958005249343832,0.15485564304461943,-0.46981627296587924,0.16535433070866143,-0.6299212598425197,0.15748031496062992,-0.7349081364829396,0.14435695538057744,-0.8293963254593176
5,0.0,0.0,-0.11382113821138211,-0.13008130081300814,-0.13550135501355012,-0.3224932249322493,-0.11382113821138211,-0.46612466124661245,-0.11653116531165311,-0.5853658536585366,-0.051490514905149054,-0.5230352303523035,-0.04065040650406504,-0.7208672086720868,-0.04065040650406504,-0.8373983739837398,-0.037940379403794036,-0.9349593495934959,0.02168021680216802,-0.5338753387533876,0.02710027100271003,-0.7506775067750677,0.02710027100271003,-0.8861788617886179,0.024390243902439025,-1.0,0.0948509485094851,-0.5121951219512195,0.1002710027100271,-0.7262872628726287,0.1002710027100271,-0.8536585365853658,0.0948509485094851,-0.962059620596206,0.17073170731707318,-0.4634146341463415,0.18157181571815717,-0.6314363143631436,0.18157181571815717,-0.7398373983739838,0.17886178861788618,-0.8346883468834688
5,0.0,0.0,-0.11049723756906077,-0.12430939226519337,-0.13259668508287292,-0.32044198895027626,-0.11602209944751381,-0.4613259668508287,-0.12154696132596685,-0.5828729281767956,-0.04419889502762431,-0.5220994475138122,-0.027624309392265192,-0.7209944751381215,-0.027624309392265192,-0.8425414364640884,-0.022099447513812154,-0.9447513812154696,0.027624309392265192,-0.5359116022099447,0.03867403314917127,-0.7513812154696132,0.03867403314917127,-0.8867403314917127,0.03867403314917127,-1.0,0.09944751381215469,-0.5165745856353591,0.11049723756906077,-0.7292817679558011,0.11602209944751381,-0.856353591160221,0.1132596685082873,-0.9640883977900553,0.17403314917127072,-0.4723756906077348,0.1878453038674033,-0.638121546961326,0.19337016574585636,-0.7430939226519337,0.19337016574585636,-0.8342541436464088
5,0.0,0.0,-0.11475409836065574,-0.11748633879781421,-0.12568306010928962,-0.31420765027322406,-0.09836065573770492,-0.453551912568306,-0.10109289617486339,-0.5765027322404371,-0.01912568306010929,-0.5163934426229508,-0.00273224043715847,-0.7076502732240437,-0.00546448087431694,-0.825136612021858,-0.00273224043715847,-0.9262295081967213,0.0546448087431694,-0.5273224043715847,0.06557377049180328,-0.7431693989071039,0.06557377049180328,-0.8825136612021858,0.06284153005464481,-1.0,0.12295081967213115,-0.5081967213114754,0.13934426229508196,-0.7213114754098361,0.1448087431693989,-0.8469945355191257,0.13934426229508196,-0.9590163934426229,0.1885245901639344,-0.46174863387978143,0.21584699453551912,-0.6311475409836066,0.2185792349726776,-0.7404371584699454,0.2103825136612022,-0.8360655737704918
5,0.0,0.0,-0.10655737704918032,-0.12295081967213115,-0.1284153005464481,-0.31693989071038253,-0.11475409836065574,-0.453551912568306,-0.1284153005464481,-0.5765027322404371,-0.03551912568306011,-0.5191256830601093,-0.02459016393442623,-0.7158469945355191,-0.02459016393442623,-0.8360655737704918,-0.02185792349726776,-0.9371584699453552,0.0273224043715847,-0.5273224043715847,0.03278688524590164,-0.7431693989071039,0.03278688524590164,-0.8825136612021858,0.03278688524590164,-1.0,0.09289617486338798,-0.505464480874317,0.09836065573770492,-0.7185792349726776,0.10109289617486339,-0.8469945355191257,0.09562841530054644,-0.9562841530054644,0.16120218579234974,-0.453551912568306,0.17759562841530055,-0.6147540983606558,0.17759562841530055,-0.7213114754098361,0.16939890710382513,-0.8142076502732241
5,0.0,0.0,-0.10840108401084012,-0.11653116531165311,-0.12466124661246612,-0.3143631436314363,-0.0975609756097561,-0.45528455284552843,-0.1002710027100271,-0.5745257452574526,-0.024390243902439025,-0.5121951219512195,-0.005420054200542005,-0.7100271002710027,-0.005420054200542005,-0.8319783197831978,0.0,-0.9349593495934959,0.04607046070460705,-0.5257452574525745,0.056910569105691054,-0.7425474254742548,0.05962059620596206,-0.8834688346883469,0.056910569105691054,-1.0,0.11382113821138211,-0.5067750677506775,0.13008130081300814,-0.7208672086720868,0.13279132791327913,-0.8482384823848238,0.13008130081300814,-0.959349593495935,0.18157181571815717,-0.4634146341463415,0.20596205962059622,-0.6260162601626016,0.2086720867208672,-0.7344173441734417,0.20596205962059622,-0.8292682926829268
5,0.0,0.0,-0.12533333333333332,-0.128,-0.16266666666666665,-0.32,-0.16266666666666665,-0.45866666666666667,-0.168,-0.5866666666666667,-0.07733333333333334,-0.5253333333333333,-0.06666666666666667,-0.7253333333333334,-0.06666666666666667,-0.848,-0.06933333333333333,-0.952,-0.010666666666666666,-0.5333333333333333,-0.005333333333333333,-0.7493333333333333,-0.013333333333333334,-0.8853333333333333,-0.024,-1.0,0.058666666666666666,-0.5146666666666667,0.058666666666666666,-0.7253333333333334,0.050666666666666665,-0.8533333333333334,0.034666666666666665,-0.9653333333333334,0.13066666666666665,-0.4693333333333333,0.14133333333333334,-0.6346666666666667,0.13866666666666666,-0.744,0.13066666666666665,-0.8373333333333334
5,0.0,0.0,-0.1349206349206349,-0.10317460317460317,-0.2037037037037037,-0.29894179894179895,-0.21164021164021163,-0.4497354497354497,-0.23015873015873015,-0.5714285714285714,-0.12962962962962962,-0.5132275132275133,-0.13756613756613756,-0.7063492063492064,-0.14285714285714285,-0.8253968253968254,-0.14285714285714285,-0.9232804232804233,-0.05555555555555555,-0.5291005291005291,-0.07142857142857142,-0.7433862433862434,-0.07936507936507936,-0.8809523809523809,-0.08465608465608465,-1.0,0.021164021164021163,-0.5079365079365079,0.005291005291005291,-0.716931216931217,0.0,-0.8412698412698413,-0.010582010582010581,-0.955026455026455,0.10582010582010581,-0.4603174603174603,0.10317460317460317,-0.6190476190476191,0.09259259259259259,-0.7222222222222222,0.07671957671957672,-0.8121693121693122
5,0.0,0.0,-0.14960629921259844,-0.09973753280839895,-0.2230971128608924,-0.28608923884514437,-0.23622047244094488,-0.4356955380577428,-0.24671916010498687,-0.5695538057742782,-0.14173228346456693,-0.5144356955380578,-0.15223097112860892,-0.7165354330708661,-0.16010498687664043,-0.84251968503937,-0.16535433070866143,-0.94750656167979,-0.05774278215223097,-0.5328083989501312,-0.07874015748031496,-0.7454068241469817,-0.09448818897637795,-0.8818897637795275,-0.10761154855643044,-1.0,0.02099737532808399,-0.5144356955380578,0.005249343832020997,-0.7191601049868767,-0.007874015748031496,-0.84251968503937,-0.028871391076115485,-0.952755905511811,0.10761154855643044,-0.4671916010498688,0.10236220472440945,-0.6246719160104987,0.08661417322834646,-0.7296587926509186,0.06561679790026247,-0.821522309711286
5,0.0,0.0,-0.1514360313315927,-0.09399477806788512,-0.2349869451697128,-0.2845953002610966,-0.24804177545691905,-0.4360313315926893,-0.2584856396866841,-0.5639686684073107,-0.15926892950391644,-0.5143603133159269,-0.16971279373368145,-0.7127937336814621,-0.17493472584856398,-0.835509138381201,-0.17493472584856398,-0.9373368146214099,-0.07571801566579635,-0.5326370757180157,-0.09660574412532637,-0.7493472584856397,-0.10704960835509138,-0.8851174934725848,-0.1174934725848564,-1.0,0.007832898172323759,-0.5143603133159269,-0.007832898172323759,-0.7258485639686684,-0.020887728459530026,-0.8485639686684073,-0.033942558746736295,-0.95822454308094,0.09660574412532637,-0.46475195822454307,0.08877284595300261,-0.6214099216710183,0.07571801566579635,-0.7232375979112271,0.057441253263707574,-0.8120104438642297
5,0.0,0.0,-0.17010309278350516,-0.08762886597938144,-0.25257731958762886,-0.27319587628865977,-0.2603092783505155,-0.43041237113402064,-0.2809278350515464,-0.5592783505154639,-0.18041237113402062,-0.5077319587628866,-0.1958762886597938,-0.7139175257731959,-0.20103092783505155,-0.8427835051546392,-0.20103092783505155,-0.9536082474226805,-0.0979381443298969,-0.5231958762886598,-0.11855670103092783,-0.7422680412371134,-0.13402061855670103,-0.8814432989690721,-0.14175257731958762,-1.0,-0.01804123711340206,-0.5103092783505154,-0.028350515463917526,-0.7139175257731959,-0.041237113402061855,-0.8376288659793815,-0.05670103092783505,-0.9458762886597938,0.06701030927835051,-0.46649484536082475,0.06443298969072164,-0.6237113402061856,0.04896907216494845,-0.7242268041237113,0.028350515463917526,-0.8118556701030928
5,0.0,0.0,-0.17142857142857143,-0.1038961038961039,-0.24935064935064935,-0.2909090909090909,-0.2519480519480519,-0.44935064935064933,-0.2831168831168831,-0.5766233766233766,-0.17142857142857143,-0.5116883116883116,-0.17922077922077922,-0.7116883116883117,-0.18181818181818182,-0.8337662337662337,-0.18181818181818182,-0.9376623376623376,-0.08571428571428572,-0.5298701298701298,-0.1038961038961039,-0.7506493506493507,-0.11428571428571428,-0.8857142857142857,-0.11948051948051948,-1.0,0.0,-0.5168831168831168,-0.015584415584415584,-0.7246753246753247,-0.02857142857142857,-0.8467532467532467,-0.04155844155844156,-0.9558441558441558,0.09350649350649351,-0.4701298701298701,0.08831168831168831,-0.625974025974026,0.07792207792207792,-0.7246753246753247,0.06233766233766234,-0.8077922077922078
5,0.0,0.0,-0.16455696202531644,-0.09620253164556962,-0.24556962025316456,-0.2810126582278481,-0.2481012658227848,-0.44050632911392407,-0.2582278481012658,-0.5746835443037974,-0.16962025316455695,-0.5037974683544304,-0.18227848101265823,-0.7037974683544304,-0.18227848101265823,-0.830379746835443,-0.17468354430379746,-0.9341772151898734,-0.0810126582278481,-0.5265822784810127,-0.10126582278481013,-0.7443037974683544,-0.10886075949367088,-0.8835443037974684,-0.10886075949367088,-1.0,0.005063291139240506,-0.5113924050632911,-0.010126582278481013,-0.7164556962025317,-0.015189873417721518,-0.8405063291139241,-0.02278481012658228,-0.9493670886075949,0.09620253164556962,-0.46582278481012657,0.08607594936708861,-0.6227848101265823,0.07341772151898734,-0.7215189873417721,0.05822784810126582,-0.8050632911392405
5,0.0,0.0,-0.16624040920716113,-0.11253196930946291,-0.24040920716112532,-0.309462915601023,-0.24552429667519182,-0.47058823529411764,-0.2531969309462916,-0.5959079283887468,-0.15601023017902813,-0.5242966751918159,-0.16624040920716113,-0.7237851662404092,-0.17135549872122763,-0.8465473145780051,-0.16879795396419436,-0.9462915601023018,-0.07161125319693094,-0.5396419437340153,-0.08695652173913043,-0.7595907928388747,-0.09718670076726342,-0.8900255754475703,-0.09974424552429667,-1.0,0.01278772378516624,-0.5242966751918159,0.0,-0.7289002557544757,-0.010230179028132993,-0.8516624040920716,-0.020460358056265986,-0.9565217391304348,0.10230179028132992,-0.4782608695652174,0.09462915601023018,-0.6368286445012787,0.08695652173913043,-0.731457800511509,0.07672634271099744,-0.8158567774936062
5,0.0,0.0,-0.17,-0.1,-0.2525,-0.2975,-0.2575,-0.4625,-0.265,-0.5975,-0.165,-0.5225,-0.17,-0.7225,-0.17,-0.8425,-0.1675,-0.945,-0.08,-0.54,-0.095,-0.755,-0.1025,-0.8875,-0.1075,-1.0,0.0025,-0.5225,-0.0125,-0.725,-0.02,-0.85,-0.03,-0.9575,0.09,-0.4725,0.0775,-0.6325,0.065,-0.73,0.05,-0.815
5,0.0,0.0,-0.15656565656565657,-0.11616161616161616,-0.2297979797979798,-0.3055555555555556,-0.23484848484848486,-0.4671717171717172,-0.23484848484848486,-0.601010101010101,-0.14646464646464646,-0.5202020202020202,-0.15151515151515152,-0.7146464646464646,-0.15656565656565657,-0.8308080808080808,-0.15404040404040403,-0.9318181818181818,-0.06313131313131314,-0.5378787878787878,-0.07323232323232323,-0.7550505050505051,-0.08080808080808081,-0.8863636363636364,-0.08333333333333333,-1.0,0.020202020202020204,-0.5227272727272727,0.012626262626262626,-0.7297979797979798,0.0025252525252525255,-0.8535353535353535,-0.007575757575757576,-0.9570707070707071,0.10858585858585859,-0.47474747474747475,0.10353535353535354,-0.6313131313131313,0.09343434343434344,-0.7323232323232324,0.08080808080808081,-0.8156565656565656
5,0.0,0.0,-0.16377171215880892,-0.10173697270471464,-0.24813895781637718,-0.2977667493796526,-0.2555831265508685,-0.456575682382134,-0.26054590570719605,-0.5856079404466501,-0.1687344913151365,-0.5186104218362283,-0.17121588089330025,-0.71712158808933,-0.17121588089330025,-0.8362282878411911,-0.1662531017369727,-0.9354838709677419,-0.0794044665012407,-0.5359801488833746,-0.09429280397022333,-0.749379652605459,-0.09925558312655088,-0.8833746898263027,-0.10173697270471464,-1.0,0.007444168734491315,-0.5161290322580645,-0.009925558312655087,-0.7196029776674938,-0.017369727047146403,-0.8411910669975186,-0.02481389578163772,-0.9454094292803971,0.09925558312655088,-0.4665012406947891,0.08684863523573201,-0.6253101736972705,0.07196029776674938,-0.7245657568238213,0.05707196029776675,-0.8114143920595533
5,0.0,0.0,-0.15656565656565657,-0.11868686868686869,-0.2398989898989899,-0.3055555555555556,-0.2474747474747475,-0.4671717171717172,-0.23484848484848486,-0.5959595959595959,-0.1388888888888889,-0.5277777777777778,-0.14393939393939395,-0.7272727272727273,-0.14646464646464646,-0.8459595959595959,-0.14646464646464646,-0.946969696969697,-0.05808080808080808,-0.5404040404040404,-0.06313131313131314,-0.76010101010101,-0.0707070707070707,-0.8914141414141414,-0.07323232323232323,-1.0,0.027777777777777776,-0.5202020202020202,0.020202020202020204,-0.7247474747474747,0.015151515151515152,-0.851010101010101,0.007575757575757576,-0.9545454545454546,0.11868686868686869,-0.4696969696969697,0.11616161616161616,-0.6287878787878788,0.1111111111111111,-0.7272727272727273,0.10101010101010101,-0.8106060606060606
5,0.0,0.0,-0.16502463054187191,-0.10098522167487685,-0.24876847290640394,-0.29802955665024633,-0.2536945812807882,-0.4630541871921182,-0.2512315270935961,-0.5960591133004927,-0.15763546798029557,-0.5172413793103449,-0.16009852216748768,-0.7142857142857143,-0.15763546798029557,-0.8349753694581281,-0.15024630541871922,-0.9359605911330049,-0.06896551724137931,-0.5344827586206896,-0.07881773399014778,-0.7512315270935961,-0.07881773399014778,-0.8842364532019704,-0.07881773399014778,-1.0,0.019704433497536946,-0.5147783251231527,0.007389162561576354,-0.7192118226600985,0.0024630541871921183,-0.8423645320197044,-0.0049261083743842365,-0.9507389162561576,0.11083743842364532,-0.4630541871921182,0.10098522167487685,-0.6231527093596059,0.09113300492610837,-0.7266009852216748,0.07635467980295567,-0.812807881773399
5,0.0,0.0,-0.16080402010050251,-0.11055276381909548,-0.24371859296482412,-0.2989949748743719,-0.24623115577889448,-0.45979899497487436,-0.23869346733668342,-0.5904522613065326,-0.14824120603015076,-0.5175879396984925,-0.1507537688442211,-0.7160804020100503,-0.14824120603015076,-0.8341708542713567,-0.14321608040201006,-0.9346733668341709,-0.06030150753768844,-0.535175879396985,-0.06532663316582915,-0.7537688442211056,-0.07035175879396985,-0.8869346733668342,-0.0728643216080402,-1.0,0.02512562814070352,-0.5175879396984925,0.022613065326633167,-0.7261306532663316,0.020100502512562814,-0.8492462311557789,0.01507537688442211,-0.9547738693467337,0.11306532663316583,-0.46733668341708545,0.11055276381909548,-0.6231155778894473,0.10050251256281408,-0.7211055276381909,0.08793969849246232,-0.8065326633165829
5,0.0,0.0,-0.1571072319201995,-0.11221945137157108,-0.23690773067331672,-0.30673316708229426,-0.23940149625935161,-0.46633416458852867,-0.22693266832917705,-0.5935162094763092,-0.14214463840399003,-0.5187032418952618,-0.14463840399002495,-0.713216957605985,-0.14214463840399003,-0.830423940149626,-0.1371571072319202,-0.9301745635910225,-0.05486284289276808,-0.5361596009975063,-0.06234413965087282,-0.7506234413965087,-0.06733167082294264,-0.885286783042394,-0.06483790523690773,-1.0,0.029925187032418952,-0.516209476309227,0.02493765586034913,-0.7206982543640897,0.02493765586034913,-0.8428927680798005,0.0199501246882793,-0.9501246882793017,0.11970074812967581,-0.46384039900249374,0.1172069825436409,-0.6184538653366584,0.10723192019950124,-0.7182044887780549,0.09725685785536159,-0.800498753117207
5,0.0,0.0,-0.16791979949874686,-0.11278195488721804,-0.2506265664160401,-0.3032581453634085,-0.2556390977443609,-0.46616541353383456,-0.24561403508771928,-0.5989974937343359,-0.14285714285714285,-0.5162907268170426,-0.14536340852130325,-0.7117794486215538,-0.14536340852130325,-0.8320802005012531,-0.13784461152882205,-0.9348370927318296,-0.05263157894736842,-0.531328320802005,-0.06015037593984962,-0.7493734335839599,-0.06265664160401002,-0.8847117794486216,-0.06265664160401002,-1.0,0.03007518796992481,-0.5087719298245614,0.02506265664160401,-0.7142857142857143,0.020050125313283207,-0.8370927318295739,0.012531328320802004,-0.9448621553884712,0.11779448621553884,-0.45614035087719296,0.11779448621553884,-0.6115288220551378,0.10776942355889724,-0.7117794486215538,0.09523809523809523,-0.7969924812030075
5,0.0,0.0,-0.1670886075949367,-0.10886075949367088,-0.25063291139240507,-0.3012658227848101,-0.25316455696202533,-0.46582278481012657,-0.24050632911392406,-0.5949367088607594,-0.15443037974683543,-0.5215189873417722,-0.15949367088607594,-0.7139240506329114,-0.1518987341772152,-0.8329113924050633,-0.13924050632911392,-0.9316455696202531,-0.06582278481012659,-0.5367088607594936,-0.07088607594936709,-0.7518987341772152,-0.07088607594936709,-0.8860759493670886,-0.06329113924050633,-1.0,0.020253164556962026,-0.5189873417721519,0.017721518987341773,-0.7215189873417721,0.017721518987341773,-0.8455696202531645,0.015189873417721518,-0.9544303797468354,0.11139240506329114,-0.46582278481012657,0.11139240506329114,-0.620253164556962,0.10126582278481013,-0.7189873417721518,0.08607594936708861,-0.8050632911392405
5,0.0,0.0,-0.1728395061728395,-0.10864197530864197,-0.24938271604938272,-0.30617283950617286,-0.23950617283950618,-0.4691358024691358,-0.22962962962962963,-0.6,-0.145679012345679,-0.508641975308642,-0.14320987654320988,-0.7037037037037037,-0.13580246913580246,-0.8246913580246914,-0.12345679012345678,-0.9259259259259259,-0.05185185185185185,-0.528395061728395,-0.05185185185185185,-0.745679012345679,-0.04691358024691358,-0.8839506172839506,-0.04197530864197531,-1.0,0.037037037037037035,-0.508641975308642,0.03209876543209877,-0.7135802469135802,0.03209876543209877,-0.837037037037037,0.02962962962962963,-0.9407407407407408,0.1259259259259259,-0.454320987654321,0.11851851851851852,-0.6123456790123457,0.10864197530864197,-0.7111111111111111,0.09382716049382717,-0.7975308641975308
5,0.0,0.0,-0.16666666666666666,-0.11794871794871795,-0.24871794871794872,-0.3128205128205128,-0.24871794871794872,-0.4717948717948718,-0.2358974358974359,-0.5923076923076923,-0.15128205128205127,-0.5282051282051282,-0.15128205128205127,-0.7230769230769231,-0.14615384615384616,-0.8358974358974359,-0.13846153846153847,-0.9307692307692308,-0.06153846153846154,-0.5435897435897435,-0.06153846153846154,-0.764102564102564,-0.0641025641025641,-0.8948717948717949,-0.06666666666666667,-1.0,0.02564102564102564,-0.5256410256410257,0.028205128205128206,-0.7333333333333333,0.023076923076923078,-0.8564102564102564,0.01282051282051282,-0.9538461538461539,0.11538461538461539,-0.47435897435897434,0.12051282051282051,-0.6307692307692307,0.11282051282051282,-0.7282051282051282,0.10256410256410256,-0.8102564102564103
5,0.0,0.0,-0.16541353383458646,-0.10776942355889724,-0.24812030075187969,-0.3007518796992481,-0.23809523809523808,-0.46365914786967416,-0.22556390977443608,-0.5939849624060151,-0.13533834586466165,-0.5263157894736842,-0.13784461152882205,-0.7268170426065163,-0.13032581453634084,-0.8446115288220551,-0.11779448621553884,-0.9448621553884712,-0.042606516290726815,-0.5363408521303258,-0.05263157894736842,-0.7543859649122807,-0.05263157894736842,-0.8897243107769424,-0.047619047619047616,-1.0,0.042606516290726815,-0.5112781954887218,0.03508771929824561,-0.7192982456140351,0.03258145363408521,-0.8421052631578947,0.03007518796992481,-0.9473684210526315,0.13283208020050125,-0.45363408521303256,0.12781954887218044,-0.6090225563909775,0.11278195488721804,-0.7117794486215538,0.09774436090225563,-0.7994987468671679
5,0.0,0.0,-0.16209476309226933,-0.11970074812967581,-0.22942643391521197,-0.3167082294264339,-0.22443890274314215,-0.4763092269326683,-0.20698254364089774,-0.6084788029925187,-0.10723192019950124,-0.5261845386533666,-0.09975062344139651,-0.7182044887780549,-0.09226932668329177,-0.8379052369077307,-0.0798004987531172,-0.9376558603491272,-0.017456359102244388,-0.5361596009975063,-0.012468827930174564,-0.7506234413965087,-0.004987531172069825,-0.8827930174563591,0.004987531172069825,-1.0,0.06483790523690773,-0.5087281795511222,0.06982543640897755,-0.7107231920199502,0.07481296758104738,-0.8354114713216958,0.07481296758104738,-0.942643391521197,0.15211970074812967,-0.4488778054862843,0.1571072319201995,-0.6084788029925187,0.1546134663341646,-0.7107231920199502,0.14463840399002495,-0.7980049875311721
5,0.0,0.0,-0.16296296296296298,-0.1259259259259259,-0.21975308641975308,-0.3308641975308642,-0.2,-0.49382716049382713,-0.18518518518518517,-0.6222222222222222,-0.09382716049382717,-0.5333333333333333,-0.07407407407407407,-0.7308641975308642,-0.056790123456790124,-0.8493827160493828,-0.037037037037037035,-0.9481481481481482,0.0,-0.5382716049382716,0.019753086419753086,-0.7555555555555555,0.0345679012345679,-0.8888888888888888,0.05185185185185185,-1.0,0.08641975308641975,-0.5061728395061729,0.1037037037037037,-0.7135802469135802,0.11358024691358025,-0.8395061728395061,0.12345679012345678,-0.945679012345679,0.17037037037037037,-0.43950617283950616,0.18024691358024691,-0.6,0.18271604938271604,-0.7037037037037037,0.17777777777777778,-0.7901234567901234
5,0.0,0.0,-0.16049382716049382,-0.12839506172839507,-0.21728395061728395,-0.3358024691358025,-0.19012345679012346,-0.49876543209876545,-0.17530864197530865,-0.6271604938271605,-0.08641975308641975,-0.5382716049382716,-0.06666666666666667,-0.7308641975308642,-0.04938271604938271,-0.8469135802469135,-0.027160493827160494,-0.945679012345679,0.007407407407407408,-0.5432098765432098,0.027160493827160494,-0.7580246913580246,0.04691358024691358,-0.8888888888888888,0.06419753086419754,-1.0,0.08888888888888889,-0.5160493827160494,0.11358024691358025,-0.7185185185185186,0.12839506172839507,-0.8395061728395061,0.1382716049382716,-0.9432098765432099,0.17037037037037037,-0.45185185185185184,0.18765432098765433,-0.6074074074074074,0.1925925925925926,-0.7061728395061728,0.1925925925925926,-0.7950617283950617
5,0.0,0.0,-0.15517241379310345,-0.1354679802955665,-0.20935960591133004,-0.3399014778325123,-0.18226600985221675,-0.4975369458128079,-0.1625615763546798,-0.6206896551724138,-0.0812807881773399,-0.5344827586206896,-0.059113300492610835,-0.7266009852216748,-0.03694581280788178,-0.8423645320197044,-0.009852216748768473,-0.9384236453201971,0.012315270935960592,-0.541871921182266,0.03940886699507389,-0.7561576354679803,0.06157635467980296,-0.8866995073891626,0.08620689655172414,-1.0,0.0960591133004926,-0.5123152709359606,0.1206896551724138,-0.7118226600985221,0.14039408866995073,-0.8349753694581281,0.15270935960591134,-0.9408866995073891,0.1748768472906404,-0.4482758620689655,0.1921182266009852,-0.603448275862069,0.19458128078817735,-0.7019704433497537,0.19458128078817735,-0.7881773399014779
5,0.0,0.0,-0.162227602905569,-0.12590799031476999,-0.22033898305084745,-0.3389830508474576,-0.19612590799031476,-0.5012106537530266,-0.1694915254237288,-0.6295399515738499,-0.08958837772397095,-0.5326876513317191,-0.06295399515738499,-0.7239709443099274,-0.0387409200968523,-0.8426150121065376,-0.014527845036319613,-0.9418886198547215,0.007263922518159807,-0.5351089588377724,0.031476997578692496,-0.7506053268765133,0.05084745762711865,-0.8861985472154964,0.06779661016949153,-1.0,0.09200968523002422,-0.5036319612590799,0.11380145278450363,-0.7046004842615012,0.12832929782082325,-0.8280871670702179,0.13801452784503632,-0.9322033898305084,0.17433414043583534,-0.43825665859564167,0.1864406779661017,-0.5907990314769975,0.18886198547215496,-0.6900726392251816,0.1864406779661017,-0.7772397094430993
5,0.0,0.0,-0.16058394160583941,-0.13381995133819952,-0.2141119221411192,-0.34306569343065696,-0.18491484184914841,-0.5036496350364964,-0.16058394160583941,-0.6326034063260341,-0.0681265206812652,-0.5401459854014599,-0.043795620437956206,-0.7372262773722628,-0.021897810218978103,-0.8540145985401459,0.0024330900243309003,-0.948905109489051,0.021897810218978103,-0.5401459854014599,0.051094890510948905,-0.7591240875912408,0.072992700729927,-0.8905109489051095,0.09732360097323602,-1.0,0.10218978102189781,-0.5036496350364964,0.13138686131386862,-0.7104622871046229,0.15085158150851583,-0.8369829683698297,0.1678832116788321,-0.9440389294403893,0.18004866180048662,-0.43309002433090027,0.20194647201946472,-0.5912408759124088,0.20924574209245742,-0.6934306569343066,0.21654501216545013,-0.781021897810219
5,0.0,0.0,-0.16707021791767554,-0.13559322033898305,-0.21549636803874092,-0.34382566585956414,-0.18401937046004843,-0.5084745762711864,-0.15738498789346247,-0.6343825665859564,-0.0774818401937046,-0.5302663438256658,-0.043583535108958835,-0.7239709443099274,-0.01694915254237288,-0.8426150121065376,0.009685230024213076,-0.9418886198547215,0.01937046004842615,-0.5326876513317191,0.05084745762711865,-0.7506053268765133,0.07506053268765134,-0.8861985472154964,0.1016949152542373,-1.0,0.10411622276029056,-0.49878934624697335,0.13075060532687652,-0.7046004842615012,0.15254237288135594,-0.8305084745762712,0.1694915254237288,-0.937046004842615,0.18886198547215496,-0.42857142857142855,0.20823244552058112,-0.5835351089588378,0.21549636803874092,-0.6876513317191283,0.2179176755447942,-0.7772397094430993
5,0.0,0.0,-0.14356435643564355,-0.12871287128712872,-0.20544554455445543,-0.3292079207920792,-0.19554455445544555,-0.48514851485148514,-0.16584158415841585,-0.6039603960396039,-0.08168316831683169,-0.5371287128712872,-0.05693069306930693,-0.7351485148514851,-0.039603960396039604,-0.8539603960396039,-0.019801980198019802,-0.9529702970297029,0.0,-0.5371287128712872,0.024752475247524754,-0.7524752475247525,0.04207920792079208,-0.8910891089108911,0.06188118811881188,-1.0,0.07673267326732673,-0.504950495049505,0.10643564356435643,-0.7079207920792079,0.12128712871287128,-0.8341584158415841,0.13366336633663367,-0.9381188118811881,0.15346534653465346,-0.44801980198019803,0.17574257425742573,-0.6089108910891089,0.18564356435643564,-0.7128712871287128,0.18811881188118812,-0.801980198019802
5,0.0,0.0,-0.16990291262135923,-0.10194174757281553,-0.25728155339805825,-0.30097087378640774,-0.2524271844660194,-0.4684466019417476,-0.24271844660194175,-0.5995145631067961,-0.1407766990291262,-0.5169902912621359,-0.12864077669902912,-0.7135922330097088,-0.11650485436893204,-0.8276699029126213,-0.10436893203883495,-0.9271844660194175,-0.043689320388349516,-0.529126213592233,-0.03398058252427184,-0.7475728155339806,-0.02912621359223301,-0.883495145631068,-0.019417475728155338,-1.0,0.04611650485436893,-0.5024271844660194,0.05339805825242718,-0.7087378640776699,0.05825242718446602,-0.8325242718446602,0.06310679611650485,-0.9393203883495146,0.13592233009708737,-0.4393203883495146,0.13592233009708737,-0.5946601941747572,0.13106796116504854,-0.6990291262135923,0.12378640776699029,-0.7888349514563107
5,0.0,0.0,-0.16176470588235295,-0.12009803921568628,-0.2426470588235294,-0.30637254901960786,-0.24509803921568626,-0.4632352941176471,-0.23284313725490197,-0.5833333333333334,-0.14460784313725492,-0.5269607843137255,-0.13725490196078433,-0.7156862745098039,-0.12745098039215685,-0.8284313725490197,-0.11519607843137254,-0.9264705882352942,-0.049019607843137254,-0.5367647058823529,-0.04411764705882353,-0.7524509803921569,-0.041666666666666664,-0.8872549019607843,-0.03676470588235294,-1.0,0.0392156862745098,-0.5147058823529411,0.04411764705882353,-0.7181372549019608,0.04411764705882353,-0.8406862745098039,0.041666666666666664,-0.946078431372549,0.1323529411764706,-0.4583333333333333,0.13480392156862744,-0.6176470588235294,0.12745098039215685,-0.7181372549019608,0.11764705882352941,-0.8063725490196079
5,0.0,0.0,-0.17274939172749393,-0.08759124087591241,-0.27007299270072993,-0.2773722627737226,-0.2773722627737226,-0.44282238442822386,-0.2822384428223844,-0.5717761557177615,-0.18248175182481752,-0.5085158150851582,-0.1897810218978102,-0.708029197080292,-0.1897810218978102,-0.8248175182481752,-0.1897810218978102,-0.927007299270073,-0.08759124087591241,-0.5279805352798054,-0.10218978102189781,-0.7469586374695864,-0.10948905109489052,-0.8856447688564477,-0.11435523114355231,-1.0,0.0,-0.5109489051094891,-0.009732360097323601,-0.7177615571776156,-0.014598540145985401,-0.8418491484184915,-0.021897810218978103,-0.9464720194647201,0.09245742092457421,-0.45985401459854014,0.0827250608272506,-0.6180048661800487,0.0681265206812652,-0.7177615571776156,0.051094890510948905,-0.805352798053528
5,0.0,0.0,-0.17866004962779156,-0.08933002481389578,-0.2903225806451613,-0.2704714640198511,-0.31265508684863524,-0.43672456575682383,-0.3225806451612903,-0.5632754342431762,-0.21588089330024815,-0.5062034739454094,-0.23325062034739455,-0.707196029776675,-0.23821339950372208,-0.826302729528536,-0.24069478908188585,-0.9255583126550868,-0.12158808933002481,-0.5310173697270472,-0.1513647642679901,-0.7543424317617866,-0.17121588089330025,-0.8883374689826302,-0.18362282878411912,-1.0,-0.03225806451612903,-0.5210918114143921,-0.05707196029776675,-0.7295285359801489,-0.07692307692307693,-0.8511166253101737,-0.09429280397022333,-0.9528535980148883,0.06451612903225806,-0.47642679900744417,0.04218362282878412,-0.6352357320099256,0.022332506203473945,-0.7320099255583127,0.0024813895781637717,-0.8163771712158809
5,0.0,0.0,-0.17974683544303796,-0.0810126582278481,-0.29620253164556964,-0.25316455696202533,-0.3291139240506329,-0.4151898734177215,-0.34430379746835443,-0.5392405063291139,-0.23544303797468355,-0.5164556962025316,-0.2607594936708861,-0.7164556962025317,-0.2708860759493671,-0.8379746835443038,-0.27848101265822783,-0.9417721518987342,-0.14430379746835442,-0.5392405063291139,-0.17468354430379746,-0.759493670886076,-0.19240506329113924,-0.8886075949367088,-0.20253164556962025,-1.0,-0.053164556962025315,-0.529113924050633,-0.0810126582278481,-0.7316455696202532,-0.09873417721518987,-0.850632911392405,-0.11392405063291139,-0.9518987341772152,0.04810126582278481,-0.4860759493670886,0.02531645569620253,-0.6430379746835443,0.005063291139240506,-0.7367088607594937,-0.012658227848101266,-0.8177215189873418
5,0.0,0.0,-0.2,-0.07532467532467532,-0.33766233766233766,-0.2649350649350649,-0.37662337662337664,-0.43636363636363634,-0.4077922077922078,-0.5688311688311688,-0.2805194805194805,-0.5064935064935064,-0.32987012987012987,-0.7064935064935065,-0.35324675324675325,-0.8233766233766234,-0.37142857142857144,-0.9272727272727272,-0.19220779220779222,-0.5428571428571428,-0.24675324675324675,-0.7584415584415585,-0.2805194805194805,-0.8883116883116883,-0.3064935064935065,-1.0,-0.0987012987012987,-0.5402597402597402,-0.15064935064935064,-0.7454545454545455,-0.18441558441558442,-0.8701298701298701,-0.21558441558441557,-0.974025974025974,0.007792207792207792,-0.5012987012987012,-0.033766233766233764,-0.6597402597402597,-0.06753246753246753,-0.7584415584415585,-0.1038961038961039,-0.8441558441558441
5,0.0,0.0,-0.19121447028423771,-0.06976744186046512,-0.32041343669250644,-0.25064599483204136,-0.35917312661498707,-0.42118863049095606,-0.3953488372093023,-0.5581395348837209,-0.2868217054263566,-0.49612403100775193,-0.3385012919896641,-0.7028423772609819,-0.36175710594315247,-0.8242894056847545,-0.3772609819121447,-0.9276485788113695,-0.19121447028423771,-0.5348837209302325,-0.2532299741602067,-0.7545219638242894,-0.2868217054263566,-0.8888888888888888,-0.31266149870801035,-1.0,-0.09302325581395349,-0.5322997416020672,-0.1524547803617571,-0.7441860465116279,-0.18604651162790697,-0.8682170542635659,-0.2144702842377261,-0.9715762273901809,0.015503875968992248,-0.5012919896640827,-0.028423772609819122,-0.661498708010336,-0.06459948320413436,-0.7596899224806202,-0.10077519379844961,-0.8423772609819121
5,0.0,0.0,-0.1974025974025974,-0.06233766233766234,-0.33766233766233766,-0.23896103896103896,-0.38181818181818183,-0.4077922077922078,-0.41818181818181815,-0.5454545454545454,-0.2961038961038961,-0.4961038961038961,-0.35324675324675325,-0.6961038961038961,-0.38181818181818183,-0.8155844155844156,-0.4051948051948052,-0.9168831168831169,-0.2025974025974026,-0.5376623376623376,-0.2675324675324675,-0.7558441558441559,-0.3064935064935065,-0.8883116883116883,-0.33506493506493507,-1.0,-0.1038961038961039,-0.5402597402597402,-0.16623376623376623,-0.7480519480519481,-0.2025974025974026,-0.8675324675324675,-0.23896103896103896,-0.974025974025974,0.007792207792207792,-0.5064935064935064,-0.04415584415584416,-0.6623376623376623,-0.08571428571428572,-0.7584415584415585,-0.12207792207792208,-0.8415584415584415
5,0.0,0.0,-0.20052770448548812,-0.07651715039577836,-0.33773087071240104,-0.24274406332453827,-0.38522427440633245,-0.40633245382585753,-0.42480211081794195,-0.5382585751978892,-0.32189973614775724,-0.49076517150395776,-0.38522427440633245,-0.6912928759894459,-0.42216358839050133,-0.8100263852242744,-0.45382585751978893,-0.9129287598944591,-0.22955145118733508,-0.5356200527704486,-0.3007915567282322,-0.7546174142480211,-0.3482849604221636,-0.8891820580474934,-0.38786279683377306,-1.0,-0.13192612137203166,-0.5435356200527705,-0.19788918205804748,-0.7519788918205804,-0.24010554089709762,-0.8707124010554089,-0.28232189973614774,-0.9709762532981531,-0.021108179419525065,-0.5197889182058048,-0.07387862796833773,-0.6807387862796834,-0.11345646437994723,-0.7730870712401056,-0.1503957783641161,-0.8522427440633246
5,0.0,0.0,-0.20588235294117646,-0.0481283422459893,-0.35561497326203206,-0.2192513368983957,-0.4037433155080214,-0.393048128342246,-0.4572192513368984,-0.5267379679144385,-0.339572192513369,-0.4839572192513369,-0.4197860962566845,-0.6898395721925134,-0.4625668449197861,-0.8128342245989305,-0.4946524064171123,-0.9144385026737968,-0.24598930481283424,-0.5294117647058824,-0.33689839572192515,-0.7513368983957219,-0.39037433155080214,-0.8850267379679144,-0.43315508021390375,-1.0,-0.14705882352941177,-0.5374331550802139,-0.22727272727272727,-0.7486631016042781,-0.27540106951871657,-0.8716577540106952,-0.3181818181818182,-0.9759358288770054,-0.034759358288770054,-0.5133689839572193,-0.0962566844919786,-0.6684491978609626,-0.1443850267379679,-0.7647058823529411,-0.1925133689839572,-0.8449197860962567
5,0.0,0.0,-0.21621621621621623,-0.05675675675675676,-0.37027027027027026,-0.22432432432432434,-0.42702702702702705,-0.4,-0.47297297297297297,-0.5405405405405406,-0.34864864864864864,-0.4783783783783784,-0.42702702702702705,-0.6810810810810811,-0.4702702702702703,-0.8027027027027027,-0.5,-0.9081081081081082,-0.2594594594594595,-0.527027027027027,-0.34864864864864864,-0.7513513513513513,-0.4027027027027027,-0.8864864864864865,-0.44324324324324327,-1.0,-0.16486486486486487,-0.5378378378378378,-0.24324324324324326,-0.7513513513513513,-0.2918918918918919,-0.8729729729729729,-0.3324324324324324,-0.9783783783783784,-0.051351351351351354,-0.5162162162162162,-0.11351351351351352,-0.672972972972973,-0.15945945945945947,-0.7675675675675676,-0.20270270270270271,-0.8486486486486486
5,0.0,0.0,-0.20052770448548812,-0.047493403693931395,-0.34564643799472294,-0.21372031662269128,-0.39577836411609496,-0.38522427440633245,-0.45118733509234826,-0.5171503957783641,-0.32189973614775724,-0.47229551451187335,-0.40105540897097625,-0.6754617414248021,-0.44063324538258575,-0.7968337730870713,-0.47229551451187335,-0.9023746701846965,-0.23482849604221637,-0.5224274406332454,-0.3245382585751979,-0.7467018469656992,-0.37994722955145116,-0.8839050131926122,-0.42216358839050133,-1.0,-0.13720316622691292,-0.5329815303430079,-0.22691292875989447,-0.7467018469656992,-0.2770448548812665,-0.8733509234828496,-0.3245382585751979,-0.9841688654353562,-0.026385224274406333,-0.5118733509234829,-0.08970976253298153,-0.6754617414248021,-0.1345646437994723,-0.7783641160949868,-0.17678100263852242,-0.8680738786279684
5,0.0,0.0,-0.20754716981132076,-0.0673854447439353,-0.3504043126684636,-0.24258760107816713,-0.40431266846361186,-0.40970350404312667,-0.4474393530997305,-0.5309973045822103,-0.33153638814016173,-0.48787061994609165,-0.39892183288409705,-0.692722371967655,-0.4366576819407008,-0.8140161725067385,-0.4636118598382749,-0.9164420485175202,-0.24258760107816713,-0.5283018867924528,-0.32345013477088946,-0.7520215633423181,-0.3719676549865229,-0.8867924528301887,-0.4123989218328841,-1.0,-0.14824797843665768,-0.5336927223719676,-0.22371967654986524,-0.7493261455525606,-0.2695417789757412,-0.8706199460916442,-0.31266846361185985,-0.9757412398921833,-0.03773584905660377,-0.5121293800539084,-0.09973045822102426,-0.6765498652291105,-0.14285714285714285,-0.7735849056603774,-0.18059299191374664,-0.8598382749326146
5,0.0,0.0,-0.192,-0.072,-0.31733333333333336,-0.24266666666666667,-0.3626666666666667,-0.4053333333333333,-0.408,-0.5306666666666666,-0.29333333333333333,-0.488,-0.35733333333333334,-0.688,-0.39466666666666667,-0.808,-0.42133333333333334,-0.912,-0.20533333333333334,-0.5306666666666666,-0.28,-0.752,-0.3253333333333333,-0.8853333333333333,-0.3626666666666667,-1.0,-0.112,-0.5386666666666666,-0.17866666666666667,-0.752,-0.21866666666666668,-0.8746666666666667,-0.256,-0.9733333333333334,-0.008,-0.5173333333333333,-0.056,-0.6746666666666666,-0.096,-0.768,-0.136,-0.848
5,0.0,0.0,-0.1806282722513089,-0.0968586387434555,-0.28534031413612565,-0.2801047120418848,-0.31151832460732987,-0.44502617801047123,-0.3507853403141361,-0.5759162303664922,-0.23821989528795812,-0.518324607329843,-0.28534031413612565,-0.7120418848167539,-0.31151832460732987,-0.824607329842932,-0.32722513089005234,-0.9214659685863874,-0.15706806282722513,-0.5471204188481675,-0.20680628272251309,-0.7643979057591623,-0.2356020942408377,-0.8926701570680629,-0.25654450261780104,-1.0,-0.06806282722513089,-0.5445026178010471,-0.1099476439790576,-0.7513089005235603,-0.13350785340314136,-0.8691099476439791,-0.15706806282722513,-0.9712041884816754,0.028795811518324606,-0.5078534031413613,-0.002617801047120419,-0.6675392670157068,-0.02617801047120419,-0.7617801047120419,-0.0549738219895288,-0.8403141361256544
5,0.0,0.0,-0.1796875,-0.1015625,-0.2734375,-0.2916666666666667,-0.28125,-0.4609375,-0.3072916666666667,-0.5911458333333334,-0.20572916666666666,-0.5234375,-0.2421875,-0.7161458333333334,-0.2604166666666667,-0.8307291666666666,-0.2708333333333333,-0.9296875,-0.11458333333333333,-0.5494791666666666,-0.15104166666666666,-0.765625,-0.17447916666666666,-0.8932291666666666,-0.19010416666666666,-1.0,-0.0234375,-0.5416666666666666,-0.052083333333333336,-0.7473958333333334,-0.07291666666666667,-0.8697916666666666,-0.09114583333333333,-0.9713541666666666,0.07291666666666667,-0.5026041666666666,0.0546875,-0.6614583333333334,0.033854166666666664,-0.7578125,0.010416666666666666,-0.8385416666666666
5,0.0,0.0,-0.16363636363636364,-0.11948051948051948,-0.23636363636363636,-0.3142857142857143,-0.23636363636363636,-0.4779220779220779,-0.23376623376623376,-0.6103896103896104,-0.15844155844155844,-0.5272727272727272,-0.16623376623376623,-0.7168831168831169,-0.17142857142857143,-0.8311688311688312,-0.16883116883116883,-0.9298701298701298,-0.07012987012987013,-0.548051948051948,-0.07792207792207792,-0.7636363636363637,-0.08311688311688312,-0.8909090909090909,-0.08311688311688312,-1.0,0.015584415584415584,-0.5324675324675324,0.01038961038961039,-0.7350649350649351,0.005194805194805195,-0.8571428571428571,-0.0025974025974025974,-0.961038961038961,0.10649350649350649,-0.4883116883116883,0.1012987012987013,-0.638961038961039,0.08831168831168831,-0.7324675324675325,0.07532467532467532,-0.812987012987013
5,0.0,0.0,-0.1534526854219949,-0.11253196930946291,-0.21994884910485935,-0.309462915601023,-0.21227621483375958,-0.46547314578005117,-0.21994884910485935,-0.5907928388746803,-0.12531969309462915,-0.5294117647058824,-0.13554987212276215,-0.7237851662404092,-0.14066496163682865,-0.8439897698209718,-0.1432225063938619,-0.9411764705882353,-0.04092071611253197,-0.5447570332480819,-0.04859335038363171,-0.7544757033248082,-0.056265984654731455,-0.887468030690537,-0.058823529411764705,-1.0,0.043478260869565216,-0.5242966751918159,0.04092071611253197,-0.7237851662404092,0.03580562659846547,-0.8439897698209718,0.028132992327365727,-0.948849104859335,0.13043478260869565,-0.4731457800511509,0.13554987212276215,-0.6240409207161125,0.1278772378516624,-0.7212276214833759,0.11508951406649616,-0.8056265984654731
5,0.0,0.0,-0.16062176165803108,-0.11917098445595854,-0.22797927461139897,-0.3134715025906736,-0.22538860103626943,-0.4740932642487047,-0.23056994818652848,-0.6062176165803109,-0.14766839378238342,-0.5233160621761658,-0.15803108808290156,-0.7176165803108808,-0.16321243523316062,-0.8341968911917098,-0.16321243523316062,-0.9352331606217616,-0.05699481865284974,-0.538860103626943,-0.06476683937823834,-0.7564766839378239,-0.07253886010362694,-0.8886010362694301,-0.07512953367875648,-1.0,0.031088082901554404,-0.5233160621761658,0.025906735751295335,-0.727979274611399,0.023316062176165803,-0.8497409326424871,0.015544041450777202,-0.9533678756476683,0.12176165803108809,-0.4740932642487047,0.12176165803108809,-0.6269430051813472,0.11398963730569948,-0.7227979274611399,0.10362694300518134,-0.8031088082901554
5,0.0,0.0,-0.15051020408163265,-0.10714285714285714,-0.21173469387755103,-0.29846938775510207,-0.20153061224489796,-0.45663265306122447,-0.2066326530612245,-0.5841836734693877,-0.11224489795918367,-0.5153061224489796,-0.11989795918367346,-0.7117346938775511,-0.125,-0.8316326530612245,-0.12755102040816327,-0.9336734693877551,-0.025510204081632654,-0.5280612244897959,-0.030612244897959183,-0.7448979591836735,-0.03316326530612245,-0.8826530612244898,-0.03571428571428571,-1.0,0.058673469387755105,-0.5051020408163265,0.061224489795918366,-0.7117346938775511,0.058673469387755105,-0.8367346938775511,0.05612244897959184,-0.9464285714285714,0.14030612244897958,-0.44642857142857145,0.14795918367346939,-0.5994897959183674,0.14540816326530612,-0.701530612244898,0.13520408163265307,-0.7933673469387755
5,0.0,0.0,-0.14393939393939395,-0.11363636363636363,-0.1994949494949495,-0.3005050505050505,-0.18686868686868688,-0.4494949494949495,-0.18686868686868688,-0.5782828282828283,-0.10353535353535354,-0.5176767676767676,-0.10606060606060606,-0.7146464646464646,-0.11363636363636363,-0.8333333333333334,-0.11868686868686869,-0.9368686868686869,-0.015151515151515152,-0.5252525252525253,-0.022727272727272728,-0.7424242424242424,-0.030303030303030304,-0.8813131313131313,-0.03535353535353535,-1.0,0.06565656565656566,-0.5,0.06565656565656566,-0.7045454545454546,0.06565656565656566,-0.8282828282828283,0.05808080808080808,-0.9368686868686869,0.14393939393939395,-0.4444444444444444,0.15151515151515152,-0.5959595959595959,0.14646464646464646,-0.696969696969697,0.13383838383838384,-0.7828282828282829
5,0.0,0.0,-0.13802083333333334,-0.140625,-0.1796875,-0.3385416666666667,-0.15625,-0.4895833333333333,-0.14583333333333334,-0.609375,-0.07552083333333333,-0.5364583333333334,-0.057291666666666664,-0.7265625,-0.046875,-0.8411458333333334,-0.036458333333333336,-0.9401041666666666,0.010416666666666666,-0.5416666666666666,0.03125,-0.7578125,0.041666666666666664,-0.8880208333333334,0.052083333333333336,-1.0,0.09375,-0.5130208333333334,0.11458333333333333,-0.7161458333333334,0.125,-0.8359375,0.1328125,-0.9427083333333334,0.17447916666666666,-0.453125,0.1953125,-0.6119791666666666,0.203125,-0.7109375,0.20572916666666666,-0.7942708333333334
5,0.0,0.0,-0.1394736842105263,-0.13421052631578947,-0.1763157894736842,-0.33421052631578946,-0.15,-0.4868421052631579,-0.13157894736842105,-0.6157894736842106,-0.060526315789473685,-0.5447368421052632,-0.031578947368421054,-0.7342105263157894,-0.018421052631578946,-0.8526315789473684,-0.002631578947368421,-0.95,0.02894736842105263,-0.5447368421052632,0.05526315789473684,-0.7578947368421053,0.06842105263157895,-0.8894736842105263,0.08157894736842106,-1.0,0.11052631578947368,-0.5105263157894737,0.1368421052631579,-0.7131578947368421,0.15,-0.8368421052631579,0.15789473684210525,-0.9421052631578948,0.18947368421052632,-0.44473684210526315,0.20789473684210527,-0.6026315789473684,0.21578947368421053,-0.7026315789473684,0.2131578947368421,-0.7921052631578948
5,0.0,0.0,-0.13709677419354838,-0.13709677419354838,-0.17473118279569894,-0.33064516129032256,-0.1478494623655914,-0.48655913978494625,-0.13172043010752688,-0.6155913978494624,-0.053763440860215055,-0.5349462365591398,-0.01881720430107527,-0.7258064516129032,0.0,-0.8440860215053764,0.021505376344086023,-0.9408602150537635,0.03494623655913978,-0.5403225806451613,0.06989247311827956,-0.7553763440860215,0.0913978494623656,-0.8870967741935484,0.11290322580645161,-1.0,0.12096774193548387,-0.5080645161290323,0.15591397849462366,-0.7150537634408602,0.17473118279569894,-0.8387096774193549,0.1881720430107527,-0.9435483870967742,0.20430107526881722,-0.4435483870967742,0.23387096774193547,-0.6021505376344086,0.24731182795698925,-0.7016129032258065,0.25268817204301075,-0.7876344086021505
5,0.0,0.0,-0.1455026455026455,-0.14285714285714285,-0.1746031746031746,-0.3412698412698413,-0.13756613756613756,-0.4947089947089947,-0.11904761904761904,-0.6190476190476191,-0.042328042328042326,-0.5317460317460317,-0.0026455026455026454,-0.7248677248677249,0.023809523809523808,-0.8465608465608465,0.047619047619047616,-0.9470899470899471,0.05291005291005291,-0.5317460317460317,0.09259259259259259,-0.7486772486772487,0.1164021164021164,-0.8862433862433863,0.1402116402116402,-1.0,0.1349206349206349,-0.4973544973544973,0.17724867724867724,-0.701058201058201,0.20105820105820105,-0.828042328042328,0.21693121693121692,-0.9365079365079365,0.21164021164021163,-0.42857142857142855,0.24867724867724866,-0.5846560846560847,0.26455026455026454,-0.6878306878306878,0.2698412698412698,-0.7751322751322751
5,0.0,0.0,-0.14016172506738545,-0.15363881401617252,-0.16711590296495957,-0.3584905660377358,-0.12668463611859837,-0.5148247978436657,-0.09973045822102426,-0.6388140161725068,-0.016172506738544475,-0.5471698113207547,0.029649595687331536,-0.7412398921832885,0.05929919137466307,-0.8571428571428571,0.0862533692722372,-0.9514824797843666,0.07547169811320754,-0.5471698113207547,0.12668463611859837,-0.7628032345013477,0.15633423180592992,-0.894878706199461,0.18598382749326145,-1.0,0.15902964959568733,-0.5121293800539084,0.20754716981132076,-0.7196765498652291,0.23450134770889489,-0.8463611859838275,0.2560646900269542,-0.954177897574124,0.2398921832884097,-0.444743935309973,0.2803234501347709,-0.601078167115903,0.29649595687331537,-0.7035040431266847,0.3045822102425876,-0.7924528301886793
5,0.0,0.0,-0.13577023498694518,-0.13838120104438642,-0.17493472584856398,-0.3472584856396867,-0.13577023498694518,-0.5065274151436031,-0.10443864229765012,-0.6344647519582245,-0.02610966057441253,-0.5456919060052219,0.015665796344647518,-0.7389033942558747,0.04699738903394256,-0.856396866840731,0.0783289817232376,-0.9503916449086162,0.07049608355091384,-0.5404699738903395,0.10966057441253264,-0.7545691906005222,0.13838120104438642,-0.8903394255874674,0.1671018276762402,-1.0,0.15404699738903394,-0.5013054830287206,0.19321148825065274,-0.7023498694516971,0.2193211488250653,-0.825065274151436,0.23759791122715404,-0.9321148825065274,0.2297650130548303,-0.4281984334203655,0.26109660574412535,-0.5796344647519582,0.2741514360313316,-0.6814621409921671,0.2793733681462141,-0.7702349869451697
5,0.0,0.0,-0.14168937329700274,-0.1553133514986376,-0.17438692098092642,-0.3651226158038147,-0.1335149863760218,-0.5231607629427792,-0.11716621253405994,-0.6485013623978202,-0.035422343324250684,-0.55858310626703,0.0027247956403269754,-0.7465940054495913,0.02997275204359673,-0.8610354223433242,0.05994550408719346,-0.9564032697547684,0.05994550408719346,-0.555858310626703,0.10626702997275204,-0.7683923705722071,0.1335149863760218,-0.896457765667575,0.16076294277929154,-1.0,0.1444141689373297,-0.5204359673024523,0.19346049046321526,-0.7220708446866485,0.21798365122615804,-0.8419618528610354,0.23705722070844687,-0.9455040871934605,0.22615803814713897,-0.45231607629427795,0.26430517711171664,-0.6076294277929155,0.28337874659400547,-0.7084468664850136,0.29427792915531337,-0.7929155313351499
5,0.0,0.0,-0.15844155844155844,-0.13766233766233765,-0.2,-0.34545454545454546,-0.16103896103896104,-0.5038961038961038,-0.13506493506493505,-0.6363636363636364,-0.05194805194805195,-0.535064935064935,-0.015584415584415584,-0.7272727272727273,0.015584415584415584,-0.8467532467532467,0.046753246753246755,-0.9428571428571428,0.046753246753246755,-0.5376623376623376,0.08571428571428572,-0.7532467532467533,0.11688311688311688,-0.8883116883116883,0.15064935064935064,-1.0,0.13246753246753246,-0.5012987012987012,0.17142857142857143,-0.7038961038961039,0.19480519480519481,-0.8285714285714286,0.21558441558441557,-0.9376623376623376,0.21298701298701297,-0.43116883116883115,0.24675324675324675,-0.5844155844155844,0.2597402597402597,-0.6857142857142857,0.2649350649350649,-0.7766233766233767
5,0.0,0.0,-0.15608465608465608,-0.1402116402116402,-0.2037037037037037,-0.34656084656084657,-0.17195767195767195,-0.5052910052910053,-0.15608465608465608,-0.6375661375661376,-0.07142857142857142,-0.5396825396825397,-0.03968253968253968,-0.7275132275132276,-0.007936507936507936,-0.8412698412698413,0.026455026455026454,-0.9391534391534392,0.023809523809523808,-0.5423280423280423,0.06084656084656084,-0.753968253968254,0.08994708994708994,-0.8862433862433863,0.11904761904761904,-1.0,0.1111111111111111,-0.5132275132275133,0.15079365079365079,-0.7116402116402116,0.17195767195767195,-0.8306878306878307,0.1931216931216931,-0.9365079365079365,0.19047619047619047,-0.4497354497354497,0.21957671957671956,-0.6005291005291006,0.2328042328042328,-0.6957671957671958,0.24074074074074073,-0.783068783068783
5,0.0,0.0,-0.15873015873015872,-0.13227513227513227,-0.2037037037037037,-0.3412698412698413,-0.17195767195767195,-0.5026455026455027,-0.15873015873015872,-0.6322751322751323,-0.05555555555555555,-0.5423280423280423,-0.0291005291005291,-0.7354497354497355,-0.005291005291005291,-0.8544973544973545,0.018518518518518517,-0.9523809523809523,0.03968253968253968,-0.5423280423280423,0.07142857142857142,-0.7566137566137566,0.09259259259259259,-0.8915343915343915,0.11375661375661375,-1.0,0.12169312169312169,-0.5079365079365079,0.15343915343915343,-0.708994708994709,0.17195767195767195,-0.8306878306878307,0.18783068783068782,-0.9365079365079365,0.20105820105820105,-0.43915343915343913,0.2275132275132275,-0.5925925925925926,0.23809523809523808,-0.6931216931216931,0.24074074074074073,-0.7777777777777778
5,0.0,0.0,-0.16052631578947368,-0.1368421052631579,-0.20789473684210527,-0.3394736842105263,-0.1736842105263158,-0.5,-0.15526315789473685,-0.631578947368421,-0.05526315789473684,-0.5421052631578948,-0.02631578947368421,-0.7368421052631579,0.002631578947368421,-0.8526315789473684,0.034210526315789476,-0.9473684210526315,0.042105263157894736,-0.5421052631578948,0.07631578947368421,-0.7605263157894737,0.10263157894736842,-0.8921052631578947,0.13157894736842105,-1.0,0.12631578947368421,-0.5078947368421053,0.16052631578947368,-0.7078947368421052,0.18157894736842106,-0.8315789473684211,0.2,-0.9342105263157895,0.20789473684210527,-0.4394736842105263,0.23421052631578948,-0.5894736842105263,0.24210526315789474,-0.6868421052631579,0.24736842105263157,-0.7710526315789473
5,0.0,0.0,-0.16279069767441862,-0.12919896640826872,-0.2222222222222222,-0.3333333333333333,-0.19638242894056848,-0.49612403100775193,-0.17054263565891473,-0.6253229974160207,-0.08010335917312661,-0.5400516795865633,-0.04909560723514212,-0.7390180878552972,-0.020671834625323,-0.8578811369509044,0.0103359173126615,-0.9560723514211886,0.012919896640826873,-0.5400516795865633,0.046511627906976744,-0.7571059431524548,0.07235142118863049,-0.8914728682170543,0.09819121447028424,-1.0,0.09819121447028424,-0.5038759689922481,0.13178294573643412,-0.7054263565891473,0.1524547803617571,-0.8268733850129198,0.17054263565891473,-0.9276485788113695,0.18087855297157623,-0.43669250645994834,0.21188630490956073,-0.58656330749354,0.2248062015503876,-0.6847545219638242,0.23255813953488372,-0.7674418604651163
5,0.0,0.0,-0.1640625,-0.14322916666666666,-0.21614583333333334,-0.3463541666666667,-0.18489583333333334,-0.5078125,-0.16927083333333334,-0.6354166666666666,-0.06510416666666667,-0.5442708333333334,-0.033854166666666664,-0.7369791666666666,-0.0026041666666666665,-0.8567708333333334,0.03125,-0.953125,0.036458333333333336,-0.5416666666666666,0.07291666666666667,-0.7578125,0.10416666666666667,-0.890625,0.1328125,-1.0,0.125,-0.5052083333333334,0.16145833333333334,-0.7057291666666666,0.18229166666666666,-0.8307291666666666,0.20052083333333334,-0.9348958333333334,0.20833333333333334,-0.4375,0.23697916666666666,-0.5885416666666666,0.24479166666666666,-0.6901041666666666,0.25,-0.7760416666666666
5,0.0,0.0,-0.14322916666666666,-0.1328125,-0.20052083333333334,-0.3333333333333333,-0.17708333333333334,-0.484375,-0.15625,-0.59375,-0.0859375,-0.5390625,-0.059895833333333336,-0.7369791666666666,-0.03125,-0.859375,-0.0026041666666666665,-0.9609375,0.005208333333333333,-0.5338541666666666,0.036458333333333336,-0.75,0.0625,-0.8880208333333334,0.08854166666666667,-1.0,0.09114583333333333,-0.5,0.125,-0.6979166666666666,0.14583333333333334,-0.8255208333333334,0.16145833333333334,-0.9296875,0.17708333333333334,-0.4348958333333333,0.20052083333333334,-0.5911458333333334,0.2109375,-0.6979166666666666,0.21614583333333334,-0.7864583333333334
5,0.0,0.0,-0.17676767676767677,-0.10101010101010101,-0.2676767676767677,-0.3055555555555556,-0.25757575757575757,-0.4722222222222222,-0.2474747474747475,-0.5984848484848485,-0.14646464646464646,-0.5202020202020202,-0.14646464646464646,-0.7146464646464646,-0.13636363636363635,-0.8333333333333334,-0.12373737373737374,-0.9318181818181818,-0.05555555555555555,-0.5353535353535354,-0.05808080808080808,-0.75,-0.05555555555555555,-0.8863636363636364,-0.047979797979797977,-1.0,0.027777777777777776,-0.51010101010101,0.027777777777777776,-0.7146464646464646,0.027777777777777776,-0.8434343434343434,0.025252525252525252,-0.9494949494949495,0.11616161616161616,-0.45454545454545453,0.11616161616161616,-0.6111111111111112,0.10606060606060606,-0.7121212121212122,0.09595959595959595,-0.803030303030303
5,0.0,0.0,-0.1815856777493606,-0.10741687979539642,-0.27621483375959077,-0.29923273657289,-0.2813299232736573,-0.4629156010230179,-0.27877237851662406,-0.5882352941176471,-0.1815856777493606,-0.5115089514066496,-0.1918158567774936,-0.7058823529411765,-0.1867007672634271,-0.8235294117647058,-0.17902813299232737,-0.9232736572890026,-0.08951406649616368,-0.5319693094629157,-0.09718670076726342,-0.7544757033248082,-0.09974424552429667,-0.8900255754475703,-0.09718670076726342,-1.0,-0.0025575447570332483,-0.5166240409207161,-0.0025575447570332483,-0.7237851662404092,-0.010230179028132993,-0.8465473145780051,-0.015345268542199489,-0.9514066496163683,0.09207161125319693,-0.4680306905370844,0.08695652173913043,-0.6240409207161125,0.0741687979539642,-0.7212276214833759,0.061381074168797956,-0.8056265984654731
5,0.0,0.0,-0.17587939698492464,-0.09296482412060302,-0.271356783919598,-0.28391959798994976,-0.27638190954773867,-0.44974874371859297,-0.27638190954773867,-0.5804020100502513,-0.17336683417085427,-0.5100502512562815,-0.18592964824120603,-0.7085427135678392,-0.18341708542713567,-0.8291457286432161,-0.17587939698492464,-0.9321608040201005,-0.0829145728643216,-0.5276381909547738,-0.09798994974874371,-0.7462311557788944,-0.10050251256281408,-0.8869346733668342,-0.10050251256281408,-1.0,0.005025125628140704,-0.5100502512562815,-0.007537688442211055,-0.7160804020100503,-0.01256281407035176,-0.8391959798994975,-0.01507537688442211,-0.9447236180904522,0.09798994974874371,-0.45979899497487436,0.08793969849246232,-0.6180904522613065,0.07537688442211055,-0.7185929648241206,0.06281407035175879,-0.8065326633165829
5,0.0,0.0,-0.17525773195876287,-0.1056701030927835,-0.2757731958762887,-0.29381443298969073,-0.2912371134020619,-0.4587628865979381,-0.2912371134020619,-0.5824742268041238,-0.19329896907216496,-0.5154639175257731,-0.2036082474226804,-0.711340206185567,-0.20618556701030927,-0.8273195876288659,-0.2036082474226804,-0.9252577319587629,-0.1056701030927835,-0.5360824742268041,-0.1211340206185567,-0.7577319587628866,-0.13144329896907217,-0.8917525773195877,-0.13659793814432988,-1.0,-0.01804123711340206,-0.5231958762886598,-0.028350515463917526,-0.729381443298969,-0.03865979381443299,-0.8530927835051546,-0.05154639175257732,-0.9561855670103093,0.07731958762886598,-0.47680412371134023,0.06958762886597938,-0.634020618556701,0.05670103092783505,-0.7319587628865979,0.04381443298969072,-0.8144329896907216
5,0.0,0.0,-0.17794486215538846,-0.08270676691729323,-0.2857142857142857,-0.2706766917293233,-0.3107769423558897,-0.43358395989974935,-0.3182957393483709,-0.5614035087719298,-0.20300751879699247,-0.5012531328320802,-0.22055137844611528,-0.6992481203007519,-0.22807017543859648,-0.8195488721804511,-0.23308270676691728,-0.924812030075188,-0.11278195488721804,-0.5263157894736842,-0.13533834586466165,-0.7443609022556391,-0.15288220551378445,-0.8822055137844611,-0.16290726817042606,-1.0,-0.02506265664160401,-0.5112781954887218,-0.05012531328320802,-0.7192982456140351,-0.06516290726817042,-0.8446115288220551,-0.08020050125313283,-0.9523809523809523,0.06766917293233082,-0.46616541353383456,0.05012531328320802,-0.6240601503759399,0.03258145363408521,-0.7243107769423559,0.012531328320802004,-0.8120300751879699
5,0.0,0.0,-0.18087855297157623,-0.09560723514211886,-0.29457364341085274,-0.27906976744186046,-0.32041343669250644,-0.43669250645994834,-0.32299741602067183,-0.5581395348837209,-0.2222222222222222,-0.5090439276485789,-0.24031007751937986,-0.710594315245478,-0.24806201550387597,-0.8320413436692506,-0.25064599483204136,-0.9354005167958657,-0.13178294573643412,-0.5322997416020672,-0.15503875968992248,-0.7545219638242894,-0.1731266149870801,-0.8914728682170543,-0.18863049095607234,-1.0,-0.03875968992248062,-0.524547803617571,-0.06459948320413436,-0.7338501291989664,-0.08527131782945736,-0.8604651162790697,-0.10852713178294573,-0.958656330749354,0.059431524547803614,-0.48578811369509045,0.041343669250646,-0.648578811369509,0.020671834625323,-0.7467700258397932,-0.002583979328165375,-0.8294573643410853
5,0.0,0.0,-0.18229166666666666,-0.08333333333333333,-0.2994791666666667,-0.2734375,-0.3359375,-0.4375,-0.359375,-0.5651041666666666,-0.234375,-0.515625,-0.2682291666666667,-0.7109375,-0.2864583333333333,-0.8307291666666666,-0.3020833333333333,-0.9348958333333334,-0.15104166666666666,-0.5390625,-0.19270833333333334,-0.7526041666666666,-0.21875,-0.8854166666666666,-0.23958333333333334,-1.0,-0.06510416666666667,-0.53125,-0.10677083333333333,-0.734375,-0.1328125,-0.8645833333333334,-0.16145833333333334,-0.96875,0.03125,-0.4895833333333333,0.0026041666666666665,-0.6510416666666666,-0.026041666666666668,-0.7526041666666666,-0.057291666666666664,-0.8385416666666666
5,0.0,0.0,-0.19946808510638298,-0.0797872340425532,-0.32978723404255317,-0.25,-0.375,-0.4175531914893617,-0.4015957446808511,-0.5531914893617021,-0.2872340425531915,-0.4920212765957447,-0.34574468085106386,-0.6968085106382979,-0.3723404255319149,-0.8138297872340425,-0.39095744680851063,-0.9175531914893617,-0.19680851063829788,-0.526595744680851,-0.26063829787234044,-0.75,-0.30319148936170215,-0.8882978723404256,-0.3351063829787234,-1.0,-0.10106382978723404,-0.526595744680851,-0.1595744680851064,-0.7420212765957447,-0.19680851063829788,-0.8696808510638298,-0.23138297872340424,-0.973404255319149,0.007978723404255319,-0.4946808510638298,-0.034574468085106384,-0.6569148936170213,-0.07180851063829788,-0.7553191489361702,-0.10904255319148937,-0.8377659574468085
5,0.0,0.0,-0.18085106382978725,-0.0797872340425532,-0.3058510638297872,-0.26063829787234044,-0.3484042553191489,-0.42021276595744683,-0.3882978723404255,-0.5398936170212766,-0.26063829787234044,-0.5106382978723404,-0.31382978723404253,-0.699468085106383,-0.3404255319148936,-0.8164893617021277,-0.3617021276595745,-0.9122340425531915,-0.17819148936170212,-0.5478723404255319,-0.23404255319148937,-0.7606382978723404,-0.26861702127659576,-0.8909574468085106,-0.2978723404255319,-1.0,-0.09042553191489362,-0.5478723404255319,-0.14095744680851063,-0.7526595744680851,-0.17287234042553193,-0.8723404255319149,-0.2047872340425532,-0.973404255319149,0.007978723404255319,-0.5132978723404256,-0.026595744680851064,-0.6728723404255319,-0.05851063829787234,-0.7686170212765957,-0.08776595744680851,-0.8457446808510638
5,0.0,0.0,-0.18617021276595744,-0.06382978723404255,-0.32180851063829785,-0.2393617021276596,-0.3723404255319149,-0.4015957446808511,-0.4228723404255319,-0.5212765957446809,-0.27925531914893614,-0.4867021276595745,-0.3377659574468085,-0.6835106382978723,-0.3696808510638298,-0.800531914893617,-0.39893617021276595,-0.901595744680851,-0.19148936170212766,-0.526595744680851,-0.2579787234042553,-0.7473404255319149,-0.300531914893617,-0.8856382978723404,-0.3377659574468085,-1.0,-0.10106382978723404,-0.5292553191489362,-0.1595744680851064,-0.7367021276595744,-0.19946808510638298,-0.8643617021276596,-0.23670212765957446,-0.9707446808510638,0.0026595744680851063,-0.5,-0.0398936170212766,-0.6542553191489362,-0.07712765957446809,-0.7526595744680851,-0.11436170212765957,-0.8351063829787234
5,0.0,0.0,-0.1935483870967742,-0.06989247311827956,-0.3172043010752688,-0.23655913978494625,-0.3521505376344086,-0.3978494623655914,-0.3870967741935484,-0.5241935483870968,-0.2768817204301075,-0.489247311827957,-0.33064516129032256,-0.6801075268817204,-0.3602150537634409,-0.793010752688172,-0.3817204301075269,-0.8924731182795699,-0.19086021505376344,-0.532258064516129,-0.25268817204301075,-0.7526881720430108,-0.2956989247311828,-0.8870967741935484,-0.33064516129032256,-1.0,-0.10215053763440861,-0.5403225806451613,-0.15053763440860216,-0.75,-0.1935483870967742,-0.8709677419354839,-0.23118279569892472,-0.9704301075268817,-0.005376344086021506,-0.5134408602150538,-0.04032258064516129,-0.6774193548387096,-0.07258064516129033,-0.7768817204301075,-0.11021505376344086,-0.8575268817204301
5,0.0,0.0,-0.20380434782608695,-0.057065217391304345,-0.35054347826086957,-0.22554347826086957,-0.3967391304347826,-0.39402173913043476,-0.42934782608695654,-0.5353260869565217,-0.3125,-0.4782608695652174,-0.37228260869565216,-0.6820652173913043,-0.4048913043478261,-0.8043478260869565,-0.42934782608695654,-0.9103260869565217,-0.22554347826086957,-0.5190217391304348,-0.3016304347826087,-0.7418478260869565,-0.3451086956521739,-0.8804347826086957,-0.3804347826086957,-1.0,-0.13043478260869565,-0.5244565217391305,-0.20380434782608695,-0.7391304347826086,-0.24728260869565216,-0.8668478260869565,-0.28532608695652173,-0.9755434782608695,-0.021739130434782608,-0.5,-0.07608695652173914,-0.6630434782608695,-0.11684782608695653,-0.7663043478260869,-0.16032608695652173,-0.8532608695652174
5,0.0,0.0,-0.2032967032967033,-0.06043956043956044,-0.34615384615384615,-0.21428571428571427,-0.4065934065934066,-0.37637362637362637,-0.4230769230769231,-0.5137362637362637,-0.30494505494505497,-0.4807692307692308,-0.3598901098901099,-0.6813186813186813,-0.3901098901098901,-0.8021978021978022,-0.40934065934065933,-0.9065934065934066,-0.21703296703296704,-0.5247252747252747,-0.28296703296703296,-0.75,-0.3269230769230769,-0.8846153846153846,-0.3598901098901099,-1.0,-0.12637362637362637,-0.532967032967033,-0.18681318681318682,-0.7445054945054945,-0.23076923076923078,-0.8708791208791209,-0.2664835164835165,-0.978021978021978,-0.02197802197802198,-0.510989010989011,-0.07142857142857142,-0.6758241758241759,-0.10989010989010989,-0.7747252747252747,-0.14835164835164835,-0.8598901098901099
5,0.0,0.0,-0.19559228650137742,-0.05234159779614325,-0.3443526170798898,-0.22038567493112948,-0.39944903581267216,-0.3856749311294766,-0.44077134986225897,-0.5206611570247934,-0.31129476584022037,-0.48484848484848486,-0.3746556473829201,-0.6831955922865014,-0.418732782369146,-0.8016528925619835,-0.45454545454545453,-0.9035812672176309,-0.22589531680440772,-0.5289256198347108,-0.30303030303030304,-0.7465564738292011,-0.3581267217630854,-0.8842975206611571,-0.4049586776859504,-1.0,-0.1349862258953168,-0.5371900826446281,-0.2066115702479339,-0.7465564738292011,-0.2534435261707989,-0.8705234159779615,-0.30303030303030304,-0.9752066115702479,-0.030303030303030304,-0.512396694214876,-0.07988980716253444,-0.6721763085399449,-0.12121212121212122,-0.7713498622589532,-0.16804407713498623,-0.8539944903581267
5,0.0,0.0,-0.2,-0.057534246575342465,-0.3424657534246575,-0.2273972602739726,-0.39452054794520547,-0.38904109589041097,-0.4383561643835616,-0.5260273972602739,-0.3178082191780822,-0.4821917808219178,-0.3835616438356164,-0.6794520547945205,-0.4191780821917808,-0.8027397260273973,-0.4465753424657534,-0.9068493150684932,-0.23013698630136986,-0.5260273972602739,-0.31232876712328766,-0.7452054794520548,-0.36164383561643837,-0.8821917808219178,-0.40273972602739727,-1.0,-0.136986301369863,-0.5315068493150685,-0.21095890410958903,-0.7452054794520548,-0.25753424657534246,-0.8684931506849315,-0.3013698630136986,-0.9753424657534246,-0.030136986301369864,-0.5068493150684932,-0.08493150684931507,-0.6657534246575343,-0.12876712328767123,-0.7643835616438356,-0.1726027397260274,-0.8493150684931506
5,0.0,0.0,-0.1994459833795014,-0.04986149584487535,-0.3462603878116344,-0.2188365650969529,-0.4099722991689751,-0.38227146814404434,-0.4626038781163435,-0.5124653739612188,-0.32409972299168976,-0.48476454293628807,-0.3961218836565097,-0.6814404432132964,-0.4376731301939058,-0.8005540166204986,-0.4709141274238227,-0.9058171745152355,-0.2409972299168975,-0.5318559556786704,-0.32132963988919666,-0.7506925207756233,-0.37950138504155123,-0.8864265927977839,-0.4293628808864266,-1.0,-0.14958448753462603,-0.5429362880886427,-0.22437673130193905,-0.7534626038781164,-0.27977839335180055,-0.8753462603878116,-0.3296398891966759,-0.9750692520775623,-0.0443213296398892,-0.5235457063711911,-0.09418282548476455,-0.6842105263157895,-0.14127423822714683,-0.7811634349030471,-0.1883656509695291,-0.8614958448753463
5,0.0,0.0,-0.20670391061452514,-0.05307262569832402,-0.3659217877094972,-0.21787709497206703,-0.4329608938547486,-0.38268156424581007,-0.48324022346368717,-0.5251396648044693,-0.3463687150837989,-0.48044692737430167,-0.4245810055865922,-0.6787709497206704,-0.4748603351955307,-0.7988826815642458,-0.5195530726256983,-0.9022346368715084,-0.25977653631284914,-0.5307262569832403,-0.35195530726256985,-0.7513966480446927,-0.41620111731843573,-0.888268156424581,-0.4720670391061452,-1.0,-0.164804469273743,-0.5446927374301676,-0.25139664804469275,-0.7569832402234636,-0.30726256983240224,-0.8798882681564246,-0.36312849162011174,-0.9832402234636871,-0.055865921787709494,-0.5279329608938548,-0.11731843575418995,-0.6899441340782123,-0.16759776536312848,-0.7905027932960894,-0.21787709497206703,-0.8743016759776536
5,0.0,0.0,-0.2140845070422535,-0.059154929577464786,-0.36056338028169016,-0.2140845070422535,-0.428169014084507,-0.36901408450704226,-0.4647887323943662,-0.5014084507042254,-0.3464788732394366,-0.48169014084507045,-0.4197183098591549,-0.6816901408450704,-0.4619718309859155,-0.8028169014084507,-0.49014084507042255,-0.9042253521126761,-0.2591549295774648,-0.5267605633802817,-0.3464788732394366,-0.7492957746478873,-0.4028169014084507,-0.8845070422535212,-0.4450704225352113,-1.0,-0.16338028169014085,-0.5380281690140845,-0.24507042253521127,-0.752112676056338,-0.29859154929577464,-0.8788732394366198,-0.3436619718309859,-0.9859154929577465,-0.05352112676056338,-0.5211267605633803,-0.11267605633802817,-0.6845070422535211,-0.15774647887323945,-0.7830985915492957,-0.2028169014084507,-0.8676056338028169
5,0.0,0.0,-0.1940700808625337,-0.05390835579514825,-0.33692722371967654,-0.20215633423180593,-0.39892183288409705,-0.3504043126684636,-0.4474393530997305,-0.4716981132075472,-0.32075471698113206,-0.48247978436657685,-0.37735849056603776,-0.6873315363881402,-0.41509433962264153,-0.8140161725067385,-0.4474393530997305,-0.921832884097035,-0.23450134770889489,-0.522911051212938,-0.30727762803234504,-0.7466307277628033,-0.353099730458221,-0.8867924528301887,-0.3908355795148248,-1.0,-0.14016172506738545,-0.5309973045822103,-0.21024258760107817,-0.738544474393531,-0.2587601078167116,-0.8679245283018868,-0.3018867924528302,-0.9784366576819407,-0.03234501347708895,-0.5067385444743935,-0.0862533692722372,-0.6738544474393531,-0.1293800539083558,-0.7762803234501348,-0.16981132075471697,-0.8598382749326146
5,0.0,0.0,-0.18298969072164947,-0.08762886597938144,-0.29381443298969073,-0.26804123711340205,-0.31958762886597936,-0.42783505154639173,-0.3427835051546392,-0.5592783505154639,-0.2345360824742268,-0.5154639175257731,-0.27835051546391754,-0.7061855670103093,-0.3015463917525773,-0.8273195876288659,-0.32216494845360827,-0.9329896907216495,-0.15979381443298968,-0.5438144329896907,-0.2036082474226804,-0.7577319587628866,-0.2345360824742268,-0.8891752577319587,-0.2603092783505155,-1.0,-0.07731958762886598,-0.5360824742268041,-0.11082474226804123,-0.7422680412371134,-0.14175257731958762,-0.8711340206185567,-0.17525773195876287,-0.9819587628865979,0.015463917525773196,-0.5,-0.005154639175257732,-0.6597938144329897,-0.028350515463917526,-0.7628865979381443,-0.05670103092783505,-0.8479381443298969
5,0.0,0.0,-0.18604651162790697,-0.09819121447028424,-0.29198966408268734,-0.29457364341085274,-0.31007751937984496,-0.46770025839793283,-0.3178294573643411,-0.6020671834625323,-0.21188630490956073,-0.5271317829457365,-0.23772609819121446,-0.7183462532299741,-0.2532299741602067,-0.834625322997416,-0.26356589147286824,-0.9354005167958657,-0.12403100775193798,-0.5529715762273901,-0.15503875968992248,-0.7622739018087855,-0.17571059431524547,-0.8888888888888888,-0.19121447028423771,-1.0,-0.03617571059431524,-0.5426356589147286,-0.06718346253229975,-0.7441860465116279,-0.08785529715762273,-0.8656330749354005,-0.1111111111111111,-0.9689922480620154,0.06201550387596899,-0.49870801033591733,0.03875968992248062,-0.661498708010336,0.015503875968992248,-0.7571059431524548,-0.0103359173126615,-0.8423772609819121
5,0.0,0.0,-0.16129032258064516,-0.10669975186104218,-0.2531017369727047,-0.29280397022332505,-0.2704714640198511,-0.45905707196029777,-0.2704714640198511,-0.5955334987593052,-0.1513647642679901,-0.5235732009925558,-0.16377171215880892,-0.7121588089330024,-0.17121588089330025,-0.8287841191066998,-0.1761786600496278,-0.9330024813895782,-0.06699751861042183,-0.5409429280397022,-0.0794044665012407,-0.7518610421836228,-0.09181141439205956,-0.8858560794044665,-0.09925558312655088,-1.0,0.017369727047146403,-0.5235732009925558,0.007444168734491315,-0.7270471464019851,-0.0024813895781637717,-0.8535980148883374,-0.01488833746898263,-0.9652605459057072,0.10918114143920596,-0.46898263027295284,0.10669975186104218,-0.630272952853598,0.0967741935483871,-0.7295285359801489,0.0794044665012407,-0.8163771712158809
5,0.0,0.0,-0.1725,-0.12,-0.2575,-0.315,-0.2525,-0.4775,-0.2525,-0.6075,-0.1525,-0.5225,-0.1525,-0.7225,-0.1525,-0.8425,-0.15,-0.94,-0.06,-0.5375,-0.0625,-0.7575,-0.065,-0.89,-0.0675,-1.0,0.03,-0.5225,0.025,-0.7325,0.02,-0.855,0.015,-0.96,0.1225,-0.475,0.1225,-0.6375,0.115,-0.7375,0.105,-0.8225
5,0.0,0.0,-0.16541353383458646,-0.11528822055137844,-0.24060150375939848,-0.3107769423558897,-0.24060150375939848,-0.47619047619047616,-0.24812030075187969,-0.6140350877192983,-0.14035087719298245,-0.5338345864661654,-0.14285714285714285,-0.7268170426065163,-0.13533834586466165,-0.8446115288220551,-0.12280701754385964,-0.9448621553884712,-0.047619047619047616,-0.5488721804511278,-0.047619047619047616,-0.7644110275689223,-0.042606516290726815,-0.8922305764411027,-0.03258145363408521,-1.0,0.040100250626566414,-0.5288220551378446,0.045112781954887216,-0.731829573934837,0.047619047619047616,-0.8521303258145363,0.05012531328320802,-0.9573934837092731,0.12781954887218044,-0.46867167919799496,0.13533834586466165,-0.6290726817042607,0.13032581453634084,-0.7293233082706767,0.11779448621553884,-0.8145363408521303
5,0.0,0.0,-0.16879795396419436,-0.1278772378516624,-0.23785166240409208,-0.3248081841432225,-0.22506393861892582,-0.49104859335038364,-0.22506393861892582,-0.6240409207161125,-0.1329923273657289,-0.5447570332480819,-0.1278772378516624,-0.7340153452685422,-0.11508951406649616,-0.8491048593350383,-0.09462915601023018,-0.9462915601023018,-0.03580562659846547,-0.5575447570332481,-0.028132992327365727,-0.7672634271099744,-0.017902813299232736,-0.8925831202046036,-0.0025575447570332483,-1.0,0.05370843989769821,-0.5345268542199488,0.0639386189258312,-0.7340153452685422,0.0741687979539642,-0.8516624040920716,0.0792838874680307,-0.9539641943734015,0.14578005115089515,-0.47570332480818417,0.15089514066496162,-0.6317135549872123,0.14578005115089515,-0.7289002557544757,0.13810741687979539,-0.8132992327365729
5,0.0,0.0,-0.1654320987654321,-0.12345679012345678,-0.22469135802469137,-0.3308641975308642,-0.20493827160493827,-0.4962962962962963,-0.2,-0.6296296296296297,-0.10617283950617284,-0.5358024691358024,-0.09135802469135802,-0.7308641975308642,-0.07160493827160494,-0.8493827160493828,-0.04938271604938271,-0.9481481481481482,-0.007407407407407408,-0.5456790123456791,0.009876543209876543,-0.7604938271604939,0.027160493827160494,-0.891358024691358,0.044444444444444446,-1.0,0.07901234567901234,-0.5185185185185185,0.1037037037037037,-0.7209876543209877,0.11604938271604938,-0.8444444444444444,0.1259259259259259,-0.9506172839506173,0.1654320987654321,-0.454320987654321,0.18271604938271604,-0.6123456790123457,0.18518518518518517,-0.7111111111111111,0.18024691358024691,-0.7950617283950617
5,0.0,0.0,-0.1596009975062344,-0.13466334164588528,-0.2144638403990025,-0.341645885286783,-0.18952618453865336,-0.5087281795511222,-0.17206982543640897,-0.6359102244389028,-0.08728179551122195,-0.5411471321695761,-0.06483790523690773,-0.7356608478802993,-0.04239401496259352,-0.8503740648379052,-0.017456359102244388,-0.942643391521197,0.004987531172069825,-0.5486284289276808,0.032418952618453865,-0.7680798004987531,0.04987531172069826,-0.8977556109725686,0.06982543640897755,-1.0,0.08977556109725686,-0.5211970074812967,0.1172069825436409,-0.7256857855361596,0.13216957605985039,-0.8478802992518704,0.14463840399002495,-0.9501246882793017,0.17206982543640897,-0.4613466334164589,0.19451371571072318,-0.6209476309226932,0.20199501246882792,-0.7182044887780549,0.20698254364089774,-0.8029925187032418
5,0.0,0.0,-0.1630170316301703,-0.12408759124087591,-0.22384428223844283,-0.3357664233576642,-0.19708029197080293,-0.5036496350364964,-0.18004866180048662,-0.635036496350365,-0.0948905109489051,-0.537712895377129,-0.07542579075425791,-0.7299270072992701,-0.04866180048661801,-0.8442822384428224,-0.021897810218978103,-0.9416058394160584,0.0,-0.5450121654501217,0.024330900243309004,-0.7591240875912408,0.0413625304136253,-0.8905109489051095,0.06326034063260341,-1.0,0.0851581508515815,-0.5158150851581509,0.10948905109489052,-0.7153284671532847,0.12408759124087591,-0.8321167883211679,0.1362530413625304,-0.9318734793187348,0.1678832116788321,-0.45012165450121655,0.18491484184914841,-0.6034063260340633,0.1873479318734793,-0.7007299270072993,0.18491484184914841,-0.7834549878345499
5,0.0,0.0,-0.15841584158415842,-0.14108910891089108,-0.21287128712871287,-0.3465346534653465,-0.18811881188118812,-0.5099009900990099,-0.17326732673267325,-0.6361386138613861,-0.09405940594059406,-0.5420792079207921,-0.07178217821782178,-0.7326732673267327,-0.04702970297029703,-0.844059405940594,-0.019801980198019802,-0.9405940594059405,0.0024752475247524753,-0.5470297029702971,0.0297029702970297,-0.7623762376237624,0.05198019801980198,-0.8910891089108911,0.07673267326732673,-1.0,0.0891089108910891,-0.5198019801980198,0.12128712871287128,-0.7178217821782178,0.13861386138613863,-0.8391089108910891,0.15346534653465346,-0.943069306930693,0.1707920792079208,-0.45544554455445546,0.1905940594059406,-0.6064356435643564,0.19554455445544555,-0.7029702970297029,0.19554455445544555,-0.7871287128712872
5,0.0,0.0,-0.1614457831325301,-0.13012048192771083,-0.21445783132530122,-0.3421686746987952,-0.18072289156626506,-0.5036144578313253,-0.16626506024096385,-0.6313253012048192,-0.0819277108433735,-0.5325301204819277,-0.06265060240963856,-0.727710843373494,-0.033734939759036145,-0.8457831325301205,-0.004819277108433735,-0.9421686746987952,0.016867469879518072,-0.5373493975903615,0.043373493975903614,-0.7566265060240964,0.06506024096385542,-0.891566265060241,0.09156626506024096,-1.0,0.10361445783132531,-0.5060240963855421,0.12771084337349398,-0.708433734939759,0.14457831325301204,-0.8289156626506025,0.1614457831325301,-0.927710843373494,0.18795180722891566,-0.43855421686746987,0.20481927710843373,-0.5951807228915663,0.20963855421686747,-0.691566265060241,0.21204819277108433,-0.7759036144578313
5,0.0,0.0,-0.1570048309178744,-0.13768115942028986,-0.21014492753623187,-0.34541062801932365,-0.18357487922705315,-0.5072463768115942,-0.17149758454106281,-0.6376811594202898,-0.07971014492753623,-0.538647342995169,-0.050724637681159424,-0.7294685990338164,-0.024154589371980676,-0.8454106280193237,0.004830917874396135,-0.9420289855072463,0.01932367149758454,-0.5434782608695652,0.050724637681159424,-0.7584541062801933,0.07729468599033816,-0.8888888888888888,0.10386473429951691,-1.0,0.10628019323671498,-0.5120772946859904,0.13526570048309178,-0.7101449275362319,0.1570048309178744,-0.8309178743961353,0.17391304347826086,-0.9323671497584541,0.18840579710144928,-0.4468599033816425,0.21014492753623187,-0.5990338164251208,0.21497584541062803,-0.6980676328502415,0.21497584541062803,-0.7801932367149759
5,0.0,0.0,-0.13350125944584382,-0.14105793450881612,-0.18387909319899245,-0.345088161209068,-0.163727959697733,-0.5012594458438288,-0.15365239294710328,-0.6171284634760705,-0.06801007556675064,-0.5591939546599496,-0.04785894206549118,-0.7506297229219143,-0.0327455919395466,-0.8639798488664987,-0.017632241813602016,-0.9622166246851386,0.015113350125944584,-0.5591939546599496,0.04030226700251889,-0.7682619647355163,0.060453400503778336,-0.8942065491183879,0.08060453400503778,-1.0,0.09319899244332494,-0.5264483627204031,0.12594458438287154,-0.7229219143576826,0.14105793450881612,-0.8463476070528967,0.15113350125944586,-0.9496221662468514,0.16624685138539042,-0.4634760705289673,0.19395465994962216,-0.6171284634760705,0.2040302267002519,-0.7153652392947103,0.20906801007556675,-0.801007556675063
5,0.0,0.0,-0.15980629539951574,-0.11380145278450363,-0.23002421307506055,-0.3171912832929782,-0.21549636803874092,-0.47699757869249393,-0.2009685230024213,-0.6029055690072639,-0.11380145278450363,-0.5254237288135594,-0.10411622276029056,-0.7191283292978208,-0.08958837772397095,-0.8353510895883777,-0.07506053268765134,-0.9322033898305084,-0.021791767554479417,-0.5351089588377724,-0.009685230024213076,-0.7506053268765133,-0.002421307506053269,-0.8861985472154964,0.007263922518159807,-1.0,0.06537530266343826,-0.5060532687651331,0.0774818401937046,-0.711864406779661,0.08716707021791767,-0.8353510895883777,0.09443099273607748,-0.9394673123486683,0.15012106537530268,-0.4430992736077482,0.16464891041162227,-0.5980629539951574,0.162227602905569,-0.6997578692493946,0.1549636803874092,-0.784503631961259
5,0.0,0.0,-0.15647921760391198,-0.1271393643031785,-0.2176039119804401,-0.3276283618581907,-0.20048899755501223,-0.49144254278728605,-0.19559902200489,-0.6234718826405868,-0.1100244498777506,-0.5256723716381418,-0.09535452322738386,-0.7188264058679706,-0.07579462102689487,-0.8337408312958435,-0.05134474327628362,-0.9315403422982885,-0.014669926650366748,-0.5354523227383863,0.0024449877750611247,-0.7555012224938875,0.017114914425427872,-0.8875305623471883,0.034229828850855744,-1.0,0.07334963325183375,-0.511002444987775,0.09535452322738386,-0.7188264058679706,0.1100244498777506,-0.8410757946210269,0.1198044009779951,-0.9511002444987775,0.16136919315403422,-0.45232273838630804,0.17603911980440098,-0.6112469437652812,0.18092909535452323,-0.7114914425427873,0.18092909535452323,-0.7995110024449877
5,0.0,0.0,-0.1630695443645084,-0.12470023980815348,-0.22302158273381295,-0.328537170263789,-0.19424460431654678,-0.4892086330935252,-0.1774580335731415,-0.6187050359712231,-0.09832134292565947,-0.5299760191846523,-0.0815347721822542,-0.7266187050359713,-0.05755395683453238,-0.841726618705036,-0.03357314148681055,-0.9400479616306955,0.0,-0.539568345323741,0.016786570743405275,-0.7553956834532374,0.03357314148681055,-0.8872901678657075,0.05515587529976019,-1.0,0.08633093525179857,-0.5107913669064749,0.10311750599520383,-0.7146282973621103,0.11510791366906475,-0.8369304556354916,0.12709832134292565,-0.9424460431654677,0.17266187050359713,-0.4460431654676259,0.18705035971223022,-0.6019184652278178,0.18705035971223022,-0.7002398081534772,0.18225419664268586,-0.7865707434052758
5,0.0,0.0,-0.14392059553349876,-0.12406947890818859,-0.20843672456575682,-0.33002481389578164,-0.20099255583126552,-0.48883374689826303,-0.18362282878411912,-0.6054590570719603,-0.11166253101736973,-0.5409429280397022,-0.08684863523573201,-0.7344913151364765,-0.06947890818858561,-0.8535980148883374,-0.052109181141439205,-0.9553349875930521,-0.02481389578163772,-0.5483870967741935,-0.004962779156327543,-0.7593052109181141,0.009925558312655087,-0.890818858560794,0.022332506203473945,-1.0,0.05459057071960298,-0.5235732009925558,0.07444168734491315,-0.7220843672456576,0.08933002481389578,-0.8436724565756824,0.09925558312655088,-0.9454094292803971,0.13399503722084366,-0.47146401985111663,0.1513647642679901,-0.6253101736972705,0.15632754342431762,-0.7245657568238213,0.16129032258064516,-0.8064516129032258
5,0.0,0.0,-0.15789473684210525,-0.13421052631578947,-0.22894736842105262,-0.33157894736842103,-0.23157894736842105,-0.4921052631578947,-0.22631578947368422,-0.618421052631579,-0.12105263157894737,-0.5394736842105263,-0.11315789473684211,-0.7342105263157894,-0.10526315789473684,-0.8473684210526315,-0.09736842105263158,-0.9447368421052632,-0.034210526315789476,-0.5473684210526316,-0.02894736842105263,-0.7631578947368421,-0.02631578947368421,-0.8921052631578947,-0.02368421052631579,-1.0,0.05,-0.5236842105263158,0.05526315789473684,-0.7236842105263158,0.05526315789473684,-0.8447368421052631,0.05263157894736842,-0.9473684210526315,0.1394736842105263,-0.46842105263157896,0.14473684210526316,-0.6210526315789474,0.14210526315789473,-0.718421052631579,0.13421052631578947,-0.8052631578947368
5,0.0,0.0,-0.16535433070866143,-0.10236220472440945,-0.25984251968503935,-0.29658792650918636,-0.27296587926509186,-0.45931758530183725,-0.28083989501312334,-0.5931758530183727,-0.16535433070866143,-0.5223097112860893,-0.16535433070866143,-0.7139107611548556,-0.16535433070866143,-0.8293963254593176,-0.16535433070866143,-0.9291338582677166,-0.07349081364829396,-0.5380577427821522,-0.08136482939632546,-0.7506561679790026,-0.08661417322834646,-0.884514435695538,-0.09448818897637795,-1.0,0.015748031496062992,-0.5196850393700787,0.007874015748031496,-0.7191601049868767,0.0,-0.8398950131233596,-0.010498687664041995,-0.9448818897637795,0.10498687664041995,-0.4671916010498688,0.09973753280839895,-0.6194225721784777,0.08923884514435695,-0.7165354330708661,0.07611548556430446,-0.8031496062992126
5,0.0,0.0,-0.17355371900826447,-0.10743801652892562,-0.2644628099173554,-0.30303030303030304,-0.27548209366391185,-0.46831955922865015,-0.2837465564738292,-0.5950413223140496,-0.17355371900826447,-0.5261707988980716,-0.1790633608815427,-0.7134986225895317,-0.18457300275482094,-0.8264462809917356,-0.18732782369146006,-0.9256198347107438,-0.09090909090909091,-0.5454545454545454,-0.10192837465564739,-0.7603305785123967,-0.11019283746556474,-0.8898071625344353,-0.11294765840220386,-1.0,-0.008264462809917356,-0.5289256198347108,-0.01652892561983471,-0.7327823691460055,-0.024793388429752067,-0.8567493112947658,-0.03305785123966942,-0.9614325068870524,0.08264462809917356,-0.4820936639118457,0.0743801652892562,-0.6363636363636364,0.06336088154269973,-0.7355371900826446,0.05234159779614325,-0.8181818181818182
5,0.0,0.0,-0.18397626112759644,-0.10682492581602374,-0.2878338278931751,-0.2997032640949555,-0.3086053412462908,-0.4658753709198813,-0.31750741839762614,-0.5934718100890207,-0.19881305637982197,-0.5281899109792285,-0.2195845697329377,-0.7151335311572701,-0.22551928783382788,-0.8249258160237388,-0.22551928783382788,-0.9228486646884273,-0.11275964391691394,-0.5519287833827893,-0.13353115727002968,-0.7655786350148368,-0.14540059347181009,-0.8902077151335311,-0.1513353115727003,-1.0,-0.026706231454005934,-0.543026706231454,-0.04451038575667656,-0.744807121661721,-0.05637982195845697,-0.8635014836795252,-0.06824925816023739,-0.9673590504451038,0.06528189910979229,-0.49554896142433236,0.04747774480712166,-0.6528189910979229,0.02967359050445104,-0.7477744807121661,0.011869436201780416,-0.8308605341246291
5,0.0,0.0,-0.18902439024390244,-0.0975609756097561,-0.2926829268292683,-0.2926829268292683,-0.3048780487804878,-0.4603658536585366,-0.3231707317073171,-0.5853658536585366,-0.2073170731707317,-0.5182926829268293,-0.22560975609756098,-0.7103658536585366,-0.22865853658536586,-0.8262195121951219,-0.22560975609756098,-0.926829268292683,-0.11585365853658537,-0.5457317073170732,-0.14329268292682926,-0.7591463414634146,-0.1524390243902439,-0.8871951219512195,-0.16158536585365854,-1.0,-0.03048780487804878,-0.5365853658536586,-0.051829268292682924,-0.7378048780487805,-0.06402439024390244,-0.8536585365853658,-0.07621951219512195,-0.9573170731707317,0.06707317073170732,-0.49390243902439024,0.04878048780487805,-0.6463414634146342,0.03048780487804878,-0.7408536585365854,0.012195121951219513,-0.823170731707317
5,0.0,0.0,-0.19003115264797507,-0.09345794392523364,-0.29906542056074764,-0.2834890965732087,-0.3177570093457944,-0.4517133956386293,-0.3333333333333333,-0.5794392523364486,-0.22118380062305296,-0.5109034267912772,-0.24299065420560748,-0.7040498442367601,-0.24299065420560748,-0.822429906542056,-0.24299065420560748,-0.9252336448598131,-0.13395638629283488,-0.5389408099688473,-0.1588785046728972,-0.7538940809968847,-0.17133956386292834,-0.8847352024922118,-0.1806853582554517,-1.0,-0.04361370716510903,-0.5327102803738317,-0.06853582554517133,-0.7320872274143302,-0.08099688473520249,-0.8535825545171339,-0.09345794392523364,-0.956386292834891,0.0529595015576324,-0.49221183800623053,0.03426791277258567,-0.6448598130841121,0.01557632398753894,-0.7383177570093458,-0.003115264797507788,-0.8193146417445483
5,0.0,0.0,-0.19047619047619047,-0.09206349206349207,-0.29523809523809524,-0.28253968253968254,-0.3111111111111111,-0.4507936507936508,-0.326984126984127,-0.580952380952381,-0.20952380952380953,-0.5111111111111111,-0.22857142857142856,-0.7047619047619048,-0.22857142857142856,-0.8222222222222222,-0.22857142857142856,-0.9238095238095239,-0.11746031746031746,-0.5396825396825397,-0.14285714285714285,-0.7555555555555555,-0.15555555555555556,-0.8857142857142857,-0.16507936507936508,-1.0,-0.02857142857142857,-0.5301587301587302,-0.050793650793650794,-0.7365079365079366,-0.06666666666666667,-0.8603174603174604,-0.08253968253968254,-0.9682539682539683,0.06984126984126984,-0.4888888888888889,0.04126984126984127,-0.6476190476190476,0.01904761904761905,-0.746031746031746,-0.0031746031746031746,-0.8317460317460318
5,0.0,0.0,-0.19672131147540983,-0.08852459016393442,-0.31475409836065577,-0.2754098360655738,-0.3377049180327869,-0.4459016393442623,-0.35081967213114756,-0.5737704918032787,-0.23278688524590163,-0.5016393442622951,-0.25573770491803277,-0.6983606557377049,-0.26229508196721313,-0.819672131147541,-0.26557377049180325,-0.921311475409836,-0.14098360655737704,-0.5344262295081967,-0.17049180327868851,-0.7508196721311475,-0.1901639344262295,-0.8852459016393442,-0.2,-1.0,-0.05245901639344262,-0.5278688524590164,-0.07868852459016394,-0.7344262295081967,-0.09836065573770492,-0.8557377049180328,-0.11475409836065574,-0.9639344262295082,0.04262295081967213,-0.4918032786885246,0.019672131147540985,-0.6459016393442623,-0.003278688524590164,-0.7442622950819672,-0.02622950819672131,-0.8295081967213115
5,0.0,0.0,-0.2040133779264214,-0.08361204013377926,-0.32441471571906355,-0.26755852842809363,-0.34448160535117056,-0.4414715719063545,-0.36454849498327757,-0.5719063545150501,-0.22742474916387959,-0.5083612040133779,-0.2508361204013378,-0.7090301003344481,-0.25418060200668896,-0.8294314381270903,-0.25752508361204013,-0.9297658862876255,-0.13377926421404682,-0.5384615384615384,-0.16387959866220736,-0.7558528428093646,-0.17725752508361203,-0.8862876254180602,-0.19063545150501673,-1.0,-0.043478260869565216,-0.5317725752508361,-0.07023411371237458,-0.7357859531772575,-0.08695652173913043,-0.8595317725752508,-0.10367892976588629,-0.9632107023411371,0.05351170568561873,-0.4916387959866221,0.026755852842809364,-0.6454849498327759,0.0,-0.7391304347826086,-0.023411371237458192,-0.8193979933110368
5,0.0,0.0,-0.20408163265306123,-0.07142857142857142,-0.3333333333333333,-0.2585034013605442,-0.35714285714285715,-0.43537414965986393,-0.37755102040816324,-0.5680272108843537,-0.24829931972789115,-0.5068027210884354,-0.272108843537415,-0.7040816326530612,-0.2789115646258503,-0.826530612244898,-0.2789115646258503,-0.9285714285714286,-0.14965986394557823,-0.5374149659863946,-0.1836734693877551,-0.7551020408163265,-0.20068027210884354,-0.8877551020408163,-0.2108843537414966,-1.0,-0.05782312925170068,-0.5306122448979592,-0.08843537414965986,-0.7312925170068028,-0.10884353741496598,-0.8537414965986394,-0.12244897959183673,-0.9591836734693877,0.03741496598639456,-0.4931972789115646,0.01020408163265306,-0.6428571428571429,-0.017006802721088437,-0.7380952380952381,-0.04081632653061224,-0.8163265306122449
5,0.0,0.0,-0.19932432432432431,-0.08108108108108109,-0.31756756756756754,-0.2635135135135135,-0.33783783783783783,-0.4391891891891892,-0.3547297297297297,-0.5743243243243243,-0.23310810810810811,-0.5,-0.2533783783783784,-0.7027027027027027,-0.26013513513513514,-0.8243243243243243,-0.2635135135135135,-0.9256756756756757,-0.13513513513513514,-0.5304054054054054,-0.16554054054054054,-0.7533783783783784,-0.17905405405405406,-0.8851351351351351,-0.1891891891891892,-1.0,-0.04054054054054054,-0.5236486486486487,-0.07432432432432433,-0.7297297297297297,-0.09121621621621621,-0.8547297297297297,-0.10810810810810811,-0.9594594594594594,0.060810810810810814,-0.4864864864864865,0.030405405405405407,-0.6418918918918919,0.0033783783783783786,-0.7398648648648649,-0.02027027027027027,-0.8209459459459459
5,0.0,0.0,-0.20068027210884354,-0.08843537414965986,-0.3163265306122449,-0.272108843537415,-0.3401360544217687,-0.4421768707482993,-0.36054421768707484,-0.5748299319727891,-0.23129251700680273,-0.5034013605442177,-0.25170068027210885,-0.7040816326530612,-0.2585034013605442,-0.8231292517006803,-0.2585034013605442,-0.9251700680272109,-0.14285714285714285,-0.5306122448979592,-0.17006802721088435,-0.7517006802721088,-0.18027210884353742,-0.8843537414965986,-0.1870748299319728,-1.0,-0.05442176870748299,-0.5238095238095238,-0.08163265306122448,-0.7278911564625851,-0.09523809523809523,-0.8503401360544217,-0.1054421768707483,-0.95578231292517,0.04421768707482993,-0.48299319727891155,0.02040816326530612,-0.6394557823129252,0.0,-0.7346938775510204,-0.017006802721088437,-0.8163265306122449
5,0.0,0.0,-0.1916376306620209,-0.10452961672473868,-0.2961672473867596,-0.2926829268292683,-0.31010452961672474,-0.45993031358885017,-0.3240418118466899,-0.5888501742160279,-0.20209059233449478,-0.519163763066202,-0.21602787456445993,-0.7177700348432056,-0.21951219512195122,-0.8327526132404182,-0.2229965156794425,-0.9372822299651568,-0.11149825783972125,-0.5400696864111498,-0.1289198606271777,-0.759581881533101,-0.13937282229965156,-0.8885017421602788,-0.14634146341463414,-1.0,-0.024390243902439025,-0.5296167247386759,-0.041811846689895474,-0.7317073170731707,-0.05226480836236934,-0.8571428571428571,-0.06620209059233449,-0.9616724738675958,0.07317073170731707,-0.4843205574912892,0.059233449477351915,-0.6411149825783972,0.041811846689895474,-0.7386759581881533,0.024390243902439025,-0.8222996515679443
5,0.0,0.0,-0.1972318339100346,-0.09342560553633218,-0.3044982698961938,-0.2906574394463668,-0.31141868512110726,-0.46366782006920415,-0.31833910034602075,-0.5916955017301038,-0.1972318339100346,-0.5155709342560554,-0.20761245674740483,-0.7162629757785467,-0.2041522491349481,-0.8373702422145328,-0.1972318339100346,-0.9411764705882353,-0.10034602076124567,-0.5397923875432526,-0.11764705882352941,-0.7577854671280276,-0.11764705882352941,-0.889273356401384,-0.11418685121107267,-1.0,-0.010380622837370242,-0.5294117647058824,-0.02768166089965398,-0.7301038062283737,-0.03460207612456748,-0.8546712802768166,-0.04152249134948097,-0.9584775086505191,0.08304498269896193,-0.4844290657439446,0.0657439446366782,-0.6401384083044983,0.05190311418685121,-0.7370242214532872,0.03460207612456748,-0.8200692041522492
5,0.0,0.0,-0.1916376306620209,-0.10801393728222997,-0.289198606271777,-0.30313588850174217,-0.2961672473867596,-0.47735191637630664,-0.2926829268292683,-0.6062717770034843,-0.17770034843205576,-0.5261324041811847,-0.18118466898954705,-0.7247386759581882,-0.17770034843205576,-0.8432055749128919,-0.1672473867595819,-0.9442508710801394,-0.08362369337979095,-0.5435540069686411,-0.09059233449477352,-0.759581881533101,-0.09059233449477352,-0.89198606271777,-0.08710801393728224,-1.0,0.003484320557491289,-0.5261324041811847,-0.003484320557491289,-0.7282229965156795,-0.003484320557491289,-0.8536585365853658,-0.006968641114982578,-0.9581881533101045,0.0975609756097561,-0.47735191637630664,0.08710801393728224,-0.6341463414634146,0.08013937282229965,-0.7317073170731707,0.07317073170731707,-0.8118466898954704
5,0.0,0.0,-0.18771331058020477,-0.10580204778156997,-0.27303754266211605,-0.30716723549488056,-0.26621160409556316,-0.4778156996587031,-0.2593856655290102,-0.6006825938566553,-0.14334470989761092,-0.5290102389078498,-0.13651877133105803,-0.7235494880546075,-0.12286689419795221,-0.8430034129692833,-0.10921501706484642,-0.9419795221843004,-0.04778156996587031,-0.5392491467576792,-0.040955631399317405,-0.7542662116040956,-0.034129692832764506,-0.8907849829351536,-0.023890784982935155,-1.0,0.040955631399317405,-0.5187713310580204,0.04778156996587031,-0.7201365187713311,0.051194539249146756,-0.8430034129692833,0.05802047781569966,-0.9522184300341296,0.1296928327645051,-0.4641638225255973,0.13310580204778158,-0.6143344709897611,0.12627986348122866,-0.7133105802047781,0.11945392491467577,-0.7952218430034129
5,0.0,0.0,-0.18305084745762712,-0.1152542372881356,-0.26101694915254237,-0.31864406779661014,-0.25084745762711863,-0.4915254237288136,-0.2440677966101695,-0.6237288135593221,-0.12203389830508475,-0.5254237288135594,-0.1152542372881356,-0.7220338983050848,-0.10508474576271186,-0.8372881355932204,-0.08813559322033898,-0.9355932203389831,-0.030508474576271188,-0.535593220338983,-0.020338983050847456,-0.7559322033898305,-0.010169491525423728,-0.888135593220339,0.0,-1.0,0.05423728813559322,-0.5152542372881356,0.061016949152542375,-0.7152542372881356,0.0711864406779661,-0.8406779661016949,0.07796610169491526,-0.9457627118644067,0.13898305084745763,-0.4610169491525424,0.1423728813559322,-0.6135593220338983,0.13559322033898305,-0.711864406779661,0.13220338983050847,-0.7932203389830509
5,0.0,0.0,-0.17869415807560138,-0.12371134020618557,-0.24398625429553264,-0.32989690721649484,-0.2268041237113402,-0.49828178694158076,-0.21993127147766323,-0.6288659793814433,-0.10309278350515463,-0.5360824742268041,-0.0859106529209622,-0.7285223367697594,-0.06529209621993128,-0.845360824742268,-0.041237113402061855,-0.9415807560137457,-0.006872852233676976,-0.5429553264604811,0.010309278350515464,-0.7594501718213058,0.027491408934707903,-0.8900343642611683,0.044673539518900345,-1.0,0.07903780068728522,-0.5189003436426117,0.09621993127147767,-0.718213058419244,0.10996563573883161,-0.8350515463917526,0.12027491408934708,-0.9381443298969072,0.16494845360824742,-0.4570446735395189,0.17525773195876287,-0.6116838487972509,0.17869415807560138,-0.7079037800687286,0.17525773195876287,-0.7938144329896907
5,0.0,0.0,-0.18243243243243243,-0.11824324324324324,-0.2533783783783784,-0.32432432432432434,-0.22972972972972974,-0.4966216216216216,-0.21621621621621623,-0.6283783783783784,-0.10810810810810811,-0.5304054054054054,-0.09121621621621621,-0.7263513513513513,-0.07094594594594594,-0.8445945945945946,-0.0472972972972973,-0.9425675675675675,-0.010135135135135136,-0.5405405405405406,0.010135135135135136,-0.7533783783783784,0.02364864864864865,-0.8851351351351351,0.04391891891891892,-1.0,0.0777027027027027,-0.5135135135135135,0.09797297297297297,-0.7128378378378378,0.10810810810810811,-0.8344594594594594,0.11824324324324324,-0.9391891891891891,0.16554054054054054,-0.4527027027027027,0.17229729729729729,-0.6081081081081081,0.16891891891891891,-0.7027027027027027,0.16216216216216217,-0.7905405405405406
5,0.0,0.0,-0.1718213058419244,-0.1134020618556701,-0.2542955326460481,-0.3161512027491409,-0.24398625429553264,-0.48109965635738833,-0.23024054982817868,-0.6082474226804123,-0.12027491408934708,-0.5395189003436426,-0.10996563573883161,-0.7319587628865979,-0.09621993127147767,-0.8487972508591065,-0.08247422680412371,-0.9484536082474226,-0.027491408934707903,-0.5463917525773195,-0.013745704467353952,-0.7594501718213058,-0.006872852233676976,-0.8900343642611683,0.0,-1.0,0.058419243986254296,-0.5223367697594502,0.07903780068728522,-0.7216494845360825,0.0859106529209622,-0.8419243986254296,0.0859106529209622,-0.9484536082474226,0.140893470790378,-0.46735395189003437,0.15463917525773196,-0.6254295532646048,0.15463917525773196,-0.7216494845360825,0.15120274914089346,-0.8109965635738832
5,0.0,0.0,-0.1736111111111111,-0.1111111111111111,-0.2638888888888889,-0.3020833333333333,-0.2604166666666667,-0.4652777777777778,-0.25,-0.5868055555555556,-0.1423611111111111,-0.5243055555555556,-0.1388888888888889,-0.7152777777777778,-0.1284722222222222,-0.8368055555555556,-0.12152777777777778,-0.9409722222222222,-0.04861111111111111,-0.5347222222222222,-0.03819444444444445,-0.75,-0.034722222222222224,-0.8854166666666666,-0.027777777777777776,-1.0,0.041666666666666664,-0.5138888888888888,0.052083333333333336,-0.7152777777777778,0.052083333333333336,-0.8402777777777778,0.05555555555555555,-0.9444444444444444,0.1284722222222222,-0.4652777777777778,0.13541666666666666,-0.6215277777777778,0.13541666666666666,-0.71875,0.13194444444444445,-0.8020833333333334
5,0.0,0.0,-0.19784172661870503,-0.08633093525179857,-0.3237410071942446,-0.2697841726618705,-0.3489208633093525,-0.43884892086330934,-0.35611510791366907,-0.5719424460431655,-0.24100719424460432,-0.5179856115107914,-0.26618705035971224,-0.7158273381294964,-0.2733812949640288,-0.8345323741007195,-0.27697841726618705,-0.9388489208633094,-0.14388489208633093,-0.5431654676258992,-0.17266187050359713,-0.7553956834532374,-0.1906474820143885,-0.8884892086330936,-0.2014388489208633,-1.0,-0.050359712230215826,-0.5323741007194245,-0.08273381294964029,-0.7338129496402878,-0.10071942446043165,-0.8561151079136691,-0.11870503597122302,-0.960431654676259,0.050359712230215826,-0.4892086330935252,0.02877697841726619,-0.6474820143884892,0.007194244604316547,-0.7446043165467626,-0.007194244604316547,-0.8273381294964028
5,0.0,0.0,-0.21254355400696864,-0.0627177700348432,-0.34146341463414637,-0.24390243902439024,-0.36585365853658536,-0.4146341463414634,-0.37282229965156793,-0.5470383275261324,-0.24738675958188153,-0.5017421602787456,-0.2787456445993031,-0.6968641114982579,-0.289198606271777,-0.8153310104529616,-0.2926829268292683,-0.9128919860627178,-0.14982578397212543,-0.5296167247386759,-0.18118466898954705,-0.7491289198606271,-0.20557491289198607,-0.8885017421602788,-0.21951219512195122,-1.0,-0.05574912891986063,-0.5226480836236934,-0.08710801393728224,-0.7317073170731707,-0.11149825783972125,-0.8571428571428571,-0.1289198606271777,-0.9616724738675958,0.041811846689895474,-0.4808362369337979,0.010452961672473868,-0.6445993031358885,-0.013937282229965157,-0.7421602787456446,-0.03484320557491289,-0.8257839721254355
5,0.0,0.0,-0.19471947194719472,-0.07260726072607261,-0.31353135313531355,-0.25412541254125415,-0.33003300330033003,-0.42574257425742573,-0.3432343234323432,-0.5544554455445545,-0.21782178217821782,-0.49504950495049505,-0.24422442244224424,-0.693069306930693,-0.2508250825082508,-0.8151815181518152,-0.24752475247524752,-0.9108910891089109,-0.1254125412541254,-0.5214521452145214,-0.1551155115511551,-0.7458745874587459,-0.1716171617161716,-0.8877887788778878,-0.18151815181518152,-1.0,-0.033003300330033,-0.5148514851485149,-0.056105610561056105,-0.7227722772277227,-0.07260726072607261,-0.8481848184818482,-0.08250825082508251,-0.9537953795379538,0.0627062706270627,-0.4752475247524752,0.0429042904290429,-0.6336633663366337,0.0231023102310231,-0.7326732673267327,0.006600660066006601,-0.8184818481848185
5,0.0,0.0,-0.18862275449101795,-0.06287425149700598,-0.3023952095808383,-0.24550898203592814,-0.31736526946107785,-0.4101796407185629,-0.32335329341317365,-0.5419161676646707,-0.2125748502994012,-0.49101796407185627,-0.23353293413173654,-0.6976047904191617,-0.23952095808383234,-0.8293413173652695,-0.23952095808383234,-0.9341317365269461,-0.11676646706586827,-0.5149700598802395,-0.1407185628742515,-0.7395209580838323,-0.15868263473053892,-0.8832335329341318,-0.16766467065868262,-1.0,-0.020958083832335328,-0.5029940119760479,-0.041916167664670656,-0.7155688622754491,-0.06287425149700598,-0.844311377245509,-0.0748502994011976,-0.9520958083832335,0.0748502994011976,-0.4550898203592814,0.059880239520958084,-0.6167664670658682,0.04491017964071856,-0.7125748502994012,0.02694610778443114,-0.8023952095808383
5,0.0,0.0,-0.17759562841530055,-0.07650273224043716,-0.2814207650273224,-0.25956284153005466,-0.2923497267759563,-0.4262295081967213,-0.30601092896174864,-0.5546448087431693,-0.17759562841530055,-0.49453551912568305,-0.19398907103825136,-0.6939890710382514,-0.19398907103825136,-0.819672131147541,-0.1885245901639344,-0.9234972677595629,-0.08469945355191257,-0.5163934426229508,-0.09836065573770492,-0.7404371584699454,-0.10382513661202186,-0.8825136612021858,-0.10655737704918032,-1.0,0.00819672131147541,-0.5027322404371585,-0.00546448087431694,-0.7131147540983607,-0.01912568306010929,-0.8387978142076503,-0.030054644808743168,-0.9453551912568307,0.10109289617486339,-0.4562841530054645,0.09562841530054644,-0.6174863387978142,0.08196721311475409,-0.7158469945355191,0.06557377049180328,-0.7978142076502732
5,0.0,0.0,-0.18351063829787234,-0.08244680851063829,-0.2898936170212766,-0.2712765957446808,-0.3058510638297872,-0.43882978723404253,-0.31117021276595747,-0.5664893617021277,-0.18351063829787234,-0.5159574468085106,-0.19946808510638298,-0.7180851063829787,-0.2074468085106383,-0.8430851063829787,-0.2127659574468085,-0.9414893617021277,-0.08776595744680851,-0.5398936170212766,-0.10638297872340426,-0.7579787234042553,-0.1196808510638298,-0.8909574468085106,-0.13031914893617022,-1.0,0.005319148936170213,-0.526595744680851,-0.007978723404255319,-0.7367021276595744,-0.02127659574468085,-0.8643617021276596,-0.02925531914893617,-0.9707446808510638,0.09840425531914894,-0.47606382978723405,0.09308510638297872,-0.6356382978723404,0.07712765957446809,-0.7340425531914894,0.061170212765957445,-0.8218085106382979
5,0.0,0.0,-0.18048780487804877,-0.08292682926829269,-0.2731707317073171,-0.28292682926829266,-0.275609756097561,-0.45365853658536587,-0.29024390243902437,-0.5829268292682926,-0.17560975609756097,-0.5097560975609756,-0.1951219512195122,-0.7097560975609756,-0.2048780487804878,-0.8292682926829268,-0.2146341463414634,-0.9317073170731708,-0.08292682926829269,-0.5317073170731708,-0.1048780487804878,-0.748780487804878,-0.12195121951219512,-0.8878048780487805,-0.13414634146341464,-1.0,0.007317073170731708,-0.5121951219512195,-0.014634146341463415,-0.7219512195121951,-0.026829268292682926,-0.8536585365853658,-0.03902439024390244,-0.9585365853658536,0.0975609756097561,-0.4609756097560976,0.08780487804878048,-0.6195121951219512,0.06829268292682927,-0.7219512195121951,0.046341463414634146,-0.8073170731707318
5,0.0,0.0,-0.16941176470588235,-0.0988235294117647,-0.2564705882352941,-0.2988235294117647,-0.2635294117647059,-0.46588235294117647,-0.2823529411764706,-0.6,-0.17647058823529413,-0.5223529411764706,-0.2,-0.72,-0.21176470588235294,-0.8376470588235294,-0.2188235294117647,-0.9364705882352942,-0.08235294117647059,-0.5435294117647059,-0.11058823529411765,-0.7552941176470588,-0.12470588235294118,-0.8894117647058823,-0.13411764705882354,-1.0,0.009411764705882352,-0.5270588235294118,-0.01411764705882353,-0.7341176470588235,-0.02823529411764706,-0.8588235294117647,-0.042352941176470586,-0.9647058823529412,0.10588235294117647,-0.4776470588235294,0.09411764705882353,-0.6329411764705882,0.07294117647058823,-0.731764705882353,0.04941176470588235,-0.8164705882352942
5,0.0,0.0,-0.17567567567567569,-0.08558558558558559,-0.27927927927927926,-0.28378378378378377,-0.2972972972972973,-0.45045045045045046,-0.31756756756756754,-0.5855855855855856,-0.20045045045045046,-0.5112612612612613,-0.22972972972972974,-0.7072072072072072,-0.24549549549549549,-0.8243243243243243,-0.26126126126126126,-0.9256756756756757,-0.10585585585585586,-0.536036036036036,-0.1373873873873874,-0.7522522522522522,-0.15765765765765766,-0.8873873873873874,-0.17792792792792791,-1.0,-0.01126126126126126,-0.5225225225225225,-0.038288288288288286,-0.7297297297297297,-0.05405405405405406,-0.8558558558558559,-0.07432432432432433,-0.9617117117117117,0.08558558558558559,-0.47297297297297297,0.06981981981981981,-0.6351351351351351,0.0518018018018018,-0.7364864864864865,0.02927927927927928,-0.8243243243243243
5,0.0,0.0,-0.16851441241685144,-0.09090909090909091,-0.2682926829268293,-0.2793791574279379,-0.2926829268292683,-0.44124168514412415,-0.3303769401330377,-0.5676274944567627,-0.2039911308203991,-0.5055432372505543,-0.23725055432372505,-0.7028824833702882,-0.2549889135254989,-0.8226164079822617,-0.2660753880266075,-0.9246119733924612,-0.1130820399113082,-0.5299334811529933,-0.15077605321507762,-0.7494456762749445,-0.17073170731707318,-0.88470066518847,-0.18625277161862527,-1.0,-0.022172949002217297,-0.516629711751663,-0.050997782705099776,-0.7250554323725056,-0.06651884700665188,-0.8514412416851441,-0.08425720620842572,-0.9600886917960089,0.07538802660753881,-0.4700665188470067,0.05543237250554324,-0.6274944567627494,0.03547671840354767,-0.7272727272727273,0.013303769401330377,-0.8137472283813747
5,0.0,0.0,-0.17381489841986456,-0.09480812641083522,-0.28216704288939054,-0.28893905191873587,-0.3182844243792325,-0.4492099322799097,-0.345372460496614,-0.5733634311512416,-0.2144469525959368,-0.5124153498871332,-0.24379232505643342,-0.7065462753950339,-0.2618510158013544,-0.8239277652370203,-0.27539503386004516,-0.9255079006772009,-0.12866817155756208,-0.5372460496613995,-0.16027088036117382,-0.7539503386004515,-0.18510158013544017,-0.8893905191873589,-0.2054176072234763,-1.0,-0.04288939051918736,-0.5282167042889391,-0.0654627539503386,-0.7358916478555305,-0.0835214446952596,-0.8600451467268623,-0.1038374717832957,-0.9661399548532731,0.04966139954853273,-0.4853273137697517,0.03611738148984198,-0.6433408577878104,0.020316027088036117,-0.744920993227991,0.002257336343115124,-0.8306997742663657
5,0.0,0.0,-0.16926503340757237,-0.08240534521158129,-0.28507795100222716,-0.26948775055679286,-0.32516703786191536,-0.4298440979955457,-0.34966592427616927,-0.5679287305122495,-0.22048997772828507,-0.5077951002227171,-0.2561247216035635,-0.7104677060133631,-0.27616926503340755,-0.8307349665924276,-0.29175946547884185,-0.933184855233853,-0.133630289532294,-0.532293986636971,-0.17371937639198218,-0.7527839643652561,-0.2026726057906459,-0.888641425389755,-0.22494432071269488,-1.0,-0.044543429844097995,-0.5167037861915368,-0.0801781737193764,-0.7305122494432071,-0.10690423162583519,-0.8574610244988864,-0.133630289532294,-0.9665924276169265,0.04899777282850779,-0.47216035634743875,0.024498886414253896,-0.6347438752783965,0.004454342984409799,-0.7394209354120267,-0.017817371937639197,-0.8307349665924276
5,0.0,0.0,-0.17136659436008678,-0.08676789587852494,-0.27765726681127983,-0.27331887201735355,-0.3036876355748373,-0.43817787418655096,-0.32537960954446854,-0.5770065075921909,-0.21475054229934923,-0.5119305856832972,-0.2472885032537961,-0.7136659436008677,-0.2668112798264642,-0.8351409978308026,-0.28199566160520606,-0.9370932754880694,-0.12581344902386118,-0.5336225596529284,-0.16268980477223427,-0.754880694143167,-0.18655097613882862,-0.8893709327548807,-0.2017353579175705,-1.0,-0.0368763557483731,-0.5184381778741866,-0.06941431670281996,-0.7288503253796096,-0.0911062906724512,-0.8546637744034707,-0.11062906724511931,-0.9631236442516269,0.05856832971800434,-0.4685466377440347,0.0368763557483731,-0.6334056399132321,0.01735357917570499,-0.737527114967462,-0.0021691973969631237,-0.8286334056399133
5,0.0,0.0,-0.17130620985010706,-0.08993576017130621,-0.2676659528907923,-0.2740899357601713,-0.291220556745182,-0.43683083511777304,-0.3169164882226981,-0.5738758029978587,-0.20556745182012848,-0.5053533190578159,-0.23554603854389722,-0.7044967880085653,-0.2505353319057816,-0.8265524625267666,-0.25910064239828695,-0.9314775160599572,-0.11777301927194861,-0.5289079229122056,-0.15631691648822268,-0.7494646680942184,-0.17987152034261242,-0.8843683083511777,-0.19700214132762311,-1.0,-0.027837259100642397,-0.5160599571734475,-0.06209850107066381,-0.7259100642398287,-0.08137044967880086,-0.8522483940042827,-0.1006423982869379,-0.961456102783726,0.07066381156316917,-0.4668094218415418,0.044967880085653104,-0.6231263383297645,0.021413276231263382,-0.721627408993576,-0.0021413276231263384,-0.8094218415417559
5,0.0,0.0,-0.17105263157894737,-0.10087719298245613,-0.2675438596491228,-0.2894736842105263,-0.29385964912280704,-0.44956140350877194,-0.3223684210526316,-0.5877192982456141,-0.20833333333333334,-0.5153508771929824,-0.23684210526315788,-0.7083333333333334,-0.2543859649122807,-0.8245614035087719,-0.26535087719298245,-0.9276315789473685,-0.125,-0.5394736842105263,-0.1600877192982456,-0.756578947368421,-0.17982456140350878,-0.8859649122807017,-0.19298245614035087,-1.0,-0.039473684210526314,-0.5285087719298246,-0.06578947368421052,-0.7346491228070176,-0.08114035087719298,-0.8574561403508771,-0.10087719298245613,-0.9649122807017544,0.05482456140350877,-0.4824561403508772,0.03289473684210526,-0.6381578947368421,0.015350877192982455,-0.7346491228070176,-0.006578947368421052,-0.8179824561403509
5,0.0,0.0,-0.175054704595186,-0.08971553610503283,-0.2800875273522976,-0.2778993435448578,-0.31291028446389496,-0.4442013129102845,-0.33698030634573306,-0.5820568927789934,-0.2210065645514223,-0.5076586433260394,-0.24726477024070023,-0.7045951859956237,-0.2603938730853392,-0.824945295404814,-0.26914660831509846,-0.9277899343544858,-0.13129102844638948,-0.5339168490153173,-0.16849015317286653,-0.7527352297592997,-0.18818380743982493,-0.8862144420131292,-0.20350109409190373,-1.0,-0.04157549234135667,-0.5229759299781181,-0.07221006564551423,-0.7330415754923414,-0.08971553610503283,-0.8577680525164114,-0.10722100656455143,-0.962800875273523,0.05689277899343545,-0.47921225382932164,0.037199124726477024,-0.6323851203501094,0.015317286652078774,-0.7308533916849015,-0.00437636761487965,-0.8183807439824945
5,0.0,0.0,-0.17987152034261242,-0.08137044967880086,-0.2890792291220557,-0.2676659528907923,-0.31905781584582443,-0.43897216274089934,-0.3490364025695932,-0.5802997858672377,-0.21841541755888652,-0.5074946466809421,-0.2462526766595289,-0.7130620985010707,-0.2633832976445396,-0.8351177730192719,-0.278372591006424,-0.9400428265524625,-0.12419700214132762,-0.5353319057815846,-0.16059957173447537,-0.7558886509635975,-0.18629550321199143,-0.8907922912205567,-0.20556745182012848,-1.0,-0.032119914346895075,-0.5224839400428265,-0.06209850107066381,-0.7323340471092077,-0.08137044967880086,-0.8629550321199143,-0.10278372591006424,-0.974304068522484,0.06638115631691649,-0.4753747323340471,0.047109207708779445,-0.6381156316916489,0.02569593147751606,-0.7451820128479657,0.006423982869379015,-0.841541755888651
5,0.0,0.0,-0.1721132897603486,-0.09368191721132897,-0.27233115468409586,-0.28104575163398693,-0.29193899782135074,-0.4466230936819172,-0.3202614379084967,-0.5838779956427015,-0.20697167755991286,-0.5119825708061002,-0.24183006535947713,-0.7058823529411765,-0.2570806100217865,-0.8213507625272332,-0.2679738562091503,-0.9259259259259259,-0.11982570806100218,-0.5381263616557734,-0.15904139433551198,-0.7538126361655774,-0.1830065359477124,-0.8867102396514162,-0.20043572984749455,-1.0,-0.030501089324618737,-0.5250544662309368,-0.06535947712418301,-0.7320261437908496,-0.08496732026143791,-0.8562091503267973,-0.10457516339869281,-0.9629629629629629,0.06535947712418301,-0.48148148148148145,0.0392156862745098,-0.6405228758169934,0.0196078431372549,-0.7407407407407407,-0.004357298474945534,-0.8278867102396514
5,0.0,0.0,-0.1707865168539326,-0.09662921348314607,-0.27415730337078653,-0.2786516853932584,-0.30112359550561796,-0.4404494382022472,-0.3258426966292135,-0.5752808988764045,-0.2157303370786517,-0.5078651685393258,-0.2539325842696629,-0.7056179775280899,-0.26741573033707866,-0.8202247191011236,-0.27415730337078653,-0.9213483146067416,-0.13258426966292136,-0.5348314606741573,-0.17303370786516853,-0.7528089887640449,-0.19101123595505617,-0.8853932584269663,-0.20449438202247192,-1.0,-0.04719101123595506,-0.5235955056179775,-0.07865168539325842,-0.7325842696629213,-0.09438202247191012,-0.8539325842696629,-0.11235955056179775,-0.9617977528089887,0.051685393258426963,-0.48089887640449436,0.029213483146067417,-0.6359550561797753,0.011235955056179775,-0.7348314606741573,-0.008988764044943821,-0.8224719101123595
5,0.0,0.0,-0.16968325791855204,-0.09276018099547512,-0.2647058823529412,-0.27828054298642535,-0.2828054298642534,-0.4411764705882353,-0.3076923076923077,-0.5723981900452488,-0.21040723981900453,-0.5067873303167421,-0.2398190045248869,-0.7126696832579186,-0.25339366515837103,-0.834841628959276,-0.2579185520361991,-0.9411764705882353,-0.12669683257918551,-0.5294117647058824,-0.167420814479638,-0.751131221719457,-0.19004524886877827,-0.8846153846153846,-0.20588235294117646,-1.0,-0.038461538461538464,-0.5158371040723982,-0.0746606334841629,-0.7217194570135747,-0.09502262443438914,-0.8461538461538461,-0.11538461538461539,-0.9524886877828054,0.06108597285067873,-0.4683257918552036,0.033936651583710405,-0.6266968325791855,0.011312217194570135,-0.7262443438914027,-0.013574660633484163,-0.8099547511312217
5,0.0,0.0,-0.1686182669789227,-0.1053864168618267,-0.2576112412177986,-0.2927400468384075,-0.2810304449648712,-0.44730679156908665,-0.30210772833723654,-0.5807962529274004,-0.1990632318501171,-0.5128805620608899,-0.22716627634660422,-0.711943793911007,-0.24121779859484777,-0.8337236533957846,-0.24355971896955503,-0.9391100702576113,-0.117096018735363,-0.531615925058548,-0.15456674473067916,-0.7494145199063232,-0.17096018735362997,-0.882903981264637,-0.18501170960187355,-1.0,-0.0351288056206089,-0.5199063231850117,-0.06323185011709602,-0.7236533957845434,-0.08196721311475409,-0.8454332552693209,-0.10304449648711944,-0.9508196721311475,0.0585480093676815,-0.477751756440281,0.03981264637002342,-0.6323185011709602,0.01639344262295082,-0.7306791569086651,-0.00702576112412178,-0.8149882903981265
5,0.0,0.0,-0.17274939172749393,-0.1070559610705596,-0.26763990267639903,-0.291970802919708,-0.2871046228710462,-0.45255474452554745,-0.30656934306569344,-0.5863746958637469,-0.20437956204379562,-0.51338199513382,-0.23114355231143552,-0.7128953771289538,-0.24574209245742093,-0.8321167883211679,-0.25547445255474455,-0.9343065693430657,-0.1192214111922141,-0.5401459854014599,-0.15328467153284672,-0.754257907542579,-0.17274939172749393,-0.8856447688564477,-0.1897810218978102,-1.0,-0.0340632603406326,-0.5279805352798054,-0.06326034063260341,-0.732360097323601,-0.0827250608272506,-0.8540145985401459,-0.10462287104622871,-0.9610705596107056,0.06082725060827251,-0.48661800486618007,0.0413625304136253,-0.6374695863746959,0.019464720194647202,-0.7347931873479319,0.0,-0.8175182481751825
5,0.0,0.0,-0.17857142857142858,-0.10459183673469388,-0.2755102040816326,-0.29081632653061223,-0.29846938775510207,-0.45663265306122447,-0.3163265306122449,-0.5943877551020408,-0.20918367346938777,-0.5153061224489796,-0.22704081632653061,-0.7193877551020408,-0.2372448979591837,-0.8392857142857143,-0.24489795918367346,-0.9438775510204082,-0.11989795918367346,-0.5382653061224489,-0.15051020408163265,-0.7576530612244898,-0.1683673469387755,-0.8877551020408163,-0.1836734693877551,-1.0,-0.03316326530612245,-0.5280612244897959,-0.06377551020408163,-0.7321428571428571,-0.08418367346938775,-0.8545918367346939,-0.10459183673469388,-0.9591836734693877,0.0663265306122449,-0.4846938775510204,0.04336734693877551,-0.6377551020408163,0.02040816326530612,-0.7346938775510204,-0.002551020408163265,-0.8188775510204082
5,0.0,0.0,-0.16844919786096257,-0.10695187165775401,-0.26737967914438504,-0.2914438502673797,-0.2914438502673797,-0.44919786096256686,-0.2994652406417112,-0.56951871657754,-0.18716577540106952,-0.5294117647058824,-0.19786096256684493,-0.7192513368983957,-0.20588235294117646,-0.8315508021390374,-0.20855614973262032,-0.9331550802139037,-0.10427807486631016,-0.5454545454545454,-0.12566844919786097,-0.7593582887700535,-0.13636363636363635,-0.8877005347593583,-0.1443850267379679,-1.0,-0.01871657754010695,-0.5320855614973262,-0.040106951871657755,-0.7299465240641712,-0.053475935828877004,-0.8529411764705882,-0.06684491978609626,-0.9572192513368984,0.0748663101604278,-0.4839572192513369,0.06149732620320856,-0.6417112299465241,0.0481283422459893,-0.7379679144385026,0.034759358288770054,-0.8262032085561497
5,0.0,0.0,-0.16804407713498623,-0.11019283746556474,-0.25895316804407714,-0.29476584022038566,-0.27548209366391185,-0.45179063360881544,-0.2809917355371901,-0.5785123966942148,-0.162534435261708,-0.5261707988980716,-0.16804407713498623,-0.71900826446281,-0.17079889807162535,-0.8347107438016529,-0.16804407713498623,-0.9338842975206612,-0.0743801652892562,-0.5454545454545454,-0.08539944903581267,-0.7603305785123967,-0.0881542699724518,-0.8870523415977961,-0.09090909090909091,-1.0,0.011019283746556474,-0.5261707988980716,0.0,-0.7300275482093664,-0.005509641873278237,-0.8512396694214877,-0.01652892561983471,-0.9586776859504132,0.10192837465564739,-0.4765840220385675,0.09366391184573003,-0.6308539944903582,0.08264462809917356,-0.7272727272727273,0.06611570247933884,-0.8126721763085399
5,0.0,0.0,-0.15877437325905291,-0.12256267409470752,-0.23119777158774374,-0.31754874651810583,-0.23119777158774374,-0.4763231197771588,-0.22841225626740946,-0.5988857938718662,-0.12256267409470752,-0.5292479108635098,-0.11420612813370473,-0.7214484679665738,-0.10863509749303621,-0.8356545961002786,-0.09749303621169916,-0.9387186629526463,-0.03899721448467967,-0.5376044568245125,-0.033426183844011144,-0.7520891364902507,-0.03064066852367688,-0.883008356545961,-0.025069637883008356,-1.0,0.04456824512534819,-0.5153203342618384,0.04735376044568245,-0.7158774373259053,0.04735376044568245,-0.8440111420612814,0.04735376044568245,-0.9526462395543176,0.13370473537604458,-0.4596100278551532,0.13370473537604458,-0.6211699164345403,0.1309192200557103,-0.724233983286908,0.12256267409470752,-0.8105849582172702
5,0.0,0.0,-0.17403314917127072,-0.09944751381215469,-0.2541436464088398,-0.3011049723756906,-0.2430939226519337,-0.46685082872928174,-0.23756906077348067,-0.5994475138121547,-0.1464088397790055,-0.5220994475138122,-0.13812154696132597,-0.7182320441988951,-0.1270718232044199,-0.8397790055248618,-0.1132596685082873,-0.9392265193370166,-0.04696132596685083,-0.5331491712707183,-0.04696132596685083,-0.7486187845303868,-0.04419889502762431,-0.8839779005524862,-0.03867403314917127,-1.0,0.04143646408839779,-0.511049723756906,0.04696132596685083,-0.7099447513812155,0.04696132596685083,-0.8314917127071824,0.04419889502762431,-0.9392265193370166,0.13259668508287292,-0.4558011049723757,0.1298342541436464,-0.6077348066298343,0.12154696132596685,-0.7071823204419889,0.11049723756906077,-0.7928176795580111
5,0.0,0.0,-0.16292134831460675,-0.11797752808988764,-0.24157303370786518,-0.31179775280898875,-0.24157303370786518,-0.47191011235955055,-0.23876404494382023,-0.5814606741573034,-0.14606741573033707,-0.5252808988764045,-0.1348314606741573,-0.7191011235955056,-0.12640449438202248,-0.8370786516853933,-0.1151685393258427,-0.9353932584269663,-0.05337078651685393,-0.5337078651685393,-0.0449438202247191,-0.7528089887640449,-0.0449438202247191,-0.8876404494382022,-0.042134831460674156,-1.0,0.03651685393258427,-0.5140449438202247,0.042134831460674156,-0.7191011235955056,0.042134831460674156,-0.8455056179775281,0.03651685393258427,-0.949438202247191,0.12640449438202248,-0.46629213483146065,0.12921348314606743,-0.6235955056179775,0.12640449438202248,-0.7247191011235955,0.11797752808988764,-0.8089887640449438
5,0.0,0.0,-0.17847025495750707,-0.08498583569405099,-0.29461756373937675,-0.2804532577903683,-0.32011331444759206,-0.4475920679886686,-0.33994334277620397,-0.5864022662889519,-0.21813031161473087,-0.5240793201133145,-0.23796033994334279,-0.7195467422096318,-0.24645892351274787,-0.8385269121813032,-0.2521246458923513,-0.9405099150141643,-0.1274787535410765,-0.5439093484419264,-0.1529745042492918,-0.7535410764872521,-0.16997167138810199,-0.886685552407932,-0.18696883852691218,-1.0,-0.036827195467422094,-0.5297450424929179,-0.06515580736543909,-0.7280453257790368,-0.0821529745042493,-0.8555240793201133,-0.1048158640226629,-0.9631728045325779,0.06232294617563739,-0.48158640226628896,0.0453257790368272,-0.6430594900849859,0.025495750708215296,-0.7422096317280453,0.0056657223796034,-0.8356940509915014
5,0.0,0.0,-0.19020172910662825,-0.08645533141210375,-0.30835734870317005,-0.2737752161383285,-0.34293948126801155,-0.4409221902017291,-0.3659942363112392,-0.5763688760806917,-0.2420749279538905,-0.5014409221902018,-0.2737752161383285,-0.7060518731988472,-0.28530259365994237,-0.8270893371757925,-0.29394812680115273,-0.9279538904899135,-0.15273775216138327,-0.5331412103746398,-0.19020172910662825,-0.7550432276657061,-0.21613832853025935,-0.8876080691642652,-0.2334293948126801,-1.0,-0.05763688760806916,-0.5273775216138329,-0.09510086455331412,-0.7406340057636888,-0.12103746397694524,-0.8645533141210374,-0.1440922190201729,-0.9740634005763689,0.043227665706051875,-0.4899135446685879,0.011527377521613832,-0.6484149855907781,-0.01440922190201729,-0.7492795389048992,-0.037463976945244955,-0.8386167146974063
5,0.0,0.0,-0.18926553672316385,-0.07909604519774012,-0.3050847457627119,-0.2655367231638418,-0.3333333333333333,-0.4322033898305085,-0.3587570621468927,-0.5677966101694916,-0.2344632768361582,-0.5,-0.268361581920904,-0.7005649717514124,-0.2824858757062147,-0.8248587570621468,-0.2937853107344633,-0.9293785310734464,-0.14124293785310735,-0.5282485875706214,-0.1864406779661017,-0.7429378531073446,-0.211864406779661,-0.8813559322033898,-0.2344632768361582,-1.0,-0.0480225988700565,-0.519774011299435,-0.08757062146892655,-0.7259887005649718,-0.11299435028248588,-0.8502824858757062,-0.14124293785310735,-0.9548022598870056,0.05367231638418079,-0.4830508474576271,0.01977401129943503,-0.6384180790960452,-0.014124293785310734,-0.7372881355932204,-0.04519774011299435,-0.8248587570621468
5,0.0,0.0,-0.1791907514450867,-0.09248554913294797,-0.28901734104046245,-0.26878612716763006,-0.3208092485549133,-0.430635838150289,-0.3352601156069364,-0.5549132947976878,-0.2254335260115607,-0.5115606936416185,-0.24855491329479767,-0.7023121387283237,-0.26878612716763006,-0.815028901734104,-0.2832369942196532,-0.9161849710982659,-0.13872832369942195,-0.5375722543352601,-0.17052023121387283,-0.7543352601156069,-0.1936416184971098,-0.8872832369942196,-0.21676300578034682,-1.0,-0.049132947976878616,-0.5289017341040463,-0.07803468208092486,-0.7341040462427746,-0.10115606936416185,-0.861271676300578,-0.12716763005780346,-0.9710982658959537,0.046242774566473986,-0.48554913294797686,0.02023121387283237,-0.6445086705202312,-0.002890173410404624,-0.7485549132947977,-0.023121387283236993,-0.8323699421965318
5,0.0,0.0,-0.1853932584269663,-0.0898876404494382,-0.28651685393258425,-0.2808988764044944,-0.30337078651685395,-0.449438202247191,-0.32865168539325845,-0.5758426966292135,-0.20786516853932585,-0.5056179775280899,-0.2247191011235955,-0.7078651685393258,-0.22752808988764045,-0.8286516853932584,-0.23314606741573032,-0.9325842696629213,-0.1151685393258427,-0.5252808988764045,-0.1404494382022472,-0.7443820224719101,-0.1544943820224719,-0.8848314606741573,-0.16573033707865167,-1.0,-0.025280898876404494,-0.5140449438202247,-0.05056179775280899,-0.7191011235955056,-0.06741573033707865,-0.8426966292134831,-0.08146067415730338,-0.952247191011236,0.07303370786516854,-0.4747191011235955,0.05056179775280899,-0.6348314606741573,0.03651685393258427,-0.7359550561797753,0.02247191011235955,-0.8202247191011236
5,0.0,0.0,-0.16806722689075632,-0.10364145658263306,-0.25770308123249297,-0.28851540616246496,-0.27450980392156865,-0.44537815126050423,-0.2773109243697479,-0.5658263305322129,-0.17086834733893558,-0.5210084033613446,-0.18487394957983194,-0.7142857142857143,-0.19047619047619047,-0.8319327731092437,-0.1876750700280112,-0.9299719887955182,-0.08683473389355742,-0.5350140056022409,-0.10084033613445378,-0.7507002801120448,-0.11204481792717087,-0.8851540616246498,-0.11484593837535013,-1.0,0.0,-0.5182072829131653,-0.014005602240896359,-0.7226890756302521,-0.022408963585434174,-0.8487394957983193,-0.03081232492997199,-0.9551820728291317,0.0896358543417367,-0.4677871148459384,0.0784313725490196,-0.6302521008403361,0.06722689075630252,-0.7310924369747899,0.05322128851540616,-0.8179271708683473
5,0.0,0.0,-0.1694915254237288,-0.10734463276836158,-0.2542372881355932,-0.3050847457627119,-0.2542372881355932,-0.4689265536723164,-0.2655367231638418,-0.596045197740113,-0.15254237288135594,-0.5225988700564972,-0.15254237288135594,-0.7146892655367232,-0.1497175141242938,-0.8333333333333334,-0.1440677966101695,-0.9350282485875706,-0.062146892655367235,-0.5423728813559322,-0.07062146892655367,-0.7542372881355932,-0.07062146892655367,-0.8870056497175142,-0.06779661016949153,-1.0,0.022598870056497175,-0.5225988700564972,0.01694915254237288,-0.7231638418079096,0.011299435028248588,-0.8502824858757062,0.00847457627118644,-0.9576271186440678,0.11581920903954802,-0.4717514124293785,0.10734463276836158,-0.6271186440677966,0.096045197740113,-0.7259887005649718,0.08192090395480225,-0.8135593220338984
5,0.0,0.0,-0.17008797653958943,-0.11730205278592376,-0.25806451612903225,-0.31085043988269795,-0.2668621700879765,-0.47214076246334313,-0.2668621700879765,-0.592375366568915,-0.15835777126099707,-0.5249266862170088,-0.16715542521994134,-0.718475073313783,-0.16422287390029325,-0.8328445747800587,-0.15835777126099707,-0.9325513196480938,-0.06744868035190615,-0.5425219941348973,-0.07624633431085044,-0.7565982404692082,-0.08211143695014662,-0.8856304985337243,-0.08504398826979472,-1.0,0.020527859237536656,-0.5278592375366569,0.017595307917888565,-0.7302052785923754,0.011730205278592375,-0.8504398826979472,0.002932551319648094,-0.9530791788856305,0.11143695014662756,-0.4809384164222874,0.10557184750733138,-0.6304985337243402,0.093841642228739,-0.7302052785923754,0.08211143695014662,-0.8152492668621701
5,0.0,0.0,-0.17522658610271905,-0.11178247734138973,-0.2719033232628399,-0.3021148036253776,-0.283987915407855,-0.4622356495468278,-0.28700906344410876,-0.5830815709969789,-0.1782477341389728,-0.5196374622356495,-0.1903323262839879,-0.7129909365558912,-0.18731117824773413,-0.8277945619335347,-0.18126888217522658,-0.9274924471299094,-0.08459214501510574,-0.5377643504531722,-0.09969788519637462,-0.7522658610271903,-0.10574018126888217,-0.8851963746223565,-0.10876132930513595,-1.0,0.0030211480362537764,-0.5226586102719033,-0.0030211480362537764,-0.7250755287009063,-0.012084592145015106,-0.8459214501510574,-0.021148036253776436,-0.9516616314199395,0.09667673716012085,-0.4773413897280967,0.08761329305135952,-0.6314199395770392,0.0755287009063444,-0.7311178247734139,0.06042296072507553,-0.8157099697885196
5,0.0,0.0,-0.18098159509202455,-0.10122699386503067,-0.2791411042944785,-0.3006134969325153,-0.2822085889570552,-0.46319018404907975,-0.294478527607362,-0.588957055214724,-0.18711656441717792,-0.5245398773006135,-0.19631901840490798,-0.7147239263803681,-0.19325153374233128,-0.8343558282208589,-0.1901840490797546,-0.9355828220858896,-0.0950920245398773,-0.5429447852760736,-0.11042944785276074,-0.754601226993865,-0.1196319018404908,-0.8865030674846626,-0.12576687116564417,-1.0,-0.006134969325153374,-0.5276073619631901,-0.02147239263803681,-0.7300613496932515,-0.03067484662576687,-0.852760736196319,-0.04294478527607362,-0.9539877300613497,0.08588957055214724,-0.4815950920245399,0.0736196319018405,-0.6349693251533742,0.05521472392638037,-0.7331288343558282,0.03680981595092025,-0.8159509202453987
5,0.0,0.0,-0.18412698412698414,-0.09841269841269841,-0.28253968253968254,-0.29523809523809524,-0.2920634920634921,-0.45714285714285713,-0.30158730158730157,-0.5841269841269842,-0.19365079365079366,-0.5174603174603175,-0.20634920634920634,-0.7111111111111111,-0.20317460317460317,-0.8285714285714286,-0.19682539682539682,-0.9301587301587302,-0.10158730158730159,-0.5428571428571428,-0.11746031746031746,-0.7587301587301587,-0.12698412698412698,-0.8888888888888888,-0.13015873015873017,-1.0,-0.012698412698412698,-0.5301587301587302,-0.025396825396825397,-0.7333333333333333,-0.03492063492063492,-0.8571428571428571,-0.047619047619047616,-0.9619047619047619,0.07936507936507936,-0.4857142857142857,0.06984126984126984,-0.6412698412698413,0.050793650793650794,-0.7396825396825397,0.03492063492063492,-0.8222222222222222
5,0.0,0.0,-0.19155844155844157,-0.08766233766233766,-0.30844155844155846,-0.275974025974026,-0.33116883116883117,-0.44155844155844154,-0.3474025974025974,-0.564935064935065,-0.2305194805194805,-0.5097402597402597,-0.262987012987013,-0.711038961038961,-0.2662337662337662,-0.8311688311688312,-0.262987012987013,-0.9318181818181818,-0.1396103896103896,-0.538961038961039,-0.17207792207792208,-0.7564935064935064,-0.18831168831168832,-0.8896103896103896,-0.19480519480519481,-1.0,-0.048701298701298704,-0.5292207792207793,-0.07467532467532467,-0.737012987012987,-0.09090909090909091,-0.8603896103896104,-0.1038961038961039,-0.961038961038961,0.048701298701298704,-0.4902597402597403,0.025974025974025976,-0.6428571428571429,0.003246753246753247,-0.737012987012987,-0.012987012987012988,-0.8181818181818182
5,0.0,0.0,-0.19601328903654486,-0.07641196013289037,-0.3222591362126246,-0.26245847176079734,-0.3488372093023256,-0.4318936877076412,-0.36212624584717606,-0.5581395348837209,-0.2425249169435216,-0.5083056478405316,-0.27906976744186046,-0.7043189368770764,-0.292358803986711,-0.8239202657807309,-0.2956810631229236,-0.9235880398671097,-0.15282392026578073,-0.5382059800664452,-0.1893687707641196,-0.7574750830564784,-0.21262458471760798,-0.8903654485049833,-0.22591362126245848,-1.0,-0.059800664451827246,-0.5348837209302325,-0.08970099667774087,-0.7441860465116279,-0.11295681063122924,-0.867109634551495,-0.132890365448505,-0.9667774086378738,0.04318936877076412,-0.4983388704318937,0.019933554817275746,-0.654485049833887,-0.0033222591362126247,-0.7475083056478405,-0.026578073089700997,-0.8305647840531561
5,0.0,0.0,-0.1858974358974359,-0.07371794871794872,-0.3076923076923077,-0.2532051282051282,-0.3333333333333333,-0.4198717948717949,-0.34294871794871795,-0.5480769230769231,-0.23717948717948717,-0.5096153846153846,-0.266025641025641,-0.7083333333333334,-0.27564102564102566,-0.8269230769230769,-0.28205128205128205,-0.9262820512820513,-0.14423076923076922,-0.5352564102564102,-0.1794871794871795,-0.7532051282051282,-0.20192307692307693,-0.8878205128205128,-0.21794871794871795,-1.0,-0.04807692307692308,-0.5288461538461539,-0.07692307692307693,-0.7371794871794872,-0.09935897435897435,-0.8589743589743589,-0.12179487179487179,-0.9615384615384616,0.05448717948717949,-0.48717948717948717,0.028846153846153848,-0.6442307692307693,0.003205128205128205,-0.7403846153846154,-0.022435897435897436,-0.8205128205128205
5,0.0,0.0,-0.18208092485549132,-0.05202312138728324,-0.31213872832369943,-0.22254335260115607,-0.34971098265895956,-0.38439306358381503,-0.3699421965317919,-0.5115606936416185,-0.2398843930635838,-0.47398843930635837,-0.2745664739884393,-0.6820809248554913,-0.29190751445086704,-0.8092485549132948,-0.30346820809248554,-0.9132947976878613,-0.1416184971098266,-0.5057803468208093,-0.18208092485549132,-0.7341040462427746,-0.21098265895953758,-0.8815028901734104,-0.23410404624277456,-1.0,-0.046242774566473986,-0.5,-0.08092485549132948,-0.7196531791907514,-0.10982658959537572,-0.8497109826589595,-0.1329479768786127,-0.9566473988439307,0.05491329479768786,-0.4624277456647399,0.028901734104046242,-0.6329479768786127,0.002890173410404624,-0.7369942196531792,-0.023121387283236993,-0.8236994219653179
5,0.0,0.0,-0.19642857142857142,-0.04591836734693878,-0.3163265306122449,-0.22448979591836735,-0.3392857142857143,-0.39285714285714285,-0.35459183673469385,-0.5255102040816326,-0.23469387755102042,-0.4642857142857143,-0.2627551020408163,-0.6709183673469388,-0.2755102040816326,-0.8010204081632653,-0.28061224489795916,-0.9056122448979592,-0.1377551020408163,-0.49744897959183676,-0.17091836734693877,-0.7295918367346939,-0.18622448979591838,-0.8826530612244898,-0.19642857142857142,-1.0,-0.03826530612244898,-0.4923469387755102,-0.07397959183673469,-0.7040816326530612,-0.09438775510204081,-0.8367346938775511,-0.11224489795918367,-0.9438775510204082,0.06377551020408163,-0.45153061224489793,0.03826530612244898,-0.6147959183673469,0.012755102040816327,-0.7142857142857143,-0.012755102040816327,-0.8010204081632653
5,0.0,0.0,-0.19607843137254902,-0.0661764705882353,-0.3137254901960784,-0.2549019607843137,-0.3333333333333333,-0.42892156862745096,-0.35049019607843135,-0.5661764705882353,-0.23039215686274508,-0.4950980392156863,-0.25735294117647056,-0.7034313725490197,-0.26715686274509803,-0.8308823529411765,-0.27450980392156865,-0.9338235294117647,-0.1323529411764706,-0.5269607843137255,-0.16666666666666666,-0.7524509803921569,-0.18627450980392157,-0.8897058823529411,-0.2034313725490196,-1.0,-0.03676470588235294,-0.5171568627450981,-0.0661764705882353,-0.7303921568627451,-0.0857843137254902,-0.8602941176470589,-0.10294117647058823,-0.9681372549019608,0.0661764705882353,-0.47549019607843135,0.04411764705882353,-0.6397058823529411,0.0196078431372549,-0.7426470588235294,-0.004901960784313725,-0.8308823529411765
5,0.0,0.0,-0.18663594470046083,-0.07834101382488479,-0.2880184331797235,-0.2695852534562212,-0.3064516129032258,-0.4400921658986175,-0.3248847926267281,-0.5737327188940092,-0.20046082949308755,-0.5,-0.22119815668202766,-0.7027649769585254,-0.23271889400921658,-0.8294930875576036,-0.23963133640552994,-0.9354838709677419,-0.10368663594470046,-0.5276497695852534,-0.1313364055299539,-0.7488479262672811,-0.1497695852534562,-0.8870967741935484,-0.16359447004608296,-1.0,-0.0069124423963133645,-0.5184331797235023,-0.03225806451612903,-0.728110599078341,-0.052995391705069124,-0.8571428571428571,-0.06912442396313365,-0.967741935483871,0.09216589861751152,-0.47465437788018433,0.07142857142857142,-0.6382488479262672,0.05069124423963134,-0.7419354838709677,0.027649769585253458,-0.8317972350230415
5,0.0,0.0,-0.1873589164785553,-0.08577878103837472,-0.2979683972911964,-0.27313769751693,-0.31376975169300225,-0.44469525959367945,-0.327313769751693,-0.5846501128668171,-0.2144469525959368,-0.5033860045146726,-0.23927765237020315,-0.7020316027088036,-0.2505643340857788,-0.8261851015801355,-0.2595936794582393,-0.9322799097065463,-0.11738148984198646,-0.5327313769751693,-0.1489841986455982,-0.7516930022573364,-0.16930022573363432,-0.8893905191873589,-0.18284424379232506,-1.0,-0.022573363431151242,-0.5214446952595937,-0.04966139954853273,-0.7313769751693002,-0.0654627539503386,-0.8577878103837472,-0.08126410835214447,-0.963882618510158,0.07674943566591422,-0.4762979683972912,0.056433408577878104,-0.6343115124153499,0.03611738148984198,-0.7358916478555305,0.013544018058690745,-0.8239277652370203
5,0.0,0.0,-0.1870824053452116,-0.08685968819599109,-0.29398663697104677,-0.27616926503340755,-0.311804008908686,-0.44766146993318484,-0.3273942093541203,-0.579064587973274,-0.2071269487750557,-0.5077951002227171,-0.23162583518930957,-0.7104677060133631,-0.24276169265033407,-0.8374164810690423,-0.24944320712694878,-0.9420935412026726,-0.111358574610245,-0.534521158129176,-0.14253897550111358,-0.755011135857461,-0.1603563474387528,-0.89086859688196,-0.17371937639198218,-1.0,-0.0200445434298441,-0.5256124721603563,-0.044543429844097995,-0.732739420935412,-0.062360801781737196,-0.8574610244988864,-0.0779510022271715,-0.9621380846325167,0.0779510022271715,-0.48329621380846327,0.062360801781737196,-0.643652561247216,0.042316258351893093,-0.7461024498886414,0.022271714922048998,-0.8351893095768375
5,0.0,0.0,-0.18398268398268397,-0.08441558441558442,-0.2922077922077922,-0.2748917748917749,-0.30735930735930733,-0.44805194805194803,-0.3203463203463203,-0.5844155844155844,-0.21428571428571427,-0.5064935064935064,-0.23376623376623376,-0.7077922077922078,-0.24675324675324675,-0.8333333333333334,-0.2532467532467532,-0.9372294372294372,-0.11688311688311688,-0.5367965367965368,-0.14502164502164502,-0.7532467532467533,-0.1645021645021645,-0.8874458874458875,-0.1774891774891775,-1.0,-0.023809523809523808,-0.525974025974026,-0.049783549783549784,-0.7316017316017316,-0.06277056277056277,-0.854978354978355,-0.07575757575757576,-0.9588744588744589,0.07575757575757576,-0.47835497835497837,0.05627705627705628,-0.6341991341991342,0.0367965367965368,-0.7337662337662337,0.017316017316017316,-0.8203463203463204
